-3.752171758977029814e-01 -3.752171758977011495e-01 -3.386370540673706575e-01 -3.386370540673689922e-01 -3.356000383754900729e-01 -3.356000383754892957e-01 -3.305477091687137881e-01 -3.305477091687131219e-01 -3.259008032250850229e-01 -3.259008032250848008e-01 -3.234949912243889059e-01 -3.234949912243879067e-01 -3.144646933011617795e-01 -3.144646933011612244e-01 -3.034898276050311816e-01 -3.034898276050304600e-01 -2.906172982060142296e-01 -2.906172982060133414e-01 -2.796510546983647649e-01 -2.796510546983622114e-01 -2.759137652381387640e-01 -2.759137652381366546e-01 -2.594751179886222170e-01 -2.594751179886217174e-01 -2.414421614261294813e-01 -2.414421614261265392e-01 -2.369292262076367894e-01 -2.369292262076367617e-01 -2.220273678150176677e-01 -2.220273678150175845e-01 -2.015618902319897265e-01 -2.015618902319879502e-01 -1.984824866900507800e-01 -1.984824866900502527e-01 -1.805801544982392204e-01 -1.805801544982389151e-01 -1.655313352871047583e-01 -1.655313352871044252e-01 -1.599721885156057954e-01 -1.599721885156055734e-01 -1.412405989167847264e-01 -1.412405989167840881e-01 -1.399743266827429833e-01 -1.399743266827420951e-01 -1.268282876688955896e-01 -1.268282876688946181e-01 -1.242518906216658753e-01 -1.242518906216636271e-01 -1.201250656770842806e-01 -1.201250656770832120e-01 1.201250656770843361e-01 1.201250656770850717e-01 1.242518906216640712e-01 1.242518906216645846e-01 1.268282876688945904e-01 1.268282876688954508e-01 1.399743266827416510e-01 1.399743266827422616e-01 1.412405989167830334e-01 1.412405989167847264e-01 1.599721885156044354e-01 1.599721885156059620e-01 1.655313352871032040e-01 1.655313352871055355e-01 1.805801544982379991e-01 1.805801544982397755e-01 1.984824866900488927e-01 1.984824866900494478e-01 2.015618902319897821e-01 2.015618902319906702e-01 2.220273678150179453e-01 2.220273678150213870e-01 2.369292262076383437e-01 2.369292262076399258e-01 2.414421614261243187e-01 2.414421614261274274e-01 2.594751179886208292e-01 2.594751179886218284e-01 2.759137652381364325e-01 2.759137652381384864e-01 2.796510546983634327e-01 2.796510546983646539e-01 2.906172982060128418e-01 2.906172982060148402e-01 3.034898276050299049e-01 3.034898276050300159e-01 3.144646933011602807e-01 3.144646933011638890e-01 3.234949912243900161e-01 3.234949912243906822e-01 3.259008032250839126e-01 3.259008032250854114e-01 3.305477091687130109e-01 3.305477091687136770e-01 3.356000383754879635e-01 3.356000383754904615e-01 3.386370540673676599e-01 3.386370540673680485e-01 3.752171758977020932e-01 3.752171758977033145e-01
-3.752713705437901170e-01 -3.751793476936420846e-01 -3.388693506098600094e-01 -3.388669793181280365e-01 -3.358906543940365919e-01 -3.358830176163363213e-01 -3.310394929305616740e-01 -3.310156137490184447e-01 -3.259579753687579240e-01 -3.258655378303291772e-01 -3.254130077591498305e-01 -3.220258449897404063e-01 -3.143124344370131218e-01 -3.138193422836366153e-01 -3.034308530442699214e-01 -3.031961927666306233e-01 -2.905981160132001251e-01 -2.904282059053359677e-01 -2.797145337030938483e-01 -2.796215197589815293e-01 -2.759157503307397286e-01 -2.757733929937349338e-01 -2.594923939001690938e-01 -2.593645176877354408e-01 -2.414720553846379514e-01 -2.413527482413281300e-01 -2.370091773818742142e-01 -2.369149696375441871e-01 -2.220718576898462471e-01 -2.219575773093661053e-01 -2.017983420405538852e-01 -2.016895883955434066e-01 -1.984544062413175214e-01 -1.983553065473682431e-01 -1.805450073104140352e-01 -1.804522634258550751e-01 -1.654792152035596264e-01 -1.653912702228376996e-01 -1.599536233691240261e-01 -1.598554349710309130e-01 -1.412366346134224515e-01 -1.411384604700135492e-01 -1.399688956092217385e-01 -1.398785679297462892e-01 -1.268251196965237415e-01 -1.267271555693140761e-01 -1.242574095315352595e-01 -1.241694389250029840e-01 -1.200805128598315119e-01 -1.199888104159636260e-01 1.199888104159643060e-01 1.200805128598312066e-01 1.241694389250030117e-01 1.242574095315358423e-01 1.267271555693116059e-01 1.268251196965241578e-01 1.398785679297471218e-01 1.399688956092224601e-01 1.411384604700125778e-01 1.412366346134228123e-01 1.598554349710317180e-01 1.599536233691229992e-01 1.653912702228365339e-01 1.654792152035580721e-01 1.804522634258556024e-01 1.805450073104114261e-01 1.983553065473684374e-01 1.984544062413159393e-01 2.016895883955430180e-01 2.017983420405533856e-01 2.219575773093653281e-01 2.220718576898465246e-01 2.369149696375457692e-01 2.370091773818750747e-01 2.413527482413263259e-01 2.414720553846391171e-01 2.593645176877334979e-01 2.594923939001677060e-01 2.757733929937321582e-01 2.759157503307394510e-01 2.796215197589809187e-01 2.797145337030933487e-01 2.904282059053315268e-01 2.905981160131991814e-01 3.031961927666315115e-01 3.034308530442694218e-01 3.138193422836373925e-01 3.143124344370147871e-01 3.220258449897415720e-01 3.254130077591505521e-01 3.258655378303296768e-01 3.259579753687584791e-01 3.310156137490176675e-01 3.310394929305626177e-01 3.358830176163385972e-01 3.358906543940379796e-01 3.388669793181295353e-01 3.388693506098605646e-01 3.751793476936439720e-01 3.752713705437916158e-01
-3.753455641966905731e-01 -3.751533666676953871e-01 -3.395680645859881497e-01 -3.395529825299065663e-01 -3.367968102245225692e-01 -3.366929533498374538e-01 -3.327525080518356493e-01 -3.320715364354849264e-01 -3.270307592615890879e-01 -3.260414160242314785e-01 -3.258469644523544484e-01 -3.215689681989569726e-01 -3.140214594869358833e-01 -3.119952846825524984e-01 -3.032234080016000810e-01 -3.023615038211912021e-01 -2.904780549756752484e-01 -2.899258528347004038e-01 -2.798171990677780774e-01 -2.796197761552623451e-01 -2.758484852842616464e-01 -2.754261103209064698e-01 -2.594667498582863829e-01 -2.591100781608066117e-01 -2.414830058622877418e-01 -2.411635262568960214e-01 -2.371627675844191763e-01 -2.369575048251126026e-01 -2.221274899189673024e-01 -2.218271502138423890e-01 -2.023777842784906245e-01 -2.021212777424035434e-01 -1.983136847997842012e-01 -1.980884153208262999e-01 -1.803362010102972923e-01 -1.801777206278702970e-01 -1.652262988684815581e-01 -1.650739662430607546e-01 -1.598060069779764225e-01 -1.595985758339978078e-01 -1.411359249905193292e-01 -1.409223481378116538e-01 -1.398561130046645506e-01 -1.396878552060357714e-01 -1.267290462354802305e-01 -1.265117638219399321e-01 -1.241715467763631897e-01 -1.240242830791243450e-01 -1.198507213520948328e-01 -1.196777135177007761e-01 1.196777135177014423e-01 1.198507213520939862e-01 1.240242830791236650e-01 1.241715467763620101e-01 1.265117638219388496e-01 1.267290462354790925e-01 1.396878552060354661e-01 1.398561130046645229e-01 1.409223481378105436e-01 1.411359249905208835e-01 1.595985758339987515e-01 1.598060069779759784e-01 1.650739662430600052e-01 1.652262988684788103e-01 1.801777206278724619e-01 1.803362010102981805e-01 1.980884153208245513e-01 1.983136847997820362e-01 2.021212777424029605e-01 2.023777842784891534e-01 2.218271502138408902e-01 2.221274899189659147e-01 2.369575048251118532e-01 2.371627675844178162e-01 2.411635262568952998e-01 2.414830058622872699e-01 2.591100781608073333e-01 2.594667498582858833e-01 2.754261103209064143e-01 2.758484852842608692e-01 2.796197761552629002e-01 2.798171990677780774e-01 2.899258528346988495e-01 2.904780549756751373e-01 3.023615038211911465e-01 3.032234080015996924e-01 3.119952846825529980e-01 3.140214594869354947e-01 3.215689681989575277e-01 3.258469644523544484e-01 3.260414160242315895e-01 3.270307592615893655e-01 3.320715364354838717e-01 3.327525080518338729e-01 3.366929533498373428e-01 3.367968102245209594e-01 3.395529825299042348e-01 3.395680645859860403e-01 3.751533666676957757e-01 3.753455641966905731e-01
-3.754433635892981402e-01 -3.751347662417973683e-01 -3.407440938055246726e-01 -3.406784627082179995e-01 -3.383513362649446243e-01 -3.379679774406756376e-01 -3.353582551274067458e-01 -3.334221098633549096e-01 -3.283094005699729867e-01 -3.261554950339729531e-01 -3.258401792461687596e-01 -3.218991737263814934e-01 -3.139891438755358366e-01 -3.094256174865872566e-01 -3.029820901558524793e-01 -3.009342045614600281e-01 -2.903393886502084742e-01 -2.890421112881778609e-01 -2.799640425617249684e-01 -2.796395755841062924e-01 -2.757708057457258222e-01 -2.748179380812942330e-01 -2.594430546608526567e-01 -2.586685284974462595e-01 -2.415127311006360911e-01 -2.408395669740479306e-01 -2.373970181851560723e-01 -2.370475400794767873e-01 -2.222292055784373666e-01 -2.216060872666698323e-01 -2.032220936410837064e-01 -2.027862923523651439e-01 -1.980900243385712578e-01 -1.977368924904636116e-01 -1.799548957490326728e-01 -1.797711550581448658e-01 -1.647729118403441495e-01 -1.645982588155907589e-01 -1.595372568416718317e-01 -1.591987458487432172e-01 -1.409483882498357432e-01 -1.405875967809659677e-01 -1.396314756056516726e-01 -1.394073625556857265e-01 -1.265518646232174915e-01 -1.261750613528720699e-01 -1.239828510874469436e-01 -1.238271566902231502e-01 -1.194354845749006078e-01 -1.191978932694836152e-01 1.191978932694838789e-01 1.194354845749003718e-01 1.238271566902237469e-01 1.239828510874475681e-01 1.261750613528730414e-01 1.265518646232185462e-01 1.394073625556862261e-01 1.396314756056520612e-01 1.405875967809661065e-01 1.409483882498366036e-01 1.591987458487426899e-01 1.595372568416724146e-01 1.645982588155937287e-01 1.647729118403467585e-01 1.797711550581462536e-01 1.799548957490350043e-01 1.977368924904627789e-01 1.980900243385692039e-01 2.027862923523656435e-01 2.032220936410849832e-01 2.216060872666687220e-01 2.222292055784394205e-01 2.370475400794759824e-01 2.373970181851588201e-01 2.408395669740507061e-01 2.415127311006345368e-01 2.586685284974478138e-01 2.594430546608534893e-01 2.748179380812942330e-01 2.757708057457257667e-01 2.796395755841053488e-01 2.799640425617235251e-01 2.890421112881772503e-01 2.903393886502083077e-01 3.009342045614587513e-01 3.029820901558518687e-01 3.094256174865862574e-01 3.139891438755341713e-01 3.218991737263812158e-01 3.258401792461692592e-01 3.261554950339742298e-01 3.283094005699721540e-01 3.334221098633567415e-01 3.353582551274076340e-01 3.379679774406753601e-01 3.383513362649452350e-01 3.406784627082158345e-01 3.407440938055238400e-01 3.751347662417987006e-01 3.754433635892988064e-01
-3.755684071107326938e-01 -3.751192726956663615e-01 -3.423812892061327551e-01 -3.422510497851131150e-01 -3.404314188779662409e-01 -3.398490249845479427e-01 -3.381435316709207606e-01 -3.349174214864575894e-01 -3.295555625626216401e-01 -3.263046085140463570e-01 -3.258403114720604954e-01 -3.226673613864540768e-01 -3.143331999542168242e-01 -3.068931242938376935e-01 -3.025025781339641950e-01 -2.990691935921733213e-01 -2.901979032592642005e-01 -2.877835810256427207e-01 -2.801600231626769077e-01 -2.796746538875602428e-01 -2.757156824216936419e-01 -2.739266623876764339e-01 -2.594526610781894282e-01 -2.580130255237648718e-01 -2.415915077272376976e-01 -2.403585191388544484e-01 -2.377172310821921986e-01 -2.371742537555860120e-01 -2.224065822615416688e-01 -2.212753958404247157e-01 -2.042506394410627257e-01 -2.036420600040359519e-01 -1.977665568270673413e-01 -1.973447265201108969e-01 -1.794143624177996499e-01 -1.792396054157805729e-01 -1.641289371599627678e-01 -1.639843613444701698e-01 -1.591566212720175455e-01 -1.586549751441824474e-01 -1.406834077875718514e-01 -1.401348182322114111e-01 -1.392931625299718146e-01 -1.390390452698784252e-01 -1.263044952006666943e-01 -1.257140760198690588e-01 -1.236843534582256349e-01 -1.235826324712249041e-01 -1.188403152321721029e-01 -1.185553191330419032e-01 1.185553191330430273e-01 1.188403152321710482e-01 1.235826324712262225e-01 1.236843534582265647e-01 1.257140760198690588e-01 1.263044952006686650e-01 1.390390452698784252e-01 1.392931625299718701e-01 1.401348182322124103e-01 1.406834077875727673e-01 1.586549751441814204e-01 1.591566212720161855e-01 1.639843613444720849e-01 1.641289371599633229e-01 1.792396054157814334e-01 1.794143624177984009e-01 1.973447265201098977e-01 1.977665568270661756e-01 2.036420600040342865e-01 2.042506394410608106e-01 2.212753958404258259e-01 2.224065822615420573e-01 2.371742537555869557e-01 2.377172310821897283e-01 2.403585191388530051e-01 2.415915077272395572e-01 2.580130255237663151e-01 2.594526610781902609e-01 2.739266623876752682e-01 2.757156824216962510e-01 2.796746538875588550e-01 2.801600231626757975e-01 2.877835810256436644e-01 2.901979032592646446e-01 2.990691935921722666e-01 3.025025781339643061e-01 3.068931242938365833e-01 3.143331999542174349e-01 3.226673613864544099e-01 3.258403114720616056e-01 3.263046085140469676e-01 3.295555625626220841e-01 3.349174214864570898e-01 3.381435316709210936e-01 3.398490249845454447e-01 3.404314188779672401e-01 3.422510497851113942e-01 3.423812892061315893e-01 3.751192726956671941e-01 3.755684071107341371e-01
-3.757242581759331901e-01 -3.751027901749555138e-01 -3.444375528590659652e-01 -3.443194122766151666e-01 -3.427939771792395396e-01 -3.426702976569273029e-01 -3.404458846959240170e-01 -3.365377619399780862e-01 -3.309215750657666932e-01 -3.264931334048016276e-01 -3.258427800680169240e-01 -3.237184594848967478e-01 -3.150251195355988076e-01 -3.056243614516399032e-01 -3.008327643008013030e-01 -2.971173517274085518e-01 -2.899161402906162976e-01 -2.862550865233091657e-01 -2.804100632802997151e-01 -2.797181983830507312e-01 -2.756641846580016875e-01 -2.727788535908687861e-01 -2.595010124239972016e-01 -2.571439126325102409e-01 -2.417353488962146746e-01 -2.397237619900655370e-01 -2.381258891468731875e-01 -2.373196418930820506e-01 -2.226781711792937268e-01 -2.208357410686528632e-01 -2.053876263565161953e-01 -2.046601558459570924e-01 -1.973031807142145433e-01 -1.969362871668713932e-01 -1.787358188319811692e-01 -1.785811962594548996e-01 -1.633123717384996065e-01 -1.632520353912083888e-01 -1.586741910317945037e-01 -1.579680307125207461e-01 -1.403491363353833454e-01 -1.395739035195784905e-01 -1.388424134308609004e-01 -1.385774100186078495e-01 -1.259960261646453084e-01 -1.251316725407414232e-01 -1.232877115094626469e-01 -1.232736418125401079e-01 -1.180758410187544433e-01 -1.177563246751506115e-01 1.177563246751508474e-01 1.180758410187549429e-01 1.232736418125401912e-01 1.232877115094627579e-01 1.251316725407419506e-01 1.259960261646461965e-01 1.385774100186081825e-01 1.388424134308612334e-01 1.395739035195785183e-01 1.403491363353832622e-01 1.579680307125224115e-01 1.586741910317947535e-01 1.632520353912092770e-01 1.633123717385003837e-01 1.785811962594536506e-01 1.787358188319817798e-01 1.969362871668689785e-01 1.973031807142145433e-01 2.046601558459558157e-01 2.053876263565153903e-01 2.208357410686516975e-01 2.226781711792932550e-01 2.373196418930827722e-01 2.381258891468718830e-01 2.397237619900646766e-01 2.417353488962142583e-01 2.571439126325106295e-01 2.595010124239967575e-01 2.727788535908713397e-01 2.756641846580026312e-01 2.797181983830492324e-01 2.804100632802983273e-01 2.862550865233089437e-01 2.899161402906172968e-01 2.971173517274098841e-01 3.008327643008023577e-01 3.056243614516396812e-01 3.150251195356001399e-01 3.237184594848973029e-01 3.258427800680181452e-01 3.264931334048024048e-01 3.309215750657669708e-01 3.365377619399803066e-01 3.404458846959234064e-01 3.426702976569282466e-01 3.427939771792400392e-01 3.443194122766158327e-01 3.444375528590657431e-01 3.751027901749571236e-01 3.757242581759341338e-01
-3.759143307666742428e-01 -3.750814303796923821e-01 -3.469159612043932195e-01 -3.468637399179537173e-01 -3.459951004801086749e-01 -3.452174460221980601e-01 -3.425375491664893746e-01 -3.383034885422497862e-01 -3.324504560057223723e-01 -3.267257278214124594e-01 -3.258432958015440861e-01 -3.249930299022858460e-01 -3.160056674916687514e-01 -3.057951186942280963e-01 -2.978927271235540797e-01 -2.956643028398864281e-01 -2.890728102377880249e-01 -2.846758122855204132e-01 -2.807188194274756188e-01 -2.797614103308076472e-01 -2.755007371426432261e-01 -2.714633899144812124e-01 -2.595486462080194845e-01 -2.560992962748361856e-01 -2.419364420874480504e-01 -2.390025866933449539e-01 -2.386212309871565129e-01 -2.374288557589210313e-01 -2.230436949975900807e-01 -2.203205188965993988e-01 -2.065471938370850857e-01 -2.058112747465759562e-01 -1.966615131168046315e-01 -1.965225913170612626e-01 -1.779430466685796852e-01 -1.777878717016679044e-01 -1.624195675903551406e-01 -1.623464768242256218e-01 -1.581003860430304497e-01 -1.571402674034602376e-01 -1.399524473600629038e-01 -1.389315191790432558e-01 -1.382831898088336953e-01 -1.380018391557936708e-01 -1.256333830481004277e-01 -1.244410692074820191e-01 -1.229290023638791723e-01 -1.227520916011153596e-01 -1.171557874629566010e-01 -1.168082650376628950e-01 1.168082650376632559e-01 1.171557874629568924e-01 1.227520916011147212e-01 1.229290023638795470e-01 1.244410692074842811e-01 1.256333830481028979e-01 1.380018391557936153e-01 1.382831898088344169e-01 1.389315191790435333e-01 1.399524473600630703e-01 1.571402674034592661e-01 1.581003860430302832e-01 1.623464768242265654e-01 1.624195675903559455e-01 1.777878717016697641e-01 1.779430466685816281e-01 1.965225913170610406e-01 1.966615131168040487e-01 2.058112747465773440e-01 2.065471938370853355e-01 2.203205188965984551e-01 2.230436949975899141e-01 2.374288557589228632e-01 2.386212309871560688e-01 2.390025866933446486e-01 2.419364420874476895e-01 2.560992962748346868e-01 2.595486462080212609e-01 2.714633899144804907e-01 2.755007371426441143e-01 2.797614103308068700e-01 2.807188194274757298e-01 2.846758122855214124e-01 2.890728102377881914e-01 2.956643028398854844e-01 2.978927271235544127e-01 3.057951186942282629e-01 3.160056674916675301e-01 3.249930299022841251e-01 3.258432958015439196e-01 3.267257278214127370e-01 3.324504560057209290e-01 3.383034885422482874e-01 3.425375491664898742e-01 3.452174460222002250e-01 3.459951004801093966e-01 3.468637399179544945e-01 3.469159612043940522e-01 3.750814303796918825e-01 3.759143307666739098e-01
-3.761418171167233981e-01 -3.750515595909942879e-01 -3.499000709752930205e-01 -3.497808512926997571e-01 -3.492604212094457261e-01 -3.476976322168878752e-01 -3.447182247184436554e-01 -3.402271540086188040e-01 -3.341486579146483171e-01 -3.270131491857037886e-01 -3.264557628810570433e-01 -3.258379542300289811e-01 -3.172261957824804024e-01 -3.065922639519772508e-01 -2.952358310642616557e-01 -2.945208891905504167e-01 -2.872415618674962201e-01 -2.834014575570433792e-01 -2.810901993134880539e-01 -2.797930236680802318e-01 -2.749609195486181212e-01 -2.701464079368070537e-01 -2.594834508599723755e-01 -2.549658272096260725e-01 -2.421512451498222807e-01 -2.391939294470960542e-01 -2.384849589734352182e-01 -2.372609648125527104e-01 -2.234736034192132403e-01 -2.198149732857299921e-01 -2.076110247032083300e-01 -2.070605084700719856e-01 -1.961056808369436577e-01 -1.958162994424018921e-01 -1.770582752595515341e-01 -1.768498968374398739e-01 -1.615033807499691443e-01 -1.612566161421254973e-01 -1.574454518987594698e-01 -1.561755014038329614e-01 -1.394992446354763604e-01 -1.382542649489879316e-01 -1.376214258223297238e-01 -1.372733075897171195e-01 -1.252215154740510539e-01 -1.236793701262387940e-01 -1.224708240536812043e-01 -1.221238014545716899e-01 -1.160949334389286963e-01 -1.157198603226546885e-01 1.157198603226552297e-01 1.160949334389304449e-01 1.221238014545716344e-01 1.224708240536809822e-01 1.236793701262390577e-01 1.252215154740513314e-01 1.372733075897171195e-01 1.376214258223306952e-01 1.382542649489883757e-01 1.394992446354774429e-01 1.561755014038320455e-01 1.574454518987598861e-01 1.612566161421254418e-01 1.615033807499692275e-01 1.768498968374409563e-01 1.770582752595518117e-01 1.958162994424013925e-01 1.961056808369442406e-01 2.070605084700729293e-01 2.076110247032101619e-01 2.198149732857286598e-01 2.234736034192122967e-01 2.372609648125522108e-01 2.384849589734378550e-01 2.391939294470958322e-01 2.421512451498226137e-01 2.549658272096242961e-01 2.594834508599745959e-01 2.701464079368051663e-01 2.749609195486195645e-01 2.797930236680804539e-01 2.810901993134886645e-01 2.834014575570439343e-01 2.872415618674951099e-01 2.945208891905501947e-01 2.952358310642630435e-01 3.065922639519746973e-01 3.172261957824830114e-01 3.258379542300298692e-01 3.264557628810594858e-01 3.270131491857047878e-01 3.341486579146464853e-01 3.402271540086192481e-01 3.447182247184434889e-01 3.476976322168887079e-01 3.492604212094453930e-01 3.497808512926995905e-01 3.499000709752961291e-01 3.750515595909920674e-01 3.761418171167214552e-01
-3.764096113906296170e-01 -3.750098585382108940e-01 -3.532671628428297184e-01 -3.531034814950035350e-01 -3.522291201033538877e-01 -3.502982596980440677e-01 -3.470425558307353442e-01 -3.423086201507389292e-01 -3.360106536517253328e-01 -3.281299644613393518e-01 -3.273165886957606352e-01 -3.258233624033633480e-01 -3.186519616427497259e-01 -3.077210198064437296e-01 -2.956767062576962646e-01 -2.910227494077069488e-01 -2.846345091456231047e-01 -2.828016719658300038e-01 -2.815255184359239382e-01 -2.798115141872422607e-01 -2.737233874007129475e-01 -2.690805175269244676e-01 -2.590991790701202002e-01 -2.538913515397810960e-01 -2.422947080307928103e-01 -2.398139436091836774e-01 -2.385003059501395739e-01 -2.365844019754315131e-01 -2.238952098762790333e-01 -2.194766576896639010e-01 -2.084041312004255297e-01 -2.083670468188835723e-01 -1.956807028720280173e-01 -1.947574171773027163e-01 -1.761000074295256124e-01 -1.757599174467018854e-01 -1.605180861977437978e-01 -1.600677300592000807e-01 -1.567189757561584795e-01 -1.550789008323044393e-01 -1.389947020343249573e-01 -1.375809551000975461e-01 -1.368643273307945107e-01 -1.363620392967790917e-01 -1.247637785994952092e-01 -1.229330165933424646e-01 -1.218305811201246258e-01 -1.213946639867262006e-01 -1.149078019144869761e-01 -1.145011318305782094e-01 1.145011318305788339e-01 1.149078019144870316e-01 1.213946639867282962e-01 1.218305811201259858e-01 1.229330165933428670e-01 1.247637785994957088e-01 1.363620392967795913e-01 1.368643273307945385e-01 1.375809551000984066e-01 1.389947020343262341e-01 1.550789008323036899e-01 1.567189757561590069e-01 1.600677300591993868e-01 1.605180861977456019e-01 1.757599174467018854e-01 1.761000074295246409e-01 1.947574171773020779e-01 1.956807028720274344e-01 2.083670468188829061e-01 2.084041312004245861e-01 2.194766576896652333e-01 2.238952098762801157e-01 2.365844019754319572e-01 2.385003059501403788e-01 2.398139436091831223e-01 2.422947080307936152e-01 2.538913515397802634e-01 2.590991790701214770e-01 2.690805175269234684e-01 2.737233874007119483e-01 2.798115141872398737e-01 2.815255184359242713e-01 2.828016719658293376e-01 2.846345091456217169e-01 2.910227494077050059e-01 2.956767062576955984e-01 3.077210198064433966e-01 3.186519616427487267e-01 3.258233624033632370e-01 3.273165886957615789e-01 3.281299644613398514e-01 3.360106536517282194e-01 3.423086201507374859e-01 3.470425558307371761e-01 3.502982596980460106e-01 3.522291201033552754e-01 3.531034814950029244e-01 3.532671628428301069e-01 3.750098585382105609e-01 3.764096113906291730e-01
-3.767202277618981188e-01 -3.749533940705252477e-01 -3.568813142806209759e-01 -3.564359276010801714e-01 -3.552617531979901933e-01 -3.530336307135067409e-01 -3.495115830667555046e-01 -3.445399781109306780e-01 -3.380264964734199795e-01 -3.299361664813518780e-01 -3.277028189039476458e-01 -3.257968535547929312e-01 -3.202575408950222302e-01 -3.090871955650816294e-01 -2.966261292229917523e-01 -2.875571965610773106e-01 -2.828700044745752762e-01 -2.820987220023511988e-01 -2.815761752900839410e-01 -2.798349135265763565e-01 -2.717434118629766804e-01 -2.685326645704866899e-01 -2.581587123746525436e-01 -2.530855171235814050e-01 -2.423023369198830101e-01 -2.403625040432890436e-01 -2.387726629242133136e-01 -2.358352332375259763e-01 -2.241787589859352559e-01 -2.195191926545796701e-01 -2.096831925538725494e-01 -2.087064181325419543e-01 -1.952372035566823094e-01 -1.934875402240197606e-01 -1.750823258957124595e-01 -1.745154028278269043e-01 -1.594768012151137337e-01 -1.588028938198070006e-01 -1.559293700400130045e-01 -1.538568948921897328e-01 -1.384432651745819975e-01 -1.369130652021490202e-01 -1.360199057703131154e-01 -1.352770683072045677e-01 -1.242622348500649482e-01 -1.222896235842563656e-01 -1.209270004131416387e-01 -1.205717406431959654e-01 -1.136080635843725317e-01 -1.131630548428240179e-01 1.131630548428264743e-01 1.136080635843730174e-01 1.205717406431963956e-01 1.209270004131421661e-01 1.222896235842568236e-01 1.242622348500651425e-01 1.352770683072054836e-01 1.360199057703151970e-01 1.369130652021501859e-01 1.384432651745831078e-01 1.538568948921890389e-01 1.559293700400128935e-01 1.588028938198082496e-01 1.594768012151147329e-01 1.745154028278272651e-01 1.750823258957124873e-01 1.934875402240189834e-01 1.952372035566813380e-01 2.087064181325394840e-01 2.096831925538730490e-01 2.195191926545800865e-01 2.241787589859355057e-01 2.358352332375264482e-01 2.387726629242130638e-01 2.403625040432890436e-01 2.423023369198816501e-01 2.530855171235801282e-01 2.581587123746511558e-01 2.685326645704858017e-01 2.717434118629748485e-01 2.798349135265745247e-01 2.815761752900837744e-01 2.820987220023506992e-01 2.828700044745736109e-01 2.875571965610779768e-01 2.966261292229914193e-01 3.090871955650815184e-01 3.202575408950218971e-01 3.257968535547909883e-01 3.277028189039466466e-01 3.299361664813500461e-01 3.380264964734183697e-01 3.445399781109313997e-01 3.495115830667546719e-01 3.530336307135067964e-01 3.552617531979902488e-01 3.564359276010753419e-01 3.568813142806192551e-01 3.749533940705243040e-01 3.767202277618972306e-01
-3.770757131355655933e-01 -3.748797024332289896e-01 -3.605318288753573963e-01 -3.598518786642203038e-01 -3.583988359231838339e-01 -3.558929607528247274e-01 -3.521138624057374433e-01 -3.469096185946858868e-01 -3.401845427286745438e-01 -3.318955797355969684e-01 -3.281388048811010871e-01 -3.257570621348926387e-01 -3.220226113140230439e-01 -3.106462233953007912e-01 -2.978927812682208853e-01 -2.850094208174078214e-01 -2.826294294187345346e-01 -2.825473056999144861e-01 -2.798673719288283235e-01 -2.784837710383100129e-01 -2.692566800215159262e-01 -2.685824236488166816e-01 -2.565816630514832219e-01 -2.527563703817261032e-01 -2.424533472759510810e-01 -2.403685882218227765e-01 -2.391545174626636128e-01 -2.353744021544659504e-01 -2.241486949834526343e-01 -2.200947399708114149e-01 -2.109499566321587360e-01 -2.083647370840540636e-01 -1.947602681271457248e-01 -1.920184568354749155e-01 -1.740149988314462770e-01 -1.731193655759283578e-01 -1.583915636814948180e-01 -1.574830532840692521e-01 -1.550831480443244093e-01 -1.525171391053721515e-01 -1.378484935233722508e-01 -1.362365494479108041e-01 -1.350966666076404699e-01 -1.340445144770217312e-01 -1.237177644384730851e-01 -1.217190972378754954e-01 -1.197986739042487397e-01 -1.196628812069677888e-01 -1.122083556154908623e-01 -1.117171051726050107e-01 1.117171051726046915e-01 1.122083556154916673e-01 1.196628812069665954e-01 1.197986739042479487e-01 1.217190972378764391e-01 1.237177644384740705e-01 1.340445144770225916e-01 1.350966666076409417e-01 1.362365494479107209e-01 1.378484935233718900e-01 1.525171391053705139e-01 1.550831480443241317e-01 1.574830532840671149e-01 1.583915636814953176e-01 1.731193655759277472e-01 1.740149988314466933e-01 1.920184568354765531e-01 1.947602681271456693e-01 2.083647370840551183e-01 2.109499566321567099e-01 2.200947399708127472e-01 2.241486949834505804e-01 2.353744021544650067e-01 2.391545174626643622e-01 2.403685882218229430e-01 2.424533472759514419e-01 2.527563703817249374e-01 2.565816630514827779e-01 2.685824236488177363e-01 2.692566800215162592e-01 2.784837710383114562e-01 2.798673719288282125e-01 2.825473056999155963e-01 2.826294294187333134e-01 2.850094208174080435e-01 2.978927812682172216e-01 3.106462233952997920e-01 3.220226113140242097e-01 3.257570621348921946e-01 3.281388048810988667e-01 3.318955797355967463e-01 3.401845427286742107e-01 3.469096185946849986e-01 3.521138624057388311e-01 3.558929607528263372e-01 3.583988359231842225e-01 3.598518786642219136e-01 3.605318288753585065e-01 3.748797024332309324e-01 3.770757131355688130e-01
-3.774775558389095176e-01 -3.747868842980417448e-01 -3.642006854318159403e-01 -3.633254946777002559e-01 -3.616234535336690925e-01 -3.588595403138049589e-01 -3.548348399803653574e-01 -3.494046055485502400e-01 -3.424726723526131389e-01 -3.339914079877051578e-01 -3.286297171034481268e-01 -3.257076837435726180e-01 -3.239261044242561782e-01 -3.123705513627673125e-01 -2.993885968822086463e-01 -2.854330085244290993e-01 -2.832778760529433559e-01 -2.799219634838437387e-01 -2.795847517662628512e-01 -2.754207544927890772e-01 -2.689964946983222638e-01 -2.665004375789005731e-01 -2.545004931443344276e-01 -2.529728685878440686e-01 -2.431249101320047956e-01 -2.396223769191222208e-01 -2.393870803337915520e-01 -2.354093600964745625e-01 -2.236732933357247488e-01 -2.211688007364140951e-01 -2.120862793260901158e-01 -2.074112689357520689e-01 -1.942314343816684274e-01 -1.903675679877978311e-01 -1.729038971839253203e-01 -1.715798826103525909e-01 -1.572736940940641093e-01 -1.561281164323286563e-01 -1.541835159564018398e-01 -1.510686064225917336e-01 -1.372128500328569645e-01 -1.355423331190203640e-01 -1.341033229044698849e-01 -1.326873101821698930e-01 -1.231299598665717004e-01 -1.211611416118579809e-01 -1.186764555820914446e-01 -1.185160815205972273e-01 -1.107202735728396031e-01 -1.101748338191180510e-01 1.101748338191164411e-01 1.107202735728402276e-01 1.185160815205973800e-01 1.186764555820929989e-01 1.211611416118580919e-01 1.231299598665707012e-01 1.326873101821690604e-01 1.341033229044705233e-01 1.355423331190205583e-01 1.372128500328551048e-01 1.510686064225933989e-01 1.541835159564029778e-01 1.561281164323288506e-01 1.572736940940635819e-01 1.715798826103524799e-01 1.729038971839235994e-01 1.903675679877983029e-01 1.942314343816666511e-01 2.074112689357539008e-01 2.120862793260892554e-01 2.211688007364146502e-01 2.236732933357212239e-01 2.354093600964750621e-01 2.393870803337912467e-01 2.396223769191234143e-01 2.431249101320043793e-01 2.529728685878435135e-01 2.545004931443331508e-01 2.665004375788994073e-01 2.689964946983217087e-01 2.754207544927896878e-01 2.795847517662609638e-01 2.799219634838433501e-01 2.832778760529442996e-01 2.854330085244289328e-01 2.993885968822105892e-01 3.123705513627680896e-01 3.239261044242569554e-01 3.257076837435716743e-01 3.286297171034461284e-01 3.339914079877053799e-01 3.424726723526160255e-01 3.494046055485486857e-01 3.548348399803664677e-01 3.588595403138031825e-01 3.616234535336672051e-01 3.633254946777000893e-01 3.642006854318152187e-01 3.747868842980406345e-01 3.774775558389089070e-01
-3.779265925083450939e-01 -3.746737125089903975e-01 -3.678802927339719364e-01 -3.668405577801333028e-01 -3.649181782603626023e-01 -3.619169135074563615e-01 -3.576598838489470911e-01 -3.520119601442687762e-01 -3.448789327035185481e-01 -3.362111546328631628e-01 -3.291763427696668964e-01 -3.260581064684323072e-01 -3.255445207222868453e-01 -3.142403358400414626e-01 -3.010670019013894638e-01 -2.867463630599291768e-01 -2.839982936923315382e-01 -2.799381366572414320e-01 -2.760195753682072040e-01 -2.731802141403123496e-01 -2.689143375840815642e-01 -2.636677751393666225e-01 -2.535979428880907327e-01 -2.521167463185560731e-01 -2.440818911612469000e-01 -2.401692913952826192e-01 -2.377571401447796384e-01 -2.359747059386501644e-01 -2.228036876925283127e-01 -2.225713440099804374e-01 -2.129661390091495410e-01 -2.060005971787170764e-01 -1.936290064331911143e-01 -1.885552344739513109e-01 -1.717514621921214235e-01 -1.699090921537818044e-01 -1.561340089358087546e-01 -1.547603254537676665e-01 -1.532270467906156342e-01 -1.495218755644573683e-01 -1.365374607251890193e-01 -1.348272320616159536e-01 -1.330484692088745868e-01 -1.312247135249492158e-01 -1.224967562143674943e-01 -1.205882664091447176e-01 -1.176211050239580058e-01 -1.171181369623888746e-01 -1.091544110414037899e-01 -1.085475365359418326e-01 1.085475365359404726e-01 1.091544110414023327e-01 1.171181369623900403e-01 1.176211050239574091e-01 1.205882664091420947e-01 1.224967562143650240e-01 1.312247135249499930e-01 1.330484692088743093e-01 1.348272320616149544e-01 1.365374607251870487e-01 1.495218755644597552e-01 1.532270467906161338e-01 1.547603254537683604e-01 1.561340089358062566e-01 1.699090921537832477e-01 1.717514621921193418e-01 1.885552344739523933e-01 1.936290064331860628e-01 2.060005971787187418e-01 2.129661390091487083e-01 2.225713440099794660e-01 2.228036876925278964e-01 2.359747059386513579e-01 2.377571401447804711e-01 2.401692913952825081e-01 2.440818911612468445e-01 2.521167463185536861e-01 2.535979428880885678e-01 2.636677751393651792e-01 2.689143375840820638e-01 2.731802141403114614e-01 2.760195753682080366e-01 2.799381366572404883e-01 2.839982936923307610e-01 2.867463630599277891e-01 3.010670019013865772e-01 3.142403358400426838e-01 3.255445207222881776e-01 3.260581064684328623e-01 3.291763427696635658e-01 3.362111546328609979e-01 3.448789327035176600e-01 3.520119601442686652e-01 3.576598838489474241e-01 3.619169135074552512e-01 3.649181782603622692e-01 3.668405577801319151e-01 3.678802927339713258e-01 3.746737125089909526e-01 3.779265925083469813e-01
-3.784229172075545544e-01 -3.745397588059574678e-01 -3.715663384750187426e-01 -3.703861482135856198e-01 -3.682688524527769625e-01 -3.650505447594001862e-01 -3.605754087942334984e-01 -3.547193270100261198e-01 -3.473919006562189993e-01 -3.385434971202380128e-01 -3.297780551179118613e-01 -3.281629728462207574e-01 -3.255118932670665322e-01 -3.162399343053122203e-01 -3.028991485897434832e-01 -2.883429999998358695e-01 -2.847863933376682533e-01 -2.799712391810702528e-01 -2.732058076033442306e-01 -2.723501071802427731e-01 -2.668030787519424241e-01 -2.610686742803323690e-01 -2.542617984021573463e-01 -2.496415227930663117e-01 -2.451706901380665549e-01 -2.407548051353930740e-01 -2.369508173681937058e-01 -2.358376486312413756e-01 -2.240870613278811152e-01 -2.218062761638839864e-01 -2.133815974216067279e-01 -2.042884539563806778e-01 -1.929273763356546267e-01 -1.866031176992795360e-01 -1.705570992448376955e-01 -1.681221949992714459e-01 -1.549828679601081838e-01 -1.534120422228654745e-01 -1.521960654740190932e-01 -1.478896676506886443e-01 -1.358217907800128854e-01 -1.340913187632038484e-01 -1.319402062319674496e-01 -1.296757532367075749e-01 -1.218136614298470921e-01 -1.199910616765703375e-01 -1.165054768818636066e-01 -1.156265522380836713e-01 -1.075203990403265919e-01 -1.068460328571642914e-01 1.068460328571628343e-01 1.075203990403258286e-01 1.156265522380841709e-01 1.165054768818636066e-01 1.199910616765708510e-01 1.218136614298468839e-01 1.296757532367078525e-01 1.319402062319670055e-01 1.340913187632040704e-01 1.358217907800105539e-01 1.478896676506889496e-01 1.521960654740181496e-01 1.534120422228659741e-01 1.549828679601071846e-01 1.681221949992697529e-01 1.705570992448359746e-01 1.866031176992765106e-01 1.929273763356533222e-01 2.042884539563818713e-01 2.133815974216047850e-01 2.218062761638820990e-01 2.240870613278815870e-01 2.358376486312394604e-01 2.369508173681938168e-01 2.407548051353924912e-01 2.451706901380640014e-01 2.496415227930685321e-01 2.542617984021577904e-01 2.610686742803335347e-01 2.668030787519412583e-01 2.723501071802429951e-01 2.732058076033449523e-01 2.799712391810706413e-01 2.847863933376663659e-01 2.883429999998358140e-01 3.028991485897441494e-01 3.162399343053104994e-01 3.255118932670660326e-01 3.281629728462213680e-01 3.297780551179114172e-01 3.385434971202384569e-01 3.473919006562152800e-01 3.547193270100276741e-01 3.605754087942339425e-01 3.650505447593989095e-01 3.682688524527779617e-01 3.703861482135854533e-01 3.715663384750181875e-01 3.745397588059598548e-01 3.784229172075539993e-01
-3.789658068777554956e-01 -3.752559958394524053e-01 -3.743858612098283078e-01 -3.739542108865776537e-01 -3.716643105211815401e-01 -3.682480604628503018e-01 -3.635692539336800033e-01 -3.575152914136826010e-01 -3.500008806803228678e-01 -3.409779980540308397e-01 -3.304329865723252269e-01 -3.304290786531557389e-01 -3.254127284277342769e-01 -3.183562985456345196e-01 -3.048648347501911604e-01 -2.901280383276927943e-01 -2.856372969806162398e-01 -2.800128552418468253e-01 -2.744859595759723270e-01 -2.686587286741410341e-01 -2.636197934581918645e-01 -2.596102167092623758e-01 -2.539899307058689493e-01 -2.474307604788032189e-01 -2.463351710089740076e-01 -2.411849061036838715e-01 -2.381482128882902727e-01 -2.340127418141332016e-01 -2.253885103526215294e-01 -2.210493042028841559e-01 -2.130538710383062528e-01 -2.023950487781178142e-01 -1.920951529838989535e-01 -1.845333902200971821e-01 -1.693174345550517434e-01 -1.662367567166423976e-01 -1.538301033678388663e-01 -1.521336841277188823e-01 -1.510508507698543335e-01 -1.461876699872615704e-01 -1.350631495987279773e-01 -1.333363158435493245e-01 -1.307857198337008253e-01 -1.280623046622574868e-01 -1.210723290781920564e-01 -1.193670747242420033e-01 -1.153379348281912409e-01 -1.140566962720014205e-01 -1.058269338315603464e-01 -1.050805411329820832e-01 1.050805411329796962e-01 1.058269338315595554e-01 1.140566962720017397e-01 1.153379348281906719e-01 1.193670747242418229e-01 1.210723290781892808e-01 1.280623046622564321e-01 1.307857198336991877e-01 1.333363158435477980e-01 1.350631495987278108e-01 1.461876699872636243e-01 1.510508507698548053e-01 1.521336841277186047e-01 1.538301033678387830e-01 1.662367567166450344e-01 1.693174345550521598e-01 1.845333902200994025e-01 1.920951529838986760e-01 2.023950487781184249e-01 2.130538710383060308e-01 2.210493042028823241e-01 2.253885103526215294e-01 2.340127418141338678e-01 2.381482128882927152e-01 2.411849061036868136e-01 2.463351710089740632e-01 2.474307604788030246e-01 2.539899307058691158e-01 2.596102167092596003e-01 2.636197934581934188e-01 2.686587286741426439e-01 2.744859595759733817e-01 2.800128552418462147e-01 2.856372969806183493e-01 2.901280383276905739e-01 3.048648347501907163e-01 3.183562985456342420e-01 3.254127284277340548e-01 3.304290786531568491e-01 3.304329865723259485e-01 3.409779980540281197e-01 3.500008806803232009e-01 3.575152914136842663e-01 3.635692539336781159e-01 3.682480604628510790e-01 3.716643105211812070e-01 3.739542108865770431e-01 3.743858612098298622e-01 3.752559958394546258e-01 3.789658068777551070e-01
-3.795539723517380448e-01 -3.789469579104070007e-01 -3.775402784986777727e-01 -3.750956791758986997e-01 -3.742125234833812986e-01 -3.714989439473820321e-01 -3.666307322887973896e-01 -3.603894965989629662e-01 -3.526959989114599736e-01 -3.435050390450475333e-01 -3.327972541259551775e-01 -3.311379963086515388e-01 -3.253001386231615943e-01 -3.205781227127045274e-01 -3.069486349564904404e-01 -2.920624067865227880e-01 -2.865445700709574606e-01 -2.800730216471593037e-01 -2.761680416837760110e-01 -2.650002563032527458e-01 -2.601890920983402355e-01 -2.600550165083931886e-01 -2.519672076625287249e-01 -2.475193705006980827e-01 -2.463129621938248970e-01 -2.410713650249186879e-01 -2.390918371708710688e-01 -2.330092635889064179e-01 -2.257726085799992288e-01 -2.207315458121014429e-01 -2.118479251366872651e-01 -2.004162980860141885e-01 -1.910925578037609429e-01 -1.823686107121789968e-01 -1.680263940184292260e-01 -1.642724185601058540e-01 -1.526849035468556548e-01 -1.509644919760685100e-01 -1.497588786827840635e-01 -1.444356900784025399e-01 -1.342559439581681724e-01 -1.325648081429903480e-01 -1.295908026406831226e-01 -1.264123891260078014e-01 -1.202581166654183575e-01 -1.187167346492382092e-01 -1.141262358150601647e-01 -1.124214883973720380e-01 -1.040817951899994653e-01 -1.032606264600687412e-01 1.032606264600683249e-01 1.040817951899994376e-01 1.124214883973723433e-01 1.141262358150590406e-01 1.187167346492385561e-01 1.202581166654196204e-01 1.264123891260082178e-01 1.295908026406829283e-01 1.325648081429887104e-01 1.342559439581678116e-01 1.444356900784046216e-01 1.497588786827834528e-01 1.509644919760672055e-01 1.526849035468528237e-01 1.642724185601040221e-01 1.680263940184288096e-01 1.823686107121778865e-01 1.910925578037621364e-01 2.004162980860120236e-01 2.118479251366908456e-01 2.207315458121008600e-01 2.257726085799997839e-01 2.330092635889043917e-01 2.390918371708691814e-01 2.410713650249180773e-01 2.463129621938241753e-01 2.475193705006979716e-01 2.519672076625260049e-01 2.600550165083945764e-01 2.601890920983410682e-01 2.650002563032524683e-01 2.761680416837747898e-01 2.800730216471601919e-01 2.865445700709556287e-01 2.920624067865244533e-01 3.069486349564913286e-01 3.205781227127032507e-01 3.253001386231643699e-01 3.311379963086520384e-01 3.327972541259576755e-01 3.435050390450490321e-01 3.526959989114601401e-01 3.603894965989616339e-01 3.666307322887962239e-01 3.714989439473774802e-01 3.742125234833792446e-01 3.750956791758959796e-01 3.775402784986759408e-01 3.789469579104051689e-01 3.795539723517366570e-01
-3.826389848846085684e-01 -3.811387165016922873e-01 -3.801842271501406634e-01 -3.785551918357172307e-01 -3.747975369502346554e-01 -3.740208663439374415e-01 -3.697505318623681703e-01 -3.633326442371290765e-01 -3.554682297332235619e-01 -3.461157857062098220e-01 -3.352560247963806694e-01 -3.318886329266981239e-01 -3.251822978555375943e-01 -3.228953131879699345e-01 -3.091380510184373875e-01 -2.941227441980319157e-01 -2.875000995115059022e-01 -2.801655348792905231e-01 -2.780609549422879412e-01 -2.623235977230077842e-01 -2.605126398377220487e-01 -2.567030965008632037e-01 -2.496583540890174036e-01 -2.481684622413782293e-01 -2.467695440088115422e-01 -2.417782865275251436e-01 -2.378959627456745940e-01 -2.335075389421089609e-01 -2.245586006789981881e-01 -2.207141481666712868e-01 -2.099391195523398479e-01 -1.984379925924515120e-01 -1.898704776078954104e-01 -1.801320691397770846e-01 -1.666750836928464763e-01 -1.622510092166409290e-01 -1.515557101547289343e-01 -1.498835940985537851e-01 -1.483436001276529359e-01 -1.426591477160780996e-01 -1.333906810280446331e-01 -1.317798296845625050e-01 -1.283592801420255780e-01 -1.247642490379022445e-01 -1.193465582025402261e-01 -1.180418162620274075e-01 -1.128771483963164068e-01 -1.107328107826446584e-01 -1.022918609742183987e-01 -1.013951985844378095e-01 1.013951985844391418e-01 1.022918609742192175e-01 1.107328107826461572e-01 1.128771483963175171e-01 1.180418162620274491e-01 1.193465582025410310e-01 1.247642490379007457e-01 1.283592801420258001e-01 1.317798296845630324e-01 1.333906810280459931e-01 1.426591477160786825e-01 1.483436001276537686e-01 1.498835940985554227e-01 1.515557101547291285e-01 1.622510092166410678e-01 1.666750836928472534e-01 1.801320691397773899e-01 1.898704776078954937e-01 1.984379925924500965e-01 2.099391195523379050e-01 2.207141481666667904e-01 2.245586006789975497e-01 2.335075389421077396e-01 2.378959627456748160e-01 2.417782865275280024e-01 2.467695440088117642e-01 2.481684622413799779e-01 2.496583540890175146e-01 2.567030965008635368e-01 2.605126398377217711e-01 2.623235977230082838e-01 2.780609549422904392e-01 2.801655348792934652e-01 2.875000995115079006e-01 2.941227441980320823e-01 3.091380510184406627e-01 3.228953131879681582e-01 3.251822978555367616e-01 3.318886329266984014e-01 3.352560247963816686e-01 3.461157857062134302e-01 3.554682297332273366e-01 3.633326442371306864e-01 3.697505318623703907e-01 3.740208663439367198e-01 3.747975369502350995e-01 3.785551918357192847e-01 3.801842271501431059e-01 3.811387165016936196e-01 3.826389848846087349e-01
-3.863293784796591468e-01 -3.847467119715823336e-01 -3.820439800582918766e-01 -3.808475477517702656e-01 -3.781298612415640581e-01 -3.738213025761128461e-01 -3.729205417118124921e-01 -3.663364130225892357e-01 -3.583093791292056851e-01 -3.488021521806493053e-01 -3.377966525153072719e-01 -3.326791787085726093e-01 -3.252985468306065497e-01 -3.250675815612913966e-01 -3.114225262693229856e-01 -2.962925921351914904e-01 -2.884942357264505541e-01 -2.803078992568006078e-01 -2.801004882405905838e-01 -2.637522517280360690e-01 -2.572444434047882478e-01 -2.533345172215396013e-01 -2.503485591138757682e-01 -2.479784249103907656e-01 -2.456202150530346351e-01 -2.432990367977833079e-01 -2.352545669749732948e-01 -2.349564971464764007e-01 -2.222569943425777295e-01 -2.207601385545069905e-01 -2.075856495960262948e-01 -1.965377860572942170e-01 -1.883769726751827744e-01 -1.778484225979774791e-01 -1.652514991583333148e-01 -1.601969772564962313e-01 -1.504501562367341894e-01 -1.488502365595743282e-01 -1.468438964816211334e-01 -1.408906719511951455e-01 -1.324530196747799871e-01 -1.309846000598900717e-01 -1.270922758297150512e-01 -1.231694865231850872e-01 -1.183007421645935336e-01 -1.173447667221978880e-01 -1.115959622267447271e-01 -1.090020883572738047e-01 -1.004631246296226882e-01 -9.949254086502515304e-02 9.949254086502451466e-02 1.004631246296221331e-01 1.090020883572711263e-01 1.115959622267447132e-01 1.173447667221979157e-01 1.183007421645916046e-01 1.231694865231843794e-01 1.270922758297128308e-01 1.309846000598903215e-01 1.324530196747806809e-01 1.408906719511937022e-01 1.468438964816199122e-01 1.488502365595735510e-01 1.504501562367351331e-01 1.601969772564958150e-01 1.652514991583337867e-01 1.778484225979762856e-01 1.883769726751811369e-01 1.965377860572922464e-01 2.075856495960249071e-01 2.207601385545053529e-01 2.222569943425744265e-01 2.349564971464744856e-01 2.352545669749701307e-01 2.432990367977833635e-01 2.456202150530342188e-01 2.479784249103888505e-01 2.503485591138739919e-01 2.533345172215372698e-01 2.572444434047899131e-01 2.637522517280373457e-01 2.801004882405906948e-01 2.803078992568003858e-01 2.884942357264522195e-01 2.962925921351915459e-01 3.114225262693228746e-01 3.250675815612921182e-01 3.252985468306058281e-01 3.326791787085738306e-01 3.377966525153089372e-01 3.488021521806481395e-01 3.583093791292038532e-01 3.663364130225895687e-01 3.729205417118121035e-01 3.738213025761132902e-01 3.781298612415616711e-01 3.808475477517696550e-01 3.820439800582918766e-01 3.847467119715827777e-01 3.863293784796579255e-01
-3.900178408578607869e-01 -3.883616014066116340e-01 -3.855453140599884865e-01 -3.815505623867395668e-01 -3.814952935890464358e-01 -3.761335817807232584e-01 -3.736143509777076765e-01 -3.693932081345979168e-01 -3.612120412812937498e-01 -3.515567596313152743e-01 -3.404114833230295067e-01 -3.335029828480418623e-01 -3.277786338645480302e-01 -3.249664455220541148e-01 -3.137928484008782881e-01 -2.985592747314480544e-01 -2.895163322448493504e-01 -2.822529547941287076e-01 -2.805212427227278815e-01 -2.658151634292197363e-01 -2.535581539453389821e-01 -2.515802918826523515e-01 -2.514237294792555644e-01 -2.481466091937903073e-01 -2.450153230029692986e-01 -2.426643652495072412e-01 -2.365317615642585081e-01 -2.322528801563086276e-01 -2.207110484630764868e-01 -2.194891082164507623e-01 -2.049581975769574071e-01 -1.947708323373341099e-01 -1.865762926746676875e-01 -1.755443892952665286e-01 -1.637402042093093202e-01 -1.581379828613765082e-01 -1.493750453149800261e-01 -1.478418478166298455e-01 -1.452756508235780730e-01 -1.391708187454162304e-01 -1.314239542556508711e-01 -1.301823078683493340e-01 -1.257872359816298025e-01 -1.216875969616763031e-01 -1.170774416314424582e-01 -1.166283413299564198e-01 -1.102858075314294833e-01 -1.072405595068068318e-01 -9.860072272036275731e-02 -9.756035603026974590e-02 9.756035603026957936e-02 9.860072272036360386e-02 1.072405595068065126e-01 1.102858075314313568e-01 1.166283413299559757e-01 1.170774416314422223e-01 1.216875969616771497e-01 1.257872359816293029e-01 1.301823078683502777e-01 1.314239542556511486e-01 1.391708187454160361e-01 1.452756508235781285e-01 1.478418478166307615e-01 1.493750453149825519e-01 1.581379828613748151e-01 1.637402042093102084e-01 1.755443892952678053e-01 1.865762926746649397e-01 1.947708323373347483e-01 2.049581975769569631e-01 2.194891082164522056e-01 2.207110484630759595e-01 2.322528801563106815e-01 2.365317615642615334e-01 2.426643652495072412e-01 2.450153230029682438e-01 2.481466091937881702e-01 2.514237294792542876e-01 2.515802918826510193e-01 2.535581539453391486e-01 2.658151634292213461e-01 2.805212427227284921e-01 2.822529547941298733e-01 2.895163322448490728e-01 2.985592747314485540e-01 3.137928484008752350e-01 3.249664455220526715e-01 3.277786338645496400e-01 3.335029828480431946e-01 3.404114833230310611e-01 3.515567596313154963e-01 3.612120412812943049e-01 3.693932081345971397e-01 3.736143509777085647e-01 3.761335817807252013e-01 3.814952935890472685e-01 3.815505623867377349e-01 3.855453140599904849e-01 3.883616014066142985e-01 3.900178408578622302e-01
-3.937035424255944660e-01 -3.919812352304820058e-01 -3.890633703876738569e-01 -3.848874279095047535e-01 -3.822800123625296198e-01 -3.793825505167552348e-01 -3.734130421035095071e-01 -3.724922193044283292e-01 -3.641695392715358914e-01 -3.543728890467574000e-01 -3.430936238017653350e-01 -3.343539983887719447e-01 -3.303247335617818248e-01 -3.248920349273657360e-01 -3.162406839602618369e-01 -3.009124808791375227e-01 -2.905562814459762833e-01 -2.844934170472914747e-01 -2.808297701190732854e-01 -2.680534468135388204e-01 -2.528958399597028839e-01 -2.528308190734835925e-01 -2.497891101845232942e-01 -2.469543712337224917e-01 -2.451485555212949419e-01 -2.411083855402682830e-01 -2.367268313267121838e-01 -2.291467035173821998e-01 -2.204699032046006091e-01 -2.164995658815290491e-01 -2.021506573335160872e-01 -1.931509940906903366e-01 -1.844701347029793492e-01 -1.732490943978078901e-01 -1.621223386401193234e-01 -1.561053487846569277e-01 -1.483363559437083368e-01 -1.468490981582332988e-01 -1.436365412015827292e-01 -1.375455455142653161e-01 -1.302835631853623832e-01 -1.293758888113624717e-01 -1.244366763867259529e-01 -1.203622489586624461e-01 -1.158953424462990794e-01 -1.156517960846138587e-01 -1.089466713479873422e-01 -1.054594095366373635e-01 -9.670898032457257709e-02 -9.560581844128718254e-02 9.560581844128686335e-02 9.670898032457332649e-02 1.054594095366366696e-01 1.089466713479860516e-01 1.156517960846149551e-01 1.158953424462994125e-01 1.203622489586626543e-01 1.244366763867266606e-01 1.293758888113631655e-01 1.302835631853617726e-01 1.375455455142651218e-01 1.436365412015816467e-01 1.468490981582330490e-01 1.483363559437080037e-01 1.561053487846550403e-01 1.621223386401192956e-01 1.732490943978081954e-01 1.844701347029781835e-01 1.931509940906881717e-01 2.021506573335146162e-01 2.164995658815259405e-01 2.204699032045998042e-01 2.291467035173842537e-01 2.367268313267138768e-01 2.411083855402695875e-01 2.451485555212938594e-01 2.469543712337231856e-01 2.497891101845222950e-01 2.528308190734839811e-01 2.528958399597022733e-01 2.680534468135374881e-01 2.808297701190716755e-01 2.844934170472918078e-01 2.905562814459763388e-01 3.009124808791374672e-01 3.162406839602612818e-01 3.248920349273674568e-01 3.303247335617808256e-01 3.343539983887720557e-01 3.430936238017623374e-01 3.543728890467560677e-01 3.641695392715370017e-01 3.724922193044278296e-01 3.734130421035086744e-01 3.793825505167541245e-01 3.822800123625287316e-01 3.848874279095028661e-01 3.890633703876744676e-01 3.919812352304806180e-01 3.937035424255942440e-01
-3.973857933467110914e-01 -3.956038400150901357e-01 -3.925937059937906759e-01 -3.883018757552283984e-01 -3.830586984093960479e-01 -3.826328771792750216e-01 -3.756473071259430196e-01 -3.732071470939613556e-01 -3.671758561239398255e-01 -3.572444297257610368e-01 -3.458368152411275820e-01 -3.352360237585726987e-01 -3.329149102337963240e-01 -3.248608290486066918e-01 -3.187579099489282197e-01 -3.033435156907101082e-01 -2.916090540379532858e-01 -2.867950427953765979e-01 -2.812594814507656804e-01 -2.704098816875360467e-01 -2.550136364721739546e-01 -2.541681558631583293e-01 -2.489093255827831142e-01 -2.461053014028151409e-01 -2.421756357107973101e-01 -2.416416822673073395e-01 -2.342050946950206269e-01 -2.260880166048351014e-01 -2.199322285161848800e-01 -2.133817507441191919e-01 -1.992159169060933877e-01 -1.916520444026674486e-01 -1.820977509555068430e-01 -1.709933891138851192e-01 -1.603766175706269892e-01 -1.541338699971220860e-01 -1.473392517774845811e-01 -1.458676744967055683e-01 -1.419148289314650091e-01 -1.360575743938836069e-01 -1.290210546686797466e-01 -1.285677583602428398e-01 -1.230268248667020226e-01 -1.191950993689972205e-01 -1.151483608499542788e-01 -1.140448835731161098e-01 -1.075739956581872880e-01 -1.036698235916708871e-01 -9.479148271165362127e-02 -9.363562555727489300e-02 9.363562555727408809e-02 9.479148271165534212e-02 1.036698235916719557e-01 1.075739956581882040e-01 1.140448835731171506e-01 1.151483608499528910e-01 1.191950993689992189e-01 1.230268248667011899e-01 1.285677583602421181e-01 1.290210546686794690e-01 1.360575743938833293e-01 1.419148289314644817e-01 1.458676744967057348e-01 1.473392517774846366e-01 1.541338699971238346e-01 1.603766175706259345e-01 1.709933891138870621e-01 1.820977509555092855e-01 1.916520444026681425e-01 1.992159169060971069e-01 2.133817507441204131e-01 2.199322285161839363e-01 2.260880166048354623e-01 2.342050946950235135e-01 2.416416822673057296e-01 2.421756357107952284e-01 2.461053014028155017e-01 2.489093255827868612e-01 2.541681558631597726e-01 2.550136364721740101e-01 2.704098816875351030e-01 2.812594814507659580e-01 2.867950427953747661e-01 2.916090540379519536e-01 3.033435156907133834e-01 3.187579099489271095e-01 3.248608290486041938e-01 3.329149102337944921e-01 3.352360237585726987e-01 3.458368152411238072e-01 3.572444297257616475e-01 3.671758561239392149e-01 3.732071470939640756e-01 3.756473071259440188e-01 3.826328771792769645e-01 3.830586984093979352e-01 3.883018757552283429e-01 3.925937059937907869e-01 3.956038400150882484e-01 3.973857933467114800e-01
-4.010639899204139214e-01 -3.992279269132815167e-01 -3.961335757452768558e-01 -3.917349344893698015e-01 -3.859894288978163446e-01 -3.837679409663580787e-01 -3.788276205453577350e-01 -3.730338073479739780e-01 -3.702255574446466357e-01 -3.601658235786684426e-01 -3.486353576840199309e-01 -3.362950741333915472e-01 -3.353836144273393827e-01 -3.248949565175328069e-01 -3.213341114207622917e-01 -3.058448615127337677e-01 -2.926900506229433985e-01 -2.891115798960239847e-01 -2.818360102644308918e-01 -2.728594166676610033e-01 -2.574139318436118873e-01 -2.554606761162992457e-01 -2.510062911528149199e-01 -2.443546587252965752e-01 -2.419826312115054279e-01 -2.380034409578754284e-01 -2.308856097343793823e-01 -2.233405164087668704e-01 -2.188623856667110679e-01 -2.101792267847752416e-01 -1.961862054240080533e-01 -1.902299124308476086e-01 -1.795143924784631528e-01 -1.688073594597979121e-01 -1.584821089970421815e-01 -1.522603363717683345e-01 -1.463880778924112613e-01 -1.448944115375285502e-01 -1.400951746108604068e-01 -1.347331584762471723e-01 -1.277594445852149596e-01 -1.276488865143487750e-01 -1.215369284808101996e-01 -1.181526561015922849e-01 -1.143894313827775455e-01 -1.123186438994561998e-01 -1.061568859771097745e-01 -1.018829755371863932e-01 -9.285118117365595558e-02 -9.165604333558871608e-02 9.165604333558921568e-02 9.285118117365601109e-02 1.018829755371859352e-01 1.061568859771089418e-01 1.123186438994563524e-01 1.143894313827778786e-01 1.181526561015911192e-01 1.215369284808108241e-01 1.276488865143488860e-01 1.277594445852155425e-01 1.347331584762456735e-01 1.400951746108603790e-01 1.448944115375275787e-01 1.463880778924129544e-01 1.522603363717683900e-01 1.584821089970433472e-01 1.688073594597978844e-01 1.795143924784645961e-01 1.902299124308493294e-01 1.961862054240088027e-01 2.101792267847767681e-01 2.188623856667113732e-01 2.233405164087669537e-01 2.308856097343797709e-01 2.380034409578792587e-01 2.419826312115068989e-01 2.443546587252978519e-01 2.510062911528126439e-01 2.554606761162964146e-01 2.574139318436099999e-01 2.728594166676632238e-01 2.818360102644292264e-01 2.891115798960262606e-01 2.926900506229456189e-01 3.058448615127316028e-01 3.213341114207603488e-01 3.248949565175319187e-01 3.353836144273393827e-01 3.362950741333894933e-01 3.486353576840197088e-01 3.601658235786700524e-01 3.702255574446464137e-01 3.730338073479766425e-01 3.788276205453599554e-01 3.837679409663586894e-01 3.859894288978165111e-01 3.917349344893686358e-01 3.961335757452791873e-01 3.992279269132832931e-01 4.010639899204159198e-01
-4.047375910739398064e-01 -4.028522259652053128e-01 -3.996807211789695780e-01 -3.951834307127374823e-01 -3.893209948195619496e-01 -3.845240551611012192e-01 -3.820407221711418222e-01 -3.733136981274238764e-01 -3.728944525404968013e-01 -3.631320001829577149e-01 -3.514840515159257106e-01 -3.385309350114052429e-01 -3.367100698226695443e-01 -3.250557664208909570e-01 -3.239225387971297887e-01 -3.084098976041868556e-01 -2.938937078585058815e-01 -2.913182012315823632e-01 -2.825817368495075477e-01 -2.753867569247289704e-01 -2.599408294211095205e-01 -2.568098405699394959e-01 -2.532034677152825153e-01 -2.460074403437210178e-01 -2.383635825814545417e-01 -2.343259433002065906e-01 -2.273880258903637208e-01 -2.213328088727973542e-01 -2.168544422437789498e-01 -2.069167316488862707e-01 -1.930828735839421606e-01 -1.888429241523044422e-01 -1.767713980280983810e-01 -1.667159073562173577e-01 -1.564229245980018890e-01 -1.505203197527263392e-01 -1.454863231717226368e-01 -1.439259271323427014e-01 -1.381638721562893912e-01 -1.335739501827895859e-01 -1.269510152135566450e-01 -1.262095505634139858e-01 -1.199410735002537642e-01 -1.171948918439668919e-01 -1.136194459993669220e-01 -1.105488390047630609e-01 -1.046765390581186617e-01 -1.001099564761514515e-01 -9.089053805476345060e-02 -8.967294155889538043e-02 8.967294155889594942e-02 9.089053805476483838e-02 1.001099564761526450e-01 1.046765390581193000e-01 1.105488390047638797e-01 1.136194459993688233e-01 1.171948918439671833e-01 1.199410735002551937e-01 1.262095505634131809e-01 1.269510152135584491e-01 1.335739501827887254e-01 1.381638721562883365e-01 1.439259271323412581e-01 1.454863231717226368e-01 1.505203197527277270e-01 1.564229245980033045e-01 1.667159073562181903e-01 1.767713980280990749e-01 1.888429241523043589e-01 1.930828735839429100e-01 2.069167316488873254e-01 2.168544422437775343e-01 2.213328088727955500e-01 2.273880258903668572e-01 2.343259433002058412e-01 2.383635825814541809e-01 2.460074403437225166e-01 2.532034677152837920e-01 2.568098405699397180e-01 2.599408294211122961e-01 2.753867569247282487e-01 2.825817368495058823e-01 2.913182012315843616e-01 2.938937078585059925e-01 3.084098976041851903e-01 3.239225387971283454e-01 3.250557664208919006e-01 3.367100698226698219e-01 3.385309350114054094e-01 3.514840515159276535e-01 3.631320001829594357e-01 3.728944525404958577e-01 3.733136981274227106e-01 3.820407221711397128e-01 3.845240551611023294e-01 3.893209948195620607e-01 3.951834307127384815e-01 3.996807211789678016e-01 4.028522259652012605e-01 4.047375910739395288e-01
-4.084061028272744087e-01 -4.064756377422057976e-01 -4.032332185086243137e-01 -3.986446210930457146e-01 -3.926754427128548719e-01 -3.852817522413093942e-01 -3.852632239064324171e-01 -3.764356795541997647e-01 -3.728055619008065480e-01 -3.661382725019360351e-01 -3.543781471218218071e-01 -3.412650546257874340e-01 -3.375504667262548275e-01 -3.267577499261859475e-01 -3.251252872870213362e-01 -3.110327060944579891e-01 -2.955178488167247708e-01 -2.930876376587785437e-01 -2.835127652544279786e-01 -2.779810786062805184e-01 -2.625586776726200888e-01 -2.582845943505826525e-01 -2.554825948065270746e-01 -2.475732772934765846e-01 -2.346049036126016119e-01 -2.306306473556860859e-01 -2.238192104766287827e-01 -2.199990762234394492e-01 -2.139931690691666000e-01 -2.036110055534263441e-01 -1.899211994697448946e-01 -1.874591289700018593e-01 -1.739089396315418867e-01 -1.647339978781086900e-01 -1.541932679524971317e-01 -1.489435563531953388e-01 -1.446365164634571820e-01 -1.429588282436044799e-01 -1.361143291257863597e-01 -1.325619194805492673e-01 -1.261400591263173721e-01 -1.247649112929612725e-01 -1.182150858004932387e-01 -1.162914723097775299e-01 -1.128369009071103213e-01 -1.088082141249671203e-01 -1.031068594115635284e-01 -9.836164578253629720e-02 -8.891171013390251898e-02 -8.769181573485138048e-02 8.769181573485274050e-02 8.891171013390317124e-02 9.836164578253776825e-02 1.031068594115661513e-01 1.088082141249670093e-01 1.128369009071092388e-01 1.162914723097774605e-01 1.182150858004924893e-01 1.247649112929612170e-01 1.261400591263175108e-01 1.325619194805470191e-01 1.361143291257879417e-01 1.429588282436062285e-01 1.446365164634590417e-01 1.489435563531950335e-01 1.541932679524988248e-01 1.647339978781106606e-01 1.739089396315408875e-01 1.874591289700023033e-01 1.899211994697457828e-01 2.036110055534262886e-01 2.139931690691654897e-01 2.199990762234394215e-01 2.238192104766305590e-01 2.306306473556852255e-01 2.346049036126018061e-01 2.475732772934755299e-01 2.554825948065265195e-01 2.582845943505842068e-01 2.625586776726214211e-01 2.779810786062807404e-01 2.835127652544277010e-01 2.930876376587817078e-01 2.955178488167263251e-01 3.110327060944579891e-01 3.251252872870201149e-01 3.267577499261865026e-01 3.375504667262568259e-01 3.412650546257882667e-01 3.543781471218197532e-01 3.661382725019380335e-01 3.728055619008081023e-01 3.764356795542000977e-01 3.852632239064331943e-01 3.852817522413106710e-01 3.926754427128520408e-01 3.986446210930465472e-01 4.032332185086248688e-01 4.064756377422073519e-01 4.084061028272740201e-01
-4.120690671211444944e-01 -4.100971970893438900e-01 -4.067894036607119235e-01 -4.021161161686977459e-01 -3.960477834453553503e-01 -3.885470340327300542e-01 -3.859736941173632085e-01 -3.795869084359064227e-01 -3.727850579636640682e-01 -3.691799540714211236e-01 -3.573132990786085372e-01 -3.440833728472168507e-01 -3.382954447404872278e-01 -3.294740511204771738e-01 -3.254863633091883979e-01 -3.137079247370638813e-01 -2.977237013054097048e-01 -2.942315243633113475e-01 -2.846366709887698798e-01 -2.806340561801628497e-01 -2.652472727424791121e-01 -2.599614553754355240e-01 -2.578261689464034778e-01 -2.488076768241060110e-01 -2.308261590081718828e-01 -2.269298565148488156e-01 -2.202106502506701313e-01 -2.188875699915944217e-01 -2.107441617929648181e-01 -2.002755264203417984e-01 -1.867129328294591106e-01 -1.860553617581013619e-01 -1.709567634675627779e-01 -1.628644948123749991e-01 -1.518000113107766669e-01 -1.475493132837789045e-01 -1.438399736308662580e-01 -1.419912108178194854e-01 -1.339522540238540227e-01 -1.316716400657917119e-01 -1.253196305975656788e-01 -1.233742142874404146e-01 -1.163494951698372942e-01 -1.154230958782170580e-01 -1.120345390977375843e-01 -1.071591250997727812e-01 -1.014204993148105499e-01 -9.664853259174287226e-02 -8.691676088689846702e-02 -8.571779240160654068e-02 8.571779240160667945e-02 8.691676088689749557e-02 9.664853259174202571e-02 1.014204993148116601e-01 1.071591250997729616e-01 1.120345390977374178e-01 1.154230958782177935e-01 1.163494951698366142e-01 1.233742142874425241e-01 1.253196305975671221e-01 1.316716400657906016e-01 1.339522540238545223e-01 1.419912108178171262e-01 1.438399736308647037e-01 1.475493132837809585e-01 1.518000113107764726e-01 1.628644948123761094e-01 1.709567634675630277e-01 1.860553617581032215e-01 1.867129328294606094e-01 2.002755264203412988e-01 2.107441617929653732e-01 2.188875699915934225e-01 2.202106502506704644e-01 2.269298565148505920e-01 2.308261590081706061e-01 2.488076768241047065e-01 2.578261689464024231e-01 2.599614553754354684e-01 2.652472727424807775e-01 2.806340561801646261e-01 2.846366709887705460e-01 2.942315243633123467e-01 2.977237013054095383e-01 3.137079247370661017e-01 3.254863633091870656e-01 3.294740511204774513e-01 3.382954447404857290e-01 3.440833728472176278e-01 3.573132990786132557e-01 3.691799540714223449e-01 3.727850579636646233e-01 3.795869084359050905e-01 3.859736941173622093e-01 3.885470340327276673e-01 3.960477834453562385e-01 4.021161161686984675e-01 4.067894036607135888e-01 4.100971970893433349e-01 4.120690671211435507e-01
-4.157260534216360437e-01 -4.137160454791329878e-01 -4.103478205846015081e-01 -4.055958195043541381e-01 -3.994349866665691806e-01 -3.918333657642690260e-01 -3.866425055009391487e-01 -3.827613006932304440e-01 -3.728625541210443539e-01 -3.722421517706570038e-01 -3.602855229859494579e-01 -3.469523477493571262e-01 -3.389546945915797305e-01 -3.322600348772812850e-01 -3.259662109663605256e-01 -3.164306203284115715e-01 -3.002370038820762477e-01 -2.950014377890742279e-01 -2.859518179576897579e-01 -2.833389044230431586e-01 -2.679930201687533708e-01 -2.618869419540816867e-01 -2.602164356187051109e-01 -2.496330926239633818e-01 -2.270389374040041319e-01 -2.232408987188265748e-01 -2.177724135638531011e-01 -2.165756900282158615e-01 -2.073360470760390317e-01 -1.969234123779625423e-01 -1.846136369346117190e-01 -1.834677897029737548e-01 -1.679371828234944575e-01 -1.611002011497452979e-01 -1.492614961714115451e-01 -1.463436216118487732e-01 -1.430960982730391517e-01 -1.410248039212113891e-01 -1.317008521256399500e-01 -1.308795638542701589e-01 -1.244735885544416693e-01 -1.220769658875245078e-01 -1.145782183969037138e-01 -1.143687581906753237e-01 -1.111878427113446310e-01 -1.056449937313493626e-01 -9.960068383418869964e-02 -9.498050216306634652e-02 -8.490788276572798499e-02 -8.375561451240999544e-02 8.375561451240876032e-02 8.490788276572680537e-02 9.498050216306781757e-02 9.960068383418700655e-02 1.056449937313505838e-01 1.111878427113457551e-01 1.143687581906746298e-01 1.145782183969034779e-01 1.220769658875210106e-01 1.244735885544394349e-01 1.308795638542692985e-01 1.317008521256369802e-01 1.410248039212123050e-01 1.430960982730391517e-01 1.463436216118492728e-01 1.492614961714106292e-01 1.611002011497448538e-01 1.679371828234932085e-01 1.834677897029721727e-01 1.846136369346137729e-01 1.969234123779640966e-01 2.073360470760399477e-01 2.165756900282172492e-01 2.177724135638521297e-01 2.232408987188273797e-01 2.270389374040029939e-01 2.496330926239652692e-01 2.602164356187041117e-01 2.618869419540815757e-01 2.679930201687514835e-01 2.833389044230432696e-01 2.859518179576885366e-01 2.950014377890771700e-01 3.002370038820780240e-01 3.164306203284109609e-01 3.259662109663586382e-01 3.322600348772840051e-01 3.389546945915818399e-01 3.469523477493606234e-01 3.602855229859512898e-01 3.722421517706588356e-01 3.728625541210460193e-01 3.827613006932281126e-01 3.866425055009390377e-01 3.918333657642711354e-01 3.994349866665703463e-01 4.055958195043554704e-01 4.103478205846036175e-01 4.137160454791330988e-01 4.157260534216352665e-01
-4.193766516484179752e-01 -4.173314095398050205e-01 -4.139071820167930515e-01 -4.090818783845644457e-01 -4.028345597083539675e-01 -3.951378998910115570e-01 -3.872759769662182383e-01 -3.859324571418172312e-01 -3.753662303255426158e-01 -3.730120005732122657e-01 -3.632911530738621719e-01 -3.498625025828027146e-01 -3.395144320552083150e-01 -3.350914572418939863e-01 -3.266014109347393224e-01 -3.191961581729877429e-01 -3.028852388221056624e-01 -2.955543649201067269e-01 -2.874485879496566643e-01 -2.860896375847757356e-01 -2.707857725798535342e-01 -2.640567882011746192e-01 -2.626347228910594911e-01 -2.500465453829578411e-01 -2.232464998485614582e-01 -2.196224826647277251e-01 -2.165314740138610528e-01 -2.129214546941519681e-01 -2.038486398541249078e-01 -1.935703182175419756e-01 -1.831168218517186530e-01 -1.801944707822899505e-01 -1.648679836416034328e-01 -1.594286016742290091e-01 -1.466055901285129304e-01 -1.453196717690004580e-01 -1.423997307007399127e-01 -1.400662808993608788e-01 -1.301672575028541556e-01 -1.294104418594534123e-01 -1.235650336980984448e-01 -1.208899248480787281e-01 -1.137500225849422675e-01 -1.123804580933312897e-01 -1.102053931346139715e-01 -1.042837629321775178e-01 -9.765078645076255559e-02 -9.336660458934481488e-02 -8.288760387474058966e-02 -8.180960318558659627e-02 8.180960318558652689e-02 8.288760387473978475e-02 9.336660458934435691e-02 9.765078645076197272e-02 1.042837629321759774e-01 1.102053931346133470e-01 1.123804580933302905e-01 1.137500225849409352e-01 1.208899248480795052e-01 1.235650336980980840e-01 1.294104418594514139e-01 1.301672575028531842e-01 1.400662808993609898e-01 1.423997307007397461e-01 1.453196717690009854e-01 1.466055901285138463e-01 1.594286016742271772e-01 1.648679836416022115e-01 1.801944707822875358e-01 1.831168218517168766e-01 1.935703182175399495e-01 2.038486398541249911e-01 2.129214546941518016e-01 2.165314740138611360e-01 2.196224826647254491e-01 2.232464998485588492e-01 2.500465453829565088e-01 2.626347228910609899e-01 2.640567882011750078e-01 2.707857725798556991e-01 2.860896375847755135e-01 2.874485879496537777e-01 2.955543649201063938e-01 3.028852388221067726e-01 3.191961581729858000e-01 3.266014109347403216e-01 3.350914572418958737e-01 3.395144320552092032e-01 3.498625025827999391e-01 3.632911530738631711e-01 3.730120005732094901e-01 3.753662303255401178e-01 3.859324571418157324e-01 3.872759769662156293e-01 3.951378998910083928e-01 4.028345597083503593e-01 4.090818783845620032e-01 4.139071820167903870e-01 4.173314095398036327e-01 4.193766516484174756e-01
-4.230204410297194184e-01 -4.209425839162226346e-01 -4.174663378530626412e-01 -4.125726433917194513e-01 -4.062443302605269202e-01 -3.984580837581574442e-01 -3.892525058385294945e-01 -3.877015720714823144e-01 -3.784941484158660940e-01 -3.733060667848017156e-01 -3.663267974899498403e-01 -3.528085198227077779e-01 -3.399587415706982196e-01 -3.379618157595729033e-01 -3.274054380061380276e-01 -3.220000304614767939e-01 -3.056111626041408402e-01 -2.959420976063462660e-01 -2.891183727078446841e-01 -2.888739426389577147e-01 -2.736173032035518204e-01 -2.664313107640852163e-01 -2.650602933734958477e-01 -2.500916612923052007e-01 -2.194502551161995607e-01 -2.164824465868618319e-01 -2.147387445407055451e-01 -2.092524130812447591e-01 -2.003138779972109540e-01 -1.902389104047497725e-01 -1.815430005733982277e-01 -1.769015227397874312e-01 -1.617649170189907060e-01 -1.578363927244996190e-01 -1.444611308431584251e-01 -1.438836613954736776e-01 -1.417228538561312035e-01 -1.391263805973803336e-01 -1.295208739818033972e-01 -1.271838594831569136e-01 -1.225079309950438816e-01 -1.198143481914617087e-01 -1.129344354653167570e-01 -1.107152100593861016e-01 -1.087818528223461340e-01 -1.030717207275840264e-01 -9.559247701261533448e-02 -9.181481813700230477e-02 -8.085895267334006209e-02 -7.988359166117296739e-02 7.988359166117285637e-02 8.085895267333913228e-02 9.181481813700130556e-02 9.559247701261604224e-02 1.030717207275836100e-01 1.087818528223463282e-01 1.107152100593872812e-01 1.129344354653161880e-01 1.198143481914595437e-01 1.225079309950428963e-01 1.271838594831559144e-01 1.295208739818009547e-01 1.391263805973799728e-01 1.417228538561302598e-01 1.438836613954733168e-01 1.444611308431583419e-01 1.578363927245005349e-01 1.617649170189894570e-01 1.769015227397882917e-01 1.815430005733965624e-01 1.902389104047493007e-01 2.003138779972111205e-01 2.092524130812476735e-01 2.147387445407055451e-01 2.164824465868616654e-01 2.194502551161982284e-01 2.500916612923007598e-01 2.650602933734956812e-01 2.664313107640846057e-01 2.736173032035480457e-01 2.888739426389559939e-01 2.891183727078431853e-01 2.959420976063435460e-01 3.056111626041398965e-01 3.220000304614794029e-01 3.274054380061396374e-01 3.379618157595722927e-01 3.399587415706979976e-01 3.528085198227109975e-01 3.663267974899523938e-01 3.733060667848001057e-01 3.784941484158647063e-01 3.877015720714827030e-01 3.892525058385291059e-01 3.984580837581571111e-01 4.062443302605280304e-01 4.125726433917177305e-01 4.174663378530608093e-01 4.209425839162221905e-01 4.230204410297199735e-01
-4.245489167403774800e-01 -4.238081433121735908e-01 -4.210242410418725822e-01 -4.160666347237124696e-01 -4.096623681517715387e-01 -4.017916168601357585e-01 -3.924684506445312859e-01 -3.881524031459557267e-01 -3.816466495829302086e-01 -3.737364502274758138e-01 -3.693892845251979251e-01 -3.557864228908960702e-01 -3.408669234172366780e-01 -3.402742071858239070e-01 -3.283829430787826298e-01 -3.248375618997624281e-01 -3.083924134140531570e-01 -2.961944963787993546e-01 -2.917187703250170294e-01 -2.909102727957173506e-01 -2.764803527828429419e-01 -2.689625723900908039e-01 -2.674685194204846628e-01 -2.498261319860217433e-01 -2.156509905687273854e-01 -2.146409233655874604e-01 -2.115704912062435217e-01 -2.055717376720906930e-01 -1.967471536113491737e-01 -1.869673696599974122e-01 -1.798561873918687881e-01 -1.735982914237823027e-01 -1.586442354367068319e-01 -1.563120458985907957e-01 -1.437463241004735826e-01 -1.415784904543395950e-01 -1.406045533758909505e-01 -1.382170610543015377e-01 -1.289290611168702472e-01 -1.252153978487174635e-01 -1.211256786251901224e-01 -1.188445063700987459e-01 -1.121289497334040791e-01 -1.095916018552451909e-01 -1.067257644671317091e-01 -1.019946076700288390e-01 -9.345575807020957415e-02 -9.033180238760830927e-02 -7.882556089765606344e-02 -7.798082709861905992e-02 7.798082709861910156e-02 7.882556089765542506e-02 9.033180238760769865e-02 9.345575807020922721e-02 1.019946076700286308e-01 1.067257644671323336e-01 1.095916018552443583e-01 1.121289497334029828e-01 1.188445063700990234e-01 1.211256786251904416e-01 1.252153978487180741e-01 1.289290611168695810e-01 1.382170610543012323e-01 1.406045533758907284e-01 1.415784904543391787e-01 1.437463241004733883e-01 1.563120458985919337e-01 1.586442354367062213e-01 1.735982914237833297e-01 1.798561873918698706e-01 1.869673696599964685e-01 1.967471536113462593e-01 2.055717376720897493e-01 2.115704912062428833e-01 2.146409233655876825e-01 2.156509905687268858e-01 2.498261319860200225e-01 2.674685194204843852e-01 2.689625723900896936e-01 2.764803527828426088e-01 2.909102727957187384e-01 2.917187703250179731e-01 2.961944963787986329e-01 3.083924134140524909e-01 3.248375618997647596e-01 3.283829430787817416e-01 3.402742071858227968e-01 3.408669234172385654e-01 3.557864228908944049e-01 3.693892845251938728e-01 3.737364502274749256e-01 3.816466495829267114e-01 3.881524031459558377e-01 3.924684506445301757e-01 4.017916168601396443e-01 4.096623681517735927e-01 4.160666347237148011e-01 4.210242410418740255e-01 4.238081433121741459e-01 4.245489167403783126e-01
-4.281497949907704936e-01 -4.245802717695653095e-01 -4.240257869285226633e-01 -4.195625131874626823e-01 -4.130869407290684858e-01 -4.051364160520609659e-01 -3.957224120803755629e-01 -3.884680843299173070e-01 -3.848198726941977066e-01 -3.743158088793100413e-01 -3.724755825478168747e-01 -3.587928702840507134e-01 -3.438033502174752676e-01 -3.404527933597815692e-01 -3.295312209068065323e-01 -3.277032628241750012e-01 -3.112177100340853264e-01 -2.963461735510736772e-01 -2.945817321007444534e-01 -2.928416591080043596e-01 -2.793678182915731445e-01 -2.716095836964090293e-01 -2.698281364868486687e-01 -2.493031548120606122e-01 -2.131965751267535791e-01 -2.118492312264179944e-01 -2.079296361001849724e-01 -2.018819354437636215e-01 -1.931571550699880402e-01 -1.838248181283167748e-01 -1.779904020806416798e-01 -1.702962759662382808e-01 -1.555263377305564632e-01 -1.548461880393466050e-01 -1.431503529691648957e-01 -1.408039451696597999e-01 -1.379521997351331464e-01 -1.373480900467449473e-01 -1.283796817356600561e-01 -1.237046361113859627e-01 -1.192359516945762921e-01 -1.179726697848681033e-01 -1.113319522814627677e-01 -1.087127609506261944e-01 -1.043592272967838741e-01 -1.010365600612255638e-01 -9.127060082434361454e-02 -8.892260467169788019e-02 -7.679169678555970713e-02 -7.610383642989751452e-02 7.610383642989738961e-02 7.679169678555940182e-02 8.892260467169685323e-02 9.127060082434254595e-02 1.010365600612251613e-01 1.043592272967848594e-01 1.087127609506262638e-01 1.113319522814626011e-01 1.179726697848667710e-01 1.192359516945765835e-01 1.237046361113851856e-01 1.283796817356590014e-01 1.373480900467443644e-01 1.379521997351322027e-01 1.408039451696592725e-01 1.431503529691642573e-01 1.548461880393470214e-01 1.555263377305552419e-01 1.702962759662384751e-01 1.779904020806409859e-01 1.838248181283157479e-01 1.931571550699862361e-01 2.018819354437634828e-01 2.079296361001861937e-01 2.118492312264180777e-01 2.131965751267523301e-01 2.493031548120598351e-01 2.698281364868475585e-01 2.716095836964106391e-01 2.793678182915738661e-01 2.928416591080046372e-01 2.945817321007442313e-01 2.963461735510730666e-01 3.112177100340859925e-01 3.277032628241728363e-01 3.295312209068042564e-01 3.404527933597804035e-01 3.438033502174774325e-01 3.587928702840578743e-01 3.724755825478139881e-01 3.743158088793126503e-01 3.848198726941953751e-01 3.884680843299165298e-01 3.957224120803766176e-01 4.051364160520616320e-01 4.130869407290687079e-01 4.195625131874619607e-01 4.240257869285229964e-01 4.245802717695638662e-01 4.281497949907703271e-01
-4.317446208217404213e-01 -4.281328011817164825e-01 -4.243709434054204754e-01 -4.230590530971354291e-01 -4.165164809578357219e-01 -4.084905858598074646e-01 -3.989936608670049956e-01 -3.886540019114570477e-01 -3.880112117947170369e-01 -3.755826419634541447e-01 -3.750508086924432272e-01 -3.618249066735860775e-01 -3.467680669461571941e-01 -3.404951361936510157e-01 -3.308414642916147064e-01 -3.305890256380340508e-01 -3.140800583134743529e-01 -2.974764691027850239e-01 -2.964467405623184004e-01 -2.948740668606534832e-01 -2.822717571853318730e-01 -2.743414764003467288e-01 -2.720972832530226815e-01 -2.485661172044407452e-01 -2.117614102317643132e-01 -2.080453748634846223e-01 -2.042076942118314087e-01 -1.981852079652439980e-01 -1.895494728212377689e-01 -1.809248456455415377e-01 -1.758358292026838965e-01 -1.670114284187456388e-01 -1.534299936212701054e-01 -1.524431787727482945e-01 -1.426420374132030822e-01 -1.402855644583341777e-01 -1.365237738121637956e-01 -1.350669106312807066e-01 -1.278528681325351857e-01 -1.226081063055581566e-01 -1.171905418254877013e-01 -1.168988584378258810e-01 -1.105423715226564046e-01 -1.079113131496649419e-01 -1.018723639292091893e-01 -1.001834878483516961e-01 -8.906368888812822571e-02 -8.759023174271596268e-02 -7.476223342936870464e-02 -7.425425484077595450e-02 7.425425484077545490e-02 7.476223342936828831e-02 8.759023174271642065e-02 8.906368888812739304e-02 1.001834878483513769e-01 1.018723639292087729e-01 1.079113131496650946e-01 1.105423715226552944e-01 1.168988584378252427e-01 1.171905418254871739e-01 1.226081063055560194e-01 1.278528681325348526e-01 1.350669106312800682e-01 1.365237738121640731e-01 1.402855644583328176e-01 1.426420374132024160e-01 1.524431787727478504e-01 1.534299936212689119e-01 1.670114284187464160e-01 1.758358292026845904e-01 1.809248456455405385e-01 1.895494728212374913e-01 1.981852079652419996e-01 2.042076942118315475e-01 2.080453748634852884e-01 2.117614102317629809e-01 2.485661172044397182e-01 2.720972832530189067e-01 2.743414764003458406e-01 2.822717571853292085e-01 2.948740668606540938e-01 2.964467405623165686e-01 2.974764691027842467e-01 3.140800583134722435e-01 3.305890256380328296e-01 3.308414642916167048e-01 3.404951361936504051e-01 3.467680669461571941e-01 3.618249066735871877e-01 3.750508086924412843e-01 3.755826419634519242e-01 3.880112117947177031e-01 3.886540019114554934e-01 3.989936608670057727e-01 4.084905858598068540e-01 4.165164809578372762e-01 4.230590530971364283e-01 4.243709434054174223e-01 4.281328011817151502e-01 4.317446208217405879e-01
-4.353327203146712954e-01 -4.316816880941369838e-01 -4.265551110454224304e-01 -4.248528479327383645e-01 -4.199495613483824052e-01 -4.118523922752781452e-01 -4.022779105510964071e-01 -3.912183971992603260e-01 -3.887035545946138093e-01 -3.787069682314936347e-01 -3.759425760390604498e-01 -3.648798462567441336e-01 -3.497583186135110878e-01 -3.404180666650092890e-01 -3.334774380982576947e-01 -3.323003928804316165e-01 -3.169744349098060354e-01 -3.003990767187765254e-01 -2.969872984963760065e-01 -2.965679524538547551e-01 -2.851817126716965634e-01 -2.771357776286046959e-01 -2.742183420161441454e-01 -2.476490631176649637e-01 -2.102849234143983337e-01 -2.042397531876211925e-01 -2.004593937448721219e-01 -1.944837233168306700e-01 -1.859281393409448202e-01 -1.783808434996328740e-01 -1.732832689184524433e-01 -1.637685253152015852e-01 -1.520511188215659670e-01 -1.494578384365931045e-01 -1.421688416781340392e-01 -1.398224281144607728e-01 -1.357387584140607173e-01 -1.322056754286916880e-01 -1.272972910900280197e-01 -1.217491600652609723e-01 -1.164884035370399168e-01 -1.143078476980268765e-01 -1.097595414161414845e-01 -1.071415262961660925e-01 -9.942261563484693088e-02 -9.933240485553870847e-02 -8.685844218932804728e-02 -8.633491040337275269e-02 -7.274256610596580019e-02 -7.243262126179739191e-02 7.243262126179712823e-02 7.274256610596524508e-02 8.633491040337183675e-02 8.685844218932686767e-02 9.933240485553797294e-02 9.942261563484583453e-02 1.071415262961657594e-01 1.097595414161411237e-01 1.143078476980268765e-01 1.164884035370386817e-01 1.217491600652600564e-01 1.272972910900277421e-01 1.322056754286903557e-01 1.357387584140602454e-01 1.398224281144612724e-01 1.421688416781336783e-01 1.494578384365924106e-01 1.520511188215643572e-01 1.637685253152030562e-01 1.732832689184536090e-01 1.783808434996323466e-01 1.859281393409441263e-01 1.944837233168301149e-01 2.004593937448724272e-01 2.042397531876228856e-01 2.102849234143958634e-01 2.476490631176626600e-01 2.742183420161424801e-01 2.771357776286044738e-01 2.851817126716987283e-01 2.965679524538542555e-01 2.969872984963749518e-01 3.003990767187757482e-01 3.169744349098039260e-01 3.323003928804312279e-01 3.334774380982569175e-01 3.404180666650095111e-01 3.497583186135115318e-01 3.648798462567439671e-01 3.759425760390639470e-01 3.787069682314943564e-01 3.887035545946153081e-01 3.912183971992594933e-01 4.022779105510961295e-01 4.118523922752797550e-01 4.199495613483827383e-01 4.248528479327360330e-01 4.265551110454218198e-01 4.316816880941370949e-01 4.353327203146704627e-01
-4.389117365235997714e-01 -4.352260259685224453e-01 -4.300495696653685029e-01 -4.254775104382186868e-01 -4.233848615185651920e-01 -4.152202384472244989e-01 -4.055726924827639523e-01 -3.944393684679224910e-01 -3.886153026709757152e-01 -3.818429580383345123e-01 -3.769870707635387674e-01 -3.679551969184896576e-01 -3.527715606439809082e-01 -3.402933566599954940e-01 -3.363032769198204264e-01 -3.338919358818950855e-01 -3.198968513534733993e-01 -3.033467155008203742e-01 -2.991607169628636154e-01 -2.968109294869773485e-01 -2.880812722410839855e-01 -2.799758648256989169e-01 -2.761130298338932976e-01 -2.465785710223102889e-01 -2.087579159353536162e-01 -2.004326646703543935e-01 -1.966983592801484770e-01 -1.907799090978889445e-01 -1.822963971679141537e-01 -1.761864824654863493e-01 -1.703434651147985313e-01 -1.606100043533106869e-01 -1.506852079653843435e-01 -1.467258631914315492e-01 -1.416040074129408244e-01 -1.393869293811992871e-01 -1.349695230811500946e-01 -1.296000413689860908e-01 -1.265133270476577754e-01 -1.210160717908479455e-01 -1.158524418402480105e-01 -1.115934405866311901e-01 -1.089832073581837313e-01 -1.063887912943122932e-01 -9.873990487538931993e-02 -9.677647713977077792e-02 -8.515269095476776795e-02 -8.467614800627193405e-02 -7.073849535896363505e-02 -7.063815700760518734e-02 7.063815700760538163e-02 7.073849535896280238e-02 8.467614800627119853e-02 8.515269095476676875e-02 9.677647713977127752e-02 9.873990487538829297e-02 1.063887912943125014e-01 1.089832073581833427e-01 1.115934405866314677e-01 1.158524418402493983e-01 1.210160717908468769e-01 1.265133270476572203e-01 1.296000413689858410e-01 1.349695230811500668e-01 1.393869293812009802e-01 1.416040074129415738e-01 1.467258631914303002e-01 1.506852079653842602e-01 1.606100043533106869e-01 1.703434651147974210e-01 1.761864824654852668e-01 1.822963971679138206e-01 1.907799090978901657e-01 1.966983592801497815e-01 2.004326646703529502e-01 2.087579159353512015e-01 2.465785710223081240e-01 2.761130298338937972e-01 2.799758648256996385e-01 2.880812722410832083e-01 2.968109294869781811e-01 2.991607169628642260e-01 3.033467155008187643e-01 3.198968513534726776e-01 3.338919358818965288e-01 3.363032769198193717e-01 3.402933566599954940e-01 3.527715606439856821e-01 3.679551969184908233e-01 3.769870707635405438e-01 3.818429580383347899e-01 3.886153026709738278e-01 3.944393684679238787e-01 4.055726924827663393e-01 4.152202384472222785e-01 4.233848615185680231e-01 4.254775104382216289e-01 4.300495696653698907e-01 4.352260259685232224e-01 4.389117365236005486e-01
-4.400395087198772925e-01 -4.387651192119861321e-01 -4.335411425389441575e-01 -4.268214751021705555e-01 -4.262460458840606203e-01 -4.185926397047474157e-01 -4.088760716895075142e-01 -3.976722308002767492e-01 -3.884064633990161330e-01 -3.849711429950895547e-01 -3.781759709336600661e-01 -3.710485821808929829e-01 -3.558054147008899992e-01 -3.406593133170056631e-01 -3.385417910470226999e-01 -3.355986309666672551e-01 -3.228439125572052926e-01 -3.063168793804267320e-01 -3.013733830119266766e-01 -2.973120607691618345e-01 -2.909403115285756902e-01 -2.828488302443123437e-01 -2.776829155048830544e-01 -2.453755558598675612e-01 -2.071797017340729907e-01 -1.966243961468124024e-01 -1.929297126667240125e-01 -1.870768912976471243e-01 -1.786571671302445430e-01 -1.742240411913668907e-01 -1.671385002420226196e-01 -1.576135021220826660e-01 -1.492791548362566723e-01 -1.446422810589114982e-01 -1.406204802476042348e-01 -1.389595241596179032e-01 -1.341534568573317376e-01 -1.279159136632543048e-01 -1.248629356642748378e-01 -1.203581343968892076e-01 -1.152589275121105733e-01 -1.088318511028339847e-01 -1.082127811869543488e-01 -1.056474214590160943e-01 -9.811509753452758720e-02 -9.423726748700136935e-02 -8.403269614289900213e-02 -8.253713652628730246e-02 -6.886856435424133782e-02 -6.875608983099659732e-02 6.875608983099662508e-02 6.886856435424100475e-02 8.253713652628748287e-02 8.403269614289754497e-02 9.423726748700254896e-02 9.811509753452682392e-02 1.056474214590165661e-01 1.082127811869542794e-01 1.088318511028347063e-01 1.152589275121105178e-01 1.203581343968899292e-01 1.248629356642766836e-01 1.279159136632548044e-01 1.341534568573323205e-01 1.389595241596189579e-01 1.406204802476052895e-01 1.446422810589113317e-01 1.492791548362553955e-01 1.576135021220841648e-01 1.671385002420223975e-01 1.742240411913665021e-01 1.786571671302446540e-01 1.870768912976471243e-01 1.929297126667220696e-01 1.966243961468110146e-01 2.071797017340724356e-01 2.453755558598634812e-01 2.776829155048818887e-01 2.828488302443166180e-01 2.909403115285757457e-01 2.973120607691653317e-01 3.013733830119277868e-01 3.063168793804273426e-01 3.228439125572058477e-01 3.355986309666684764e-01 3.385417910470205904e-01 3.406593133170061627e-01 3.558054147008893886e-01 3.710485821808931495e-01 3.781759709336586783e-01 3.849711429950879449e-01 3.884064633990166882e-01 3.976722308002716422e-01 4.088760716895084024e-01 4.185926397047466385e-01 4.262460458840646171e-01 4.268214751021714437e-01 4.335411425389454898e-01 4.387651192119873533e-01 4.400395087198774591e-01
-4.422983173898316078e-01 -4.398311492730317407e-01 -4.370266936711221795e-01 -4.302576277377646030e-01 -4.271562412931896313e-01 -4.219681919331529918e-01 -4.121863690251538759e-01 -4.009152296792654613e-01 -3.885818960858566373e-01 -3.875894917139354745e-01 -3.794979110201679995e-01 -3.741576008079479099e-01 -3.588576274914187514e-01 -3.428995474420253320e-01 -3.388298426429366406e-01 -3.374025668476548501e-01 -3.258125704858456650e-01 -3.093072759383332371e-01 -3.036031501916015563e-01 -2.982420007978830445e-01 -2.936992527807458786e-01 -2.857438543212797444e-01 -2.788250755170208484e-01 -2.440566843809983677e-01 -2.055521573229737720e-01 -1.928152415422583199e-01 -1.891559651807940001e-01 -1.833793223110088411e-01 -1.750134352163636997e-01 -1.723841509735115907e-01 -1.637814799044940428e-01 -1.549183269180590961e-01 -1.477269562277842563e-01 -1.436029864413032042e-01 -1.389774372144272629e-01 -1.385163879239484919e-01 -1.331414032575734541e-01 -1.271996583295937344e-01 -1.223480516166884080e-01 -1.197511801215342536e-01 -1.146594667514319044e-01 -1.074551877920983528e-01 -1.060811192222899518e-01 -1.049145668289245409e-01 -9.751087862947059592e-02 -9.175489066768259538e-02 -8.295162850280497768e-02 -8.046163740715973900e-02 -6.711991291142127558e-02 -6.680153652339404502e-02 6.680153652339421155e-02 6.711991291142141436e-02 8.046163740716041901e-02 8.295162850280507483e-02 9.175489066768321988e-02 9.751087862946913876e-02 1.049145668289233335e-01 1.060811192222894522e-01 1.074551877920984222e-01 1.146594667514315574e-01 1.197511801215341981e-01 1.223480516166882553e-01 1.271996583295937344e-01 1.331414032575744810e-01 1.385163879239483531e-01 1.389774372144276238e-01 1.436029864413021218e-01 1.477269562277840897e-01 1.549183269180586797e-01 1.637814799044938763e-01 1.723841509735112021e-01 1.750134352163630058e-01 1.833793223110094794e-01 1.891559651807934450e-01 1.928152415422576538e-01 2.055521573229724397e-01 2.440566843809980624e-01 2.788250755170214590e-01 2.857438543212756921e-01 2.936992527807455455e-01 2.982420007978826559e-01 3.036031501916005015e-01 3.093072759383292958e-01 3.258125704858431115e-01 3.374025668476582918e-01 3.388298426429379173e-01 3.428995474420246659e-01 3.588576274914205277e-01 3.741576008079510185e-01 3.794979110201691097e-01 3.875894917139360851e-01 3.885818960858575810e-01 4.009152296792655168e-01 4.121863690251535428e-01 4.219681919331536024e-01 4.271562412931906860e-01 4.302576277377661018e-01 4.370266936711235672e-01 4.398311492730324068e-01 4.422983173898313303e-01
-4.458250047125018045e-01 -4.405366534662353284e-01 -4.394549275077487271e-01 -4.336928234919148473e-01 -4.282009685691294254e-01 -4.253455148188285406e-01 -4.155020666657638362e-01 -4.041667312733354112e-01 -3.914593586855125706e-01 -3.873879178141918511e-01 -3.809400099480877433e-01 -3.772794050592853110e-01 -3.619260196994334988e-01 -3.457842785297400856e-01 -3.392858515464329261e-01 -3.384249916049887341e-01 -3.287999521768301681e-01 -3.123157710347544969e-01 -3.058252687248866342e-01 -2.997762676912302249e-01 -2.962628253631453545e-01 -2.886508852137374403e-01 -2.794670015140702235e-01 -2.426354279398511837e-01 -2.038781251833564900e-01 -1.890055241851040235e-01 -1.853786222897032820e-01 -1.796952187831668823e-01 -1.713687230945597495e-01 -1.706014187134602678e-01 -1.603394996757600277e-01 -1.527207533196890121e-01 -1.458819814101025847e-01 -1.432717668614247319e-01 -1.380198103259532572e-01 -1.372899525761689110e-01 -1.316624889575803425e-01 -1.268085011547934737e-01 -1.197254056497076280e-01 -1.191793871613752165e-01 -1.139380268238606025e-01 -1.067065054141828340e-01 -1.041875019822178505e-01 -1.034434375376239723e-01 -9.684474620591057570e-02 -8.938972081028170868e-02 -8.186328714055622624e-02 -7.847018978141935552e-02 -6.538671847459727460e-02 -6.488097867958726728e-02 6.488097867958676768e-02 6.538671847459759379e-02 7.847018978142047962e-02 8.186328714055569888e-02 8.938972081028052907e-02 9.684474620591124183e-02 1.034434375376233756e-01 1.041875019822166293e-01 1.067065054141820291e-01 1.139380268238603944e-01 1.191793871613753136e-01 1.197254056497077251e-01 1.268085011547925578e-01 1.316624889575812030e-01 1.372899525761694661e-01 1.380198103259532572e-01 1.432717668614250928e-01 1.458819814101023904e-01 1.527207533196895950e-01 1.603394996757592783e-01 1.706014187134615723e-01 1.713687230945593887e-01 1.796952187831669934e-01 1.853786222897049751e-01 1.890055241851040235e-01 2.038781251833572672e-01 2.426354279398499347e-01 2.794670015140696129e-01 2.886508852137360526e-01 2.962628253631454101e-01 2.997762676912296698e-01 3.058252687248851354e-01 3.123157710347534421e-01 3.287999521768278366e-01 3.384249916049876239e-01 3.392858515464304836e-01 3.457842785297405297e-01 3.619260196994332213e-01 3.772794050592868098e-01 3.809400099480861335e-01 3.873879178141897972e-01 3.914593586855111829e-01 4.041667312733332462e-01 4.155020666657627260e-01 4.253455148188315937e-01 4.282009685691296474e-01 4.336928234919157910e-01 4.394549275077473949e-01 4.405366534662312206e-01 4.458250047125023041e-01
-4.493445940892296098e-01 -4.440032391681392188e-01 -4.389826050049105421e-01 -4.371259713084343912e-01 -4.293708685130911973e-01 -4.287230939818720832e-01 -4.188217614156133362e-01 -4.074252045604756511e-01 -3.946287595615385335e-01 -3.867886301320003772e-01 -3.824909184197929912e-01 -3.804085568450632504e-01 -3.650084035344662303e-01 -3.487755354639000549e-01 -3.412306730183691794e-01 -3.379015606447631770e-01 -3.318031970597591362e-01 -3.153403437550647559e-01 -3.080105415407596858e-01 -3.019591433217148069e-01 -2.986026881299404523e-01 -2.915593516560159304e-01 -2.795996564156302266e-01 -2.411228371018304395e-01 -2.021608884944997853e-01 -1.851956317109520189e-01 -1.815987557242293715e-01 -1.760406742985478334e-01 -1.688344448612455195e-01 -1.677278940722293221e-01 -1.568497237595950222e-01 -1.511466366123560556e-01 -1.437098783716157235e-01 -1.432560146572434412e-01 -1.373915186706361757e-01 -1.361356926192970052e-01 -1.295457545695571644e-01 -1.265325593765581069e-01 -1.186237970225436783e-01 -1.174859505539176258e-01 -1.128116339084635766e-01 -1.059760756436463613e-01 -1.034609962720311471e-01 -1.011161080433186227e-01 -9.592034879011587800e-02 -8.723893915225913731e-02 -8.068310300676863334e-02 -7.658351759350862098e-02 -6.366234303855927701e-02 -6.300033446276756544e-02 6.300033446276691318e-02 6.366234303855898558e-02 7.658351759350894017e-02 8.068310300676863334e-02 8.723893915225897078e-02 9.592034879011726578e-02 1.011161080433181925e-01 1.034609962720311471e-01 1.059760756436451262e-01 1.128116339084643538e-01 1.174859505539173343e-01 1.186237970225429011e-01 1.265325593765591061e-01 1.295457545695572754e-01 1.361356926192975048e-01 1.373915186706358704e-01 1.432560146572441906e-01 1.437098783716160288e-01 1.511466366123551119e-01 1.568497237595951610e-01 1.677278940722304046e-01 1.688344448612473236e-01 1.760406742985475281e-01 1.815987557242286776e-01 1.851956317109514361e-01 2.021608884944990081e-01 2.411228371018318828e-01 2.795996564156284503e-01 2.915593516560137655e-01 2.986026881299380653e-01 3.019591433217148069e-01 3.080105415407581315e-01 3.153403437550661992e-01 3.318031970597610236e-01 3.379015606447648978e-01 3.412306730183718440e-01 3.487755354639021088e-01 3.650084035344617339e-01 3.804085568450648602e-01 3.824909184197942125e-01 3.867886301320019315e-01 3.946287595615367016e-01 4.074252045604749850e-01 4.188217614156130031e-01 4.287230939818718611e-01 4.293708685130891434e-01 4.371259713084353349e-01 4.389826050049103756e-01 4.440032391681380530e-01 4.493445940892278889e-01
-4.528565224497675401e-01 -4.474766525589725097e-01 -4.405561618771710597e-01 -4.383721409744702480e-01 -4.320985476657175361e-01 -4.306544430268081647e-01 -4.221441293175764442e-01 -4.106892023408297288e-01 -3.978245432145994798e-01 -3.860735186793534668e-01 -3.841722628881131807e-01 -3.835061791326093150e-01 -3.681024143494052159e-01 -3.518070232511825712e-01 -3.432190460153132228e-01 -3.373731277635809156e-01 -3.348192438596088172e-01 -3.183790348011160121e-01 -3.101231943799197532e-01 -3.045914381881770217e-01 -3.008710462480262970e-01 -2.944565593401025083e-01 -2.792758930106693516e-01 -2.395281139415250671e-01 -2.004039910224773291e-01 -1.813860824098389168e-01 -1.778172623062295454e-01 -1.724538751944960369e-01 -1.670369601545737548e-01 -1.640989222184975060e-01 -1.533361991945904335e-01 -1.501288383360917800e-01 -1.434083154131779447e-01 -1.414865497141436779e-01 -1.364356859814390976e-01 -1.354891420237059607e-01 -1.269948422418686329e-01 -1.263178958778242433e-01 -1.180471211196578718e-01 -1.160404378367924372e-01 -1.109261603017486914e-01 -1.052729197755845614e-01 -1.027223810070656690e-01 -9.943463786902224932e-02 -9.440059535205762298e-02 -8.543781890019275238e-02 -7.928742403505997793e-02 -7.482180164813195811e-02 -6.193981850582315485e-02 -6.116508370880542611e-02 6.116508370880579387e-02 6.193981850582274545e-02 7.482180164813088952e-02 7.928742403505950609e-02 8.543781890019150338e-02 9.440059535205803931e-02 9.943463786902277668e-02 1.027223810070658078e-01 1.052729197755855189e-01 1.109261603017494963e-01 1.160404378367921735e-01 1.180471211196584408e-01 1.263178958778238548e-01 1.269948422418683831e-01 1.354891420237076538e-01 1.364356859814390976e-01 1.414865497141443162e-01 1.434083154131797766e-01 1.501288383360917522e-01 1.533361991945895175e-01 1.640989222184977836e-01 1.670369601545722282e-01 1.724538751944958703e-01 1.778172623062294344e-01 1.813860824098399716e-01 2.004039910224779120e-01 2.395281139415244009e-01 2.792758930106714055e-01 2.944565593400995107e-01 3.008710462480238546e-01 3.045914381881761890e-01 3.101231943799194202e-01 3.183790348011145688e-01 3.348192438596092058e-01 3.373731277635769743e-01 3.432190460153151657e-01 3.518070232511807949e-01 3.681024143494032175e-01 3.835061791326094816e-01 3.841722628881129031e-01 3.860735186793546880e-01 3.978245432146023108e-01 4.106892023408298398e-01 4.221441293175716147e-01 4.306544430268082202e-01 4.320985476657166480e-01 4.383721409744693043e-01 4.405561618771706156e-01 4.474766525589720656e-01 4.528565224497668185e-01
-4.563602467663717133e-01 -4.509449130899289560e-01 -4.439825425390885316e-01 -4.376568319401295537e-01 -4.354596235549551553e-01 -4.320389592849093185e-01 -4.254678790654731202e-01 -4.139573365615248912e-01 -4.010321335088887218e-01 -3.867814690706006253e-01 -3.857573986514261088e-01 -3.852780660190854856e-01 -3.712050816759244753e-01 -3.548620903899076251e-01 -3.452323542809243029e-01 -3.378444687384258849e-01 -3.369177413068573101e-01 -3.214298697748082523e-01 -3.121192504373978549e-01 -3.074472881885343956e-01 -3.032164621600798027e-01 -2.973252122173605794e-01 -2.785777792061205349e-01 -2.378590389722198550e-01 -1.986111940238808049e-01 -1.775776723645990651e-01 -1.740350270467637683e-01 -1.690411757655668756e-01 -1.651041290932046823e-01 -1.604976997369105263e-01 -1.498249174086774271e-01 -1.495093978988497330e-01 -1.436662059910863154e-01 -1.397491999316002598e-01 -1.351463455330469687e-01 -1.347825581496489844e-01 -1.261423932226450051e-01 -1.243499305034880958e-01 -1.173589781811919946e-01 -1.152656299585759492e-01 -1.084456071672427191e-01 -1.046107401817648608e-01 -1.019384656014770407e-01 -9.848494394002578478e-02 -9.219131428401924899e-02 -8.409355875892247922e-02 -7.757996564283016483e-02 -7.320336891032554194e-02 -6.021307913142674023e-02 -5.938000545484424519e-02 5.938000545484430764e-02 6.021307913142565776e-02 7.320336891032508397e-02 7.757996564283012320e-02 8.409355875892071674e-02 9.219131428401801387e-02 9.848494394002617336e-02 1.019384656014769297e-01 1.046107401817643751e-01 1.084456071672425387e-01 1.152656299585762545e-01 1.173589781811910926e-01 1.243499305034872632e-01 1.261423932226435618e-01 1.347825581496493452e-01 1.351463455330462748e-01 1.397491999316002598e-01 1.436662059910856215e-01 1.495093978988498162e-01 1.498249174086783153e-01 1.604976997369116920e-01 1.651041290932050154e-01 1.690411757655660707e-01 1.740350270467631855e-01 1.775776723645993982e-01 1.986111940238788065e-01 2.378590389722218812e-01 2.785777792061231994e-01 2.973252122173620782e-01 3.032164621600808019e-01 3.074472881885326747e-01 3.121192504373963006e-01 3.214298697748076972e-01 3.369177413068566440e-01 3.378444687384241085e-01 3.452323542809220824e-01 3.548620903899071255e-01 3.712050816759260852e-01 3.852780660190829876e-01 3.857573986514248876e-01 3.867814690705978498e-01 4.010321335088866679e-01 4.139573365615228373e-01 4.254678790654729537e-01 4.320389592849094851e-01 4.354596235549590411e-01 4.376568319401303309e-01 4.439825425390909186e-01 4.509449130899302327e-01 4.563602467663737672e-01
-4.598552405109674890e-01 -4.544066346279874713e-01 -4.474043063605536719e-01 -4.388870659014888487e-01 -4.367692986118765774e-01 -4.335111031847490026e-01 -4.287916418610721592e-01 -4.172282365354463285e-01 -4.042473210085654189e-01 -3.899225745526992415e-01 -3.875404914975077442e-01 -3.844338076360470091e-01 -3.743114212889852022e-01 -3.579339300416500835e-01 -3.472508814346910722e-01 -3.408739464596466373e-01 -3.366201947813073914e-01 -3.244907171466864249e-01 -3.139479502120176013e-01 -3.104092387348196258e-01 -3.056798302210184115e-01 -3.001389981429878340e-01 -2.775855346179236238e-01 -2.361222935109948406e-01 -1.967865007660650201e-01 -1.737718585884645561e-01 -1.702530945479183710e-01 -1.660800731795182839e-01 -1.627659932329652837e-01 -1.569648603849028712e-01 -1.491395750991927061e-01 -1.464156381263938822e-01 -1.439218658106404258e-01 -1.387418235766688102e-01 -1.349736536354683436e-01 -1.323350406107709210e-01 -1.259822818830703406e-01 -1.219789655148399848e-01 -1.163384454513833877e-01 -1.147941345848010469e-01 -1.058284573651086247e-01 -1.040077481386427194e-01 -1.010140663882978518e-01 -9.795982198628032378e-02 -8.958443747296268578e-02 -8.319145154361920480e-02 -7.558565868278466215e-02 -7.174298086735046709e-02 -5.847838317022370502e-02 -5.764884606295066216e-02 5.764884606295074543e-02 5.847838317022323318e-02 7.174298086734959279e-02 7.558565868278420419e-02 8.319145154361776151e-02 8.958443747296236659e-02 9.795982198627978255e-02 1.010140663882969775e-01 1.040077481386428859e-01 1.058284573651077920e-01 1.147941345848013245e-01 1.163384454513842203e-01 1.219789655148399016e-01 1.259822818830695634e-01 1.323350406107699773e-01 1.349736536354669558e-01 1.387418235766686436e-01 1.439218658106407311e-01 1.464156381263929108e-01 1.491395750991933722e-01 1.569648603849021495e-01 1.627659932329656167e-01 1.660800731795167851e-01 1.702530945479179270e-01 1.737718585884623912e-01 1.967865007660654642e-01 2.361222935109957843e-01 2.775855346179251226e-01 3.001389981429903320e-01 3.056798302210173568e-01 3.104092387348197368e-01 3.139479502120173238e-01 3.244907171466889784e-01 3.366201947813080575e-01 3.408739464596480806e-01 3.472508814346876860e-01 3.579339300416492509e-01 3.743114212889878112e-01 3.844338076360434564e-01 3.875404914975079107e-01 3.899225745527009623e-01 4.042473210085657520e-01 4.172282365354463285e-01 4.287916418610687175e-01 4.335111031847495022e-01 4.367692986118760223e-01 4.388870659014886266e-01 4.474043063605555037e-01 4.544066346279899693e-01 4.598552405109704866e-01
-4.633409902744372033e-01 -4.578610106041640093e-01 -4.508206854119052864e-01 -4.422418335703031667e-01 -4.358641228398184020e-01 -4.350577297091474116e-01 -4.321135235940068431e-01 -4.205004538270536441e-01 -4.074678418241624023e-01 -3.930893731731808782e-01 -3.893434150194197696e-01 -3.835845995014093845e-01 -3.774076920562794979e-01 -3.610187431013550663e-01 -3.492538946260635990e-01 -3.438996942381676858e-01 -3.365766562694458841e-01 -3.275589689333988641e-01 -3.155623435579947844e-01 -3.134266135348814930e-01 -3.082495852287837623e-01 -3.028541077445601193e-01 -2.763639594337243821e-01 -2.343237065256008056e-01 -1.949342252419701549e-01 -1.699719919238593946e-01 -1.664729746243947539e-01 -1.638341944370358683e-01 -1.597701441838457193e-01 -1.536489145381418064e-01 -1.488084387295467992e-01 -1.448384469206090985e-01 -1.424574505134739433e-01 -1.381995036245502462e-01 -1.348846616193266346e-01 -1.295309283187913441e-01 -1.257465645014818612e-01 -1.203064324289967041e-01 -1.146410786863356623e-01 -1.144322982873543920e-01 -1.035261688219066833e-01 -1.034831720815645173e-01 -9.968347238776942287e-02 -9.760264543372072776e-02 -8.681492084948623511e-02 -8.262948384032135773e-02 -7.341562190474885952e-02 -7.045001650605965671e-02 -5.673551524729436579e-02 -5.597389817270823076e-02 5.597389817270814055e-02 5.673551524729487927e-02 7.045001650605918486e-02 7.341562190474820726e-02 8.262948384032131610e-02 8.681492084948544408e-02 9.760264543371904855e-02 9.968347238776874286e-02 1.034831720815652389e-01 1.035261688219074466e-01 1.144322982873543920e-01 1.146410786863357040e-01 1.203064324289972731e-01 1.257465645014824440e-01 1.295309283187917881e-01 1.348846616193285775e-01 1.381995036245507458e-01 1.424574505134739433e-01 1.448384469206096536e-01 1.488084387295482980e-01 1.536489145381418064e-01 1.597701441838466907e-01 1.638341944370358960e-01 1.664729746243946151e-01 1.699719919238592836e-01 1.949342252419684896e-01 2.343237065256030816e-01 2.763639594337247152e-01 3.028541077445633944e-01 3.082495852287862603e-01 3.134266135348839910e-01 3.155623435579940073e-01 3.275589689334009180e-01 3.365766562694482711e-01 3.438996942381699062e-01 3.492538946260672073e-01 3.610187431013562875e-01 3.774076920562797754e-01 3.835845995014088849e-01 3.893434150194196586e-01 3.930893731731787133e-01 4.074678418241606259e-01 4.205004538270512016e-01 4.321135235940064545e-01 4.350577297091479112e-01 4.358641228398187906e-01 4.422418335703042769e-01 4.508206854119070073e-01 4.578610106041641203e-01 4.633409902744384801e-01
-4.668169920598756462e-01 -4.613073692487911215e-01 -4.542309450835338436e-01 -4.456069215009979545e-01 -4.366699147158658034e-01 -4.354271197195321852e-01 -4.348768116046110022e-01 -4.237721655884690297e-01 -4.106920519617001109e-01 -3.962651367874616137e-01 -3.911634875555622948e-01 -3.828609417094520628e-01 -3.804002544589608625e-01 -3.641139201620083310e-01 -3.512223226300452139e-01 -3.469057854007032704e-01 -3.368836641746930649e-01 -3.306306653406191898e-01 -3.169491296200354080e-01 -3.164761191930481887e-01 -3.109022090727541210e-01 -3.053928406285886243e-01 -2.749613008728023500e-01 -2.324684467996160075e-01 -1.930591005937273841e-01 -1.661888525588744170e-01 -1.626974425527791535e-01 -1.620871724685590543e-01 -1.563422402146537327e-01 -1.512634806669984899e-01 -1.477733573274655765e-01 -1.452488244521044081e-01 -1.391925934278868959e-01 -1.378929568912736492e-01 -1.347586133402848274e-01 -1.272938863658302777e-01 -1.247892279936747423e-01 -1.194084236392484732e-01 -1.140947413635930718e-01 -1.122536811077170654e-01 -1.030431349943492919e-01 -1.019632341604233966e-01 -9.760150845143786280e-02 -9.728101862352399321e-02 -8.399170493110356961e-02 -8.230836834093580023e-02 -7.117567140358124766e-02 -6.932669731831087034e-02 -5.498835151934945709e-02 -5.435547869041919278e-02 5.435547869042000463e-02 5.498835151934899218e-02 6.932669731831100912e-02 7.117567140358020683e-02 8.230836834093707699e-02 8.399170493110399982e-02 9.728101862352384055e-02 9.760150845143772402e-02 1.019632341604240489e-01 1.030431349943479874e-01 1.122536811077167879e-01 1.140947413635932245e-01 1.194084236392484316e-01 1.247892279936745757e-01 1.272938863658306663e-01 1.347586133402857156e-01 1.378929568912733439e-01 1.391925934278869514e-01 1.452488244521041583e-01 1.477733573274648549e-01 1.512634806669977960e-01 1.563422402146520673e-01 1.620871724685588877e-01 1.626974425527785706e-01 1.661888525588734733e-01 1.930591005937276339e-01 2.324684467996163406e-01 2.749613008728015728e-01 3.053928406285852937e-01 3.109022090727524557e-01 3.164761191930488549e-01 3.169491296200364072e-01 3.306306653406195228e-01 3.368836641746939531e-01 3.469057854007051023e-01 3.512223226300461021e-01 3.641139201620107180e-01 3.804002544589606960e-01 3.828609417094492873e-01 3.911634875555645707e-01 3.962651367874624464e-01 4.106920519617009990e-01 4.237721655884657546e-01 4.348768116046115018e-01 4.354271197195339616e-01 4.366699147158648597e-01 4.456069215009983986e-01 4.542309450835341766e-01 4.613073692487903998e-01 4.668169920598766454e-01
-4.702827459877224059e-01 -4.647450931009373121e-01 -4.576343787363371662e-01 -4.489693092302085020e-01 -4.388022502395975133e-01 -4.382620661247066396e-01 -4.338437633945994576e-01 -4.270397764717041023e-01 -4.139185778683726058e-01 -3.994463090737316868e-01 -3.929827988776150027e-01 -3.840026919873088529e-01 -3.815957298981215717e-01 -3.672174097114322411e-01 -3.531523146246074440e-01 -3.498521291511738074e-01 -3.376152430910051572e-01 -3.336974192856629329e-01 -3.195456166926133323e-01 -3.181823821655782036e-01 -3.136150692866717660e-01 -3.076163222791501450e-01 -2.734125563463074005e-01 -2.305611755853753386e-01 -1.911664334005873933e-01 -1.624883207898658588e-01 -1.605384357095018533e-01 -1.589335229969938423e-01 -1.527429597049028143e-01 -1.506808127590046620e-01 -1.458426636363259754e-01 -1.451732976257238128e-01 -1.376947810071221523e-01 -1.364983874272922282e-01 -1.339943189666887857e-01 -1.267400513553877672e-01 -1.221234667931523771e-01 -1.189764009341880147e-01 -1.137376072504131946e-01 -1.095834162079337148e-01 -1.026356720611135975e-01 -1.010000245248263290e-01 -9.692339223932006087e-02 -9.495532521706513684e-02 -8.215339420948336580e-02 -8.117234363045772172e-02 -6.894020215418367181e-02 -6.836589177455147659e-02 -5.324460384881818387e-02 -5.279131860046002572e-02 5.279131860046038655e-02 5.324460384881811448e-02 6.836589177455235089e-02 6.894020215418353303e-02 8.117234363045763845e-02 8.215339420948319926e-02 9.495532521706430418e-02 9.692339223931929759e-02 1.010000245248265371e-01 1.026356720611139445e-01 1.095834162079348667e-01 1.137376072504123481e-01 1.189764009341881396e-01 1.221234667931522105e-01 1.267400513553882113e-01 1.339943189666885637e-01 1.364983874272918674e-01 1.376947810071212919e-01 1.451732976257238406e-01 1.458426636363261419e-01 1.506808127590038571e-01 1.527429597049025367e-01 1.589335229969936203e-01 1.605384357095020198e-01 1.624883207898655535e-01 1.911664334005863386e-01 2.305611755853753386e-01 2.734125563463057906e-01 3.076163222791492569e-01 3.136150692866693235e-01 3.181823821655791473e-01 3.195456166926135544e-01 3.336974192856649868e-01 3.376152430910041025e-01 3.498521291511758613e-01 3.531523146246085543e-01 3.672174097114310198e-01 3.815957298981209611e-01 3.840026919873084088e-01 3.929827988776153913e-01 3.994463090737278010e-01 4.139185778683741046e-01 4.270397764717050459e-01 4.338437633946016225e-01 4.382620661247058069e-01 4.388022502395977353e-01 4.489693092302085020e-01 4.576343787363366111e-01 4.647450931009377006e-01 4.702827459877235716e-01
-4.737377450750149821e-01 -4.681735948138979753e-01 -4.610303020318756717e-01 -4.523268591384367321e-01 -4.420895912526688343e-01 -4.399669274873378999e-01 -4.328119684930010203e-01 -4.302822471357064527e-01 -4.171461923995847809e-01 -4.026310239225200927e-01 -3.947784490243323452e-01 -3.870029122437423919e-01 -3.810598575625757101e-01 -3.703274501329893442e-01 -3.551129665050848927e-01 -3.526142412956904115e-01 -3.388132981666497345e-01 -3.367308142884194444e-01 -3.226278711185592285e-01 -3.194676337628115093e-01 -3.163687781221160011e-01 -3.093058033363293435e-01 -2.717431696798642826e-01 -2.286061710247234979e-01 -1.892623190596022520e-01 -1.597793890422723184e-01 -1.582093907230597285e-01 -1.552120227054487045e-01 -1.508657849479768942e-01 -1.490744107055278211e-01 -1.465166298787721755e-01 -1.421739340357250914e-01 -1.373962342118818236e-01 -1.357272752942473848e-01 -1.313149962212024346e-01 -1.268051644792005106e-01 -1.188775239934918709e-01 -1.187775430681707184e-01 -1.133358400224013796e-01 -1.071324577834584374e-01 -1.020094251381510192e-01 -1.003014609537819374e-01 -9.649484138492582519e-02 -9.213350302457555541e-02 -8.209148572034953573e-02 -7.840316117291715181e-02 -6.754673319256769559e-02 -6.676214559320112207e-02 -5.151489036152253481e-02 -5.127593431675434021e-02 5.127593431675431246e-02 5.151489036152224338e-02 6.676214559320170494e-02 6.754673319256737640e-02 7.840316117291580567e-02 8.209148572034909164e-02 9.213350302457563867e-02 9.649484138492621377e-02 1.003014609537819513e-01 1.020094251381497008e-01 1.071324577834600056e-01 1.133358400224007551e-01 1.187775430681713568e-01 1.188775239934923983e-01 1.268051644791998167e-01 1.313149962212025457e-01 1.357272752942476346e-01 1.373962342118824620e-01 1.421739340357245085e-01 1.465166298787725085e-01 1.490744107055284318e-01 1.508657849479766722e-01 1.552120227054477331e-01 1.582093907230573415e-01 1.597793890422727903e-01 1.892623190596014748e-01 2.286061710247247469e-01 2.717431696798640606e-01 3.093058033363321191e-01 3.163687781221137252e-01 3.194676337628129525e-01 3.226278711185593395e-01 3.367308142884213318e-01 3.388132981666528987e-01 3.526142412956890793e-01 3.551129665050883899e-01 3.703274501329897328e-01 3.810598575625736562e-01 3.870029122437436686e-01 3.947784490243290145e-01 4.026310239225209253e-01 4.171461923995854471e-01 4.302822471357096168e-01 4.328119684930019084e-01 4.399669274873363456e-01 4.420895912526668359e-01 4.523268591384372872e-01 4.610303020318727296e-01 4.681735948138999182e-01 4.737377450750136498e-01
-4.771814374634735789e-01 -4.715923069053820638e-01 -4.644180455939832530e-01 -4.556784493261216151e-01 -4.453983527756256167e-01 -4.416573173050850065e-01 -4.336636362070601103e-01 -4.316477653743907017e-01 -4.203737594766005503e-01 -4.058178755732326226e-01 -3.965221359359985542e-01 -3.901202906362028489e-01 -3.806059373977607740e-01 -3.734424311467633983e-01 -3.573658000157344250e-01 -3.548632755621318746e-01 -3.406057276018966129e-01 -3.395624019787621961e-01 -3.257179382074986695e-01 -3.210706962599287340e-01 -3.191465269388465975e-01 -3.102357989908414715e-01 -2.699719405620840118e-01 -2.266074329856786751e-01 -1.873539444947344978e-01 -1.585867264176721858e-01 -1.545767959325089758e-01 -1.521252551646531670e-01 -1.506978245133101524e-01 -1.472514350069231981e-01 -1.453714748879818830e-01 -1.400629060959881489e-01 -1.362193282638565206e-01 -1.356281289107289234e-01 -1.279788585650449007e-01 -1.270592012999895992e-01 -1.186910861580845744e-01 -1.155241171196683125e-01 -1.128637832143718489e-01 -1.056349944246172817e-01 -1.005317897338518923e-01 -9.971847440293195308e-02 -9.598677007945154160e-02 -8.939656602825715725e-02 -8.199652373468051259e-02 -7.574419605357146645e-02 -6.682352182327687407e-02 -6.468421127887170885e-02 -4.981147666349539788e-02 -4.980015926725259862e-02 4.980015926725225167e-02 4.981147666349550890e-02 6.468421127887132027e-02 6.682352182327706835e-02 7.574419605357089746e-02 8.199652373467979094e-02 8.939656602825669929e-02 9.598677007945279060e-02 9.971847440293132858e-02 1.005317897338511013e-01 1.056349944246165462e-01 1.128637832143737502e-01 1.155241171196699224e-01 1.186910861580849907e-01 1.270592012999899045e-01 1.279788585650441790e-01 1.356281289107289234e-01 1.362193282638567982e-01 1.400629060959874272e-01 1.453714748879812169e-01 1.472514350069224487e-01 1.506978245133097916e-01 1.521252551646535001e-01 1.545767959325086149e-01 1.585867264176718805e-01 1.873539444947334431e-01 2.266074329856827274e-01 2.699719405620840673e-01 3.102357989908413050e-01 3.191465269388455428e-01 3.210706962599277903e-01 3.257179382074992247e-01 3.395624019787594761e-01 3.406057276018955027e-01 3.548632755621282109e-01 3.573658000157358683e-01 3.734424311467621216e-01 3.806059373977605520e-01 3.901202906362020162e-01 3.965221359360009967e-01 4.058178755732327891e-01 4.203737594765999397e-01 4.316477653743907017e-01 4.336636362070581119e-01 4.416573173050841183e-01 4.453983527756262273e-01 4.556784493261203384e-01 4.644180455939834751e-01 4.715923069053824523e-01 4.771814374634721911e-01
-4.806129924148406229e-01 -4.750006759732183226e-01 -4.677969421830921459e-01 -4.590232113770869038e-01 -4.487044837382939688e-01 -4.433370968560512715e-01 -4.368894793095102203e-01 -4.306831384768708415e-01 -4.236002029901546617e-01 -4.090056397234683727e-01 -3.981784138345794144e-01 -3.932589879737047878e-01 -3.804103892742455306e-01 -3.765608001670204263e-01 -3.600689928852796595e-01 -3.563670684203406602e-01 -3.432838216280232890e-01 -3.418293582236145434e-01 -3.288119166026199358e-01 -3.231140072790930629e-01 -3.219326243733850457e-01 -3.103547090111888340e-01 -2.681130752209190393e-01 -2.245687752517087077e-01 -1.854500204590191215e-01 -1.577722173254025861e-01 -1.522789000947765425e-01 -1.508071663880047597e-01 -1.480281878647539962e-01 -1.474625321763756713e-01 -1.416537853505627498e-01 -1.395762025344061130e-01 -1.355915416798715856e-01 -1.335608080996102953e-01 -1.273911570409015925e-01 -1.246470228789815504e-01 -1.185988807867696532e-01 -1.127152980786540054e-01 -1.117584883538621093e-01 -1.052907893077205670e-01 -9.919404024184791391e-02 -9.804708821146364273e-02 -9.539245378401239872e-02 -8.711242569820849824e-02 -8.154444749171074758e-02 -7.330292142873087724e-02 -6.609797445262502458e-02 -6.274507470755830152e-02 -4.835117913237654830e-02 -4.814700367116179353e-02 4.814700367116137025e-02 4.835117913237622217e-02 6.274507470755835703e-02 6.609797445262365068e-02 7.330292142873084948e-02 8.154444749171002593e-02 8.711242569820723536e-02 9.539245378401370323e-02 9.804708821146321251e-02 9.919404024184826085e-02 1.052907893077210388e-01 1.117584883538607354e-01 1.127152980786536030e-01 1.185988807867695283e-01 1.246470228789812729e-01 1.273911570409013427e-01 1.335608080996110170e-01 1.355915416798713635e-01 1.395762025344054469e-01 1.416537853505625000e-01 1.474625321763756158e-01 1.480281878647536353e-01 1.508071663880038715e-01 1.522789000947767646e-01 1.577722173254013371e-01 1.854500204590178170e-01 2.245687752517099012e-01 2.681130752209147650e-01 3.103547090111896667e-01 3.219326243733818815e-01 3.231140072790915085e-01 3.288119166026216011e-01 3.418293582236144323e-01 3.432838216280219568e-01 3.563670684203394390e-01 3.600689928852817134e-01 3.765608001670197602e-01 3.804103892742468074e-01 3.932589879737042882e-01 3.981784138345801916e-01 4.090056397234647090e-01 4.236002029901563271e-01 4.306831384768716742e-01 4.368894793095104423e-01 4.433370968560518266e-01 4.487044837382948015e-01 4.590232113770869038e-01 4.677969421830919794e-01 4.750006759732179340e-01 4.806129924148416221e-01
-4.840181665319621129e-01 -4.783981584467484338e-01 -4.711662945782614242e-01 -4.623603756588814950e-01 -4.520054982594863824e-01 -4.449852336142452458e-01 -4.401457255549344749e-01 -4.297790499194597547e-01 -4.268244835792014413e-01 -4.121931741960982998e-01 -3.997026771554205715e-01 -3.964054553286434635e-01 -3.805618304913300221e-01 -3.796809704740186642e-01 -3.630070902100472341e-01 -3.572757238220130582e-01 -3.463063829980351782e-01 -3.439970929360847696e-01 -3.319062137286901693e-01 -3.255235048531170960e-01 -3.247106783741763869e-01 -3.098112011592915049e-01 -2.661775793057956085e-01 -2.224939110044912294e-01 -1.835614107082211566e-01 -1.572515720662899519e-01 -1.530087562000690682e-01 -1.488547313906699310e-01 -1.470023326654412155e-01 -1.438331825676296971e-01 -1.397345237836069842e-01 -1.379269791473816675e-01 -1.355129405433018464e-01 -1.306751681497031192e-01 -1.274755984919491436e-01 -1.217573096634574636e-01 -1.181276945056168870e-01 -1.120162289362434532e-01 -1.085004404454061183e-01 -1.055322193967016681e-01 -9.870054179548450046e-02 -9.542414486395034423e-02 -9.442167858290756444e-02 -8.589114813564349693e-02 -8.013879815770315329e-02 -7.128588336357931377e-02 -6.517048780469969493e-02 -6.098138429778354047e-02 -4.691356783449738416e-02 -4.653335519873783022e-02 4.653335519873763593e-02 4.691356783449784212e-02 6.098138429778364455e-02 6.517048780469894553e-02 7.128588336357921662e-02 8.013879815770275084e-02 8.589114813564192874e-02 9.442167858290777260e-02 9.542414486395042750e-02 9.870054179548461148e-02 1.055322193967000582e-01 1.085004404454059102e-01 1.120162289362436336e-01 1.181276945056164290e-01 1.217573096634571445e-01 1.274755984919481167e-01 1.306751681497025919e-01 1.355129405433027345e-01 1.379269791473823337e-01 1.397345237836085108e-01 1.438331825676298359e-01 1.470023326654406604e-01 1.488547313906707359e-01 1.530087562000692347e-01 1.572515720662880923e-01 1.835614107082215174e-01 2.224939110044905355e-01 2.661775793057949979e-01 3.098112011592914494e-01 3.247106783741767200e-01 3.255235048531179287e-01 3.319062137286937775e-01 3.439970929360814389e-01 3.463063829980353447e-01 3.572757238220112264e-01 3.630070902100450692e-01 3.796809704740179425e-01 3.805618304913289118e-01 3.964054553286417981e-01 3.997026771554163527e-01 4.121931741960957463e-01 4.268244835791992764e-01 4.297790499194580338e-01 4.401457255549333647e-01 4.449852336142446352e-01 4.520054982594863269e-01 4.623603756588801628e-01 4.711662945782610357e-01 4.783981584467479897e-01 4.840181665319642224e-01
-4.833358520920432722e-01 -4.817842165051060555e-01 -4.745252552956514269e-01 -4.656892236870908142e-01 -4.553002171647560492e-01 -4.465746420233004388e-01 -4.434017653427508310e-01 -4.300455741528884657e-01 -4.290238700504144798e-01 -4.153793549509825489e-01 -4.010399337678844933e-01 -3.995551700801444617e-01 -3.828011893550765099e-01 -3.811123191961425238e-01 -3.660325578224396526e-01 -3.577041791866159559e-01 -3.493881584249542427e-01 -3.462857711360937674e-01 -3.349969339015437253e-01 -3.281715040866772792e-01 -3.274612034298354235e-01 -3.087963367382321467e-01 -2.641741982821114720e-01 -2.203865371593597966e-01 -1.817020648854259790e-01 -1.570386659718386868e-01 -1.538561907956529085e-01 -1.496918699646256901e-01 -1.432084404041404635e-01 -1.410905822566680956e-01 -1.392457119121357223e-01 -1.353592713871585029e-01 -1.341965722672149031e-01 -1.296303364356905519e-01 -1.256801727035357918e-01 -1.204203247390605580e-01 -1.161900229899629211e-01 -1.114986204864942265e-01 -1.060157995540975673e-01 -1.050593542528357877e-01 -9.822012587912359871e-02 -9.440205520438442466e-02 -9.166600667405315483e-02 -8.573997889094317482e-02 -7.777303289223078120e-02 -6.996316283870204766e-02 -6.377708980352984891e-02 -5.942653167226219502e-02 -4.547175649680954695e-02 -4.498065537568132766e-02 4.498065537568137623e-02 4.547175649680976900e-02 5.942653167226150807e-02 6.377708980352983503e-02 6.996316283870185337e-02 7.777303289223078120e-02 8.573997889094236990e-02 9.166600667405296055e-02 9.440205520438496589e-02 9.822012587912491710e-02 1.050593542528361624e-01 1.060157995540974701e-01 1.114986204864941571e-01 1.161900229899632125e-01 1.204203247390606274e-01 1.256801727035355420e-01 1.296303364356898857e-01 1.341965722672133765e-01 1.353592713871574482e-01 1.392457119121348064e-01 1.410905822566675127e-01 1.432084404041399639e-01 1.496918699646239415e-01 1.538561907956509933e-01 1.570386659718380762e-01 1.817020648854237030e-01 2.203865371593598799e-01 2.641741982821124712e-01 3.087963367382323132e-01 3.274612034298371999e-01 3.281715040866760025e-01 3.349969339015408942e-01 3.462857711360944890e-01 3.493881584249548533e-01 3.577041791866151788e-01 3.660325578224383758e-01 3.811123191961385270e-01 3.828011893550753997e-01 3.995551700801417971e-01 4.010399337678869358e-01 4.153793549509816052e-01 4.290238700504178104e-01 4.300455741528907416e-01 4.434017653427509975e-01 4.465746420233013825e-01 4.553002171647535512e-01 4.656892236870898705e-01 4.745252552956543690e-01 4.817842165051082204e-01 4.833358520920443269e-01
-4.851583128145622870e-01 -4.822189382788334422e-01 -4.778719975278478693e-01 -4.690090686750741367e-01 -4.585877467566808474e-01 -4.480715414522898898e-01 -4.466536965402810311e-01 -4.332624238135080463e-01 -4.284888749539424446e-01 -4.185629790595180588e-01 -4.027057791040222767e-01 -4.021264683865293788e-01 -3.859192874056099898e-01 -3.820669950457026842e-01 -3.690946597777411409e-01 -3.577243444514040527e-01 -3.524869161041949139e-01 -3.486868038753215826e-01 -3.380790937164823706e-01 -3.309634333202424172e-01 -3.301579947237157642e-01 -3.074531785008817741e-01 -2.621100579718487755e-01 -2.182504233313044828e-01 -1.798904225427640502e-01 -1.571424260283947882e-01 -1.547745852607277373e-01 -1.505581258373802633e-01 -1.412817107147227857e-01 -1.394107419239454249e-01 -1.359976026057447274e-01 -1.351252101107321968e-01 -1.304681686014829700e-01 -1.300998949014019468e-01 -1.224096134711225720e-01 -1.202847785163357192e-01 -1.132025246251264494e-01 -1.110204819422523637e-01 -1.065421675188540918e-01 -1.016267351458295387e-01 -9.773392880607555122e-02 -9.376147193983180861e-02 -8.847152716144256190e-02 -8.610547523452709295e-02 -7.499125636073769585e-02 -6.938046003207282153e-02 -6.187768152727475546e-02 -5.810694867077977055e-02 -4.401379915824756017e-02 -4.349629039726336799e-02 4.349629039726309043e-02 4.401379915824752548e-02 5.810694867078069342e-02 6.187768152727535220e-02 6.938046003207291867e-02 7.499125636073801504e-02 8.610547523452666274e-02 8.847152716144307538e-02 9.376147193983171146e-02 9.773392880607541244e-02 1.016267351458298857e-01 1.065421675188540918e-01 1.110204819422541400e-01 1.132025246251261996e-01 1.202847785163354694e-01 1.224096134711234740e-01 1.300998949014025297e-01 1.304681686014821929e-01 1.351252101107316694e-01 1.359976026057449494e-01 1.394107419239452306e-01 1.412817107147222861e-01 1.505581258373806242e-01 1.547745852607274042e-01 1.571424260283945940e-01 1.798904225427638837e-01 2.182504233313035391e-01 2.621100579718504964e-01 3.074531785008823292e-01 3.301579947237155421e-01 3.309634333202421952e-01 3.380790937164828147e-01 3.486868038753185295e-01 3.524869161041949694e-01 3.577243444514034421e-01 3.690946597777403082e-01 3.820669950457004638e-01 3.859192874056092126e-01 4.021264683865291567e-01 4.027057791040219992e-01 4.185629790595180588e-01 4.284888749539381148e-01 4.332624238135050487e-01 4.466536965402815307e-01 4.480715414522880580e-01 4.585877467566787935e-01 4.690090686750699178e-01 4.778719975278466481e-01 4.822189382788327205e-01 4.851583128145603441e-01
-4.885199013204303276e-01 -4.813492311794934086e-01 -4.810578708436260009e-01 -4.723192453939125124e-01 -4.618672935905294152e-01 -4.498999099485099240e-01 -4.494340406644496966e-01 -4.364738885977205718e-01 -4.282459697724213532e-01 -4.217424692060699476e-01 -4.058556776826393597e-01 -4.028975573550777622e-01 -3.890320954923429109e-01 -3.833873834850495821e-01 -3.721742833082337665e-01 -3.574354983507719297e-01 -3.555921458211009356e-01 -3.511722363879624664e-01 -3.411452165822072558e-01 -3.338420344549068441e-01 -3.327620067758823574e-01 -3.058743559719599991e-01 -2.599911082321454958e-01 -2.160895121120225137e-01 -1.781515378440327591e-01 -1.575514839359264119e-01 -1.557356502440507551e-01 -1.514568574487373254e-01 -1.420083942507751606e-01 -1.356413207730146064e-01 -1.348057847618915894e-01 -1.325592920251645324e-01 -1.306630820792609171e-01 -1.267512904777396143e-01 -1.204458325787267220e-01 -1.189127373492566697e-01 -1.105855059904837095e-01 -1.104555685561679629e-01 -1.066429670979556071e-01 -9.836381194967162844e-02 -9.711688381890944133e-02 -9.317043064818360254e-02 -8.667391248996828002e-02 -8.523467632818020057e-02 -7.208145795756053242e-02 -6.931673534834231765e-02 -5.969707088853243304e-02 -5.703708987550454995e-02 -4.253527508725060691e-02 -4.208382472796402124e-02 4.208382472796406981e-02 4.253527508725096773e-02 5.703708987550486220e-02 5.969707088853214161e-02 6.931673534834237316e-02 7.208145795756093488e-02 8.523467632817961770e-02 8.667391248996898778e-02 9.317043064818403275e-02 9.711688381891021848e-02 9.836381194967253050e-02 1.066429670979561900e-01 1.104555685561681710e-01 1.105855059904830989e-01 1.189127373492566697e-01 1.204458325787274159e-01 1.267512904777397253e-01 1.306630820792621384e-01 1.325592920251644213e-01 1.348057847618913674e-01 1.356413207730156611e-01 1.420083942507750774e-01 1.514568574487376862e-01 1.557356502440523649e-01 1.575514839359279939e-01 1.781515378440327035e-01 2.160895121120245121e-01 2.599911082321454403e-01 3.058743559719592220e-01 3.327620067758864097e-01 3.338420344549047347e-01 3.411452165822055904e-01 3.511722363879593578e-01 3.555921458210988262e-01 3.574354983507698202e-01 3.721742833082312130e-01 3.833873834850463624e-01 3.890320954923423558e-01 4.028975573550753753e-01 4.058556776826409140e-01 4.217424692060682823e-01 4.282459697724248504e-01 4.364738885977200722e-01 4.494340406644502517e-01 4.498999099485067044e-01 4.618672935905308585e-01 4.723192453939087931e-01 4.810578708436255013e-01 4.813492311794939083e-01 4.885199013204314933e-01
-4.918684057389113295e-01 -4.845462528625336107e-01 -4.803162931561212878e-01 -4.756191033828869874e-01 -4.651381077729472291e-01 -4.531393286159622336e-01 -4.506115050096878849e-01 -4.396785671068493828e-01 -4.283568752417115655e-01 -4.249142800589338353e-01 -4.090035815598507263e-01 -4.033035192719361950e-01 -3.921337969717245686e-01 -3.850106942299660329e-01 -3.752626224340581684e-01 -3.586995968734149054e-01 -3.569802841699892815e-01 -3.537169018811525123e-01 -3.441822519191089502e-01 -3.367734474734578876e-01 -3.352105778971550820e-01 -3.041190567545350998e-01 -2.578224370665463394e-01 -2.139080391278189719e-01 -1.765202416426603360e-01 -1.582340745295154061e-01 -1.567097478572920810e-01 -1.524021964679307950e-01 -1.428746315833605840e-01 -1.345559892476363706e-01 -1.321456985982978338e-01 -1.317897174117201031e-01 -1.282915534458585749e-01 -1.231017318236233005e-01 -1.206401914912319517e-01 -1.154291140054613668e-01 -1.101651631648032786e-01 -1.095537788365973791e-01 -1.048649862584982440e-01 -9.703582709312931487e-02 -9.468608148659490853e-02 -9.261539049329781115e-02 -8.725784011657884698e-02 -8.202019489566028665e-02 -6.956127451441368459e-02 -6.915855051742965387e-02 -5.744192807035519016e-02 -5.621410689453452958e-02 -4.104150636389410772e-02 -4.074172190770721652e-02 4.074172190770663365e-02 4.104150636389353873e-02 5.621410689453383569e-02 5.744192807035537751e-02 6.915855051743007020e-02 6.956127451441407317e-02 8.202019489566010624e-02 8.725784011657973516e-02 9.261539049329783890e-02 9.468608148659445056e-02 9.703582709312924548e-02 1.048649862584977027e-01 1.095537788365957416e-01 1.101651631648016133e-01 1.154291140054617554e-01 1.206401914912306056e-01 1.231017318236241054e-01 1.282915534458579365e-01 1.317897174117201031e-01 1.321456985982979726e-01 1.345559892476366759e-01 1.428746315833602787e-01 1.524021964679317109e-01 1.567097478572916369e-01 1.582340745295159889e-01 1.765202416426600585e-01 2.139080391278197490e-01 2.578224370665448406e-01 3.041190567545320467e-01 3.352105778971515848e-01 3.367734474734579431e-01 3.441822519191107821e-01 3.537169018811485710e-01 3.569802841699872276e-01 3.586995968734092433e-01 3.752626224340545602e-01 3.850106942299639790e-01 3.921337969717232919e-01 4.033035192719356399e-01 4.090035815598531133e-01 4.249142800589302826e-01 4.283568752417077907e-01 4.396785671068520474e-01 4.506115050096886621e-01 4.531393286159592915e-01 4.651381077729463964e-01 4.756191033828879866e-01 4.803162931561217874e-01 4.845462528625334997e-01 4.918684057389109965e-01
-4.952031522863044044e-01 -4.878579041392953064e-01 -4.796594337803540831e-01 -4.789080009400428772e-01 -4.683994515091897681e-01 -4.563710623575344405e-01 -4.515465951195888339e-01 -4.428743152577717113e-01 -4.288862126405010300e-01 -4.280431762960811848e-01 -4.121483626764592123e-01 -4.033330876003092258e-01 -3.952099050008852088e-01 -3.868704649271398899e-01 -3.783547927633837960e-01 -3.618068607421818239e-01 -3.565559140305078478e-01 -3.562997410436951062e-01 -3.471638715399927855e-01 -3.397367904231917701e-01 -3.373995962904247636e-01 -3.022261790226101197e-01 -2.556084989514190720e-01 -2.117106844036542868e-01 -1.750455252765504566e-01 -1.591472455062034885e-01 -1.576595462729536434e-01 -1.534100449073293182e-01 -1.438335894937830262e-01 -1.342939775403617364e-01 -1.331048327893801786e-01 -1.279969324177839818e-01 -1.246176128936201527e-01 -1.212398339684250259e-01 -1.191070608219405164e-01 -1.123071994208852120e-01 -1.099653194231817316e-01 -1.094717223713852078e-01 -1.017332130216246355e-01 -9.663623168138958663e-02 -9.209485042768525420e-02 -9.176565216618483289e-02 -8.749408883451474661e-02 -7.890391290628728793e-02 -6.995543845829128859e-02 -6.629349070407017375e-02 -5.561061254963723527e-02 -5.523499579260427589e-02 -3.954693384767665049e-02 -3.946191322580342581e-02 3.946191322580365479e-02 3.954693384767693498e-02 5.523499579260412323e-02 5.561061254963706874e-02 6.629349070406979905e-02 6.995543845829160778e-02 7.890391290628727405e-02 8.749408883451435803e-02 9.176565216618454146e-02 9.209485042768533747e-02 9.663623168139018338e-02 1.017332130216249825e-01 1.094717223713850829e-01 1.099653194231814679e-01 1.123071994208855034e-01 1.191070608219413213e-01 1.212398339684261778e-01 1.246176128936214711e-01 1.279969324177848700e-01 1.331048327893812055e-01 1.342939775403614588e-01 1.438335894937824988e-01 1.534100449073307892e-01 1.576595462729527830e-01 1.591472455062029057e-01 1.750455252765500125e-01 2.117106844036558966e-01 2.556084989514176842e-01 3.022261790226124512e-01 3.373995962904237089e-01 3.397367904231957114e-01 3.471638715399912312e-01 3.562997410436981593e-01 3.565559140305102348e-01 3.618068607421819349e-01 3.783547927633814090e-01 3.868704649271385576e-01 3.952099050008838210e-01 4.033330876003082266e-01 4.121483626764620989e-01 4.280431762960815734e-01 4.288862126405025843e-01 4.428743152577752085e-01 4.515465951195918315e-01 4.563710623575341629e-01 4.683994515091909339e-01 4.789080009400414895e-01 4.796594337803528063e-01 4.878579041392969162e-01 4.952031522863040713e-01
-4.985230589635765153e-01 -4.911583461444430365e-01 -4.821852979260096705e-01 -4.792748056697810344e-01 -4.716505509580478650e-01 -4.595943054962598473e-01 -4.521832281588724634e-01 -4.460563119247076824e-01 -4.312967561426357954e-01 -4.296578804019886011e-01 -4.152889709841238730e-01 -4.030567025930928970e-01 -3.982037481038407378e-01 -3.889084986219008555e-01 -3.814476005128454306e-01 -3.649121976781807275e-01 -3.589023942524352528e-01 -3.564455156178873985e-01 -3.500301059158014705e-01 -3.427182231680763747e-01 -3.391626818555529832e-01 -3.002222714909001944e-01 -2.533532861883289189e-01 -2.095027715334078222e-01 -1.737953583516946565e-01 -1.602479209914858260e-01 -1.585358923656127461e-01 -1.544915577807800255e-01 -1.448642273482003140e-01 -1.341689395548869845e-01 -1.341445663998158677e-01 -1.242019212787674604e-01 -1.215050655099919330e-01 -1.208861200137301695e-01 -1.155418390029719078e-01 -1.108506133923639614e-01 -1.105258692388456504e-01 -1.072310093584817464e-01 -9.834731427408378857e-02 -9.643621712546704416e-02 -9.159681763351347483e-02 -9.026463218733823957e-02 -8.617875084330763047e-02 -7.610526033407760682e-02 -7.023892804554017488e-02 -6.357291423210285897e-02 -5.515630450344798791e-02 -5.315666568990421587e-02 -3.822856829045818972e-02 -3.807211300151153860e-02 3.807211300151165656e-02 3.822856829045829380e-02 5.315666568990448648e-02 5.515630450344891772e-02 6.357291423210384429e-02 7.023892804554163205e-02 7.610526033407807867e-02 8.617875084330706148e-02 9.026463218733803140e-02 9.159681763351315564e-02 9.643621712546750213e-02 9.834731427408575921e-02 1.072310093584824958e-01 1.105258692388455810e-01 1.108506133923641834e-01 1.155418390029717690e-01 1.208861200137287123e-01 1.215050655099922661e-01 1.242019212787673771e-01 1.341445663998177273e-01 1.341689395548882613e-01 1.448642273482006471e-01 1.544915577807809137e-01 1.585358923656122743e-01 1.602479209914859648e-01 1.737953583516947398e-01 2.095027715334058516e-01 2.533532861883275311e-01 3.002222714909003609e-01 3.391626818555497636e-01 3.427182231680764857e-01 3.500301059158016370e-01 3.564455156178883422e-01 3.589023942524380284e-01 3.649121976781790622e-01 3.814476005128455416e-01 3.889084986219006335e-01 3.982037481038381288e-01 4.030567025930985037e-01 4.152889709841266486e-01 4.296578804019884346e-01 4.312967561426345742e-01 4.460563119247069053e-01 4.521832281588722413e-01 4.595943054962595697e-01 4.716505509580482536e-01 4.792748056697843095e-01 4.821852979260129457e-01 4.911583461444419818e-01 4.985230589635767373e-01
-5.018233779532206285e-01 -4.944458167362640877e-01 -4.854503442609562902e-01 -4.792163590558089492e-01 -4.748904001870280500e-01 -4.628082974824794249e-01 -4.524913807088959961e-01 -4.492036947996384533e-01 -4.344428333449443236e-01 -4.308633957732810327e-01 -4.184243854818067154e-01 -4.030003562552453289e-01 -4.006378590485092928e-01 -3.910783133642401488e-01 -3.845386200455119807e-01 -3.680141115297875243e-01 -3.615073797556459523e-01 -3.570439298199380995e-01 -3.526492532879731967e-01 -3.457076490776002098e-01 -3.402807969358805917e-01 -2.981261511320769664e-01 -2.510604627008832801e-01 -2.072905391432789679e-01 -1.728578556072392081e-01 -1.614996498247193712e-01 -1.592784745462249574e-01 -1.556502467113200783e-01 -1.459506542978336319e-01 -1.352561572915215726e-01 -1.341592856066123052e-01 -1.219322011395252564e-01 -1.204069771608742151e-01 -1.171593578660070911e-01 -1.123587150324770745e-01 -1.106246830093328970e-01 -1.105407330761677825e-01 -1.038956788857903629e-01 -9.651464559994564485e-02 -9.499412663466967610e-02 -9.105253499799396966e-02 -9.012286458566638736e-02 -8.327208140138767090e-02 -7.440079235352525799e-02 -6.961254081282161610e-02 -6.117103030655020313e-02 -5.468173093684196989e-02 -5.127218714829671203e-02 -3.701800003117138721e-02 -3.663982251466546547e-02 3.663982251466556955e-02 3.701800003117152599e-02 5.127218714829649693e-02 5.468173093684197683e-02 6.117103030655052925e-02 6.961254081282185202e-02 7.440079235352596576e-02 8.327208140138817050e-02 9.012286458566624858e-02 9.105253499799337291e-02 9.499412663466903772e-02 9.651464559994644976e-02 1.038956788857903907e-01 1.105407330761678797e-01 1.106246830093324390e-01 1.123587150324777406e-01 1.171593578660072160e-01 1.204069771608746314e-01 1.219322011395259364e-01 1.341592856066126382e-01 1.352561572915222943e-01 1.459506542978346033e-01 1.556502467113197452e-01 1.592784745462241525e-01 1.614996498247199264e-01 1.728578556072394301e-01 2.072905391432783573e-01 2.510604627008813927e-01 2.981261511320790758e-01 3.402807969358771500e-01 3.457076490775990996e-01 3.526492532879720865e-01 3.570439298199369338e-01 3.615073797556433988e-01 3.680141115297895782e-01 3.845386200455146453e-01 3.910783133642389275e-01 4.006378590485100699e-01 4.030003562552442187e-01 4.184243854818089914e-01 4.308633957732855846e-01 4.344428333449451562e-01 4.492036947996433383e-01 4.524913807088962736e-01 4.628082974824805906e-01 4.748904001870274394e-01 4.792163590558095598e-01 4.854503442609541808e-01 4.944458167362635326e-01 5.018233779532190741e-01
-5.040992728764744912e-01 -4.977195250658364989e-01 -4.887024563364771867e-01 -4.795164349615526067e-01 -4.781154010524147902e-01 -4.660123038618907976e-01 -4.529070155432715072e-01 -4.518533139376391117e-01 -4.375931407527705597e-01 -4.323338409378605363e-01 -4.215535689837528466e-01 -4.050654612911671060e-01 -4.006799779149678442e-01 -3.933441441209055700e-01 -3.876257290347572826e-01 -3.711111316817981565e-01 -3.640960394777594256e-01 -3.586723161996425158e-01 -3.549010716503405161e-01 -3.486967349683331996e-01 -3.405857242901933479e-01 -2.959516326251338536e-01 -2.487334738885582652e-01 -2.050815219365027531e-01 -1.723285403585858577e-01 -1.628742892532345776e-01 -1.598309759287080134e-01 -1.568824230339050940e-01 -1.470785351989861989e-01 -1.363174870633340197e-01 -1.343741768346508603e-01 -1.225098279172232851e-01 -1.166184175663420031e-01 -1.135215920346466095e-01 -1.117713409399000296e-01 -1.106424410308607664e-01 -1.077352834704936591e-01 -1.004753585889286566e-01 -9.687733812125584598e-02 -9.224199615157729903e-02 -9.004078743810778329e-02 -8.995215972880638011e-02 -7.997924071220052777e-02 -7.442886852038793633e-02 -6.742155616498007875e-02 -5.945725301964210896e-02 -5.381793564088285103e-02 -4.964037973588076441e-02 -3.580131199234021927e-02 -3.527150268646021131e-02 3.527150268646014192e-02 3.580131199234028172e-02 4.964037973588048686e-02 5.381793564088356574e-02 5.945725301964217835e-02 6.742155616498024528e-02 7.442886852038738121e-02 7.997924071220165188e-02 8.995215972880640787e-02 9.004078743810790819e-02 9.224199615157689658e-02 9.687733812125649824e-02 1.004753585889303219e-01 1.077352834704925627e-01 1.106424410308606832e-01 1.117713409398997521e-01 1.135215920346457907e-01 1.166184175663416145e-01 1.225098279172230908e-01 1.343741768346514431e-01 1.363174870633342695e-01 1.470785351989859768e-01 1.568824230339068149e-01 1.598309759287076526e-01 1.628742892532345221e-01 1.723285403585866626e-01 2.050815219365040576e-01 2.487334738885587371e-01 2.959516326251336871e-01 3.405857242901894066e-01 3.486967349683342543e-01 3.549010716503394058e-01 3.586723161996429043e-01 3.640960394777583709e-01 3.711111316818019312e-01 3.876257290347543405e-01 3.933441441209032385e-01 4.006799779149681773e-01 4.050654612911644414e-01 4.215535689837513478e-01 4.323338409378599256e-01 4.375931407527701156e-01 4.518533139376381680e-01 4.529070155432696754e-01 4.660123038618885216e-01 4.781154010524153453e-01 4.795164349615521071e-01 4.887024563364736895e-01 4.977195250658343340e-01 5.040992728764733810e-01
-5.045150688477406664e-01 -5.009788449219064743e-01 -4.919408562989656120e-01 -4.813467735210151810e-01 -4.801509824691161388e-01 -4.692056043267492371e-01 -4.557053703588349602e-01 -4.517348679865141881e-01 -4.407377590196176476e-01 -4.340203398565752324e-01 -4.246754049287240762e-01 -4.080037438254549009e-01 -3.996557908779926893e-01 -3.956785762319738331e-01 -3.907067892270414955e-01 -3.742016279194405048e-01 -3.666459306471993029e-01 -3.611094702015347768e-01 -3.570106772400250539e-01 -3.516774811350510399e-01 -3.400972970168285037e-01 -2.937091917830869647e-01 -2.463756426914881781e-01 -2.028850991200323584e-01 -1.722744067353415010e-01 -1.643509030573347962e-01 -1.601789496982497785e-01 -1.581788197380124550e-01 -1.482351693010772187e-01 -1.372982879049149119e-01 -1.348026069289927076e-01 -1.232945099950950307e-01 -1.128526005843684121e-01 -1.116916127813657872e-01 -1.114650751618943003e-01 -1.092659297986039585e-01 -1.041127657150082708e-01 -9.856612507199893902e-02 -9.607243778380057664e-02 -9.120788408437058292e-02 -8.972436711967819722e-02 -8.721302372935749170e-02 -7.660943334905954971e-02 -7.528246462947020545e-02 -6.455300692303485299e-02 -5.877637526831415438e-02 -5.221947484103363346e-02 -4.831077232810846583e-02 -3.455121619881209444e-02 -3.398435272261473433e-02 3.398435272261467188e-02 3.455121619881208056e-02 4.831077232810920830e-02 5.221947484103375836e-02 5.877637526831385600e-02 6.455300692303550525e-02 7.528246462947017770e-02 7.660943334906035462e-02 8.721302372935843539e-02 8.972436711967925194e-02 9.120788408437095762e-02 9.607243778380188115e-02 9.856612507199928597e-02 1.041127657150085345e-01 1.092659297986038613e-01 1.114650751618947999e-01 1.116916127813655790e-01 1.128526005843691060e-01 1.232945099950964601e-01 1.348026069289941786e-01 1.372982879049153004e-01 1.482351693010783011e-01 1.581788197380122885e-01 1.601789496982503891e-01 1.643509030573360730e-01 1.722744067353421948e-01 2.028850991200343568e-01 2.463756426914909814e-01 2.937091917830862986e-01 3.400972970168232856e-01 3.516774811350498742e-01 3.570106772400284956e-01 3.611094702015380520e-01 3.666459306472018564e-01 3.742016279194407824e-01 3.907067892270441600e-01 3.956785762319755539e-01 3.996557908779911905e-01 4.080037438254547344e-01 4.246754049287206345e-01 4.340203398565743442e-01 4.407377590196176476e-01 4.517348679865161865e-01 4.557053703588338500e-01 4.692056043267482379e-01 4.801509824691168604e-01 4.813467735210174014e-01 4.919408562989618372e-01 5.009788449219039208e-01 5.045150688477403333e-01
-5.045715920738131910e-01 -5.042231977559750167e-01 -4.951644692472655929e-01 -4.845465420097314069e-01 -4.811265567568914214e-01 -4.723874821953069625e-01 -4.588299590433295161e-01 -4.509394307768219146e-01 -4.438745279317146131e-01 -4.358730711250731749e-01 -4.277885774928300577e-01 -4.110472439724187077e-01 -3.984148499483304295e-01 -3.980602445071264039e-01 -3.937793025936935920e-01 -3.772835453224498425e-01 -3.691270591189779182e-01 -3.639068322093706453e-01 -3.592676159752941079e-01 -3.546408156191137584e-01 -3.389916352051954851e-01 -2.914070134826799441e-01 -2.439902601901989820e-01 -2.007133006388067409e-01 -1.726940674363633688e-01 -1.659139052178655593e-01 -1.603885281583334599e-01 -1.595258178229865542e-01 -1.494121924663857348e-01 -1.381316734936903490e-01 -1.354381205689817735e-01 -1.243148829921297549e-01 -1.117355443938121001e-01 -1.114389314701056538e-01 -1.090203190134095002e-01 -1.057250275432382869e-01 -1.004326835289197500e-01 -9.944337546593504107e-02 -9.275982943634741851e-02 -9.084611045399369755e-02 -8.920143186604988228e-02 -8.394184110234234608e-02 -7.638093699952402948e-02 -7.324125275977076688e-02 -6.153391574727776203e-02 -5.891077778521951885e-02 -5.010154020512491008e-02 -4.731364541988790362e-02 -3.325193133595449185e-02 -3.278876311589285636e-02 3.278876311589288411e-02 3.325193133595465145e-02 4.731364541988849343e-02 5.010154020512532641e-02 5.891077778521937314e-02 6.153391574727789387e-02 7.324125275977050320e-02 7.638093699952355764e-02 8.394184110234276242e-02 8.920143186605081209e-02 9.084611045399360041e-02 9.275982943634698830e-02 9.944337546593566557e-02 1.004326835289191255e-01 1.057250275432383285e-01 1.090203190134094585e-01 1.114389314701053346e-01 1.117355443938121001e-01 1.243148829921297271e-01 1.354381205689815237e-01 1.381316734936888502e-01 1.494121924663860401e-01 1.595258178229849721e-01 1.603885281583321554e-01 1.659139052178647544e-01 1.726940674363639516e-01 2.007133006388032159e-01 2.439902601901983159e-01 2.914070134826836078e-01 3.389916352051945414e-01 3.546408156191094840e-01 3.592676159752919984e-01 3.639068322093720331e-01 3.691270591189793060e-01 3.772835453224482882e-01 3.937793025936950908e-01 3.980602445071261819e-01 3.984148499483326500e-01 4.110472439724174865e-01 4.277885774928297247e-01 4.358730711250720091e-01 4.438745279317161119e-01 4.509394307768230803e-01 4.588299590433292385e-01 4.723874821953081837e-01 4.811265567568875356e-01 4.845465420097267994e-01 4.951644692472622067e-01 5.042231977559739065e-01 5.045715920738127469e-01
-5.074520225809925345e-01 -5.042622925665491973e-01 -4.983709129078768840e-01 -4.877370230361881553e-01 -4.823723902515825168e-01 -4.755572110070683811e-01 -4.619666467134637133e-01 -4.498345491548332298e-01 -4.470022826760156609e-01 -4.378505477284496128e-01 -4.308912896928103198e-01 -4.141130205567498113e-01 -4.004721135430659995e-01 -3.971308440212861224e-01 -3.968398484785165548e-01 -3.803538727648675954e-01 -3.714961134069864612e-01 -3.668415694787364734e-01 -3.617162535968778125e-01 -3.575746457604065398e-01 -3.374594852998232253e-01 -2.890516735192432685e-01 -2.415806785049281202e-01 -1.985820121148941519e-01 -1.735188670680598844e-01 -1.675513755412229855e-01 -1.609056936613454669e-01 -1.605966526746483714e-01 -1.506108661832870066e-01 -1.387406537709573173e-01 -1.362621461082264840e-01 -1.255617171242540131e-01 -1.122919057668318732e-01 -1.108763044382459484e-01 -1.052456718529227453e-01 -1.022165716630503846e-01 -1.006195064094502489e-01 -9.675873844937790680e-02 -9.063723805149781487e-02 -8.917902898176365001e-02 -8.854451994678427806e-02 -8.099806906061607359e-02 -7.723234722038607725e-02 -6.992994388291540186e-02 -5.947658688104134200e-02 -5.852076196241210587e-02 -4.783328705813724019e-02 -4.664773544463057808e-02 -3.190705288048724386e-02 -3.168557482119500196e-02 3.168557482119491869e-02 3.190705288048725774e-02 4.664773544463144545e-02 4.783328705813814224e-02 5.852076196241268874e-02 5.947658688104128649e-02 6.992994388291698393e-02 7.723234722038595235e-02 8.099806906061708667e-02 8.854451994678476379e-02 8.917902898176392756e-02 9.063723805149849488e-02 9.675873844937817048e-02 1.006195064094506930e-01 1.022165716630499405e-01 1.052456718529238971e-01 1.108763044382471696e-01 1.122919057668337328e-01 1.255617171242532915e-01 1.362621461082270391e-01 1.387406537709598986e-01 1.506108661832883666e-01 1.605966526746489542e-01 1.609056936613443844e-01 1.675513755412226247e-01 1.735188670680616607e-01 1.985820121148964557e-01 2.415806785049296190e-01 2.890516735192425468e-01 3.374594852998170635e-01 3.575746457604046524e-01 3.617162535968774240e-01 3.668415694787366954e-01 3.714961134069836302e-01 3.803538727648662632e-01 3.968398484785154445e-01 3.971308440212876767e-01 4.004721135430657775e-01 4.141130205567462030e-01 4.308912896928083769e-01 4.378505477284502234e-01 4.470022826760178258e-01 4.498345491548321751e-01 4.619666467134646570e-01 4.755572110070714897e-01 4.823723902515834605e-01 4.877370230361910419e-01 4.983709129078765510e-01 5.042622925665486422e-01 5.074520225809927565e-01
-5.106647652206459664e-01 -5.036139404209390991e-01 -5.015434771194646757e-01 -4.909141645800200737e-01 -4.838396582076424091e-01 -4.787140313134943814e-01 -4.650980289674810919e-01 -4.501201187011946714e-01 -4.484987352710938513e-01 -4.399196522879331717e-01 -4.339804490377068835e-01 -4.171826491359336142e-01 -4.029006680843737476e-01 -3.998828841433980652e-01 -3.959352926877643952e-01 -3.834073278714147381e-01 -3.736882060181166976e-01 -3.698325676817897367e-01 -3.643088332643996674e-01 -3.604603732049738163e-01 -3.356384732782277669e-01 -2.866485962230571061e-01 -2.391504143955902328e-01 -1.965127915988113816e-01 -1.746546068276124686e-01 -1.692537662781609387e-01 -1.622957640263443246e-01 -1.609503116107716125e-01 -1.518473007987709844e-01 -1.390517607453877480e-01 -1.372516315771547535e-01 -1.270018139423897130e-01 -1.129865106921573714e-01 -1.101216722874847342e-01 -1.025506844066744611e-01 -1.014690371200590857e-01 -9.812208961743500157e-02 -9.317004950575269451e-02 -9.044468911286221435e-02 -8.783526631854303435e-02 -8.554836832802976965e-02 -8.039764496455038822e-02 -7.583559899931520409e-02 -6.680310800585848030e-02 -6.017992331953429808e-02 -5.560501718715409047e-02 -4.626521341155260397e-02 -4.562090273866284407e-02 -3.066289247442957958e-02 -3.053989601343988156e-02 3.053989601343998911e-02 3.066289247442966631e-02 4.562090273866312162e-02 4.626521341155261091e-02 5.560501718715481906e-02 6.017992331953414542e-02 6.680310800585877173e-02 7.583559899931439918e-02 8.039764496455158171e-02 8.554836832802949209e-02 8.783526631854286781e-02 9.044468911286239476e-02 9.317004950575205613e-02 9.812208961743501545e-02 1.014690371200593078e-01 1.025506844066739615e-01 1.101216722874844983e-01 1.129865106921590090e-01 1.270018139423914338e-01 1.372516315771536433e-01 1.390517607453884419e-01 1.518473007987710399e-01 1.609503116107721399e-01 1.622957640263464896e-01 1.692537662781622987e-01 1.746546068276137731e-01 1.965127915988125196e-01 2.391504143955913153e-01 2.866485962230575502e-01 3.356384732782331515e-01 3.604603732049745379e-01 3.643088332643975025e-01 3.698325676817910690e-01 3.736882060181169751e-01 3.834073278714140165e-01 3.959352926877634515e-01 3.998828841433971770e-01 4.029006680843730814e-01 4.171826491359365008e-01 4.339804490377072166e-01 4.399196522879286197e-01 4.484987352710916864e-01 4.501201187011931171e-01 4.650980289674765955e-01 4.787140313134930492e-01 4.838396582076465724e-01 4.909141645800219056e-01 5.015434771194660080e-01 5.036139404209397652e-01 5.106647652206474097e-01
-5.138608733144223173e-01 -5.047928587752338325e-01 -5.025490335250116791e-01 -4.940769827826285709e-01 -4.854803795372956143e-01 -4.818571001474235560e-01 -4.682198235468242320e-01 -4.532272253350579927e-01 -4.470008820451268905e-01 -4.420539548972142740e-01 -4.370485611619751021e-01 -4.202494336167263977e-01 -4.053369439821675746e-01 -4.028977241099326867e-01 -3.949905197206949881e-01 -3.864323871520770060e-01 -3.756093242617170036e-01 -3.728476126205990671e-01 -3.669966543424179051e-01 -3.632655978542358444e-01 -3.336156359331778343e-01 -2.842023710518900015e-01 -2.367032740002438518e-01 -1.945355927050778644e-01 -1.760176331414837203e-01 -1.710129439374427351e-01 -1.636663582026645358e-01 -1.615480142144058995e-01 -1.531508606370073911e-01 -1.390194230639115458e-01 -1.383839990620785165e-01 -1.285962066086723810e-01 -1.137942923357294495e-01 -1.092422140213006182e-01 -1.041964134400184677e-01 -9.769657462827949224e-02 -9.442426283959749755e-02 -9.091113219338066431e-02 -8.903276461809640774e-02 -8.709329666161086392e-02 -8.192358327983628730e-02 -8.161597521490215890e-02 -7.267706603574097812e-02 -6.447504543173364355e-02 -6.033431471364852916e-02 -5.292819395628350215e-02 -4.602951627348703806e-02 -4.358590103644049973e-02 -2.969302253416674503e-02 -2.918637762288794207e-02 2.918637762288769227e-02 2.969302253416671381e-02 4.358590103644067321e-02 4.602951627348717684e-02 5.292819395628352297e-02 6.033431471364842508e-02 6.447504543173360192e-02 7.267706603574146385e-02 8.161597521490189522e-02 8.192358327983662036e-02 8.709329666161032268e-02 8.903276461809590814e-02 9.091113219338056717e-02 9.442426283959751143e-02 9.769657462828018613e-02 1.041964134400190783e-01 1.092422140212994525e-01 1.137942923357289221e-01 1.285962066086718814e-01 1.383839990620785720e-01 1.390194230639132389e-01 1.531508606370069747e-01 1.615480142144057329e-01 1.636663582026648966e-01 1.710129439374424021e-01 1.760176331414842754e-01 1.945355927050792244e-01 2.367032740002454894e-01 2.842023710518900015e-01 3.336156359331808874e-01 3.632655978542395081e-01 3.669966543424160732e-01 3.728476126205987340e-01 3.756093242617183914e-01 3.864323871520751186e-01 3.949905197206926011e-01 4.028977241099307438e-01 4.053369439821676301e-01 4.202494336167236222e-01 4.370485611619732702e-01 4.420539548972132193e-01 4.470008820451247256e-01 4.532272253350574376e-01 4.682198235468251202e-01 4.818571001474253324e-01 4.854803795372970576e-01 4.940769827826287930e-01 5.025490335250123453e-01 5.047928587752313900e-01 5.138608733144207630e-01
-5.170397932795225415e-01 -5.079350572208659598e-01 -5.012987909880539661e-01 -4.972247657928243747e-01 -4.872536501976719725e-01 -4.849853558022329536e-01 -4.713301181198605860e-01 -4.563228307187953137e-01 -4.454286034131167415e-01 -4.442317745829295617e-01 -4.400643825600499270e-01 -4.233100660668716597e-01 -4.077827479184278903e-01 -4.058599847972962915e-01 -3.945200962568077840e-01 -3.893958447211984808e-01 -3.771480611018645512e-01 -3.758717353222065238e-01 -3.697447119234138491e-01 -3.659272524734041299e-01 -3.314450166603060133e-01 -2.817169785793962600e-01 -2.342435131640034363e-01 -1.926926996887941834e-01 -1.775459859330441870e-01 -1.728214445197018834e-01 -1.649775243162188987e-01 -1.624203118685637048e-01 -1.545520560737635163e-01 -1.396393937810534169e-01 -1.386472148572724938e-01 -1.303094214125275208e-01 -1.147044671234758312e-01 -1.083079834805845826e-01 -1.059416888349495600e-01 -9.393322996847451589e-02 -9.078202145934415046e-02 -9.069862988741143883e-02 -8.635755615951623554e-02 -8.578765667991515576e-02 -8.292747188981056117e-02 -7.831000356157598319e-02 -6.926661984970526598e-02 -6.435340642167312886e-02 -5.849367256894395101e-02 -5.085212188969265301e-02 -4.556995945577826945e-02 -4.182594337713035904e-02 -2.873208347911890975e-02 -2.788546234262546247e-02 2.788546234262571574e-02 2.873208347911892710e-02 4.182594337713089333e-02 4.556995945577826945e-02 5.085212188969336078e-02 5.849367256894467265e-02 6.435340642167398928e-02 6.926661984970541863e-02 7.831000356157563624e-02 8.292747188981140771e-02 8.578765667991565536e-02 8.635755615951604125e-02 9.069862988741056453e-02 9.078202145934326228e-02 9.393322996847491835e-02 1.059416888349498376e-01 1.083079834805837499e-01 1.147044671234763447e-01 1.303094214125277150e-01 1.386472148572722995e-01 1.396393937810535002e-01 1.545520560737639326e-01 1.624203118685633995e-01 1.649775243162195371e-01 1.728214445197014393e-01 1.775459859330454360e-01 1.926926996887934618e-01 2.342435131640016599e-01 2.817169785793959824e-01 3.314450166603074011e-01 3.659272524734051846e-01 3.697447119234152924e-01 3.758717353222074675e-01 3.771480611018627194e-01 3.893958447211974816e-01 3.945200962568074510e-01 4.058599847972941266e-01 4.077827479184288340e-01 4.233100660668707160e-01 4.400643825600504266e-01 4.442317745829312270e-01 4.454286034131155203e-01 4.563228307187982002e-01 4.713301181198624734e-01 4.849853558022343969e-01 4.872536501976721390e-01 4.972247657928234865e-01 5.012987909880557424e-01 5.079350572208680692e-01 5.170397932795236517e-01
-5.202009677988996827e-01 -5.110779549549437917e-01 -5.003568643813000039e-01 -4.998074110813549575e-01 -4.891261079757320829e-01 -4.880970517119054830e-01 -4.744276981996673470e-01 -4.594061762887414746e-01 -4.464343831666718887e-01 -4.442982301053369776e-01 -4.425671051250043564e-01 -4.263625039395733118e-01 -4.102709833222363267e-01 -4.087080534894955708e-01 -3.948505883376753900e-01 -3.921630205360060462e-01 -3.788968539193147689e-01 -3.782571821199493534e-01 -3.725290088009877709e-01 -3.683114968305008508e-01 -3.291610510635696318e-01 -2.791959574627060348e-01 -2.317760549777859447e-01 -1.910438289317999694e-01 -1.791964774039282726e-01 -1.746718229121205224e-01 -1.661747003432827718e-01 -1.635468566163299220e-01 -1.560685669056810221e-01 -1.410012447132298619e-01 -1.379890564530154851e-01 -1.321111955562404572e-01 -1.157132476253924097e-01 -1.077179259825047919e-01 -1.073849878936913166e-01 -9.098792995689267138e-02 -9.013386146710017366e-02 -8.699571120422631976e-02 -8.562774926648525353e-02 -8.519861725875980951e-02 -8.144248615939148062e-02 -7.473352234817458306e-02 -6.582041481163383723e-02 -6.549467981375416137e-02 -5.556607257339606087e-02 -4.999046938518780098e-02 -4.426105057571221718e-02 -4.042836447710505127e-02 -2.772756113071742773e-02 -2.667125603407024051e-02 2.667125603407028214e-02 2.772756113071767406e-02 4.042836447710584230e-02 4.426105057571239759e-02 4.999046938518840466e-02 5.556607257339685191e-02 6.549467981375395320e-02 6.582041481163362906e-02 7.473352234817455531e-02 8.144248615939300717e-02 8.519861725875971237e-02 8.562774926648496210e-02 8.699571120422613935e-02 9.013386146710035407e-02 9.098792995689293506e-02 1.073849878936905672e-01 1.077179259825042784e-01 1.157132476253926318e-01 1.321111955562402074e-01 1.379890564530157071e-01 1.410012447132312496e-01 1.560685669056821046e-01 1.635468566163297000e-01 1.661747003432819669e-01 1.746718229121204946e-01 1.791964774039276898e-01 1.910438289318011906e-01 2.317760549777828361e-01 2.791959574627058127e-01 3.291610510635717968e-01 3.683114968304992964e-01 3.725290088009911016e-01 3.782571821199480766e-01 3.788968539193116603e-01 3.921630205360094878e-01 3.948505883376756120e-01 4.087080534894957373e-01 4.102709833222369928e-01 4.263625039395764760e-01 4.425671051250024690e-01 4.442982301053359784e-01 4.464343831666705564e-01 4.594061762887428069e-01 4.744276981996683462e-01 4.880970517119047059e-01 4.891261079757323049e-01 4.998074110813535142e-01 5.003568643813008920e-01 5.110779549549422374e-01 5.202009677989014591e-01
-5.233438329372339659e-01 -5.142060978296602025e-01 -5.034726494071729563e-01 -4.981436989348575484e-01 -4.911873313144688447e-01 -4.910707945374583328e-01 -4.775116139298525297e-01 -4.624764984734597850e-01 -4.486443611607192072e-01 -4.464886965842242428e-01 -4.417386518476060231e-01 -4.294052555027834672e-01 -4.128880951011072442e-01 -4.113158024095667775e-01 -3.964981315264706763e-01 -3.943071742794339030e-01 -3.819179390985785738e-01 -3.791357009428120706e-01 -3.753325113063661900e-01 -3.701373529394570983e-01 -3.267865795811737417e-01 -2.766425329174825865e-01 -2.293067987415008391e-01 -1.896708594950697602e-01 -1.809387602621528590e-01 -1.765559997059966135e-01 -1.671850627854100380e-01 -1.648855839659220668e-01 -1.577009419000869606e-01 -1.424560725029069275e-01 -1.371322961085457148e-01 -1.339748814150309997e-01 -1.168252850971329970e-01 -1.094690791566881038e-01 -1.065354942710274727e-01 -9.138916973525790244e-02 -8.677250210325213042e-02 -8.608939067732428174e-02 -8.505673347197978407e-02 -8.318696505479801495e-02 -7.792574240885034864e-02 -7.131691230021468264e-02 -6.687412656958716117e-02 -6.239762749839687650e-02 -5.245432960166365038e-02 -5.025475016511751769e-02 -4.217757793994032778e-02 -3.945569977449839283e-02 -2.663779854737720332e-02 -2.556724579468417149e-02 2.556724579468409170e-02 2.663779854737690495e-02 3.945569977449878835e-02 4.217757793994091758e-02 5.025475016511816301e-02 5.245432960166381692e-02 6.239762749839748018e-02 6.687412656958814650e-02 7.131691230021558470e-02 7.792574240885043191e-02 8.318696505479766801e-02 8.505673347197900691e-02 8.608939067732357397e-02 8.677250210325158919e-02 9.138916973525816612e-02 1.065354942710276948e-01 1.094690791566881455e-01 1.168252850971329970e-01 1.339748814150295009e-01 1.371322961085450765e-01 1.424560725029085650e-01 1.577009419000872659e-01 1.648855839659213174e-01 1.671850627854091775e-01 1.765559997059955588e-01 1.809387602621534141e-01 1.896708594950685667e-01 2.293067987414995068e-01 2.766425329174829750e-01 3.267865795811732976e-01 3.701373529394544892e-01 3.753325113063675222e-01 3.791357009428160119e-01 3.819179390985771860e-01 3.943071742794354018e-01 3.964981315264728967e-01 4.113158024095688314e-01 4.128880951011100198e-01 4.294052555027846330e-01 4.417386518476067447e-01 4.464886965842234101e-01 4.486443611607168758e-01 4.624764984734596740e-01 4.775116139298508089e-01 4.910707945374604422e-01 4.911873313144692887e-01 4.981436989348597133e-01 5.034726494071746217e-01 5.142060978296586482e-01 5.233438329372354092e-01
-5.264678136714252554e-01 -5.173171719831018978e-01 -5.065714982656005505e-01 -4.963981623655141506e-01 -4.942126995604025907e-01 -4.930655834707395324e-01 -4.805810307695339567e-01 -4.655330070256136765e-01 -4.508439539754203196e-01 -4.494557018280315175e-01 -4.401985764934684409e-01 -4.324370862870303145e-01 -4.156816889075942156e-01 -4.135775270360659839e-01 -3.991534082765794134e-01 -3.960610310885872010e-01 -3.849313757856376861e-01 -3.802900792934276186e-01 -3.781421484106278208e-01 -3.709800039881273048e-01 -3.243374111180583608e-01 -2.740597206721117063e-01 -2.268430769993535212e-01 -1.886768561147289525e-01 -1.827503431693353608e-01 -1.784645683602021637e-01 -1.679200523101627152e-01 -1.663934893500870760e-01 -1.594375067878418539e-01 -1.439931110471616982e-01 -1.361796835297867103e-01 -1.358747909990200564e-01 -1.180576523927477639e-01 -1.111231857954126517e-01 -1.058179843039298990e-01 -9.228614025686678046e-02 -8.744830746477810779e-02 -8.445043094032907149e-02 -8.259785337486232060e-02 -7.948654452860454134e-02 -7.428750115188396952e-02 -6.970097621776959185e-02 -6.666153196463811548e-02 -5.906822990512180377e-02 -5.104949774409898999e-02 -4.936415008149343947e-02 -3.987731314384088815e-02 -3.891715491290682893e-02 -2.545522568229040272e-02 -2.458118767542266658e-02 2.458118767542302047e-02 2.545522568229041660e-02 3.891715491290700935e-02 3.987731314384070774e-02 4.936415008149274558e-02 5.104949774409910795e-02 5.906822990512256011e-02 6.666153196463879549e-02 6.970097621777124330e-02 7.428750115188403891e-02 7.948654452860334785e-02 8.259785337486193202e-02 8.445043094032955722e-02 8.744830746477773309e-02 9.228614025686747435e-02 1.058179843039286222e-01 1.111231857954139701e-01 1.180576523927490962e-01 1.358747909990206948e-01 1.361796835297867381e-01 1.439931110471632247e-01 1.594375067878417152e-01 1.663934893500865209e-01 1.679200523101630760e-01 1.784645683602024691e-01 1.827503431693340286e-01 1.886768561147303680e-01 2.268430769993534379e-01 2.740597206721124834e-01 3.243374111180571950e-01 3.709800039881280820e-01 3.781421484106268216e-01 3.802900792934316154e-01 3.849313757856351326e-01 3.960610310885874785e-01 3.991534082765809122e-01 4.135775270360644851e-01 4.156816889075946597e-01 4.324370862870333676e-01 4.401985764934709389e-01 4.494557018280274097e-01 4.508439539754188208e-01 4.655330070256155084e-01 4.805810307695328465e-01 4.930655834707406426e-01 4.942126995604028128e-01 4.963981623655127073e-01 5.065714982655998844e-01 5.173171719830998994e-01 5.264678136714242562e-01
-5.295723150164888260e-01 -5.204101153497836529e-01 -5.096527886225332704e-01 -4.974265664887856375e-01 -4.950916280631150745e-01 -4.943603739968877586e-01 -4.836351657623731981e-01 -4.685748475423742732e-01 -4.530131793673927709e-01 -4.524624648365262458e-01 -4.387853369898019329e-01 -4.354568732656192154e-01 -4.185838157277850247e-01 -4.154743229983211550e-01 -4.020575905300647901e-01 -3.980142785517973847e-01 -3.879341328635347308e-01 -3.820743545100553917e-01 -3.809466795156630781e-01 -3.706578616156832040e-01 -3.218249435717045470e-01 -2.714504165399673208e-01 -2.243943583160402933e-01 -1.881693442432175456e-01 -1.846129778313558290e-01 -1.803862289720553069e-01 -1.682941589315148645e-01 -1.680350732009207315e-01 -1.612609982919207818e-01 -1.456040279742884802e-01 -1.377830402629472983e-01 -1.352405235878819667e-01 -1.194417902102887508e-01 -1.125833251254088341e-01 -1.052843769215819486e-01 -9.375231646390880247e-02 -8.780546935901493988e-02 -8.393447288316756294e-02 -7.885703300580422515e-02 -7.580385768980119066e-02 -7.116415715775056827e-02 -7.063515453327423588e-02 -6.350293700018593002e-02 -5.613023958391497731e-02 -5.182118742084727142e-02 -4.641492599980583111e-02 -3.873413950327633803e-02 -3.765989476343233749e-02 -2.421333018371665466e-02 -2.369929396681657099e-02 2.369929396681627262e-02 2.421333018371621057e-02 3.765989476343243464e-02 3.873413950327591476e-02 4.641492599980562989e-02 5.182118742084835389e-02 5.613023958391467894e-02 6.350293700018533327e-02 7.063515453327427751e-02 7.116415715775063766e-02 7.580385768980142658e-02 7.885703300580318431e-02 8.393447288316725763e-02 8.780546935901543948e-02 9.375231646390969065e-02 1.052843769215831699e-01 1.125833251254099859e-01 1.194417902102880152e-01 1.352405235878812728e-01 1.377830402629469653e-01 1.456040279742878141e-01 1.612609982919212259e-01 1.680350732009198989e-01 1.682941589315140873e-01 1.803862289720550571e-01 1.846129778313551628e-01 1.881693442432168240e-01 2.243943583160400157e-01 2.714504165399673208e-01 3.218249435717052687e-01 3.706578616156834816e-01 3.809466795156629115e-01 3.820743545100541150e-01 3.879341328635371178e-01 3.980142785517970516e-01 4.020575905300624586e-01 4.154743229983214325e-01 4.185838157277831373e-01 4.354568732656182162e-01 4.387853369898020439e-01 4.524624648365256352e-01 4.530131793673917717e-01 4.685748475423738846e-01 4.836351657623721434e-01 4.943603739968845390e-01 4.950916280631150745e-01 4.974265664887848604e-01 5.096527886225334925e-01 5.204101153497847632e-01 5.295723150164886039e-01
-5.326567000763284820e-01 -5.234841544298419747e-01 -5.127158939891161005e-01 -5.004408111017830674e-01 -4.971319307692915745e-01 -4.924613846485700330e-01 -4.866732532356319862e-01 -4.716010191747091462e-01 -4.554686237511977875e-01 -4.551273248908310753e-01 -4.384635108551446225e-01 -4.376782580130209599e-01 -4.215287345719131995e-01 -4.169472870703301304e-01 -4.050160816362660676e-01 -4.002025544691975578e-01 -3.909232146182138878e-01 -3.843676774249228933e-01 -3.837349407087569664e-01 -3.694527081298502602e-01 -3.192577114608420863e-01 -2.688174796864401528e-01 -2.219733708938655403e-01 -1.882231060794864741e-01 -1.865098950821983403e-01 -1.823081084449781064e-01 -1.697834338076534000e-01 -1.682642649075533348e-01 -1.631526877378168816e-01 -1.472828787914094995e-01 -1.396656549031248251e-01 -1.344283072344330809e-01 -1.210142592471536438e-01 -1.137343573677219166e-01 -1.049745195772152362e-01 -9.562864341576279847e-02 -8.770496104037631135e-02 -8.350470186545247420e-02 -7.511436287682764223e-02 -7.344940244529674089e-02 -7.177777054768766374e-02 -6.699288329173497258e-02 -6.000841615432671305e-02 -5.520531386133448182e-02 -5.084832657827746683e-02 -4.386349001725293323e-02 -3.863440388486366617e-02 -3.568885331934221194e-02 -2.297080036841113101e-02 -2.288050432043265553e-02 2.288050432043277696e-02 2.297080036841132530e-02 3.568885331934210092e-02 3.863440388486351351e-02 4.386349001725303731e-02 5.084832657827810520e-02 5.520531386133458590e-02 6.000841615432770532e-02 6.699288329173566647e-02 7.177777054768781639e-02 7.344940244529665763e-02 7.511436287682804469e-02 8.350470186545246032e-02 8.770496104037810159e-02 9.562864341576302052e-02 1.049745195772159995e-01 1.137343573677213615e-01 1.210142592471545320e-01 1.344283072344341634e-01 1.396656549031245198e-01 1.472828787914089443e-01 1.631526877378172424e-01 1.682642649075541952e-01 1.697834338076525396e-01 1.823081084449782729e-01 1.865098950821991453e-01 1.882231060794886113e-01 2.219733708938660677e-01 2.688174796864396532e-01 3.192577114608433075e-01 3.694527081298507043e-01 3.837349407087591313e-01 3.843676774249213945e-01 3.909232146182128886e-01 4.002025544691985570e-01 4.050160816362675664e-01 4.169472870703264111e-01 4.215287345719098688e-01 4.376782580130265110e-01 4.384635108551489524e-01 4.551273248908315749e-01 4.554686237511980651e-01 4.716010191747085911e-01 4.866732532356352614e-01 4.924613846485723645e-01 4.971319307692934619e-01 5.004408111017841776e-01 5.127158939891175438e-01 5.234841544298448612e-01 5.326567000763305915e-01
-5.357202207208249245e-01 -5.265386087804085902e-01 -5.157601788247648811e-01 -5.034658236304208057e-01 -4.991699722200881872e-01 -4.905386517986840000e-01 -4.896945189095288087e-01 -4.746101545326838478e-01 -4.584654923100983659e-01 -4.571533152317969195e-01 -4.414558218647494092e-01 -4.370547008777535547e-01 -4.244863751568571653e-01 -4.178739294123444692e-01 -4.079863872320536045e-01 -4.025559999213021989e-01 -3.938951178228126682e-01 -3.869391100098676928e-01 -3.864939494692667954e-01 -3.677087338340529477e-01 -3.166423319132781189e-01 -2.661638169010426824e-01 -2.195979729726430518e-01 -1.888430814952407888e-01 -1.884232085171093085e-01 -1.842187720668560791e-01 -1.716187332136400456e-01 -1.678675914269307234e-01 -1.650938153269289610e-01 -1.490263384505548516e-01 -1.414774174684389207e-01 -1.338554729301322521e-01 -1.227939997504971514e-01 -1.144711944396569758e-01 -1.049106510800914827e-01 -9.773999048126495726e-02 -8.729284986963133097e-02 -8.316634391431153295e-02 -7.539520128250447317e-02 -7.137629651897706151e-02 -6.825103325760670248e-02 -6.339298410518302840e-02 -5.649035098129252808e-02 -5.637191355841519869e-02 -4.798720155829105938e-02 -4.247100587484018558e-02 -3.782595235337923856e-02 -3.409803575696510047e-02 -2.205710997271009138e-02 -2.178846317915773476e-02 2.178846317915773476e-02 2.205710997271010526e-02 3.409803575696482986e-02 3.782595235337918305e-02 4.247100587483987333e-02 4.798720155829089978e-02 5.637191355841553175e-02 5.649035098129260440e-02 6.339298410518233451e-02 6.825103325760645268e-02 7.137629651897708927e-02 7.539520128250366826e-02 8.316634391431128315e-02 8.729284986963087301e-02 9.773999048126395806e-02 1.049106510800918296e-01 1.144711944396539505e-01 1.227939997504961939e-01 1.338554729301327795e-01 1.414774174684398644e-01 1.490263384505537414e-01 1.650938153269270459e-01 1.678675914269304736e-01 1.716187332136404897e-01 1.842187720668567452e-01 1.884232085171101689e-01 1.888430814952403725e-01 2.195979729726416363e-01 2.661638169010417942e-01 3.166423319132745662e-01 3.677087338340495615e-01 3.864939494692694599e-01 3.869391100098682479e-01 3.938951178228147221e-01 4.025559999213053075e-01 4.079863872320543261e-01 4.178739294123454684e-01 4.244863751568558330e-01 4.370547008777495579e-01 4.414558218647485766e-01 4.571533152317959203e-01 4.584654923100963120e-01 4.746101545326829596e-01 4.896945189095262552e-01 4.905386517986787820e-01 4.991699722200898526e-01 5.034658236304212497e-01 5.157601788247643260e-01 5.265386087804101445e-01 5.357202207208260347e-01
-5.387617042671515311e-01 -5.295728325106787704e-01 -5.187849907970684127e-01 -5.064772985906915714e-01 -5.011882534255358568e-01 -4.926981496731046017e-01 -4.886765180274626474e-01 -4.775997698334914499e-01 -4.614497242877773076e-01 -4.590442812822687624e-01 -4.444324302437221430e-01 -4.370614792012221250e-01 -4.274436627140151823e-01 -4.181453168094629302e-01 -4.109547925385868550e-01 -4.050161896128207650e-01 -3.968450170060969784e-01 -3.896500008645526480e-01 -3.892061679267769803e-01 -3.656367018882699660e-01 -3.139841039166881842e-01 -2.634924755590457024e-01 -2.172943963176589832e-01 -1.903306695997060705e-01 -1.899608638465347388e-01 -1.861152325388595874e-01 -1.735263014730579201e-01 -1.672237495756103420e-01 -1.670653214520311791e-01 -1.508341159423173816e-01 -1.431551602367515108e-01 -1.336166386672423823e-01 -1.247678765819152241e-01 -1.147320294091924292e-01 -1.050960497444183434e-01 -9.999071525209114741e-02 -8.666096132384726314e-02 -8.292403868744362139e-02 -7.760914107925917516e-02 -6.764587401558032342e-02 -6.456770232513468766e-02 -6.012719746346112393e-02 -5.774807567691427057e-02 -5.300513005108901943e-02 -4.481682649811823821e-02 -4.267086673990695689e-02 -3.584352610353938595e-02 -3.300065171804938968e-02 -2.115507531785551162e-02 -2.071253963618627930e-02 2.071253963618605032e-02 2.115507531785533121e-02 3.300065171804877906e-02 3.584352610353921942e-02 4.267086673990710954e-02 4.481682649811796065e-02 5.300513005108938025e-02 5.774807567691325055e-02 6.012719746346038840e-02 6.456770232513490970e-02 6.764587401558018465e-02 7.760914107925892536e-02 8.292403868744378792e-02 8.666096132384808193e-02 9.999071525209141109e-02 1.050960497444184544e-01 1.147320294091918463e-01 1.247678765819158486e-01 1.336166386672412443e-01 1.431551602367497344e-01 1.508341159423182976e-01 1.670653214520318730e-01 1.672237495756107861e-01 1.735263014730578923e-01 1.861152325388583662e-01 1.899608638465331290e-01 1.903306695997051268e-01 2.172943963176595661e-01 2.634924755590474788e-01 3.139841039166909598e-01 3.656367018882695774e-01 3.892061679267820318e-01 3.896500008645508162e-01 3.968450170060981441e-01 4.050161896128180450e-01 4.109547925385833578e-01 4.181453168094588224e-01 4.274436627140139056e-01 4.370614792012214589e-01 4.444324302437201446e-01 4.590442812822701502e-01 4.614497242877783623e-01 4.775997698334930597e-01 4.886765180274615927e-01 4.926981496731015486e-01 5.011882534255349686e-01 5.064772985906897951e-01 5.187849907970700780e-01 5.295728325106785483e-01 5.387617042671508649e-01
-5.417765230066905469e-01 -5.325861919062694350e-01 -5.217896451312881156e-01 -5.094714366554758955e-01 -5.031665383719915452e-01 -4.956832421871273375e-01 -4.869635289493638441e-01 -4.805624806334288790e-01 -4.644194879565698431e-01 -4.607319147699338036e-01 -4.473915159106983119e-01 -4.377324369467304743e-01 -4.303941359890940399e-01 -4.177692313816855352e-01 -4.139153151113995066e-01 -4.075431179526455838e-01 -3.997651383949559212e-01 -3.924312965994049551e-01 -3.918446393552355023e-01 -3.633507542139071123e-01 -3.112874016887102746e-01 -2.608067545906237461e-01 -2.151030804475342895e-01 -1.922005441427855066e-01 -1.914655161791353200e-01 -1.880088102451840382e-01 -1.754950850604215795e-01 -1.690465537661627327e-01 -1.665044205466078009e-01 -1.527091664551987749e-01 -1.446107042227086081e-01 -1.337633006731611118e-01 -1.269014849025692782e-01 -1.145150774607886363e-01 -1.055212132058883645e-01 -1.023289304549694356e-01 -8.587110082730077532e-02 -8.278206003281250724e-02 -7.991643491722764947e-02 -6.393497981498914851e-02 -6.088135672037016388e-02 -6.046219355433020415e-02 -5.574644128391226250e-02 -4.963940845712161432e-02 -4.361397774962181423e-02 -4.166268782260884596e-02 -3.347108993188167847e-02 -3.244507901805198519e-02 -2.013771881045297793e-02 -1.976380458023462364e-02 1.976380458023480058e-02 2.013771881045314099e-02 3.244507901805206151e-02 3.347108993188155357e-02 4.166268782260900555e-02 4.361397774962189056e-02 4.963940845712168370e-02 5.574644128391310210e-02 6.046219355433058579e-02 6.088135672037035123e-02 6.393497981499059180e-02 7.991643491722716375e-02 8.278206003281327052e-02 8.587110082730096960e-02 1.023289304549698936e-01 1.055212132058884478e-01 1.145150774607888999e-01 1.269014849025706104e-01 1.337633006731607233e-01 1.446107042227102457e-01 1.527091664551988859e-01 1.665044205466072735e-01 1.690465537661628159e-01 1.754950850604215518e-01 1.880088102451833443e-01 1.914655161791344040e-01 1.922005441427835637e-01 2.151030804475358160e-01 2.608067545906247453e-01 3.112874016887089423e-01 3.633507542139119972e-01 3.918446393552363349e-01 3.924312965994080082e-01 3.997651383949614168e-01 4.075431179526417536e-01 4.139153151113985629e-01 4.177692313816815939e-01 4.303941359890947616e-01 4.377324369467290865e-01 4.473915159106976458e-01 4.607319147699351913e-01 4.644194879565724521e-01 4.805624806334318766e-01 4.869635289493652874e-01 4.956832421871267824e-01 5.031665383719887696e-01 5.094714366554745633e-01 5.217896451312854511e-01 5.325861919062662153e-01 5.417765230066894366e-01
-5.431538686206052180e-01 -5.355780549122659551e-01 -5.247733859088913322e-01 -5.124466877098445838e-01 -5.050795115227286747e-01 -4.986486902729894699e-01 -4.855684440953710879e-01 -4.834377428930498599e-01 -4.673735113121234019e-01 -4.621182837338174143e-01 -4.503302336927510474e-01 -4.389699604310327019e-01 -4.333340535091814161e-01 -4.169072324694172438e-01 -4.168646725809298514e-01 -4.101096566655710318e-01 -4.026408488742595493e-01 -3.952475878311390023e-01 -3.943632176927893696e-01 -3.609149070001338444e-01 -3.085559423766484066e-01 -2.581103461043763869e-01 -2.130893410659965015e-01 -1.939825391033877799e-01 -1.932427001870155037e-01 -1.899196666932059241e-01 -1.775165249775483012e-01 -1.710131042419148484e-01 -1.659019189757579837e-01 -1.546569386244479871e-01 -1.457290851336562609e-01 -1.342901962611708078e-01 -1.291578844414930372e-01 -1.138755661445749467e-01 -1.061915473521579945e-01 -1.046988171292507069e-01 -8.497419393740753002e-02 -8.278163070945290802e-02 -8.225142113102133778e-02 -6.255032082096370627e-02 -6.014386950089634087e-02 -5.720620317136644595e-02 -5.224537985217263258e-02 -4.707137107480127702e-02 -4.419034415840585039e-02 -3.867741232157442116e-02 -3.234207975400669316e-02 -3.118955966674434588e-02 -1.903775560925824797e-02 -1.892697659352155642e-02 1.892697659352136560e-02 1.903775560925807450e-02 3.118955966674421404e-02 3.234207975400667928e-02 3.867741232157437953e-02 4.419034415840638469e-02 4.707137107480181826e-02 5.224537985217260483e-02 5.720620317136661248e-02 6.014386950089625067e-02 6.255032082096409485e-02 8.225142113102107411e-02 8.278163070945299129e-02 8.497419393740845983e-02 1.046988171292513869e-01 1.061915473521585912e-01 1.138755661445742806e-01 1.291578844414929539e-01 1.342901962611708910e-01 1.457290851336570936e-01 1.546569386244484312e-01 1.659019189757582335e-01 1.710131042419167080e-01 1.775165249775501053e-01 1.899196666932047028e-01 1.932427001870158367e-01 1.939825391033872803e-01 2.130893410659987497e-01 2.581103461043757763e-01 3.085559423766492948e-01 3.609149070001327897e-01 3.943632176927931443e-01 3.952475878311416113e-01 4.026408488742589387e-01 4.101096566655739184e-01 4.168646725809316278e-01 4.169072324694179099e-01 4.333340535091793067e-01 4.389699604310324244e-01 4.503302336927514360e-01 4.621182837338166371e-01 4.673735113121178508e-01 4.834377428930511367e-01 4.855684440953714209e-01 4.986486902729879156e-01 5.050795115227313392e-01 5.124466877098465822e-01 5.247733859088916653e-01 5.355780549122708400e-01 5.431538686206094368e-01
-5.410709313619317395e-01 -5.385477848590332073e-01 -5.277352661951277835e-01 -5.154020443700213505e-01 -5.068935315087638172e-01 -5.015928817439310183e-01 -4.866195977015513319e-01 -4.842362844050360771e-01 -4.703107626642284433e-01 -4.630760885499453638e-01 -4.532430317153033350e-01 -4.406204177771029795e-01 -4.362608592767009963e-01 -4.198006874550399004e-01 -4.158328984073624834e-01 -4.126965605538707726e-01 -4.054396392629850410e-01 -3.980791582906816894e-01 -3.966757884798935985e-01 -3.583674539376992541e-01 -3.057929753465453704e-01 -2.554075262489167719e-01 -2.113618543182732290e-01 -1.955921891676878632e-01 -1.952014380662935311e-01 -1.918636162448665305e-01 -1.795837772204213201e-01 -1.729335036433662653e-01 -1.656014378754695204e-01 -1.566829853916126558e-01 -1.463849903266676855e-01 -1.351484991354892917e-01 -1.315068091982651288e-01 -1.129053505742144969e-01 -1.075055241808513529e-01 -1.066570445106867771e-01 -8.476316799636632315e-02 -8.401572878611905659e-02 -8.275550983379667547e-02 -6.473939589294627761e-02 -5.645956377952383864e-02 -5.356283893958670855e-02 -4.868277023830516748e-02 -4.762359633483607968e-02 -4.192964212174486727e-02 -3.628471368616425358e-02 -3.223674341530768928e-02 -2.922818303469274306e-02 -1.813932559083600640e-02 -1.793957186793543324e-02 1.793957186793550609e-02 1.813932559083602722e-02 2.922818303469311429e-02 3.223674341530721743e-02 3.628471368616448950e-02 4.192964212174508237e-02 4.762359633483603805e-02 4.868277023830492461e-02 5.356283893958670855e-02 5.645956377952441457e-02 6.473939589294640251e-02 8.275550983379738323e-02 8.401572878611938966e-02 8.476316799636657295e-02 1.066570445106847648e-01 1.075055241808505896e-01 1.129053505742146496e-01 1.315068091982657672e-01 1.351484991354906240e-01 1.463849903266718488e-01 1.566829853916128501e-01 1.656014378754687710e-01 1.729335036433652661e-01 1.795837772204214033e-01 1.918636162448671412e-01 1.952014380662924764e-01 1.955921891676887236e-01 2.113618543182756437e-01 2.554075262489155507e-01 3.057929753465478129e-01 3.583674539377009194e-01 3.966757884798946532e-01 3.980791582906834103e-01 4.054396392629855961e-01 4.126965605538709947e-01 4.158328984073618728e-01 4.198006874550381795e-01 4.362608592767015514e-01 4.406204177771028685e-01 4.532430317153062216e-01 4.630760885499474733e-01 4.703107626642299421e-01 4.842362844050367987e-01 4.866195977015530527e-01 5.015928817439324616e-01 5.068935315087602644e-01 5.154020443700189080e-01 5.277352661951291157e-01 5.385477848590328742e-01 5.410709313619310734e-01
-5.414947352776392497e-01 -5.390555851063967285e-01 -5.306736303592398674e-01 -5.183366806121871839e-01 -5.085625271473415143e-01 -5.045126541900734063e-01 -4.894770847915491663e-01 -4.837435517854127842e-01 -4.732303195740664714e-01 -4.634804258994964510e-01 -4.561152819040484863e-01 -4.425473028670571241e-01 -4.391724670921322016e-01 -4.227216602306474447e-01 -4.152890723449705335e-01 -4.149365613785744311e-01 -4.080759292302502117e-01 -4.009139240067602361e-01 -3.986144439295665753e-01 -3.557327695325827599e-01 -3.030014219863338965e-01 -2.527034241685990335e-01 -2.100957374627569763e-01 -1.972805719926457035e-01 -1.968925488525030965e-01 -1.938454735556562891e-01 -1.816911699157835458e-01 -1.747641781061801958e-01 -1.657394209059738777e-01 -1.587894935009301345e-01 -1.464880942972222044e-01 -1.362735429424897227e-01 -1.339251593751943359e-01 -1.117070268998284072e-01 -1.098723871333968649e-01 -1.077538799869370845e-01 -8.723726902762084234e-02 -8.303758260834664950e-02 -8.289746305430631401e-02 -6.706176182468745472e-02 -5.275892648061411561e-02 -5.035175017199648023e-02 -4.896928249354261242e-02 -4.514049397841403410e-02 -3.871382103430930088e-02 -3.566935817787606627e-02 -3.088636590128291531e-02 -2.777611063576602979e-02 -1.729399525273745200e-02 -1.693381965163436725e-02 1.693381965163429093e-02 1.729399525273745894e-02 2.777611063576617204e-02 3.088636590128298470e-02 3.566935817787615648e-02 3.871382103430948823e-02 4.514049397841384675e-02 4.896928249354257079e-02 5.035175017199614717e-02 5.275892648061427520e-02 6.706176182468771840e-02 8.289746305430706341e-02 8.303758260834705196e-02 8.723726902762080071e-02 1.077538799869370567e-01 1.098723871333975727e-01 1.117070268998289206e-01 1.339251593751935310e-01 1.362735429424895839e-01 1.464880942972228983e-01 1.587894935009313002e-01 1.657394209059726009e-01 1.747641781061790300e-01 1.816911699157827131e-01 1.938454735556580932e-01 1.968925488525033185e-01 1.972805719926455925e-01 2.100957374627573648e-01 2.527034241685983673e-01 3.030014219863316760e-01 3.557327695325828709e-01 3.986144439295664088e-01 4.009139240067596255e-01 4.080759292302467145e-01 4.149365613785743756e-01 4.152890723449697008e-01 4.227216602306442805e-01 4.391724670921320350e-01 4.425473028670581788e-01 4.561152819040457662e-01 4.634804258994971726e-01 4.732303195740757418e-01 4.837435517854141720e-01 4.894770847915520529e-01 5.045126541900749606e-01 5.085625271473425135e-01 5.183366806121871839e-01 5.306736303592408666e-01 5.390555851063997261e-01 5.414947352776419143e-01
-5.444182436361535427e-01 -5.372036874656535010e-01 -5.335817192669116693e-01 -5.212498415280221176e-01 -5.100265055781710855e-01 -5.073979561165353758e-01 -4.923671945257053206e-01 -4.838224928635160293e-01 -4.761313036457227588e-01 -4.633104559266616462e-01 -4.588852901211191715e-01 -4.446535626369114147e-01 -4.420667833784417966e-01 -4.256260629626543723e-01 -4.178745895507260388e-01 -4.148441440357188981e-01 -4.103224668053567781e-01 -4.037436464232592725e-01 -3.998774489701085733e-01 -3.530272354505231691e-01 -3.001839845553124220e-01 -2.500044157403364387e-01 -2.095201512887646944e-01 -1.994422670681164356e-01 -1.977138872898042965e-01 -1.958607471302893921e-01 -1.838338119856399444e-01 -1.764420533506281530e-01 -1.663597368954539135e-01 -1.609727308017616099e-01 -1.460345218433964365e-01 -1.376080909959938037e-01 -1.363922602001682860e-01 -1.123995840211056974e-01 -1.103788296406197911e-01 -1.088446450670551569e-01 -8.974061800199215067e-02 -8.311304118612988789e-02 -8.208130717876839511e-02 -6.945902117159503952e-02 -5.167847971995727374e-02 -4.906496142439122077e-02 -4.608010133023691945e-02 -4.169318494296093969e-02 -3.652414191201230204e-02 -3.546249737181907807e-02 -2.851628557224284224e-02 -2.697202313665072321e-02 -1.629344273821840827e-02 -1.608197115493480156e-02 1.608197115493491258e-02 1.629344273821848460e-02 2.697202313665082035e-02 2.851628557224271387e-02 3.546249737181941808e-02 3.652414191201241306e-02 4.169318494296109234e-02 4.608010133023726640e-02 4.906496142439138036e-02 5.167847971995707945e-02 6.945902117159426237e-02 8.208130717876908899e-02 8.311304118613049852e-02 8.974061800199172045e-02 1.088446450670544213e-01 1.103788296406199854e-01 1.123995840211048369e-01 1.363922602001693407e-01 1.376080909959939147e-01 1.460345218433963810e-01 1.609727308017623593e-01 1.663597368954523592e-01 1.764420533506285416e-01 1.838338119856398056e-01 1.958607471302904190e-01 1.977138872898042132e-01 1.994422670681168797e-01 2.095201512887633344e-01 2.500044157403362721e-01 3.001839845553145869e-01 3.530272354505218368e-01 3.998774489701048540e-01 4.037436464232632694e-01 4.103224668053553903e-01 4.148441440357150123e-01 4.178745895507220975e-01 4.256260629626559266e-01 4.420667833784414635e-01 4.446535626369114147e-01 4.588852901211216695e-01 4.633104559266643108e-01 4.761313036457195391e-01 4.838224928635124766e-01 4.923671945257027671e-01 5.073979561165380403e-01 5.100265055781719736e-01 5.212498415280236719e-01 5.335817192669141118e-01 5.372036874656502814e-01 5.444182436361518773e-01
-5.473176208870500492e-01 -5.365652177318684934e-01 -5.355117101640720634e-01 -5.241408009509938015e-01 -5.112699675370301344e-01 -5.101669561613634274e-01 -4.952456825565898502e-01 -4.844949602748163664e-01 -4.790128384072850909e-01 -4.631938148924450993e-01 -4.609563268062282226e-01 -4.468760748994595744e-01 -4.449411024088107958e-01 -4.285123331387815648e-01 -4.204408089635133239e-01 -4.161535173847698554e-01 -4.120015633255870169e-01 -4.065619691203118391e-01 -4.001077726280595770e-01 -3.502623928036919243e-01 -2.973432367119759889e-01 -2.473187202130773255e-01 -2.097835871956525156e-01 -2.016634315872888328e-01 -1.979975064135210960e-01 -1.978991694873157570e-01 -1.860072921738094853e-01 -1.778755379731987163e-01 -1.674144688089115318e-01 -1.632228098564283136e-01 -1.451120113299889935e-01 -1.391702293326456119e-01 -1.388275793298590632e-01 -1.149656480275325632e-01 -1.100148282606395189e-01 -1.090154045036454133e-01 -9.224289626182968771e-02 -8.339147227739648893e-02 -8.119795586101472007e-02 -7.188881790955715945e-02 -5.389991872410829915e-02 -4.538371289088738436e-02 -4.248372143205426943e-02 -3.923713120747360922e-02 -3.701346121897957503e-02 -3.236181303315912444e-02 -2.678295872515602458e-02 -2.609929058867593854e-02 -1.539204805381123690e-02 -1.513873425579599988e-02 1.513873425579650295e-02 1.539204805381184232e-02 2.609929058867603915e-02 2.678295872515603845e-02 3.236181303315886076e-02 3.701346121897954727e-02 3.923713120747363697e-02 4.248372143205430412e-02 4.538371289088743987e-02 5.389991872410824364e-02 7.188881790955675699e-02 8.119795586101549723e-02 8.339147227739526769e-02 9.224289626183014568e-02 1.090154045036459407e-01 1.100148282606401712e-01 1.149656480275319248e-01 1.388275793298588690e-01 1.391702293326456674e-01 1.451120113299891601e-01 1.632228098564290353e-01 1.674144688089119759e-01 1.778755379731979391e-01 1.860072921738084861e-01 1.978991694873150908e-01 1.979975064135204021e-01 2.016634315872889716e-01 2.097835871956511833e-01 2.473187202130754658e-01 2.973432367119742681e-01 3.502623928036900369e-01 4.001077726280580782e-01 4.065619691203113950e-01 4.120015633255884602e-01 4.161535173847711322e-01 4.204408089635136569e-01 4.285123331387800660e-01 4.449411024088099076e-01 4.468760748994556331e-01 4.609563268062256691e-01 4.631938148924453214e-01 4.790128384072845358e-01 4.844949602748168660e-01 4.952456825565897391e-01 5.101669561613647597e-01 5.112699675370316887e-01 5.241408009509896937e-01 5.355117101640701760e-01 5.365652177318676053e-01 5.473176208870497161e-01
-5.501921294242546612e-01 -5.393815015781238120e-01 -5.343485907061678031e-01 -5.270088417690764748e-01 -5.133269543237641841e-01 -5.116627701088731772e-01 -4.981061498087727135e-01 -4.856530387379256464e-01 -4.818740095063220874e-01 -4.652081929851278330e-01 -4.603770526319451717e-01 -4.491760445298664806e-01 -4.477906936170995000e-01 -4.313786554372030513e-01 -4.229738260647805670e-01 -4.184304218057451896e-01 -4.136563871942988690e-01 -4.093632178195222293e-01 -3.992368403117375619e-01 -3.474467156799729284e-01 -2.944817051525810969e-01 -2.446573343191111582e-01 -2.107943461589723566e-01 -2.039295433895321752e-01 -1.999466132446706401e-01 -1.979598798065280996e-01 -1.882074286209594882e-01 -1.789402191113873830e-01 -1.688132534783260696e-01 -1.655248885149604998e-01 -1.438550135741048508e-01 -1.415169656233712936e-01 -1.406253357414158911e-01 -1.175464449236840597e-01 -1.112506279094030853e-01 -1.077240983953091230e-01 -9.469543670606800356e-02 -8.371213801567628510e-02 -8.048504493695883555e-02 -7.426367765725949699e-02 -5.627837302416473231e-02 -4.177571829524823199e-02 -4.037057402571631037e-02 -3.888267137529523299e-02 -3.421742958584169519e-02 -2.992624302840650452e-02 -2.665842671080959070e-02 -2.401326901190259031e-02 -1.479123073062140435e-02 -1.394179324412099345e-02 1.394179324412115478e-02 1.479123073062160384e-02 2.401326901190265276e-02 2.665842671080983703e-02 2.992624302840618186e-02 3.421742958584194499e-02 3.888267137529510808e-02 4.037057402571631037e-02 4.177571829524795444e-02 5.627837302416453802e-02 7.426367765725837289e-02 8.048504493695922413e-02 8.371213801567589652e-02 9.469543670606742070e-02 1.077240983953094700e-01 1.112506279094031270e-01 1.175464449236831715e-01 1.406253357414166127e-01 1.415169656233723205e-01 1.438550135741040459e-01 1.655248885149590565e-01 1.688132534783253758e-01 1.789402191113856067e-01 1.882074286209575731e-01 1.979598798065279330e-01 1.999466132446711120e-01 2.039295433895325915e-01 2.107943461589702472e-01 2.446573343191111860e-01 2.944817051525758234e-01 3.474467156799719847e-01 3.992368403117411146e-01 4.093632178195191207e-01 4.136563871942994797e-01 4.184304218057469105e-01 4.229738260647783465e-01 4.313786554372040505e-01 4.477906936170986119e-01 4.491760445298702553e-01 4.603770526319438394e-01 4.652081929851287212e-01 4.818740095063251960e-01 4.856530387379285885e-01 4.981061498087747119e-01 5.116627701088768410e-01 5.133269543237636290e-01 5.270088417690790283e-01 5.343485907061693574e-01 5.393815015781245892e-01 5.501921294242557714e-01
-5.530409263041751178e-01 -5.422231257556554551e-01 -5.336480455659807776e-01 -5.298532445801958923e-01 -5.161008825021067281e-01 -5.118588415795106705e-01 -5.009462784492791920e-01 -4.871613267029140659e-01 -4.847138083196376734e-01 -4.679157052321662458e-01 -4.587415729620685223e-01 -4.515352290765854426e-01 -4.506040507304726050e-01 -4.342226093193894410e-01 -4.254555748840623264e-01 -4.210409014704396546e-01 -4.156528567205148850e-01 -4.121414297028661022e-01 -3.975586300906064352e-01 -3.445866604013201884e-01 -2.916019503960708970e-01 -2.420355412045656907e-01 -2.123141999362919141e-01 -2.062309746871333338e-01 -2.019850428266387610e-01 -1.979812225632062717e-01 -1.904300527405286270e-01 -1.794972433249261978e-01 -1.704715283559574968e-01 -1.678598476374184023e-01 -1.440815736470060782e-01 -1.424023373413446369e-01 -1.423130020301009435e-01 -1.201221136174766141e-01 -1.125268227808163268e-01 -1.066671878824664160e-01 -9.699189232686780682e-02 -8.404552372553242279e-02 -8.026192966363059067e-02 -7.627327982411774565e-02 -5.876647205173934213e-02 -4.253293307728051031e-02 -3.799115933415907892e-02 -3.532347936731426719e-02 -3.087210286866707773e-02 -2.969723392920168431e-02 -2.496050307141773825e-02 -2.254638355581773182e-02 -1.411066241446405287e-02 -1.284387906507288186e-02 1.284387906507270492e-02 1.411066241446391756e-02 2.254638355581781856e-02 2.496050307141756130e-02 2.969723392920190982e-02 3.087210286866681752e-02 3.532347936731389942e-02 3.799115933415909974e-02 4.253293307728054501e-02 5.876647205173821109e-02 7.627327982411777341e-02 8.026192966363021597e-02 8.404552372553163175e-02 9.699189232686758477e-02 1.066671878824658470e-01 1.125268227808163962e-01 1.201221136174764892e-01 1.423130020301004994e-01 1.424023373413447202e-01 1.440815736470067165e-01 1.678598476374174586e-01 1.704715283559571637e-01 1.794972433249242827e-01 1.904300527405286547e-01 1.979812225632077149e-01 2.019850428266380116e-01 2.062309746871325844e-01 2.123141999362906374e-01 2.420355412045631927e-01 2.916019503960714521e-01 3.445866604013146373e-01 3.975586300906064907e-01 4.121414297028612173e-01 4.156528567205174940e-01 4.210409014704383224e-01 4.254555748840621598e-01 4.342226093193892189e-01 4.506040507304712173e-01 4.515352290765873855e-01 4.587415729620656912e-01 4.679157052321660792e-01 4.847138083196371738e-01 4.871613267029137329e-01 5.009462784492756393e-01 5.118588415795108926e-01 5.161008825021063950e-01 5.298532445801927837e-01 5.336480455659766697e-01 5.422231257556529016e-01 5.530409263041754508e-01
-5.558628782167117643e-01 -5.450431290530325379e-01 -5.335305930339611091e-01 -5.326732788369292759e-01 -5.189022964704531615e-01 -5.113744170035809944e-01 -5.037647243484919546e-01 -4.889061537347827446e-01 -4.875310245324248615e-01 -4.706915655259432119e-01 -4.568201709201267224e-01 -4.539687107451586545e-01 -4.533445621507882772e-01 -4.370404195654545298e-01 -4.278596206580412287e-01 -4.237563727543213199e-01 -4.179182369187159352e-01 -4.148892116539625863e-01 -3.953913933330844843e-01 -3.416873146056323973e-01 -2.887066547986549825e-01 -2.394754182361836792e-01 -2.141398614979271864e-01 -2.085609238019632550e-01 -2.039906991587801255e-01 -1.983664007946646657e-01 -1.926708462388233567e-01 -1.794519778597505055e-01 -1.723313150435068497e-01 -1.702034902557365281e-01 -1.466738952637897941e-01 -1.440466299550935414e-01 -1.408871326372463928e-01 -1.226645836889403013e-01 -1.138100024774450492e-01 -1.061598918791418350e-01 -9.887567399552139868e-02 -8.435152764062804620e-02 -8.134243679926843329e-02 -7.711133587203181095e-02 -6.134025345761300041e-02 -4.480614030920876401e-02 -3.434934021570384272e-02 -3.218105245585335672e-02 -3.056011259542540728e-02 -2.757811196610396309e-02 -2.240572069947968648e-02 -2.191188323487796782e-02 -1.318334581108412430e-02 -1.194000188414177585e-02 1.194000188414165269e-02 1.318334581108401848e-02 2.191188323487806497e-02 2.240572069947986689e-02 2.757811196610382085e-02 3.056011259542544198e-02 3.218105245585304447e-02 3.434934021570378027e-02 4.480614030920862523e-02 6.134025345761317388e-02 7.711133587203113093e-02 8.134243679926822512e-02 8.435152764062853192e-02 9.887567399552082970e-02 1.061598918791413632e-01 1.138100024774446328e-01 1.226645836889407176e-01 1.408871326372475030e-01 1.440466299550924589e-01 1.466738952637884896e-01 1.702034902557371110e-01 1.723313150435057395e-01 1.794519778597486181e-01 1.926708462388234955e-01 1.983664007946628893e-01 2.039906991587787932e-01 2.085609238019639211e-01 2.141398614979263260e-01 2.394754182361824857e-01 2.887066547986540388e-01 3.416873146056276789e-01 3.953913933330815977e-01 4.148892116539605879e-01 4.179182369187137702e-01 4.237563727543183223e-01 4.278596206580443373e-01 4.370404195654564727e-01 4.533445621507889434e-01 4.539687107451561010e-01 4.568201709201248351e-01 4.706915655259433784e-01 4.875310245324237512e-01 4.889061537347824116e-01 5.037647243484915105e-01 5.113744170035809944e-01 5.189022964704531615e-01 5.326732788369301641e-01 5.335305930339639957e-01 5.450431290530330930e-01 5.558628782167145399e-01
-5.586556927958766794e-01 -5.478382813669124829e-01 -5.354681927599519442e-01 -5.339780616389514512e-01 -5.216895912072475605e-01 -5.102767423770483424e-01 -5.065604670700974976e-01 -4.908060759466049139e-01 -4.903239945973206226e-01 -4.734706408455903182e-01 -4.565429813724249941e-01 -4.559288841160655803e-01 -4.548140213251654074e-01 -4.398250097944875203e-01 -4.301434727914076883e-01 -4.265054094951385433e-01 -4.203392244725732696e-01 -4.175958746491177376e-01 -3.929310500952022944e-01 -3.387528153203681058e-01 -2.857987274217603235e-01 -2.370100916392460233e-01 -2.161470811301947070e-01 -2.109142448896359212e-01 -2.059302463665261540e-01 -1.992364499552404522e-01 -1.949253008604521220e-01 -1.788201107849018701e-01 -1.743619533289958168e-01 -1.725261336409008583e-01 -1.492781580575565925e-01 -1.458086964733751600e-01 -1.394551914737130194e-01 -1.251238203651015013e-01 -1.150540154868564535e-01 -1.066976740370523397e-01 -9.991651265925932668e-02 -8.457879727447709106e-02 -8.355821260246125426e-02 -7.695202674527176767e-02 -6.398110168394256780e-02 -4.725179526141624203e-02 -3.305336856802223999e-02 -3.071314671211002392e-02 -2.796439994915540447e-02 -2.466742948397551358e-02 -2.186399532262145451e-02 -2.002073949597834787e-02 -1.205058773052541249e-02 -1.122574287402082135e-02 1.122574287402106595e-02 1.205058773052563106e-02 2.002073949597842420e-02 2.186399532262180145e-02 2.466742948397580154e-02 2.796439994915561611e-02 3.071314671211014535e-02 3.305336856802257306e-02 4.725179526141607550e-02 6.398110168394266495e-02 7.695202674527172604e-02 8.355821260246133753e-02 8.457879727447763230e-02 9.991651265925839687e-02 1.066976740370520066e-01 1.150540154868586878e-01 1.251238203650984482e-01 1.394551914737125198e-01 1.458086964733745772e-01 1.492781580575548994e-01 1.725261336409006363e-01 1.743619533289955392e-01 1.788201107849032301e-01 1.949253008604518722e-01 1.992364499552407020e-01 2.059302463665262928e-01 2.109142448896361988e-01 2.161470811301953454e-01 2.370100916392468005e-01 2.857987274217609897e-01 3.387528153203643311e-01 3.929310500952025720e-01 4.175958746491165163e-01 4.203392244725693838e-01 4.265054094951390429e-01 4.301434727914032474e-01 4.398250097944823578e-01 4.548140213251660180e-01 4.559288841160660244e-01 4.565429813724233843e-01 4.734706408455913174e-01 4.903239945973204561e-01 4.908060759466031375e-01 5.065604670701004952e-01 5.102767423770475652e-01 5.216895912072505581e-01 5.339780616389502299e-01 5.354681927599518332e-01 5.478382813669117057e-01 5.586556927958786778e-01
-5.614067320149872531e-01 -5.506072903183735212e-01 -5.382371972640223046e-01 -5.348919414614105028e-01 -5.244556528308483845e-01 -5.093326131969445614e-01 -5.086791175067064685e-01 -4.930898832156275780e-01 -4.928057774823653703e-01 -4.762377465302537471e-01 -4.592416178830275308e-01 -4.583588609668288183e-01 -4.528952381581467512e-01 -4.425597365227202373e-01 -4.322343052589754375e-01 -4.292609064186332923e-01 -4.228445957183824544e-01 -4.202436512668057955e-01 -3.902833391366926641e-01 -3.357866287024625640e-01 -2.828814389005075980e-01 -2.346909522805989967e-01 -2.182657484209281074e-01 -2.132867544617815525e-01 -2.077539513368387991e-01 -2.005570166135019206e-01 -1.971889066689992975e-01 -1.777270171237915197e-01 -1.765478350711985334e-01 -1.747990383755150257e-01 -1.518833493452527161e-01 -1.475727340469445148e-01 -1.383085130366082105e-01 -1.273986861975804907e-01 -1.161914658894526858e-01 -1.083552363163622634e-01 -1.001105287361120227e-01 -8.613792304867995409e-02 -8.466868630845617028e-02 -7.657051523412443383e-02 -6.667134754310266587e-02 -4.982449773364714535e-02 -3.512928313010049708e-02 -2.711147015159892648e-02 -2.452493299082279463e-02 -2.404909334734457727e-02 -2.034614317610002748e-02 -1.823485528768565775e-02 -1.093211607556936540e-02 -1.053829748268179239e-02 1.053829748268171086e-02 1.093211607556927693e-02 1.823485528768558142e-02 2.034614317610003789e-02 2.404909334734463625e-02 2.452493299082274605e-02 2.711147015159914506e-02 3.512928313010075382e-02 4.982449773364729106e-02 6.667134754310162503e-02 7.657051523412385097e-02 8.466868630845600374e-02 8.613792304867967653e-02 1.001105287361103852e-01 1.083552363163623050e-01 1.161914658894503405e-01 1.273986861975801854e-01 1.383085130366079329e-01 1.475727340469447924e-01 1.518833493452511341e-01 1.747990383755143318e-01 1.765478350711985889e-01 1.777270171237917973e-01 1.971889066689996861e-01 2.005570166135018373e-01 2.077539513368407142e-01 2.132867544617795819e-01 2.182657484209267196e-01 2.346909522806005233e-01 2.828814389005086527e-01 3.357866287024637297e-01 3.902833391366868909e-01 4.202436512668072943e-01 4.228445957183845083e-01 4.292609064186296841e-01 4.322343052589718848e-01 4.425597365227188495e-01 4.528952381581475839e-01 4.583588609668271530e-01 4.592416178830307505e-01 4.762377465302554680e-01 4.928057774823641490e-01 4.930898832156289657e-01 5.086791175067051363e-01 5.093326131969450055e-01 5.244556528308478294e-01 5.348919414614097256e-01 5.382371972640204172e-01 5.506072903183739653e-01 5.614067320149868090e-01
-5.628555705209168369e-01 -5.533492337269473316e-01 -5.409794334431172746e-01 -5.361498105358689648e-01 -5.271978476110864564e-01 -5.120803210438314990e-01 -5.067195115214696566e-01 -4.958219982020367622e-01 -4.948676714307361779e-01 -4.789871606802671988e-01 -4.619736106131450137e-01 -4.607112945076954902e-01 -4.513140809104823070e-01 -4.451913193677016212e-01 -4.340064495284273183e-01 -4.320103552966240712e-01 -4.253935095565180569e-01 -4.227987945980910545e-01 -3.875064190625640004e-01 -3.327917445285515363e-01 -2.799586061209242138e-01 -2.325992252689559614e-01 -2.204551996346779674e-01 -2.156747774200419021e-01 -2.093847049523568649e-01 -2.022281599940741748e-01 -1.994575948818483602e-01 -1.788678015365223473e-01 -1.770090209657456393e-01 -1.763479670354198836e-01 -1.544761821806636126e-01 -1.493032618618915508e-01 -1.377698916247301619e-01 -1.292890704330729723e-01 -1.171229313765854152e-01 -1.106342443426932554e-01 -1.000227252436883402e-01 -8.884034906939068665e-02 -8.456900240352417664e-02 -7.620934774620624630e-02 -6.939044717622740166e-02 -5.249801447120230197e-02 -3.747086282651580780e-02 -2.554498839750343406e-02 -2.337712245825122534e-02 -2.115517739920350429e-02 -1.760820079561804807e-02 -1.741205538830118207e-02 -1.001006352509949474e-02 -9.610487287876419774e-03 9.610487287876513449e-03 1.001006352509954331e-02 1.741205538830123412e-02 1.760820079561784685e-02 2.115517739920356327e-02 2.337712245825135718e-02 2.554498839750351039e-02 3.747086282651598821e-02 5.249801447120276687e-02 6.939044717622651348e-02 7.620934774620584384e-02 8.456900240352498155e-02 8.884034906938981235e-02 1.000227252436888398e-01 1.106342443426934774e-01 1.171229313765848323e-01 1.292890704330727225e-01 1.377698916247296623e-01 1.493032618618920782e-01 1.544761821806623636e-01 1.763479670354208551e-01 1.770090209657450842e-01 1.788678015365218477e-01 1.994575948818488875e-01 2.022281599940734531e-01 2.093847049523567816e-01 2.156747774200416801e-01 2.204551996346784948e-01 2.325992252689552398e-01 2.799586061209231036e-01 3.327917445285515363e-01 3.875064190625627791e-01 4.227987945980942741e-01 4.253935095565175573e-01 4.320103552966225724e-01 4.340064495284285395e-01 4.451913193677022318e-01 4.513140809104870810e-01 4.607112945076913824e-01 4.619736106131424602e-01 4.789871606802653115e-01 4.948676714307345126e-01 4.958219982020298233e-01 5.067195115214691015e-01 5.120803210438353847e-01 5.271978476110842360e-01 5.361498105358684096e-01 5.409794334431162754e-01 5.533492337269455552e-01 5.628555705209196125e-01
-5.619685381092208720e-01 -5.560632943520943394e-01 -5.436938930118563329e-01 -5.376453967551881874e-01 -5.299146649308389412e-01 -5.148027653996810615e-01 -5.045414184921441780e-01 -4.984937351028534414e-01 -4.969654167972648029e-01 -4.817159540025744424e-01 -4.647014881007452414e-01 -4.630079052478848767e-01 -4.506062981253152189e-01 -4.474661651002023177e-01 -4.352743961219819324e-01 -4.347469500194084402e-01 -4.279617197162649544e-01 -4.251878741640405801e-01 -3.846342542551315358e-01 -3.297708171833119706e-01 -2.770348586935871826e-01 -2.308607442833106038e-01 -2.226900597299480700e-01 -2.180747859713466075e-01 -2.107042563255614731e-01 -2.041507838591431201e-01 -2.017281759245060369e-01 -1.812877981115746107e-01 -1.791609096272459289e-01 -1.748661688091218691e-01 -1.570371021603425843e-01 -1.509480393347449323e-01 -1.382291643904646206e-01 -1.305575588678733745e-01 -1.177138175155898608e-01 -1.131813418351788614e-01 -1.000503846534764735e-01 -9.159615245096269787e-02 -8.426073242884467296e-02 -7.593579959423021886e-02 -7.210712957755233132e-02 -5.525303673957420586e-02 -3.999254139650319784e-02 -2.743317629484078382e-02 -1.984116710064145334e-02 -1.866580253516307922e-02 -1.692005634745603546e-02 -1.513473658243457212e-02 -9.282011718849436308e-03 -8.430793145980178260e-03 8.430793145980488776e-03 9.282011718849786722e-03 1.513473658243465018e-02 1.692005634745625403e-02 1.866580253516323881e-02 1.984116710064170314e-02 2.743317629484080811e-02 3.999254139650333661e-02 5.525303673957453893e-02 7.210712957755140151e-02 7.593579959423020498e-02 8.426073242884499215e-02 9.159615245096161540e-02 1.000503846534754188e-01 1.131813418351791528e-01 1.177138175155892919e-01 1.305575588678735133e-01 1.382291643904638156e-01 1.509480393347442384e-01 1.570371021603409745e-01 1.748661688091192323e-01 1.791609096272456236e-01 1.812877981115749992e-01 2.017281759245046768e-01 2.041507838591404833e-01 2.107042563255589473e-01 2.180747859713460801e-01 2.226900597299480977e-01 2.308607442833102708e-01 2.770348586935877377e-01 3.297708171833141910e-01 3.846342542551283161e-01 4.251878741640403025e-01 4.279617197162650100e-01 4.347469500194102721e-01 4.352743961219896485e-01 4.474661651002015961e-01 4.506062981253169952e-01 4.630079052478864310e-01 4.647014881007452969e-01 4.817159540025741649e-01 4.969654167972628600e-01 4.984937351028544961e-01 5.045414184921411804e-01 5.148027653996802844e-01 5.299146649308398294e-01 5.376453967551888535e-01 5.436938930118540014e-01 5.560632943520928961e-01 5.619685381092214271e-01
-5.605034547674416778e-01 -5.587486877115795947e-01 -5.463791781494602429e-01 -5.392997716457430535e-01 -5.326049731099757878e-01 -5.174991163221770440e-01 -5.026032118768982704e-01 -5.007409505930457971e-01 -4.990795578847911362e-01 -4.844222478021820155e-01 -4.674137406746531331e-01 -4.652404145189638074e-01 -4.517806544409060931e-01 -4.486846525391732787e-01 -4.374664018374921914e-01 -4.359245517306546969e-01 -4.305337687801278346e-01 -4.272300781321839436e-01 -3.816879998397740281e-01 -3.267262730314632879e-01 -2.741160417845782682e-01 -2.296500485642832268e-01 -2.249527991518153747e-01 -2.204830082562022620e-01 -2.115508975576929906e-01 -2.062487244391378038e-01 -2.039982607322753105e-01 -1.837734408781050988e-01 -1.812607762388478982e-01 -1.734775600570793441e-01 -1.595337902032252786e-01 -1.524244218248061444e-01 -1.397189892494642149e-01 -1.313264972609387571e-01 -1.178257050659836380e-01 -1.158517683494086487e-01 -1.003428505685271255e-01 -9.437292469468216982e-02 -8.379890499021598604e-02 -7.577516394606935435e-02 -7.475529689749783879e-02 -5.807425250930869226e-02 -4.265047436391209562e-02 -2.969075128368011199e-02 -1.944251349903892631e-02 -1.631335409230956490e-02 -1.419496045089998180e-02 -1.359186238184293370e-02 -8.405343045360579024e-03 -7.323031639003836635e-03 7.323031639003626733e-03 8.405343045360414225e-03 1.359186238184293370e-02 1.419496045090006507e-02 1.631335409230958919e-02 1.944251349903914836e-02 2.969075128368025077e-02 4.265047436391247726e-02 5.807425250930846328e-02 7.475529689749797757e-02 7.577516394606961803e-02 8.379890499021536154e-02 9.437292469468334943e-02 1.003428505685278471e-01 1.158517683494081907e-01 1.178257050659830690e-01 1.313264972609385628e-01 1.397189892494626329e-01 1.524244218248063387e-01 1.595337902032249178e-01 1.734775600570757081e-01 1.812607762388467325e-01 1.837734408781060980e-01 2.039982607322748664e-01 2.062487244391381924e-01 2.115508975576926298e-01 2.204830082561994864e-01 2.249527991518140702e-01 2.296500485642813949e-01 2.741160417845781017e-01 3.267262730314658414e-01 3.816879998397689211e-01 4.272300781321858865e-01 4.305337687801283342e-01 4.359245517306559736e-01 4.374664018374896379e-01 4.486846525391700036e-01 4.517806544409046499e-01 4.652404145189673601e-01 4.674137406746521894e-01 4.844222478021734668e-01 4.990795578847871394e-01 5.007409505930456861e-01 5.026032118768974932e-01 5.174991163221709378e-01 5.326049731099752327e-01 5.392997716457436086e-01 5.463791781494619082e-01 5.587486877115795947e-01 5.605034547674410117e-01
-5.614046362261803091e-01 -5.585918835274483740e-01 -5.490325164518391476e-01 -5.410577055825432913e-01 -5.352677855694101261e-01 -5.201685207991217919e-01 -5.041628401404666393e-01 -5.011946340326199900e-01 -4.993849278022680638e-01 -4.871046182161874460e-01 -4.701057945941138905e-01 -4.673856267165353851e-01 -4.541270898176023585e-01 -4.496514697936059290e-01 -4.401656018754455113e-01 -4.363099488536161807e-01 -4.330988623493552403e-01 -4.284871849121835718e-01 -3.786816331184878481e-01 -3.236603973607936058e-01 -2.712098531363871246e-01 -2.291448630424940958e-01 -2.272296078373392536e-01 -2.228948388396940761e-01 -2.117682037270663398e-01 -2.084683656746376401e-01 -2.062654484131091481e-01 -1.862991488053864497e-01 -1.833023680734695571e-01 -1.724249542104320243e-01 -1.619101231860649859e-01 -1.536008593188450677e-01 -1.418465243510209361e-01 -1.320707824639127115e-01 -1.185844368385035458e-01 -1.173969835450170834e-01 -1.009263618957639830e-01 -9.714397712630409853e-02 -8.340607897082481792e-02 -7.714058415877042552e-02 -7.573848481142504696e-02 -6.094901819817245825e-02 -4.541424591742059674e-02 -3.218357911910951080e-02 -2.125839808752214358e-02 -1.380998821868077361e-02 -1.256982679729956066e-02 -1.139174198239267452e-02 -7.043976096423271681e-03 -6.517388976481892568e-03 6.517388976482190940e-03 7.043976096423620360e-03 1.139174198239261727e-02 1.256982679729953811e-02 1.380998821868070596e-02 2.125839808752219909e-02 3.218357911910937896e-02 4.541424591742059674e-02 6.094901819817245825e-02 7.573848481142543554e-02 7.714058415877003694e-02 8.340607897082416566e-02 9.714397712630448711e-02 1.009263618957625119e-01 1.173969835450165144e-01 1.185844368385035458e-01 1.320707824639135997e-01 1.418465243510185769e-01 1.536008593188446236e-01 1.619101231860637369e-01 1.724249542104321076e-01 1.833023680734692240e-01 1.862991488053860056e-01 2.062654484131081489e-01 2.084683656746371128e-01 2.117682037270657569e-01 2.228948388396941871e-01 2.272296078373397532e-01 2.291448630424936239e-01 2.712098531363875686e-01 3.236603973607941609e-01 3.786816331184909012e-01 4.284871849121872911e-01 4.330988623493586820e-01 4.363099488536168469e-01 4.401656018754416255e-01 4.496514697936074278e-01 4.541270898176013038e-01 4.673856267165314993e-01 4.701057945941128358e-01 4.871046182161863913e-01 4.993849278022673976e-01 5.011946340326187688e-01 5.041628401404638637e-01 5.201685207991187943e-01 5.352677855694106812e-01 5.410577055825459558e-01 5.490325164518384815e-01 5.585918835274510386e-01 5.614046362261830847e-01
-5.640303577753219555e-01 -5.563609329069645337e-01 -5.516424444173874120e-01 -5.428808531937344695e-01 -5.379021655524830470e-01 -5.228100788215508388e-01 -5.067299229827685325e-01 -5.032971387188942547e-01 -4.969941478983261329e-01 -4.897618495623287105e-01 -4.727752296978630642e-01 -4.694032546222745017e-01 -4.566941184184702962e-01 -4.511023446977254769e-01 -4.428419593063694371e-01 -4.372524068262411689e-01 -4.356485671811468063e-01 -4.283591171057463121e-01 -3.756248809724212490e-01 -3.205754103738411853e-01 -2.683268988717726344e-01 -2.295076847585650615e-01 -2.294165516830701246e-01 -2.253037271234507588e-01 -2.113205353779773754e-01 -2.107730205586314798e-01 -2.085262095687275830e-01 -1.888473504650051427e-01 -1.852619146712169151e-01 -1.720194869868365284e-01 -1.640787461971539296e-01 -1.542915356473671118e-01 -1.442815566142417738e-01 -1.330764927105512752e-01 -1.213481533324304584e-01 -1.165056138884511955e-01 -1.017737924706991343e-01 -9.987257927372131250e-02 -8.374479384824928818e-02 -7.865161825577632326e-02 -7.582993295556519908e-02 -6.386647134711227747e-02 -4.826087707795132659e-02 -3.484834192172649864e-02 -2.351948466181408987e-02 -1.487561221434928124e-02 -9.660789042235193996e-03 -9.302510121265322382e-03 -5.646712880291806375e-03 -5.635082190046975144e-03 5.635082190047041931e-03 5.646712880291881835e-03 9.302510121265296361e-03 9.660789042235135016e-03 1.487561221434921359e-02 2.351948466181394068e-02 3.484834192172640843e-02 4.826087707795142373e-02 6.386647134711252727e-02 7.582993295556507418e-02 7.865161825577632326e-02 8.374479384824932982e-02 9.987257927372231170e-02 1.017737924706985514e-01 1.165056138884518616e-01 1.213481533324305139e-01 1.330764927105508866e-01 1.442815566142402750e-01 1.542915356473675004e-01 1.640787461971547068e-01 1.720194869868353349e-01 1.852619146712164988e-01 1.888473504650046431e-01 2.085262095687282768e-01 2.107730205586305361e-01 2.113205353779767925e-01 2.253037271234525074e-01 2.294165516830691531e-01 2.295076847585640345e-01 2.683268988717711356e-01 3.205754103738412408e-01 3.756248809724218596e-01 4.283591171057460900e-01 4.356485671811429761e-01 4.372524068262370056e-01 4.428419593063707138e-01 4.511023446977266427e-01 4.566941184184716285e-01 4.694032546222733360e-01 4.727752296978647295e-01 4.897618495623257684e-01 4.969941478983256888e-01 5.032971387188922563e-01 5.067299229827652018e-01 5.228100788215545025e-01 5.379021655524808265e-01 5.428808531937285853e-01 5.516424444173875230e-01 5.563609329069638676e-01 5.640303577753191799e-01
-5.666250593816202219e-01 -5.545457270637237368e-01 -5.535711092768653696e-01 -5.447420095571414711e-01 -5.405071725375317770e-01 -5.254228005071089891e-01 -5.093276210186964414e-01 -5.053738529496838439e-01 -4.946411553284245644e-01 -4.923928124453634259e-01 -4.754204292322730119e-01 -4.712245362529184356e-01 -4.592999024210591141e-01 -4.529309607501458834e-01 -4.454929885492403541e-01 -4.389794798442606116e-01 -4.381753356689531143e-01 -4.269101149363498937e-01 -3.725248280150394442e-01 -3.174735398881424753e-01 -2.654825359598249612e-01 -2.317727917175178842e-01 -2.303732843342745362e-01 -2.276988944372117796e-01 -2.131377144844495974e-01 -2.107749707702102904e-01 -2.103609612390197614e-01 -1.914048947255670707e-01 -1.870922092284713345e-01 -1.725382984831909938e-01 -1.659710000993031842e-01 -1.543162957447117012e-01 -1.468643739083044519e-01 -1.343769068896238927e-01 -1.241223492252047089e-01 -1.153498688454013404e-01 -1.028413849776851491e-01 -1.024856932574957497e-01 -8.546728086468990959e-02 -7.869202446382185523e-02 -7.604948100249905862e-02 -6.681662117394381040e-02 -5.117227293833821050e-02 -3.764205603778274928e-02 -2.606924351624903546e-02 -1.680021070329745098e-02 -9.961531708559272918e-03 -6.492977948589849502e-03 -4.485047886419925127e-03 -4.102349301829689640e-03 4.102349301829668823e-03 4.485047886419905178e-03 6.492977948590028178e-03 9.961531708559425574e-03 1.680021070329758281e-02 2.606924351624892444e-02 3.764205603778286724e-02 5.117227293833869622e-02 6.681662117394365774e-02 7.604948100249986354e-02 7.869202446382086991e-02 8.546728086469002061e-02 1.024856932574965268e-01 1.028413849776845246e-01 1.153498688454008408e-01 1.241223492252045979e-01 1.343769068896232266e-01 1.468643739083038691e-01 1.543162957447109518e-01 1.659710000993045165e-01 1.725382984831904387e-01 1.870922092284719174e-01 1.914048947255668209e-01 2.103609612390207884e-01 2.107749707702098185e-01 2.131377144844506799e-01 2.276988944372104473e-01 2.303732843342731762e-01 2.317727917175176899e-01 2.654825359598259604e-01 3.174735398881426418e-01 3.725248280150383895e-01 4.269101149363494496e-01 4.381753356689489509e-01 4.389794798442588908e-01 4.454929885492363018e-01 4.529309607501506019e-01 4.592999024210616676e-01 4.712245362529173809e-01 4.754204292322789516e-01 4.923928124453617050e-01 4.946411553284253415e-01 5.053738529496869525e-01 5.093276210186943320e-01 5.254228005071103214e-01 5.405071725375260039e-01 5.447420095571405829e-01 5.535711092768631492e-01 5.545457270637219604e-01 5.666250593816170023e-01
-5.691879325698192549e-01 -5.568846805036437031e-01 -5.511564016361381046e-01 -5.466210666267774521e-01 -5.430818117711579962e-01 -5.280055107488170751e-01 -5.119108404130530143e-01 -5.074101492633820154e-01 -4.949963876157719156e-01 -4.925107425636202629e-01 -4.780401116678412166e-01 -4.727309362202160026e-01 -4.619043804174285950e-01 -4.549785602410241214e-01 -4.481159402681785253e-01 -4.411376921909990201e-01 -4.406712883721906060e-01 -4.246944540477235464e-01 -3.693868477116584170e-01 -3.143570979840991098e-01 -2.627002786619043739e-01 -2.340060013613055045e-01 -2.318470789609847482e-01 -2.300613106039864353e-01 -2.155452716274481872e-01 -2.130033677069763653e-01 -2.091633970206306925e-01 -1.939599145089864474e-01 -1.887102007549536775e-01 -1.739627302513193086e-01 -1.676725498435658879e-01 -1.536331464498432720e-01 -1.495223086641064292e-01 -1.359132485669048984e-01 -1.268884335414399156e-01 -1.142476855223068521e-01 -1.047970489048737353e-01 -1.040860496465758206e-01 -8.797430158701746716e-02 -7.791117529466333458e-02 -7.639492202504187535e-02 -6.978864590071086338e-02 -5.413365630675306961e-02 -4.053342289853375385e-02 -2.881801640956858576e-02 -1.919923491125292980e-02 -1.164861432219425202e-02 -6.253351181431690727e-03 -3.037153425086306334e-03 -2.243027817127039945e-03 2.243027817126933693e-03 3.037153425086200949e-03 6.253351181431431385e-03 1.164861432219428498e-02 1.919923491125287082e-02 2.881801640956829433e-02 4.053342289853381630e-02 5.413365630675336104e-02 6.978864590071072460e-02 7.639492202504255536e-02 7.791117529466341785e-02 8.797430158701667613e-02 1.040860496465751406e-01 1.047970489048734993e-01 1.142476855223063803e-01 1.268884335414394160e-01 1.359132485669059254e-01 1.495223086641043475e-01 1.536331464498431054e-01 1.676725498435651662e-01 1.739627302513189477e-01 1.887102007549520954e-01 1.939599145089865029e-01 2.091633970206303317e-01 2.130033677069754772e-01 2.155452716274478264e-01 2.300613106039879341e-01 2.318470789609848870e-01 2.340060013613071144e-01 2.627002786619058727e-01 3.143570979841014967e-01 3.693868477116564741e-01 4.246944540477209928e-01 4.406712883721898288e-01 4.411376921909970772e-01 4.481159402681817450e-01 4.549785602410262864e-01 4.619043804174264300e-01 4.727309362202118947e-01 4.780401116678403839e-01 4.925107425636227609e-01 4.949963876157730258e-01 5.074101492633847910e-01 5.119108404130585654e-01 5.280055107488165200e-01 5.430818117711584403e-01 5.466210666267754537e-01 5.511564016361386598e-01 5.568846805036440362e-01 5.691879325698194769e-01
-5.717181485145792497e-01 -5.594063168874892078e-01 -5.485023101065724660e-01 -5.484314538995246346e-01 -5.456249503092592823e-01 -5.305565923523408722e-01 -5.144703797067073925e-01 -5.093878122493451510e-01 -4.975713983832567577e-01 -4.908246696517469254e-01 -4.806331294776811092e-01 -4.737294140638704798e-01 -4.644940332996015941e-01 -4.571459052389676980e-01 -4.507073027226041195e-01 -4.434785258995983526e-01 -4.431268011751249847e-01 -4.220741551365028710e-01 -3.662151681130537684e-01 -3.112285697200188328e-01 -2.600185080505318380e-01 -2.361779156168971328e-01 -2.336976723091019337e-01 -2.323631385680607342e-01 -2.179835872534587327e-01 -2.151992052332516447e-01 -2.080402427666489251e-01 -1.964990733500633913e-01 -1.899786724636647328e-01 -1.759834112019932617e-01 -1.693794662199998580e-01 -1.523840389994505218e-01 -1.522186225600336562e-01 -1.376209531845971612e-01 -1.296229810582775477e-01 -1.137997951097769883e-01 -1.063091028161366053e-01 -1.054710102436231117e-01 -9.074378886245067222e-02 -7.687283728202012889e-02 -7.686781510344375956e-02 -7.276462616154520668e-02 -5.713228536722318035e-02 -4.349896152686059947e-02 -3.170728201943949498e-02 -2.190007240519900936e-02 -1.404326016948296771e-02 -8.004503674483236242e-03 -3.778296491469110199e-03 -2.987831174669863896e-04 2.987831174670161510e-04 3.778296491468988768e-03 8.004503674483205017e-03 1.404326016948272832e-02 2.190007240519871792e-02 3.170728201943915497e-02 4.349896152686038436e-02 5.713228536722347872e-02 7.276462616154526220e-02 7.686781510344363466e-02 7.687283728202004562e-02 9.074378886244979792e-02 1.054710102436220848e-01 1.063091028161358836e-01 1.137997951097764332e-01 1.296229810582775477e-01 1.376209531845982992e-01 1.522186225600322129e-01 1.523840389994497169e-01 1.693794662199999412e-01 1.759834112019909025e-01 1.899786724636640944e-01 1.964990733500651676e-01 2.080402427666474541e-01 2.151992052332522554e-01 2.179835872534591490e-01 2.323631385680623995e-01 2.336976723091015729e-01 2.361779156168975768e-01 2.600185080505306168e-01 3.112285697200213863e-01 3.662151681130571546e-01 4.220741551365018163e-01 4.431268011751267610e-01 4.434785258995989632e-01 4.507073027226030648e-01 4.571459052389717503e-01 4.644940332996044252e-01 4.737294140638702022e-01 4.806331294776817198e-01 4.908246696517461483e-01 4.975713983832517062e-01 5.093878122493444849e-01 5.144703797067116113e-01 5.305565923523418714e-01 5.456249503092595043e-01 5.484314538995233024e-01 5.485023101065732432e-01 5.594063168874916503e-01 5.717181485145771402e-01
-5.742148509655403688e-01 -5.619055817590447033e-01 -5.503726545333446074e-01 -5.481351099992252118e-01 -5.456579814224844505e-01 -5.330731044225979209e-01 -5.170026993805174609e-01 -5.112816997011206954e-01 -5.001165209643949616e-01 -4.898540199107372373e-01 -4.831983448460711039e-01 -4.739748716452967803e-01 -4.670627381684503976e-01 -4.593762828313740498e-01 -4.532618810512348273e-01 -4.458942750813815192e-01 -4.455282801044082031e-01 -4.192195265502834944e-01 -3.630132312134217165e-01 -3.080907244865618289e-01 -2.575045159241650672e-01 -2.382366348434669656e-01 -2.358202810519484383e-01 -2.345921015728320291e-01 -2.204438176745220912e-01 -2.173445019702369974e-01 -2.073177683355356959e-01 -1.990045009867618953e-01 -1.907019579060754977e-01 -1.783141190279050048e-01 -1.711972245625337785e-01 -1.549314397767578566e-01 -1.507937617282534282e-01 -1.394506791054936912e-01 -1.322867519894163069e-01 -1.147355857691206710e-01 -1.069660152547448617e-01 -1.063677969523114664e-01 -9.361284533865250890e-02 -7.752384778214058136e-02 -7.577468519553529069e-02 -7.566835311074347759e-02 -6.015589422058709168e-02 -4.652069091257566430e-02 -3.469706649861539760e-02 -2.479729882569517083e-02 -1.682701164734365373e-02 -1.064762955444432599e-02 -6.389813486257610829e-03 -4.152367914249963186e-04 4.152367914252563645e-04 6.389813486257451235e-03 1.064762955444413864e-02 1.682701164734350455e-02 2.479729882569521593e-02 3.469706649861510617e-02 4.652069091257525491e-02 6.015589422058719576e-02 7.566835311074310289e-02 7.577468519553462456e-02 7.752384778214042871e-02 9.361284533865241175e-02 1.063677969523120492e-01 1.069660152547440846e-01 1.147355857691197689e-01 1.322867519894144195e-01 1.394506791054933303e-01 1.507937617282535947e-01 1.549314397767577456e-01 1.711972245625354438e-01 1.783141190279023958e-01 1.907019579060750536e-01 1.990045009867631165e-01 2.073177683355367784e-01 2.173445019702372194e-01 2.204438176745233402e-01 2.345921015728318904e-01 2.358202810519481329e-01 2.382366348434674652e-01 2.575045159241646231e-01 3.080907244865642158e-01 3.630132312134250472e-01 4.192195265502844381e-01 4.455282801044065377e-01 4.458942750813798539e-01 4.532618810512376584e-01 4.593762828313778801e-01 4.670627381684506751e-01 4.739748716453006105e-01 4.831983448460714925e-01 4.898540199107366822e-01 5.001165209643905207e-01 5.112816997011193632e-01 5.170026993805131310e-01 5.330731044225937021e-01 5.456579814224856717e-01 5.481351099992224363e-01 5.503726545333459397e-01 5.619055817590430379e-01 5.742148509655379263e-01
-5.766771429720658482e-01 -5.643741467484274521e-01 -5.522207729976723600e-01 -5.506097789994436331e-01 -5.429107019756823638e-01 -5.355462768758288972e-01 -5.195058127106034762e-01 -5.130540861577425060e-01 -5.026301223429062714e-01 -4.897704638172343805e-01 -4.857344713396615221e-01 -4.733303680963423243e-01 -4.696070345072649865e-01 -4.616363691411168868e-01 -4.557707108768196402e-01 -4.483373447573698045e-01 -4.478538696683780906e-01 -4.162138734312739730e-01 -3.597839311488712499e-01 -3.049467653487243912e-01 -2.552846207727033079e-01 -2.400814819432291747e-01 -2.381089506933275479e-01 -2.367788661522765015e-01 -2.229192120070939698e-01 -2.194117579376520799e-01 -2.072825544492745142e-01 -2.014506697524281187e-01 -1.906924771106996708e-01 -1.807982157078663887e-01 -1.731322552577789498e-01 -1.576446454012069287e-01 -1.491001169173195307e-01 -1.413674246659575862e-01 -1.347975511267551496e-01 -1.167950286565302143e-01 -1.085456788321846749e-01 -1.052915026496308443e-01 -9.652534699656294126e-02 -7.917624966692798916e-02 -7.766040602504288570e-02 -7.470495410079878995e-02 -6.318944303063206425e-02 -4.958456696736192326e-02 -3.775929662797051362e-02 -2.782427340217742684e-02 -1.983320527460382884e-02 -1.368734191740509330e-02 -9.623190771019887041e-03 -7.591329811236056805e-04 7.591329811233309436e-04 9.623190771019776019e-03 1.368734191740501871e-02 1.983320527460369007e-02 2.782427340217744072e-02 3.775929662797022912e-02 4.958456696736204816e-02 6.318944303063192547e-02 7.470495410079808218e-02 7.766040602504289958e-02 7.917624966692748956e-02 9.652534699656097061e-02 1.052915026496301226e-01 1.085456788321827321e-01 1.167950286565296592e-01 1.347975511267547055e-01 1.413674246659566980e-01 1.491001169173182817e-01 1.576446454012078724e-01 1.731322552577792828e-01 1.807982157078674990e-01 1.906924771107000038e-01 2.014506697524268697e-01 2.072825544492730987e-01 2.194117579376537452e-01 2.229192120070952465e-01 2.367788661522757521e-01 2.381089506933258826e-01 2.400814819432260938e-01 2.552846207727026417e-01 3.049467653487277774e-01 3.597839311488721381e-01 4.162138734312735289e-01 4.478538696683743159e-01 4.483373447573689163e-01 4.557707108768166981e-01 4.616363691411124459e-01 4.696070345072633212e-01 4.733303680963408810e-01 4.857344713396584690e-01 4.897704638172316050e-01 5.026301223429034959e-01 5.130540861577406186e-01 5.195058127106053636e-01 5.355462768758249004e-01 5.429107019756777008e-01 5.506097789994428560e-01 5.522207729976745805e-01 5.643741467484271190e-01 5.766771429720638498e-01
-5.791040564969954785e-01 -5.668095368894850994e-01 -5.540389701519090604e-01 -5.530420581962868232e-01 -5.403415448086991146e-01 -5.379015724590969771e-01 -5.219782900660404623e-01 -5.146447612033016039e-01 -5.051098984355002486e-01 -4.904845243498157092e-01 -4.882396218657844011e-01 -4.721245817314964066e-01 -4.719459075086390176e-01 -4.639053128420392857e-01 -4.582154392928337594e-01 -4.507841793098889549e-01 -4.500640010998333551e-01 -4.131020720014571546e-01 -3.565297791173496766e-01 -3.018005403771974460e-01 -2.535994760051074604e-01 -2.415148172024207118e-01 -2.404790827197923475e-01 -2.389592515825284536e-01 -2.254043552403264261e-01 -2.213569844068377090e-01 -2.080527625131365077e-01 -2.038063714720656228e-01 -1.899141071934500324e-01 -1.833596709242207023e-01 -1.751597702165459680e-01 -1.603428213621580500e-01 -1.476145956969543149e-01 -1.433458894268573314e-01 -1.369520570054208741e-01 -1.193328695223100505e-01 -1.101874006604180167e-01 -1.037777782866993598e-01 -9.945493265917376702e-02 -8.203942246449237585e-02 -7.849190137167742776e-02 -7.373178507129397874e-02 -6.620347796901070170e-02 -5.267935803934588324e-02 -4.087379536759313398e-02 -3.093799079498674512e-02 -2.297049905371105483e-02 -1.690684007583821008e-02 -1.301159666760974554e-02 -1.031505898523576775e-03 1.031505898523364922e-03 1.301159666760974554e-02 1.690684007583838008e-02 2.297049905371121442e-02 3.093799079498660634e-02 4.087379536759293969e-02 5.267935803934604977e-02 6.620347796900941106e-02 7.373178507129402037e-02 7.849190137167723347e-02 8.203942246449166809e-02 9.945493265917375314e-02 1.037777782866989434e-01 1.101874006604172812e-01 1.193328695223072888e-01 1.369520570054209296e-01 1.433458894268580530e-01 1.476145956969541484e-01 1.603428213621569676e-01 1.751597702165463011e-01 1.833596709242195644e-01 1.899141071934478120e-01 2.038063714720654840e-01 2.080527625131356195e-01 2.213569844068398185e-01 2.254043552403278694e-01 2.389592515825308960e-01 2.404790827197919034e-01 2.415148172024203510e-01 2.535994760051056285e-01 3.018005403771964468e-01 3.565297791173499542e-01 4.131020720014586534e-01 4.500640010998356311e-01 4.507841793098882333e-01 4.582154392928370901e-01 4.639053128420363437e-01 4.719459075086414046e-01 4.721245817314979054e-01 4.882396218657858999e-01 4.904845243498149321e-01 5.051098984355010257e-01 5.146447612033001606e-01 5.219782900660425717e-01 5.379015724590959779e-01 5.403415448086991146e-01 5.530420581962850468e-01 5.540389701519122800e-01 5.668095368894892072e-01 5.791040564969960336e-01
-5.814944672385985447e-01 -5.692103201650506872e-01 -5.558535566256896931e-01 -5.553885388128987355e-01 -5.406035701907531132e-01 -5.375989651385653101e-01 -5.244189322965256972e-01 -5.159547754024935706e-01 -5.075519014986471511e-01 -4.917498325337944509e-01 -4.907088227278085246e-01 -4.746135462283719297e-01 -4.701985391013794868e-01 -4.661689815092334710e-01 -4.605500177842325460e-01 -4.532216458253232050e-01 -4.520784997188902476e-01 -4.099105053944940846e-01 -3.532530232370384438e-01 -2.986568555846784156e-01 -2.528222823129086527e-01 -2.428858586740105518e-01 -2.422366091932585119e-01 -2.411447057150657436e-01 -2.278946520207184301e-01 -2.231071677823906751e-01 -2.095279844896477672e-01 -2.060553372880743750e-01 -1.885258077342527872e-01 -1.859595572212718040e-01 -1.772540500549573683e-01 -1.630065722652147830e-01 -1.469053753829420439e-01 -1.453664564144844795e-01 -1.382580807638039977e-01 -1.220583577556044602e-01 -1.118692494013195093e-01 -1.023838460155600538e-01 -1.021738752569657238e-01 -8.502982425376608144e-02 -7.919902676802766106e-02 -7.299936640083909412e-02 -6.907887440122240097e-02 -5.579577725677659777e-02 -4.402574220281196826e-02 -3.410999611892385347e-02 -2.618696412427539560e-02 -2.021354571748777348e-02 -1.644793406567231567e-02 -1.266405388619849587e-03 1.266405388619888184e-03 1.644793406567228444e-02 2.021354571748799206e-02 2.618696412427543030e-02 3.410999611892384653e-02 4.402574220281163520e-02 5.579577725677647981e-02 6.907887440122212341e-02 7.299936640083939943e-02 7.919902676802668962e-02 8.502982425376660880e-02 1.021738752569653075e-01 1.023838460155592489e-01 1.118692494013189265e-01 1.220583577556050708e-01 1.382580807638049691e-01 1.453664564144848959e-01 1.469053753829418496e-01 1.630065722652155880e-01 1.772540500549571463e-01 1.859595572212716652e-01 1.885258077342525374e-01 2.060553372880744305e-01 2.095279844896476840e-01 2.231071677823919519e-01 2.278946520207176529e-01 2.411447057150673812e-01 2.422366091932581511e-01 2.428858586740105518e-01 2.528222823129080421e-01 2.986568555846806916e-01 3.532530232370436618e-01 4.099105053945020782e-01 4.520784997188903587e-01 4.532216458253177094e-01 4.605500177842294374e-01 4.661689815092279754e-01 4.701985391013795978e-01 4.746135462283699313e-01 4.907088227278095793e-01 4.917498325337920639e-01 5.075519014986452637e-01 5.159547754024933486e-01 5.244189322965278066e-01 5.375989651385675305e-01 5.406035701907518920e-01 5.553885388128951828e-01 5.558535566256918026e-01 5.692103201650490218e-01 5.814944672385998770e-01
-5.838467811856562495e-01 -5.715753590369919701e-01 -5.579478253732951254e-01 -5.573438438114970417e-01 -5.429229354352314019e-01 -5.355849915531100125e-01 -5.268266395622746012e-01 -5.168280120862454030e-01 -5.099472406482693509e-01 -4.933921797672766729e-01 -4.930930533172554475e-01 -4.770723098243675464e-01 -4.686330072157308679e-01 -4.684168257952008307e-01 -4.626291581928969610e-01 -4.556415277290946642e-01 -4.537197365731205911e-01 -4.066558406556839977e-01 -3.499557408868605446e-01 -2.955219578213780784e-01 -2.531830526849746521e-01 -2.453086225138098320e-01 -2.433309556328257794e-01 -2.421402480484249331e-01 -2.303859246489743662e-01 -2.245406244737473134e-01 -2.114912521797930878e-01 -2.082255683958917358e-01 -1.885753811438864169e-01 -1.867641899373894687e-01 -1.793945846682812872e-01 -1.656049257497331506e-01 -1.476044756048383311e-01 -1.474120999348086936e-01 -1.381453735491677826e-01 -1.248656966201421165e-01 -1.135678948578430214e-01 -1.052941419008412288e-01 -1.006584166284842236e-01 -8.802037145888302883e-02 -7.984016142472519229e-02 -7.347355862977442142e-02 -7.086797693601426529e-02 -5.892572004062748836e-02 -4.720401785200488420e-02 -3.732091369347454585e-02 -2.945170398171257503e-02 -2.356421099991454562e-02 -1.989887178026775172e-02 -1.459203510513553152e-03 1.459203510513544478e-03 1.989887178026791478e-02 2.356421099991442419e-02 2.945170398171285259e-02 3.732091369347464299e-02 4.720401785200507155e-02 5.892572004062728019e-02 7.086797693601376569e-02 7.347355862977338059e-02 7.984016142472505351e-02 8.802037145888189085e-02 1.006584166284840848e-01 1.052941419008415758e-01 1.135678948578417446e-01 1.248656966201429352e-01 1.381453735491666723e-01 1.474120999348098038e-01 1.476044756048389694e-01 1.656049257497310967e-01 1.793945846682815370e-01 1.867641899373896908e-01 1.885753811438864169e-01 2.082255683958904591e-01 2.114912521797916445e-01 2.245406244737482016e-01 2.303859246489733670e-01 2.421402480484251829e-01 2.433309556328253631e-01 2.453086225138103871e-01 2.531830526849742635e-01 2.955219578213763576e-01 3.499557408868586572e-01 4.066558406556917693e-01 4.537197365731244769e-01 4.556415277290973287e-01 4.626291581928960728e-01 4.684168257952013303e-01 4.686330072157299798e-01 4.770723098243659366e-01 4.930930533172548924e-01 4.933921797672781717e-01 5.099472406482685738e-01 5.168280120862425164e-01 5.268266395622720477e-01 5.355849915531094574e-01 5.429229354352330672e-01 5.573438438114984850e-01 5.579478253732955695e-01 5.715753590369978543e-01 5.838467811856640211e-01
-5.861570800539153137e-01 -5.739036156813848155e-01 -5.602486780905994168e-01 -5.589500314765404321e-01 -5.452639460065634713e-01 -5.341264249927771823e-01 -5.292003487238343684e-01 -5.170700515625266114e-01 -5.122659103569958683e-01 -4.956208934587725823e-01 -4.950404192370683742e-01 -4.794992947095042535e-01 -4.706399964176751771e-01 -4.681957011610353159e-01 -4.640274619421295710e-01 -4.580380476153441127e-01 -4.546071962545341627e-01 -4.033492498173179008e-01 -3.466399152275474460e-01 -2.924043105124741193e-01 -2.544368047843815206e-01 -2.477372157410875075e-01 -2.455071785220196701e-01 -2.416616360931101992e-01 -2.328740091478130325e-01 -2.254705069766294590e-01 -2.137343544420851615e-01 -2.103707921278611670e-01 -1.911918054576118020e-01 -1.848587172626550423e-01 -1.815654533446684205e-01 -1.680779351040193048e-01 -1.494656260329558783e-01 -1.494520071985620258e-01 -1.369374549804501517e-01 -1.277104135015954545e-01 -1.152572555807874349e-01 -1.081593546646292675e-01 -9.938696990606067649e-02 -9.095792916224039459e-02 -8.035897337163581955e-02 -7.602775333346278863e-02 -7.071121467046451170e-02 -6.206140219785632323e-02 -5.040010262935491064e-02 -4.055714042071487113e-02 -3.274542778127254722e-02 -2.693640861623878419e-02 -2.335080724150740208e-02 -1.599731479692149570e-03 1.599731479692001685e-03 2.335080724150719392e-02 2.693640861623892296e-02 3.274542778127232517e-02 4.055714042071457970e-02 5.040010262935453594e-02 6.206140219785626772e-02 7.071121467046345699e-02 7.602775333346192821e-02 8.035897337163558363e-02 9.095792916223921498e-02 9.938696990606081527e-02 1.081593546646281018e-01 1.152572555807881982e-01 1.277104135015938724e-01 1.369374549804492636e-01 1.494520071985629139e-01 1.494656260329570996e-01 1.680779351040183889e-01 1.815654533446662278e-01 1.848587172626573183e-01 1.911918054576111359e-01 2.103707921278605009e-01 2.137343544420873542e-01 2.254705069766326231e-01 2.328740091478125607e-01 2.416616360931091445e-01 2.455071785220193648e-01 2.477372157410872855e-01 2.544368047843784120e-01 2.924043105124757291e-01 3.466399152275462803e-01 4.033492498173184559e-01 4.546071962545321643e-01 4.580380476153460556e-01 4.640274619421278501e-01 4.681957011610340391e-01 4.706399964176722350e-01 4.794992947095034208e-01 4.950404192370682632e-01 4.956208934587745252e-01 5.122659103569947581e-01 5.170700515625197280e-01 5.292003487238338133e-01 5.341264249927772934e-01 5.452639460065620280e-01 5.589500314765418754e-01 5.602486780905986397e-01 5.739036156813874801e-01 5.861570800539179782e-01
-5.883693804914005288e-01 -5.761940848340072474e-01 -5.625422327043478887e-01 -5.603742647454006409e-01 -5.475785917969099303e-01 -5.334655149472793401e-01 -5.315389965975821918e-01 -5.167047943402576227e-01 -5.142966336652012860e-01 -4.979879221489785790e-01 -4.969156643013252772e-01 -4.818928132967730815e-01 -4.728299881882544464e-01 -4.694407662715873175e-01 -4.647858257935287285e-01 -4.604066045472247626e-01 -4.542264696706748706e-01 -3.999986054119547552e-01 -3.433075045432130712e-01 -2.893158921831364694e-01 -2.561850190782841152e-01 -2.501659303580024418e-01 -2.476586428648790694e-01 -2.414234099865607275e-01 -2.353541845929435494e-01 -2.256806197661069269e-01 -2.161203431371672978e-01 -2.125263649499744834e-01 -1.937959012754962573e-01 -1.837535685131917174e-01 -1.830640256264688681e-01 -1.702903743220267052e-01 -1.518235508167488645e-01 -1.515063366820842972e-01 -1.353419104543071294e-01 -1.305697686252884349e-01 -1.169119613364120874e-01 -1.109274228914594179e-01 -9.860817840929703149e-02 -9.370168564709395465e-02 -8.067180064594138555e-02 -7.901688443469216672e-02 -7.026395820039391116e-02 -6.519394748456149025e-02 -5.360732777514882336e-02 -4.380881593923818124e-02 -3.605551584446659713e-02 -3.031738186598152349e-02 -2.679702712536476128e-02 -1.678103397090078067e-03 1.678103397089988295e-03 2.679702712536441433e-02 3.031738186598129450e-02 3.605551584446672203e-02 4.380881593923777184e-02 5.360732777514899683e-02 6.519394748456136535e-02 7.026395820039361972e-02 7.901688443469244427e-02 8.067180064594120514e-02 9.370168564709517589e-02 9.860817840929543554e-02 1.109274228914600979e-01 1.169119613364108246e-01 1.305697686252880463e-01 1.353419104543078788e-01 1.515063366820849633e-01 1.518235508167501413e-01 1.702903743220276211e-01 1.830640256264683685e-01 1.837535685131941321e-01 1.937959012754977561e-01 2.125263649499737062e-01 2.161203431371661043e-01 2.256806197661057889e-01 2.353541845929450205e-01 2.414234099865617822e-01 2.476586428648807070e-01 2.501659303580023308e-01 2.561850190782813397e-01 2.893158921831336938e-01 3.433075045432120165e-01 3.999986054119588075e-01 4.542264696706750371e-01 4.604066045472250401e-01 4.647858257935264525e-01 4.694407662715874285e-01 4.728299881882516709e-01 4.818928132967715272e-01 4.969156643013259433e-01 4.979879221489812435e-01 5.142966336651990655e-01 5.167047943402581778e-01 5.315389965975820807e-01 5.334655149472821156e-01 5.475785917969090422e-01 5.603742647453989756e-01 5.625422327043487769e-01 5.761940848340106891e-01 5.883693804913988634e-01
-5.866612179099619517e-01 -5.784457655732122561e-01 -5.648043689616747409e-01 -5.615669611890363733e-01 -5.498596101052297680e-01 -5.338414906914848990e-01 -5.336074031523165839e-01 -5.175147524509533525e-01 -5.142675649880142918e-01 -5.003315804744218331e-01 -4.988311891070585924e-01 -4.842508723675343907e-01 -4.749773424274002509e-01 -4.714339987564705181e-01 -4.659215813640851800e-01 -4.627430051204710071e-01 -4.525405021868640909e-01 -3.966097004153944505e-01 -3.399605117979537794e-01 -2.862744648403699466e-01 -2.581792032356488020e-01 -2.525910795169709622e-01 -2.497657017014712211e-01 -2.417927047291575093e-01 -2.378200891931813721e-01 -2.250670909527263397e-01 -2.185754655746610930e-01 -2.147023489860956924e-01 -1.963737741672868797e-01 -1.859469163970445260e-01 -1.817930742450340476e-01 -1.719198507264739217e-01 -1.544091061608796334e-01 -1.535045632285652883e-01 -1.337944838991436958e-01 -1.334293155359641547e-01 -1.185336870495188877e-01 -1.134737492333285358e-01 -9.902362356262606191e-02 -9.565354599439211680e-02 -8.207644638215212674e-02 -8.069452441147892396e-02 -6.989766501106119134e-02 -6.830999362296057142e-02 -5.682035230083369581e-02 -4.706854111423728476e-02 -3.937334387394917506e-02 -3.369927938568779979e-02 -3.023370879536793621e-02 -1.686378556808210095e-03 1.686378556808377062e-03 3.023370879536808539e-02 3.369927938568799408e-02 3.937334387394995916e-02 4.706854111423768028e-02 5.682035230083450073e-02 6.830999362296043265e-02 6.989766501106098318e-02 8.069452441147995092e-02 8.207644638215320920e-02 9.565354599439183925e-02 9.902362356262744969e-02 1.134737492333287717e-01 1.185336870495185407e-01 1.334293155359665695e-01 1.337944838991450280e-01 1.535045632285647332e-01 1.544091061608803550e-01 1.719198507264738107e-01 1.817930742450376280e-01 1.859469163970468852e-01 1.963737741672904047e-01 2.147023489860967749e-01 2.185754655746607322e-01 2.250670909527262009e-01 2.378200891931812055e-01 2.417927047291578146e-01 2.497657017014728864e-01 2.525910795169705736e-01 2.581792032356498567e-01 2.862744648403715564e-01 3.399605117979511704e-01 3.966097004153945615e-01 4.525405021868632027e-01 4.627430051204735051e-01 4.659215813640794623e-01 4.714339987564732937e-01 4.749773424273957545e-01 4.842508723675347793e-01 4.988311891070583703e-01 5.003315804744200568e-01 5.142675649880126265e-01 5.175147524509525754e-01 5.336074031523165839e-01 5.338414906914846769e-01 5.498596101052309892e-01 5.615669611890385937e-01 5.648043689616767393e-01 5.784457655732129222e-01 5.866612179099609525e-01
-5.840899827202428174e-01 -5.806576471571450737e-01 -5.670300078089337559e-01 -5.624158274085104825e-01 -5.521042293380049593e-01 -5.361066749761098649e-01 -5.343607249655852875e-01 -5.195912786016896323e-01 -5.122939641599335570e-01 -5.026427837107740881e-01 -5.007653386412460605e-01 -4.865708192245549180e-01 -4.770699438793521430e-01 -4.736164754081271244e-01 -4.675400433177064330e-01 -4.650428404425914763e-01 -4.500298898605200604e-01 -3.931869651049282877e-01 -3.366010620083744187e-01 -2.833077085144966589e-01 -2.602978061085848838e-01 -2.550099723747341063e-01 -2.518001014679586147e-01 -2.427970693786524747e-01 -2.402612646592435230e-01 -2.237519722955750856e-01 -2.210613853065887813e-01 -2.168959079277320012e-01 -1.989065778737746648e-01 -1.881326872793390725e-01 -1.816757896429672114e-01 -1.724253394691980801e-01 -1.570883636173940889e-01 -1.554107665110237568e-01 -1.362771749307308544e-01 -1.326046875693140115e-01 -1.202411315831251187e-01 -1.154918681810857828e-01 -1.011676884013755495e-01 -9.634701188754382639e-02 -8.515260962088962160e-02 -8.039079577194944981e-02 -7.138012839597505932e-02 -6.966958058746043625e-02 -6.003477474037662714e-02 -5.033052862405475864e-02 -4.269277210944077278e-02 -3.707692669930468671e-02 -3.365840859766253135e-02 -1.619371627299482849e-03 1.619371627299161058e-03 3.365840859766205256e-02 3.707692669930439527e-02 4.269277210944066869e-02 5.033052862405426597e-02 6.003477474037606509e-02 6.966958058746092197e-02 7.138012839597381032e-02 8.039079577195007431e-02 8.515260962088948282e-02 9.634701188754406231e-02 1.011676884013758965e-01 1.154918681810843673e-01 1.202411315831248273e-01 1.326046875693139560e-01 1.362771749307286062e-01 1.554107665110228687e-01 1.570883636173928399e-01 1.724253394691973029e-01 1.816757896429662955e-01 1.881326872793378235e-01 1.989065778737731660e-01 2.168959079277321678e-01 2.210613853065859225e-01 2.237519722955770285e-01 2.402612646592428292e-01 2.427970693786536682e-01 2.518001014679585592e-01 2.550099723747318303e-01 2.602978061085821637e-01 2.833077085144943830e-01 3.366010620083746407e-01 3.931869651049332282e-01 4.500298898605223363e-01 4.650428404425864248e-01 4.675400433177037129e-01 4.736164754081253481e-01 4.770699438793449820e-01 4.865708192245504771e-01 5.007653386412412866e-01 5.026427837107739771e-01 5.122939641599315586e-01 5.195912786016879670e-01 5.343607249655828451e-01 5.361066749761081995e-01 5.521042293380038490e-01 5.624158274085094833e-01 5.670300078089323126e-01 5.806576471571486264e-01 5.840899827202414851e-01
-5.828287002470289302e-01 -5.819507086061688206e-01 -5.692168997989826007e-01 -5.627486874868619093e-01 -5.543107492734811181e-01 -5.383332740088694335e-01 -5.355025597133381554e-01 -5.217840621403212475e-01 -5.097712865336516685e-01 -5.049190353004262555e-01 -5.027000222467907786e-01 -4.888485482548353134e-01 -4.790901782224850081e-01 -4.758431865037007769e-01 -4.694129644061441065e-01 -4.673007539633550755e-01 -4.470841301432675885e-01 -3.897339092421219786e-01 -3.332314967827091357e-01 -2.804610293042865687e-01 -2.624808482284120559e-01 -2.574204446544277047e-01 -2.537174875382456896e-01 -2.442925811694051097e-01 -2.426575723893550918e-01 -2.235566936782685254e-01 -2.219947706837087087e-01 -2.190997826710523455e-01 -2.013632805631174472e-01 -1.902946949612692173e-01 -1.828896867641525981e-01 -1.717517178724435878e-01 -1.598097247241151431e-01 -1.571319199175456038e-01 -1.391002594318711816e-01 -1.320467239778484181e-01 -1.222985872603601504e-01 -1.164960670297200268e-01 -1.039558665515329661e-01 -9.686733810470544992e-02 -8.822797729351875007e-02 -7.986512705422470215e-02 -7.429980753006890093e-02 -6.959661068507937143e-02 -6.324677245354824728e-02 -5.358997895292711561e-02 -4.600925652503321667e-02 -4.044669781003634029e-02 -3.706940449165693763e-02 -1.475161566170246977e-03 1.475161566170256735e-03 3.706940449165648660e-02 4.044669781003590314e-02 4.600925652503280033e-02 5.358997895292622743e-02 6.324677245354823341e-02 6.959661068507846937e-02 7.429980753006977523e-02 7.986512705422388336e-02 8.822797729351759821e-02 9.686733810470524175e-02 1.039558665515321334e-01 1.164960670297189166e-01 1.222985872603577634e-01 1.320467239778460311e-01 1.391002594318705710e-01 1.571319199175464087e-01 1.598097247241139773e-01 1.717517178724443927e-01 1.828896867641535695e-01 1.902946949612683292e-01 2.013632805631153100e-01 2.190997826710516794e-01 2.219947706837078760e-01 2.235566936782683867e-01 2.426575723893572012e-01 2.442925811694063865e-01 2.537174875382463557e-01 2.574204446544276492e-01 2.624808482284081146e-01 2.804610293042840152e-01 3.332314967827091912e-01 3.897339092421241991e-01 4.470841301432649240e-01 4.673007539633552976e-01 4.694129644061429407e-01 4.758431865036981678e-01 4.790901782224887828e-01 4.888485482548425853e-01 5.027000222467945534e-01 5.049190353004276988e-01 5.097712865336496701e-01 5.217840621403214696e-01 5.355025597133402648e-01 5.383332740088666579e-01 5.543107492734858921e-01 5.627486874868654620e-01 5.692168997989811574e-01 5.819507086061704859e-01 5.828287002470280420e-01
-5.849578696730725058e-01 -5.804589200405316785e-01 -5.713635200768960587e-01 -5.623627230765334550e-01 -5.564778192489691078e-01 -5.405197781859186756e-01 -5.368712147008163349e-01 -5.239715042664865319e-01 -5.071588402531330697e-01 -5.070214218022203179e-01 -5.046217422367723637e-01 -4.910763577603642904e-01 -4.810094305272846205e-01 -4.780696496734061496e-01 -4.714012884859584140e-01 -4.695092513733717388e-01 -4.438966978042263589e-01 -3.862534070532309127e-01 -3.298544992701356593e-01 -2.778124216963558379e-01 -2.646961410575876528e-01 -2.598206236764876720e-01 -2.554430235223272838e-01 -2.461471473726066506e-01 -2.449728378889954317e-01 -2.260476839018692452e-01 -2.213054135613919671e-01 -2.200696946934655729e-01 -2.036841898652954619e-01 -1.924087713658806653e-01 -1.848863712689501893e-01 -1.706594288116436431e-01 -1.625472505997996031e-01 -1.584848720465281413e-01 -1.418794409297740311e-01 -1.322605608231859908e-01 -1.247618043139226141e-01 -1.163186985693575870e-01 -1.068875422725706903e-01 -9.765285809798492089e-02 -9.129210854911584683e-02 -7.980953033789030260e-02 -7.643998827545024632e-02 -6.968457536555544563e-02 -6.645227138800448297e-02 -5.684249654806526608e-02 -4.931930382355077802e-02 -4.380590210852594590e-02 -4.046537844588057181e-02 -1.255386511596867996e-03 1.255386511596810750e-03 4.046537844588053712e-02 4.380590210852619570e-02 4.931930382355126374e-02 5.684249654806630692e-02 6.645227138800489930e-02 6.968457536555561216e-02 7.643998827545110675e-02 7.980953033789123241e-02 9.129210854911526396e-02 9.765285809798535110e-02 1.068875422725709123e-01 1.163186985693598074e-01 1.247618043139236410e-01 1.322605608231890717e-01 1.418794409297749193e-01 1.584848720465305838e-01 1.625472505997996864e-01 1.706594288116460023e-01 1.848863712689503003e-01 1.924087713658817200e-01 2.036841898652952676e-01 2.200696946934654341e-01 2.213054135613923834e-01 2.260476839018696060e-01 2.449728378889960145e-01 2.461471473726084547e-01 2.554430235223276724e-01 2.598206236764872279e-01 2.646961410575874307e-01 2.778124216963566706e-01 3.298544992701372136e-01 3.862534070532335218e-01 4.438966978042213629e-01 4.695092513733740147e-01 4.714012884859586361e-01 4.780696496734049283e-01 4.810094305272900050e-01 4.910763577603660113e-01 5.046217422367695882e-01 5.070214218022179864e-01 5.071588402531326256e-01 5.239715042664868649e-01 5.368712147008170010e-01 5.405197781859187867e-01 5.564778192489666653e-01 5.623627230765311236e-01 5.713635200768968359e-01 5.804589200405353422e-01 5.849578696730723948e-01
-5.870440660949282075e-01 -5.797429143162429188e-01 -5.734685845473805887e-01 -5.611364478770173303e-01 -5.586042189920540357e-01 -5.426641609213714856e-01 -5.383668868756663617e-01 -5.261319022957835490e-01 -5.093609558308704877e-01 -5.065197182225623651e-01 -5.042422445198363468e-01 -4.932356840525534691e-01 -4.827764638790388307e-01 -4.802780664796134080e-01 -4.734368324290059160e-01 -4.716562989592196775e-01 -4.405596292938678826e-01 -3.827478887973123634e-01 -3.264732702091058258e-01 -2.754984699571166873e-01 -2.669245095704748660e-01 -2.622087973894079438e-01 -2.568462860413462390e-01 -2.482704993490656986e-01 -2.471809293672802277e-01 -2.285237692747771610e-01 -2.235034267102025685e-01 -2.182741604991900730e-01 -2.057405813409911854e-01 -1.944329726369111722e-01 -1.872211695021013533e-01 -1.699434762593430015e-01 -1.652854598362519800e-01 -1.591609732023025470e-01 -1.445790645950497111e-01 -1.331544852489585928e-01 -1.274558116092705529e-01 -1.152470544717365541e-01 -1.098581852506145123e-01 -9.871859981441254150e-02 -9.433404219765578747e-02 -8.175396282811912829e-02 -7.636205412499864897e-02 -6.996809684357196968e-02 -6.961251384244092344e-02 -6.008322396414692013e-02 -5.262012102307322275e-02 -4.715242693208533675e-02 -4.384524973840910056e-02 -9.653326568839467117e-04 9.653326568835878408e-04 4.384524973840890627e-02 4.715242693208527430e-02 5.262012102307366684e-02 6.008322396414798178e-02 6.961251384244099283e-02 6.996809684357199743e-02 7.636205412499859346e-02 8.175396282811923931e-02 9.433404219765652299e-02 9.871859981441311049e-02 1.098581852506156781e-01 1.152470544717372619e-01 1.274558116092705529e-01 1.331544852489600361e-01 1.445790645950505715e-01 1.591609732023026580e-01 1.652854598362538674e-01 1.699434762593446391e-01 1.872211695021003541e-01 1.944329726369126154e-01 2.057405813409911854e-01 2.182741604991868534e-01 2.235034267102041783e-01 2.285237692747762728e-01 2.471809293672812546e-01 2.482704993490675582e-01 2.568462860413441851e-01 2.622087973894082769e-01 2.669245095704756987e-01 2.754984699571209061e-01 3.264732702091065475e-01 3.827478887973129740e-01 4.405596292938635528e-01 4.716562989592216204e-01 4.734368324290070817e-01 4.802780664796203469e-01 4.827764638790377760e-01 4.932356840525536357e-01 5.042422445198376790e-01 5.065197182225636974e-01 5.093609558308688223e-01 5.261319022957824387e-01 5.383668868756643633e-01 5.426641609213702644e-01 5.586042189920561452e-01 5.611364478770161091e-01 5.734685845473874721e-01 5.797429143162415865e-01 5.870440660949277634e-01
-5.890861530448414651e-01 -5.797425277952830136e-01 -5.755308971895610748e-01 -5.606887750813913662e-01 -5.591376682338901061e-01 -5.447630233930268462e-01 -5.399297062239624134e-01 -5.282579479963371849e-01 -5.115242078172590467e-01 -5.083843711098415818e-01 -5.016803177281934367e-01 -4.952625809064415963e-01 -4.842923581408870026e-01 -4.824596359935401924e-01 -4.754846461897183074e-01 -4.737196525238378531e-01 -4.371202101316821187e-01 -3.792194753268319229e-01 -3.230917897422902474e-01 -2.737430532886307444e-01 -2.691531066098621916e-01 -2.645833270692913852e-01 -2.577142647925430574e-01 -2.505528645194753379e-01 -2.493190060948593523e-01 -2.309747420642486448e-01 -2.256828376896299615e-01 -2.170422087652157106e-01 -2.072590418537685608e-01 -1.962844831800737988e-01 -1.897014146028749570e-01 -1.701121664143313283e-01 -1.680130876551702568e-01 -1.589311083161297489e-01 -1.471165934038412282e-01 -1.345193792048361425e-01 -1.302523826807181206e-01 -1.136430567386423340e-01 -1.128367064568516209e-01 -1.000107468608156247e-01 -9.733548466801940358e-02 -8.461346275572792508e-02 -7.524114060614550681e-02 -7.285082734584012731e-02 -7.031534834229340170e-02 -6.330460483661044802e-02 -5.590937319438150227e-02 -5.048450755764376935e-02 -4.720808121585786526e-02 -6.138243940356764936e-04 6.138243940356792041e-04 4.720808121585761546e-02 5.048450755764384568e-02 5.590937319438026715e-02 6.330460483660893534e-02 7.031534834229444253e-02 7.285082734584025221e-02 7.524114060614481292e-02 8.461346275572803610e-02 9.733548466801927868e-02 1.000107468608147920e-01 1.128367064568523565e-01 1.136430567386414181e-01 1.302523826807186480e-01 1.345193792048363091e-01 1.471165934038433099e-01 1.589311083161271398e-01 1.680130876551698127e-01 1.701121664143294410e-01 1.897014146028753734e-01 1.962844831800750200e-01 2.072590418537703649e-01 2.170422087652170984e-01 2.256828376896299615e-01 2.309747420642485061e-01 2.493190060948614062e-01 2.505528645194759485e-01 2.577142647925438346e-01 2.645833270692920514e-01 2.691531066098618030e-01 2.737430532886287460e-01 3.230917897422880269e-01 3.792194753268341989e-01 4.371202101316803423e-01 4.737196525238364653e-01 4.754846461897183074e-01 4.824596359935407475e-01 4.842923581408878353e-01 4.952625809064387652e-01 5.016803177281923265e-01 5.083843711098460227e-01 5.115242078172622664e-01 5.282579479963368518e-01 5.399297062239615252e-01 5.447630233930284005e-01 5.591376682338980997e-01 5.606887750813940308e-01 5.755308971895600756e-01 5.797425277952830136e-01 5.890861530448423533e-01
-5.910829217488059451e-01 -5.802663843604621841e-01 -5.775492907941541798e-01 -5.627303228520565970e-01 -5.565711151434077353e-01 -5.468081014842842702e-01 -5.415227382901216524e-01 -5.303460374067655581e-01 -5.136474248897889838e-01 -5.102060391857355937e-01 -4.999722933266614877e-01 -4.967938317472588294e-01 -4.853661722740289508e-01 -4.846091817639661126e-01 -4.775251064588511007e-01 -4.756513203417551683e-01 -4.336050345084533908e-01 -3.756700774766286721e-01 -3.197152265527643533e-01 -2.728206527224433242e-01 -2.713720615873397302e-01 -2.669425649318283300e-01 -2.577913876849386998e-01 -2.528985263026194419e-01 -2.514371711055117253e-01 -2.333883389753105553e-01 -2.278291150091347472e-01 -2.169339306307132009e-01 -2.079065818495342555e-01 -1.977854603129505784e-01 -1.922464139266156780e-01 -1.711460616645413269e-01 -1.707197543061986511e-01 -1.581307164047931202e-01 -1.492598540512872218e-01 -1.361771575758757291e-01 -1.330914665161405941e-01 -1.158095131844817799e-01 -1.117948349560946714e-01 -1.014747073802181182e-01 -1.002518064360616856e-01 -8.763455533795415364e-02 -7.602447362131360686e-02 -7.391721507600250429e-02 -7.085669878445033376e-02 -6.648659434333348273e-02 -5.918498806025491304e-02 -5.380054437079413027e-02 -5.055302310652631109e-02 -2.129373070544561455e-04 2.129373070547055391e-04 5.055302310652599884e-02 5.380054437079348495e-02 5.918498806025525999e-02 6.648659434333374640e-02 7.085669878445031988e-02 7.391721507600196306e-02 7.602447362131346809e-02 8.763455533795465324e-02 1.002518064360610195e-01 1.014747073802175353e-01 1.117948349560952681e-01 1.158095131844805448e-01 1.330914665161418431e-01 1.361771575758743413e-01 1.492598540512890537e-01 1.581307164047940361e-01 1.707197543061989287e-01 1.711460616645400501e-01 1.922464139266142902e-01 1.977854603129510225e-01 2.079065818495350604e-01 2.169339306307139503e-01 2.278291150091374118e-01 2.333883389753144688e-01 2.514371711055125025e-01 2.528985263026196084e-01 2.577913876849379782e-01 2.669425649318256100e-01 2.713720615873398967e-01 2.728206527224459887e-01 3.197152265527629655e-01 3.756700774766250084e-01 4.336050345084492275e-01 4.756513203417478963e-01 4.775251064588506567e-01 4.846091817639696653e-01 4.853661722740326145e-01 4.967938317472579413e-01 4.999722933266615987e-01 5.102060391857385913e-01 5.136474248897939798e-01 5.303460374067630045e-01 5.415227382901260933e-01 5.468081014842862686e-01 5.565711151434105108e-01 5.627303228520570411e-01 5.775492907941566223e-01 5.802663843604599636e-01 5.910829217488046128e-01
-5.930330322754718830e-01 -5.811224293415933051e-01 -5.795225997606180401e-01 -5.647276853839675592e-01 -5.536743825402485886e-01 -5.487610431973848346e-01 -5.431219693812643357e-01 -5.323938479276872915e-01 -5.157294034963385565e-01 -5.119735882090042933e-01 -5.005433410636455083e-01 -4.968213225161778324e-01 -4.867231663557401444e-01 -4.857238985096427597e-01 -4.795460458014026428e-01 -4.773281663771398731e-01 -4.300303042756084548e-01 -3.721014741501848522e-01 -3.163506099017590611e-01 -2.735724659410285198e-01 -2.728583598290955647e-01 -2.692847243117088563e-01 -2.569843273427833141e-01 -2.552602742428097260e-01 -2.535522858238681843e-01 -2.357468419981616214e-01 -2.299202469097266222e-01 -2.180407799731071683e-01 -2.079813947226392679e-01 -1.985816255463036528e-01 -1.948180888771836872e-01 -1.733931083272206575e-01 -1.727173039509538044e-01 -1.577726249335486552e-01 -1.503652909599689225e-01 -1.380161518889823080e-01 -1.359431241887148201e-01 -1.187680970792822088e-01 -1.100121233034935392e-01 -1.030667629892196846e-01 -1.029210078300990677e-01 -9.069245817943878685e-02 -7.918446409209992098e-02 -7.269026524727156824e-02 -7.152493931060716070e-02 -6.950460088486226651e-02 -6.244493333668557633e-02 -5.709886940547787698e-02 -5.387927676942687316e-02 -2.224336721166197820e-04 2.224336721164957764e-04 5.387927676942573518e-02 5.709886940547696105e-02 6.244493333668545143e-02 6.950460088486171140e-02 7.152493931060757704e-02 7.269026524727073557e-02 7.918446409209953241e-02 9.069245817943867582e-02 1.029210078300985404e-01 1.030667629892192405e-01 1.100121233034940110e-01 1.187680970792809876e-01 1.359431241887145425e-01 1.380161518889815864e-01 1.503652909599668130e-01 1.577726249335456854e-01 1.727173039509543317e-01 1.733931083272207407e-01 1.948180888771836872e-01 1.985816255463035973e-01 2.079813947226399895e-01 2.180407799731068630e-01 2.299202469097247903e-01 2.357468419981626206e-01 2.535522858238687949e-01 2.552602742428098370e-01 2.569843273427832031e-01 2.692847243117100775e-01 2.728583598290937884e-01 2.735724659410268544e-01 3.163506099017573403e-01 3.721014741501838530e-01 4.300303042756076777e-01 4.773281663771401506e-01 4.795460458014039751e-01 4.857238985096400397e-01 4.867231663557406995e-01 4.968213225161790536e-01 5.005433410636486169e-01 5.119735882090065138e-01 5.157294034963411100e-01 5.323938479276895119e-01 5.431219693812670002e-01 5.487610431973830583e-01 5.536743825402458130e-01 5.647276853839687805e-01 5.795225997606205937e-01 5.811224293415949704e-01 5.930330322754732153e-01
-5.949348457070865459e-01 -5.821739426167193976e-01 -5.814496424562107801e-01 -5.666796584535640502e-01 -5.514740167696123851e-01 -5.497431948932773871e-01 -5.447107102524557654e-01 -5.343995798384599816e-01 -5.177688763113952319e-01 -5.136724528104587018e-01 -5.023008118402929600e-01 -4.967603049228740408e-01 -4.887988314911694832e-01 -4.854137401682722675e-01 -4.815390940620459803e-01 -4.783909484843167359e-01 -4.264065736615968993e-01 -3.685153786220076721e-01 -3.130079950326364324e-01 -2.757447103155325485e-01 -2.736912977448150985e-01 -2.716075508385569215e-01 -2.576178536401126373e-01 -2.556625273488901118e-01 -2.555212894019376346e-01 -2.380208309206533757e-01 -2.319182729099680262e-01 -2.198678579650120424e-01 -2.084125616056422270e-01 -1.982714974750763304e-01 -1.973957008409468750e-01 -1.760144871894959717e-01 -1.745703909239986196e-01 -1.588232811806708777e-01 -1.497475613571066233e-01 -1.399773428316018198e-01 -1.387844122135097336e-01 -1.217047169808923995e-01 -1.092088739994067637e-01 -1.047532448130590738e-01 -1.045197096330958142e-01 -9.375520142126167467e-02 -8.232602963858448586e-02 -7.341742353539480737e-02 -7.230447244670037965e-02 -7.057271751403755566e-02 -6.568677314407801726e-02 -6.037715331020540588e-02 -5.718606837382488040e-02 -6.751176355762550721e-04 6.751176355760821418e-04 5.718606837382565755e-02 6.037715331020543363e-02 6.568677314407801726e-02 7.057271751403731974e-02 7.230447244670069884e-02 7.341742353539473798e-02 8.232602963858438871e-02 9.375520142126275713e-02 1.045197096330962999e-01 1.047532448130590738e-01 1.092088739994066665e-01 1.217047169808938706e-01 1.387844122135092062e-01 1.399773428316032631e-01 1.497475613571067621e-01 1.588232811806710720e-01 1.745703909239997853e-01 1.760144871894967489e-01 1.973957008409456815e-01 1.982714974750775239e-01 2.084125616056433095e-01 2.198678579650119314e-01 2.319182729099655005e-01 2.380208309206545414e-01 2.555212894019378567e-01 2.556625273488909444e-01 2.576178536401114716e-01 2.716075508385574766e-01 2.736912977448157647e-01 2.757447103155353241e-01 3.130079950326379312e-01 3.685153786220009553e-01 4.264065736615937352e-01 4.783909484843161253e-01 4.815390940620480342e-01 4.854137401682682706e-01 4.887988314911690391e-01 4.967603049228708767e-01 5.023008118402924049e-01 5.136724528104565923e-01 5.177688763113951209e-01 5.343995798384600926e-01 5.447107102524583189e-01 5.497431948932779422e-01 5.514740167696134954e-01 5.666796584535621628e-01 5.814496424562080046e-01 5.821739426167171771e-01 5.949348457070869900e-01
-5.967857932307267799e-01 -5.833367302515165553e-01 -5.833270594800894493e-01 -5.685849952820475339e-01 -5.529317354551006591e-01 -5.468977284895989444e-01 -5.462763977616300615e-01 -5.363616633728254257e-01 -5.197644674146051358e-01 -5.152812946918087222e-01 -5.042241689856905573e-01 -4.974549704284259022e-01 -4.908337618775138189e-01 -4.853965238521686376e-01 -4.834978107485257692e-01 -4.780617296835951713e-01 -4.227411146729382896e-01 -3.649135003778491426e-01 -3.097026137469554574e-01 -2.778764121526981490e-01 -2.750371695041269882e-01 -2.739070886934104609e-01 -2.599611972039775343e-01 -2.577598959060045658e-01 -2.538103194154086584e-01 -2.401569709644551243e-01 -2.337497865723177359e-01 -2.220169418085140289e-01 -2.095650102090161615e-01 -1.999660565689244385e-01 -1.969320948708194186e-01 -1.785491749215091517e-01 -1.765710643537353741e-01 -1.608830610783029413e-01 -1.479625218122495589e-01 -1.420805362640703007e-01 -1.415459469499495970e-01 -1.246092618788278567e-01 -1.107706453224143878e-01 -1.065074030029382057e-01 -1.037256544918337686e-01 -9.680997640708488561e-02 -8.544378430810987968e-02 -7.636198320940618123e-02 -7.317571576024195501e-02 -6.947501493629183733e-02 -6.890607090621350683e-02 -6.362939625968597190e-02 -6.047262477907355133e-02 -1.126297706360518099e-03 1.126297706360445457e-03 6.047262477907441175e-02 6.362939625968754009e-02 6.890607090621317377e-02 6.947501493629179570e-02 7.317571576024228808e-02 7.636198320940724982e-02 8.544378430810907477e-02 9.680997640708749463e-02 1.037256544918336160e-01 1.065074030029392466e-01 1.107706453224131526e-01 1.246092618788271073e-01 1.415459469499487366e-01 1.420805362640699121e-01 1.479625218122502250e-01 1.608830610783031079e-01 1.765710643537360680e-01 1.785491749215113721e-01 1.969320948708187247e-01 1.999660565689241887e-01 2.095650102090137745e-01 2.220169418085127799e-01 2.337497865723164037e-01 2.401569709644549855e-01 2.538103194154081588e-01 2.577598959060066752e-01 2.599611972039792551e-01 2.739070886934117377e-01 2.750371695041289866e-01 2.778764121526990372e-01 3.097026137469570672e-01 3.649135003778480879e-01 4.227411146729423419e-01 4.780617296835947272e-01 4.834978107485194410e-01 4.853965238521636971e-01 4.908337618775118205e-01 4.974549704284251250e-01 5.042241689856894471e-01 5.152812946918025050e-01 5.197644674146016941e-01 5.363616633728220950e-01 5.462763977616292843e-01 5.468977284896010538e-01 5.529317354551004371e-01 5.685849952820466457e-01 5.833270594800891162e-01 5.833367302515148900e-01 5.967857932307224500e-01
-5.985784922757627635e-01 -5.851602273167316737e-01 -5.845506207171239366e-01 -5.704423847397610547e-01 -5.547671808371597013e-01 -5.478086324325730505e-01 -5.435911012131879883e-01 -5.382786251787785581e-01 -5.217146084452565225e-01 -5.167655815634573102e-01 -5.061583662568441833e-01 -4.986430166070781045e-01 -4.928256104117192948e-01 -4.863387278338311415e-01 -4.854165917441255473e-01 -4.760947579890808523e-01 -4.190391834512133817e-01 -3.612976090972758181e-01 -3.064591438604149509e-01 -2.799487995184697930e-01 -2.766891922302552875e-01 -2.761702098529184024e-01 -2.622839331652077055e-01 -2.598336919299822911e-01 -2.523154540080690400e-01 -2.420609860008360592e-01 -2.352615246032669638e-01 -2.243062973195868171e-01 -2.112049697020690620e-01 -2.025190999920381818e-01 -1.950635650713720415e-01 -1.809189092403918064e-01 -1.786518250830287369e-01 -1.633250359113338490e-01 -1.457330434724460055e-01 -1.446230337606923544e-01 -1.438978813148896752e-01 -1.274636937870593234e-01 -1.133870024845791274e-01 -1.083063220107896296e-01 -1.019063802183048095e-01 -9.984933994965235204e-02 -8.852715107783890036e-02 -7.947614910930943244e-02 -7.412592972958237381e-02 -7.208473901328413258e-02 -6.835307433854075077e-02 -6.679180590981358134e-02 -6.373814047231422808e-02 -1.556215970368281286e-03 1.556215970368176986e-03 6.373814047231410318e-02 6.679180590981331767e-02 6.835307433854140302e-02 7.208473901328386890e-02 7.412592972958070847e-02 7.947614910930969612e-02 8.852715107783817872e-02 9.984933994965233817e-02 1.019063802183037826e-01 1.083063220107899349e-01 1.133870024845793495e-01 1.274636937870571307e-01 1.438978813148880098e-01 1.446230337606925764e-01 1.457330434724444512e-01 1.633250359113345707e-01 1.786518250830294863e-01 1.809189092403913068e-01 1.950635650713719860e-01 2.025190999920366552e-01 2.112049697020701999e-01 2.243062973195862064e-01 2.352615246032665752e-01 2.420609860008329783e-01 2.523154540080691510e-01 2.598336919299824577e-01 2.622839331652079276e-01 2.761702098529194016e-01 2.766891922302549545e-01 2.799487995184716804e-01 3.064591438604130635e-01 3.612976090972805920e-01 4.190391834512061653e-01 4.760947579890812409e-01 4.854165917441247147e-01 4.863387278338308084e-01 4.928256104117164638e-01 4.986430166070807690e-01 5.061583662568432951e-01 5.167655815634553118e-01 5.217146084452556343e-01 5.382786251787804455e-01 5.435911012131855458e-01 5.478086324325724954e-01 5.547671808371564817e-01 5.704423847397611658e-01 5.845506207171239366e-01 5.851602273167283430e-01 5.985784922757600990e-01
-6.001787095449661047e-01 -5.869412311958338568e-01 -5.857881120655142881e-01 -5.722504110960355828e-01 -5.565888965407259636e-01 -5.492978028216297659e-01 -5.403091793046609359e-01 -5.401490157501811495e-01 -5.236173519943460031e-01 -5.180643613183596452e-01 -5.080691675024828768e-01 -5.000725892398886208e-01 -4.947718571222747275e-01 -4.878203803502633162e-01 -4.872898689314688614e-01 -4.731973760805769924e-01 -4.153047415942576759e-01 -3.576696079453269284e-01 -3.033209385849652828e-01 -2.819289626697890627e-01 -2.786018781655397736e-01 -2.783112440749870298e-01 -2.645808730467176240e-01 -2.618701927637812621e-01 -2.515745181580013590e-01 -2.436291690804825993e-01 -2.361492178194959379e-01 -2.266566947626505457e-01 -2.130915523312254256e-01 -2.050453516198465775e-01 -1.932026257891845122e-01 -1.829125329123144628e-01 -1.807764530824498006e-01 -1.659049812755074571e-01 -1.474040666122053700e-01 -1.460170956215815774e-01 -1.433945671577107062e-01 -1.302252994137582665e-01 -1.162218077358420781e-01 -1.101280895356375883e-01 -1.028669618644418027e-01 -9.997633117325917251e-02 -9.154453773580217835e-02 -8.260231008360680027e-02 -7.555166217612015178e-02 -7.478542319396734583e-02 -7.017656275228877083e-02 -6.707615023492626005e-02 -6.698170476199204193e-02 -1.944952751374576716e-03 1.944952751374612928e-03 6.698170476199179213e-02 6.707615023492620454e-02 7.017656275228859042e-02 7.478542319396709603e-02 7.555166217611966606e-02 8.260231008360655047e-02 9.154453773580249754e-02 9.997633117325820107e-02 1.028669618644401929e-01 1.101280895356370471e-01 1.162218077358428692e-01 1.302252994137579056e-01 1.433945671577111503e-01 1.460170956215827986e-01 1.474040666122059251e-01 1.659049812755075959e-01 1.807764530824508276e-01 1.829125329123149624e-01 1.932026257891839849e-01 2.050453516198458004e-01 2.130915523312263138e-01 2.266566947626510176e-01 2.361492178194968261e-01 2.436291690804838483e-01 2.515745181580027467e-01 2.618701927637830384e-01 2.645808730467158476e-01 2.783112440749865857e-01 2.786018781655409948e-01 2.819289626697905060e-01 3.033209385849622852e-01 3.576696079453245414e-01 4.153047415942580645e-01 4.731973760805749385e-01 4.872898689314699161e-01 4.878203803502653146e-01 4.947718571222716744e-01 5.000725892398915073e-01 5.080691675024817666e-01 5.180643613183629759e-01 5.236173519943523313e-01 5.401490157501831479e-01 5.403091793046627123e-01 5.492978028216258801e-01 5.565888965407206346e-01 5.722504110960353607e-01 5.857881120655172857e-01 5.869412311958351891e-01 6.001787095449634402e-01
-5.976390319303411802e-01 -5.886710527499409151e-01 -5.870240545270783983e-01 -5.740074640790093774e-01 -5.583710371180974352e-01 -5.507338880493743982e-01 -5.419713588392580661e-01 -5.372172058907908054e-01 -5.254698823191975565e-01 -5.190628523385333315e-01 -5.099444964314657769e-01 -5.016107511008515152e-01 -4.966694975295584125e-01 -4.894918219274333460e-01 -4.891112981714709762e-01 -4.698640760691337181e-01 -4.115408898728453724e-01 -3.540316253763481913e-01 -3.003718539239064733e-01 -2.837509957787234249e-01 -2.807676353551524784e-01 -2.802630272516155596e-01 -2.668467715628319858e-01 -2.638501489759484397e-01 -2.519581587446660387e-01 -2.449654512074107005e-01 -2.360151531672871894e-01 -2.290299152492652202e-01 -2.150988257735175768e-01 -2.075335957048158320e-01 -1.920986670057580337e-01 -1.839508605868705737e-01 -1.829235660484382908e-01 -1.685362692615673952e-01 -1.501963564865304024e-01 -1.481106012518373372e-01 -1.412119451984207852e-01 -1.327553544884606251e-01 -1.191109764856615044e-01 -1.119489041763974957e-01 -1.058548915688445335e-01 -9.833271942375576558e-02 -9.431982431198465688e-02 -8.571845569798779152e-02 -7.855000993667431153e-02 -7.585488723293057345e-02 -7.334865053945682778e-02 -7.020205451902365723e-02 -6.612090260870032155e-02 -2.273281972554183281e-03 2.273281972554192822e-03 6.612090260870115421e-02 7.020205451902367111e-02 7.334865053945657798e-02 7.585488723293133673e-02 7.855000993667508868e-02 8.571845569798844378e-02 9.431982431198331074e-02 9.833271942375586272e-02 1.058548915688442005e-01 1.119489041763986614e-01 1.191109764856632530e-01 1.327553544884623460e-01 1.412119451984199248e-01 1.481106012518378923e-01 1.501963564865302636e-01 1.685362692615679503e-01 1.829235660484401504e-01 1.839508605868721280e-01 1.920986670057601708e-01 2.075335957048139723e-01 2.150988257735177434e-01 2.290299152492675239e-01 2.360151531672869951e-01 2.449654512074119772e-01 2.519581587446649285e-01 2.638501489759507157e-01 2.668467715628311532e-01 2.802630272516162813e-01 2.807676353551549764e-01 2.837509957787237025e-01 3.003718539239081942e-01 3.540316253763519105e-01 4.115408898728455389e-01 4.698640760691298879e-01 4.891112981714678121e-01 4.894918219274331239e-01 4.966694975295578018e-01 5.016107511008520703e-01 5.099444964314659989e-01 5.190628523385311111e-01 5.254698823191926715e-01 5.372172058907871417e-01 5.419713588392580661e-01 5.507338880493758415e-01 5.583710371180902188e-01 5.740074640790122640e-01 5.870240545270787313e-01 5.886710527499426915e-01 5.976390319303458432e-01
-5.940571515870809449e-01 -5.903483783859337919e-01 -5.882421274947147172e-01 -5.757114969103550584e-01 -5.601068043463022228e-01 -5.521050907020264020e-01 -5.437441013930758293e-01 -5.345611298288117652e-01 -5.272669313543438818e-01 -5.195453246465076003e-01 -5.117785247178942010e-01 -5.031907805820343693e-01 -4.985144956362886348e-01 -4.912203232061028157e-01 -4.908726078114996061e-01 -4.662988782006664001e-01 -4.077501420177330749e-01 -3.503861388389876708e-01 -2.977904268220529782e-01 -2.852677867899175990e-01 -2.829693223644830224e-01 -2.821983493002919730e-01 -2.690753900233196494e-01 -2.657433401157512920e-01 -2.532586028643192821e-01 -2.464058841308501002e-01 -2.347839028017139618e-01 -2.314049969942848783e-01 -2.171654484866128165e-01 -2.099674066032690134e-01 -1.925735205803025540e-01 -1.850790869626117718e-01 -1.833030107499590278e-01 -1.711825275141627689e-01 -1.529710093357024014e-01 -1.501867472068686982e-01 -1.398721326104309381e-01 -1.344479195913561020e-01 -1.220101396773569935e-01 -1.137401674847166866e-01 -1.087988745940773327e-01 -9.863468401225995719e-02 -9.531612868201130850e-02 -8.881748738116478081e-02 -8.167592140757817809e-02 -7.666005922273086415e-02 -7.652043693607252228e-02 -7.339615291708502520e-02 -6.529813867439193675e-02 -2.523593392820802986e-03 2.523593392820966050e-03 6.529813867439290820e-02 7.339615291708588563e-02 7.652043693607331332e-02 7.666005922273122497e-02 8.167592140757883035e-02 8.881748738116662656e-02 9.531612868201094768e-02 9.863468401226102578e-02 1.087988745940781377e-01 1.137401674847166588e-01 1.220101396773566743e-01 1.344479195913561576e-01 1.398721326104323814e-01 1.501867472068686149e-01 1.529710093357027345e-01 1.711825275141653779e-01 1.833030107499589167e-01 1.850790869626114943e-01 1.925735205803018324e-01 2.099674066032697350e-01 2.171654484866168133e-01 2.314049969942839624e-01 2.347839028017153773e-01 2.464058841308518211e-01 2.532586028643228904e-01 2.657433401157519581e-01 2.690753900233215923e-01 2.821983493002921395e-01 2.829693223644837441e-01 2.852677867899173214e-01 2.977904268220516459e-01 3.503861388389871157e-01 4.077501420177392366e-01 4.662988782006611821e-01 4.908726078114998281e-01 4.912203232061024827e-01 4.985144956362841939e-01 5.031907805820339252e-01 5.117785247178965324e-01 5.195453246465098207e-01 5.272669313543446590e-01 5.345611298288109881e-01 5.437441013930770506e-01 5.521050907020246257e-01 5.601068043463031110e-01 5.757114969103489521e-01 5.882421274947097212e-01 5.903483783859299061e-01 5.940571515870789465e-01
-5.919718653488144078e-01 -5.903514980149970892e-01 -5.894297828478162193e-01 -5.773591973987309833e-01 -5.617929609114165057e-01 -5.533958528599931537e-01 -5.454655425910215349e-01 -5.327098236182015167e-01 -5.289937038370163824e-01 -5.191811843462144083e-01 -5.135676943576115150e-01 -5.047770411264694834e-01 -5.003006063327670727e-01 -4.929537406512438102e-01 -4.925615180777252466e-01 -4.625910112256366169e-01 -4.039346057217699792e-01 -3.467361515874509137e-01 -2.959560359914578664e-01 -2.861571980397043524e-01 -2.851552515086477335e-01 -2.841405066046590600e-01 -2.712584335063964458e-01 -2.674971456680041992e-01 -2.550398881829426534e-01 -2.480741652155240007e-01 -2.337687335720147197e-01 -2.328182194241606162e-01 -2.192593692697820118e-01 -2.123177491116440552e-01 -1.942583686010193045e-01 -1.872325027394740049e-01 -1.813976755879320168e-01 -1.738254560531813098e-01 -1.557177884603584694e-01 -1.522304152299155111e-01 -1.407301394046190646e-01 -1.340327067701326536e-01 -1.249021307614900100e-01 -1.154695585956555665e-01 -1.116636573692784823e-01 -1.012392376271861738e-01 -9.430116109599136209e-02 -9.189569718264588294e-02 -8.478990307300986184e-02 -7.967317094608383776e-02 -7.726769373591682588e-02 -7.652447465540782034e-02 -6.464277421421683878e-02 -2.680848208341463437e-03 2.680848208341386242e-03 6.464277421421633918e-02 7.652447465540718197e-02 7.726769373591675649e-02 7.967317094608326877e-02 8.478990307300807161e-02 9.189569718264682663e-02 9.430116109599030738e-02 1.012392376271848971e-01 1.116636573692793566e-01 1.154695585956531934e-01 1.249021307614873455e-01 1.340327067701323482e-01 1.407301394046173437e-01 1.522304152299156776e-01 1.557177884603582474e-01 1.738254560531815041e-01 1.813976755879325997e-01 1.872325027394731722e-01 1.942583686010183053e-01 2.123177491116448323e-01 2.192593692697806795e-01 2.328182194241614489e-01 2.337687335720161352e-01 2.480741652155247501e-01 2.550398881829435971e-01 2.674971456680057535e-01 2.712584335063989438e-01 2.841405066046564509e-01 2.851552515086469008e-01 2.861571980397051296e-01 2.959560359914590322e-01 3.467361515874483602e-01 4.039346057217696462e-01 4.625910112256371720e-01 4.925615180777206392e-01 4.929537406512398134e-01 5.003006063327644082e-01 5.047770411264673740e-01 5.135676943576101827e-01 5.191811843462205145e-01 5.289937038370153832e-01 5.327098236182035151e-01 5.454655425910232003e-01 5.533958528599948190e-01 5.617929609114177270e-01 5.773591973987333148e-01 5.894297828478171075e-01 5.903514980149957569e-01 5.919718653488155180e-01
-5.935401353946117009e-01 -5.905764855320135842e-01 -5.866008028179884315e-01 -5.789417587690021128e-01 -5.634273111341214779e-01 -5.545834747244010599e-01 -5.471337027947521525e-01 -5.320026980269219052e-01 -5.305719410252184298e-01 -5.177426704072143337e-01 -5.153094063830740978e-01 -5.063487574525922241e-01 -5.020163744038494968e-01 -4.946680946407868706e-01 -4.941573251243467912e-01 -4.587849934510189187e-01 -4.000961081328697766e-01 -3.430854583009939618e-01 -2.953834683262835936e-01 -2.873170185412243782e-01 -2.860778669143724251e-01 -2.860130398050867440e-01 -2.733841771321873226e-01 -2.690124735868282824e-01 -2.570354554277773929e-01 -2.499026646787813055e-01 -2.361113852877332608e-01 -2.305275357996333652e-01 -2.213620512595469159e-01 -2.145235434953029763e-01 -1.964240895759065963e-01 -1.893746862019774213e-01 -1.790197662335370199e-01 -1.764540750991023810e-01 -1.584266671144692606e-01 -1.542137182962180497e-01 -1.429808021021302944e-01 -1.324416943833301996e-01 -1.277782260662412850e-01 -1.171385337676740246e-01 -1.143293392528113434e-01 -1.041527822840735418e-01 -9.495026283761628938e-02 -9.340984240834930563e-02 -8.787736821504690821e-02 -8.280323960991649301e-02 -7.975315148872104409e-02 -7.738832655762233059e-02 -6.416961624802236530e-02 -2.733502902046343504e-03 2.733502902046289727e-03 6.416961624802274000e-02 7.738832655762134527e-02 7.975315148872061388e-02 8.280323960991721466e-02 8.787736821504599227e-02 9.340984240834916685e-02 9.495026283761835717e-02 1.041527822840736250e-01 1.143293392528118013e-01 1.171385337676756622e-01 1.277782260662407854e-01 1.324416943833301441e-01 1.429808021021325981e-01 1.542137182962195208e-01 1.584266671144721750e-01 1.764540750991026863e-01 1.790197662335370477e-01 1.893746862019781707e-01 1.964240895759114813e-01 2.145235434953022546e-01 2.213620512595508294e-01 2.305275357996330043e-01 2.361113852877345931e-01 2.499026646787798067e-01 2.570354554277769488e-01 2.690124735868263395e-01 2.733841771321874337e-01 2.860130398050880207e-01 2.860778669143755337e-01 2.873170185412260436e-01 2.953834683262868688e-01 3.430854583009936842e-01 4.000961081328707758e-01 4.587849934510159211e-01 4.941573251243481790e-01 4.946680946407858714e-01 5.020163744038464992e-01 5.063487574525901147e-01 5.153094063830744309e-01 5.177426704072095598e-01 5.305719410252209833e-01 5.320026980269176864e-01 5.471337027947518195e-01 5.545834747243936214e-01 5.634273111341200346e-01 5.789417587690046663e-01 5.866008028179884315e-01 5.905764855320120299e-01 5.935401353946138103e-01
-5.950517720015535694e-01 -5.916724498133786314e-01 -5.829371152688060942e-01 -5.803884962284177051e-01 -5.650080356513863533e-01 -5.556317759645743593e-01 -5.487460315111988285e-01 -5.327198828967485422e-01 -5.315805104691365690e-01 -5.170014969883355294e-01 -5.154355178472241894e-01 -5.078926302203686793e-01 -5.036358841371423312e-01 -4.963505511622504640e-01 -4.956202368770052935e-01 -4.549056055344429805e-01 -3.962362876789796151e-01 -3.394390627479978439e-01 -2.960478336607459404e-01 -2.894513504163888085e-01 -2.879977970207025506e-01 -2.850659183088278814e-01 -2.754362943463520841e-01 -2.700995777055868463e-01 -2.591231917744449831e-01 -2.518174849277619587e-01 -2.384243202385631089e-01 -2.282713261862362453e-01 -2.234615096693947367e-01 -2.164328849798806964e-01 -1.987620192921040196e-01 -1.914961922830171748e-01 -1.790604211917646293e-01 -1.765551441745524808e-01 -1.610810644539838465e-01 -1.560858328044126830e-01 -1.455707104457431289e-01 -1.309426669688062150e-01 -1.306327501755533971e-01 -1.189877979865162222e-01 -1.163456088806235911e-01 -1.071026093984991101e-01 -9.797819916017358466e-02 -9.305580576662798864e-02 -9.090702893643828886e-02 -8.590889885884445132e-02 -8.286877652500493352e-02 -7.712589019715070104e-02 -6.388691952851351108e-02 -2.674309298559400007e-03 2.674309298559456385e-03 6.388691952851346945e-02 7.712589019715060390e-02 8.286877652500553026e-02 8.590889885884436805e-02 9.090702893643907989e-02 9.305580576662664249e-02 9.797819916017330710e-02 1.071026093984971672e-01 1.163456088806237299e-01 1.189877979865141960e-01 1.306327501755541465e-01 1.309426669688065759e-01 1.455707104457408252e-01 1.560858328044133214e-01 1.610810644539799885e-01 1.765551441745522310e-01 1.790604211917651289e-01 1.914961922830187846e-01 1.987620192921022155e-01 2.164328849798825283e-01 2.234615096693948477e-01 2.282713261862374943e-01 2.384243202385619431e-01 2.518174849277632354e-01 2.591231917744435398e-01 2.700995777055856251e-01 2.754362943463539715e-01 2.850659183088306570e-01 2.879977970207032723e-01 2.894513504163879758e-01 2.960478336607474392e-01 3.394390627479997868e-01 3.962362876789761179e-01 4.549056055344417593e-01 4.956202368770077915e-01 4.963505511622471889e-01 5.036358841371448847e-01 5.078926302203682352e-01 5.154355178472239674e-01 5.170014969883343081e-01 5.315805104691347927e-01 5.327198828967475430e-01 5.487460315111981624e-01 5.556317759645711396e-01 5.650080356513882407e-01 5.803884962284192595e-01 5.829371152688095359e-01 5.916724498133809629e-01 5.950517720015554568e-01
-5.965053177633732329e-01 -5.927075308493587880e-01 -5.821377284407437402e-01 -5.790014061672338341e-01 -5.665334610788392844e-01 -5.564786796732470453e-01 -5.502986306541801653e-01 -5.341835306485569479e-01 -5.323374249325828478e-01 -5.186419915099631517e-01 -5.127818092704902186e-01 -5.093992669493619951e-01 -5.050823159494357562e-01 -4.979932377878944494e-01 -4.968623906180154037e-01 -4.509678625266516638e-01 -3.923566658380069350e-01 -3.358038650525283497e-01 -2.973921167323271830e-01 -2.915560445646576126e-01 -2.898880116329597412e-01 -2.842060273316140973e-01 -2.773961492456550326e-01 -2.704463538417123947e-01 -2.612463656979874260e-01 -2.537731066025762927e-01 -2.406981753763463572e-01 -2.265746695862340121e-01 -2.255489801091330460e-01 -2.176358128509346401e-01 -2.011626724601121297e-01 -1.935852190794583316e-01 -1.816373305309783859e-01 -1.742587626804971146e-01 -1.636439782076634097e-01 -1.577442119792484831e-01 -1.482461817755742484e-01 -1.334609405467319099e-01 -1.300929706362436156e-01 -1.213819358729889553e-01 -1.170485075822616933e-01 -1.100474941471797918e-01 -1.009751751614870185e-01 -9.418523331833741907e-02 -9.299635119475872791e-02 -8.898881750456077988e-02 -8.596579308664836772e-02 -7.636265058874201761e-02 -6.379775694700616506e-02 -2.500890884067676675e-03 2.500890884067848846e-03 6.379775694700651201e-02 7.636265058874196210e-02 8.596579308664752117e-02 8.898881750456152928e-02 9.299635119475768708e-02 9.418523331833794643e-02 1.009751751614881704e-01 1.100474941471814849e-01 1.170485075822611382e-01 1.213819358729907594e-01 1.300929706362447258e-01 1.334609405467330756e-01 1.482461817755751643e-01 1.577442119792497321e-01 1.636439782076640759e-01 1.742587626804979750e-01 1.816373305309766650e-01 1.935852190794578875e-01 2.011626724601121297e-01 2.176358128509355561e-01 2.255489801091355717e-01 2.265746695862340121e-01 2.406981753763458021e-01 2.537731066025767923e-01 2.612463656979857607e-01 2.704463538417137269e-01 2.773961492456560318e-01 2.842060273316140973e-01 2.898880116329571877e-01 2.915560445646583898e-01 2.973921167323282377e-01 3.358038650525274060e-01 3.923566658380060468e-01 4.509678625266497765e-01 4.968623906180107963e-01 4.979932377878965588e-01 5.050823159494390868e-01 5.093992669493649927e-01 5.127818092704926611e-01 5.186419915099657052e-01 5.323374249325797392e-01 5.341835306485567259e-01 5.502986306541809425e-01 5.564786796732488217e-01 5.665334610788393954e-01 5.790014061672330570e-01 5.821377284407426300e-01 5.927075308493586769e-01 5.965053177633767856e-01
-5.978992713529450720e-01 -5.936699750113255680e-01 -5.834972650302435726e-01 -5.756131553718165650e-01 -5.680019637858320092e-01 -5.570130049217021373e-01 -5.517836656726561317e-01 -5.356988677284428846e-01 -5.332649666190918403e-01 -5.202289652801129760e-01 -5.108612965349348389e-01 -5.105722612734874266e-01 -5.060532779644005830e-01 -4.995906796775431702e-01 -4.976644738976082061e-01 -4.469814919935359843e-01 -3.884587080765202760e-01 -3.321898482887055137e-01 -2.990265194651956504e-01 -2.936291714483275084e-01 -2.917350951697109118e-01 -2.841233410403897763e-01 -2.792565333212497780e-01 -2.697670462396500879e-01 -2.633758524516538468e-01 -2.557430886817809168e-01 -2.429205600032827983e-01 -2.276170818414766928e-01 -2.262399227887852415e-01 -2.174049361325592067e-01 -2.035810670502692654e-01 -1.956240404133038069e-01 -1.841766758076625599e-01 -1.725040086655900418e-01 -1.660108880430625766e-01 -1.589695780288569726e-01 -1.509402919289151157e-01 -1.362575804715230599e-01 -1.301574294239932206e-01 -1.240763299300827877e-01 -1.164927363960143319e-01 -1.129750103981878445e-01 -1.039323899579953636e-01 -9.710867405002582275e-02 -9.376637649771722705e-02 -9.204168822287681073e-02 -8.903754318746785745e-02 -7.518519809085544292e-02 -6.390033786338682187e-02 -2.216016261882840406e-03 2.216016261882668235e-03 6.390033786338773780e-02 7.518519809085573435e-02 8.903754318746774643e-02 9.204168822287503438e-02 9.376637649771647764e-02 9.710867405002839015e-02 1.039323899579964322e-01 1.129750103981887049e-01 1.164927363960150397e-01 1.240763299300829819e-01 1.301574294239942753e-01 1.362575804715235595e-01 1.509402919289150602e-01 1.589695780288578886e-01 1.660108880430601064e-01 1.725040086655905136e-01 1.841766758076675281e-01 1.956240404133033628e-01 2.035810670502706532e-01 2.174049361325613994e-01 2.262399227887844921e-01 2.276170818414753605e-01 2.429205600032810219e-01 2.557430886817798621e-01 2.633758524516508492e-01 2.697670462396487001e-01 2.792565333212498890e-01 2.841233410403896098e-01 2.917350951697125216e-01 2.936291714483259541e-01 2.990265194651964276e-01 3.321898482887032378e-01 3.884587080765164457e-01 4.469814919935319319e-01 4.976644738976054305e-01 4.995906796775423930e-01 5.060532779644018042e-01 5.105722612734868715e-01 5.108612965349343948e-01 5.202289652801143083e-01 5.332649666190912852e-01 5.356988677284423295e-01 5.517836656726552436e-01 5.570130049217091317e-01 5.680019637858311210e-01 5.756131553718176752e-01 5.834972650302482355e-01 5.936699750113250129e-01 5.978992713529447389e-01
-5.992320834964591780e-01 -5.945446537783630747e-01 -5.848516692302114794e-01 -5.726052996957006203e-01 -5.694119225976591592e-01 -5.570468994475458180e-01 -5.531770629921879401e-01 -5.371798780512452298e-01 -5.342992449812722366e-01 -5.217604399171330565e-01 -5.122722344680454842e-01 -5.101032487009247163e-01 -5.059166895532799524e-01 -5.011385948784825572e-01 -4.975078176980763378e-01 -4.429531487137646217e-01 -3.845438810287790665e-01 -3.286122375095670289e-01 -3.007806821898449945e-01 -2.956688219390645744e-01 -2.935220365913646656e-01 -2.849133389347433543e-01 -2.810426144628951350e-01 -2.681277161640724938e-01 -2.654947974255948973e-01 -2.577112690581295218e-01 -2.450718433231670046e-01 -2.296585132383578975e-01 -2.273241319936923632e-01 -2.157524783253072509e-01 -2.059952420546465046e-01 -1.975810650206633878e-01 -1.866669087624789614e-01 -1.720134849158868051e-01 -1.678897101655844326e-01 -1.593591345675730853e-01 -1.536284717678414180e-01 -1.390152222662387749e-01 -1.310213646887092021e-01 -1.268500358541667095e-01 -1.158795150924268463e-01 -1.150647588034734714e-01 -1.068227196025444276e-01 -1.000908189303264112e-01 -9.506594267452048164e-02 -9.483042809656579142e-02 -9.208223892228083185e-02 -7.372249653368841138e-02 -6.418830138116625450e-02 -1.827538161880764298e-03 1.827538161880625954e-03 6.418830138116596307e-02 7.372249653368823097e-02 9.208223892228029062e-02 9.483042809656595795e-02 9.506594267451996816e-02 1.000908189303247042e-01 1.068227196025433867e-01 1.150647588034739155e-01 1.158795150924251255e-01 1.268500358541656825e-01 1.310213646887080641e-01 1.390152222662367210e-01 1.536284717678405298e-01 1.593591345675717530e-01 1.678897101655846547e-01 1.720134849158863888e-01 1.866669087624799050e-01 1.975810650206623886e-01 2.059952420546456719e-01 2.157524783253086942e-01 2.273241319936917249e-01 2.296585132383582306e-01 2.450718433231699189e-01 2.577112690581290222e-01 2.654947974255979504e-01 2.681277161640719942e-01 2.810426144628951906e-01 2.849133389347433543e-01 2.935220365913644436e-01 2.956688219390641303e-01 3.007806821898455496e-01 3.286122375095667514e-01 3.845438810287782894e-01 4.429531487137692847e-01 4.975078176980752276e-01 5.011385948784867761e-01 5.059166895532755115e-01 5.101032487009237171e-01 5.122722344680444850e-01 5.217604399171348328e-01 5.342992449812739020e-01 5.371798780512460070e-01 5.531770629921859417e-01 5.570468994475438196e-01 5.694119225976592702e-01 5.726052996956987329e-01 5.848516692302025977e-01 5.945446537783628527e-01 5.992320834964556253e-01
-6.005021508964554222e-01 -5.953101477668637509e-01 -5.861538212681718374e-01 -5.707616907580809196e-01 -5.703365612868649404e-01 -5.564283926003282810e-01 -5.543236968394744668e-01 -5.386109498636419968e-01 -5.353768251499935182e-01 -5.232342711842432603e-01 -5.136256394490432697e-01 -5.110198516914848943e-01 -5.056876611923456499e-01 -5.026332436777106727e-01 -4.958063363214170183e-01 -4.388875986333035106e-01 -3.806137123603587913e-01 -3.250956581567276404e-01 -3.025808064917997475e-01 -2.976729749796534485e-01 -2.952239904524172065e-01 -2.862755418345532266e-01 -2.828004127287476743e-01 -2.675920791941877042e-01 -2.658926021238665616e-01 -2.596668875764889806e-01 -2.471154097924965209e-01 -2.316646761438514723e-01 -2.290924713700735471e-01 -2.135139123406804285e-01 -2.083925850761627063e-01 -1.993902526709126766e-01 -1.890878621993168085e-01 -1.732571560791748289e-01 -1.691729402664183812e-01 -1.585744490241129956e-01 -1.562990461756908200e-01 -1.417201075633268414e-01 -1.323914816444623777e-01 -1.296360062908279986e-01 -1.187575029297488621e-01 -1.133045426549133677e-01 -1.094782780403239092e-01 -1.030553830468259324e-01 -9.805912250776814554e-02 -9.615120365390764090e-02 -9.509870649702584222e-02 -7.209302556188894318e-02 -6.465114366506921617e-02 -1.348025536376345340e-03 1.348025536376499947e-03 6.465114366506945209e-02 7.209302556188909583e-02 9.509870649702592549e-02 9.615120365390776580e-02 9.805912250776814554e-02 1.030553830468266124e-01 1.094782780403245892e-01 1.133045426549128681e-01 1.187575029297496670e-01 1.296360062908266664e-01 1.323914816444630438e-01 1.417201075633260365e-01 1.562990461756924854e-01 1.585744490241139670e-01 1.691729402664174653e-01 1.732571560791738019e-01 1.890878621993153375e-01 1.993902526709115663e-01 2.083925850761608467e-01 2.135139123406816219e-01 2.290924713700720206e-01 2.316646761438498348e-01 2.471154097924956605e-01 2.596668875764891471e-01 2.658926021238652293e-01 2.675920791941868160e-01 2.828004127287482294e-01 2.862755418345538927e-01 2.952239904524189829e-01 2.976729749796532820e-01 3.025808064917995255e-01 3.250956581567306936e-01 3.806137123603598460e-01 4.388875986333026225e-01 4.958063363214234576e-01 5.026332436777102286e-01 5.056876611923407649e-01 5.110198516914858935e-01 5.136256394490427146e-01 5.232342711842450367e-01 5.353768251499962938e-01 5.386109498636404425e-01 5.543236968394753550e-01 5.564283926003306124e-01 5.703365612868651624e-01 5.707616907580790322e-01 5.861538212681721705e-01 5.953101477668580888e-01 6.005021508964524246e-01
-6.017078056235837247e-01 -5.959334532136948415e-01 -5.873960874153333345e-01 -5.720495743460630722e-01 -5.690349861172725454e-01 -5.564083788465776781e-01 -5.537572050854430161e-01 -5.399863920616883028e-01 -5.364593150934584553e-01 -5.246479771121121960e-01 -5.149142641797997966e-01 -5.122674239696849430e-01 -5.061873317714596920e-01 -5.040709987640797918e-01 -4.928320958978933963e-01 -4.347883935646152942e-01 -3.766698604731186228e-01 -3.216826193837289960e-01 -3.043911910611019622e-01 -2.996393765176372237e-01 -2.967999907089795553e-01 -2.879226190521323447e-01 -2.845584105286986798e-01 -2.696591855011317707e-01 -2.634400257265882561e-01 -2.616019964927449037e-01 -2.489713657846750194e-01 -2.336235046333854093e-01 -2.311123111808545127e-01 -2.113303223190294566e-01 -2.107645557191535624e-01 -2.008943605816879419e-01 -1.913965704559342229e-01 -1.753856952910316791e-01 -1.705248836926153977e-01 -1.589451012993733370e-01 -1.568397874517017121e-01 -1.443388207596792705e-01 -1.340428444981580924e-01 -1.324115368764979539e-01 -1.216061153962743890e-01 -1.134103313602292940e-01 -1.099592701922852828e-01 -1.059941084770957831e-01 -1.010152301704148742e-01 -9.808643455233749531e-02 -9.765176222310172072e-02 -7.038623621099410199e-02 -6.527473140034462107e-02 -7.941651596857137591e-04 7.941651596858877735e-04 6.527473140034413535e-02 7.038623621099400485e-02 9.765176222310030518e-02 9.808643455233574671e-02 1.010152301704153877e-01 1.059941084770953112e-01 1.099592701922841032e-01 1.134103313602309177e-01 1.216061153962764430e-01 1.324115368764966771e-01 1.340428444981593969e-01 1.443388207596785766e-01 1.568397874517012125e-01 1.589451012993748635e-01 1.705248836926180067e-01 1.753856952910332057e-01 1.913965704559353886e-01 2.008943605816862488e-01 2.107645557191535624e-01 2.113303223190309277e-01 2.311123111808541519e-01 2.336235046333838827e-01 2.489713657846759909e-01 2.616019964927450703e-01 2.634400257265880341e-01 2.696591855011336580e-01 2.845584105287011223e-01 2.879226190521317896e-01 2.967999907089813871e-01 2.996393765176354473e-01 3.043911910611038496e-01 3.216826193837323267e-01 3.766698604731138489e-01 4.347883935646189579e-01 4.928320958978905653e-01 5.040709987640746848e-01 5.061873317714605802e-01 5.122674239696834997e-01 5.149142641797976871e-01 5.246479771121161928e-01 5.364593150934602317e-01 5.399863920616854163e-01 5.537572050854450145e-01 5.564083788465805647e-01 5.690349861172711021e-01 5.720495743460639604e-01 5.873960874153304479e-01 5.959334532136939533e-01 6.017078056235860561e-01
-6.028472933392514665e-01 -5.963598712133002522e-01 -5.885750995080111236e-01 -5.732738091120046509e-01 -5.685832764368277115e-01 -5.574779073650895089e-01 -5.511145288435376211e-01 -5.413029685700154747e-01 -5.375231613347672965e-01 -5.259984020125764159e-01 -5.161288866040046885e-01 -5.135663233109165615e-01 -5.070888591583226912e-01 -5.054479595667662473e-01 -4.892122939172151019e-01 -4.306582770392248793e-01 -3.727142035285141985e-01 -3.184515709573194076e-01 -3.061922587747158420e-01 -3.015653768177491423e-01 -2.981754694246922521e-01 -2.896943345145405746e-01 -2.863201180105319765e-01 -2.716884054703185281e-01 -2.635099717906536632e-01 -2.611588821572984331e-01 -2.504399808721479159e-01 -2.355149409594860521e-01 -2.332232854831171598e-01 -2.131042256162277715e-01 -2.098319401925517191e-01 -2.017415981937127345e-01 -1.934799217519666270e-01 -1.777560859036647900e-01 -1.721508850408064728e-01 -1.615615612301188331e-01 -1.547120781518139809e-01 -1.467562259600719565e-01 -1.358485494358275258e-01 -1.351667384543476236e-01 -1.244223575665043685e-01 -1.159387422471769707e-01 -1.089040545112153896e-01 -1.078826792283357067e-01 -1.039009740555250777e-01 -1.010435064918414061e-01 -9.927712966029614283e-02 -6.866622896905137663e-02 -6.604176807026690410e-02 -1.860304190745527624e-04 1.860304190744735344e-04 6.604176807026752860e-02 6.866622896905159867e-02 9.927712966029658692e-02 1.010435064918412812e-01 1.039009740555252165e-01 1.078826792283354152e-01 1.089040545112152231e-01 1.159387422471798157e-01 1.244223575665049653e-01 1.351667384543477624e-01 1.358485494358287748e-01 1.467562259600715679e-01 1.547120781518152022e-01 1.615615612301209980e-01 1.721508850408062785e-01 1.777560859036654561e-01 1.934799217519643233e-01 2.017415981937094593e-01 2.098319401925554384e-01 2.131042256162324344e-01 2.332232854831169655e-01 2.355149409594860521e-01 2.504399808721472498e-01 2.611588821572994323e-01 2.635099717906516092e-01 2.716884054703181950e-01 2.863201180105320320e-01 2.896943345145384097e-01 2.981754694246910864e-01 3.015653768177498084e-01 3.061922587747153424e-01 3.184515709573191855e-01 3.727142035285133104e-01 4.306582770392239912e-01 4.892122939172165452e-01 5.054479595667692449e-01 5.070888591583219140e-01 5.135663233109185599e-01 5.161288866040059098e-01 5.259984020125740845e-01 5.375231613347668524e-01 5.413029685700155857e-01 5.511145288435350675e-01 5.574779073650925065e-01 5.685832764368260461e-01 5.732738091120028745e-01 5.885750995080123449e-01 5.963598712132990309e-01 6.028472933392506894e-01
-6.039187195168010946e-01 -5.964938400555112041e-01 -5.896884812723559577e-01 -5.744325264231895378e-01 -5.686645336279529950e-01 -5.586323588004311613e-01 -5.477326038618920423e-01 -5.425582531862410685e-01 -5.385528967171809844e-01 -5.272809307960981684e-01 -5.172562878949008569e-01 -5.148480422900181264e-01 -5.081403512787832089e-01 -5.067594586346375607e-01 -4.852785853124098048e-01 -4.264994403714872928e-01 -3.687489620520274514e-01 -3.155542577693569717e-01 -3.079718531605720178e-01 -3.034476726168764404e-01 -2.992061017509295984e-01 -2.915126356748903302e-01 -2.880779960477494739e-01 -2.736713705594681634e-01 -2.653844780905907919e-01 -2.596584390180322610e-01 -2.510431753374227082e-01 -2.372995843070116462e-01 -2.353617203642513478e-01 -2.154047371578093895e-01 -2.096645935620315426e-01 -2.017116213242353684e-01 -1.949795838884309795e-01 -1.801870406329958429e-01 -1.739485239124294036e-01 -1.641437678289682511e-01 -1.530893528796731240e-01 -1.483624011839816403e-01 -1.378967125922850312e-01 -1.377397105632221230e-01 -1.272022092962120932e-01 -1.187029106601723838e-01 -1.117833694077298573e-01 -1.071152886859610687e-01 -1.051141259431625924e-01 -1.039696937269115329e-01 -1.009872205603947193e-01 -6.698002444129284860e-02 -6.693203439395463417e-02 -4.536963003615930340e-04 4.536963003615622427e-04 6.693203439395467580e-02 6.698002444129307065e-02 1.009872205603946915e-01 1.039696937269125737e-01 1.051141259431633140e-01 1.071152886859600140e-01 1.117833694077283030e-01 1.187029106601719536e-01 1.272022092962095119e-01 1.377397105632220120e-01 1.378967125922846426e-01 1.483624011839812240e-01 1.530893528796708480e-01 1.641437678289660307e-01 1.739485239124289040e-01 1.801870406329978136e-01 1.949795838884320065e-01 2.017116213242330092e-01 2.096645935620313761e-01 2.154047371578087788e-01 2.353617203642540123e-01 2.372995843070141164e-01 2.510431753374209318e-01 2.596584390180311508e-01 2.653844780905915690e-01 2.736713705594699952e-01 2.880779960477486967e-01 2.915126356748915515e-01 2.992061017509301535e-01 3.034476726168776062e-01 3.079718531605719622e-01 3.155542577693547512e-01 3.687489620520232880e-01 4.264994403714935101e-01 4.852785853124132465e-01 5.067594586346394481e-01 5.081403512787819876e-01 5.148480422900183484e-01 5.172562878949026333e-01 5.272809307960988345e-01 5.385528967171780979e-01 5.425582531862437330e-01 5.477326038618955950e-01 5.586323588004341589e-01 5.686645336279565477e-01 5.744325264231920913e-01 5.896884812723580671e-01 5.964938400555096498e-01 6.039187195167986522e-01
-6.049198819544490124e-01 -5.961681485796698210e-01 -5.907341593354171749e-01 -5.755236899557295560e-01 -5.690228052047626717e-01 -5.597514763415716299e-01 -5.440155936888552146e-01 -5.437501239258364372e-01 -5.395374779308725888e-01 -5.284872841972600988e-01 -5.182751944140963074e-01 -5.160887422331016383e-01 -5.092334461037838489e-01 -5.079992226227327823e-01 -4.811690854856792710e-01 -4.223136916093782611e-01 -3.647768785579618700e-01 -3.132709564043728578e-01 -3.097214018056955176e-01 -3.052818820396960287e-01 -2.996249458941053212e-01 -2.933385693798890581e-01 -2.898226630239020829e-01 -2.755972352492086497e-01 -2.672184700100780352e-01 -2.595785117099170813e-01 -2.502859855825100843e-01 -2.388855262487198927e-01 -2.374979752347562978e-01 -2.176577563002014826e-01 -2.106438757938046691e-01 -2.019036901591897415e-01 -1.950138337623363582e-01 -1.826238506359347258e-01 -1.758342599201361267e-01 -1.666863463648523003e-01 -1.538019774050336796e-01 -1.474727248893710485e-01 -1.405969825577402521e-01 -1.396785030490384494e-01 -1.299386264077365127e-01 -1.214814939389268905e-01 -1.146304489192873088e-01 -1.098377267091899395e-01 -1.068638848834708444e-01 -1.027533569962014171e-01 -1.027433756798365599e-01 -6.792218119870797877e-02 -6.536415587664787252e-02 -1.100497248828006354e-03 1.100497248828163997e-03 6.536415587664794191e-02 6.792218119870802040e-02 1.027433756798364350e-01 1.027533569962013754e-01 1.068638848834712607e-01 1.098377267091909248e-01 1.146304489192857129e-01 1.214814939389230880e-01 1.299386264077363740e-01 1.396785030490386159e-01 1.405969825577410848e-01 1.474727248893706599e-01 1.538019774050327082e-01 1.666863463648532440e-01 1.758342599201377920e-01 1.826238506359356972e-01 1.950138337623355811e-01 2.019036901591897692e-01 2.106438757938085826e-01 2.176577563002011773e-01 2.374979752347559925e-01 2.388855262487198372e-01 2.502859855825094737e-01 2.595785117099153050e-01 2.672184700100786459e-01 2.755972352492085387e-01 2.898226630239028601e-01 2.933385693798917226e-01 2.996249458941054322e-01 3.052818820396973054e-01 3.097214018056965168e-01 3.132709564043734130e-01 3.647768785579626472e-01 4.223136916093829241e-01 4.811690854856771615e-01 5.079992226227345586e-01 5.092334461037844040e-01 5.160887422331035257e-01 5.182751944140975287e-01 5.284872841972625412e-01 5.395374779308710345e-01 5.437501239258366592e-01 5.440155936888508847e-01 5.597514763415739614e-01 5.690228052047604512e-01 5.755236899557309993e-01 5.907341593354114018e-01 5.961681485796685998e-01 6.049198819544443495e-01
-6.058475326142166439e-01 -5.951268971087196880e-01 -5.917101537748523654e-01 -5.765449547051196832e-01 -5.695097236713220212e-01 -5.608141377945985440e-01 -5.448765690662780159e-01 -5.404682504487726691e-01 -5.401923893494434692e-01 -5.295976219952253095e-01 -5.191472050826069218e-01 -5.172774249368611299e-01 -5.103196782534820120e-01 -5.091576466686118518e-01 -4.769459576085102182e-01 -4.181025722136808564e-01 -3.608014953726990104e-01 -3.119715081658918643e-01 -3.114339821246075446e-01 -3.070618928482308774e-01 -2.990862105559076722e-01 -2.951509734633842585e-01 -2.915457176701969355e-01 -2.774494519472379128e-01 -2.690027847184608412e-01 -2.606316927713109299e-01 -2.487409834779605033e-01 -2.400240544116656050e-01 -2.396159374507899897e-01 -2.198509506775904732e-01 -2.121515027620880789e-01 -2.032181688175445922e-01 -1.933222135511286632e-01 -1.850449969337566725e-01 -1.777614140947510191e-01 -1.691815143581213154e-01 -1.559395414717481276e-01 -1.450840947709328699e-01 -1.432657534997982263e-01 -1.416400878976695477e-01 -1.326147036875776064e-01 -1.242426228591639314e-01 -1.174435976845996377e-01 -1.126597658161780230e-01 -1.097250808193305227e-01 -1.045526527059414124e-01 -1.002465623111532811e-01 -6.898476917383992990e-02 -6.384886139122901427e-02 -1.728784412684713362e-03 1.728784412684653731e-03 6.384886139122958326e-02 6.898476917384001317e-02 1.002465623111527537e-01 1.045526527059390254e-01 1.097250808193317023e-01 1.126597658161759691e-01 1.174435976845977364e-01 1.242426228591616832e-01 1.326147036875779117e-01 1.416400878976698807e-01 1.432657534997978654e-01 1.450840947709315099e-01 1.559395414717480999e-01 1.691815143581227032e-01 1.777614140947505750e-01 1.850449969337548406e-01 1.933222135511279971e-01 2.032181688175434542e-01 2.121515027620891614e-01 2.198509506775871425e-01 2.396159374507880191e-01 2.400240544116629959e-01 2.487409834779625850e-01 2.606316927713128728e-01 2.690027847184590648e-01 2.774494519472386345e-01 2.915457176701984898e-01 2.951509734633842585e-01 2.990862105559064510e-01 3.070618928482313770e-01 3.114339821246049911e-01 3.119715081658913092e-01 3.608014953726978447e-01 4.181025722136850753e-01 4.769459576085179897e-01 5.091576466686060787e-01 5.103196782534833442e-01 5.172774249368622401e-01 5.191472050826089202e-01 5.295976219952260866e-01 5.401923893494441353e-01 5.404682504487724470e-01 5.448765690662800143e-01 5.608141377946037620e-01 5.695097236713240196e-01 5.765449547051200163e-01 5.917101537748543638e-01 5.951268971087197990e-01 6.058475326142137574e-01
-6.066907726366878029e-01 -5.931256883633597710e-01 -5.926144978683629549e-01 -5.774932908643862772e-01 -5.700447350859384477e-01 -5.618128069736089136e-01 -5.459355976220162665e-01 -5.413377080663307472e-01 -5.365096728049828512e-01 -5.305389422335192728e-01 -5.197948513104151402e-01 -5.184077602984338284e-01 -5.113744828637493134e-01 -5.102176649877968595e-01 -4.726407319591467981e-01 -4.138674418849227488e-01 -3.568276074830338818e-01 -3.131031271102155955e-01 -3.117807653470293094e-01 -3.087791946311203573e-01 -2.975099490184952011e-01 -2.969370277827550475e-01 -2.932400131540406907e-01 -2.791987032477705188e-01 -2.707234937254329732e-01 -2.621781589067824769e-01 -2.476843231055082251e-01 -2.417054325683252181e-01 -2.401142376630369668e-01 -2.219623334786244850e-01 -2.138623840737382820e-01 -2.051100612429092307e-01 -1.907967630797334224e-01 -1.874397710884232737e-01 -1.797035855837796625e-01 -1.716151425386832907e-01 -1.583478809139227117e-01 -1.459005399316497253e-01 -1.436081768108051215e-01 -1.424544562887771759e-01 -1.351673979872917986e-01 -1.269765471556878467e-01 -1.202206647684136293e-01 -1.154617386362638276e-01 -1.125522513929468754e-01 -1.063646010728287322e-01 -9.778694832631149025e-02 -7.008606932804678502e-02 -6.246044224727839017e-02 -2.312691591708084839e-03 2.312691591707942591e-03 6.246044224727882038e-02 7.008606932804664624e-02 9.778694832631189271e-02 1.063646010728300090e-01 1.125522513929443497e-01 1.154617386362612047e-01 1.202206647684131852e-01 1.269765471556891789e-01 1.351673979872906051e-01 1.424544562887756216e-01 1.436081768108054268e-01 1.459005399316499751e-01 1.583478809139242105e-01 1.716151425386835128e-01 1.797035855837767204e-01 1.874397710884252444e-01 1.907967630797365033e-01 2.051100612429070935e-01 2.138623840737399195e-01 2.219623334786244850e-01 2.401142376630357178e-01 2.417054325683231919e-01 2.476843231055077255e-01 2.621781589067775364e-01 2.707234937254341944e-01 2.791987032477702968e-01 2.932400131540414123e-01 2.969370277827557136e-01 2.975099490184953677e-01 3.087791946311176372e-01 3.117807653470273666e-01 3.131031271102144298e-01 3.568276074830370459e-01 4.138674418849202508e-01 4.726407319591459100e-01 5.102176649878005232e-01 5.113744828637516449e-01 5.184077602984327182e-01 5.197948513104132529e-01 5.305389422335214933e-01 5.365096728049837393e-01 5.413377080663326346e-01 5.459355976220185980e-01 5.618128069736086916e-01 5.700447350859381146e-01 5.774932908643873875e-01 5.926144978683641762e-01 5.931256883633607702e-01 6.066907726366906894e-01
-6.069507136418289539e-01 -5.934452012482606120e-01 -5.901641002397580715e-01 -5.783637137324477706e-01 -5.705825448698389479e-01 -5.627433319821533164e-01 -5.469251882294783318e-01 -5.421385982015275440e-01 -5.337096785968205026e-01 -5.308135941874305708e-01 -5.200496731240114023e-01 -5.194753946275504353e-01 -5.123837053380999595e-01 -5.111431726176680623e-01 -4.682711327610233343e-01 -4.096095442326477265e-01 -3.528620430283447851e-01 -3.147218000221023160e-01 -3.124065847876024704e-01 -3.104236419488448639e-01 -2.986879398692495191e-01 -2.952769596041154854e-01 -2.948992480601932975e-01 -2.807852171168024324e-01 -2.723558728930689510e-01 -2.639058034877179160e-01 -2.479246657575372437e-01 -2.437589550168065278e-01 -2.387145575872302861e-01 -2.239445484634439432e-01 -2.156505510817265103e-01 -2.071870677897161839e-01 -1.898015855343406222e-01 -1.879940001817484996e-01 -1.816445618352853231e-01 -1.739544456811272233e-01 -1.608064592160653172e-01 -1.484991230628161241e-01 -1.455698627226575947e-01 -1.403443385235191854e-01 -1.370879990406475013e-01 -1.296787266109499515e-01 -1.229581596050893511e-01 -1.182329268926090027e-01 -1.153443095473735275e-01 -1.081676746630591546e-01 -9.542014217113334307e-02 -7.118180469588596126e-02 -6.122235848397879904e-02 -2.826950329740827040e-03 2.826950329740739436e-03 6.122235848397845209e-02 7.118180469588644699e-02 9.542014217113362062e-02 1.081676746630579472e-01 1.153443095473730556e-01 1.182329268926083643e-01 1.229581596050881159e-01 1.296787266109491188e-01 1.370879990406464743e-01 1.403443385235213225e-01 1.455698627226574005e-01 1.484991230628149028e-01 1.608064592160647899e-01 1.739544456811271955e-01 1.816445618352867108e-01 1.879940001817477779e-01 1.898015855343387903e-01 2.071870677897152402e-01 2.156505510817266213e-01 2.239445484634420835e-01 2.387145575872329506e-01 2.437589550168073882e-01 2.479246657575390478e-01 2.639058034877193593e-01 2.723558728930682848e-01 2.807852171168026545e-01 2.948992480601941857e-01 2.952769596041178168e-01 2.986879398692505183e-01 3.104236419488446974e-01 3.124065847876029145e-01 3.147218000221032042e-01 3.528620430283449516e-01 4.096095442326517788e-01 4.682711327610297736e-01 5.111431726176655088e-01 5.123837053381028461e-01 5.194753946275538770e-01 5.200496731240099590e-01 5.308135941874336794e-01 5.337096785968248325e-01 5.421385982015286542e-01 5.469251882294765554e-01 5.627433319821527613e-01 5.705825448698396141e-01 5.783637137324466604e-01 5.901641002397569613e-01 5.934452012482619443e-01 6.069507136418301751e-01
-6.063490379337805880e-01 -5.942002297066607541e-01 -5.865037137907609388e-01 -5.791429916106222153e-01 -5.710958902909593071e-01 -5.636026918118275386e-01 -5.478432496932676976e-01 -5.428630854297702424e-01 -5.334211444637187993e-01 -5.292309329225223236e-01 -5.204768870411671244e-01 -5.195881308044436597e-01 -5.133381380029742314e-01 -5.118399747592234927e-01 -4.638479690308472958e-01 -4.053300618225154639e-01 -3.489150969482167075e-01 -3.162810761686644101e-01 -3.134915309494982760e-01 -3.119891450108461251e-01 -3.003967868458989887e-01 -2.965174115451852943e-01 -2.929338150703461596e-01 -2.820724394931538592e-01 -2.738484461200653142e-01 -2.656945454885349389e-01 -2.490356967188963877e-01 -2.457699551770409496e-01 -2.365016794570144187e-01 -2.256720299522821105e-01 -2.174630609812109316e-01 -2.093169817896676499e-01 -1.921254592831623254e-01 -1.852081089007634740e-01 -1.835732862362299822e-01 -1.760958173425581363e-01 -1.632620474064044869e-01 -1.510591010572094328e-01 -1.475132700526726182e-01 -1.412830720730415823e-01 -1.359366329529995421e-01 -1.323463111898834643e-01 -1.256478288102843288e-01 -1.209698489170285274e-01 -1.181000625885345601e-01 -1.099347191135474494e-01 -9.320907650303167369e-02 -7.220960230187345452e-02 -6.015544974591522515e-02 -3.247899805562947349e-03 3.247899805563170261e-03 6.015544974591487820e-02 7.220960230187331574e-02 9.320907650303163205e-02 1.099347191135457980e-01 1.181000625885330474e-01 1.209698489170283192e-01 1.256478288102836627e-01 1.323463111898843247e-01 1.359366329530002360e-01 1.412830720730427758e-01 1.475132700526707585e-01 1.510591010572074622e-01 1.632620474064032934e-01 1.760958173425606343e-01 1.835732862362294548e-01 1.852081089007640846e-01 1.921254592831616870e-01 2.093169817896700369e-01 2.174630609812134019e-01 2.256720299522814999e-01 2.365016794570159453e-01 2.457699551770392288e-01 2.490356967188977200e-01 2.656945454885348279e-01 2.738484461200662023e-01 2.820724394931513612e-01 2.929338150703427734e-01 2.965174115451857384e-01 3.003967868458990442e-01 3.119891450108444597e-01 3.134915309494980540e-01 3.162810761686643546e-01 3.489150969482145426e-01 4.053300618225140206e-01 4.638479690308454639e-01 5.118399747592147220e-01 5.133381380029699015e-01 5.195881308044428826e-01 5.204768870411655701e-01 5.292309329225235448e-01 5.334211444637170230e-01 5.428630854297713526e-01 5.478432496932699181e-01 5.636026918118288709e-01 5.710958902909598622e-01 5.791429916106244358e-01 5.865037137907634923e-01 5.942002297066666383e-01 6.063490379337782565e-01
-6.060524026498277372e-01 -5.948774915465155910e-01 -5.825118611687433168e-01 -5.797353033896569530e-01 -5.715670139525866889e-01 -5.643883013828624451e-01 -5.486875767331504949e-01 -5.435017004660802620e-01 -5.340892754804317244e-01 -5.278291086446281755e-01 -5.214092221936462712e-01 -5.182405410430052095e-01 -5.142310643209219156e-01 -5.120042789448153719e-01 -4.593782703764086039e-01 -4.010301670440438726e-01 -3.450033725600167855e-01 -3.177678076335275770e-01 -3.148065222202219293e-01 -3.134825037433482953e-01 -3.020572406846215863e-01 -2.980881348980863876e-01 -2.911198066219698455e-01 -2.827658516767324604e-01 -2.750751756733055831e-01 -2.674932985397903695e-01 -2.504802043160500591e-01 -2.477316001622454356e-01 -2.344642075666415471e-01 -2.267480075368477344e-01 -2.192741634062851941e-01 -2.114506199590737434e-01 -1.944067653925272421e-01 -1.854812392571345003e-01 -1.830006309824736555e-01 -1.775604388129544686e-01 -1.656955024879409044e-01 -1.535775108036117331e-01 -1.494252108859621953e-01 -1.436257261174163635e-01 -1.349770653641543527e-01 -1.334534272651345388e-01 -1.282530769700337969e-01 -1.236705036446731909e-01 -1.208180548056026898e-01 -1.116246064528085974e-01 -9.124370762723292561e-02 -7.307731944782799860e-02 -5.927754932347041594e-02 -3.554641128692835779e-03 3.554641128692618939e-03 5.927754932347045758e-02 7.307731944782737410e-02 9.124370762723214845e-02 1.116246064528075843e-01 1.208180548056041193e-01 1.236705036446735240e-01 1.282530769700332418e-01 1.334534272651329012e-01 1.349770653641505225e-01 1.436257261174160027e-01 1.494252108859596695e-01 1.535775108036116499e-01 1.656955024879402938e-01 1.775604388129556066e-01 1.830006309824737110e-01 1.854812392571352497e-01 1.944067653925258266e-01 2.114506199590732438e-01 2.192741634062847222e-01 2.267480075368489834e-01 2.344642075666432124e-01 2.477316001622476005e-01 2.504802043160495040e-01 2.674932985397875940e-01 2.750751756733078590e-01 2.827658516767297403e-01 2.911198066219710112e-01 2.980881348980888856e-01 3.020572406846229740e-01 3.134825037433492390e-01 3.148065222202229285e-01 3.177678076335267443e-01 3.450033725600166745e-01 4.010301670440422073e-01 4.593782703764087705e-01 5.120042789448141507e-01 5.142310643209205834e-01 5.182405410430018788e-01 5.214092221936428295e-01 5.278291086446260660e-01 5.340892754804289488e-01 5.435017004660754880e-01 5.486875767331479414e-01 5.643883013828623341e-01 5.715670139525920179e-01 5.797353033896596175e-01 5.825118611687438719e-01 5.948774915465144808e-01 6.060524026498299577e-01
-6.059203993195321214e-01 -5.954748256384803096e-01 -5.807959270234709370e-01 -5.777177213253552601e-01 -5.719833340061137861e-01 -5.650977458660128017e-01 -5.494557810951876675e-01 -5.440416649356185630e-01 -5.348355719971977784e-01 -5.273666333590876221e-01 -5.222695503955713248e-01 -5.169706751304903314e-01 -5.150570266843812473e-01 -5.107962310145032214e-01 -4.548668506821729185e-01 -3.967110745317743437e-01 -3.411559626063480621e-01 -3.191595506031085216e-01 -3.162201566542796605e-01 -3.149200885188425669e-01 -3.036625587327383968e-01 -2.996037976281949455e-01 -2.905055067662659640e-01 -2.826464388090199065e-01 -2.756984135638487210e-01 -2.692768109284209843e-01 -2.520398234240285307e-01 -2.496353513525898515e-01 -2.337661826295555079e-01 -2.262560482477819490e-01 -2.210694286768204730e-01 -2.135657148340550371e-01 -1.966402358224267066e-01 -1.873608535942628273e-01 -1.829306258006840880e-01 -1.768400444969146501e-01 -1.680976815244565326e-01 -1.560500529986550144e-01 -1.512878137823333025e-01 -1.460972871531213413e-01 -1.375689151566706070e-01 -1.317300965502375409e-01 -1.300372765239908857e-01 -1.263333260083200904e-01 -1.234957808055268252e-01 -1.131643372610962872e-01 -8.965461467181252975e-02 -7.365157616764002324e-02 -5.860272336776752022e-02 -3.730278021859781412e-03 3.730278021859651742e-03 5.860272336776747165e-02 7.365157616763923221e-02 8.965461467181173871e-02 1.131643372610952603e-01 1.234957808055256318e-01 1.263333260083206733e-01 1.300372765239899142e-01 1.317300965502378740e-01 1.375689151566691359e-01 1.460972871531213135e-01 1.512878137823330804e-01 1.560500529986556528e-01 1.680976815244577260e-01 1.768400444969151775e-01 1.829306258006850594e-01 1.873608535942608844e-01 1.966402358224281222e-01 2.135657148340578404e-01 2.210694286768223049e-01 2.262560482477828927e-01 2.337661826295570067e-01 2.496353513525894907e-01 2.520398234240275315e-01 2.692768109284206512e-01 2.756984135638478883e-01 2.826464388090213498e-01 2.905055067662647428e-01 2.996037976281940018e-01 3.036625587327387299e-01 3.149200885188417343e-01 3.162201566542779951e-01 3.191595506031086327e-01 3.411559626063452866e-01 3.967110745317702913e-01 4.548668506821678115e-01 5.107962310145045537e-01 5.150570266843776945e-01 5.169706751304885550e-01 5.222695503955748775e-01 5.273666333590854016e-01 5.348355719972014422e-01 5.440416649356200063e-01 5.494557810951883337e-01 5.650977458660160213e-01 5.719833340061167837e-01 5.777177213253574806e-01 5.807959270234730464e-01 5.954748256384754246e-01 6.059203993195320104e-01
-6.058545711981626614e-01 -5.959899875833970517e-01 -5.812484239886401838e-01 -5.733131892375809002e-01 -5.723351100985876183e-01 -5.657286609780134423e-01 -5.501451568777517842e-01 -5.444637661079505531e-01 -5.355471623834412442e-01 -5.274302678180791126e-01 -5.230550167157030916e-01 -5.167362044427379342e-01 -5.158111180863276246e-01 -5.077846009746098677e-01 -4.503171497368124165e-01 -3.923741013355427909e-01 -3.374294892130230705e-01 -3.204117775886211050e-01 -3.176594945826961558e-01 -3.163139094493305215e-01 -3.052044042421287462e-01 -3.010540122377829975e-01 -2.910359095922935846e-01 -2.824760765016321451e-01 -2.750757657870674389e-01 -2.710306467761919302e-01 -2.536324322112730734e-01 -2.514684958111655932e-01 -2.346195121273130235e-01 -2.240874765610469110e-01 -2.228396194557725751e-01 -2.156501859433994639e-01 -1.988185432794312701e-01 -1.892042216816924027e-01 -1.845771574359001965e-01 -1.744060285630979201e-01 -1.704631057483579071e-01 -1.584690227277545937e-01 -1.530717715665744216e-01 -1.485699189228817385e-01 -1.401196416600326844e-01 -1.337540720607127975e-01 -1.289568882332142175e-01 -1.282997186815668655e-01 -1.261191724393037061e-01 -1.144091749384319318e-01 -8.860278049259842637e-02 -7.376884832601540709e-02 -5.814038100433203266e-02 -3.763107144066346870e-03 3.763107144066353375e-03 5.814038100433273348e-02 7.376884832601580955e-02 8.860278049259900923e-02 1.144091749384317652e-01 1.261191724393051494e-01 1.282997186815660051e-01 1.289568882332147448e-01 1.337540720607139633e-01 1.401196416600347383e-01 1.485699189228811001e-01 1.530717715665739775e-01 1.584690227277573416e-01 1.704631057483582679e-01 1.744060285630996410e-01 1.845771574358987255e-01 1.892042216816920142e-01 1.988185432794310759e-01 2.156501859433988810e-01 2.228396194557756560e-01 2.240874765610491315e-01 2.346195121273117745e-01 2.514684958111668145e-01 2.536324322112748497e-01 2.710306467761922078e-01 2.750757657870676609e-01 2.824760765016319231e-01 2.910359095922928629e-01 3.010540122377846073e-01 3.052044042421286907e-01 3.163139094493289671e-01 3.176594945826933247e-01 3.204117775886207720e-01 3.374294892130260681e-01 3.923741013355461216e-01 4.503171497368086418e-01 5.077846009746149747e-01 5.158111180863248491e-01 5.167362044427371570e-01 5.230550167157063113e-01 5.274302678180822213e-01 5.355471623834431316e-01 5.444637661079494428e-01 5.501451568777510071e-01 5.657286609780177722e-01 5.723351100985848428e-01 5.733131892375803451e-01 5.812484239886376303e-01 5.959899875833967187e-01 6.058545711981599968e-01
-6.057978891707270774e-01 -5.964206290404840960e-01 -5.817118793602422677e-01 -5.726140686703988791e-01 -5.687649504021975444e-01 -5.662786697977503225e-01 -5.507523667477116636e-01 -5.447358568741639262e-01 -5.361973469959973038e-01 -5.277024332864582723e-01 -5.237626078133459373e-01 -5.170467653392245566e-01 -5.164884816550461277e-01 -5.038020435993201263e-01 -4.457317161879849610e-01 -3.880207428459663821e-01 -3.339492368638274922e-01 -3.214214556120697508e-01 -3.190863838709062650e-01 -3.176669923749905755e-01 -3.066709453486516912e-01 -3.024225952948197960e-01 -2.921277555707059159e-01 -2.830286152052088888e-01 -2.730654739679482801e-01 -2.727452991666303728e-01 -2.552222025559394147e-01 -2.532085707493229587e-01 -2.361234246841955875e-01 -2.245780018870257022e-01 -2.212021827966642318e-01 -2.176962764718850807e-01 -2.009292165111715989e-01 -1.910014857967770041e-01 -1.866131596504476131e-01 -1.727877727022486265e-01 -1.716679006717785616e-01 -1.608161808626410449e-01 -1.547197964062868580e-01 -1.510169015493342815e-01 -1.426264756546957724e-01 -1.362513462118498109e-01 -1.315397800571724840e-01 -1.287728731129466342e-01 -1.265386969571387910e-01 -1.150749792593016713e-01 -8.820925617881224257e-02 -7.330624443100697274e-02 -5.789451604713655858e-02 -3.647565693965400084e-03 3.647565693965359318e-03 5.789451604713647531e-02 7.330624443100733356e-02 8.820925617881222869e-02 1.150749792593021154e-01 1.265386969571370424e-01 1.287728731129476611e-01 1.315397800571739273e-01 1.362513462118491447e-01 1.426264756546952450e-01 1.510169015493336986e-01 1.547197964062862752e-01 1.608161808626435152e-01 1.716679006717798661e-01 1.727877727022485432e-01 1.866131596504452816e-01 1.910014857967791413e-01 2.009292165111740136e-01 2.176962764718846643e-01 2.212021827966637599e-01 2.245780018870257855e-01 2.361234246841952822e-01 2.532085707493226256e-01 2.552222025559403029e-01 2.727452991666308724e-01 2.730654739679492238e-01 2.830286152052096660e-01 2.921277555707043061e-01 3.024225952948160212e-01 3.066709453486514136e-01 3.176669923749892988e-01 3.190863838709043221e-01 3.214214556120701949e-01 3.339492368638249387e-01 3.880207428459693242e-01 4.457317161879882916e-01 5.038020435993179058e-01 5.164884816550471269e-01 5.170467653392214480e-01 5.237626078133477137e-01 5.277024332864577172e-01 5.361973469959965266e-01 5.447358568741625939e-01 5.507523667477132179e-01 5.662786697977502115e-01 5.687649504021992097e-01 5.726140686704008775e-01 5.817118793602406024e-01 5.964206290404865385e-01 6.057978891707269664e-01
-6.057160032641822900e-01 -5.967642596669884281e-01 -5.821059414055400616e-01 -5.728124726638923470e-01 -5.667453420828139077e-01 -5.642458224053102933e-01 -5.512725628050931803e-01 -5.447981775057975096e-01 -5.367756155959413356e-01 -5.280371534574338499e-01 -5.243889561808100508e-01 -5.174999409928464633e-01 -5.170838320227177931e-01 -4.994038847759079691e-01 -4.411125003612730300e-01 -3.836527762822613541e-01 -3.310227397098816082e-01 -3.219239551088087237e-01 -3.204808520654892079e-01 -3.189768494123597642e-01 -3.080431949671907366e-01 -3.036806852694020065e-01 -2.934290977035488579e-01 -2.840614475530122696e-01 -2.744135358025859839e-01 -2.703236764206480292e-01 -2.567907677686914192e-01 -2.548081585389807557e-01 -2.378218009373287423e-01 -2.262789786406747272e-01 -2.196981053330912259e-01 -2.181143054097688938e-01 -2.029458612664642725e-01 -1.927379250168858860e-01 -1.887236763971152920e-01 -1.750681847040062300e-01 -1.691402381427488666e-01 -1.630275671680793403e-01 -1.561010142380451493e-01 -1.534285720925150642e-01 -1.450851809691557359e-01 -1.387450699090211070e-01 -1.340805321750634105e-01 -1.313165384309176453e-01 -1.257696686665364383e-01 -1.147702603591858189e-01 -8.846077184664159765e-02 -7.227615042588146632e-02 -5.786331128338689095e-02 -3.384747304702973806e-03 3.384747304702840232e-03 5.786331128338672442e-02 7.227615042588142469e-02 8.846077184664187520e-02 1.147702603591858050e-01 1.257696686665348562e-01 1.313165384309186168e-01 1.340805321750653811e-01 1.387450699090212458e-01 1.450851809691540706e-01 1.534285720925158691e-01 1.561010142380464261e-01 1.630275671680798399e-01 1.691402381427481172e-01 1.750681847040041761e-01 1.887236763971128217e-01 1.927379250168850811e-01 2.029458612664616357e-01 2.181143054097684220e-01 2.196981053330901990e-01 2.262789786406723680e-01 2.378218009373293529e-01 2.548081585389814774e-01 2.567907677686915857e-01 2.703236764206467524e-01 2.744135358025858173e-01 2.840614475530134353e-01 2.934290977035463044e-01 3.036806852694003411e-01 3.080431949671901815e-01 3.189768494123592091e-01 3.204808520654908732e-01 3.219239551088107776e-01 3.310227397098791657e-01 3.836527762822548038e-01 4.411125003612739182e-01 4.994038847759047495e-01 5.170838320227152396e-01 5.174999409928430216e-01 5.243889561808108279e-01 5.280371534574378467e-01 5.367756155959387820e-01 5.447981775058025056e-01 5.512725628050952897e-01 5.642458224053096272e-01 5.667453420828131305e-01 5.728124726638921249e-01 5.821059414055332892e-01 5.967642596669842092e-01 6.057160032641804026e-01
-6.055867873725730988e-01 -5.970181629028565862e-01 -5.824180067500147606e-01 -5.729223394167806127e-01 -5.671261597386879627e-01 -5.599166151369037170e-01 -5.516962232235337327e-01 -5.445289955105357960e-01 -5.372761226289818337e-01 -5.283677370149643115e-01 -5.249300077205169002e-01 -5.179625884813897629e-01 -5.175908190565022826e-01 -4.947910620441012264e-01 -4.364610408028503641e-01 -3.792724107881648710e-01 -3.292661958691453505e-01 -3.218316087465427633e-01 -3.213915844551657464e-01 -3.202387243088045121e-01 -3.092876045997536849e-01 -3.047693332997293281e-01 -2.947975463966918119e-01 -2.852771771477368157e-01 -2.760289620932446231e-01 -2.674202210959215620e-01 -2.583272159638850263e-01 -2.561456544552612180e-01 -2.395702132659673078e-01 -2.279372214148937259e-01 -2.216503970756912301e-01 -2.150754972109866214e-01 -2.047959372808138834e-01 -1.943872140218418643e-01 -1.908341333215793356e-01 -1.773007245449526315e-01 -1.676076261330619599e-01 -1.647208460318810297e-01 -1.568950385442217932e-01 -1.557999740064032745e-01 -1.474871101994150169e-01 -1.412057763057504578e-01 -1.365775203314788244e-01 -1.338298637036899608e-01 -1.260479506567683539e-01 -1.133911021138547665e-01 -8.922022273305922624e-02 -7.081591132303553804e-02 -5.803924059525186058e-02 -2.982374578127922581e-03 2.982374578127873575e-03 5.803924059525179119e-02 7.081591132303571845e-02 8.922022273305954543e-02 1.133911021138553493e-01 1.260479506567699637e-01 1.338298637036897665e-01 1.365775203314779362e-01 1.412057763057507631e-01 1.474871101994149614e-01 1.557999740064043570e-01 1.568950385442224316e-01 1.647208460318793366e-01 1.676076261330614048e-01 1.773007245449549074e-01 1.908341333215773095e-01 1.943872140218426969e-01 2.047959372808129952e-01 2.150754972109859553e-01 2.216503970756941999e-01 2.279372214148935871e-01 2.395702132659682793e-01 2.561456544552594417e-01 2.583272159638825838e-01 2.674202210959180093e-01 2.760289620932419585e-01 2.852771771477330409e-01 2.947975463966915899e-01 3.047693332997286064e-01 3.092876045997534629e-01 3.202387243088076207e-01 3.213915844551687995e-01 3.218316087465465936e-01 3.292661958691464053e-01 3.792724107881636497e-01 4.364610408028496980e-01 4.947910620440950091e-01 5.175908190564982858e-01 5.179625884813882086e-01 5.249300077205164561e-01 5.283677370149647556e-01 5.372761226289853864e-01 5.445289955105385715e-01 5.516962232235348429e-01 5.599166151369040501e-01 5.671261597386857423e-01 5.729223394167810568e-01 5.824180067500211999e-01 5.970181629028619152e-01 6.055867873725712114e-01
-6.053948567508533607e-01 -5.971791696040102959e-01 -5.826427451172132566e-01 -5.729345740816109700e-01 -5.674184762824950878e-01 -5.560799408020034029e-01 -5.519920170689166516e-01 -5.436755839537599222e-01 -5.376947224170741668e-01 -5.286603687059598933e-01 -5.253803357141789698e-01 -5.183861825578540694e-01 -5.180009383586570149e-01 -4.900444060737447205e-01 -4.317785889281845479e-01 -3.748825169194308082e-01 -3.289518063227490074e-01 -3.231314493153253919e-01 -3.214469593166207062e-01 -3.197453468493294260e-01 -3.103440577813850743e-01 -3.055528034378057201e-01 -2.961728992267490534e-01 -2.865478333885392304e-01 -2.775849729190792425e-01 -2.649152166717428925e-01 -2.598241116997473399e-01 -2.568556929076737383e-01 -2.413156034785352289e-01 -2.295468832190479258e-01 -2.235475422152373715e-01 -2.124738104094783808e-01 -2.062059286788057166e-01 -1.958927080899888207e-01 -1.929186988074918507e-01 -1.794809551107138523e-01 -1.685245093522995397e-01 -1.650532232246774145e-01 -1.581278116301697290e-01 -1.565407981446524377e-01 -1.498052692117658735e-01 -1.436259545294279183e-01 -1.390287537637222570e-01 -1.363008015406844964e-01 -1.270499063447340371e-01 -1.112805277546660698e-01 -9.032623604491657465e-02 -6.908838801851949207e-02 -5.840966180355124104e-02 -2.454244378967868328e-03 2.454244378967792434e-03 5.840966180355067205e-02 6.908838801851965861e-02 9.032623604491596403e-02 1.112805277546647237e-01 1.270499063447333987e-01 1.363008015406850515e-01 1.390287537637211190e-01 1.436259545294287232e-01 1.498052692117633200e-01 1.565407981446544639e-01 1.581278116301680359e-01 1.650532232246728903e-01 1.685245093522990678e-01 1.794809551107139078e-01 1.929186988074906850e-01 1.958927080899868778e-01 2.062059286788064938e-01 2.124738104094765767e-01 2.235475422152356784e-01 2.295468832190451502e-01 2.413156034785328974e-01 2.568556929076736828e-01 2.598241116997466738e-01 2.649152166717423373e-01 2.775849729190803528e-01 2.865478333885408402e-01 2.961728992267452787e-01 3.055528034378053315e-01 3.103440577813869061e-01 3.197453468493278161e-01 3.214469593166198180e-01 3.231314493153233935e-01 3.289518063227484523e-01 3.748825169194311413e-01 4.317785889281818279e-01 4.900444060737458862e-01 5.180009383586573479e-01 5.183861825578516269e-01 5.253803357141793029e-01 5.286603687059583390e-01 5.376947224170716133e-01 5.436755839537587010e-01 5.519920170689163186e-01 5.560799408020017376e-01 5.674184762824946437e-01 5.729345740816157440e-01 5.826427451172150329e-01 5.971791696040119612e-01 6.053948567508548040e-01
-6.051286108030244915e-01 -5.972428729366149325e-01 -5.827765014139674182e-01 -5.728377334084233663e-01 -5.676194536442760175e-01 -5.534030642804234068e-01 -5.519209241191067594e-01 -5.418295593845562363e-01 -5.380279700519084995e-01 -5.288957163354521818e-01 -5.257314779298586371e-01 -5.187487984008214426e-01 -5.183013177797317628e-01 -4.852021947196473173e-01 -4.270661966468470294e-01 -3.704869951486257640e-01 -3.294538923986496948e-01 -3.243751077483243428e-01 -3.225952254906825911e-01 -3.180030916931270712e-01 -3.111365768551687117e-01 -3.057144503637749811e-01 -2.975259425660132795e-01 -2.878197832731529404e-01 -2.790735824723948877e-01 -2.637236181510811406e-01 -2.612756812567574305e-01 -2.561141231075696467e-01 -2.430339893795273598e-01 -2.311005094172647045e-01 -2.253824622694401425e-01 -2.114366842864955354e-01 -2.062243925278861301e-01 -1.971069746630479957e-01 -1.949654612670837783e-01 -1.816023065285516935e-01 -1.704931798376261021e-01 -1.656033905745997736e-01 -1.604094246849213923e-01 -1.550482008398685607e-01 -1.518586671826237244e-01 -1.460020708523395994e-01 -1.414311970316446676e-01 -1.387267276004689742e-01 -1.284244821901923961e-01 -1.087950083047043714e-01 -9.165443881896040423e-02 -6.722078652652699327e-02 -5.895775488821422550e-02 -1.819285959831906793e-03 1.819285959831897469e-03 5.895775488821382998e-02 6.722078652652722919e-02 9.165443881896025158e-02 1.087950083047024424e-01 1.284244821901928679e-01 1.387267276004665595e-01 1.414311970316443900e-01 1.460020708523401545e-01 1.518586671826268608e-01 1.550482008398684497e-01 1.604094246849203653e-01 1.656033905745968593e-01 1.704931798376231600e-01 1.816023065285517490e-01 1.949654612670851939e-01 1.971069746630493558e-01 2.062243925278847145e-01 2.114366842864952301e-01 2.253824622694383661e-01 2.311005094172667584e-01 2.430339893795286088e-01 2.561141231075690916e-01 2.612756812567603171e-01 2.637236181510839717e-01 2.790735824723960534e-01 2.878197832731513306e-01 2.975259425660131685e-01 3.057144503637761468e-01 3.111365768551698219e-01 3.180030916931246288e-01 3.225952254906838679e-01 3.243751077483247869e-01 3.294538923986499168e-01 3.704869951486248758e-01 4.270661966468448090e-01 4.852021947196469842e-01 5.183013177797303195e-01 5.187487984008226638e-01 5.257314779298604135e-01 5.288957163354566227e-01 5.380279700519098318e-01 5.418295593845541269e-01 5.519209241191108672e-01 5.534030642804288469e-01 5.676194536442749072e-01 5.728377334084244765e-01 5.827765014139653088e-01 5.972428729366177080e-01 6.051286108030280442e-01
-6.042592497964039966e-01 -5.971994858129081596e-01 -5.828161282953797651e-01 -5.726159223990739955e-01 -5.677259407512249556e-01 -5.528156707245169832e-01 -5.507912679779519705e-01 -5.387867688532741450e-01 -5.382727157915839777e-01 -5.290613526302903047e-01 -5.259671144318152081e-01 -5.190384038673218070e-01 -5.184695607856425470e-01 -4.802849174886304473e-01 -4.223247817468355758e-01 -3.660913978652021172e-01 -3.302519744203404328e-01 -3.255582013868779101e-01 -3.236761319660588776e-01 -3.171370596972941658e-01 -3.117187552537940554e-01 -3.047525043161135039e-01 -2.988403222947762505e-01 -2.890672895970565204e-01 -2.804834922061774094e-01 -2.640604534353030997e-01 -2.626768363035998921e-01 -2.537620430010156802e-01 -2.447123583166313232e-01 -2.325869694999286585e-01 -2.271445335580791758e-01 -2.123458407601174491e-01 -2.049147788768771183e-01 -1.976066059909834249e-01 -1.969675374364190656e-01 -1.836526573565404885e-01 -1.725843628928331319e-01 -1.667452133726747832e-01 -1.626423320010630669e-01 -1.550496471123652131e-01 -1.515789674505506890e-01 -1.483317238574950181e-01 -1.437774883302991025e-01 -1.411058922331534238e-01 -1.299777186279370278e-01 -1.061319759463899698e-01 -9.312253520758934089e-02 -6.529965079896331293e-02 -5.966357530695397954e-02 -1.100439360567248949e-03 1.100439360567253937e-03 5.966357530695401423e-02 6.529965079896314639e-02 9.312253520758996539e-02 1.061319759463905110e-01 1.299777186279371666e-01 1.411058922331537846e-01 1.437774883303004070e-01 1.483317238574959340e-01 1.515789674505485518e-01 1.550496471123671005e-01 1.626423320010623730e-01 1.667452133726748109e-01 1.725843628928344919e-01 1.836526573565425702e-01 1.969675374364182052e-01 1.976066059909825923e-01 2.049147788768770628e-01 2.123458407601184761e-01 2.271445335580787039e-01 2.325869694999279369e-01 2.447123583166304350e-01 2.537620430010160133e-01 2.626768363036006138e-01 2.640604534353038768e-01 2.804834922061765212e-01 2.890672895970571310e-01 2.988403222947734195e-01 3.047525043161130043e-01 3.117187552537936668e-01 3.171370596972937217e-01 3.236761319660598768e-01 3.255582013868773550e-01 3.302519744203433749e-01 3.660913978652046152e-01 4.223247817468380183e-01 4.802849174886299477e-01 5.184695607856413258e-01 5.190384038673158118e-01 5.259671144318173175e-01 5.290613526302873071e-01 5.382727157915837557e-01 5.387867688532730348e-01 5.507912679779475296e-01 5.528156707245189816e-01 5.677259407512241784e-01 5.726159223990793246e-01 5.828161282953805422e-01 5.971994858129118233e-01 6.042592497964051068e-01
-5.991324932619923604e-01 -5.969711308389049620e-01 -5.827586334173960880e-01 -5.722447863820118164e-01 -5.677341971789008346e-01 -5.527995204195903511e-01 -5.498123456211382321e-01 -5.384259133091060523e-01 -5.349368135782578415e-01 -5.291483489872085277e-01 -5.260452760046527843e-01 -5.192471932552072955e-01 -5.184599514284338184e-01 -4.753045575114741572e-01 -4.175551804832999814e-01 -3.617040377618430114e-01 -3.311394471641193604e-01 -3.266766447338566581e-01 -3.246802734400804358e-01 -3.172342728157716008e-01 -3.123405154215559976e-01 -3.025484876482142371e-01 -3.001055305609682256e-01 -2.902760367356390647e-01 -2.817959721406818607e-01 -2.650829874203449177e-01 -2.640224928229460422e-01 -2.506971334129937667e-01 -2.463423892192241615e-01 -2.339866596154605849e-01 -2.288146597494334911e-01 -2.138904152788842772e-01 -2.043548023559988991e-01 -1.989201087521619005e-01 -1.966583047706085829e-01 -1.856026333375590531e-01 -1.746700084486930704e-01 -1.681574930346870778e-01 -1.648239249665891526e-01 -1.570286517429068662e-01 -1.506128969149603536e-01 -1.489805850890870142e-01 -1.460178029026688307e-01 -1.434367128573781625e-01 -1.316151691782565247e-01 -1.033893364099457007e-01 -9.467758158052397288e-02 -6.338361267966062529e-02 -6.050497598605394239e-02 -3.235519878920704406e-04 3.235519878922153442e-04 6.050497598605394239e-02 6.338361267966036161e-02 9.467758158052434758e-02 1.033893364099466305e-01 1.316151691782564415e-01 1.434367128573777461e-01 1.460178029026683866e-01 1.489805850890865146e-01 1.506128969149596319e-01 1.570286517429070605e-01 1.648239249665901518e-01 1.681574930346847185e-01 1.746700084486959292e-01 1.856026333375593307e-01 1.966583047706088327e-01 1.989201087521614286e-01 2.043548023559963456e-01 2.138904152788847213e-01 2.288146597494327139e-01 2.339866596154570599e-01 2.463423892192230791e-01 2.506971334129972639e-01 2.640224928229469303e-01 2.650829874203445846e-01 2.817959721406807505e-01 2.902760367356395643e-01 3.001055305609693358e-01 3.025484876482144037e-01 3.123405154215558310e-01 3.172342728157715452e-01 3.246802734400807133e-01 3.266766447338563806e-01 3.311394471641225246e-01 3.617040377618462865e-01 4.175551804833024239e-01 4.753045575114722143e-01 5.184599514284355948e-01 5.192471932552036318e-01 5.260452760046543386e-01 5.291483489872055301e-01 5.349368135782581746e-01 5.384259133091049421e-01 5.498123456211365667e-01 5.527995204195929047e-01 5.677341971789012787e-01 5.722447863820150360e-01 5.827586334173926463e-01 5.969711308389069604e-01 5.991324932619939148e-01
-5.969791636308557914e-01 -5.936756412151801277e-01 -5.826010448538837538e-01 -5.716832872845442060e-01 -5.676391409766469165e-01 -5.527582864929522222e-01 -5.491532969729754354e-01 -5.384845132300526416e-01 -5.309684987067602169e-01 -5.291495906170529118e-01 -5.258074250361118862e-01 -5.193693418681712970e-01 -5.181608546756122369e-01 -4.702685941159957528e-01 -4.127581940623761825e-01 -3.573380876289367625e-01 -3.320361558675422597e-01 -3.277262434766182175e-01 -3.255943499647956374e-01 -3.178353418801588837e-01 -3.130926859825423070e-01 -3.013138414375390317e-01 -2.995821644618389956e-01 -2.914368706488143501e-01 -2.829743708638361444e-01 -2.663132561563046341e-01 -2.653068686970075918e-01 -2.479178748597516135e-01 -2.474876378783384956e-01 -2.352587061989043216e-01 -2.303510246332342304e-01 -2.155640041915942440e-01 -2.049507373969272073e-01 -2.008191919674872095e-01 -1.944678107976181292e-01 -1.873484405780326822e-01 -1.767209267644643256e-01 -1.696749952420336105e-01 -1.669510945980424987e-01 -1.591549952341393959e-01 -1.528436895678299268e-01 -1.485167889841358668e-01 -1.457212934999823073e-01 -1.457176273910547326e-01 -1.332884556012237931e-01 -1.006198506279293720e-01 -9.628440758045893333e-02 -6.151490995603697831e-02 -6.145817932505765607e-02 -4.835779436492299455e-04 4.835779436492238740e-04 6.145817932505737158e-02 6.151490995603690892e-02 9.628440758045922476e-02 1.006198506279298438e-01 1.332884556012219612e-01 1.457176273910534836e-01 1.457212934999819187e-01 1.485167889841361166e-01 1.528436895678297880e-01 1.591549952341388408e-01 1.669510945980435257e-01 1.696749952420326668e-01 1.767209267644635762e-01 1.873484405780319606e-01 1.944678107976200443e-01 2.008191919674872372e-01 2.049507373969275126e-01 2.155640041915918292e-01 2.303510246332361733e-01 2.352587061989045158e-01 2.474876378783409381e-01 2.479178748597535842e-01 2.653068686970093681e-01 2.663132561563082978e-01 2.829743708638373101e-01 2.914368706488149052e-01 2.995821644618366086e-01 3.013138414375359786e-01 3.130926859825414188e-01 3.178353418801558306e-01 3.255943499647923622e-01 3.277262434766166077e-01 3.320361558675400393e-01 3.573380876289364294e-01 4.127581940623749612e-01 4.702685941159962524e-01 5.181608546756093503e-01 5.193693418681728513e-01 5.258074250361122193e-01 5.291495906170524677e-01 5.309684987067624373e-01 5.384845132300543069e-01 5.491532969729711056e-01 5.527582864929501127e-01 5.676391409766472496e-01 5.716832872845389879e-01 5.826010448538798681e-01 5.936756412151822371e-01 5.969791636308547922e-01
-5.965923060327502636e-01 -5.886086496202669327e-01 -5.823403495851324774e-01 -5.708564762602080789e-01 -5.674317508726064441e-01 -5.526355763630749207e-01 -5.486222890396591501e-01 -5.384453895662107969e-01 -5.290588455926620304e-01 -5.281186293115233132e-01 -5.245704748989264976e-01 -5.193999907540992611e-01 -5.172570536998952750e-01 -4.651819271043003412e-01 -4.079346345418084496e-01 -3.530158451486130056e-01 -3.329059782265484380e-01 -3.287023120480251914e-01 -3.263972880010125865e-01 -3.186230396367240036e-01 -3.139132800848073446e-01 -3.024587649138106848e-01 -2.963514292488391155e-01 -2.925431265118286772e-01 -2.839327837236245156e-01 -2.675923928790925888e-01 -2.665224022840790852e-01 -2.494334509962533308e-01 -2.445074824135667624e-01 -2.363058064503138489e-01 -2.316390950700340789e-01 -2.172472828130018740e-01 -2.060558797300134914e-01 -2.026609738466266797e-01 -1.924056695768729675e-01 -1.882870872681926544e-01 -1.787261935109085154e-01 -1.712261025898943745e-01 -1.690194771527704087e-01 -1.612655636164753714e-01 -1.550221834398875509e-01 -1.506475731799061801e-01 -1.479470479204304245e-01 -1.426710956237138006e-01 -1.349702548484312536e-01 -9.791807660583624895e-02 -9.785705755543541717e-02 -6.249780333902492380e-02 -5.972670410414773756e-02 -1.291975723458599129e-03 1.291975723458480517e-03 5.972670410414756409e-02 6.249780333902496543e-02 9.785705755543526452e-02 9.791807660583529138e-02 1.349702548484314757e-01 1.426710956237161598e-01 1.479470479204313127e-01 1.506475731799063467e-01 1.550221834398869680e-01 1.612655636164752049e-01 1.690194771527697704e-01 1.712261025898935973e-01 1.787261935109086264e-01 1.882870872681924879e-01 1.924056695768727454e-01 2.026609738466269017e-01 2.060558797300162948e-01 2.172472828130040112e-01 2.316390950700310258e-01 2.363058064503147371e-01 2.445074824135647917e-01 2.494334509962529978e-01 2.665224022840772533e-01 2.675923928790904793e-01 2.839327837236236829e-01 2.925431265118298430e-01 2.963514292488400037e-01 3.024587649138110734e-01 3.139132800848065674e-01 3.186230396367251139e-01 3.263972880010126976e-01 3.287023120480250249e-01 3.329059782265449408e-01 3.530158451486073989e-01 4.079346345418063957e-01 4.651819271043028392e-01 5.172570536998961632e-01 5.193999907540981509e-01 5.245704748989271637e-01 5.281186293115216479e-01 5.290588455926621414e-01 5.384453895662090206e-01 5.486222890396595941e-01 5.526355763630746987e-01 5.674317508726050008e-01 5.708564762602074127e-01 5.823403495851305900e-01 5.886086496202646012e-01 5.965923060327535943e-01
-5.961381297168862892e-01 -5.837685517905587540e-01 -5.819734601409807251e-01 -5.696264488876628951e-01 -5.670859316611103207e-01 -5.524175848076403605e-01 -5.481131317815919335e-01 -5.383052708154165700e-01 -5.288701632681777065e-01 -5.271407742843662314e-01 -5.224038937789403647e-01 -5.193347259159605267e-01 -5.150348204034319588e-01 -4.600478840172338435e-01 -4.030853757029125295e-01 -3.487780801397101782e-01 -3.337298139095759009e-01 -3.295992024516201657e-01 -3.270515726616091134e-01 -3.194599591284053575e-01 -3.147434112189968491e-01 -3.035340806666915747e-01 -2.935893340529719397e-01 -2.933118130691935166e-01 -2.844322892021702853e-01 -2.688613100693070801e-01 -2.676575447378719552e-01 -2.508837719989474579e-01 -2.423757294504459425e-01 -2.369462627727614012e-01 -2.323017590503863861e-01 -2.189018561788315109e-01 -2.073254510866412992e-01 -2.044412587228885692e-01 -1.925940126225462179e-01 -1.866837341196372624e-01 -1.806800564375117546e-01 -1.727764464205764350e-01 -1.710213347170637110e-01 -1.633346284464293752e-01 -1.571463303305489501e-01 -1.527893222292329989e-01 -1.501233398399005603e-01 -1.395144897709826026e-01 -1.366433441180390784e-01 -9.955920884558761008e-02 -9.512751814291497965e-02 -6.359610798654737052e-02 -5.804724509939035437e-02 -2.072132730875507218e-03 2.072132730875563596e-03 5.804724509939034743e-02 6.359610798654764807e-02 9.512751814291454944e-02 9.955920884558816519e-02 1.366433441180407993e-01 1.395144897709817144e-01 1.501233398399006158e-01 1.527893222292339703e-01 1.571463303305489778e-01 1.633346284464321785e-01 1.710213347170636833e-01 1.727764464205773509e-01 1.806800564375150298e-01 1.866837341196397049e-01 1.925940126225455795e-01 2.044412587228891243e-01 2.073254510866406053e-01 2.189018561788321215e-01 2.323017590503875796e-01 2.369462627727600135e-01 2.423757294504448045e-01 2.508837719989489012e-01 2.676575447378727324e-01 2.688613100693070801e-01 2.844322892021698967e-01 2.933118130691918513e-01 2.935893340529718842e-01 3.035340806666892988e-01 3.147434112189965716e-01 3.194599591284029705e-01 3.270515726616107788e-01 3.295992024516207208e-01 3.337298139095762339e-01 3.487780801397105668e-01 4.030853757029096429e-01 4.600478840172327888e-01 5.150348204034321808e-01 5.193347259159559748e-01 5.224038937789383663e-01 5.271407742843651212e-01 5.288701632681777065e-01 5.383052708154135724e-01 5.481131317815971515e-01 5.524175848076379181e-01 5.670859316611053247e-01 5.696264488876604526e-01 5.819734601409796149e-01 5.837685517905517596e-01 5.961381297168828475e-01
-5.955799711232008242e-01 -5.814971927156025178e-01 -5.794925811630601276e-01 -5.678697011204317802e-01 -5.664231322310210315e-01 -5.520977221515532829e-01 -5.475713457256951022e-01 -5.380606502289734250e-01 -5.285773797108117567e-01 -5.267121849486824381e-01 -5.209885356096458642e-01 -5.191692662687487081e-01 -5.111855886375915592e-01 -4.548687847139797347e-01 -3.982114157222024220e-01 -3.447059829912346163e-01 -3.344959534805485024e-01 -3.304096654968406432e-01 -3.274824509006885598e-01 -3.202865728725364236e-01 -3.155487501771188641e-01 -3.045329878387800226e-01 -2.945704778780295352e-01 -2.911972999107063642e-01 -2.838561213410882300e-01 -2.700932040718171945e-01 -2.686912709991756132e-01 -2.522626947149344545e-01 -2.417929431674582796e-01 -2.373865237230157466e-01 -2.314596238184278842e-01 -2.205111023246373592e-01 -2.086377385660562189e-01 -2.061546918108764503e-01 -1.940394953809198297e-01 -1.836855212628679124e-01 -1.825786058153850144e-01 -1.743071683872172983e-01 -1.729374280293914656e-01 -1.653535094682848372e-01 -1.592137800913890344e-01 -1.548855350182077595e-01 -1.522448071349533916e-01 -1.382955045387387893e-01 -1.363383910262510601e-01 -1.011907899507382275e-01 -9.245804700066893866e-02 -6.472106552202522289e-02 -5.650203655233002747e-02 -2.794628541172830462e-03 2.794628541172850845e-03 5.650203655232947930e-02 6.472106552202540330e-02 9.245804700066935500e-02 1.011907899507390046e-01 1.363383910262508103e-01 1.382955045387353199e-01 1.522448071349543630e-01 1.548855350182093693e-01 1.592137800913874801e-01 1.653535094682861140e-01 1.729374280293914934e-01 1.743071683872166877e-01 1.825786058153867908e-01 1.836855212628677736e-01 1.940394953809205236e-01 2.061546918108711213e-01 2.086377385660553307e-01 2.205111023246388857e-01 2.314596238184267463e-01 2.373865237230164404e-01 2.417929431674604446e-01 2.522626947149348986e-01 2.686912709991755577e-01 2.700932040718205251e-01 2.838561213410867312e-01 2.911972999107072524e-01 2.945704778780328104e-01 3.045329878387803557e-01 3.155487501771255809e-01 3.202865728725382000e-01 3.274824509006898365e-01 3.304096654968398106e-01 3.344959534805467261e-01 3.447059829912307860e-01 3.982114157221943729e-01 4.548687847139816776e-01 5.111855886375884506e-01 5.191692662687487081e-01 5.209885356096480846e-01 5.267121849486839924e-01 5.285773797108095362e-01 5.380606502289778659e-01 5.475713457256955463e-01 5.520977221515537270e-01 5.664231322310230299e-01 5.678697011204298928e-01 5.794925811630623480e-01 5.814971927155974107e-01 5.955799711231993809e-01
-5.949097861623356964e-01 -5.809082492153997412e-01 -5.761446171815206574e-01 -5.665635994127996566e-01 -5.641081304819793862e-01 -5.516713494804996731e-01 -5.469666354951439047e-01 -5.377076337130786143e-01 -5.281735641248916924e-01 -5.263255961361285040e-01 -5.201543656525727810e-01 -5.188992279450935774e-01 -5.064092811421491147e-01 -4.496462763240791083e-01 -3.933139614769807779e-01 -3.409727724754305078e-01 -3.351961716437080741e-01 -3.311241624953554230e-01 -3.275280899785260047e-01 -3.210737441878801501e-01 -3.163095276007822365e-01 -3.054469824980258208e-01 -2.954814469281270561e-01 -2.905909536486435685e-01 -2.817178365051078992e-01 -2.712735046402093286e-01 -2.695766453925336759e-01 -2.535620221833973509e-01 -2.422918997282869358e-01 -2.382318202088500592e-01 -2.289918923270156392e-01 -2.220659162941732712e-01 -2.099443054633001460e-01 -2.077931378572317189e-01 -1.956728427190337072e-01 -1.844186415785419864e-01 -1.804974997649156088e-01 -1.758064516187691217e-01 -1.746864173117601560e-01 -1.673176495162725930e-01 -1.612214706911566375e-01 -1.569281496467897496e-01 -1.543096743614363331e-01 -1.399168492628915517e-01 -1.331718917592623064e-01 -1.027953635980267677e-01 -8.988215866847826252e-02 -6.583248738966053504e-02 -5.511469764715393183e-02 -3.430871021526986624e-03 3.430871021526885577e-03 5.511469764715409836e-02 6.583248738966006319e-02 8.988215866847898416e-02 1.027953635980253522e-01 1.331718917592622509e-01 1.399168492628930782e-01 1.543096743614367772e-01 1.569281496467882231e-01 1.612214706911573037e-01 1.673176495162746191e-01 1.746864173117605168e-01 1.758064516187693715e-01 1.804974997649148039e-01 1.844186415785437072e-01 1.956728427190353448e-01 2.077931378572309418e-01 2.099443054632998129e-01 2.220659162941744647e-01 2.289918923270178319e-01 2.382318202088524739e-01 2.422918997282876574e-01 2.535620221833947419e-01 2.695766453925313999e-01 2.712735046402083294e-01 2.817178365051055677e-01 2.905909536486455669e-01 2.954814469281265010e-01 3.054469824980238224e-01 3.163095276007822920e-01 3.210737441878803722e-01 3.275280899785273370e-01 3.311241624953571994e-01 3.351961716437086847e-01 3.409727724754326728e-01 3.933139614769876613e-01 4.496462763240779426e-01 5.064092811421497808e-01 5.188992279450929113e-01 5.201543656525768888e-01 5.263255961361271718e-01 5.281735641248916924e-01 5.377076337130762829e-01 5.469666354951425724e-01 5.516713494804993401e-01 5.641081304819756115e-01 5.665635994127982134e-01 5.761446171815221007e-01 5.809082492154026278e-01 5.949097861623381389e-01
-5.941227889615416924e-01 -5.802031984608514437e-01 -5.737482799576417714e-01 -5.658158801984936037e-01 -5.600135231031745375e-01 -5.511344716570180102e-01 -5.462802840335750920e-01 -5.372416280608636185e-01 -5.276501978588271635e-01 -5.258803537830847308e-01 -5.194938801175179588e-01 -5.185198801228975141e-01 -5.012236982265430019e-01 -4.443815419846524617e-01 -3.883945502806415151e-01 -3.379290346762826580e-01 -3.358239246964234703e-01 -3.317311963249099382e-01 -3.268562003190738086e-01 -3.218050554133641827e-01 -3.170133476719656507e-01 -3.062638290997179435e-01 -2.963164366190042531e-01 -2.909024785549934045e-01 -2.787730283322864544e-01 -2.723928994270356507e-01 -2.701806033203169033e-01 -2.547688800296175060e-01 -2.431509494342383726e-01 -2.393444782319597286e-01 -2.257764503486850982e-01 -2.235602293012666775e-01 -2.112220214089358949e-01 -2.093412810806514202e-01 -1.973129025937702119e-01 -1.861971746208266054e-01 -1.781765734566379544e-01 -1.772658639026838401e-01 -1.754212308545666232e-01 -1.692238414856235273e-01 -1.631642886778105483e-01 -1.589136381521756847e-01 -1.563160509701338741e-01 -1.414980828857447248e-01 -1.300397132736227923e-01 -1.043514257384551419e-01 -8.744859377431531133e-02 -6.687479050825848037e-02 -5.390689231330710735e-02 -3.954079131208021111e-03 3.954079131208020244e-03 5.390689231330742653e-02 6.687479050825854976e-02 8.744859377431665748e-02 1.043514257384554472e-01 1.300397132736242634e-01 1.414980828857458350e-01 1.563160509701329581e-01 1.589136381521772390e-01 1.631642886778107426e-01 1.692238414856249706e-01 1.754212308545674559e-01 1.772658639026849225e-01 1.781765734566366777e-01 1.861971746208286038e-01 1.973129025937701564e-01 2.093412810806502267e-01 2.112220214089347015e-01 2.235602293012666220e-01 2.257764503486872909e-01 2.393444782319579522e-01 2.431509494342384559e-01 2.547688800296154521e-01 2.701806033203122404e-01 2.723928994270337633e-01 2.787730283322841784e-01 2.909024785549944592e-01 2.963164366190034760e-01 3.062638290997172774e-01 3.170133476719683152e-01 3.218050554133658481e-01 3.268562003190717546e-01 3.317311963249102713e-01 3.358239246964262459e-01 3.379290346762803821e-01 3.883945502806435135e-01 4.443815419846528503e-01 5.012236982265387830e-01 5.185198801228974030e-01 5.194938801175181808e-01 5.258803537830815111e-01 5.276501978588207242e-01 5.372416280608616201e-01 5.462802840335735377e-01 5.511344716570178992e-01 5.600135231031755367e-01 5.658158801984939368e-01 5.737482799576393289e-01 5.802031984608495563e-01 5.941227889615415814e-01
-5.932149048874453268e-01 -5.793784512573773027e-01 -5.719441291335066735e-01 -5.650404343680708319e-01 -5.550920664874788857e-01 -5.504833027087262520e-01 -5.454994211325868703e-01 -5.366565872034287921e-01 -5.269956916299299854e-01 -5.253457903275337015e-01 -5.188441270561919838e-01 -5.180257987680034759e-01 -4.958252796095335979e-01 -4.390754369318550232e-01 -3.834552364694101545e-01 -3.363733855961887342e-01 -3.360112750726541031e-01 -3.322222200426810934e-01 -3.250558213475873703e-01 -3.224698818140661616e-01 -3.176515579654833332e-01 -3.069630775559236135e-01 -2.970680128863636416e-01 -2.915182629029481332e-01 -2.761190094425087227e-01 -2.734444929905037180e-01 -2.700522824704621461e-01 -2.558589664666102714e-01 -2.440993244290299291e-01 -2.405254859859573546e-01 -2.249892734935116101e-01 -2.223216226129411388e-01 -2.124578198785866123e-01 -2.107611978471012892e-01 -1.989161186284790217e-01 -1.879111103793246196e-01 -1.790101371668190167e-01 -1.786785550804199096e-01 -1.729254744576981528e-01 -1.710693769959512611e-01 -1.650285660614424221e-01 -1.608394661377402501e-01 -1.582618293652898744e-01 -1.430288494557851731e-01 -1.269744182339976601e-01 -1.058269298699354849e-01 -8.523451791120648102e-02 -6.776445598740694909e-02 -5.289755412510548094e-02 -4.340568675266959914e-03 4.340568675266807258e-03 5.289755412510562665e-02 6.776445598740646337e-02 8.523451791120621734e-02 1.058269298699346106e-01 1.269744182339979099e-01 1.430288494557850343e-01 1.582618293652902630e-01 1.608394661377422763e-01 1.650285660614421723e-01 1.710693769959529820e-01 1.729254744576984582e-01 1.786785550804205203e-01 1.790101371668187946e-01 1.879111103793252024e-01 1.989161186284805205e-01 2.107611978471025937e-01 2.124578198785858629e-01 2.223216226129417494e-01 2.249892734935116378e-01 2.405254859859557170e-01 2.440993244290278474e-01 2.558589664666103825e-01 2.700522824704621461e-01 2.734444929905037180e-01 2.761190094425094999e-01 2.915182629029481887e-01 2.970680128863621983e-01 3.069630775559205049e-01 3.176515579654818899e-01 3.224698818140649403e-01 3.250558213475879255e-01 3.322222200426823702e-01 3.360112750726536035e-01 3.363733855961885122e-01 3.834552364694120974e-01 4.390754369318514150e-01 4.958252796095341530e-01 5.180257987680036980e-01 5.188441270561929830e-01 5.253457903275335905e-01 5.269956916299290972e-01 5.366565872034321227e-01 5.454994211325882025e-01 5.504833027087268071e-01 5.550920664874789967e-01 5.650404343680738295e-01 5.719441291335047861e-01 5.793784512573779688e-01 5.932149048874455488e-01
-5.921822157255796082e-01 -5.784302196183744860e-01 -5.703987136922652468e-01 -5.641649537400887926e-01 -5.497665345938976822e-01 -5.497140888972432693e-01 -5.446142485812893730e-01 -5.359428089500802850e-01 -5.261923137872200895e-01 -5.247081252909232552e-01 -5.181409567050559994e-01 -5.174102475891010355e-01 -4.902908681040795691e-01 -4.337285813289450398e-01 -3.784988936513135616e-01 -3.368387987648885917e-01 -3.351962470615095779e-01 -3.326033059668581648e-01 -3.230603831163536555e-01 -3.221847192610084454e-01 -3.182174329144373814e-01 -3.075045080715944068e-01 -2.977252223170082090e-01 -2.922079361276309628e-01 -2.749074689477336020e-01 -2.744224508390026851e-01 -2.683301979814565752e-01 -2.567753846820182706e-01 -2.450484441991437612e-01 -2.416960649978173170e-01 -2.263487568209584522e-01 -2.189316271694489724e-01 -2.136431151033887643e-01 -2.119158771873936864e-01 -2.004661788624443608e-01 -1.895569029744500200e-01 -1.805869964150871032e-01 -1.800381721508544086e-01 -1.728517087229463622e-01 -1.697347818464906011e-01 -1.667189410299192154e-01 -1.627033791814803954e-01 -1.601442553537779090e-01 -1.444952845344439352e-01 -1.240324750977296331e-01 -1.071648530946504169e-01 -8.336284482924199990e-02 -6.837303828656490778e-02 -5.210163479234789646e-02 -4.571282811109540073e-03 4.571282811109418642e-03 5.210163479234770217e-02 6.837303828656399185e-02 8.336284482924197214e-02 1.071648530946507638e-01 1.240324750977298690e-01 1.444952845344417425e-01 1.601442553537772706e-01 1.627033791814799513e-01 1.667189410299190488e-01 1.697347818464910174e-01 1.728517087229458071e-01 1.800381721508556299e-01 1.805869964150871310e-01 1.895569029744495482e-01 2.004661788624464702e-01 2.119158771873922431e-01 2.136431151033879594e-01 2.189316271694476956e-01 2.263487568209569256e-01 2.416960649978173725e-01 2.450484441991465367e-01 2.567753846820202690e-01 2.683301979814562421e-01 2.744224508390045725e-01 2.749074689477341016e-01 2.922079361276314624e-01 2.977252223170106515e-01 3.075045080715966828e-01 3.182174329144326630e-01 3.221847192610085009e-01 3.230603831163522677e-01 3.326033059668574987e-01 3.351962470615085787e-01 3.368387987648867599e-01 3.784988936513123958e-01 4.337285813289407654e-01 4.902908681040830663e-01 5.174102475890993702e-01 5.181409567050537790e-01 5.247081252909215898e-01 5.261923137872188683e-01 5.359428089500830605e-01 5.446142485812864864e-01 5.497140888972424921e-01 5.497665345938990145e-01 5.641649537400857950e-01 5.703987136922652468e-01 5.784302196183768174e-01 5.921822157255764996e-01
-5.910207850677489105e-01 -5.773544362977836020e-01 -5.689286320696546051e-01 -5.631728499195204352e-01 -5.488230233138703396e-01 -5.442808402419055946e-01 -5.436165819871839888e-01 -5.350785067831224096e-01 -5.252090474774913087e-01 -5.239590600445287460e-01 -5.173543377721878667e-01 -5.166638734473939509e-01 -4.846552718567678775e-01 -4.283414268515634560e-01 -3.735297330920143155e-01 -3.372138749087171816e-01 -3.350012704909169914e-01 -3.328971428706338220e-01 -3.235700295899784362e-01 -3.188058746971993429e-01 -3.187051969869466594e-01 -3.077939832416206611e-01 -2.982690154476190236e-01 -2.928882984383931465e-01 -2.753211973752526798e-01 -2.749287139746348085e-01 -2.654788795796343415e-01 -2.573465472852870528e-01 -2.459630742941261439e-01 -2.428235769989057768e-01 -2.276343349144888950e-01 -2.164163131005712448e-01 -2.147714408119441032e-01 -2.120641564125115563e-01 -2.019547134680471367e-01 -1.911299279275714691e-01 -1.821945590257278424e-01 -1.813379423504345167e-01 -1.745682714205487596e-01 -1.689271939990138471e-01 -1.659012088943111196e-01 -1.645031883881414581e-01 -1.619562887922452732e-01 -1.458749547784292944e-01 -1.213303015946252672e-01 -1.082477896357369601e-01 -8.200521323369697191e-02 -6.852435367902079411e-02 -5.152868564637593657e-02 -4.633358652030928129e-03 4.633358652030906445e-03 5.152868564637540227e-02 6.852435367902053043e-02 8.200521323369690252e-02 1.082477896357362107e-01 1.213303015946234631e-01 1.458749547784302103e-01 1.619562887922454675e-01 1.645031883881399315e-01 1.659012088943123964e-01 1.689271939990120430e-01 1.745682714205480379e-01 1.813379423504365706e-01 1.821945590257262049e-01 1.911299279275720520e-01 2.019547134680483580e-01 2.120641564125117784e-01 2.147714408119436869e-01 2.164163131005707730e-01 2.276343349144898942e-01 2.428235769989068871e-01 2.459630742941256165e-01 2.573465472852889402e-01 2.654788795796317324e-01 2.749287139746338093e-01 2.753211973752526798e-01 2.928882984383923138e-01 2.982690154476195787e-01 3.077939832416198285e-01 3.187051969869438839e-01 3.188058746971966784e-01 3.235700295899789913e-01 3.328971428706364311e-01 3.350012704909169914e-01 3.372138749087164045e-01 3.735297330920098191e-01 4.283414268515609025e-01 4.846552718567693208e-01 5.166638734473901762e-01 5.173543377721899761e-01 5.239590600445289681e-01 5.252090474774935291e-01 5.350785067831252961e-01 5.436165819871853211e-01 5.442808402419038183e-01 5.488230233138688963e-01 5.631728499195243209e-01 5.689286320696564925e-01 5.773544362977841571e-01 5.910207850677512420e-01
-5.897265876492876480e-01 -5.761465635592859513e-01 -5.674421019927408105e-01 -5.620562487365036164e-01 -5.478061966021381402e-01 -5.424989995957565370e-01 -5.388777173582043334e-01 -5.339793235758654166e-01 -5.239830988396189104e-01 -5.230924225027773211e-01 -5.164674490596781187e-01 -5.157715223523001713e-01 -4.789363138533523356e-01 -4.229143075004408447e-01 -3.685542518965347902e-01 -3.374909643820346306e-01 -3.350454994308094681e-01 -3.331225139948644220e-01 -3.239927510693499935e-01 -3.191094230191171555e-01 -3.155635172879894257e-01 -3.075801123986434682e-01 -2.986590692677845715e-01 -2.935233459867014894e-01 -2.761347476004196166e-01 -2.753371589002860942e-01 -2.629757940170411312e-01 -2.569754693253393785e-01 -2.468259372285600273e-01 -2.438917078028468022e-01 -2.288410792698055418e-01 -2.162551786481712868e-01 -2.158372910099849440e-01 -2.097648249883888039e-01 -2.033762581463706143e-01 -1.926229037482121154e-01 -1.837606892099823419e-01 -1.825694677058964377e-01 -1.762163326609590686e-01 -1.704883414890981941e-01 -1.662366853649219212e-01 -1.637839880473825616e-01 -1.626170130084245158e-01 -1.471238699993505095e-01 -1.191225168751244429e-01 -1.088199926545833918e-01 -8.131754789385420290e-02 -6.805900220741614715e-02 -5.118166289008814485e-02 -4.521399309863710810e-03 4.521399309863710810e-03 5.118166289008786729e-02 6.805900220741581408e-02 8.131754789385407800e-02 1.088199926545820873e-01 1.191225168751242902e-01 1.471238699993475951e-01 1.626170130084237941e-01 1.637839880473836163e-01 1.662366853649217269e-01 1.704883414890994708e-01 1.762163326609582636e-01 1.825694677058974646e-01 1.837606892099837297e-01 1.926229037482148909e-01 2.033762581463702535e-01 2.097648249883912186e-01 2.158372910099864428e-01 2.162551786481698712e-01 2.288410792698042651e-01 2.438917078028501328e-01 2.468259372285601938e-01 2.569754693253388234e-01 2.629757940170409647e-01 2.753371589002872599e-01 2.761347476004198942e-01 2.935233459867019334e-01 2.986590692677843495e-01 3.075801123986411922e-01 3.155635172879872052e-01 3.191094230191170444e-01 3.239927510693453305e-01 3.331225139948642555e-01 3.350454994308069701e-01 3.374909643820340754e-01 3.685542518965346792e-01 4.229143075004386243e-01 4.789363138533581643e-01 5.157715223523033909e-01 5.164674490596785628e-01 5.230924225027852037e-01 5.239830988396207978e-01 5.339793235758630852e-01 5.388777173582061097e-01 5.424989995957565370e-01 5.478061966021394724e-01 5.620562487365058368e-01 5.674421019927387011e-01 5.761465635592907253e-01 5.897265876492868708e-01
-5.867520708767185456e-01 -5.748010285475109171e-01 -5.658904878903840974e-01 -5.608095101632706303e-01 -5.466595615751488335e-01 -5.412542614375547290e-01 -5.344512757099242339e-01 -5.319604568767450914e-01 -5.223693799099481394e-01 -5.221029406773555204e-01 -5.154692229752463328e-01 -5.147030528633691482e-01 -4.731439491051765422e-01 -4.174474816128616594e-01 -3.635831061908705308e-01 -3.376595577127705083e-01 -3.351470627581754069e-01 -3.332825019001001143e-01 -3.243222968867136569e-01 -3.194245628535264392e-01 -3.132574908583238282e-01 -3.063410405075756571e-01 -2.987879090788899128e-01 -2.940943037218466394e-01 -2.768558530655695349e-01 -2.758237543516811607e-01 -2.620624419967350627e-01 -2.547478293819734341e-01 -2.476268580687691345e-01 -2.448906246399245035e-01 -2.299626264636631667e-01 -2.171443670763263945e-01 -2.168354196656482880e-01 -2.063579844648050499e-01 -2.047265371216735741e-01 -1.940206937491203987e-01 -1.852671159776178578e-01 -1.837204442119591274e-01 -1.777927774659615046e-01 -1.720893559591491762e-01 -1.679015967941419329e-01 -1.654243050259024683e-01 -1.595163061719750697e-01 -1.481371387436725140e-01 -1.178409537066829049e-01 -1.084485179818878708e-01 -8.131109759869073472e-02 -6.696337774421987077e-02 -5.105633558402013911e-02 -4.238107908586241472e-03 4.238107908586416679e-03 5.105633558402007666e-02 6.696337774422000955e-02 8.131109759869072084e-02 1.084485179818884676e-01 1.178409537066820723e-01 1.481371387436717091e-01 1.595163061719733488e-01 1.654243050258999703e-01 1.679015967941428489e-01 1.720893559591513133e-01 1.777927774659628091e-01 1.837204442119580172e-01 1.852671159776177190e-01 1.940206937491220363e-01 2.047265371216733520e-01 2.063579844648026351e-01 2.168354196656478994e-01 2.171443670763272826e-01 2.299626264636634998e-01 2.448906246399269737e-01 2.476268580687700227e-01 2.547478293819732120e-01 2.620624419967358398e-01 2.758237543516822154e-01 2.768558530655689798e-01 2.940943037218473610e-01 2.987879090788882475e-01 3.063410405075743248e-01 3.132574908583220519e-01 3.194245628535231640e-01 3.243222968867136013e-01 3.332825019000983380e-01 3.351470627581766837e-01 3.376595577127683989e-01 3.635831061908686435e-01 4.174474816128620480e-01 4.731439491051790958e-01 5.147030528633733670e-01 5.154692229752481092e-01 5.221029406773564085e-01 5.223693799099488055e-01 5.319604568767434261e-01 5.344512757099254552e-01 5.412542614375508432e-01 5.466595615751477233e-01 5.608095101632682988e-01 5.658904878903847635e-01 5.748010285475092518e-01 5.867520708767222093e-01
-5.817019367672878749e-01 -5.733089537135408476e-01 -5.642453103459015296e-01 -5.594276925247099186e-01 -5.453789000904495365e-01 -5.398748073628129029e-01 -5.324391593934136857e-01 -5.280001780934642230e-01 -5.209857159077611044e-01 -5.200420884674672450e-01 -5.143513155597780884e-01 -5.133805950529209960e-01 -4.672840623473763499e-01 -4.119411702939071440e-01 -3.586351837812919996e-01 -3.377030021760937251e-01 -3.352265275804087730e-01 -3.333709976703781996e-01 -3.245515401996523774e-01 -3.196444346263629388e-01 -3.122571375142403349e-01 -3.041371758895460853e-01 -2.983057327369786904e-01 -2.945895874550199522e-01 -2.774744605836956812e-01 -2.762947539382263895e-01 -2.622285836749883581e-01 -2.512815370596588327e-01 -2.483588356523049878e-01 -2.458133118861068889e-01 -2.309893122200786519e-01 -2.181883103351279773e-01 -2.177602474531694920e-01 -2.060017404216691050e-01 -2.028113894731786715e-01 -1.952758204443538204e-01 -1.867058915893280713e-01 -1.847691730454459613e-01 -1.792936399932441582e-01 -1.736365937724342057e-01 -1.694955471763845423e-01 -1.670358362975220834e-01 -1.568272167705715425e-01 -1.486231291534602372e-01 -1.176908307496821460e-01 -1.069271508669080994e-01 -8.183432550472460876e-02 -6.538781714265647083e-02 -5.114151937517958518e-02 -3.794080464822248856e-03 3.794080464822127425e-03 5.114151937517971008e-02 6.538781714265674838e-02 8.183432550472435896e-02 1.069271508669084464e-01 1.176908307496835199e-01 1.486231291534601262e-01 1.568272167705697939e-01 1.670358362975215838e-01 1.694955471763801291e-01 1.736365937724320962e-01 1.792936399932436586e-01 1.847691730454472936e-01 1.867058915893266557e-01 1.952758204443546253e-01 2.028113894731767008e-01 2.060017404216689108e-01 2.177602474531686316e-01 2.181883103351279496e-01 2.309893122200761262e-01 2.458133118861062505e-01 2.483588356523059870e-01 2.512815370596576114e-01 2.622285836749886356e-01 2.762947539382265560e-01 2.774744605836943490e-01 2.945895874550181759e-01 2.983057327369778577e-01 3.041371758895470845e-01 3.122571375142398908e-01 3.196444346263643821e-01 3.245515401996543758e-01 3.333709976703775890e-01 3.352265275804090505e-01 3.377030021760920597e-01 3.586351837812951082e-01 4.119411702939072550e-01 4.672840623473800137e-01 5.133805950529207740e-01 5.143513155597750908e-01 5.200420884674680222e-01 5.209857159077609934e-01 5.280001780934596711e-01 5.324391593934093558e-01 5.398748073628135691e-01 5.453789000904489814e-01 5.594276925247119170e-01 5.642453103459040831e-01 5.733089537135394043e-01 5.817019367672875418e-01
-5.759512427525633749e-01 -5.716420170919842558e-01 -5.624879839007667082e-01 -5.579060559486943571e-01 -5.439597822252704162e-01 -5.383521778899832411e-01 -5.309657501004165781e-01 -5.245217528643041360e-01 -5.197359627927851111e-01 -5.167239932160373472e-01 -5.131067199615249041e-01 -5.115348674643501736e-01 -4.613602392981094868e-01 -4.063955968989624301e-01 -3.537475998628681895e-01 -3.375901176841663021e-01 -3.352467221939934849e-01 -3.333796840226710412e-01 -3.246714097789175080e-01 -3.197614445360416058e-01 -3.119554365607266622e-01 -3.024341787942715909e-01 -2.963999019210850072e-01 -2.950008980477486498e-01 -2.779742277015083696e-01 -2.767140665256238030e-01 -2.626865106944976658e-01 -2.490164063460287847e-01 -2.474199840765878289e-01 -2.466539836924052098e-01 -2.319030366081138161e-01 -2.192221946118456388e-01 -2.186050895346068335e-01 -2.071981358667517037e-01 -1.996291198325007288e-01 -1.960978803812037929e-01 -1.880720871417343454e-01 -1.856685230238920570e-01 -1.807127483283136604e-01 -1.751160611908231801e-01 -1.710160078728014121e-01 -1.685775446740007955e-01 -1.552626627178994578e-01 -1.479214761162924718e-01 -1.183065076429546530e-01 -1.046207317739104442e-01 -8.269880284110749102e-02 -6.352075187014538660e-02 -5.142010090428787705e-02 -3.206801652696150175e-03 3.206801652696058668e-03 5.142010090428787011e-02 6.352075187014530333e-02 8.269880284110685265e-02 1.046207317739093062e-01 1.183065076429538343e-01 1.479214761162906955e-01 1.552626627178972929e-01 1.685775446740014061e-01 1.710160078728019117e-01 1.751160611908216813e-01 1.807127483283135494e-01 1.856685230238929452e-01 1.880720871417351781e-01 1.960978803812013782e-01 1.996291198325035043e-01 2.071981358667525919e-01 2.186050895346064726e-01 2.192221946118453335e-01 2.319030366081130667e-01 2.466539836924052653e-01 2.474199840765874958e-01 2.490164063460306998e-01 2.626865106944979988e-01 2.767140665256228038e-01 2.779742277015082585e-01 2.950008980477476506e-01 2.963999019210837860e-01 3.024341787942747550e-01 3.119554365607264956e-01 3.197614445360433266e-01 3.246714097789167863e-01 3.333796840226732061e-01 3.352467221939951503e-01 3.375901176841675788e-01 3.537475998628688556e-01 4.063955968989617640e-01 4.613602392981061007e-01 5.115348674643465099e-01 5.131067199615252372e-01 5.167239932160371252e-01 5.197359627927853332e-01 5.245217528643033589e-01 5.309657501004144686e-01 5.383521778899830190e-01 5.439597822252737469e-01 5.579060559486943571e-01 5.624879839007694837e-01 5.716420170919861432e-01 5.759512427525621536e-01
-5.704482618059610877e-01 -5.691491339857548404e-01 -5.606050332425146498e-01 -5.562398637714390803e-01 -5.423975023849231247e-01 -5.366761514730660210e-01 -5.294485713310708164e-01 -5.219883424430057373e-01 -5.183488597865041347e-01 -5.133839485950886239e-01 -5.117290554444874351e-01 -5.083112862254967057e-01 -4.553746714253205097e-01 -4.008110325971824817e-01 -3.490041228836512910e-01 -3.372502221644180231e-01 -3.351878676355137254e-01 -3.333006139230943465e-01 -3.246688213648375454e-01 -3.197650929522320995e-01 -3.118655215517961432e-01 -3.017889779232833525e-01 -2.953214698127960003e-01 -2.930441479969620455e-01 -2.783230860192242306e-01 -2.770640294641837920e-01 -2.631865198881321311e-01 -2.495948805872271747e-01 -2.474072537961675977e-01 -2.434770671203120018e-01 -2.326592692414259367e-01 -2.202023788365145007e-01 -2.193607244837034731e-01 -2.083117640552792360e-01 -1.987157113256050323e-01 -1.947622638696810682e-01 -1.893618544110134971e-01 -1.862895460499554845e-01 -1.820363721798357037e-01 -1.765220555273254444e-01 -1.724601917707540844e-01 -1.700449363273686954e-01 -1.551140436128112254e-01 -1.457467531030069152e-01 -1.192767284087886542e-01 -1.019399993974992730e-01 -8.376359913290913617e-02 -6.150437496220923644e-02 -5.187057694315633932e-02 -2.499118922284951361e-03 2.499118922284981285e-03 5.187057694315639483e-02 6.150437496220927808e-02 8.376359913290927495e-02 1.019399993974983709e-01 1.192767284087874746e-01 1.457467531030075814e-01 1.551140436128080335e-01 1.700449363273676684e-01 1.724601917707560272e-01 1.765220555273273040e-01 1.820363721798334278e-01 1.862895460499545963e-01 1.893618544110113877e-01 1.947622638696824837e-01 1.987157113256042829e-01 2.083117640552799854e-01 2.193607244837027515e-01 2.202023788365168600e-01 2.326592692414287122e-01 2.434770671203133618e-01 2.474072537961690688e-01 2.495948805872272303e-01 2.631865198881330747e-01 2.770640294641851242e-01 2.783230860192241196e-01 2.930441479969619345e-01 2.953214698127945015e-01 3.017889779232851288e-01 3.118655215517982526e-01 3.197650929522320995e-01 3.246688213648371568e-01 3.333006139230935694e-01 3.351878676355136144e-01 3.372502221644165799e-01 3.490041228836475717e-01 4.008110325971830923e-01 4.553746714253255612e-01 5.083112862254960396e-01 5.117290554444834383e-01 5.133839485950875137e-01 5.183488597865070213e-01 5.219883424430029617e-01 5.294485713310775887e-01 5.366761514730657989e-01 5.423975023849223476e-01 5.562398637714388583e-01 5.606050332425108751e-01 5.691491339857550624e-01 5.704482618059603105e-01
-5.681258007171519075e-01 -5.630716734189600281e-01 -5.585857033032851637e-01 -5.544242879153260528e-01 -5.406869576994867144e-01 -5.348332072638030121e-01 -5.278149384991230875e-01 -5.198783035655984985e-01 -5.168194439112018257e-01 -5.110300490522170502e-01 -5.102121505978686189e-01 -5.032872713430985856e-01 -4.493286533165080643e-01 -3.951878545953567134e-01 -3.446263954599683710e-01 -3.364899503289501270e-01 -3.350377745747136204e-01 -3.331266320992000152e-01 -3.245220168097853186e-01 -3.196385891681685631e-01 -3.118041884358202509e-01 -3.015558459685803161e-01 -2.955451495710931797e-01 -2.891494112865631849e-01 -2.784423141903329402e-01 -2.773340410536650480e-01 -2.636510905079600953e-01 -2.500899526769263526e-01 -2.480675527419890780e-01 -2.397055252776394974e-01 -2.331003806278295343e-01 -2.211114383015548579e-01 -2.200120329878346437e-01 -2.093380454978067962e-01 -1.995066483691201320e-01 -1.923005978325615373e-01 -1.905717477621119982e-01 -1.862320091655528809e-01 -1.832077158966372021e-01 -1.778507542951846820e-01 -1.738247571590638141e-01 -1.714350187765247557e-01 -1.557023896360904269e-01 -1.427795933406812157e-01 -1.203900351228225224e-01 -9.909628948654178315e-02 -8.494000184809968879e-02 -5.942998883968626800e-02 -5.246871822617184961e-02 -1.697573725776914877e-03 1.697573725776845488e-03 5.246871822617175940e-02 5.942998883968636514e-02 8.494000184810109044e-02 9.909628948654136682e-02 1.203900351228234383e-01 1.427795933406830753e-01 1.557023896360912874e-01 1.714350187765268652e-01 1.738247571590645912e-01 1.778507542951822118e-01 1.832077158966377295e-01 1.862320091655494114e-01 1.905717477621116929e-01 1.923005978325598719e-01 1.995066483691189663e-01 2.093380454978099603e-01 2.200120329878372250e-01 2.211114383015542750e-01 2.331003806278292567e-01 2.397055252776375545e-01 2.480675527419889670e-01 2.500899526769260750e-01 2.636510905079623157e-01 2.773340410536643263e-01 2.784423141903294985e-01 2.891494112865599098e-01 2.955451495710911813e-01 3.015558459685794279e-01 3.118041884358228044e-01 3.196385891681707836e-01 3.245220168097876501e-01 3.331266320992019025e-01 3.350377745747119551e-01 3.364899503289514038e-01 3.446263954599689261e-01 3.951878545953574351e-01 4.493286533165117835e-01 5.032872713431042477e-01 5.102121505978683969e-01 5.110300490522143857e-01 5.168194439112023808e-01 5.198783035656024953e-01 5.278149384991274173e-01 5.348332072638030121e-01 5.406869576994840498e-01 5.544242879153248316e-01 5.585857033032857188e-01 5.630716734189594730e-01 5.681258007171556823e-01
-5.660104472502978101e-01 -5.564807398738509381e-01 -5.564206652941147135e-01 -5.524543553317541322e-01 -5.388223716744817704e-01 -5.328034175503136849e-01 -5.260439617702276083e-01 -5.178641613825176737e-01 -5.151425127545347094e-01 -5.090788861376849272e-01 -5.085497469688727845e-01 -4.973832609615626565e-01 -4.432228731080307127e-01 -3.895266268933019194e-01 -3.411823031970177555e-01 -3.348056403017039551e-01 -3.347877750312674983e-01 -3.328511782467107327e-01 -3.241888231131597187e-01 -3.193499529117426183e-01 -3.117014045737211969e-01 -3.014000685916540800e-01 -2.956657834282053199e-01 -2.853654448133235433e-01 -2.780863167038359895e-01 -2.775165631375944297e-01 -2.640489436849515203e-01 -2.504974905323278378e-01 -2.486285083656489536e-01 -2.369117148712817089e-01 -2.324815539924623142e-01 -2.219399379586777243e-01 -2.205283711570789063e-01 -2.102710243733088846e-01 -2.004587681805928834e-01 -1.916984270522507361e-01 -1.911142562936242462e-01 -1.853415867668219419e-01 -1.835255694243934366e-01 -1.790988920648501903e-01 -1.751046486700716109e-01 -1.727450096625810783e-01 -1.565320147762990499e-01 -1.395160346347478764e-01 -1.215510842424167848e-01 -9.618538234440467127e-02 -8.617356567560555125e-02 -5.735602288370586499e-02 -5.318900266159108658e-02 -8.309181792991789540e-04 8.309181792992141906e-04 5.318900266159115597e-02 5.735602288370590662e-02 8.617356567560534308e-02 9.618538234440515700e-02 1.215510842424173676e-01 1.395160346347461833e-01 1.565320147762971070e-01 1.727450096625826881e-01 1.751046486700703619e-01 1.790988920648510230e-01 1.835255694243939084e-01 1.853415867668220252e-01 1.911142562936263556e-01 1.916984270522501532e-01 2.004587681805915234e-01 2.102710243733083573e-01 2.205283711570779070e-01 2.219399379586801946e-01 2.324815539924657559e-01 2.369117148712814591e-01 2.486285083656483430e-01 2.504974905323282264e-01 2.640489436849528526e-01 2.775165631375911546e-01 2.780863167038374884e-01 2.853654448133217114e-01 2.956657834282054309e-01 3.014000685916524702e-01 3.117014045737240280e-01 3.193499529117428404e-01 3.241888231131609954e-01 3.328511782467143409e-01 3.347877750312643896e-01 3.348056403017033444e-01 3.411823031970177000e-01 3.895266268933010867e-01 4.432228731080296580e-01 4.973832609615593814e-01 5.085497469688743388e-01 5.090788861376874808e-01 5.151425127545371518e-01 5.178641613825215595e-01 5.260439617702302728e-01 5.328034175503123526e-01 5.388223716744835468e-01 5.524543553317549094e-01 5.564206652941152687e-01 5.564807398738518263e-01 5.660104472502991424e-01
-5.637570689033594151e-01 -5.541012413945543003e-01 -5.503249113303861906e-01 -5.497923970741145361e-01 -5.367965313408918915e-01 -5.305534670954219489e-01 -5.241250435661634066e-01 -5.158118173153014574e-01 -5.133125007857159972e-01 -5.071517832828408290e-01 -5.067352214200658844e-01 -4.911094454472549331e-01 -4.370575909762992040e-01 -3.838282198201174999e-01 -3.391760625108201088e-01 -3.344308891118772942e-01 -3.324679774714487390e-01 -3.318511041059072908e-01 -3.235763412333614308e-01 -3.188247751299122523e-01 -3.115250326601095021e-01 -3.012148407244701342e-01 -2.956766326050029869e-01 -2.825634818677064120e-01 -2.776054707529770349e-01 -2.765211507839953065e-01 -2.643640130392984622e-01 -2.508134343184326154e-01 -2.490819803667058685e-01 -2.362012270484215304e-01 -2.297943374687004825e-01 -2.226814328142496802e-01 -2.208291819193670402e-01 -2.111014668197421507e-01 -2.013771849930152402e-01 -1.927384854456038465e-01 -1.911251611187659016e-01 -1.859242918737152306e-01 -1.809653315674832896e-01 -1.802633600697085836e-01 -1.762851204943217398e-01 -1.739721141729817788e-01 -1.574221492699625635e-01 -1.361367415409376058e-01 -1.227134364330314392e-01 -9.325496704145282145e-02 -8.742952490805704080e-02 -5.532266225871264320e-02 -5.400558180525609486e-02 -7.099963669087495141e-05 7.099963669101038181e-05 5.400558180525630303e-02 5.532266225871288606e-02 8.742952490805631915e-02 9.325496704145276594e-02 1.227134364330327160e-01 1.361367415409380499e-01 1.574221492699642844e-01 1.739721141729846099e-01 1.762851204943228500e-01 1.802633600697079452e-01 1.809653315674842333e-01 1.859242918737132599e-01 1.911251611187635979e-01 1.927384854456017094e-01 2.013771849930130475e-01 2.111014668197450928e-01 2.208291819193670402e-01 2.226814328142534549e-01 2.297943374687034523e-01 2.362012270484230292e-01 2.490819803667039534e-01 2.508134343184335036e-01 2.643640130393001830e-01 2.765211507839948069e-01 2.776054707529735377e-01 2.825634818677068005e-01 2.956766326050048188e-01 3.012148407244709114e-01 3.115250326601062270e-01 3.188247751299152499e-01 3.235763412333648725e-01 3.318511041059088451e-01 3.324679774714504044e-01 3.344308891118783489e-01 3.391760625108211635e-01 3.838282198201163897e-01 4.370575909762957623e-01 4.911094454472524906e-01 5.067352214200677718e-01 5.071517832828456029e-01 5.133125007857131106e-01 5.158118173152967945e-01 5.241250435661605200e-01 5.305534670954271670e-01 5.367965313408890049e-01 5.497923970741150912e-01 5.503249113303859685e-01 5.541012413945565207e-01 5.637570689033594151e-01
-5.613425186329810135e-01 -5.516188660374390373e-01 -5.480305885340162053e-01 -5.431156336232770832e-01 -5.345980562159526883e-01 -5.280194100517000555e-01 -5.220505756251959673e-01 -5.136626116387148500e-01 -5.113232783484724653e-01 -5.051374373839004894e-01 -5.047612329803582432e-01 -4.846287404407526034e-01 -4.308327539523088556e-01 -3.780939969819104296e-01 -3.380186517798707824e-01 -3.339609130566688067e-01 -3.319707214325981481e-01 -3.285997345817309734e-01 -3.225005901413117160e-01 -3.178547131749518972e-01 -3.112572837114250812e-01 -3.009592179320159100e-01 -2.955695509505920082e-01 -2.813131176833102987e-01 -2.775952641633585571e-01 -2.732360193161460504e-01 -2.645861789500281169e-01 -2.510338055229320853e-01 -2.494161415063539111e-01 -2.363648256155843341e-01 -2.265476816657773229e-01 -2.233307134048159726e-01 -2.206332963211261322e-01 -2.118107706952769564e-01 -2.022244698941354224e-01 -1.936882962112681517e-01 -1.915270504643918903e-01 -1.868649486981813490e-01 -1.813410491383640188e-01 -1.779012305151582984e-01 -1.769424625929841288e-01 -1.751134604198226752e-01 -1.583042436484140003e-01 -1.327101173548904944e-01 -1.238515184106145917e-01 -9.033309087649543656e-02 -8.868408827636664604e-02 -5.489265755063145458e-02 -5.336052055631781282e-02 -9.779567638931337386e-04 9.779567638930990441e-04 5.336052055631790303e-02 5.489265755063147539e-02 8.868408827636635461e-02 9.033309087649606106e-02 1.238515184106140782e-01 1.327101173548889956e-01 1.583042436484108362e-01 1.751134604198230915e-01 1.769424625929839900e-01 1.779012305151579376e-01 1.813410491383637413e-01 1.868649486981820151e-01 1.915270504643916682e-01 1.936882962112686513e-01 2.022244698941335905e-01 2.118107706952800373e-01 2.206332963211230513e-01 2.233307134048179987e-01 2.265476816657788217e-01 2.363648256155846672e-01 2.494161415063540221e-01 2.510338055229300869e-01 2.645861789500267292e-01 2.732360193161443851e-01 2.775952641633590567e-01 2.813131176833099656e-01 2.955695509505946728e-01 3.009592179320164651e-01 3.112572837114251922e-01 3.178547131749519528e-01 3.225005901413078857e-01 3.285997345817280868e-01 3.319707214325978706e-01 3.339609130566677520e-01 3.380186517798725032e-01 3.780939969819063773e-01 4.308327539523108540e-01 4.846287404407602084e-01 5.047612329803571329e-01 5.051374373838977139e-01 5.113232783484715771e-01 5.136626116387137397e-01 5.220505756251946350e-01 5.280194100516956146e-01 5.345980562159536875e-01 5.431156336232765280e-01 5.480305885340162053e-01 5.516188660374391484e-01 5.613425186329826788e-01
-5.587573534483045723e-01 -5.489646198723582282e-01 -5.455657741109491976e-01 -5.366310104096757572e-01 -5.321964473830946840e-01 -5.250620280332771728e-01 -5.198139675604465104e-01 -5.113862711026812002e-01 -5.091677576808987249e-01 -5.029951698349897082e-01 -5.026191472192020893e-01 -4.780027673157778434e-01 -4.245480731188073786e-01 -3.723261231339968225e-01 -3.371001003754461878e-01 -3.333719015109419259e-01 -3.313527138485153345e-01 -3.261940496317812799e-01 -3.209588727293191668e-01 -3.159047911446671852e-01 -3.108864972805585047e-01 -3.006132135601623512e-01 -2.953334386027710590e-01 -2.807953256090326422e-01 -2.774806215850757485e-01 -2.690880801017073720e-01 -2.647079096303405210e-01 -2.511549148615883631e-01 -2.496110229744004927e-01 -2.366523474805903859e-01 -2.243844723101393046e-01 -2.238830581602832825e-01 -2.190993984380411319e-01 -2.123440234004493332e-01 -2.029869581474287588e-01 -1.945437898004991617e-01 -1.920087909902713497e-01 -1.877679883658383564e-01 -1.823287699795269612e-01 -1.785280623676229195e-01 -1.761660723081789059e-01 -1.735926575031815633e-01 -1.591470304088030974e-01 -1.292675796286493761e-01 -1.249493300877184271e-01 -8.991948763894944130e-02 -8.744014400070342086e-02 -5.582418572896372111e-02 -5.149539862642831672e-02 -1.859778255327093968e-03 1.859778255327112833e-03 5.149539862642849714e-02 5.582418572896401948e-02 8.744014400070414250e-02 8.991948763894977437e-02 1.249493300877193430e-01 1.292675796286498757e-01 1.591470304088005994e-01 1.735926575031827013e-01 1.761660723081804603e-01 1.785280623676214762e-01 1.823287699795293482e-01 1.877679883658400217e-01 1.920087909902709888e-01 1.945437898004982735e-01 2.029869581474270379e-01 2.123440234004514982e-01 2.190993984380415205e-01 2.238830581602830327e-01 2.243844723101408312e-01 2.366523474805907468e-01 2.496110229743981890e-01 2.511549148615873639e-01 2.647079096303399659e-01 2.690880801017055401e-01 2.774806215850736946e-01 2.807953256090317540e-01 2.953334386027705594e-01 3.006132135601616295e-01 3.108864972805585603e-01 3.159047911446687396e-01 3.209588727293193888e-01 3.261940496317845550e-01 3.313527138485190537e-01 3.333719015109437023e-01 3.371001003754473535e-01 3.723261231339995980e-01 4.245480731188118195e-01 4.780027673157815071e-01 5.026191472192034215e-01 5.029951698349859335e-01 5.091677576808971706e-01 5.113862711026810892e-01 5.198139675604456222e-01 5.250620280332792822e-01 5.321964473830961273e-01 5.366310104096747580e-01 5.455657741109478653e-01 5.489646198723557857e-01 5.587573534483026849e-01
-5.559944381480107500e-01 -5.461287034411849151e-01 -5.429245670352130793e-01 -5.308878940400291180e-01 -5.293550713641724803e-01 -5.213746699643183602e-01 -5.174089561204848753e-01 -5.089642836504090218e-01 -5.068369876620324455e-01 -5.007049356298481912e-01 -5.002979191890919441e-01 -4.712592693358663709e-01 -4.182030781003734932e-01 -3.665280991405698852e-01 -3.361970608407094385e-01 -3.326578063611905778e-01 -3.306063880277237410e-01 -3.246956630257925580e-01 -3.195589503993468417e-01 -3.125302710140344109e-01 -3.104038433098172400e-01 -3.001647492711042031e-01 -2.949507108545906808e-01 -2.804392405303287039e-01 -2.772560685883531106e-01 -2.647228276024656268e-01 -2.646934446382931960e-01 -2.511739977849709593e-01 -2.496267020390251778e-01 -2.369077510641363904e-01 -2.243338395426420495e-01 -2.237136623234076416e-01 -2.162556421186121458e-01 -2.124152932062394195e-01 -2.036570809042012598e-01 -1.952999851455046454e-01 -1.924734595520119218e-01 -1.885921185238925990e-01 -1.832231954760455694e-01 -1.794416770266182015e-01 -1.771268535494968654e-01 -1.697752391515645609e-01 -1.599333912796762347e-01 -1.259955236909520437e-01 -1.258271169975351267e-01 -9.112097799780409513e-02 -8.459498894040189121e-02 -5.677274844576073870e-02 -4.975078231653697058e-02 -2.686629361968128488e-03 2.686629361968265964e-03 4.975078231653688038e-02 5.677274844576065543e-02 8.459498894040251571e-02 9.112097799780372043e-02 1.258271169975354320e-01 1.259955236909518494e-01 1.599333912796778445e-01 1.697752391515637282e-01 1.771268535494953111e-01 1.794416770266182015e-01 1.832231954760466519e-01 1.885921185238911835e-01 1.924734595520105340e-01 1.952999851455034797e-01 2.036570809042021202e-01 2.124152932062384758e-01 2.162556421186135613e-01 2.237136623234090294e-01 2.243338395426429654e-01 2.369077510641375284e-01 2.496267020390251778e-01 2.511739977849712924e-01 2.646934446382924189e-01 2.647228276024654048e-01 2.772560685883492249e-01 2.804392405303249847e-01 2.949507108545908474e-01 3.001647492711047582e-01 3.104038433098171290e-01 3.125302710140324680e-01 3.195589503993470637e-01 3.246956630257916698e-01 3.306063880277249067e-01 3.326578063611898561e-01 3.361970608407088279e-01 3.665280991405674427e-01 4.182030781003716058e-01 4.712592693358701457e-01 5.002979191890919441e-01 5.007049356298476361e-01 5.068369876620371084e-01 5.089642836504071344e-01 5.174089561204855414e-01 5.213746699643186933e-01 5.293550713641702599e-01 5.308878940400283408e-01 5.429245670352087494e-01 5.461287034411846930e-01 5.559944381480115272e-01
-5.530471390228890449e-01 -5.430996820124300850e-01 -5.401007102822276140e-01 -5.273137071241675855e-01 -5.250909813450970187e-01 -5.165232434649277282e-01 -5.148293132157388818e-01 -5.063834802799048740e-01 -5.043176823609747395e-01 -4.982540288429287978e-01 -4.977816013639937975e-01 -4.644121629080258939e-01 -4.117971579355135803e-01 -3.607057489028443475e-01 -3.352300737072978487e-01 -3.318121367214443285e-01 -3.297225048799788949e-01 -3.235642346140938930e-01 -3.184414373792708863e-01 -3.098018117449665709e-01 -3.082277896003425277e-01 -2.996051251061863097e-01 -2.943877664887992185e-01 -2.800705108194407322e-01 -2.769156236662873027e-01 -2.646249875501927029e-01 -2.603195958491928974e-01 -2.510905658581976119e-01 -2.493673977216264714e-01 -2.370862034192773304e-01 -2.246782382730819205e-01 -2.235620649310878227e-01 -2.146108433338011490e-01 -2.105296535442746086e-01 -2.042293095726366026e-01 -1.959497077314731328e-01 -1.928832088377492315e-01 -1.893251183987273156e-01 -1.840207943115347300e-01 -1.802751020438904950e-01 -1.779925748454340706e-01 -1.659018641821181639e-01 -1.606522843081525376e-01 -1.269809998327841305e-01 -1.224020578475259607e-01 -9.227465285830305231e-02 -8.181955773402647958e-02 -5.770719757375135373e-02 -4.814895560498876070e-02 -3.429378152849421341e-03 3.429378152849434785e-03 4.814895560498914234e-02 5.770719757375164516e-02 8.181955773402682652e-02 9.227465285830271924e-02 1.224020578475251975e-01 1.269809998327854350e-01 1.606522843081506779e-01 1.659018641821194961e-01 1.779925748454322387e-01 1.802751020438864982e-01 1.840207943115319544e-01 1.893251183987267328e-01 1.928832088377477050e-01 1.959497077314708291e-01 2.042293095726376573e-01 2.105296535442726380e-01 2.146108433338020371e-01 2.235620649310866015e-01 2.246782382730834471e-01 2.370862034192812162e-01 2.493673977216261384e-01 2.510905658581987221e-01 2.603195958491922313e-01 2.646249875501918702e-01 2.769156236662884685e-01 2.800705108194422865e-01 2.943877664888018275e-01 2.996051251061866427e-01 3.082277896003425832e-01 3.098018117449679587e-01 3.184414373792716080e-01 3.235642346140967796e-01 3.297225048799767300e-01 3.318121367214452722e-01 3.352300737072964609e-01 3.607057489028446806e-01 4.117971579355157452e-01 4.644121629080244507e-01 4.977816013639923542e-01 4.982540288429247455e-01 5.043176823609742954e-01 5.063834802799060952e-01 5.148293132157402141e-01 5.165232434649259519e-01 5.250909813450965746e-01 5.273137071241662532e-01 5.401007102822275030e-01 5.430996820124294189e-01 5.530471390228915984e-01
-5.499088437224425308e-01 -5.398632018465603366e-01 -5.370874615040354128e-01 -5.243346431520661266e-01 -5.209843307543348123e-01 -5.120687009667372891e-01 -5.105326144885199424e-01 -5.036332662374628510e-01 -5.015837563810332522e-01 -4.956327262499036768e-01 -4.950429399580720258e-01 -4.574688102544700041e-01 -4.053295943546626479e-01 -3.548691715213097009e-01 -3.341642160503701109e-01 -3.308275202808763082e-01 -3.286885971570663867e-01 -3.224995984182087994e-01 -3.173946127106771486e-01 -3.090734126411353033e-01 -3.036090432949362650e-01 -2.989271796825929695e-01 -2.935642311834143481e-01 -2.796289038866282550e-01 -2.764522508147795876e-01 -2.644084177625956045e-01 -2.562869993356345910e-01 -2.509078324566657581e-01 -2.485636586450871710e-01 -2.371687156307576705e-01 -2.249109199319675456e-01 -2.234932662269586423e-01 -2.145225756387200700e-01 -2.067866931366837691e-01 -2.046988731906482506e-01 -1.964789536083669519e-01 -1.932192585625132630e-01 -1.899603781990911733e-01 -1.847177143462495341e-01 -1.810135549609498407e-01 -1.787598605370095406e-01 -1.620063666058885743e-01 -1.612954878101182099e-01 -1.278975132195525888e-01 -1.190056474189649521e-01 -9.336521332949707097e-02 -7.914435542483146124e-02 -5.858816531799596744e-02 -4.671112211175110218e-02 -4.060230867964773581e-03 4.060230867964554138e-03 4.671112211175147688e-02 5.858816531799607846e-02 7.914435542483151675e-02 9.336521332949707097e-02 1.190056474189652574e-01 1.278975132195539766e-01 1.612954878101173217e-01 1.620063666058881302e-01 1.787598605370080140e-01 1.810135549609502570e-01 1.847177143462508386e-01 1.899603781990910623e-01 1.932192585625115699e-01 1.964789536083673682e-01 2.046988731906481951e-01 2.067866931366830752e-01 2.145225756387165172e-01 2.234932662269599746e-01 2.249109199319698771e-01 2.371687156307574762e-01 2.485636586450861718e-01 2.509078324566658136e-01 2.562869993356345910e-01 2.644084177625942167e-01 2.764522508147818636e-01 2.796289038866278109e-01 2.935642311834144591e-01 2.989271796825947458e-01 3.036090432949344886e-01 3.090734126411361360e-01 3.173946127106781478e-01 3.224995984182112974e-01 3.286885971570662757e-01 3.308275202808768078e-01 3.341642160503713321e-01 3.548691715213092568e-01 4.053295943546625368e-01 4.574688102544617330e-01 4.950429399580724699e-01 4.956327262499061748e-01 5.015837563810315869e-01 5.036332662374602975e-01 5.105326144885231621e-01 5.120687009667420631e-01 5.209843307543404745e-01 5.243346431520695683e-01 5.370874615040436284e-01 5.398632018465655547e-01 5.499088437224428638e-01
-5.465727872712132784e-01 -5.363995453242144107e-01 -5.338772960815324486e-01 -5.212334030750518377e-01 -5.172695471724864102e-01 -5.091205868550221503e-01 -5.039983107156733588e-01 -5.007042938723655912e-01 -4.985558930028021751e-01 -4.928325888265071009e-01 -4.920239877218002267e-01 -4.504330964799461712e-01 -3.987995919880394369e-01 -3.490369335835862286e-01 -3.329803972987224747e-01 -3.296949972576125321e-01 -3.274855536939629830e-01 -3.213878094893253268e-01 -3.163037733912356098e-01 -3.082116544113510104e-01 -2.991492755911971391e-01 -2.981244324653470334e-01 -2.922389772599636726e-01 -2.790873916536558141e-01 -2.758567615638838344e-01 -2.640667049818445911e-01 -2.532584519715822546e-01 -2.506308408176076696e-01 -2.465675374234392869e-01 -2.371444245677398754e-01 -2.250254844403190291e-01 -2.233893035040907527e-01 -2.146462671328085714e-01 -2.050612507542142471e-01 -2.026939540307126086e-01 -1.968409285290388389e-01 -1.934701512223148956e-01 -1.904928774459904717e-01 -1.853095030258085363e-01 -1.816511670426630698e-01 -1.794251707737168078e-01 -1.618560866595682990e-01 -1.581047876199684621e-01 -1.287365800840781782e-01 -1.156553435253497575e-01 -9.437257958533468161e-02 -7.661731966591073251e-02 -5.935964389430321148e-02 -4.545670299911944851e-02 -4.553799295896042779e-03 4.553799295896126913e-03 4.545670299911930973e-02 5.935964389430330862e-02 7.661731966591102394e-02 9.437257958533526447e-02 1.156553435253497436e-01 1.287365800840784558e-01 1.581047876199711544e-01 1.618560866595700198e-01 1.794251707737143098e-01 1.816511670426642910e-01 1.853095030258080089e-01 1.904928774459904162e-01 1.934701512223140352e-01 1.968409285290367849e-01 2.026939540307113874e-01 2.050612507542156626e-01 2.146462671328083494e-01 2.233893035040923070e-01 2.250254844403195564e-01 2.371444245677407914e-01 2.465675374234371775e-01 2.506308408176065039e-01 2.532584519715803117e-01 2.640667049818444245e-01 2.758567615638802817e-01 2.790873916536557031e-01 2.922389772599645608e-01 2.981244324653448130e-01 2.991492755911980828e-01 3.082116544113512879e-01 3.163037733912358318e-01 3.213878094893253268e-01 3.274855536939630940e-01 3.296949972576128651e-01 3.329803972987224192e-01 3.490369335835868947e-01 3.987995919880361062e-01 4.504330964799397874e-01 4.920239877218019475e-01 4.928325888265050470e-01 4.985558930028008429e-01 5.007042938723669234e-01 5.039983107156738029e-01 5.091205868550237046e-01 5.172695471724897409e-01 5.212334030750507274e-01 5.338772960815332258e-01 5.363995453242181854e-01 5.465727872712130564e-01
-5.430319712278409705e-01 -5.326785991490932126e-01 -5.304610654119741309e-01 -5.179508544967933448e-01 -5.136432101006201956e-01 -5.059781836760496310e-01 -4.978174497334357795e-01 -4.975877557604659329e-01 -4.948309025278888051e-01 -4.898456997771823973e-01 -4.885666853036714219e-01 -4.433068894169381879e-01 -3.922063095730976001e-01 -3.432459645401492176e-01 -3.316659892857222180e-01 -3.284027613313838523e-01 -3.260792103362521455e-01 -3.201807309937128032e-01 -3.151195795351497964e-01 -3.072090763330965757e-01 -2.971906199739670629e-01 -2.956101125438355126e-01 -2.897517411385424069e-01 -2.784306230503437174e-01 -2.751151460169176111e-01 -2.635924296381195742e-01 -2.515706395282261698e-01 -2.502598652046481020e-01 -2.430510179205232213e-01 -2.370055421595976541e-01 -2.250132283620270013e-01 -2.232087565385030559e-01 -2.147301248902793724e-01 -2.053119222876297889e-01 -1.989655836271508049e-01 -1.966105409003711391e-01 -1.936275991592939782e-01 -1.909180983184242952e-01 -1.857902220936724913e-01 -1.821834679411183933e-01 -1.799847698043232080e-01 -1.623276330820162261e-01 -1.542093049163620888e-01 -1.294881566802900952e-01 -1.123801136278192031e-01 -9.526496366880318756e-02 -7.431887093409854372e-02 -5.993409906606065457e-02 -4.440194662334349951e-02 -4.888646455195069102e-03 4.888646455195174920e-03 4.440194662334332604e-02 5.993409906606101539e-02 7.431887093409836331e-02 9.526496366880392308e-02 1.123801136278197721e-01 1.294881566802922601e-01 1.542093049163608398e-01 1.623276330820165869e-01 1.799847698043242072e-01 1.821834679411175606e-01 1.857902220936724358e-01 1.909180983184252667e-01 1.936275991592936452e-01 1.966105409003737758e-01 1.989655836271477518e-01 2.053119222876267636e-01 2.147301248902782067e-01 2.232087565385038053e-01 2.250132283620265572e-01 2.370055421595995138e-01 2.430510179205218613e-01 2.502598652046469363e-01 2.515706395282254482e-01 2.635924296381205734e-01 2.751151460169195540e-01 2.784306230503453827e-01 2.897517411385426289e-01 2.956101125438345689e-01 2.971906199739652865e-01 3.072090763330957430e-01 3.151195795351472984e-01 3.201807309937102497e-01 3.260792103362536998e-01 3.284027613313829641e-01 3.316659892857179437e-01 3.432459645401485515e-01 3.922063095731022631e-01 4.433068894169385210e-01 4.885666853036662594e-01 4.898456997771793997e-01 4.948309025278908591e-01 4.975877557604657109e-01 4.978174497334328930e-01 5.059781836760530727e-01 5.136432101006238593e-01 5.179508544967955652e-01 5.304610654119775726e-01 5.326785991490992078e-01 5.430319712278408595e-01
-5.392791163317230962e-01 -5.286493260571673014e-01 -5.268248373479972324e-01 -5.144699317323407906e-01 -5.099524329593453364e-01 -5.026343966313757683e-01 -4.942749573423680376e-01 -4.933337448956751636e-01 -4.896883643576176448e-01 -4.866642766564198141e-01 -4.841891356706196636e-01 -4.360907952375627228e-01 -3.855488966935459727e-01 -3.375771915467784545e-01 -3.302112524525857018e-01 -3.269340086870602402e-01 -3.243973715497553978e-01 -3.188535901100808534e-01 -3.138172809470468616e-01 -3.060571421642727663e-01 -2.961193868135005292e-01 -2.934252722031092664e-01 -2.857329412140325875e-01 -2.776479958527356962e-01 -2.742007188651067184e-01 -2.629761138894834982e-01 -2.505341914877947662e-01 -2.497874056080780225e-01 -2.387197367545415283e-01 -2.367455444671452969e-01 -2.248596742952889971e-01 -2.229320475695894255e-01 -2.147227888630570680e-01 -2.054462050169471310e-01 -1.979520530821614333e-01 -1.936847644469223417e-01 -1.935079354128984019e-01 -1.912316367657379279e-01 -1.861483733029025145e-01 -1.826062684081775633e-01 -1.804346461031733906e-01 -1.627035282184728926e-01 -1.503336925867686802e-01 -1.301382601376615822e-01 -1.092375628667402038e-01 -9.598189607967076709e-02 -7.238124447304337961e-02 -6.017317228189641293e-02 -4.355810162106196759e-02 -5.049160504053734101e-03 5.049160504053726295e-03 4.355810162106225902e-02 6.017317228189635048e-02 7.238124447304347675e-02 9.598189607967004544e-02 1.092375628667414389e-01 1.301382601376624149e-01 1.503336925867692908e-01 1.627035282184706444e-01 1.804346461031744453e-01 1.826062684081764809e-01 1.861483733028999332e-01 1.912316367657393157e-01 1.935079354129000673e-01 1.936847644469230911e-01 1.979520530821621271e-01 2.054462050169481857e-01 2.147227888630544590e-01 2.229320475695870385e-01 2.248596742952918281e-01 2.367455444671437981e-01 2.387197367545413895e-01 2.497874056080766902e-01 2.505341914877931009e-01 2.629761138894858297e-01 2.742007188651041094e-01 2.776479958527358627e-01 2.857329412140314773e-01 2.934252722031081007e-01 2.961193868135021390e-01 3.060571421642727663e-01 3.138172809470484714e-01 3.188535901100802983e-01 3.243973715497555643e-01 3.269340086870610729e-01 3.302112524525863679e-01 3.375771915467801199e-01 3.855488966935491368e-01 4.360907952375588370e-01 4.841891356706210514e-01 4.866642766564193145e-01 4.896883643576168677e-01 4.933337448956754967e-01 4.942749573423672049e-01 5.026343966313745470e-01 5.099524329593424499e-01 5.144699317323423449e-01 5.268248373479957891e-01 5.286493260571664132e-01 5.392791163317205427e-01
-5.353066282556329103e-01 -5.242252258999775538e-01 -5.229313027209426812e-01 -5.107800938397762947e-01 -5.061257034803016142e-01 -4.990817645833639515e-01 -4.907570075307147728e-01 -4.896119576143321828e-01 -4.848051187837860154e-01 -4.832804448412356679e-01 -4.782014532461482670e-01 -4.287845769959713893e-01 -3.788265421672929456e-01 -3.322228521269813828e-01 -3.286077717387740349e-01 -3.252649594900843266e-01 -3.222655612898182032e-01 -3.173909258972761327e-01 -3.123817664686567297e-01 -3.047451832744403344e-01 -2.949040047513116769e-01 -2.918591981079282083e-01 -2.810071991176830708e-01 -2.767309997315388070e-01 -2.730448143252232618e-01 -2.622037952463220356e-01 -2.496451409134106680e-01 -2.492022690221879222e-01 -2.363583933535780834e-01 -2.341129756388427297e-01 -2.245319848296627452e-01 -2.225473255280842610e-01 -2.146054498207419503e-01 -2.054590886201735911e-01 -1.979181486034852777e-01 -1.936354352143428992e-01 -1.914290253840380263e-01 -1.893443147447867181e-01 -1.863266012756616130e-01 -1.829153697593697558e-01 -1.807702021533437176e-01 -1.629763299842206525e-01 -1.465000575836731267e-01 -1.306633732400306613e-01 -1.063591709893653148e-01 -9.638905348143639307e-02 -7.098175457895600227e-02 -5.989439483768321804e-02 -4.292959645531559815e-02 -5.027370806235643974e-03 5.027370806235693414e-03 4.292959645531557039e-02 5.989439483768303069e-02 7.098175457895634921e-02 9.638905348143500529e-02 1.063591709893651066e-01 1.306633732400294123e-01 1.465000575836734042e-01 1.629763299842200419e-01 1.807702021533461323e-01 1.829153697593691452e-01 1.863266012756628065e-01 1.893443147447874675e-01 1.914290253840386924e-01 1.936354352143435931e-01 1.979181486034852500e-01 2.054590886201746736e-01 2.146054498207426164e-01 2.225473255280847051e-01 2.245319848296623011e-01 2.341129756388423411e-01 2.363583933535797765e-01 2.492022690221894210e-01 2.496451409134139710e-01 2.622037952463228128e-01 2.730448143252228732e-01 2.767309997315410275e-01 2.810071991176824602e-01 2.918591981079271536e-01 2.949040047513130647e-01 3.047451832744394462e-01 3.123817664686576179e-01 3.173909258972779091e-01 3.222655612898177035e-01 3.252649594900833829e-01 3.286077717387724251e-01 3.322228521269812163e-01 3.788265421672900590e-01 4.287845769959817699e-01 4.782014532461450473e-01 4.832804448412342246e-01 4.848051187837865705e-01 4.896119576143329044e-01 4.907570075307149948e-01 4.990817645833612870e-01 5.061257034802980614e-01 5.107800938397769608e-01 5.229313027209424591e-01 5.242252258999747783e-01 5.353066282556308009e-01
-5.282639955191478220e-01 -5.194278127113113319e-01 -5.185095997134664403e-01 -5.068723467142155492e-01 -5.021248493517501688e-01 -4.953123788617078693e-01 -4.870245306378667705e-01 -4.858610984959870205e-01 -4.805859382822040282e-01 -4.796860793427441538e-01 -4.710049267829955477e-01 -4.213873992339073338e-01 -3.720385435766267457e-01 -3.275922641731547902e-01 -3.268476762371133604e-01 -3.233737897304129749e-01 -3.192947774966422569e-01 -3.157813621198566900e-01 -3.108020586097188231e-01 -3.032581500439150424e-01 -2.935370065760346536e-01 -2.904034912576775040e-01 -2.763562648753907225e-01 -2.756720320949176961e-01 -2.713955602609412487e-01 -2.612502800400647307e-01 -2.487297054554052089e-01 -2.484935707937334093e-01 -2.358381328992258941e-01 -2.295229594376974880e-01 -2.239124190572312767e-01 -2.220458901505777405e-01 -2.143676961906156864e-01 -2.053449792937696305e-01 -1.978660319694101333e-01 -1.934735563992359408e-01 -1.915056240179819902e-01 -1.868189656194942927e-01 -1.846341300055936718e-01 -1.831064583250677225e-01 -1.809838023767908755e-01 -1.631365901832622922e-01 -1.427554263420881819e-01 -1.310143629931316278e-01 -1.040469901473873443e-01 -9.618158800218676308e-02 -7.024091727609142743e-02 -5.897302649612881642e-02 -4.251279504864626663e-02 -4.824168222257211106e-03 4.824168222257125237e-03 4.251279504864622499e-02 5.897302649612948255e-02 7.024091727609139968e-02 9.618158800218640225e-02 1.040469901473874276e-01 1.310143629931305731e-01 1.427554263420888481e-01 1.631365901832614596e-01 1.809838023767913195e-01 1.831064583250667788e-01 1.846341300055919510e-01 1.868189656194923498e-01 1.915056240179817959e-01 1.934735563992341645e-01 1.978660319694078018e-01 2.053449792937694085e-01 2.143676961906176015e-01 2.220458901505792115e-01 2.239124190572309714e-01 2.295229594376958226e-01 2.358381328992239512e-01 2.484935707937364069e-01 2.487297054554063747e-01 2.612502800400652858e-01 2.713955602609433027e-01 2.756720320949215264e-01 2.763562648753947193e-01 2.904034912576795580e-01 2.935370065760339875e-01 3.032581500439167632e-01 3.108020586097207660e-01 3.157813621198550802e-01 3.192947774966449215e-01 3.233737897304174158e-01 3.268476762371176347e-01 3.275922641731580653e-01 3.720385435766288551e-01 4.213873992339087216e-01 4.710049267829938824e-01 4.796860793427417113e-01 4.805859382822047499e-01 4.858610984959848555e-01 4.870245306378633288e-01 4.953123788617088685e-01 5.021248493517486144e-01 5.068723467142166594e-01 5.185095997134665513e-01 5.194278127113119981e-01 5.282639955191490433e-01
-5.213639514991837975e-01 -5.148607463095598025e-01 -5.125786391021324162e-01 -5.027380241156622631e-01 -4.979259082057748143e-01 -4.913177467059843817e-01 -4.830673112092278565e-01 -4.819415123072246510e-01 -4.764960530379994674e-01 -4.758726644767138358e-01 -4.632727356922239359e-01 -4.138979771778354966e-01 -3.651844141475650840e-01 -3.249231834851206147e-01 -3.240538275271878654e-01 -3.212810476146824579e-01 -3.151052363759319075e-01 -3.140153963633138257e-01 -3.090690506725545239e-01 -3.015710002745665141e-01 -2.920095460886386052e-01 -2.888942868071451286e-01 -2.744637814078848548e-01 -2.728268003121661067e-01 -2.684208182243000840e-01 -2.600558576805321875e-01 -2.477248438700788979e-01 -2.476517820217180310e-01 -2.351786161245603135e-01 -2.257081586404627582e-01 -2.223047098665804355e-01 -2.214204117428038576e-01 -2.140019163895851007e-01 -2.050971541208656823e-01 -1.977124221599512455e-01 -1.931928817633757067e-01 -1.914565155589848799e-01 -1.867002470650142298e-01 -1.831750545120807705e-01 -1.811478324450134514e-01 -1.803155381131048007e-01 -1.631702621253014740e-01 -1.392271825710732214e-01 -1.310612912776243921e-01 -1.027262821164670742e-01 -9.493150328148818040e-02 -7.009016443999077639e-02 -5.747430567973839388e-02 -4.229580733671387677e-02 -4.449467972104284574e-03 4.449467972104382586e-03 4.229580733671398085e-02 5.747430567973864368e-02 7.009016443999080415e-02 9.493150328148806938e-02 1.027262821164674489e-01 1.310612912776262518e-01 1.392271825710745259e-01 1.631702621253017793e-01 1.803155381131042734e-01 1.811478324450152833e-01 1.831750545120792439e-01 1.867002470650147850e-01 1.914565155589833256e-01 1.931928817633744300e-01 1.977124221599514953e-01 2.050971541208655990e-01 2.140019163895858223e-01 2.214204117428039686e-01 2.223047098665803523e-01 2.257081586404614815e-01 2.351786161245620899e-01 2.476517820217167820e-01 2.477248438700777600e-01 2.600558576805305222e-01 2.684208182243000840e-01 2.728268003121666063e-01 2.744637814078831894e-01 2.888942868071476267e-01 2.920095460886375505e-01 3.015710002745662921e-01 3.090690506725539133e-01 3.140153963633135481e-01 3.151052363759319075e-01 3.212810476146832905e-01 3.240538275271865887e-01 3.249231834851201706e-01 3.651844141475641958e-01 4.138979771778369399e-01 4.632727356922188844e-01 4.758726644767066749e-01 4.764960530379973580e-01 4.819415123072268159e-01 4.830673112092270238e-01 4.913177467059816061e-01 4.979259082057728159e-01 5.027380241156569340e-01 5.125786391021335264e-01 5.148607463095588033e-01 5.213639514991854629e-01
-5.152651905161085288e-01 -5.102779240499514257e-01 -5.052615258184774971e-01 -4.983683761095649145e-01 -4.935114142342942323e-01 -4.870885160117178758e-01 -4.788737396006918501e-01 -4.778143051015616982e-01 -4.723103575022137290e-01 -4.718311302863685830e-01 -4.552593864772763732e-01 -4.063146709255503475e-01 -3.582640567540534282e-01 -3.228262637405241442e-01 -3.212793438918167266e-01 -3.190502486704819285e-01 -3.120843415960776190e-01 -3.099992861930101484e-01 -3.071744615999495998e-01 -2.996322261012508426e-01 -2.903100222031241850e-01 -2.872720647296725383e-01 -2.730988290647342054e-01 -2.706626007274896550e-01 -2.641209941390085247e-01 -2.584238055789298549e-01 -2.466691086263757549e-01 -2.466013856238774560e-01 -2.343732327063211274e-01 -2.239537513889113818e-01 -2.206641243059424273e-01 -2.184522071083344341e-01 -2.135015322377210867e-01 -2.047062797178527127e-01 -1.974369498652574495e-01 -1.927866023642524906e-01 -1.912763485728823099e-01 -1.865673333772530917e-01 -1.831164799709091295e-01 -1.810730319253348597e-01 -1.760120189878709995e-01 -1.630515413995873297e-01 -1.363069950366281868e-01 -1.304096189741833500e-01 -1.023529933612733339e-01 -9.268019087341498874e-02 -7.033161108113354654e-02 -5.559365994091242102e-02 -4.225949318940223215e-02 -3.921185125361665268e-03 3.921185125361700829e-03 4.225949318940237787e-02 5.559365994091272634e-02 7.033161108113361593e-02 9.268019087341501649e-02 1.023529933612736670e-01 1.304096189741844325e-01 1.363069950366292415e-01 1.630515413995898555e-01 1.760120189878694730e-01 1.810730319253320009e-01 1.831164799709097679e-01 1.865673333772537579e-01 1.912763485728815049e-01 1.927866023642512416e-01 1.974369498652574773e-01 2.047062797178540172e-01 2.135015322377213087e-01 2.184522071083321026e-01 2.206641243059442870e-01 2.239537513889137965e-01 2.343732327063199339e-01 2.466013856238783719e-01 2.466691086263754773e-01 2.584238055789270239e-01 2.641209941390085247e-01 2.706626007274899881e-01 2.730988290647322070e-01 2.872720647296705954e-01 2.903100222031245736e-01 2.996322261012516752e-01 3.071744615999483785e-01 3.099992861930124799e-01 3.120843415960778411e-01 3.190502486704812068e-01 3.212793438918150057e-01 3.228262637405251989e-01 3.582640567540503751e-01 4.063146709255533451e-01 4.552593864772763732e-01 4.718311302863688605e-01 4.723103575022152834e-01 4.778143051015621423e-01 4.788737396006919611e-01 4.870885160117229273e-01 4.935114142342967858e-01 4.983683761095688003e-01 5.052615258184819380e-01 5.102779240499533131e-01 5.152651905161096391e-01
-5.096113932930226298e-01 -5.054825121526478338e-01 -4.971004248468440245e-01 -4.937543922146142572e-01 -4.888670104514075132e-01 -4.826138077412349681e-01 -4.744297856060475382e-01 -4.734604548546436087e-01 -4.679486228763903299e-01 -4.675516086427321527e-01 -4.470498730505783613e-01 -3.986355466289073224e-01 -3.512780636198020168e-01 -3.205482985187224632e-01 -3.187398955849413129e-01 -3.167032696727243302e-01 -3.099797432798945818e-01 -3.051102904589114151e-01 -3.046101943950296209e-01 -2.973073964544571401e-01 -2.884205548297347765e-01 -2.855086472118401608e-01 -2.715692945303940231e-01 -2.688563103490614337e-01 -2.602213306565537843e-01 -2.556508292909355773e-01 -2.455371154407297030e-01 -2.453437473441718863e-01 -2.334145033898254173e-01 -2.229137339274499807e-01 -2.197703964503355811e-01 -2.137245934618474674e-01 -2.128603071583592687e-01 -2.041551553262941909e-01 -1.970295073352190951e-01 -1.922467876953996568e-01 -1.909590009017157475e-01 -1.863167433636723214e-01 -1.829258291916443513e-01 -1.809093410482661424e-01 -1.717323883683629926e-01 -1.627181552243659179e-01 -1.346670625592540638e-01 -1.283840362745145847e-01 -1.024527286309220159e-01 -8.989947396768645238e-02 -7.078597247975716711e-02 -5.350878486993027039e-02 -4.237937086903824369e-02 -3.263314232595547655e-03 3.263314232595487373e-03 4.237937086903818124e-02 5.350878486992989569e-02 7.078597247975693119e-02 8.989947396768716015e-02 1.024527286309224877e-01 1.283840362745140296e-01 1.346670625592529813e-01 1.627181552243675278e-01 1.717323883683641306e-01 1.809093410482651154e-01 1.829258291916425194e-01 1.863167433636696568e-01 1.909590009017161083e-01 1.922467876953997956e-01 1.970295073352176518e-01 2.041551553262957175e-01 2.128603071583579087e-01 2.137245934618463294e-01 2.197703964503340823e-01 2.229137339274507856e-01 2.334145033898241406e-01 2.453437473441744676e-01 2.455371154407288981e-01 2.556508292909357993e-01 2.602213306565550055e-01 2.688563103490617112e-01 2.715692945303939676e-01 2.855086472118389951e-01 2.884205548297328336e-01 2.973073964544530878e-01 3.046101943950288438e-01 3.051102904589112486e-01 3.099797432798951924e-01 3.167032696727244412e-01 3.187398955849400917e-01 3.205482985187226297e-01 3.512780636197976314e-01 3.986355466289074334e-01 4.470498730505814144e-01 4.675516086427348728e-01 4.679486228763923839e-01 4.734604548546449965e-01 4.744297856060462060e-01 4.826138077412333027e-01 4.888670104514071801e-01 4.937543922146162001e-01 4.971004248468461895e-01 5.054825121526446141e-01 5.096113932930221857e-01
-5.040445505427526562e-01 -5.004392756470572579e-01 -4.888867067318857229e-01 -4.884840572057611574e-01 -4.839798149415115991e-01 -4.778791985257975217e-01 -4.697168283798002775e-01 -4.688665045870213932e-01 -4.633740192095445742e-01 -4.630229925251663770e-01 -4.386770847082003266e-01 -3.908584173136071538e-01 -3.442282657872425822e-01 -3.180795973726468495e-01 -3.161795268823822114e-01 -3.142208469863368436e-01 -3.076929876686300691e-01 -3.028684837981124311e-01 -2.996106462134484061e-01 -2.942077109750092512e-01 -2.863060121298696137e-01 -2.835870179843116290e-01 -2.698663743526714121e-01 -2.670294609797788099e-01 -2.576755298219872703e-01 -2.511649796164548420e-01 -2.442490388653048294e-01 -2.439399045282089062e-01 -2.322932673929673231e-01 -2.218846567357220800e-01 -2.187324461510445628e-01 -2.120720187346036012e-01 -2.088819445863123181e-01 -2.033905682714495511e-01 -1.964826686678796397e-01 -1.915633536709976659e-01 -1.904966438185639876e-01 -1.859328711410016544e-01 -1.825979368746462606e-01 -1.806116976759656878e-01 -1.677325523715399447e-01 -1.619636000841676304e-01 -1.340590888715842144e-01 -1.252295353290627800e-01 -1.027113167626195062e-01 -8.690107168465084631e-02 -7.133798669656242486e-02 -5.133423691764696373e-02 -4.262787102725841548e-02 -2.503669707937590094e-03 2.503669707937714560e-03 4.262787102725850569e-02 5.133423691764688740e-02 7.133798669656234159e-02 8.690107168465091569e-02 1.027113167626184098e-01 1.252295353290621138e-01 1.340590888715829376e-01 1.619636000841676859e-01 1.677325523715371969e-01 1.806116976759637727e-01 1.825979368746462050e-01 1.859328711410007384e-01 1.904966438185636268e-01 1.915633536709964169e-01 1.964826686678800283e-01 2.033905682714488017e-01 2.088819445863124846e-01 2.120720187346051000e-01 2.187324461510455620e-01 2.218846567357211086e-01 2.322932673929654079e-01 2.439399045282113487e-01 2.442490388653047184e-01 2.511649796164547310e-01 2.576755298219888246e-01 2.670294609797794205e-01 2.698663743526725223e-01 2.835870179843141270e-01 2.863060121298715011e-01 2.942077109750090291e-01 2.996106462134486836e-01 3.028684837981132083e-01 3.076929876686282928e-01 3.142208469863380094e-01 3.161795268823818228e-01 3.180795973726464609e-01 3.442282657872407503e-01 3.908584173136039897e-01 4.386770847081934988e-01 4.630229925251677092e-01 4.633740192095455179e-01 4.688665045870203940e-01 4.697168283797997224e-01 4.778791985257953012e-01 4.839798149415137085e-01 4.884840572057649877e-01 4.888867067318887205e-01 5.004392756470580350e-01 5.040445505427552098e-01
-4.983782606012825966e-01 -4.951321463672972989e-01 -4.837555361097026219e-01 -4.796313729396769476e-01 -4.788375543584764693e-01 -4.728583943213084950e-01 -4.647064570345578183e-01 -4.640208068287444143e-01 -4.585644361779602773e-01 -4.582320035642041267e-01 -4.301550396214693928e-01 -3.829808710130708782e-01 -3.371188190855211042e-01 -3.154085201288887030e-01 -3.134996476156431400e-01 -3.115793435518070531e-01 -3.052149488248766529e-01 -3.004406804460947877e-01 -2.957011145132126262e-01 -2.898247139837862307e-01 -2.838704110365477540e-01 -2.814946873688803364e-01 -2.679795296071416089e-01 -2.650860598772793453e-01 -2.556715461404476253e-01 -2.458753423547558326e-01 -2.427976182881228240e-01 -2.423804959620622645e-01 -2.309966599047093005e-01 -2.207474877257676049e-01 -2.175430762972449250e-01 -2.111302638786371200e-01 -2.044502802900814986e-01 -2.020142189937197130e-01 -1.957898192323630215e-01 -1.907221691595533675e-01 -1.898763084181998295e-01 -1.854075713330987085e-01 -1.821273283869415394e-01 -1.801730688565767458e-01 -1.647213650364938997e-01 -1.600807443164611321e-01 -1.337809051439576014e-01 -1.216448232725293177e-01 -1.029932630183884312e-01 -8.381819844764862304e-02 -7.191955570919264518e-02 -4.913832398805794560e-02 -4.297638340520725658e-02 -1.671831133163520066e-03 1.671831133163651688e-03 4.297638340520729822e-02 4.913832398805786233e-02 7.191955570919214558e-02 8.381819844764797078e-02 1.029932630183872794e-01 1.216448232725288181e-01 1.337809051439575458e-01 1.600807443164623534e-01 1.647213650364928172e-01 1.801730688565774674e-01 1.821273283869405679e-01 1.854075713331019837e-01 1.898763084182015781e-01 1.907221691595541446e-01 1.957898192323649367e-01 2.020142189937202681e-01 2.044502802900824423e-01 2.111302638786389518e-01 2.175430762972435372e-01 2.207474877257674106e-01 2.309966599047123814e-01 2.423804959620624311e-01 2.427976182881230183e-01 2.458753423547564432e-01 2.556715461404480139e-01 2.650860598772785126e-01 2.679795296071432187e-01 2.814946873688782270e-01 2.838704110365440902e-01 2.898247139837852870e-01 2.957011145132122376e-01 3.004406804460946212e-01 3.052149488248768194e-01 3.115793435518038890e-01 3.134996476156416412e-01 3.154085201288864271e-01 3.371188190855174405e-01 3.829808710130657712e-01 4.301550396214650629e-01 4.582320035642065692e-01 4.585644361779576683e-01 4.640208068287442478e-01 4.647064570345560419e-01 4.728583943213046092e-01 4.788375543584757477e-01 4.796313729396753933e-01 4.837555361097014561e-01 4.951321463672979650e-01 4.983782606012840399e-01
-4.925229907565867871e-01 -4.895485881867938094e-01 -4.783506288996676736e-01 -4.734280519111689345e-01 -4.707572019359063664e-01 -4.674543977406449002e-01 -4.593462901402443066e-01 -4.589122380965168224e-01 -4.535034589492935031e-01 -4.531608861768541829e-01 -4.214895961751947140e-01 -3.750002912212387907e-01 -3.299585641832236127e-01 -3.125195700486357309e-01 -3.106568023202251894e-01 -3.087600431039333460e-01 -3.025355420420238195e-01 -2.978179446035117417e-01 -2.925805079037586132e-01 -2.848582298863541751e-01 -2.807529136854827190e-01 -2.792211147267607552e-01 -2.658947155454784439e-01 -2.629908153763648171e-01 -2.536946760827352709e-01 -2.411755655296664302e-01 -2.406569523745568373e-01 -2.403400016231322933e-01 -2.295018551983748489e-01 -2.194677123121537010e-01 -2.161943155625188351e-01 -2.100282976818667602e-01 -2.022533017833156310e-01 -1.982703121363622589e-01 -1.949445283325698108e-01 -1.897051970505443386e-01 -1.890616830742883892e-01 -1.847341493695774106e-01 -1.815081191355293888e-01 -1.795874989110186060e-01 -1.631693240460577177e-01 -1.565968076046493906e-01 -1.335455724957499979e-01 -1.179132541318062000e-01 -1.032382457977491091e-01 -8.070915428636764311e-02 -7.248931005976080866e-02 -4.696358035056879404e-02 -4.339674756488650503e-02 -7.976235492187436346e-04 7.976235492187193485e-04 4.339674756488640095e-02 4.696358035056875935e-02 7.248931005976121111e-02 8.070915428636765698e-02 1.032382457977490120e-01 1.179132541318070604e-01 1.335455724957490820e-01 1.565968076046500845e-01 1.631693240460588001e-01 1.795874989110189668e-01 1.815081191355299439e-01 1.847341493695763281e-01 1.890616830742874177e-01 1.897051970505430063e-01 1.949445283325671463e-01 1.982703121363608711e-01 2.022533017833156310e-01 2.100282976818663716e-01 2.161943155625189461e-01 2.194677123121554496e-01 2.295018551983795396e-01 2.403400016231309611e-01 2.406569523745580863e-01 2.411755655296662915e-01 2.536946760827335501e-01 2.629908153763643730e-01 2.658947155454786659e-01 2.792211147267595894e-01 2.807529136854818863e-01 2.848582298863551188e-01 2.925805079037580025e-01 2.978179446035131295e-01 3.025355420420245967e-01 3.087600431039320692e-01 3.106568023202233575e-01 3.125195700486323447e-01 3.299585641832266658e-01 3.750002912212428430e-01 4.214895961751928821e-01 4.531608861768536833e-01 4.535034589492923374e-01 4.589122380965177661e-01 4.593462901402425858e-01 4.674543977406435125e-01 4.707572019359073656e-01 4.734280519111701557e-01 4.783506288996717259e-01 4.895485881867946421e-01 4.925229907565848442e-01
-4.864302941648495637e-01 -4.836767688965339929e-01 -4.726612193175979137e-01 -4.677388783392267824e-01 -4.628617033048930685e-01 -4.608181227589816520e-01 -4.535296635067904147e-01 -4.535172772966102883e-01 -4.481770186881043339e-01 -4.477805493216018839e-01 -4.126825327383280007e-01 -3.669138732914082879e-01 -3.227668304673563804e-01 -3.093885413518125405e-01 -3.076270053415664507e-01 -3.057481499840248862e-01 -2.996429765248594945e-01 -2.949903840691582291e-01 -2.896322548917003026e-01 -2.807745361333259249e-01 -2.767565523688468865e-01 -2.761247451878016679e-01 -2.635897742103353592e-01 -2.607250141396399989e-01 -2.516073269247056654e-01 -2.393753782428471033e-01 -2.387609375760257058e-01 -2.347581094180607730e-01 -2.277502630689339225e-01 -2.180286961693752579e-01 -2.146767543931312194e-01 -2.087588343857724738e-01 -2.009495358807596721e-01 -1.939402853521312864e-01 -1.936558317978777088e-01 -1.885390413020558431e-01 -1.878646348501861740e-01 -1.839061839272574939e-01 -1.807337336250491311e-01 -1.788490036595398736e-01 -1.621723728331680159e-01 -1.524121284024226308e-01 -1.332578570737621426e-01 -1.141263972648694919e-01 -1.034151058747552476e-01 -7.760348126419125414e-02 -7.302023311579680653e-02 -4.483917153125833999e-02 -4.386207495148884000e-02 -8.979061076237287954e-05 8.979061076239281531e-05 4.386207495148870122e-02 4.483917153125821509e-02 7.302023311579629306e-02 7.760348126419139292e-02 1.034151058747556362e-01 1.141263972648683817e-01 1.332578570737612267e-01 1.524121284024216039e-01 1.621723728331694592e-01 1.788490036595400678e-01 1.807337336250492699e-01 1.839061839272566057e-01 1.878646348501842034e-01 1.885390413020555656e-01 1.936558317978791799e-01 1.939402853521331183e-01 2.009495358807587562e-01 2.087588343857731399e-01 2.146767543931305811e-01 2.180286961693754244e-01 2.277502630689317298e-01 2.347581094180614669e-01 2.387609375760285368e-01 2.393753782428456878e-01 2.516073269247031674e-01 2.607250141396398879e-01 2.635897742103331942e-01 2.761247451878010017e-01 2.767565523688477747e-01 2.807745361333230383e-01 2.896322548917025785e-01 2.949903840691589507e-01 2.996429765248587729e-01 3.057481499840240535e-01 3.076270053415650629e-01 3.093885413518116523e-01 3.227668304673556587e-01 3.669138732914064560e-01 4.126825327383276121e-01 4.477805493215994415e-01 4.481770186881020024e-01 4.535172772966118426e-01 4.535296635067888049e-01 4.608181227589789875e-01 4.628617033048896823e-01 4.677388783392261162e-01 4.726612193176006893e-01 4.836767688965332712e-01 4.864302941648517842e-01
-4.800692661498298097e-01 -4.775047712777594211e-01 -4.666759788866302605e-01 -4.617570616278616757e-01 -4.566427379065958192e-01 -4.525877880446060320e-01 -4.478616726635863965e-01 -4.469320732527355955e-01 -4.425719566459558885e-01 -4.420246154295470187e-01 -4.037333258747606290e-01 -3.587186398684418798e-01 -3.155902011153474684e-01 -3.059678482512593334e-01 -3.043938350296240825e-01 -3.025310552731871883e-01 -2.965222356887232125e-01 -2.919464548369479773e-01 -2.866131604126140875e-01 -2.775118258284005601e-01 -2.740914475359396141e-01 -2.703230384920223828e-01 -2.610198539614375091e-01 -2.582755845068052114e-01 -2.493620339092206817e-01 -2.373892241395827718e-01 -2.366839794653571583e-01 -2.294261530545039229e-01 -2.254915228919286418e-01 -2.164190955036753850e-01 -2.129780103114826961e-01 -2.073136992673469681e-01 -1.996010717558861225e-01 -1.927703614817882494e-01 -1.897057053454583586e-01 -1.873461125087879098e-01 -1.855541528011408481e-01 -1.829171731387478073e-01 -1.797957371887084765e-01 -1.779513743122551339e-01 -1.612327808203749546e-01 -1.480199569630056833e-01 -1.328784230542389699e-01 -1.103199105212856329e-01 -1.035049148424583704e-01 -7.451914131205694680e-02 -7.349304492127603505e-02 -4.434693876489636394e-02 -4.278749400739615544e-02 -9.623120214793060706e-04 9.623120214792180334e-04 4.278749400739600278e-02 4.434693876489643333e-02 7.349304492127588240e-02 7.451914131205701619e-02 1.035049148424592447e-01 1.103199105212865488e-01 1.328784230542407185e-01 1.480199569630065992e-01 1.612327808203755097e-01 1.779513743122556335e-01 1.797957371887095035e-01 1.829171731387488342e-01 1.855541528011410146e-01 1.873461125087877155e-01 1.897057053454587749e-01 1.927703614817891931e-01 1.996010717558882874e-01 2.073136992673455525e-01 2.129780103114843059e-01 2.164190955036744413e-01 2.254915228919283920e-01 2.294261530545024796e-01 2.366839794653590179e-01 2.373892241395841596e-01 2.493620339092203486e-01 2.582755845068062661e-01 2.610198539614395075e-01 2.703230384920197182e-01 2.740914475359398916e-01 2.775118258283995054e-01 2.866131604126113674e-01 2.919464548369464230e-01 2.965222356887213806e-01 3.025310552731864111e-01 3.043938350296254702e-01 3.059678482512613873e-01 3.155902011153503550e-01 3.587186398684382715e-01 4.037333258747535791e-01 4.420246154295429664e-01 4.425719566459521137e-01 4.469320732527347073e-01 4.478616726635855638e-01 4.525877880446044776e-01 4.566427379065957637e-01 4.617570616278627305e-01 4.666759788866300940e-01 4.775047712777568676e-01 4.800692661498288105e-01
-4.734169128899177736e-01 -4.710202946933769730e-01 -4.603829606887574477e-01 -4.554687783915921107e-01 -4.504470282158534733e-01 -4.448858099310062930e-01 -4.418964255392950347e-01 -4.393240364076290150e-01 -4.366753252581300759e-01 -4.356621243343775096e-01 -3.946400091431196411e-01 -3.504114585909306467e-01 -3.085604728305065270e-01 -3.021336123772349613e-01 -3.009440179241774094e-01 -2.990972075170976741e-01 -2.931514770340258313e-01 -2.886714438622406953e-01 -2.834383567573838802e-01 -2.743557153576058338e-01 -2.712160717473927618e-01 -2.642538658937355622e-01 -2.580594839417640896e-01 -2.556315991549708566e-01 -2.469353090741615853e-01 -2.352088209137175034e-01 -2.344171684420085222e-01 -2.254123569758240409e-01 -2.216840746915539895e-01 -2.146293886437833087e-01 -2.110783849014549740e-01 -2.056830420603834031e-01 -1.981078363555530408e-01 -1.914277150966499086e-01 -1.871936635884549338e-01 -1.860673223785217489e-01 -1.817603913425064055e-01 -1.815119808609474417e-01 -1.786739330624111111e-01 -1.768881103703860425e-01 -1.602176900411897420e-01 -1.435481744082341415e-01 -1.323864061637574363e-01 -1.065110781153780078e-01 -1.034943161101666426e-01 -7.389262936835749862e-02 -7.146960084684089720e-02 -4.482699741665772258e-02 -4.082762154682118005e-02 -1.792988402926084992e-03 1.792988402926077619e-03 4.082762154682133271e-02 4.482699741665772952e-02 7.146960084684168824e-02 7.389262936835724882e-02 1.034943161101667813e-01 1.065110781153790903e-01 1.323864061637569645e-01 1.435481744082329758e-01 1.602176900411910743e-01 1.768881103703891788e-01 1.786739330624117217e-01 1.815119808609477192e-01 1.817603913425061557e-01 1.860673223785235531e-01 1.871936635884568489e-01 1.914277150966506025e-01 1.981078363555520139e-01 2.056830420603839304e-01 2.110783849014556679e-01 2.146293886437843634e-01 2.216840746915565707e-01 2.254123569758267054e-01 2.344171684420065238e-01 2.352088209137179475e-01 2.469353090741640833e-01 2.556315991549689137e-01 2.580594839417630348e-01 2.642538658937332308e-01 2.712160717473929283e-01 2.743557153576061114e-01 2.834383567573836027e-01 2.886714438622399737e-01 2.931514770340265530e-01 2.990972075170971189e-01 3.009440179241787972e-01 3.021336123772355720e-01 3.085604728305039179e-01 3.504114585909283153e-01 3.946400091431196966e-01 4.356621243343766214e-01 4.366753252581266898e-01 4.393240364076272941e-01 4.418964255392981433e-01 4.448858099310081249e-01 4.504470282158509753e-01 4.554687783915905008e-01 4.603829606887560599e-01 4.710202946933739199e-01 4.734169128899155532e-01
-4.664539266624104785e-01 -4.642105078626649894e-01 -4.537695272919372580e-01 -4.488589366062178954e-01 -4.439875937776627812e-01 -4.378005389538160985e-01 -4.356215451807064487e-01 -4.316199908727446077e-01 -4.304740024916891561e-01 -4.279297695800415857e-01 -3.853996207316151557e-01 -3.419890662309498230e-01 -3.020800225181333176e-01 -2.975140562048239623e-01 -2.972655775122626798e-01 -2.954354479752916429e-01 -2.894921694038349869e-01 -2.851435660324367904e-01 -2.800695934590264335e-01 -2.710807154363424898e-01 -2.681202219159988243e-01 -2.586011221423805684e-01 -2.542666238143370117e-01 -2.527829175948030360e-01 -2.443116120160437887e-01 -2.328252760573893965e-01 -2.319507988433201218e-01 -2.227175145101945586e-01 -2.163696963963048503e-01 -2.126506471940327325e-01 -2.089351839208365424e-01 -2.038531075848764029e-01 -1.964436927098403840e-01 -1.899049016024696723e-01 -1.852825242814329920e-01 -1.846354629895371469e-01 -1.804288128647490719e-01 -1.775676606661460988e-01 -1.764427912217484407e-01 -1.756523817479219429e-01 -1.590812074333102233e-01 -1.390373453922010283e-01 -1.317680598541595138e-01 -1.033726051282252145e-01 -1.027103640383550676e-01 -7.420593873316989886e-02 -6.846750921172933824e-02 -4.527803639136646074e-02 -3.897705059783174858e-02 -2.555998182420651365e-03 2.555998182420682590e-03 3.897705059783173470e-02 4.527803639136650238e-02 6.846750921172904680e-02 7.420593873316951028e-02 1.027103640383552896e-01 1.033726051282250064e-01 1.317680598541591530e-01 1.390373453922013891e-01 1.590812074333109449e-01 1.756523817479228866e-01 1.764427912217481353e-01 1.775676606661453494e-01 1.804288128647494882e-01 1.846354629895364807e-01 1.852825242814336582e-01 1.899049016024686731e-01 1.964436927098414110e-01 2.038531075848782070e-01 2.089351839208362371e-01 2.126506471940308174e-01 2.163696963963065156e-01 2.227175145101927267e-01 2.319507988433201773e-01 2.328252760573895352e-01 2.443116120160439553e-01 2.527829175948013707e-01 2.542666238143361235e-01 2.586011221423822892e-01 2.681202219159986022e-01 2.710807154363415461e-01 2.800695934590236025e-01 2.851435660324351251e-01 2.894921694038354310e-01 2.954354479752929197e-01 2.972655775122625688e-01 2.975140562048264603e-01 3.020800225181319854e-01 3.419890662309493790e-01 3.853996207316173761e-01 4.279297695800392543e-01 4.304740024916888230e-01 4.316199908727466061e-01 4.356215451807068373e-01 4.378005389538149328e-01 4.439875937776654458e-01 4.488589366062172292e-01 4.537695272919379241e-01 4.642105078626663217e-01 4.664539266624113667e-01
-4.591626627453568310e-01 -4.570619556407018447e-01 -4.468222423458231285e-01 -4.419104917965451240e-01 -4.372168196804024354e-01 -4.308107314358099460e-01 -4.290240283554689338e-01 -4.245489941171030068e-01 -4.239544464967364701e-01 -4.186274787825052801e-01 -3.760084496647210228e-01 -3.334481055487381052e-01 -2.966935440767568544e-01 -2.933469596806253521e-01 -2.916604348419580273e-01 -2.915346046105842803e-01 -2.854586008008161979e-01 -2.813218917854626300e-01 -2.764841806274178637e-01 -2.676192871136683360e-01 -2.647928835671082837e-01 -2.541412023991954094e-01 -2.497195686922200897e-01 -2.489318096052491602e-01 -2.414783948275053826e-01 -2.302288241622536535e-01 -2.292737676858160878e-01 -2.201862155577443969e-01 -2.108536904306614890e-01 -2.104740078330523956e-01 -2.064052417481745672e-01 -2.017979036078443589e-01 -1.945948321092866584e-01 -1.881939518904343633e-01 -1.833986388291672931e-01 -1.830276963282868874e-01 -1.789150587939637993e-01 -1.760203003188951509e-01 -1.742369986648900360e-01 -1.713848306122510157e-01 -1.578009353395961045e-01 -1.345043069840544114e-01 -1.310126642250763196e-01 -1.031302803353805753e-01 -9.892588022669408787e-02 -7.442052189253894889e-02 -6.552755081022784700e-02 -4.567421506674768789e-02 -3.725240307775311982e-02 -3.226750860130920065e-03 3.226750860130857615e-03 3.725240307775299492e-02 4.567421506674768789e-02 6.552755081022734740e-02 7.442052189253933747e-02 9.892588022669386583e-02 1.031302803353796038e-01 1.310126642250760975e-01 1.345043069840530514e-01 1.578009353395950498e-01 1.713848306122512100e-01 1.742369986648903135e-01 1.760203003188958726e-01 1.789150587939666304e-01 1.830276963282866654e-01 1.833986388291680425e-01 1.881939518904345854e-01 1.945948321092855759e-01 2.017979036078447197e-01 2.064052417481728741e-01 2.104740078330528674e-01 2.108536904306622939e-01 2.201862155577446190e-01 2.292737676858154772e-01 2.302288241622538478e-01 2.414783948275049663e-01 2.489318096052484941e-01 2.497195686922207003e-01 2.541412023991966307e-01 2.647928835671093384e-01 2.676192871136677254e-01 2.764841806274191405e-01 2.813218917854651835e-01 2.854586008008174192e-01 2.915346046105834477e-01 2.916604348419594150e-01 2.933469596806248525e-01 2.966935440767560772e-01 3.334481055487347190e-01 3.760084496647200791e-01 4.186274787825050581e-01 4.239544464967350268e-01 4.245489941171025627e-01 4.290240283554674350e-01 4.308107314358102791e-01 4.372168196804013807e-01 4.419104917965425150e-01 4.468222423458238501e-01 4.570619556407005124e-01 4.591626627453566645e-01
-4.515260787617442206e-01 -4.495604861485570924e-01 -4.395266710809181410e-01 -4.346031497312147773e-01 -4.301120845400177028e-01 -4.236496577715482825e-01 -4.220901572850633832e-01 -4.175147614376677474e-01 -4.171025096990414460e-01 -4.085971299020184633e-01 -3.664621755993489050e-01 -3.247851853684239343e-01 -2.919511970638722920e-01 -2.891765640856751030e-01 -2.873832159310537038e-01 -2.853074336220165486e-01 -2.808405040147565757e-01 -2.771005032031234050e-01 -2.726653581653884495e-01 -2.639412871661143689e-01 -2.612217120651462721e-01 -2.503749664710224754e-01 -2.464314229579668558e-01 -2.425785907187337498e-01 -2.384242344216428167e-01 -2.274083166919298182e-01 -2.263722847405343908e-01 -2.175323169161112735e-01 -2.080903988210077438e-01 -2.060791960745020635e-01 -2.028950829331129802e-01 -1.994315382121643887e-01 -1.925505980197382561e-01 -1.862861502853278006e-01 -1.813989127128345646e-01 -1.812313906566633548e-01 -1.772113490489651277e-01 -1.743684966548690873e-01 -1.726343830207265062e-01 -1.661372061804074762e-01 -1.563623775202900579e-01 -1.301108076178635053e-01 -1.299579153325323699e-01 -1.027581897870151195e-01 -9.516586072922249284e-02 -7.452309293962514070e-02 -6.266999187414630523e-02 -4.598491709479051587e-02 -3.566933192822249743e-02 -3.782311671836985356e-03 3.782311671836939820e-03 3.566933192822256682e-02 4.598491709479080036e-02 6.266999187414566685e-02 7.452309293962383618e-02 9.516586072922236794e-02 1.027581897870150224e-01 1.299579153325324810e-01 1.301108076178629225e-01 1.563623775202921673e-01 1.661372061804090861e-01 1.726343830207253405e-01 1.743684966548676163e-01 1.772113490489638787e-01 1.812313906566641875e-01 1.813989127128362300e-01 1.862861502853281059e-01 1.925505980197383393e-01 1.994315382121611135e-01 2.028950829331142014e-01 2.060791960745039786e-01 2.080903988210085209e-01 2.175323169161100523e-01 2.263722847405346961e-01 2.274083166919298737e-01 2.384242344216442877e-01 2.425785907187354706e-01 2.464314229579679660e-01 2.503749664710230305e-01 2.612217120651450508e-01 2.639412871661142024e-01 2.726653581653894487e-01 2.771005032031247373e-01 2.808405040147584630e-01 2.853074336220149942e-01 2.873832159310514833e-01 2.891765640856727715e-01 2.919511970638713483e-01 3.247851853684207701e-01 3.664621755993490715e-01 4.085971299020209058e-01 4.171025096990402803e-01 4.175147614376672478e-01 4.220901572850624395e-01 4.236496577715491707e-01 4.301120845400184800e-01 4.346031497312148328e-01 4.395266710809215827e-01 4.495604861485579251e-01 4.515260787617451088e-01
-4.424199804942620107e-01 -4.416911846003906406e-01 -4.318669078500262382e-01 -4.269105804758308587e-01 -4.226556887575688148e-01 -4.162126227784722077e-01 -4.148053972509311293e-01 -4.102417183955833213e-01 -4.099032652652148667e-01 -3.981894407802509250e-01 -3.567559486651823430e-01 -3.159969828309340811e-01 -2.872504794851857279e-01 -2.847424507993110421e-01 -2.829693067546502072e-01 -2.795265643953506740e-01 -2.754822368776289609e-01 -2.721348932929658071e-01 -2.685987589265128594e-01 -2.600276741382058776e-01 -2.573920240341372456e-01 -2.466496899590022163e-01 -2.429079836864594943e-01 -2.358760800038589844e-01 -2.351380039766511332e-01 -2.243500738958056628e-01 -2.232265068349058301e-01 -2.146896257716136014e-01 -2.054903623836384641e-01 -2.026475012648241425e-01 -1.984272597708935937e-01 -1.961722776414510927e-01 -1.903012005754037839e-01 -1.841715076270747098e-01 -1.792477197838492076e-01 -1.792252776910784051e-01 -1.753094480527219723e-01 -1.725277136943733081e-01 -1.708365387923116152e-01 -1.608186134307003357e-01 -1.547540692583566080e-01 -1.290535519617718729e-01 -1.254041782641789893e-01 -1.022468617387677359e-01 -9.144112469142216815e-02 -7.449744667693875000e-02 -5.992664695192505275e-02 -4.616886916342010511e-02 -3.424169421461872864e-02 -4.202321601631150462e-03 4.202321601631161738e-03 3.424169421461857599e-02 4.616886916342029940e-02 5.992664695192537194e-02 7.449744667693922184e-02 9.144112469142202937e-02 1.022468617387667505e-01 1.254041782641801828e-01 1.290535519617722615e-01 1.547540692583523336e-01 1.608186134307004467e-01 1.708365387923125867e-01 1.725277136943735024e-01 1.753094480527228882e-01 1.792252776910776557e-01 1.792477197838489855e-01 1.841715076270728502e-01 1.903012005754026736e-01 1.961722776414486225e-01 1.984272597708939545e-01 2.026475012648239205e-01 2.054903623836390747e-01 2.146896257716148226e-01 2.232265068349050252e-01 2.243500738958063845e-01 2.351380039766503005e-01 2.358760800038583183e-01 2.429079836864592723e-01 2.466496899590020497e-01 2.573920240341373011e-01 2.600276741382068768e-01 2.685987589265129705e-01 2.721348932929646969e-01 2.754822368776294605e-01 2.795265643953504520e-01 2.829693067546502072e-01 2.847424507993106535e-01 2.872504794851857834e-01 3.159969828309322493e-01 3.567559486651803446e-01 3.981894407802555880e-01 4.099032652652153108e-01 4.102417183955835434e-01 4.148053972509312959e-01 4.162126227784762045e-01 4.226556887575680377e-01 4.269105804758323575e-01 4.318669078500307901e-01 4.416911846003909181e-01 4.424199804942645087e-01
-4.334383072127327430e-01 -4.308931360665981813e-01 -4.238240502174824287e-01 -4.187936763690501274e-01 -4.148309500586939702e-01 -4.084489823454148794e-01 -4.071542571235275965e-01 -4.026485268843651433e-01 -4.023408049293647482e-01 -3.875024674928529977e-01 -3.468844335397495704e-01 -3.070804242998559919e-01 -2.823817968572989723e-01 -2.800321137701350382e-01 -2.782801571004762664e-01 -2.743451813901869318e-01 -2.701159151568758854e-01 -2.658464723986950218e-01 -2.642708998332704562e-01 -2.558632597192544433e-01 -2.532844473195098867e-01 -2.427676358929005129e-01 -2.391382178288082028e-01 -2.316084424212488113e-01 -2.290528838344528251e-01 -2.210349318505805127e-01 -2.197997812526990280e-01 -2.116309113004985476e-01 -2.026638994700662444e-01 -1.995740927986262847e-01 -1.950972000934007300e-01 -1.909126693314465439e-01 -1.878369428628970383e-01 -1.818371240682986612e-01 -1.770367958328084856e-01 -1.768850397875423863e-01 -1.732005871606501490e-01 -1.704843468600416856e-01 -1.688350199685787478e-01 -1.554505434464312774e-01 -1.529657293537518836e-01 -1.278319484655620897e-01 -1.208486344472853441e-01 -1.015857109694569410e-01 -8.776939709049653981e-02 -7.432026973240658807e-02 -5.735179847289048616e-02 -4.616317075946360649e-02 -3.298005098575056832e-02 -4.470476769286010899e-03 4.470476769285957122e-03 3.298005098575050587e-02 4.616317075946369669e-02 5.735179847289036820e-02 7.432026973240739298e-02 8.776939709049684513e-02 1.015857109694566635e-01 1.208486344472849833e-01 1.278319484655608407e-01 1.529657293537494134e-01 1.554505434464309999e-01 1.688350199685786368e-01 1.704843468600437673e-01 1.732005871606495939e-01 1.768850397875421088e-01 1.770367958328093461e-01 1.818371240682996881e-01 1.878369428628960669e-01 1.909126693314459056e-01 1.950972000933995643e-01 1.995740927986249524e-01 2.026638994700690199e-01 2.116309113004960218e-01 2.197997812526994443e-01 2.210349318505803462e-01 2.290528838344523255e-01 2.316084424212490889e-01 2.391382178288101457e-01 2.427676358928987921e-01 2.532844473195093871e-01 2.558632597192543323e-01 2.642708998332671810e-01 2.658464723986960765e-01 2.701159151568763295e-01 2.743451813901874314e-01 2.782801571004765440e-01 2.800321137701337615e-01 2.823817968572986392e-01 3.070804242998591560e-01 3.468844335397489598e-01 3.875024674928520541e-01 4.023408049293639155e-01 4.026485268843656429e-01 4.071542571235252650e-01 4.084489823454148794e-01 4.148309500586955245e-01 4.187936763690516817e-01 4.238240502174817070e-01 4.308931360665946286e-01 4.334383072127335201e-01
-4.247852109592977210e-01 -4.192381672164722239e-01 -4.153685521394689939e-01 -4.101823005885089080e-01 -4.066210529598127121e-01 -4.003266859007767464e-01 -3.991200637682990604e-01 -3.946978002330930324e-01 -3.943979492684978605e-01 -3.765684895569360591e-01 -3.368418310434186935e-01 -2.980330198384940066e-01 -2.772718770146055944e-01 -2.750322533883641229e-01 -2.733019952160502530e-01 -2.692495252388952820e-01 -2.650011417395958802e-01 -2.596684433902639033e-01 -2.585428489937157681e-01 -2.514342024340280313e-01 -2.488683829434627792e-01 -2.386636348435039467e-01 -2.351103732577222993e-01 -2.278238839597219179e-01 -2.222740516730537241e-01 -2.174301247260330971e-01 -2.159954793453459365e-01 -2.083389138438019872e-01 -1.996002797297933562e-01 -1.964104500060528669e-01 -1.920885310475811958e-01 -1.851478904349800614e-01 -1.849189837637477962e-01 -1.792598574494357611e-01 -1.746170545015525433e-01 -1.743345443033485209e-01 -1.708753205901693273e-01 -1.682282104392636424e-01 -1.666208942375584368e-01 -1.509874363660516083e-01 -1.500421170002211035e-01 -1.264366684610800373e-01 -1.162983814267964794e-01 -1.007616429232437300e-01 -8.418570860182290894e-02 -7.395077516094197834e-02 -5.503900710622460640e-02 -4.586637932467463319e-02 -3.188971014173583307e-02 -4.576414951829223081e-03 4.576414951829370532e-03 3.188971014173592328e-02 4.586637932467430012e-02 5.503900710622448844e-02 7.395077516094239467e-02 8.418570860182203464e-02 1.007616429232433969e-01 1.162983814267960214e-01 1.264366684610802871e-01 1.500421170002215754e-01 1.509874363660498597e-01 1.666208942375571045e-01 1.682282104392637534e-01 1.708753205901693273e-01 1.743345443033497699e-01 1.746170545015530984e-01 1.792598574494357333e-01 1.849189837637479350e-01 1.851478904349811994e-01 1.920885310475802243e-01 1.964104500060496472e-01 1.996002797297932452e-01 2.083389138438028199e-01 2.159954793453455757e-01 2.174301247260321535e-01 2.222740516730518090e-01 2.278238839597199472e-01 2.351103732577225214e-01 2.386636348435033361e-01 2.488683829434631678e-01 2.514342024340281978e-01 2.585428489937143248e-01 2.596684433902657352e-01 2.650011417395966573e-01 2.692495252388948934e-01 2.733019952160484212e-01 2.750322533883634568e-01 2.772718770146050948e-01 2.980330198384928964e-01 3.368418310434192486e-01 3.765684895569417212e-01 3.943979492684975274e-01 3.946978002330917001e-01 3.991200637683012253e-01 4.003266859007777456e-01 4.066210529598123236e-01 4.101823005885092410e-01 4.153685521394716584e-01 4.192381672164722239e-01 4.247852109592983871e-01
-4.157142749704498264e-01 -4.077071073333092266e-01 -4.063706725820778742e-01 -4.009245404690254810e-01 -3.980085942626031548e-01 -3.918206817453028790e-01 -3.906845214236460695e-01 -3.863640479943499240e-01 -3.860557500565068856e-01 -3.653980164688382937e-01 -3.266218849007103686e-01 -2.888535167833032880e-01 -2.718847855614933140e-01 -2.697284787342528745e-01 -2.680194902636636178e-01 -2.639930472735428912e-01 -2.598081057235155922e-01 -2.547777789143031435e-01 -2.508477299235360447e-01 -2.467269695808700369e-01 -2.440797143200979791e-01 -2.343060423549004345e-01 -2.308117159892948134e-01 -2.237720389787768993e-01 -2.159347974929055891e-01 -2.134774582560382550e-01 -2.114756717073554282e-01 -2.047994876335764991e-01 -1.962877260327594575e-01 -1.930556330209553251e-01 -1.889328924398399057e-01 -1.822236952482770844e-01 -1.788316707066904543e-01 -1.763416717622436347e-01 -1.719702397258465743e-01 -1.715691306888996737e-01 -1.683231612197228499e-01 -1.657493855261017723e-01 -1.641846985009034476e-01 -1.488091980616620125e-01 -1.445986111209741076e-01 -1.248575902407402793e-01 -1.117655891307542809e-01 -9.975580945418791035e-02 -8.077147331797011887e-02 -7.330161923186569173e-02 -5.312532699548275228e-02 -4.513417509257268423e-02 -3.096879113654612756e-02 -4.517562922878318177e-03 4.517562922878258329e-03 3.096879113654609286e-02 4.513417509257301730e-02 5.312532699548245391e-02 7.330161923186587214e-02 8.077147331797004948e-02 9.975580945418874301e-02 1.117655891307542115e-01 1.248575902407406957e-01 1.445986111209737746e-01 1.488091980616612908e-01 1.641846985009043358e-01 1.657493855261013838e-01 1.683231612197224891e-01 1.715691306889004508e-01 1.719702397258472681e-01 1.763416717622418306e-01 1.788316707066897604e-01 1.822236952482778893e-01 1.889328924398424314e-01 1.930556330209561300e-01 1.962877260327611229e-01 2.047994876335774705e-01 2.114756717073549286e-01 2.134774582560380607e-01 2.159347974929035907e-01 2.237720389787783148e-01 2.308117159892931203e-01 2.343060423548984084e-01 2.440797143200978125e-01 2.467269695808681218e-01 2.508477299235363778e-01 2.547777789143015337e-01 2.598081057235154812e-01 2.639930472735456113e-01 2.680194902636649501e-01 2.697284787342549284e-01 2.718847855614945908e-01 2.888535167833051753e-01 3.266218849007095915e-01 3.653980164688375720e-01 3.860557500565042210e-01 3.863640479943503681e-01 3.906845214236451258e-01 3.918206817453019908e-01 3.980085942626033768e-01 4.009245404690246484e-01 4.063706725820792065e-01 4.077071073333109474e-01 4.157142749704497153e-01
-4.062068070087466731e-01 -3.975050123752273401e-01 -3.959059619991420198e-01 -3.907070254328217640e-01 -3.889753501593521956e-01 -3.829085740975010643e-01 -3.818266506853407738e-01 -3.776254346391535455e-01 -3.772924840026573023e-01 -3.539924445957459698e-01 -3.162178782777964603e-01 -2.795432706131559253e-01 -2.661965322493666242e-01 -2.641048234823715757e-01 -2.624147538542241920e-01 -2.584853666072233214e-01 -2.543886325767148460e-01 -2.495847366378253496e-01 -2.431574737433054023e-01 -2.417278331784840639e-01 -2.387299652106599224e-01 -2.296735955967858234e-01 -2.262280483065653158e-01 -2.194397525194582421e-01 -2.106485999517124785e-01 -2.091769795243794139e-01 -2.056136649195510480e-01 -2.009994167680571042e-01 -1.927127423220730829e-01 -1.894729969079421150e-01 -1.855539476492667761e-01 -1.790534765280866747e-01 -1.739122535500788602e-01 -1.719054936659906718e-01 -1.690857551771311751e-01 -1.685768941086402128e-01 -1.655312361081396344e-01 -1.630376415681484836e-01 -1.615163735379532839e-01 -1.464206765141020661e-01 -1.391244599937856985e-01 -1.230831209183116254e-01 -1.072769771996257698e-01 -9.853424659369544591e-02 -7.772885752021109484e-02 -7.216451051921506099e-02 -5.171722079612993406e-02 -4.385332783912020832e-02 -3.020698712308169179e-02 -4.300284650384754437e-03 4.300284650384700660e-03 3.020698712308175077e-02 4.385332783911973648e-02 5.171722079613007284e-02 7.216451051921474180e-02 7.772885752021121974e-02 9.853424659369501570e-02 1.072769771996258115e-01 1.230831209183129160e-01 1.391244599937836723e-01 1.464206765141021493e-01 1.615163735379546439e-01 1.630376415681493163e-01 1.655312361081418826e-01 1.685768941086410455e-01 1.690857551771318412e-01 1.719054936659922816e-01 1.739122535500786659e-01 1.790534765280875074e-01 1.855539476492640005e-01 1.894729969079444187e-01 1.927127423220739433e-01 2.009994167680556332e-01 2.056136649195498822e-01 2.091769795243810792e-01 2.106485999517147267e-01 2.194397525194606291e-01 2.262280483065671755e-01 2.296735955967835752e-01 2.387299652106600334e-01 2.417278331784875889e-01 2.431574737433055966e-01 2.495847366378247389e-01 2.543886325767154566e-01 2.584853666072230438e-01 2.624147538542250802e-01 2.641048234823707430e-01 2.661965322493673458e-01 2.795432706131555922e-01 3.162178782777992914e-01 3.539924445957465804e-01 3.772924840026570248e-01 3.776254346391504368e-01 3.818266506853406073e-01 3.829085740975016749e-01 3.889753501593524732e-01 3.907070254328228742e-01 3.959059619991404100e-01 3.975050123752283393e-01 4.062068070087475613e-01
-3.962429209899238636e-01 -3.877100841563541067e-01 -3.851041998065942162e-01 -3.795021239454651196e-01 -3.792931349204113345e-01 -3.735687529038942967e-01 -3.725195172434798141e-01 -3.684610602082631914e-01 -3.680812597801305652e-01 -3.423485903669172825e-01 -3.056226230405961752e-01 -2.701093913305390171e-01 -2.601873844267655334e-01 -2.581428241044674277e-01 -2.564650523159627271e-01 -2.526834757200063231e-01 -2.486853115222097121e-01 -2.440743389093243398e-01 -2.364225821168556285e-01 -2.360655387064624633e-01 -2.322902618885746007e-01 -2.247486531496104556e-01 -2.213426198480752949e-01 -2.148126453728571583e-01 -2.059459532485878597e-01 -2.046583620154718841e-01 -1.987326028596522742e-01 -1.969255496017852936e-01 -1.888583114491353965e-01 -1.856412452175401906e-01 -1.819240855527953227e-01 -1.756257165455313574e-01 -1.704359502560016393e-01 -1.659525952028077234e-01 -1.657046988979390123e-01 -1.653459042816513846e-01 -1.624752993322983730e-01 -1.600822473343188612e-01 -1.586051200516584991e-01 -1.438109553316178069e-01 -1.336256084339834671e-01 -1.210987125121068125e-01 -1.029071491936186244e-01 -9.701458364535320289e-02 -7.539754566431029759e-02 -7.019341497579723033e-02 -5.075739942427267420e-02 -4.207474723942871558e-02 -2.958560371709420891e-02 -3.939757717560101076e-03 3.939757717560157455e-03 2.958560371709400422e-02 4.207474723942856293e-02 5.075739942427288237e-02 7.019341497579689726e-02 7.539754566431010330e-02 9.701458364535341106e-02 1.029071491936173477e-01 1.210987125121076452e-01 1.336256084339838279e-01 1.438109553316196387e-01 1.586051200516599702e-01 1.600822473343192220e-01 1.624752993322986783e-01 1.653459042816536884e-01 1.657046988979397062e-01 1.659525952028098050e-01 1.704359502560031381e-01 1.756257165455299141e-01 1.819240855527983480e-01 1.856412452175409400e-01 1.888583114491348414e-01 1.969255496017854046e-01 1.987326028596538563e-01 2.046583620154729388e-01 2.059459532485866939e-01 2.148126453728577134e-01 2.213426198480745177e-01 2.247486531496085960e-01 2.322902618885748505e-01 2.360655387064617694e-01 2.364225821168552677e-01 2.440743389093248672e-01 2.486853115222089905e-01 2.526834757200037695e-01 2.564650523159598405e-01 2.581428241044657068e-01 2.601873844267632574e-01 2.701093913305386840e-01 3.056226230405950650e-01 3.423485903669146735e-01 3.680812597801331187e-01 3.684610602082661335e-01 3.725195172434809243e-01 3.735687529038964616e-01 3.792931349204114455e-01 3.795021239454641759e-01 3.851041998065952709e-01 3.877100841563526079e-01 3.962429209899232530e-01
-3.858013486767618017e-01 -3.775087340745206799e-01 -3.744472307251924259e-01 -3.695686240860745486e-01 -3.670115179249125448e-01 -3.637794748250299803e-01 -3.627161735733976933e-01 -3.588498580399192561e-01 -3.583832022712744592e-01 -3.304605829923630278e-01 -2.948284437995371543e-01 -2.605728044277081934e-01 -2.538390533128888071e-01 -2.518195721709608481e-01 -2.501367132884492750e-01 -2.465596389047493009e-01 -2.426666991918181859e-01 -2.382305138491580543e-01 -2.307963247741471879e-01 -2.297783951850057571e-01 -2.245784517661559843e-01 -2.195147567622913187e-01 -2.161330899328051669e-01 -2.098744327442455815e-01 -2.011883635791596459e-01 -1.999211811582289888e-01 -1.925643839995216100e-01 -1.914599879455722020e-01 -1.846975740737771265e-01 -1.815436887780549624e-01 -1.780253859477546885e-01 -1.719281425460507107e-01 -1.668610539606102949e-01 -1.625591512600233213e-01 -1.618639370699995750e-01 -1.596246917002245580e-01 -1.587995367334242847e-01 -1.568718736833849547e-01 -1.554387308011936919e-01 -1.409682602779352423e-01 -1.281139631094912190e-01 -1.188827756882847309e-01 -9.890607182660614283e-02 -9.493857086099592724e-02 -7.377801246708860783e-02 -6.738125242056741682e-02 -5.006052428710461993e-02 -3.997768023128821235e-02 -2.907899810830428741e-02 -3.458455706838386035e-03 3.458455706838371724e-03 2.907899810830431170e-02 3.997768023128789316e-02 5.006052428710459912e-02 6.738125242056754172e-02 7.377801246708828864e-02 9.493857086099606601e-02 9.890607182660543506e-02 1.188827756882859382e-01 1.281139631094931342e-01 1.409682602779353533e-01 1.554387308011942748e-01 1.568718736833852323e-01 1.587995367334250063e-01 1.596246917002248911e-01 1.618639370699988811e-01 1.625591512600212118e-01 1.668610539606099064e-01 1.719281425460491841e-01 1.780253859477546607e-01 1.815436887780540187e-01 1.846975740737770988e-01 1.914599879455730347e-01 1.925643839995229423e-01 1.999211811582285725e-01 2.011883635791579528e-01 2.098744327442434443e-01 2.161330899328045285e-01 2.195147567622906248e-01 2.245784517661561230e-01 2.297783951850058404e-01 2.307963247741476043e-01 2.382305138491600527e-01 2.426666991918165206e-01 2.465596389047514103e-01 2.501367132884493305e-01 2.518195721709607926e-01 2.538390533128903614e-01 2.605728044277058619e-01 2.948284437995389862e-01 3.304605829923638605e-01 3.583832022712745147e-01 3.588498580399192006e-01 3.627161735733975823e-01 3.637794748250300358e-01 3.670115179249121007e-01 3.695686240860767691e-01 3.744472307251922594e-01 3.775087340745205688e-01 3.858013486767614131e-01
-3.748590683584668293e-01 -3.668300985225469435e-01 -3.635907398095922782e-01 -3.591533517856306812e-01 -3.544204629020627495e-01 -3.535183471343723571e-01 -3.522530178397867973e-01 -3.487700569246680038e-01 -3.481235131881416645e-01 -3.183207403157418680e-01 -2.838271584531434355e-01 -2.509913615424070876e-01 -2.471334797485862655e-01 -2.451036245249544054e-01 -2.433662968555734274e-01 -2.400915423825046580e-01 -2.363095565272863297e-01 -2.320356663685301801e-01 -2.248333224756661475e-01 -2.236351688740623456e-01 -2.162804170202607956e-01 -2.139555837546289474e-01 -2.105605712323045386e-01 -2.046053339841104324e-01 -1.961910578218111767e-01 -1.949168000450122729e-01 -1.879018257242143775e-01 -1.840568347823989259e-01 -1.801611292187804136e-01 -1.771650379178558443e-01 -1.738423921003522388e-01 -1.679475542309089575e-01 -1.630364066986824123e-01 -1.588931272935745764e-01 -1.581182510141587172e-01 -1.557411104735492990e-01 -1.533945223148300563e-01 -1.525815183233481254e-01 -1.519837042587489362e-01 -1.378794929441163886e-01 -1.226219177813038519e-01 -1.163923107464938933e-01 -9.579028504920007736e-02 -9.178085617990260070e-02 -7.245407938781928125e-02 -6.413730822237824480e-02 -4.945932200844623677e-02 -3.772350349958258908e-02 -2.865697404927072117e-02 -2.883679350382029917e-03 2.883679350381993921e-03 2.865697404927091546e-02 3.772350349958256827e-02 4.945932200844632004e-02 6.413730822237832807e-02 7.245407938782010004e-02 9.178085617990265621e-02 9.579028504920038267e-02 1.163923107464931023e-01 1.226219177813039907e-01 1.378794929441145567e-01 1.519837042587497689e-01 1.525815183233484862e-01 1.533945223148309167e-01 1.557411104735503260e-01 1.581182510141577457e-01 1.588931272935745209e-01 1.630364066986823846e-01 1.679475542309085689e-01 1.738423921003517947e-01 1.771650379178577595e-01 1.801611292187807467e-01 1.840568347823987871e-01 1.879018257242143219e-01 1.949168000450098304e-01 1.961910578218113155e-01 2.046053339841108487e-01 2.105605712323047052e-01 2.139555837546294748e-01 2.162804170202621556e-01 2.236351688740634003e-01 2.248333224756676740e-01 2.320356663685274878e-01 2.363095565272866072e-01 2.400915423825057682e-01 2.433662968555735939e-01 2.451036245249530177e-01 2.471334797485865986e-01 2.509913615424084754e-01 2.838271584531406044e-01 3.183207403157399251e-01 3.481235131881417200e-01 3.487700569246682258e-01 3.522530178397846323e-01 3.535183471343723571e-01 3.544204629020626385e-01 3.591533517856279056e-01 3.635907398095917231e-01 3.668300985225459998e-01 3.748590683584677730e-01
-3.633902804950498444e-01 -3.556429287031307451e-01 -3.523505882735560868e-01 -3.482334878525894517e-01 -3.427619933762240390e-01 -3.424810366440056431e-01 -3.404906009758724705e-01 -3.381988655243372000e-01 -3.370941336798754517e-01 -3.059199996704590196e-01 -2.726100570452446581e-01 -2.415254513445923013e-01 -2.400522236405865095e-01 -2.379508765252577596e-01 -2.359997060533560176e-01 -2.332587329065393122e-01 -2.295933391563478310e-01 -2.254698781519100248e-01 -2.185168142129766400e-01 -2.172877051344411781e-01 -2.080544176468390460e-01 -2.078392181501660940e-01 -2.045142393476612197e-01 -1.989774978685857620e-01 -1.908961647939021455e-01 -1.896123895169825047e-01 -1.829230133514561374e-01 -1.769513416416042539e-01 -1.748667960770196872e-01 -1.724901955739470694e-01 -1.693600932135594650e-01 -1.636694977178013155e-01 -1.589308052461944343e-01 -1.549414657280202556e-01 -1.540954045180915888e-01 -1.518779768522814932e-01 -1.496374610116647241e-01 -1.483126252559988090e-01 -1.459212399564630558e-01 -1.345292160914245694e-01 -1.172694843523729158e-01 -1.134958348425443159e-01 -9.338637909203674481e-02 -8.770548288874571718e-02 -7.114831227285629833e-02 -6.073180475000717476e-02 -4.884931737471229912e-02 -3.541090132659202583e-02 -2.828738135868302458e-02 -2.244883660163911852e-03 2.244883660163937006e-03 2.828738135868288234e-02 3.541090132659204665e-02 4.884931737471233382e-02 6.073180475000761191e-02 7.114831227285689508e-02 8.770548288874603637e-02 9.338637909203731380e-02 1.134958348425448849e-01 1.172694843523731101e-01 1.345292160914225710e-01 1.459212399564608631e-01 1.483126252559985314e-01 1.496374610116646964e-01 1.518779768522825202e-01 1.540954045180918663e-01 1.549414657280210328e-01 1.589308052461949061e-01 1.636694977178024257e-01 1.693600932135606862e-01 1.724901955739466808e-01 1.748667960770204921e-01 1.769513416416050033e-01 1.829230133514566092e-01 1.896123895169833096e-01 1.908961647939003969e-01 1.989774978685857620e-01 2.045142393476640230e-01 2.078392181501650671e-01 2.080544176468392681e-01 2.172877051344407340e-01 2.185168142129756408e-01 2.254698781519129391e-01 2.295933391563448334e-01 2.332587329065383963e-01 2.359997060533569613e-01 2.379508765252600633e-01 2.400522236405882026e-01 2.415254513445935503e-01 2.726100570452421601e-01 3.059199996704587976e-01 3.370941336798767285e-01 3.381988655243398645e-01 3.404906009758722485e-01 3.424810366440059761e-01 3.427619933762247606e-01 3.482334878525883970e-01 3.523505882735575301e-01 3.556429287031322439e-01 3.633902804950489007e-01
-3.513621019218360897e-01 -3.439201955590196480e-01 -3.406390173308147529e-01 -3.367847724835433265e-01 -3.314858014576135270e-01 -3.310053718193433081e-01 -3.281236723506413266e-01 -3.271122502335224724e-01 -3.247942856084432561e-01 -2.932481330682544240e-01 -2.611678814186988440e-01 -2.325761041844628396e-01 -2.324974724217238886e-01 -2.303372824331685609e-01 -2.277016469573034940e-01 -2.260411081173911152e-01 -2.224981382668444196e-01 -2.185091076243239339e-01 -2.118287863461540688e-01 -2.106266721087493021e-01 -2.017938305233018259e-01 -1.998298254383528150e-01 -1.975308902199781336e-01 -1.929380797404707248e-01 -1.852736683578804500e-01 -1.839840876757059818e-01 -1.776121575068386749e-01 -1.710840771248984538e-01 -1.678812041092500873e-01 -1.675037063003927962e-01 -1.645631769290942514e-01 -1.590774574270608366e-01 -1.545253182112842627e-01 -1.506902672058751669e-01 -1.497810666179630601e-01 -1.477358481044906136e-01 -1.455871579908508129e-01 -1.443090194336495713e-01 -1.392195578085042018e-01 -1.308968611809264160e-01 -1.125337903377783139e-01 -1.097038915496139355e-01 -9.109932468194256727e-02 -8.329752614963378821e-02 -6.974578954541399423e-02 -5.727210464759803499e-02 -4.816955778635351876e-02 -3.309504925769007205e-02 -2.793827007764591516e-02 -1.571443960677844408e-03 1.571443960677870863e-03 2.793827007764591863e-02 3.309504925768987776e-02 4.816955778635368529e-02 5.727210464759806968e-02 6.974578954541461873e-02 8.329752614963438495e-02 9.109932468194331667e-02 1.097038915496119926e-01 1.125337903377776616e-01 1.308968611809264160e-01 1.392195578085034802e-01 1.443090194336482945e-01 1.455871579908495639e-01 1.477358481044897809e-01 1.497810666179626160e-01 1.506902672058737791e-01 1.545253182112845680e-01 1.590774574270608366e-01 1.645631769290946678e-01 1.675037063003928794e-01 1.678812041092494767e-01 1.710840771249006742e-01 1.776121575068392577e-01 1.839840876757051491e-01 1.852736683578792010e-01 1.929380797404711134e-01 1.975308902199767458e-01 1.998298254383534533e-01 2.017938305233007990e-01 2.106266721087497185e-01 2.118287863461542075e-01 2.185091076243246000e-01 2.224981382668438368e-01 2.260411081173912817e-01 2.277016469573043544e-01 2.303372824331693658e-01 2.324974724217246658e-01 2.325761041844638388e-01 2.611678814187027298e-01 2.932481330682493170e-01 3.247942856084433116e-01 3.271122502335249704e-01 3.281236723506411601e-01 3.310053718193437522e-01 3.314858014576121947e-01 3.367847724835423828e-01 3.406390173308144198e-01 3.439201955590201476e-01 3.513621019218354791e-01
-3.387039331694791100e-01 -3.316347611215340607e-01 -3.284029460808799428e-01 -3.247813721551684463e-01 -3.196637033229898228e-01 -3.191639170480237153e-01 -3.159671830833676864e-01 -3.154847514311459600e-01 -3.112028248516001128e-01 -2.802938482667571840e-01 -2.494908097528178714e-01 -2.246849477713263876e-01 -2.239486101850042821e-01 -2.223381543568728747e-01 -2.184181721448356095e-01 -2.183244197922003249e-01 -2.150037652382939812e-01 -2.111203173183474613e-01 -2.047495963415471576e-01 -2.036036086837049730e-01 -1.951554517847341741e-01 -1.926767027711582814e-01 -1.893393495827587203e-01 -1.863266446110315444e-01 -1.793009331592452515e-01 -1.780112512180552498e-01 -1.719523530754141771e-01 -1.655388101595738626e-01 -1.621894526856728080e-01 -1.601179642982459572e-01 -1.594356766786765300e-01 -1.541501127017409767e-01 -1.498031580646288496e-01 -1.461246913905197564e-01 -1.451597591591204384e-01 -1.432878007922709640e-01 -1.412292114789723829e-01 -1.400021094766861762e-01 -1.324678694097546350e-01 -1.269467009259754031e-01 -1.087459355119251292e-01 -1.046721714309863938e-01 -8.869799742649785157e-02 -7.877752984178486295e-02 -6.819452193637121074e-02 -5.380226719244383254e-02 -4.738218180985556693e-02 -3.080794159489994369e-02 -2.757928922634311775e-02 -8.911599116038361294e-04 8.911599116038410083e-04 2.757928922634310734e-02 3.080794159490003042e-02 4.738218180985557387e-02 5.380226719244446398e-02 6.819452193637150217e-02 7.877752984178458540e-02 8.869799742649829566e-02 1.046721714309851725e-01 1.087459355119254623e-01 1.269467009259730716e-01 1.324678694097523868e-01 1.400021094766852880e-01 1.412292114789719111e-01 1.432878007922715746e-01 1.451597591591198000e-01 1.461246913905194789e-01 1.498031580646284056e-01 1.541501127017409489e-01 1.594356766786761415e-01 1.601179642982465678e-01 1.621894526856720309e-01 1.655388101595740569e-01 1.719523530754128171e-01 1.780112512180541950e-01 1.793009331592452515e-01 1.863266446110312391e-01 1.893393495827571937e-01 1.926767027711599189e-01 1.951554517847347847e-01 2.036036086837034464e-01 2.047495963415482401e-01 2.111203173183456849e-01 2.150037652382919273e-01 2.183244197921996588e-01 2.184181721448344160e-01 2.223381543568721253e-01 2.239486101850037825e-01 2.246849477713253884e-01 2.494908097528165947e-01 2.802938482667555187e-01 3.112028248515996132e-01 3.154847514311457934e-01 3.159671830833651884e-01 3.191639170480238819e-01 3.196637033229885461e-01 3.247813721551682242e-01 3.284029460808778333e-01 3.316347611215339497e-01 3.387039331694790545e-01
-3.251444610213678477e-01 -3.187582974302759498e-01 -3.156016807058734108e-01 -3.121957254351110933e-01 -3.072679536444158921e-01 -3.067902339276818435e-01 -3.035689093036771369e-01 -3.032893111255798857e-01 -2.968836815211573499e-01 -2.670448242529886995e-01 -2.375684535209803272e-01 -2.163573758671894220e-01 -2.154105386509734821e-01 -2.139939856342229774e-01 -2.103686063053311628e-01 -2.082868939232629668e-01 -2.070892691113599693e-01 -2.032453507809823812e-01 -1.972572093710175944e-01 -1.961868279439789586e-01 -1.881197602098906574e-01 -1.855705123630771169e-01 -1.812472906994356536e-01 -1.786164317016671610e-01 -1.729572967234876135e-01 -1.716740546720451066e-01 -1.659253005831719530e-01 -1.597476585019677875e-01 -1.565304519859541943e-01 -1.539607609459843762e-01 -1.521551163628758474e-01 -1.488467423851808913e-01 -1.447475742074598726e-01 -1.412288124023658442e-01 -1.402143984205550531e-01 -1.385157850392320367e-01 -1.365482710184239279e-01 -1.353745459301393395e-01 -1.257570306740540544e-01 -1.225769211888943777e-01 -1.051672002963757041e-01 -9.912526151124159690e-02 -8.610643114268277942e-02 -7.421021078831734064e-02 -6.646501659995994460e-02 -5.034346889674032322e-02 -4.646099632970625976e-02 -2.856968391266466456e-02 -2.718233923432648858e-02 -2.294710309006696631e-04 2.294710309006477622e-04 2.718233923432645735e-02 2.856968391266465068e-02 4.646099632970625976e-02 5.034346889674049669e-02 6.646501659996094380e-02 7.421021078831685491e-02 8.610643114268262677e-02 9.912526151124156915e-02 1.051672002963775499e-01 1.225769211888949328e-01 1.257570306740549981e-01 1.353745459301407550e-01 1.365482710184245385e-01 1.385157850392322587e-01 1.402143984205549976e-01 1.412288124023660940e-01 1.447475742074603722e-01 1.488467423851796145e-01 1.521551163628764580e-01 1.539607609459857918e-01 1.565304519859548882e-01 1.597476585019688700e-01 1.659253005831695382e-01 1.716740546720474658e-01 1.729572967234878911e-01 1.786164317016673275e-01 1.812472906994355148e-01 1.855705123630753406e-01 1.881197602098892974e-01 1.961868279439788476e-01 1.972572093710163732e-01 2.032453507809824922e-01 2.070892691113622175e-01 2.082868939232635774e-01 2.103686063053311350e-01 2.139939856342232549e-01 2.154105386509737041e-01 2.163573758671889224e-01 2.375684535209799941e-01 2.670448242529881999e-01 2.968836815211610691e-01 3.032893111255797747e-01 3.035689093036782471e-01 3.067902339276819546e-01 3.072679536444153925e-01 3.121957254351119815e-01 3.156016807058734663e-01 3.187582974302793359e-01 3.251444610213674591e-01
-3.103958047142377219e-01 -3.052608467642896062e-01 -3.021988219890623384e-01 -2.989983514563370193e-01 -2.942688766838367220e-01 -2.938292834556911481e-01 -2.906803878480016534e-01 -2.904970956691311779e-01 -2.820745794340643320e-01 -2.534877057121582844e-01 -2.253898819063494818e-01 -2.075705908611865380e-01 -2.065715017707178414e-01 -2.052552736226246899e-01 -2.018699759684202955e-01 -1.987326329994591467e-01 -1.980271266338685388e-01 -1.947389733962463509e-01 -1.893252583937461986e-01 -1.883498088082847521e-01 -1.806658516552416827e-01 -1.781542548422904437e-01 -1.736859030410910221e-01 -1.696956993363601673e-01 -1.662222317818450312e-01 -1.649524364716546676e-01 -1.595107799568416529e-01 -1.536133631962519619e-01 -1.505086906157024340e-01 -1.481205756044637611e-01 -1.442879494486723480e-01 -1.429358613465053218e-01 -1.393411754459829011e-01 -1.359853464778858212e-01 -1.349252485890679865e-01 -1.334024477686649723e-01 -1.315279446368351757e-01 -1.304097241638273730e-01 -1.195135599980695212e-01 -1.173447689034527730e-01 -1.014319930814562981e-01 -9.341364179592437367e-02 -8.328922348497239114e-02 -6.961900909817450578e-02 -6.453649001986946909e-02 -4.690779133271281987e-02 -4.538573904320834795e-02 -2.672165299577362874e-02 -2.639405171756381563e-02 -3.908192434014038904e-04 3.908192434015324767e-04 2.639405171756396135e-02 2.672165299577372935e-02 4.538573904320822999e-02 4.690779133271312518e-02 6.453649001987010747e-02 6.961900909817407557e-02 8.328922348497233563e-02 9.341364179592426265e-02 1.014319930814555071e-01 1.173447689034537722e-01 1.195135599980681473e-01 1.304097241638287330e-01 1.315279446368358141e-01 1.334024477686648613e-01 1.349252485890672926e-01 1.359853464778852661e-01 1.393411754459824292e-01 1.429358613465050720e-01 1.442879494486727365e-01 1.481205756044635669e-01 1.505086906157036553e-01 1.536133631962514901e-01 1.595107799568404039e-01 1.649524364716556946e-01 1.662222317818443651e-01 1.696956993363596400e-01 1.736859030410894678e-01 1.781542548422901662e-01 1.806658516552423765e-01 1.883498088082859456e-01 1.893252583937470312e-01 1.947389733962453795e-01 1.980271266338684000e-01 1.987326329994577312e-01 2.018699759684215445e-01 2.052552736226241070e-01 2.065715017707185353e-01 2.075705908611854278e-01 2.253898819063501202e-01 2.534877057121560084e-01 2.820745794340665524e-01 2.904970956691317330e-01 2.906803878480005432e-01 2.938292834556917588e-01 2.942688766838373882e-01 2.989983514563380185e-01 3.021988219890628380e-01 3.052608467642884960e-01 3.103958047142372223e-01
-2.944791550060548713e-01 -2.911105512230705572e-01 -2.881589443510401694e-01 -2.851575800455509180e-01 -2.806345353182471136e-01 -2.802423447383980970e-01 -2.772077290056580989e-01 -2.770772993966287290e-01 -2.668342274322861862e-01 -2.396080693956196828e-01 -2.129437059512381825e-01 -1.983001173711571863e-01 -1.973121094664355701e-01 -1.960710704229325363e-01 -1.928984922491022991e-01 -1.899105462674115230e-01 -1.880036881107273739e-01 -1.852492535259255835e-01 -1.809166709902465253e-01 -1.800673730419721230e-01 -1.727711164631569041e-01 -1.703408260443280697e-01 -1.660220531348122475e-01 -1.602429284757735939e-01 -1.590745661268164468e-01 -1.578255642677158233e-01 -1.526853721060722480e-01 -1.470983722887240219e-01 -1.441049627870807648e-01 -1.418961014170094515e-01 -1.375828920885159568e-01 -1.353568715007899825e-01 -1.335656216673798413e-01 -1.303749087318665789e-01 -1.292668285805899930e-01 -1.279298242790906925e-01 -1.261506763479067761e-01 -1.250901912778788483e-01 -1.141279491133650181e-01 -1.108411720100822562e-01 -9.744536391007203868e-02 -8.761610430682019446e-02 -8.022317071643968178e-02 -6.501441109414235475e-02 -6.239170922737442837e-02 -4.413915070755383696e-02 -4.350341056193401251e-02 -2.617350346445447909e-02 -2.429115657999193073e-02 -9.495541993348144113e-04 9.495541993348003166e-04 2.429115657999189604e-02 2.617350346445448603e-02 4.350341056193381128e-02 4.413915070755382308e-02 6.239170922737431735e-02 6.501441109414300701e-02 8.022317071643859931e-02 8.761610430681879280e-02 9.744536391007078968e-02 1.108411720100818260e-01 1.141279491133646018e-01 1.250901912778801528e-01 1.261506763479075810e-01 1.279298242790909701e-01 1.292668285805899375e-01 1.303749087318646360e-01 1.335656216673800356e-01 1.353568715007901491e-01 1.375828920885176776e-01 1.418961014170077306e-01 1.441049627870794603e-01 1.470983722887262146e-01 1.526853721060719427e-01 1.578255642677160731e-01 1.590745661268179734e-01 1.602429284757744266e-01 1.660220531348133299e-01 1.703408260443264322e-01 1.727711164631556551e-01 1.800673730419742047e-01 1.809166709902478576e-01 1.852492535259259998e-01 1.880036881107268742e-01 1.899105462674099687e-01 1.928984922491019938e-01 1.960710704229324530e-01 1.973121094664361808e-01 1.983001173711579634e-01 2.129437059512366559e-01 2.396080693956172958e-01 2.668342274322845209e-01 2.770772993966302833e-01 2.772077290056582655e-01 2.802423447383978194e-01 2.806345353182470026e-01 2.851575800455499743e-01 2.881589443510393367e-01 2.911105512230718340e-01 2.944791550060523733e-01
-2.776708486598669645e-01 -2.762734299365393609e-01 -2.734460251793163210e-01 -2.706390758587253753e-01 -2.663302277345716007e-01 -2.659933586008683126e-01 -2.630965370971931061e-01 -2.629969098107209913e-01 -2.511720993112003808e-01 -2.253903692478961274e-01 -2.002182977094344729e-01 -1.885194257775897608e-01 -1.875747935923026688e-01 -1.864021525573699156e-01 -1.834287829027105576e-01 -1.805982043850886121e-01 -1.783142541593285280e-01 -1.747449913114000331e-01 -1.719548894612416279e-01 -1.713141421371943418e-01 -1.644106808197250413e-01 -1.620893220702671333e-01 -1.579976815029390247e-01 -1.514920705309216464e-01 -1.505165128488465676e-01 -1.502715115170245863e-01 -1.454183335725353909e-01 -1.401758468534093915e-01 -1.372986838975098767e-01 -1.352670042942255291e-01 -1.311105498956859627e-01 -1.274014313854436586e-01 -1.270521114250730554e-01 -1.243726514750971568e-01 -1.231953971963705013e-01 -1.220789312543633931e-01 -1.203975362972717900e-01 -1.193973693655751983e-01 -1.088242505009861250e-01 -1.038216798308471550e-01 -9.316791547942883389e-02 -8.175476550900923067e-02 -7.688916092845668460e-02 -6.040202179757284129e-02 -6.001480036035460736e-02 -4.270538675196650785e-02 -4.013687593347926158e-02 -2.551567964623926293e-02 -2.226863807962595893e-02 -1.429184285356225855e-03 1.429184285356216531e-03 2.226863807962604219e-02 2.551567964623938436e-02 4.013687593347924076e-02 4.270538675196652173e-02 6.001480036035483634e-02 6.040202179757307721e-02 7.688916092845629602e-02 8.175476550901002171e-02 9.316791547942888940e-02 1.038216798308466277e-01 1.088242505009873046e-01 1.193973693655750457e-01 1.203975362972708602e-01 1.220789312543626715e-01 1.231953971963697797e-01 1.243726514750967960e-01 1.270521114250735550e-01 1.274014313854428537e-01 1.311105498956866011e-01 1.352670042942260009e-01 1.372986838975090995e-01 1.401758468534104740e-01 1.454183335725356130e-01 1.502715115170243920e-01 1.505165128488467341e-01 1.514920705309212579e-01 1.579976815029397186e-01 1.620893220702678550e-01 1.644106808197240421e-01 1.713141421371937312e-01 1.719548894612414891e-01 1.747449913113997555e-01 1.783142541593289443e-01 1.805982043850875296e-01 1.834287829027094474e-01 1.864021525573690830e-01 1.875747935923018361e-01 1.885194257775906768e-01 2.002182977094341676e-01 2.253903692478960441e-01 2.511720993112031564e-01 2.629969098107199366e-01 2.630965370971926065e-01 2.659933586008675355e-01 2.663302277345711011e-01 2.706390758587236545e-01 2.734460251793154328e-01 2.762734299365396384e-01 2.776708486598655212e-01
-2.607131638062908929e-01 -2.602035582584976692e-01 -2.580225797308370872e-01 -2.554046474010918666e-01 -2.513175769043479724e-01 -2.510456422695580558e-01 -2.483028006669476540e-01 -2.482203960389677277e-01 -2.350810735814203578e-01 -2.108178637937250521e-01 -1.872023390320170233e-01 -1.781992615561287241e-01 -1.773196944328009894e-01 -1.762146634368987608e-01 -1.734336340407517940e-01 -1.707691086700761085e-01 -1.684654469706201585e-01 -1.639499701621818517e-01 -1.621707131127764212e-01 -1.620637835213760147e-01 -1.555561920952568400e-01 -1.533687278383304431e-01 -1.495336226120879686e-01 -1.434511876266945096e-01 -1.422670228944642734e-01 -1.406069593976890519e-01 -1.376523614678317187e-01 -1.328210877533967660e-01 -1.300676307844805257e-01 -1.282114543268249862e-01 -1.242867817981778145e-01 -1.208278272971241574e-01 -1.187453875599524117e-01 -1.179123607245528976e-01 -1.165741292266390255e-01 -1.158295561684302144e-01 -1.142476055589832507e-01 -1.133114086883059285e-01 -1.032541334159432639e-01 -9.661251055188189996e-02 -8.857370449441462346e-02 -7.583708082636565762e-02 -7.326932486715155568e-02 -5.739019118743780845e-02 -5.578540073864215326e-02 -4.106906745201849979e-02 -3.681436463001901832e-02 -2.472678608528220204e-02 -2.033200641299255304e-02 -1.814849706245748621e-03 1.814849706245742550e-03 2.033200641299258773e-02 2.472678608528222979e-02 3.681436463001897669e-02 4.106906745201850673e-02 5.578540073864247939e-02 5.739019118743851622e-02 7.326932486715113935e-02 7.583708082636581027e-02 8.857370449441467897e-02 9.661251055188080361e-02 1.032541334159427365e-01 1.133114086883064558e-01 1.142476055589823486e-01 1.158295561684299785e-01 1.165741292266378737e-01 1.179123607245516070e-01 1.187453875599521619e-01 1.208278272971241574e-01 1.242867817981778977e-01 1.282114543268252915e-01 1.300676307844817192e-01 1.328210877533962386e-01 1.376523614678311080e-01 1.406069593976894960e-01 1.422670228944639959e-01 1.434511876266927333e-01 1.495336226120880518e-01 1.533687278383300545e-01 1.555561920952582833e-01 1.620637835213760980e-01 1.621707131127765322e-01 1.639499701621815742e-01 1.684654469706202695e-01 1.707691086700772187e-01 1.734336340407534038e-01 1.762146634369000098e-01 1.773196944328013225e-01 1.781992615561305282e-01 1.872023390320178560e-01 2.108178637937265787e-01 2.350810735814176100e-01 2.482203960389663955e-01 2.483028006669472654e-01 2.510456422695584444e-01 2.513175769043471952e-01 2.554046474010906453e-01 2.580225797308366986e-01 2.602035582584968920e-01 2.607131638062908929e-01
-2.443908713839853253e-01 -2.421808637649144058e-01 -2.418491011619556263e-01 -2.394074128780874222e-01 -2.355525372509100213e-01 -2.353607185688576520e-01 -2.327847457831976052e-01 -2.327092247475223141e-01 -2.185466051190957659e-01 -1.958725272718525867e-01 -1.738862745887095607e-01 -1.673061574610782420e-01 -1.665120097286468537e-01 -1.654761866860613162e-01 -1.628836468071181987e-01 -1.603948418818549604e-01 -1.581883581056594268e-01 -1.534884817429394144e-01 -1.522885639701626881e-01 -1.511603705056747404e-01 -1.461724557131847957e-01 -1.441500735094574659e-01 -1.405870497344804126e-01 -1.349268146455633588e-01 -1.337873148836374315e-01 -1.307228185969954160e-01 -1.291683990500266388e-01 -1.250091916438169359e-01 -1.223874884835050997e-01 -1.207058659343770018e-01 -1.170394081778383111e-01 -1.138225906897333550e-01 -1.112847584569733872e-01 -1.106531600673584109e-01 -1.091600979692068513e-01 -1.089034896285397125e-01 -1.076732572456574055e-01 -1.068110585965897502e-01 -9.733430454449416847e-02 -8.927309810655492672e-02 -8.364051163039212811e-02 -6.986548572382020317e-02 -6.934583356337903348e-02 -5.450202687637627219e-02 -5.116730022716583365e-02 -3.921461140419296026e-02 -3.354267973103264300e-02 -2.378531529552642063e-02 -1.848438672433462202e-02 -2.094720188987308877e-03 2.094720188987263341e-03 1.848438672433454569e-02 2.378531529552642063e-02 3.354267973103249034e-02 3.921461140419309210e-02 5.116730022716595855e-02 5.450202687637557830e-02 6.934583356337858939e-02 6.986548572382017541e-02 8.364051163039225301e-02 8.927309810655509326e-02 9.733430454449326641e-02 1.068110585965904996e-01 1.076732572456575027e-01 1.089034896285403231e-01 1.091600979692078643e-01 1.106531600673571619e-01 1.112847584569724435e-01 1.138225906897333550e-01 1.170394081778382833e-01 1.207058659343765855e-01 1.223874884835045168e-01 1.250091916438173800e-01 1.291683990500262780e-01 1.307228185969943057e-01 1.337873148836379866e-01 1.349268146455627482e-01 1.405870497344796632e-01 1.441500735094602414e-01 1.461724557131846014e-01 1.511603705056746016e-01 1.522885639701630767e-01 1.534884817429396919e-01 1.581883581056607868e-01 1.603948418818554045e-01 1.628836468071178933e-01 1.654761866860599839e-01 1.665120097286452161e-01 1.673061574610777702e-01 1.738862745887095052e-01 1.958725272718534194e-01 2.185466051190964043e-01 2.327092247475243680e-01 2.327847457831983546e-01 2.353607185688576520e-01 2.355525372509093829e-01 2.394074128780885047e-01 2.418491011619552100e-01 2.421808637649146279e-01 2.443908713839861579e-01
-2.272648674201234176e-01 -2.248836364899013951e-01 -2.236953457759621455e-01 -2.225509113722312360e-01 -2.189800954164837499e-01 -2.188977221094021708e-01 -2.164999502672071974e-01 -2.164209132481580700e-01 -2.015498363317649588e-01 -1.805349446595486962e-01 -1.602666783920217164e-01 -1.557982580822311613e-01 -1.551177591978566417e-01 -1.541538762074629865e-01 -1.517466867634262584e-01 -1.494447840676926820e-01 -1.473843841908209773e-01 -1.429144543238996812e-01 -1.419590301337473881e-01 -1.394279641112745327e-01 -1.362052338349873382e-01 -1.344040354734206966e-01 -1.311236719520057215e-01 -1.258921008727849622e-01 -1.248058849105218027e-01 -1.213871316314366344e-01 -1.194203033163390021e-01 -1.167141585259406644e-01 -1.142308081214039317e-01 -1.127244208231404365e-01 -1.093344657166174655e-01 -1.063619111700005587e-01 -1.039717213526778067e-01 -1.031730649851440446e-01 -1.020474179092244194e-01 -1.007337818411819241e-01 -1.001788807962174510e-01 -9.987353418683087014e-02 -9.102610170165786885e-02 -8.181640413676635748e-02 -7.834683406511724901e-02 -6.510029570711105273e-02 -6.384031517278948575e-02 -5.133379056513802385e-02 -4.655041957027723082e-02 -3.712562404148379847e-02 -3.033047490076947600e-02 -2.266829776015572701e-02 -1.672575987947089865e-02 -2.260684194015368659e-03 2.260684194015408991e-03 1.672575987947090906e-02 2.266829776015561598e-02 3.033047490076962519e-02 3.712562404148376377e-02 4.655041957027698796e-02 5.133379056513770466e-02 6.384031517278927759e-02 6.510029570711189928e-02 7.834683406511805392e-02 8.181640413676614931e-02 9.102610170165713332e-02 9.987353418683055095e-02 1.001788807962179367e-01 1.007337818411819935e-01 1.020474179092249467e-01 1.031730649851448772e-01 1.039717213526770712e-01 1.063619111700009195e-01 1.093344657166178263e-01 1.127244208231404365e-01 1.142308081214035292e-01 1.167141585259408865e-01 1.194203033163405009e-01 1.213871316314365095e-01 1.248058849105218859e-01 1.258921008727835744e-01 1.311236719520051108e-01 1.344040354734208631e-01 1.362052338349871716e-01 1.394279641112735613e-01 1.419590301337475269e-01 1.429144543238986820e-01 1.473843841908215602e-01 1.494447840676926820e-01 1.517466867634260641e-01 1.541538762074624869e-01 1.551177591978554759e-01 1.557982580822301621e-01 1.602666783920209392e-01 1.805349446595492791e-01 2.015498363317625996e-01 2.164209132481574871e-01 2.164999502672089460e-01 2.188977221093999226e-01 2.189800954164843882e-01 2.225509113722319854e-01 2.236953457759632280e-01 2.248836364899029217e-01 2.272648674201228625e-01
-2.092903984481269408e-01 -2.070814204452184337e-01 -2.052750850325573972e-01 -2.043008353265227117e-01 -2.016129873281849449e-01 -2.015179399965172646e-01 -1.994040474697711673e-01 -1.993065348398432024e-01 -1.840687866161231645e-01 -1.647841896888483371e-01 -1.463619991530439035e-01 -1.436103940790700861e-01 -1.431020577952528960e-01 -1.422134902967052139e-01 -1.399867879608058252e-01 -1.378856891556959063e-01 -1.359987280865951886e-01 -1.318583563549714233e-01 -1.310437402283916863e-01 -1.274227594685142795e-01 -1.255252637237375957e-01 -1.240999543643103997e-01 -1.211108411316886152e-01 -1.163182372462484154e-01 -1.152943127387180411e-01 -1.120656565427998880e-01 -1.089182667084075823e-01 -1.079084326790314824e-01 -1.055636917583379769e-01 -1.042378441063433608e-01 -1.011428357271435818e-01 -9.842022294997244958e-02 -9.622088220645272361e-02 -9.539121312254235374e-02 -9.446668552923265239e-02 -9.323228715586470705e-02 -9.247437169747595165e-02 -9.118493678644463973e-02 -8.430025372456595445e-02 -7.424402641118957313e-02 -7.267070069330426596e-02 -6.051339762462738109e-02 -5.776091502543910516e-02 -4.786799960788711006e-02 -4.193820128392781316e-02 -3.478408779793345368e-02 -2.719021895251140172e-02 -2.134913656566001308e-02 -1.505177759287127867e-02 -2.309399094962157235e-03 2.309399094962228359e-03 1.505177759287128561e-02 2.134913656566009635e-02 2.719021895251136703e-02 3.478408779793323163e-02 4.193820128392797275e-02 4.786799960788688801e-02 5.776091502543900108e-02 6.051339762462766558e-02 7.267070069330404392e-02 7.424402641119028090e-02 8.430025372456570465e-02 9.118493678644544465e-02 9.247437169747688146e-02 9.323228715586379112e-02 9.446668552923351281e-02 9.539121312254258966e-02 9.622088220645315382e-02 9.842022294997219978e-02 1.011428357271439149e-01 1.042378441063440825e-01 1.055636917583386708e-01 1.079084326790322595e-01 1.089182667084087897e-01 1.120656565428014423e-01 1.152943127387188738e-01 1.163182372462494285e-01 1.211108411316891148e-01 1.240999543643092340e-01 1.255252637237357916e-01 1.274227594685156395e-01 1.310437402283922137e-01 1.318583563549715898e-01 1.359987280865955217e-01 1.378856891556954622e-01 1.399867879608059917e-01 1.422134902967053527e-01 1.431020577952529516e-01 1.436103940790696143e-01 1.463619991530446529e-01 1.647841896888468938e-01 1.840687866161233588e-01 1.993065348398440628e-01 1.994040474697720278e-01 2.015179399965166263e-01 2.016129873281860552e-01 2.043008353265228783e-01 2.052750850325579801e-01 2.070814204452191554e-01 2.092903984481279400e-01
-1.904193507122497186e-01 -1.883945284078059612e-01 -1.866934081182664851e-01 -1.849359144498525509e-01 -1.834596910595891750e-01 -1.830190313269177971e-01 -1.814499839674017789e-01 -1.813013868538987938e-01 -1.660788137069552917e-01 -1.485976839639729652e-01 -1.322714224469811184e-01 -1.305979931999623478e-01 -1.304282464673454656e-01 -1.296188044316345656e-01 -1.275614022199565156e-01 -1.256808933516761762e-01 -1.239877410162445875e-01 -1.202153601963589086e-01 -1.195090110064923050e-01 -1.154888179678527083e-01 -1.138235166750897337e-01 -1.132053041433686014e-01 -1.105152483779451716e-01 -1.061742173206667028e-01 -1.052220395164654432e-01 -1.022887938556299031e-01 -9.856259106332634912e-02 -9.812921815856613661e-02 -9.633022121414788752e-02 -9.520858750337740650e-02 -9.243529365179439794e-02 -8.997001803789675400e-02 -8.797618232627518742e-02 -8.716234283718680975e-02 -8.639121270418979870e-02 -8.526993832783827387e-02 -8.458726903969734923e-02 -8.193499585245228589e-02 -7.712935444043728106e-02 -6.658908803565659340e-02 -6.655356507565629576e-02 -5.556464652585806768e-02 -5.162620200901136408e-02 -4.408588717189110967e-02 -3.733628016725146909e-02 -3.216883526473941074e-02 -2.414129035631367229e-02 -1.979428620476032449e-02 -1.345233590282800089e-02 -2.243559332071196066e-03 2.243559332071244639e-03 1.345233590282810324e-02 1.979428620476032449e-02 2.414129035631378678e-02 3.216883526473966748e-02 3.733628016725219073e-02 4.408588717189122069e-02 5.162620200901131551e-02 5.556464652585860892e-02 6.655356507565679536e-02 6.658908803565691259e-02 7.712935444043733657e-02 8.193499585245216099e-02 8.458726903969672473e-02 8.526993832783885674e-02 8.639121270418967380e-02 8.716234283718714282e-02 8.797618232627629764e-02 8.997001803789680952e-02 9.243529365179589674e-02 9.520858750337740650e-02 9.633022121414776262e-02 9.812921815856688601e-02 9.856259106332691811e-02 1.022887938556282794e-01 1.052220395164658318e-01 1.061742173206671330e-01 1.105152483779456851e-01 1.132053041433689761e-01 1.138235166750895949e-01 1.154888179678537630e-01 1.195090110064915695e-01 1.202153601963590612e-01 1.239877410162451149e-01 1.256808933516765925e-01 1.275614022199568764e-01 1.296188044316345100e-01 1.304282464673456321e-01 1.305979931999624033e-01 1.322714224469803412e-01 1.485976839639749358e-01 1.660788137069554582e-01 1.813013868538993212e-01 1.814499839674016679e-01 1.830190313269182967e-01 1.834596910595893415e-01 1.849359144498526897e-01 1.866934081182662908e-01 1.883945284078064053e-01 1.904193507122506901e-01
-1.705999259054079009e-01 -1.687715283823627288e-01 -1.672558377106106164e-01 -1.651863800948581151e-01 -1.643875002440282063e-01 -1.633989387225348588e-01 -1.625874845815784286e-01 -1.622767227883711860e-01 -1.475527537919359422e-01 -1.319510341190858749e-01 -1.181581090245036464e-01 -1.170573466266009166e-01 -1.165634921441359578e-01 -1.163311832611545610e-01 -1.144128721110151126e-01 -1.127883401278266112e-01 -1.113100526014288300e-01 -1.079307864110047033e-01 -1.073186608350696764e-01 -1.035137184346264644e-01 -1.016853205353329681e-01 -1.011857679588807624e-01 -9.930191282145986453e-02 -9.542653491252832409e-02 -9.455610234151194671e-02 -9.195217553019802148e-02 -8.864508152162861587e-02 -8.729540439107157102e-02 -8.636765244270153130e-02 -8.555684270957565618e-02 -8.318115574826565051e-02 -8.098161753837052057e-02 -7.920413212146537596e-02 -7.843162641931737677e-02 -7.779227125188928338e-02 -7.679144415104882659e-02 -7.618390865732657669e-02 -7.247820540243564424e-02 -6.948556582553244709e-02 -6.007756091314798985e-02 -5.874073553869457037e-02 -5.023215545585569403e-02 -4.543514526578168455e-02 -3.996694292320467773e-02 -3.275607750565640020e-02 -2.925184577900987251e-02 -2.121181505708794046e-02 -1.796118018285641771e-02 -1.191028780136784045e-02 -2.073018446047875107e-03 2.073018446047851255e-03 1.191028780136786300e-02 1.796118018285641077e-02 2.121181505708794740e-02 2.925184577901001823e-02 3.275607750565647652e-02 3.996694292320381037e-02 4.543514526578187884e-02 5.023215545585558994e-02 5.874073553869458425e-02 6.007756091314876007e-02 6.948556582553189198e-02 7.247820540243361809e-02 7.618390865732688200e-02 7.679144415104925681e-02 7.779227125188903358e-02 7.843162641931775148e-02 7.920413212146550086e-02 8.098161753837007648e-02 8.318115574826598357e-02 8.555684270957493454e-02 8.636765244270168396e-02 8.729540439107179306e-02 8.864508152162825505e-02 9.195217553019836842e-02 9.455610234151284876e-02 9.542653491252879594e-02 9.930191282145954534e-02 1.011857679588806097e-01 1.016853205353335926e-01 1.035137184346265476e-01 1.073186608350699817e-01 1.079307864110046616e-01 1.113100526014284136e-01 1.127883401278267916e-01 1.144128721110148628e-01 1.163311832611536867e-01 1.165634921441357635e-01 1.170573466266003615e-01 1.181581090245033272e-01 1.319510341190862357e-01 1.475527537919364141e-01 1.622767227883703534e-01 1.625874845815778735e-01 1.633989387225356360e-01 1.643875002440280675e-01 1.651863800948586980e-01 1.672558377106108107e-01 1.687715283823616741e-01 1.705999259054080119e-01
-1.497762799999798611e-01 -1.481571230966629016e-01 -1.468448742469750934e-01 -1.448495709987604740e-01 -1.443422017592100870e-01 -1.430660228814888413e-01 -1.427625908393622967e-01 -1.419502455418614473e-01 -1.284608979178191446e-01 -1.148178422892519035e-01 -1.037448666231154670e-01 -1.029476412728058954e-01 -1.023092160908219694e-01 -1.017913182244209735e-01 -1.004436285813939678e-01 -9.915378002201394314e-02 -9.792350542643740718e-02 -9.495914290985846273e-02 -9.443373710332313153e-02 -9.104707019548816116e-02 -8.950268403119902849e-02 -8.801785240036397173e-02 -8.743360088946554309e-02 -8.403872892509214876e-02 -8.326077221023382713e-02 -8.100481904971601477e-02 -7.812197192144242075e-02 -7.662878198118033835e-02 -7.574732604424037896e-02 -7.493691699511358106e-02 -7.334769026058855779e-02 -7.142284476596723330e-02 -6.987210276360683592e-02 -6.916005217894169443e-02 -6.863889030292219529e-02 -6.776413527647703883e-02 -6.723375995880936928e-02 -6.281653071466809790e-02 -6.133967020613589199e-02 -5.311000263813035749e-02 -5.080011093286989493e-02 -4.449243801241578589e-02 -3.918761213828319406e-02 -3.548798864133617670e-02 -2.822463879463572509e-02 -2.598827825074725983e-02 -1.842338612974887130e-02 -1.581327212480036076e-02 -1.040083991196017778e-02 -1.815224459874058369e-03 1.815224459874057502e-03 1.040083991196015696e-02 1.581327212480031913e-02 1.842338612974873252e-02 2.598827825074733963e-02 2.822463879463548569e-02 3.548798864133560077e-02 3.918761213828333284e-02 4.449243801241584140e-02 5.080011093286962431e-02 5.311000263813014932e-02 6.133967020613563526e-02 6.281653071466891669e-02 6.723375995880952194e-02 6.776413527647739965e-02 6.863889030292215365e-02 6.916005217894211077e-02 6.987210276360743266e-02 7.142284476596838516e-02 7.334769026058776675e-02 7.493691699511315085e-02 7.574732604424069815e-02 7.662878198117997752e-02 7.812197192144294811e-02 8.100481904971557068e-02 8.326077221023348018e-02 8.403872892509128834e-02 8.743360088946593167e-02 8.801785240036398561e-02 8.950268403119812644e-02 9.104707019548786973e-02 9.443373710332293725e-02 9.495914290985867090e-02 9.792350542643742106e-02 9.915378002201376273e-02 1.004436285813928298e-01 1.017913182244209874e-01 1.023092160908217751e-01 1.029476412728065615e-01 1.037448666231161054e-01 1.148178422892518341e-01 1.284608979178183952e-01 1.419502455418594211e-01 1.427625908393625187e-01 1.430660228814879531e-01 1.443422017592093098e-01 1.448495709987612234e-01 1.468448742469758428e-01 1.481571230966637898e-01 1.497762799999805827e-01
-1.278881202159183605e-01 -1.264917841070944127e-01 -1.253919269097489020e-01 -1.236225805981834014e-01 -1.232653013098568145e-01 -1.220669073184172115e-01 -1.219172141737306370e-01 -1.204356993881336019e-01 -1.087708713503325320e-01 -9.716948243271604502e-02 -8.867792002160394815e-02 -8.805430142409419181e-02 -8.750837152193433055e-02 -8.666330694251411781e-02 -8.556515712895401693e-02 -8.468155311469387214e-02 -8.378379055640865214e-02 -8.125560176436733006e-02 -8.081221995379944678e-02 -7.791600877186173613e-02 -7.661721420171976882e-02 -7.487040075857363808e-02 -7.444024816042792148e-02 -7.197046832154326002e-02 -7.129692812502309851e-02 -6.940380999867409861e-02 -6.695669307538336390e-02 -6.560940037540116676e-02 -6.485703818246831009e-02 -6.340163189380353115e-02 -6.289973513633867475e-02 -6.125835654553024590e-02 -5.994575260840753761e-02 -5.931105872076738311e-02 -5.889762933489718633e-02 -5.815439121745623330e-02 -5.770385833374060136e-02 -5.294369141381191635e-02 -5.266054812694547643e-02 -4.565838069184083303e-02 -4.272542310945964816e-02 -3.832019013491171772e-02 -3.288677423599770111e-02 -3.062063702266088969e-02 -2.379994603898143851e-02 -2.230101188230671980e-02 -1.573709732121377977e-02 -1.337375417063547435e-02 -8.892103001682676727e-03 -1.494496643205930897e-03 1.494496643205956267e-03 8.892103001682666319e-03 1.337375417063548996e-02 1.573709732121380059e-02 2.230101188230677184e-02 2.379994603898136218e-02 3.062063702266111520e-02 3.288677423599756233e-02 3.832019013491220344e-02 4.272542310946000205e-02 4.565838069184091630e-02 5.266054812694549725e-02 5.294369141381161797e-02 5.770385833373970624e-02 5.815439121745646228e-02 5.889762933489711000e-02 5.931105872076743862e-02 5.994575260840689923e-02 6.125835654553082876e-02 6.289973513633904945e-02 6.340163189380355890e-02 6.485703818246889296e-02 6.560940037540136105e-02 6.695669307538358594e-02 6.940380999867384881e-02 7.129692812502361199e-02 7.197046832154367635e-02 7.444024816042750514e-02 7.487040075857412380e-02 7.661721420171939412e-02 7.791600877186159735e-02 8.081221995379916923e-02 8.125560176436688598e-02 8.378379055640872153e-02 8.468155311469438562e-02 8.556515712895457204e-02 8.666330694251350719e-02 8.750837152193455259e-02 8.805430142409381711e-02 8.867792002160368448e-02 9.716948243271680830e-02 1.087708713503327956e-01 1.204356993881332688e-01 1.219172141737294296e-01 1.220669073184158099e-01 1.232653013098564954e-01 1.236225805981833459e-01 1.253919269097484024e-01 1.264917841070943016e-01 1.278881202159181663e-01
-1.048702553844608892e-01 -1.037113992839564097e-01 -1.028302218453061578e-01 -1.013519052019606348e-01 -1.010935824805813538e-01 -1.000822896373044363e-01 -9.998867505071784567e-02 -9.804343144489446882e-02 -8.844744536385730493e-02 -7.897483003079430741e-02 -7.281707117495295201e-02 -7.232902177865403737e-02 -7.188065050343163398e-02 -7.106234512401381209e-02 -7.002504596979337859e-02 -6.921253394022441885e-02 -6.884365921633149588e-02 -6.677339660088882356e-02 -6.640869954266837016e-02 -6.404444684550639200e-02 -6.298555569773084395e-02 -6.156934950094514886e-02 -6.047494497002189190e-02 -5.917482807623996449e-02 -5.862045771388677690e-02 -5.710633527946189919e-02 -5.510976868944279794e-02 -5.397671440987857061e-02 -5.337893310808709824e-02 -5.179937071902851464e-02 -5.144275000069329501e-02 -5.044691214274400065e-02 -4.938826092320367650e-02 -4.884712960177359925e-02 -4.853232110229214330e-02 -4.792620299584392229e-02 -4.755855741705090900e-02 -4.341480453845143750e-02 -4.284999810077527033e-02 -3.769252714869054943e-02 -3.450971648411416126e-02 -3.168803026174778215e-02 -2.654781751999491651e-02 -2.532240682227564210e-02 -1.949504910287310974e-02 -1.815634923144127111e-02 -1.303152868824256419e-02 -1.074730600413893213e-02 -7.346847027868298047e-03 -1.140086910181972550e-03 1.140086910181989030e-03 7.346847027868344017e-03 1.074730600413907611e-02 1.303152868824252776e-02 1.815634923144113580e-02 1.949504910287317913e-02 2.532240682227578088e-02 2.654781751999502407e-02 3.168803026174763643e-02 3.450971648411402248e-02 3.769252714869093107e-02 4.284999810077498583e-02 4.341480453845095178e-02 4.755855741705124207e-02 4.792620299584390148e-02 4.853232110229228902e-02 4.884712960177334945e-02 4.938826092320334343e-02 5.044691214274396596e-02 5.144275000069292031e-02 5.179937071902847301e-02 5.337893310808764641e-02 5.397671440987895225e-02 5.510976868944308937e-02 5.710633527946194776e-02 5.862045771388683935e-02 5.917482807624036695e-02 6.047494497002201680e-02 6.156934950094444803e-02 6.298555569773058027e-02 6.404444684550625322e-02 6.640869954266856445e-02 6.677339660088869866e-02 6.884365921633156526e-02 6.921253394022441885e-02 7.002504596979364226e-02 7.106234512401400638e-02 7.188065050343127316e-02 7.232902177865391247e-02 7.281707117495279935e-02 7.897483003079472375e-02 8.844744536385747147e-02 9.804343144489462147e-02 9.998867505071859507e-02 1.000822896373050330e-01 1.010935824805814370e-01 1.013519052019609540e-01 1.028302218453061856e-01 1.037113992839558962e-01 1.048702553844616525e-01
-8.065209752117312447e-02 -7.974700614293060708e-02 -7.908927181773908743e-02 -7.794019480578788517e-02 -7.775861938235853477e-02 -7.697219062139511181e-02 -7.690921303166525780e-02 -7.483240304354350780e-02 -6.745229404456207223e-02 -6.019992258830676735e-02 -5.608486191146998256e-02 -5.571965107076481266e-02 -5.537423125290359682e-02 -5.471107213536503810e-02 -5.387685875029459698e-02 -5.305234323544034958e-02 -5.286499022138360648e-02 -5.146267340168847459e-02 -5.117405293012462775e-02 -4.937433367373107729e-02 -4.856084798291550320e-02 -4.748407063796806354e-02 -4.614108593112455081e-02 -4.558788225627853630e-02 -4.517564077461501404e-02 -4.406739980712610916e-02 -4.253853524654246238e-02 -4.165313002629716932e-02 -4.120902252385229281e-02 -4.000559536878577072e-02 -3.918499287703423872e-02 -3.890531453320414390e-02 -3.815988540244938387e-02 -3.772851652562145969e-02 -3.750377180312732678e-02 -3.704068196092463738e-02 -3.675925093244598874e-02 -3.356644457600999748e-02 -3.252361897330997148e-02 -2.917993437654475136e-02 -2.614550668732600405e-02 -2.456613560228068302e-02 -2.021733714666895318e-02 -1.951711911619000497e-02 -1.511629626818325467e-02 -1.372559827386184150e-02 -1.017812993353807254e-02 -8.044417167505885785e-03 -5.724958415897521760e-03 -7.835192330186968850e-04 7.835192330186965598e-04 5.724958415897507015e-03 8.044417167505847621e-03 1.017812993353805172e-02 1.372559827386190569e-02 1.511629626818317314e-02 1.951711911619015416e-02 2.021733714666865828e-02 2.456613560228056159e-02 2.614550668732630936e-02 2.917993437654518157e-02 3.252361897331013801e-02 3.356644457601043463e-02 3.675925093244596792e-02 3.704068196092465820e-02 3.750377180312750719e-02 3.772851652562154295e-02 3.815988540244951571e-02 3.890531453320397737e-02 3.918499287703446077e-02 4.000559536878549316e-02 4.120902252385232056e-02 4.165313002629695421e-02 4.253853524654210849e-02 4.406739980712597732e-02 4.517564077461467403e-02 4.558788225627849466e-02 4.614108593112475898e-02 4.748407063796791783e-02 4.856084798291517707e-02 4.937433367373112586e-02 5.117405293012453754e-02 5.146267340168882154e-02 5.286499022138367587e-02 5.305234323544055081e-02 5.387685875029442351e-02 5.471107213536475361e-02 5.537423125290346498e-02 5.571965107076477797e-02 5.608486191146987848e-02 6.019992258830619836e-02 6.745229404456208611e-02 7.483240304354296657e-02 7.690921303166532719e-02 7.697219062139527834e-02 7.775861938235927029e-02 7.794019480578795456e-02 7.908927181773947601e-02 7.974700614293091239e-02 8.065209752117295794e-02
-5.515712738427826917e-02 -5.452484653469888420e-02 -5.409324494588132332e-02 -5.330221539955082299e-02 -5.318623913658695329e-02 -5.264612275586183499e-02 -5.260546177691189512e-02 -5.078381846880263006e-02 -4.574370014606638640e-02 -4.080750599377720028e-02 -3.841562533718297784e-02 -3.816981876963880527e-02 -3.793311490777788453e-02 -3.747141800192377303e-02 -3.689538296386444399e-02 -3.635504576305573221e-02 -3.586880982752833208e-02 -3.526976946809982916e-02 -3.505540068095640976e-02 -3.384972074952490029e-02 -3.329238133803814892e-02 -3.256440577676534415e-02 -3.145954067636975993e-02 -3.116267982824420454e-02 -3.087161183999374142e-02 -3.023881741707898363e-02 -2.919687572228392425e-02 -2.858451536480864641e-02 -2.829126005947132927e-02 -2.747398217723808975e-02 -2.680631461075219310e-02 -2.641315712811893521e-02 -2.621758145164785128e-02 -2.591254514307747558e-02 -2.576936238387234068e-02 -2.545568572500006913e-02 -2.526406065391533645e-02 -2.307655987178662202e-02 -2.195087673119670846e-02 -2.008559909398300453e-02 -1.762508551418733721e-02 -1.692166520719133940e-02 -1.384608402129791291e-02 -1.322190786691740047e-02 -1.046380781990938723e-02 -9.184384759041479274e-03 -7.089697581268805497e-03 -5.332571310979152511e-03 -3.985816979270803001e-03 -4.559779355788660493e-04 4.559779355788710366e-04 3.985816979270805603e-03 5.332571310979136031e-03 7.089697581268738710e-03 9.184384759041503560e-03 1.046380781990928661e-02 1.322190786691735537e-02 1.384608402129786607e-02 1.692166520719148859e-02 1.762508551418725741e-02 2.008559909398279983e-02 2.195087673119646907e-02 2.307655987178689957e-02 2.526406065391539196e-02 2.545568572500018015e-02 2.576936238387242742e-02 2.591254514307775661e-02 2.621758145164804557e-02 2.641315712811912950e-02 2.680631461075196412e-02 2.747398217723820771e-02 2.829126005947144029e-02 2.858451536480859784e-02 2.919687572228361547e-02 3.023881741707902873e-02 3.087161183999371367e-02 3.116267982824423924e-02 3.145954067636975299e-02 3.256440577676543435e-02 3.329238133803798239e-02 3.384972074952469906e-02 3.505540068095642364e-02 3.526976946810004426e-02 3.586880982752856106e-02 3.635504576305580854e-02 3.689538296386434685e-02 3.747141800192404365e-02 3.793311490777817596e-02 3.816981876963906894e-02 3.841562533718299866e-02 4.080750599377723498e-02 4.574370014606700396e-02 5.078381846880240108e-02 5.260546177691223513e-02 5.264612275586209172e-02 5.318623913658725860e-02 5.330221539955107279e-02 5.409324494588099719e-02 5.452484653469933523e-02 5.515712738427819284e-02
-2.830244588651999529e-02 -2.796759135898789148e-02 -2.776000583963905005e-02 -2.735235241707614090e-02 -2.729593716736578371e-02 -2.701859664040327791e-02 -2.699789410644956242e-02 -2.585687330638079817e-02 -2.327620911680272631e-02 -2.075636706810771517e-02 -1.974378137085152501e-02 -1.961858423543456215e-02 -1.949681163677681114e-02 -1.925920893686833280e-02 -1.896306839905567698e-02 -1.869244448562511901e-02 -1.827017382707325777e-02 -1.813661923217297495e-02 -1.799978245170420071e-02 -1.741240475913155214e-02 -1.712526196930287334e-02 -1.675604212597796988e-02 -1.616609611200534036e-02 -1.600452159919839995e-02 -1.573675555146259245e-02 -1.556855242182523906e-02 -1.503506345248168882e-02 -1.471851173934529862e-02 -1.457325313183220269e-02 -1.415630634192676165e-02 -1.380981543526190944e-02 -1.351461369304492177e-02 -1.340667990363031761e-02 -1.335309664967611158e-02 -1.328183596020675664e-02 -1.312544076393755421e-02 -1.302749162691843772e-02 -1.190301184147142359e-02 -1.111602489033694172e-02 -1.037204696873966769e-02 -8.938173259534089310e-03 -8.720779149506988071e-03 -7.159833198961584183e-03 -6.676071684979540538e-03 -5.442360111057447346e-03 -4.601520557322704916e-03 -3.710555155690176826e-03 -2.645663624517510110e-03 -2.089985022071930588e-03 -1.863373334165769691e-04 1.863373334165819835e-04 2.089985022071936226e-03 2.645663624517508375e-03 3.710555155690149504e-03 4.601520557322731804e-03 5.442360111057532347e-03 6.676071684979543140e-03 7.159833198961663113e-03 8.720779149507154604e-03 8.938173259534174311e-03 1.037204696873970759e-02 1.111602489033691570e-02 1.190301184147124838e-02 1.302749162691842384e-02 1.312544076393755248e-02 1.328183596020686072e-02 1.335309664967607862e-02 1.340667990363019792e-02 1.351461369304491483e-02 1.380981543526188515e-02 1.415630634192678941e-02 1.457325313183218535e-02 1.471851173934536974e-02 1.503506345248166974e-02 1.556855242182519049e-02 1.573675555146255081e-02 1.600452159919837219e-02 1.616609611200536117e-02 1.675604212597789702e-02 1.712526196930287334e-02 1.741240475913174643e-02 1.799978245170421459e-02 1.813661923217313107e-02 1.827017382707323348e-02 1.869244448562513289e-02 1.896306839905569433e-02 1.925920893686831198e-02 1.949681163677657175e-02 1.961858423543443725e-02 1.974378137085138971e-02 2.075636706810759027e-02 2.327620911680291713e-02 2.585687330638097511e-02 2.699789410644961793e-02 2.701859664040330219e-02 2.729593716736559289e-02 2.735235241707606110e-02 2.776000583963912985e-02 2.796759135898793311e-02 2.830244588651991203e-02
-2.783784647031219655e-07 -2.749327836241926851e-07 -2.731276080952713705e-07 -2.691055275673180305e-07 -2.685729000577386495e-07 -2.658493142254205751e-07 -2.656392875499155965e-07 -2.523906747675904239e-07 -2.270694412511403900e-07 -2.024238553226072053e-07 -1.945473993859598200e-07 -1.933146040865042725e-07 -1.921121993065523150e-07 -1.897900670831784094e-07 -1.868773287323101019e-07 -1.842579603439752575e-07 -1.789642636389108523e-07 -1.788016791360885109e-07 -1.766148055802384313e-07 -1.717224771280081095e-07 -1.688796470803269443e-07 -1.652908318533670232e-07 -1.594414277325882266e-07 -1.578087041281907789e-07 -1.536688307579246212e-07 -1.534061737529321227e-07 -1.484181564794007257e-07 -1.452978219585898013e-07 -1.439188014777662597e-07 -1.398376885538371688e-07 -1.364294601833999026e-07 -1.335546996720740044e-07 -1.319178555919205803e-07 -1.313990405699768185e-07 -1.302569429548722597e-07 -1.297434732274388228e-07 -1.287813604364914062e-07 -1.177008883462533909e-07 -1.079321818140264404e-07 -1.026603652338369129e-07 -8.769629166604002245e-08 -8.536495294247034145e-08 -7.110680861769014208e-08 -6.448734220750716060e-08 -5.429500564914453985e-08 -4.414711406535274247e-08 -3.725432758420523351e-08 -2.512422160040303053e-08 -2.107024592129719097e-08 -1.314652576895439291e-09 1.314652576895475893e-09 2.107024592129728693e-08 2.512422160040318935e-08 3.725432758420550482e-08 4.414711406535357627e-08 5.429500564914513542e-08 6.448734220750738560e-08 7.110680861769036707e-08 8.536495294247002382e-08 8.769629166604161064e-08 1.026603652338365820e-07 1.079321818140258978e-07 1.177008883462531526e-07 1.287813604364902415e-07 1.297434732274398287e-07 1.302569429548740332e-07 1.313990405699777979e-07 1.319178555919204479e-07 1.335546996720733691e-07 1.364294601833999820e-07 1.398376885538352630e-07 1.439188014777669215e-07 1.452978219585888219e-07 1.484181564793995611e-07 1.534061737529310903e-07 1.536688307579241182e-07 1.578087041281915995e-07 1.594414277325865061e-07 1.652908318533657791e-07 1.688796470803266002e-07 1.717224771280073154e-07 1.766148055802390137e-07 1.788016791360868433e-07 1.789642636389095288e-07 1.842579603439735899e-07 1.868773287323088578e-07 1.897900670831768741e-07 1.921121993065524209e-07 1.933146040865047224e-07 1.945473993859598200e-07 2.024238553226072318e-07 2.270694412511407342e-07 2.523906747675906357e-07 2.656392875499152260e-07 2.658493142254212104e-07 2.685729000577367436e-07 2.691055275673167600e-07 2.731276080952716882e-07 2.749327836241935851e-07 2.783784647031213832e-07
