9.999999996214490317e-01 9.999999991129017163e-01 9.999999979297300445e-01 9.999999949442689440e-01 9.999999861616439834e-01 9.999999495499427571e-01 9.999993090765436632e-01 9.999989783411346034e-01 9.999992508006044778e-01 9.999982077000766356e-01 9.999971178050991449e-01 9.999976954447824529e-01 9.999864813383377848e-01 9.999979910067863242e-01 9.999988201309222280e-01 9.999995619938791824e-01 9.999999853118969328e-01 9.999999482923235261e-01 9.999999496890110695e-01 9.999999708226012807e-01 9.999999614301231521e-01 9.999964399998279019e-01 9.999965979812874828e-01 9.999081915319103508e-01 9.999998424352066762e-01 9.999999547830809021e-01 9.999815621906505969e-01 9.999649611747744027e-01 9.999115879917264138e-01 9.983707827666145063e-01 9.998889552034395667e-01 9.997655981317490337e-01 9.999756064881392126e-01 9.999698627917799065e-01 9.997009058053943908e-01 9.998224909977120323e-01 9.997084107811013975e-01 9.966572728473442888e-01 9.995868919516398554e-01 9.997303552109858549e-01 9.996442420863274059e-01 9.998971473504301155e-01 9.999297007579404095e-01 9.999169189775110045e-01 9.998675678226646157e-01 9.997016971769636662e-01 9.986889419125219991e-01 9.961204923562546609e-01 9.956245666327423471e-01 9.918947533273083650e-01 9.529117433197553666e-01 6.843556910896980705e-01 9.835182127355549531e-01 9.942901529461001253e-01 9.971132234958908214e-01 9.985902571738370925e-01 9.998257334104468930e-01 9.992568808488468957e-01 9.988660079736144670e-01 9.987488943439417621e-01 9.984975989715232370e-01 9.993987294200152860e-01 9.997399682667607035e-01 9.997770998884591975e-01 9.997679105858253701e-01 9.997300706071466925e-01 9.996577568144009440e-01 9.995260739725956300e-01 9.991932391229558785e-01 9.991665480070801575e-01 9.470270902508577393e-01 9.713857428736136779e-01 9.740749349161600401e-01 9.062096571295829017e-01 7.837407555812372362e-01 8.717483745638247017e-01 2.226967717094720800e-01 -4.728233030782154067e-01 -4.800565679674469871e-02 2.942137237790349302e-01 7.234065300101543139e-01 8.283817991570551209e-01 8.821216583341873196e-01 9.212171248143865565e-01 9.448045758681287154e-01 9.538529607258966481e-01 9.519025607081308404e-01 9.354562050919219551e-01 8.593326710384644462e-01 7.396010433881724522e-01 9.278866565803615130e-01 9.553744068788879718e-01 9.640828592841532707e-01 9.654687484312491907e-01 9.614691131203422225e-01 9.521370772776317493e-01 9.380641753151186535e-01 9.196342308391224352e-01 8.935612628677901403e-01 8.484496748423795420e-01
9.999999995378374695e-01 9.999999987709259353e-01 9.999999963952733717e-01 9.999999843070841443e-01 9.999999501038887573e-01 9.999996920683821289e-01 9.999987927440485702e-01 9.999998217688238489e-01 9.999997975740015921e-01 9.999996883104284029e-01 9.999993951882826249e-01 9.999973850027963351e-01 9.999981067381020772e-01 9.999971916217528234e-01 9.999890269865324699e-01 9.999762249497908817e-01 9.999873012536085737e-01 9.999851502259095026e-01 9.999753341968279363e-01 9.999396068869166321e-01 9.998110216923541405e-01 9.995167054348523816e-01 9.997369584913603502e-01 9.999612836211382305e-01 9.999837923647262317e-01 9.999896284777942679e-01 9.999993620757627877e-01 9.999993546406629186e-01 9.999985704723980406e-01 9.999977166127583805e-01 9.996384550463517371e-01 9.997373935964846137e-01 9.987150991538742417e-01 9.988340741606503981e-01 9.982391370246704865e-01 9.995034302960909001e-01 9.995933300428164747e-01 9.981686095454561647e-01 9.998595372568507278e-01 9.998851425694953443e-01 9.998576056777344068e-01 9.997576814916118160e-01 9.993071534330442152e-01 9.963375287536229141e-01 9.968809264666422809e-01 9.947703330325300408e-01 9.749996421176140293e-01 9.699743630886492607e-01 9.367642749283554560e-01 9.726742656479581139e-01 9.860231501940660559e-01 9.844296556666652931e-01 9.792644502118031946e-01 9.961953495677315917e-01 9.982455967052829005e-01 9.989771029772105404e-01 9.993424865970373938e-01 9.996828159415174220e-01 9.998018721728336722e-01 9.994754351025336714e-01 9.990537926678825231e-01 9.980103713020437306e-01 9.903862100974742955e-01 9.925488703777811672e-01 9.949048186512081671e-01 9.879150235206445307e-01 9.978295650186215227e-01 9.977425465322034004e-01 9.968761987053179618e-01 9.949631191830587973e-01 9.909700840426801660e-01 9.838405626412998206e-01 9.586860769522476122e-01 7.819635574743102335e-01 1.894896346141524412e-01 9.889478557247213253e-01 2.431750812485095892e-01 6.280884510834618961e-01 8.506418528009719315e-01 9.037585795971487812e-01 8.951173895553999893e-01 8.835347323056033098e-01 9.167780025888967455e-01 9.134017710950312896e-01 8.715175468537434966e-01 4.660189518125210650e-01 8.350688460314221739e-01 9.231262144167129424e-01 9.472402602030651764e-01 9.562582975333702162e-01 9.581547909541987540e-01 9.545836445797214465e-01 9.456037419679551581e-01 9.313985361081531522e-01 9.116934552071838116e-01 8.829992562869420913e-01 8.343608654307447248e-01 7.301631091164249021e-01 3.828672043900854804e-01 1.072883246514669403e-01
9.999999991282472189e-01 9.999999949543667555e-01 9.999999914882262697e-01 9.999999771338420329e-01 9.999999660721556882e-01 9.999993968423495083e-01 9.999998835327575941e-01 9.999998675611136978e-01 9.999998010687431993e-01 9.999996996042739283e-01 9.999998563209102631e-01 9.999997543142239431e-01 9.999996995549812473e-01 9.999996719953482271e-01 9.999997422564060878e-01 9.999996235632203634e-01 9.999549203478406145e-01 9.999383947802961137e-01 9.994336854883385524e-01 9.998537510576986920e-01 9.999028165381587119e-01 9.999174551655105603e-01 9.999271376044018833e-01 9.999375361703322085e-01 9.999485864164062709e-01 9.999583023657855341e-01 9.999668309621061457e-01 9.999757306204418716e-01 9.999884321033829515e-01 9.999710379124717718e-01 9.999457240971901806e-01 9.999945842864964574e-01 9.999452668626566121e-01 9.987524944577881314e-01 9.990731754257808905e-01 9.988435873992163039e-01 9.981637371976227469e-01 9.988189930724876708e-01 9.983901412336919634e-01 9.960110027856741155e-01 9.971037932864066367e-01 9.957319749855104707e-01 9.856259455883337184e-01 9.788230024866042545e-01 9.805674066795223576e-01 9.668983693570070148e-01 9.427559227653887763e-01 9.738918532575306930e-01 9.218199298394145202e-01 9.896805401412511749e-01 9.959610716162373700e-01 9.969600463180222638e-01 9.997826269239885599e-01 9.998933850201628948e-01 9.999260140788217566e-01 9.999408383419846613e-01 9.999489627321964669e-01 9.999542572682970087e-01 9.999590330015015738e-01 9.999659556245039660e-01 9.999800391480122563e-01 9.999868329993824023e-01 9.999021810745856165e-01 9.996609361344673816e-01 9.988046868319224725e-01 9.927604244627785679e-01 9.709811452349939032e-01 9.350022808700679811e-01 5.735650185853777838e-01 -2.621041426316048084e-01 4.303211125213021182e-01 6.856560692677007296e-01 6.433342299244081408e-01 5.861506827731379765e-01 9.924154183994229328e-01 8.728712494369387231e-01 5.999120471727292792e-01 7.053799709456105571e-01 7.276615068534499908e-01 6.973690234854240666e-01 3.835103044513742399e-01 5.376010581541351696e-01 8.263496212877370350e-01 8.977098265554632750e-01 9.273050879709056060e-01 9.417589257778808953e-01 9.485405044133007335e-01 9.500944410028898668e-01 9.470032156264525103e-01 9.391536783730360938e-01 9.261783085190113951e-01 9.067425101706539925e-01 8.767072289028421395e-01 8.250602995165069453e-01 7.179596367837726145e-01 3.992442544635905755e-01 -3.933625491694748844e-01 1.686442264339710340e-01 7.663617851673426573e-02 1.861015937893123195e-01
9.999999982446190483e-01 9.999999993865282821e-01 9.999999763167540801e-01 9.999999904090067782e-01 9.999998916083044920e-01 9.999999195229521964e-01 9.999999285387526360e-01 9.999999465581037583e-01 9.999999900328744307e-01 9.999999311831904159e-01 9.999999231918429432e-01 9.999999744565215565e-01 9.999995831695769333e-01 9.999980288052009447e-01 9.999275721634259817e-01 9.999471013661846985e-01 9.974233585447974670e-01 9.998613967476305264e-01 9.998720744588203146e-01 9.998498018441475121e-01 9.998004600736217773e-01 9.996786238213628550e-01 9.991083661933186644e-01 9.987974800101570017e-01 9.996264052391609090e-01 9.997734207292777731e-01 9.998369413156046326e-01 9.998761795953113873e-01 9.999075839733909676e-01 9.999379975122351105e-01 9.999711283529020278e-01 9.999902792135700880e-01 9.999444597003321888e-01 9.998983154056154676e-01 9.998990600683881347e-01 9.998570118735351508e-01 9.979970816385808075e-01 9.735579584928206742e-01 9.071972825049280376e-01 9.754600542541776997e-01 9.838251408220619609e-01 9.715842483951360187e-01 9.694100984906757201e-01 -2.030055343084034847e-01 9.496558934267891328e-01 -2.230506812283227780e-01 9.872598167092125898e-01 9.941938947530671866e-01 9.991204357209639841e-01 9.997863790659134997e-01 9.998745515561829889e-01 9.999066022677717269e-01 9.999214388725065072e-01 9.999283510120370311e-01 9.999305099363576810e-01 9.999290997101190070e-01 9.999244252059532601e-01 9.999162776391032903e-01 9.999040880687111166e-01 9.998871124607987548e-01 9.998650442505681024e-01 9.998403450850252838e-01 9.998274882676098096e-01 9.998944917469199112e-01 9.995978286979388949e-01 9.961543872037335046e-01 9.765259821768564885e-01 8.269293171285017063e-01 9.349603109796649214e-01 9.509060021156140463e-01 9.154915676126967883e-01 7.750967257415110057e-01 4.078345310456704675e-01 8.356685604896897379e-01 9.075111919469770472e-01 9.452692238737162023e-02 9.747054461998622132e-01 9.933335000901808431e-01 9.772855464578110718e-01 9.428464901857083191e-01 9.146016496134353746e-01 9.314057115569479572e-01 9.393888126360053770e-01 9.436897753638116004e-01 9.449016785308944621e-01 9.427532224038908115e-01 9.365403652572050763e-01 9.250102446261364575e-01 9.058097614235347539e-01 8.739342814807948834e-01 8.170592399247094129e-01 6.975166359844168218e-01 3.431198651368521091e-01 -3.529143538061103591e-01 1.711198374996455718e-01 -3.138485670515159774e-03 -4.639363822019652583e-01 3.192824668110780251e-01 4.884890179498349028e-01 4.855679290641851109e-01
9.999999985079054410e-01 9.999999890193608243e-01 9.999999985155001436e-01 9.999999851416251362e-01 9.999999754551209818e-01 9.999999873503599979e-01 9.999999995568933375e-01 9.999999860600867763e-01 9.999999810438727765e-01 9.999997423430131427e-01 9.999988356879770945e-01 9.999957822399762053e-01 9.999799974117046242e-01 9.999052538336229423e-01 9.991829904207600865e-01 9.995028430433562372e-01 9.992429141535719150e-01 9.977128264185791684e-01 9.994904523777040639e-01 9.996418637400720231e-01 9.996737704111738898e-01 9.996728565479648942e-01 9.996569865437218150e-01 9.996276338528512495e-01 9.995806557389729230e-01 9.995082813003001165e-01 9.993981079976246296e-01 9.992320017534095378e-01 9.989891506746331196e-01 9.986641267612411665e-01 9.983079809529958881e-01 9.980283885528353771e-01 9.977288544664807413e-01 9.996737510465386611e-01 9.988961170897066033e-01 9.989145426772100267e-01 9.989224998197870908e-01 9.989049615009489846e-01 9.985528384637361032e-01 9.859340239500781200e-01 8.048164817934374549e-01 5.257926118129793158e-01 3.618642162893066505e-01 9.638787815205531739e-01 9.829902248324453584e-01 9.981628648748005483e-01 9.995496536702663803e-01 9.997564320409191296e-01 9.998297372295996688e-01 9.998632623838220601e-01 9.998793777079981737e-01 9.998855805684064846e-01 9.998845808234545496e-01 9.998768997488117760e-01 9.998615045220456965e-01 9.998355512898838837e-01 9.997931708534436579e-01 9.997222278029946896e-01 9.995951602447404882e-01 9.993376933971512832e-01 9.986860134558350754e-01 9.964156335087084315e-01 9.920270581323386017e-01 9.767237147502438877e-01 9.904323009629574237e-01 9.980436819858695685e-01 9.994426205759384674e-01 9.965964610556360403e-01 9.893944996813696102e-01 9.669390440958328670e-01 8.528957477363630080e-01 6.258545999490425782e-01 8.005533400631092977e-01 8.726117501394937692e-01 6.597597296933013222e-01 6.227650559567958766e-01 6.704908591951873609e-01 8.202707415403185376e-01 9.148649024648860539e-01 9.731448261639437103e-01 9.945726687121173581e-01 9.759477476254736494e-01 9.623397548774176302e-01 9.486766366776707704e-01 9.311700173873883601e-01 9.051924000700027895e-01 8.622596216146070081e-01 7.813588013842457380e-01 5.897911715112690301e-01 -1.923501041697759373e-01 1.353825891966976558e-01 2.857249778105869775e-01 1.307994802434172543e-01 -9.856052997318077713e-01 2.313839966773615087e-01 4.706827218211687147e-01 5.111418052274491197e-01 5.097075495139884449e-01 4.516069863327522582e-01 3.184972228236710584e-02
9.999990684204012048e-01 9.999999945851285599e-01 9.999999916604360717e-01 9.999999892202280360e-01 9.999999861845346727e-01 9.999999723830562681e-01 9.999999678642007561e-01 9.999996677192346528e-01 9.999873545819247811e-01 9.999907423595173483e-01 9.999733647796196223e-01 9.998518313117896739e-01 9.965068892956500113e-01 9.984172172260546985e-01 9.931372174697159494e-01 9.992025896675001961e-01 9.994587680496986870e-01 9.992339239436671683e-01 9.984430267179633667e-01 9.988298962101808121e-01 9.957677660252808316e-01 9.969351051259993657e-01 9.984461851673008814e-01 9.986604099525266953e-01 9.985659916033757799e-01 9.981636931386689282e-01 9.969208351683074287e-01 9.856769122429429597e-01 9.947625283164656107e-01 9.976566841592872104e-01 9.983725087079736715e-01 9.986499413791380952e-01 9.987676641579870118e-01 9.988363105728051972e-01 9.989784010115606572e-01 9.996892539317091542e-01 9.874586063547240444e-01 9.693845364164433986e-01 9.744643940780836067e-01 9.908921912217278916e-01 9.840449357654527107e-01 9.994139825635117713e-01 9.964687335321367190e-01 9.945670633887935264e-01 9.912960476789822728e-01 9.767237441823072297e-01 9.948735728462082539e-01 9.965000683289945149e-01 9.963580724627634222e-01 9.985506444624281386e-01 9.992117216893444676e-01 9.993309076093763732e-01 9.992952834511806826e-01 9.991216631768194967e-01 9.986810871806418577e-01 9.974568397552042720e-01 9.946968128875788295e-01 9.924052852939926339e-01 9.874594115873190914e-01 9.194603450048449700e-01 9.818586115822280913e-01 9.878595031513779379e-01 9.953243502092181672e-01 9.961380858047781395e-01 9.956121889478665166e-01 9.943874939986487860e-01 9.924120629866109988e-01 9.900169605100388459e-01 9.937385676555030578e-01 7.179183422053677655e-01 -5.776097020910626600e-01 8.370801995194907530e-01 9.764919559351925571e-01 9.596444150713310250e-01 2.058970781172236031e-01 9.645623442549685622e-01 9.827066257674548222e-01 9.877372657716598781e-01 9.876528348362142440e-01 9.464635912993452083e-01 9.766286848857398395e-01 9.952036957232557324e-01 9.743257928582099714e-01 9.204004099324157862e-01 8.421368815772315441e-01 7.651260468283636040e-01 7.075642666869240704e-01 6.430231820288623279e-01 5.066970624699443926e-01 3.645232814978757174e-01 -2.950756773187249715e-01 1.460564723901821571e-01 4.679849950403607295e-01 5.420171184055607716e-01 5.331174187963331201e-01 5.161991912959134066e-01 3.730460881233995662e-01 -4.932591891476311163e-01 2.875212566575772732e-01 5.487226393514632594e-01
9.999999953235214623e-01 9.999999971178403779e-01 9.999999799134150491e-01 9.999999999129084438e-01 9.999999657494046401e-01 9.999998630714413972e-01 9.999999079887145204e-01 9.999997151511937910e-01 9.999994162719602064e-01 9.999981265953088450e-01 9.999946585524291942e-01 9.999884058479241444e-01 9.999763050290932931e-01 9.999458149716161648e-01 9.998713895818038822e-01 9.996860382942248657e-01 8.164388091421738158e-01 9.940788214433560199e-01 9.975152373512440329e-01 9.967518633204343059e-01 9.986949475752392447e-01 9.982249921125702086e-01 9.967460650171261483e-01 9.481378313416962689e-01 9.975012783366691282e-01 9.965173546306665964e-01 9.985386459654387314e-01 9.992090399405711976e-01 9.993384862139808034e-01 9.993243373544673513e-01 9.991948969596415875e-01 9.988786558771880486e-01 9.981266295109914033e-01 9.960498864707185707e-01 9.849754234265150066e-01 9.451452065005742087e-01 9.960537832404049441e-01 9.997228735127031696e-01 9.995177110982315094e-01 9.999235810067745867e-01 9.998599828023835290e-01 9.995959052319547400e-01 9.993169751370889475e-01 9.989259076578815844e-01 9.996721299645541237e-01 9.999549477631314298e-01 9.998315045011954005e-01 9.991703917458382156e-01 9.977600550460964390e-01 9.971389033162030291e-01 9.960224557032095749e-01 9.946187406724704694e-01 9.934478188374695762e-01 9.930204848701060794e-01 9.931684613920933602e-01 9.931969496744387227e-01 9.919730869518598171e-01 9.966067038461038363e-01 9.975466162079824617e-01 9.974305365296587400e-01 9.968454316376998969e-01 9.956784795356065088e-01 9.934434768968329887e-01 9.887960462550845486e-01 9.771992663076637387e-01 9.350901919959421216e-01 6.614428598345067911e-01 8.046593943698211460e-01 6.771325043655934683e-01 9.421772358740330144e-01 9.915267361994800632e-01 9.994331821323121368e-01 9.963618177235902262e-01 9.843194493418850888e-01 9.788230761631071530e-01 9.920308592962535643e-01 9.946295108333171875e-01 9.956652910600276574e-01 9.960526131136522299e-01 9.958533653972257982e-01 9.941894927201898602e-01 9.716591552584513680e-01 9.318519017972738405e-01 9.418677557628095665e-01 9.740737710484542733e-01 9.504607970324118194e-01 8.261491877502235015e-01 4.349916176508524246e-01 1.598020141694774798e-01 5.481766786555151150e-01 6.164369308173737183e-01 6.071854328807836376e-01 5.758877399804360753e-01 5.152172337769442834e-01 2.797351488549675302e-01 -8.201454096567033503e-01 3.149245442985018073e-01 4.984499586873243349e-01 4.989713971305569373e-01 4.884514881473981385e-01
9.999998560126910352e-01 9.999998164323904426e-01 9.999993534749203050e-01 9.999988738979967984e-01 9.999986259856716853e-01 9.999992113599740495e-01 9.999990590086414999e-01 9.999987984954568088e-01 9.999986473510726892e-01 9.999985835263910383e-01 9.999982720342555087e-01 9.999970496384971153e-01 9.999918598666525105e-01 9.958418401577635581e-01 9.999722117105592778e-01 9.999644317852878217e-01 9.999298634408133601e-01 9.998424993459594790e-01 9.996831987822520915e-01 9.992180857643949698e-01 9.977949530421859059e-01 9.983494503096264072e-01 9.982096346394720987e-01 9.840627875330689722e-01 9.977504806946628779e-01 9.987288813033068369e-01 9.988989490880546551e-01 9.987934879033867341e-01 9.983736621489271990e-01 9.971643935066757392e-01 9.918702738094046234e-01 9.504069828041319390e-01 9.692713619809769643e-01 9.890799071775782103e-01 9.964788180610829604e-01 9.997367817913719312e-01 9.999881692353256302e-01 9.999874971754528774e-01 9.999910294382846621e-01 9.999958341665581285e-01 9.999988644369683932e-01 9.999929896484018865e-01 9.999860214008555737e-01 9.999766376193941486e-01 9.999543052972674761e-01 9.999224740181086313e-01 9.997906028340308726e-01 9.999422619303812709e-01 9.997685350238644242e-01 9.998195752128997693e-01 9.997613460358031334e-01 9.996775790308375376e-01 9.995660051954573522e-01 9.994196521030340730e-01 9.992247194484437101e-01 9.989544053159855608e-01 9.985579726447300075e-01 9.979378971732223436e-01 9.968945806032535328e-01 9.949737876326713026e-01 9.909564967061541552e-01 9.805013066386015774e-01 9.372068621258323740e-01 7.364012073698171790e-01 7.767802034563092706e-01 8.823836835658447342e-01 8.220275882787304589e-01 6.161063697392753502e-01 9.234715535091316818e-01 9.632000531254771847e-01 9.958037876447645154e-01 9.961181053230604432e-01 9.962638907286034406e-01 9.136337871134909694e-01 9.974112995407427018e-01 9.972478496476142595e-01 9.970738773114504738e-01 9.966601767120271127e-01 9.955052236263787213e-01 9.904940884248406574e-01 8.965221098686284584e-01 7.426315817308143385e-01 6.228274050341386925e-01 5.259555804406690349e-01 3.604746904824154830e-01 -2.101376792544772665e-01 7.889293186673516090e-01 9.709846249138760488e-01 9.300533683599667700e-01 8.239196200495665368e-01 7.012540582696950020e-01 5.526682916664364953e-01 1.950118705262547381e-01 -3.895115878406140153e-01 3.141368488485752897e-01 4.247853728359882730e-01 4.082469257146288388e-01 3.790969125655478389e-01 2.253050104493274364e-01 2.155289506287026979e-01
9.999998424657569052e-01 9.999915792764835221e-01 9.999976886573570534e-01 9.999978639488804610e-01 9.999972222227642149e-01 9.999964043153629634e-01 9.999957635023679625e-01 9.999951994672006128e-01 9.999942269914730009e-01 9.999916904844311505e-01 9.999792188238839641e-01 9.999723221087498670e-01 9.999913454985951411e-01 9.999938551658330566e-01 9.999933220605075057e-01 9.999885154330100390e-01 9.999453727841667305e-01 9.999564201713797562e-01 9.999585020214594167e-01 9.998397058577682683e-01 9.998153389001147584e-01 9.998610747190549430e-01 9.998339034010885751e-01 9.997677937906862544e-01 9.996452981064747334e-01 9.994255163291309030e-01 9.990317068963372460e-01 9.982733175096970557e-01 9.956487177083105378e-01 9.913849041738967971e-01 9.932143288962133054e-01 9.968053385499996422e-01 9.995999525809950992e-01 9.999450492580024275e-01 9.999987397587639659e-01 9.999859765296202907e-01 9.999821638107758703e-01 9.999825567034091867e-01 9.999846416240237845e-01 9.999875164827793927e-01 9.999909271388541798e-01 9.999949268570861305e-01 9.999997573573720100e-01 9.999941794170030818e-01 9.999863114168736633e-01 9.999758921593976391e-01 9.999621380097348800e-01 9.999455497791219782e-01 9.997321471803604087e-01 9.995282097510123087e-01 9.987749141217499016e-01 9.932340323714605734e-01 9.992543710981502958e-01 9.990508372295727746e-01 9.986219937693577853e-01 9.978614776478456072e-01 9.964463353192863915e-01 9.935015016140518185e-01 9.859549814650024890e-01 9.548602928674128076e-01 8.249524395879554994e-01 7.568331478959121617e-01 8.947082363659704107e-01 9.026967524620712613e-01 8.496027782141839513e-01 2.378960082362942541e-01 8.198885643951314695e-01 9.114984847596429018e-01 9.673584645168632479e-01 9.917795425052242653e-01 9.905486019426417155e-01 9.870982950711242321e-01 9.674620873234555107e-01 9.790173057464490736e-01 9.948190919975085089e-01 9.984333787442100094e-01 9.992014655856360505e-01 9.850451049619166621e-01 8.581819898223885801e-01 6.574738783501424821e-01 2.127856609901646323e-01 -6.900661616327689041e-01 -6.041564527369680526e-01 -6.697594046842419990e-01 -9.425668540599176914e-01 -9.985806888077081167e-01 -5.763131945587220972e-01 -4.227776394928498688e-02 2.822379927996750970e-01 4.702526451873203506e-01 4.884136969554884744e-01 3.291086387940689306e-02 3.364283971600900425e-01 3.757828350271043560e-01 3.442968730574296199e-01 1.743396960913239646e-01 -2.535031470846794144e-01 -7.012799133142277874e-01 3.907783045510493380e-01 5.165597590596552324e-01
9.999991961989561640e-01 9.999993311227024506e-01 9.999995003263433269e-01 9.999987585008055513e-01 9.999955198756242947e-01 9.999954339191803321e-01 9.999936007378098513e-01 9.999893666913945989e-01 9.999758633680215780e-01 9.992118826036714418e-01 9.999567648603283621e-01 9.999671893412497292e-01 9.999535596410894511e-01 9.995802880818170921e-01 9.999750077441766916e-01 9.999891035203275491e-01 9.999939175803945757e-01 9.999962312409541587e-01 9.999949572651831708e-01 9.996403834455463988e-01 9.999506907719748483e-01 9.999313030436436378e-01 9.998764436433649205e-01 9.997096212237206458e-01 9.974109404736619666e-01 9.993297544208503691e-01 9.983407387654856802e-01 9.982365974250939633e-01 9.989437434556801554e-01 9.993013544583123631e-01 9.998368705633668974e-01 9.999471312795049638e-01 9.999935415153341500e-01 9.999850746080334307e-01 9.999755156417287072e-01 9.999717717634682979e-01 9.999709084793211300e-01 9.999714848494867248e-01 9.999728219029584420e-01 9.999746510252757181e-01 9.999769502107963559e-01 9.999798802280288612e-01 9.999837813780675377e-01 9.999892165859946003e-01 9.999970607066446249e-01 9.999913563282161189e-01 9.999740467112732123e-01 9.999481313102228652e-01 9.999097884192974517e-01 9.998555338935994907e-01 9.997922608190779048e-01 9.998563444040162729e-01 9.970098061343788398e-01 9.136189607735052398e-01 9.797565083443919853e-01 9.777803021291002761e-01 9.521012041898200273e-01 8.619671286226298079e-01 6.815013559007538912e-01 8.813462274819933162e-01 9.180268895442467159e-01 9.025106799110782507e-01 8.420565623892329876e-01 5.094147584661345984e-01 6.540791347102526965e-01 8.353192107382988452e-01 8.785351597143468139e-01 9.865250176808989524e-01 9.836223179078799062e-01 9.786756654916817233e-01 9.672554570759727133e-01 9.264383125871259450e-01 5.737615010584312669e-01 8.799440706395932343e-01 3.130688203038491380e-01 -1.658356118033920135e-01 5.963173260221079630e-01 8.063593572118008534e-01 9.759722820372561669e-01 6.880213849023977257e-01 -5.778743579810207143e-01 3.450182688459949576e-01 4.635290362022999600e-01 4.953265178395949153e-01 4.895559994183821262e-01 4.429297805031227053e-01 3.389360938612838159e-01 1.352134574332785055e-01 -3.510277590887332932e-01 -4.714609426318397412e-01 -4.895753866743964705e-02 3.490072677580015603e-01 6.282508769463610587e-01 9.600011591000622013e-02 3.092608885627354601e-02 -5.697635735893806508e-02 -8.463690561532429824e-01 1.466862811657828058e-01 4.982129883312974017e-01 6.431244317561561896e-01
9.999992080222707136e-01 9.999999586591148404e-01 9.999995024248079512e-01 9.999976541658281981e-01 9.999957641882070147e-01 9.999999242703280222e-01 9.999964023143568248e-01 9.999877932917293766e-01 9.999607660114269159e-01 9.999062601145113360e-01 9.999291330689478174e-01 9.999608317105695976e-01 9.999744525449500987e-01 9.999804832011970346e-01 9.999832817251883554e-01 9.999845538955548507e-01 9.999852293301644268e-01 9.999860801246348574e-01 9.999875532432255243e-01 9.999887559265062675e-01 9.999875988388690073e-01 9.999823914522477653e-01 9.999654424821603493e-01 9.997797467556899242e-01 9.998607383040362118e-01 9.999451316243466170e-01 9.995264151403866482e-01 9.998257463874741235e-01 9.999005436397854218e-01 9.999534109848142727e-01 9.999931467746339120e-01 9.999794717412044953e-01 9.999623253735816508e-01 9.999524412413381969e-01 9.999471414101286371e-01 9.999444780844477521e-01 9.999431927067469195e-01 9.999425341555521207e-01 9.999420934014239259e-01 9.999416960651863473e-01 9.999413531633765118e-01 9.999412654467063621e-01 9.999418856626614005e-01 9.999440592503179293e-01 9.999492899104895915e-01 9.999602220873918812e-01 9.999815197131191047e-01 9.999785014525910398e-01 9.999047498008744039e-01 9.997691144020968146e-01 9.995173746910369639e-01 9.990402142575249833e-01 9.981061954110022061e-01 9.962192052205615100e-01 9.930040936137011220e-01 9.803748383417580925e-01 8.624822746078377733e-01 8.476025243851122992e-01 8.820977056952469253e-01 8.600321240484282148e-01 7.737347708199621144e-01 3.704370042645439565e-01 4.363010888669453524e-01 7.062265123070575745e-01 7.589086801176803121e-01 8.733588604222888296e-01 9.623515655298429117e-01 9.422388957659436626e-01 7.753558970863312361e-01 -2.220388887661949306e-01 5.385661120409401814e-01 4.041436100122735020e-01 8.397932030960346683e-01 9.287918540695981884e-01 9.236945131087932470e-01 7.257486135636902480e-01 2.777782794800624511e-01 -4.839471148434755787e-01 3.337372461678498325e-01 7.267931205831309471e-01 9.041406892436580911e-01 9.672463668515534074e-01 8.530855012008630167e-01 7.268397093668490516e-01 5.550519885651953311e-01 2.488256432359080284e-01 -5.738485516686637755e-01 -1.416718280096210258e-01 1.487796637812716927e-01 2.160051861046953792e-01 2.043261425897384409e-01 1.556455398223882403e-01 8.655357643437899817e-02 -1.720657252668328918e-01 7.171888016060483650e-01 7.858120351152856342e-01 7.669794496771816794e-01 7.848519361649478610e-01 8.053523379560910689e-01 8.588598540688308081e-01
9.999816659674148900e-01 9.999960296636417612e-01 9.999956907086399172e-01 9.999939237220389909e-01 9.999906906627269443e-01 9.999895840276977754e-01 9.999329842568933646e-01 9.999794492910654142e-01 9.999572560636575957e-01 9.999760954647015643e-01 9.999788271135252593e-01 9.999785343057562281e-01 9.999761983233411700e-01 9.999717954617549642e-01 9.999650573634755180e-01 9.999556794568291718e-01 9.999431252390891256e-01 9.999252678474911393e-01 9.998933751875260789e-01 9.997996914933313661e-01 9.758131697229215362e-01 9.997804203228777276e-01 9.997555101205395367e-01 9.990395760093077060e-01 9.998080224011081096e-01 9.999123681223447413e-01 9.999633954229238952e-01 9.999839319762328094e-01 9.999751410530975937e-01 9.999445985337365173e-01 9.999085654685118119e-01 9.998802780325951600e-01 9.998630732708522206e-01 9.998541977994873653e-01 9.998498534611337529e-01 9.998471662735082255e-01 9.998443059645624187e-01 9.998401386656448064e-01 9.998339111681877611e-01 9.998250500751529879e-01 9.998130583003724814e-01 9.997974928840623887e-01 9.997780378838272419e-01 9.997547371616105627e-01 9.997285513294457138e-01 9.997026280185578040e-01 9.996852419041805105e-01 9.996969605013819038e-01 9.997898008718333340e-01 9.998930251608209030e-01 9.988739845046393784e-01 9.946343509457240550e-01 9.605041576548875026e-01 8.906358947838106666e-01 9.630237240517380837e-01 9.733416423310098375e-01 9.751313226527336120e-01 9.876867295861327944e-01 9.150576008778896764e-01 8.490855449466228055e-02 -5.277295434370684601e-01 -3.035200519824672316e-01 5.169655772656047213e-03 -1.156919696024608785e-01 -9.108761794744606455e-01 8.739899026158944040e-02 5.880845091287756343e-01 9.858783275975352423e-01 9.698752744146053040e-01 9.684265501403640508e-01 9.472749217838527525e-01 9.847752393002496829e-01 9.247241261889265207e-01 2.754169247936841258e-01 -4.494466803926055465e-01 -5.840655146940526565e-01 8.578385857265944867e-03 2.165400236776972576e-01 2.734933411421034410e-01 3.262326856685703880e-01 3.769589959086525055e-01 4.367864067229843550e-01 5.366839815617424625e-01 8.511411973232125838e-01 -7.712060966199639489e-02 2.851948695792206334e-01 2.975669335561873519e-01 2.157353892467457068e-01 3.936308218325541841e-02 -2.819066714740499080e-01 -8.387821955050022149e-01 -5.956329937838177324e-01 -4.474307512878890614e-01 -4.145134295265941460e-01 -9.124982663451725040e-02 4.722768638643052297e-01 7.902706584080588792e-01 9.192428387795467115e-01 9.908243800035819726e-01 9.497282400816990933e-01
9.999793136905855695e-01 9.999764034358695763e-01 9.999803487757159548e-01 9.999764919571729749e-01 9.999733450356843578e-01 9.999744912930635943e-01 9.999794905430315906e-01 9.999860990150509776e-01 9.999945536489573961e-01 9.999997861162532864e-01 9.999990023612360668e-01 9.999922448077916970e-01 9.999771855147960853e-01 9.999551550077977469e-01 9.999187678426703085e-01 9.998402704733501123e-01 9.995201303087144495e-01 9.986877741894911731e-01 9.995209357356064084e-01 9.993734137478959001e-01 9.931897473123041387e-01 9.985710905496955059e-01 9.989631447819616872e-01 9.989628550366416171e-01 9.986492116057774648e-01 9.943955580106513814e-01 9.991874800650711874e-01 9.998167632364517443e-01 9.999322830924111116e-01 9.999107801887173741e-01 9.997954210742949765e-01 9.995300151363263330e-01 9.987219360364726350e-01 8.063690263950792358e-01 9.979730501469381565e-01 9.987828053151797114e-01 9.990278272567255646e-01 9.991225357476861690e-01 9.991465660898346535e-01 9.991227831010301985e-01 9.990560581754009961e-01 9.989419048208812990e-01 9.987677088434293582e-01 9.985103991047729055e-01 9.981300729823389117e-01 9.975554016739031082e-01 9.966462631928426630e-01 9.950716580082217266e-01 9.916993287983912886e-01 9.779684144961283687e-01 8.326083361716438702e-01 9.995958847369141864e-01 9.898940687474442335e-01 9.795736407703898863e-01 9.620306254723866024e-01 9.254737583495793452e-01 8.144394856535205340e-01 6.937920096628309719e-02 8.266502277033869195e-01 9.274268348688310404e-01 9.927678807426220109e-01 9.229359313669753817e-01 9.996394263117345247e-01 9.917488219191648025e-01 9.931585653761817456e-01 9.982818948285853144e-01 9.782310351039115170e-01 9.277513078946674208e-01 7.540566112137666588e-01 -7.829157616765627381e-01 6.792959206236203196e-01 -2.877517065251417594e-01 -7.201448107782522090e-01 -8.948124924618439113e-01 -7.868001204619514688e-01 -6.304907962949484190e-01 -6.233550437449525417e-01 -9.037117098195730502e-01 -8.281200216172952544e-01 -7.082656268045955938e-01 -6.923807704603496260e-01 -7.178968858266656650e-01 -7.197886139335564204e-01 -6.972181662987229078e-01 -7.076017113854483620e-01 -6.314908933413388992e-01 3.148407590126882649e-01 1.159530190684299189e-01 3.557112893733171965e-02 -2.129055492441243036e-01 -7.035861097883103765e-01 9.701772732771388186e-02 3.997298766740146059e-01 5.788136739938281039e-01 7.058237595688173771e-01 7.871843543009706679e-01 8.298340845290538281e-01 8.524160073030915274e-01 9.041289595270238788e-01 9.973403806480563016e-01
9.999663535252645286e-01 9.998411564676460417e-01 9.998929762311101754e-01 9.999123257172882751e-01 9.999071033667057407e-01 9.998997652463391672e-01 9.998916074844509394e-01 9.998757529361801399e-01 9.998220834841936577e-01 9.985718797242897349e-01 9.998816513287819285e-01 9.999630985814017547e-01 9.999986909693571180e-01 9.999999515095350233e-01 9.998796058771224349e-01 9.991990172694492633e-01 9.995045024399320521e-01 9.989394567873262076e-01 9.963967770009987124e-01 9.904014983740696554e-01 9.759353269965688193e-01 9.317813065586473265e-01 9.148282456235399263e-01 9.896053132140807396e-01 9.964825173972456929e-01 9.962167931441994195e-01 9.984916511140615736e-01 9.989502494396833576e-01 9.991446188553237961e-01 9.992358984892207863e-01 9.992739725991331978e-01 9.992898831283038019e-01 9.993566073256039406e-01 9.994628698610430462e-01 9.969600966324225766e-01 9.777727005405678629e-01 9.873631654542411873e-01 9.866054775661494691e-01 9.598561671965564202e-01 9.434478318671888353e-01 9.766028787943836775e-01 9.808896002603354480e-01 9.801842132600508961e-01 9.760292278555278145e-01 9.667172123694257602e-01 9.453692006394414094e-01 8.778710386156157730e-01 2.952746843166322299e-01 7.481753543956506380e-01 8.722458912514708951e-01 9.003928082857675097e-01 9.130730260218248295e-01 9.266563428290965909e-01 9.739843861624241095e-01 2.315586562872870846e-01 7.707825767667734196e-01 7.886944820754758778e-01 7.764676391742945105e-01 7.457307025783951326e-01 8.498929360366596075e-01 9.378774536957414920e-01 9.559660837105127262e-01 9.748521511781118587e-01 9.931727944078928561e-01 8.915717177213977607e-01 5.611872459428456361e-01 -3.830849916155301127e-01 -4.948150927489785023e-01 -2.056350455608226546e-01 2.421490577085192164e-01 -8.811825077676239681e-01 -9.282276226965869848e-01 -9.214921236940918359e-01 -9.453472230179450486e-01 -5.816010675632270477e-01 -3.141337153592325127e-01 -2.485123503694855740e-01 -2.993794925793719086e-01 -5.097520434694127189e-01 -9.126481636960812605e-01 -3.998909126570499573e-01 -1.489133678340205658e-01 -2.298030297545532175e-02 4.999140785149934485e-02 9.623900247428342214e-02 1.351153105776016772e-01 1.791895032947704580e-01 1.808654654998439748e-01 8.830475567369355794e-01 6.811498878699225878e-01 6.984881781835007297e-01 7.290855592288149056e-01 7.601717169537303143e-01 7.932203572209128861e-01 8.196425786788227308e-01 8.203263110445712103e-01 7.743288150414625592e-01 5.879906366508891313e-01 4.893780507386499279e-01 3.099959406541907270e-01
9.999119171295817177e-01 9.998304565757982765e-01 9.980681635228173532e-01 9.996401525403082466e-01 9.995288555941246322e-01 9.988311603167893127e-01 9.973075357183609491e-01 9.992791980122281981e-01 9.995235887441177303e-01 9.995853908304176416e-01 9.995596882627242330e-01 9.994285162770671915e-01 9.991077021680674353e-01 9.987393460617666197e-01 9.997004556697287603e-01 9.995560119707761482e-01 9.987925765325254002e-01 9.960605535107373010e-01 9.942800297427086820e-01 9.948131285952726000e-01 9.989888696321063133e-01 9.996232035702753427e-01 9.999182067698078047e-01 9.999145668613168558e-01 9.998281872679669613e-01 9.997894344248886567e-01 9.997721890627800923e-01 9.997612549483129163e-01 9.997493578860812136e-01 9.997332213492580166e-01 9.997113388913762000e-01 9.996832295621748132e-01 9.996498492954521975e-01 9.996155643198462171e-01 9.995934875084083737e-01 9.996193235240864450e-01 9.997882150345017704e-01 9.996427095416638986e-01 9.979538792407366410e-01 9.930197789098428318e-01 9.781383946058537227e-01 9.308008876319141534e-01 7.749488250618752350e-01 3.234535082232852798e-01 -3.624061532763419580e-01 -9.232368364356124957e-01 -8.964536680291411708e-01 -9.154300294732247156e-01 -8.791998228292894346e-01 -9.495378981905666649e-01 -6.500977250582337108e-01 -3.856922358492072545e-01 -2.208767918332726066e-01 -1.858182663335893325e-01 -2.839449390583348443e-01 -8.144643458659104329e-01 6.491375236488831912e-02 -5.454569637542262539e-01 -7.904735819754007409e-01 -4.455375636049954680e-01 -3.253029243931280234e-01 -3.206817638581310193e-01 -4.744360119738635362e-01 -8.696121125804109342e-01 -5.107075242080683086e-01 4.235112129097504674e-01 3.710283378247342112e-01 5.283621329174057468e-01 4.264941607683316871e-01 -3.003762847691355820e-01 -7.365547373264117459e-01 -5.413774196588406751e-01 -2.692043055899129844e-01 -2.987673580870662260e-01 -4.584345976294867397e-01 -6.758548848536012343e-01 -7.048059811926338236e-01 -2.655350076229077150e-01 -4.200979133407122673e-02 5.764088822635739240e-02 7.388914862845948062e-02 4.173230258459979802e-02 -4.840936692214575787e-02 -2.144727697069990224e-01 -4.672200511261157541e-01 -8.284066446812438089e-01 -6.783454624200496719e-01 -2.513924156420366263e-01 1.702712651973536939e-01 5.356650449388978830e-01 7.666315186431221784e-01 9.042038897631725636e-01 9.647306173857491673e-01 8.514699941934350536e-01 6.641271968542412640e-01 3.556076786972642845e-01 8.123639586705647675e-01 8.917318223300704227e-01 9.272906964745200042e-01 9.529114643723929357e-01
9.994030731702112647e-01 9.993005174452732620e-01 9.981349185006679336e-01 9.792279446600969939e-01 9.980548583955315411e-01 9.985313792124069776e-01 9.984017362599495460e-01 9.978813902361080013e-01 9.968023305491772179e-01 9.956392209999431753e-01 9.961171126701785505e-01 9.971468791603086412e-01 9.967386876813333352e-01 9.224174633360758824e-01 9.941813732529722891e-01 9.970547092800107203e-01 8.796152083152757317e-01 9.995843920492687440e-01 9.991185130651981661e-01 9.999810640607872392e-01 9.999802819506222740e-01 9.999426882583705156e-01 9.998794568735069888e-01 9.998480171615811152e-01 9.998352322789835211e-01 9.998249563087151515e-01 9.998094557577131836e-01 9.997854913321200243e-01 9.997509649908133955e-01 9.997034356998781846e-01 9.996393553477367355e-01 9.995534289240158854e-01 9.994378725467019109e-01 9.992815187497713358e-01 9.990689556688812090e-01 9.987805736508400534e-01 9.983965837403252497e-01 9.979153513666734199e-01 9.974232069491274499e-01 9.973759163212848611e-01 9.998561789150592904e-01 9.739931255770272189e-01 8.273105742926331052e-01 8.882631086032152234e-01 8.926070575262873286e-01 8.738910560543309280e-01 8.437041670638532054e-01 8.054491239704025807e-01 7.611941329749627450e-01 7.122679905384164956e-01 6.581315896940292953e-01 5.953175796039584800e-01 5.282648644795103765e-01 4.766514804358618074e-01 2.204257758000776612e-01 -9.963350683902468807e-01 3.741171925357871797e-01 9.069479191896753223e-01 9.985272152623098085e-01 9.232134843381302192e-01 7.804967650555975078e-01 5.495239772391462552e-01 2.807075725149199008e-01 7.425670891079669267e-02 -1.514436572461311725e-03 1.109329444334855586e-01 6.102388464864404449e-01 -2.583312195158490310e-01 9.766294621544817645e-01 5.185582642998949332e-01 -4.331856829090496297e-01 -9.360610146054019198e-01 -7.226459066130308528e-01 -2.400893720402860476e-01 7.752245979466805548e-02 2.501690328849263678e-01 3.000373191197240885e-01 2.524300760127392573e-01 1.414090233715334377e-01 3.572106794343247668e-03 -2.455613763770292113e-01 -7.363766720495092954e-01 -6.174753447986509602e-01 -4.005371254602654862e-01 -5.465719179926176174e-01 -7.610873289933934860e-01 -1.720515452796424205e-01 1.252700651989580583e-01 3.048593262448271446e-01 3.839055718223232661e-01 3.169659582993458735e-01 -1.144591492690518186e-01 -5.354251975356638660e-01 9.116485148878652467e-01 9.857979052483837323e-01 9.785745034084132321e-01 9.763228309103260116e-01 9.723825274222726023e-01 9.638646650861305565e-01 9.528239477293547477e-01
9.993327261284551399e-01 7.666098911829927198e-01 9.696487990587178141e-01 9.929387522008991107e-01 9.951938512896896238e-01 9.952146257579504995e-01 9.939786710682385618e-01 9.898699615994345224e-01 9.889669991424208106e-01 9.907539928515229910e-01 9.265392969210849428e-01 9.825058924645488911e-01 9.869573115195616753e-01 9.828994110750353119e-01 9.931880746982806318e-01 9.983841774852076911e-01 9.993562300297206269e-01 9.997603044452615384e-01 9.997476549436919990e-01 9.998073140310669293e-01 9.987391731241214154e-01 9.999401604178530523e-01 9.999648662030941049e-01 9.992156688138544851e-01 9.999228866189778797e-01 9.999369808380526026e-01 9.999413488872628264e-01 9.999530035045808285e-01 9.999812710038534780e-01 9.999625567189548425e-01 9.998615697708873595e-01 9.996883565108464209e-01 9.993954901445990524e-01 9.988942489077745623e-01 9.979999594260291484e-01 9.962572486710485897e-01 9.921080430474275014e-01 9.727947711570212874e-01 9.896294665580999128e-01 8.877035371080657100e-01 9.918713936870292569e-01 9.452364248248664724e-01 9.756285745614179383e-01 9.927714985699828132e-01 9.885127263696069644e-01 9.633861339889385755e-01 9.281897963096570336e-01 8.798159116886872244e-01 8.204353445118012234e-01 7.696094840891627431e-01 6.590339266494994463e-01 8.859040876204127279e-02 -1.735555994614250974e-01 4.480701014510701796e-01 7.074254986487300556e-01 7.353145729711020318e-01 6.884535409795142780e-01 5.924901077603180743e-01 4.050214452747347704e-01 -3.162603309624764658e-01 8.728841745847530920e-01 5.090508433165477076e-01 2.597473132447484789e-01 2.833701528002836034e-01 3.128391765148592629e-01 6.901429261406550886e-01 -4.317274363875996945e-01 -8.919122134633677978e-01 -9.302065461848284533e-01 2.420536085553729247e-02 8.955147205796384346e-01 9.928605971017925302e-01 9.995548660157529408e-01 9.961119976843239021e-01 7.442677622715415664e-01 4.357274004661133571e-01 1.509449720397920414e-01 -1.660643385555227447e-01 -9.019042569615961513e-01 -3.057118008177032720e-01 -5.971253880769737676e-02 -2.818391013964654385e-02 -2.042283294298076202e-01 -9.795421443532318362e-01 -7.028018792936940873e-02 2.719083744031028926e-01 4.162981916388752146e-01 4.971557428610197671e-01 5.358538529962968422e-01 4.336447059188422992e-01 -5.553540422943391563e-01 4.730494780733822124e-01 7.266213256485503091e-01 8.770077878467080756e-01 9.119634963282730045e-01 -5.306088382753536559e-01 9.884054011680510898e-01 9.974236191403522689e-01 9.924430528377767846e-01 9.863807415427235936e-01
9.995218705322386210e-01 9.957652330815797148e-01 9.939767777084587141e-01 8.417228177850401005e-01 9.871720021838279457e-01 9.867373517016709839e-01 9.755428427162199378e-01 9.543366234500408885e-01 9.051869542880073283e-01 9.539510732540197324e-01 9.598113475566569797e-01 9.438720194415581854e-01 9.914621627491413403e-01 9.963849536513350591e-01 9.979201118072924537e-01 9.986279095851879894e-01 9.997786771968034669e-01 9.991561022463858466e-01 9.992272093141886247e-01 9.996081146447893806e-01 9.994469430793270215e-01 9.996915220288717929e-01 9.994455413541252220e-01 9.994904001503454039e-01 9.998991663848318945e-01 9.996962464753583744e-01 9.992681433197436736e-01 9.991719583024109008e-01 9.987662911959163115e-01 9.980926442236232043e-01 9.969612406384659176e-01 9.948585846322817172e-01 9.900941085640443395e-01 9.740061802394668344e-01 9.438422796135262915e-01 9.398213374574306833e-01 8.183912901548056062e-01 8.630864227041328274e-01 9.209423480880226665e-01 9.410263948585431137e-01 9.463908131425092796e-01 9.426149681585811457e-01 9.378113737912654457e-01 9.351421560072730177e-01 9.332928669784161801e-01 9.253955361207839569e-01 9.010397072383131700e-01 9.352354006982617207e-01 7.952999706988972406e-01 7.606254684116908749e-01 9.047148973745484657e-01 6.759281170656253890e-01 -8.631315290145341601e-02 -1.493431570711279688e-01 2.022731989789469664e-01 3.137336467137703533e-01 3.559774458028957533e-01 3.643289760719469195e-01 4.035929664034237363e-01 6.112494009646973758e-01 7.038848753675203129e-01 -1.960280171742316557e-01 9.455358952519377080e-01 9.753129756212071122e-01 6.955016974245077366e-01 2.738264566930479482e-01 2.906956001420461441e-02 6.503846034136498977e-01 8.101268296830638205e-01 8.539050568820825138e-01 7.599003965220827439e-01 4.445353446664458974e-01 1.817459114246712804e-01 -3.345517856179593408e-01 -8.185510991606359532e-01 -1.479146468018791849e-01 1.319552771995840534e-01 2.447235450814795321e-01 2.816707287704767748e-01 2.625032450560462194e-01 1.032830266806250979e-01 -4.731291317414820230e-01 -1.423210712177673809e-01 3.018454417408656942e-01 4.620592435184949220e-01 5.309764092088775644e-01 5.534804927846856959e-01 4.075685175519917491e-01 -6.704584086460325665e-01 5.669379131159693053e-01 7.524154421352732269e-01 8.116209525634133781e-01 8.464815137122376765e-01 9.325063295140612052e-01 9.682071327352332890e-01 9.809712906087659778e-01 9.870621609843807098e-01 9.918164555859487752e-01 9.911633204477658943e-01 9.448822329472358339e-01
9.995137625095170675e-01 9.999683904127143474e-01 9.831747098879890512e-01 9.926118862732986603e-01 9.768948420209900840e-01 8.770755807165296902e-01 5.670465884359171538e-01 8.220201727315616935e-01 9.291312662456377991e-01 9.713847494208900368e-01 9.859434506454963776e-01 9.913805063576407450e-01 9.931147351583011762e-01 9.909720680914075874e-01 9.896755644672206031e-01 9.940067111766150987e-01 9.955311204985763940e-01 9.963390654930615042e-01 9.968364557226361278e-01 9.971799128157227132e-01 9.974651982667229744e-01 9.978232532494017981e-01 9.991216247727506827e-01 9.979819320030738350e-01 9.982795045979969695e-01 9.911125675583083439e-01 9.973668054148479012e-01 9.989560514768259791e-01 9.976212247007522071e-01 9.875416059958257442e-01 9.739663344820517210e-01 9.585964598030705108e-01 9.292001480055538387e-01 7.886326296028156602e-01 6.247992817401374355e-01 7.527152565799598571e-01 7.072529876773263613e-01 5.657046973560579950e-01 -3.971557785053393512e-03 9.126823961425190035e-02 4.171165049527089663e-01 4.563284349798911732e-01 3.876704195402296271e-01 2.119446920213010621e-01 -1.486645415655828140e-01 -8.536975329646717681e-01 -6.016077598679143712e-01 -6.552963592855227670e-01 -3.832950488354380791e-01 9.443595338519586990e-01 9.180501066794841680e-01 7.525632862292717107e-01 6.455707668243223507e-01 5.689055530853350806e-01 6.277489758246056484e-01 8.006669967394379750e-01 9.738940879140784990e-01 9.314769777920007821e-01 8.108810316665866491e-01 8.812214222148039289e-01 6.188730204301886584e-01 6.005678478912725993e-01 6.508654479731343923e-01 5.770373850645739155e-01 8.636439916746272427e-01 9.887606428470786524e-01 9.811813211793335432e-01 9.880271685287820294e-01 9.965736436723849900e-01 9.965732418386643587e-01 9.996379321457827816e-01 7.989807683553146189e-01 3.682253966046465377e-01 1.231713014208229151e-01 1.498609870481817097e-01 4.176828678223720726e-01 8.420580515358260243e-01 6.950398022413781796e-01 4.284910789138611786e-01 -6.587573977686318749e-02 -2.279573343936184271e-01 3.329814466857794475e-01 4.991595303190259347e-01 5.560486086468234834e-01 5.672102536478367263e-01 4.200303070808279471e-01 -8.025765871147371167e-01 5.511998030155582651e-01 7.466926813398166995e-01 8.124362701544501908e-01 8.318982769341685124e-01 8.177015836636082335e-01 8.378552673373383941e-01 9.021461577795341080e-01 9.311311801360517837e-01 9.436229973153410500e-01 9.479132336655278213e-01 9.459953036498476298e-01 9.348229107135112015e-01 8.921856458073438301e-01
9.993454936300899538e-01 9.977827130273915213e-01 9.975772899072240518e-01 9.987884890738740751e-01 9.864102069059382805e-01 8.302763266676232989e-01 9.476707072650975006e-01 9.519489912412970600e-01 9.646141424392583597e-01 9.678818751748555771e-01 9.556729843415119330e-01 9.591523749836136092e-01 9.743047975630909630e-01 9.806710521911629064e-01 9.838222395611256887e-01 9.854316678220280679e-01 9.861132555406678657e-01 9.861216361932262364e-01 9.855562693911799066e-01 9.844380339179662487e-01 9.827506381898484245e-01 9.804836980814174430e-01 9.777099029424798360e-01 9.747618979919333571e-01 9.728383095209440778e-01 9.818462217428953753e-01 9.762027707528780907e-01 9.674705160121741532e-01 9.025522644156541707e-01 3.563618735569056839e-01 3.039580085476114579e-01 9.434290992530461883e-01 8.247311907904288919e-01 3.279672601672499743e-01 2.228720097787990073e-01 5.439368180937940167e-01 5.839872339995532124e-01 5.539305011575563764e-01 4.788107097691767788e-01 3.412348406839126325e-01 9.105363360052304289e-02 -3.993386370773462923e-01 -7.962900769926272160e-01 -6.129441755145808024e-01 -8.716212415059620966e-01 -1.271712528826830224e-01 3.130474305234414722e-01 5.675882534010224800e-01 7.103394269946330386e-01 7.548392492161414280e-01 6.996939686399645808e-01 5.889655082792020213e-01 3.918662855568439962e-01 3.189171220382915894e-01 -6.035989379646108377e-01 4.225789715994234252e-01 5.179871195703634745e-01 4.211754640858385024e-01 3.786745938913658183e-01 3.823680072838966937e-01 2.922843600241905038e-01 -5.964008342796898177e-01 6.087498961543218456e-01 8.803687412838180348e-01 9.611371024471029312e-01 9.902268001770281325e-01 9.999313908757839764e-01 9.987946443305539823e-01 9.952774511751960596e-01 7.827653547353443653e-01 7.402698035442102642e-02 4.425109960086761468e-02 3.957002763245082710e-01 4.631907069641649222e-01 4.054351696800689853e-01 3.026896932551481623e-01 9.871731935258326596e-02 -6.286334761654676084e-01 1.751546483310446600e-01 6.635661837512542016e-01 6.440977864384226370e-01 6.380719692565186563e-01 6.246940397123131872e-01 5.074322453042187098e-01 -3.034760701725484067e-01 4.682716195097676448e-01 7.237955481722313511e-01 8.043307470257053948e-01 8.327090822108171864e-01 8.373955587895097752e-01 8.627273930874994612e-01 9.066031362287357842e-01 9.299328334459247003e-01 9.386358152680890354e-01 9.378047937982585402e-01 9.253020619099745492e-01 8.771133360167620019e-01 -3.327846491783915672e-01 9.130335680460175407e-01 9.620120538207781458e-01
9.998477708932342889e-01 9.987455016123401030e-01 9.939709759910195785e-01 9.849572351389804803e-01 9.852112395431773528e-01 9.963083347112339228e-01 9.900772991586500593e-01 9.999587560037461742e-01 9.080689380375377429e-01 9.151154456007621896e-01 9.308542192068069987e-01 9.400004910395309832e-01 9.446098138115817111e-01 9.456007137876957236e-01 9.431739992838701347e-01 9.368667929837768416e-01 9.254869678830597302e-01 9.072103790626577791e-01 8.811284136040514747e-01 8.550874908884973369e-01 8.475110764179986100e-01 8.455505046605817920e-01 8.366315741100305292e-01 8.181631434994827146e-01 7.890400941226147769e-01 7.480548461437175334e-01 6.940730175824703085e-01 6.304561687362429945e-01 6.151754524936667856e-01 6.475494766367012600e-02 -2.607032395421168269e-01 -2.091190971451323821e-01 3.878810313256635806e-02 3.644446724359081125e-01 6.581297672789351294e-01 5.198782696243756662e-01 8.599742322167662489e-02 -4.185872103956974066e-01 -8.203471346111484985e-01 -5.909484678191232465e-01 -8.307050013591144033e-01 -5.132695127684862024e-01 -4.625347860593899407e-02 2.290062162011382296e-01 3.868263213517634247e-01 4.680224400411180929e-01 4.879255692543909007e-01 4.499631375840355552e-01 3.499850417998043306e-01 1.515737534564421396e-01 -3.482238004282268151e-01 -2.732441507593164065e-01 2.281308066016163039e-01 3.603345445578347017e-01 4.042715346819292788e-01 5.474320861264365679e-01 -5.521314932947598564e-01 -7.705451734698035016e-02 -5.679070310770852892e-01 3.602125701596753382e-02 5.674131418225194512e-01 7.834949739999811369e-01 8.866207218499831955e-01 9.382795058900653684e-01 9.555493273227568807e-01 9.031401972579373716e-01 5.846202419348524026e-01 2.033842087092939052e-02 4.875867940420882674e-01 9.187557923637794666e-01 9.913840418617114736e-01 9.992415009096700107e-01 8.388203896158810124e-01 6.988838103744604568e-01 5.300156423364126290e-01 1.325571376449743433e-01 -3.746550832718949509e-01 3.125866652822489322e-01 4.430771899240731337e-01 5.691777752619483488e-01 4.544180647189848266e-01 8.783306523228974205e-01 3.038597135195140742e-01 2.728502637925449004e-01 6.832486976529549283e-01 7.912206500500469364e-01 8.336840393636704150e-01 8.544912470777071833e-01 8.791621758939174303e-01 9.051879870817264306e-01 9.196972887071793723e-01 9.225011672518035333e-01 9.128125750833472329e-01 8.764037825966629613e-01 6.466887874924902579e-01 8.075358267284687974e-01 9.274117138283918260e-01 9.574838209929299460e-01 9.704147273510157490e-01 9.771932921447298304e-01
9.986418536755743425e-01 9.973013997739583747e-01 9.938376604716029350e-01 9.654033686072173159e-01 9.407497726577225272e-01 7.343280664954051629e-01 6.625291575132409294e-01 3.914080965598203954e-01 3.572213400794236882e-01 2.646900935166485169e-01 5.320592255239808832e-01 6.530058804138089146e-01 6.993041753527475812e-01 7.036864649533153271e-01 6.804006819328878297e-01 6.463908928813276722e-01 6.224307617708022544e-01 5.914483184639268698e-01 5.291221475855170109e-01 4.235960524311812025e-01 2.710671609274942218e-01 8.110739329509351891e-02 -1.246396060316697918e-01 -3.371502617045220584e-01 -5.919699441513180949e-01 -9.936146833460691719e-01 -5.553903582517005777e-01 -2.543455297401804316e-01 -6.459547923919817247e-02 4.213021097037891738e-02 8.412929848520368792e-02 -7.743976389127910087e-01 1.064907959771773244e-01 3.371339037078853462e-02 -6.882298497116455527e-02 -2.076087930854730312e-01 -4.617096310348288712e-01 5.259610757622302790e-01 3.158740704380688658e-02 4.959520625983897951e-02 1.092449129552774956e-01 1.546275144934246004e-01 1.657462910835326986e-01 1.286371996207454071e-01 1.936022497149667357e-02 -2.245701463295238232e-01 -8.236690840719748108e-01 -3.101436378108531899e-01 6.259657364451164108e-02 2.137512828997912007e-01 2.415227509065170086e-01 2.144141876643316236e-01 1.938092020610053257e-01 1.215530480812825748e-01 -8.354030228177197759e-02 -8.707661206842954860e-01 1.358151930205164504e-01 6.190284133011613177e-01 9.757138407936337687e-01 1.391916693723372345e-01 -1.197585411916432391e-01 1.856284089871544363e-01 1.311303464790976869e-01 -1.365009664146032697e-01 -5.813778444760067110e-01 -4.703960990928397479e-01 1.765226661071389591e-01 5.375527557319551564e-01 7.164471891101181766e-01 7.557548598082509672e-01 7.201001957673921483e-01 7.899479929863624239e-01 9.524597107330857737e-01 5.769175142271789625e-01 3.452855946576769419e-01 6.413758455219664700e-01 7.038425715231355628e-01 7.039196573061471396e-01 7.145659183404490244e-01 6.719182860402923563e-01 5.163647814353784504e-01 -3.569760148781229714e-01 4.376667063980559380e-01 7.348048727734053376e-01 9.352775686838188385e-01 9.324504250154329599e-01 9.282658792443067020e-01 9.195146970720259327e-01 9.090106623144527109e-01 8.945540293309595103e-01 8.611175998218688621e-01 7.324832993196310760e-01 4.907396931590985445e-01 8.715676282377176065e-01 9.308367278282616564e-01 9.534896528225039747e-01 9.645684229252746711e-01 9.706045604358090051e-01 9.743731796414872859e-01 9.772808117611211376e-01
9.763197864630728251e-01 9.699015330161444570e-01 9.561027594829301091e-01 9.160403728877097862e-01 -8.575930026704330356e-01 8.814617554898158680e-01 4.288909947708673398e-01 3.275069435391514960e-01 4.347349825825616021e-01 4.264761539511000565e-01 5.176502156358245843e-01 3.875283410889127089e-02 -7.021907997204804852e-01 -7.901862282415372807e-01 -9.696573928407515863e-01 -9.649682387932312366e-01 -9.845673082210812943e-01 -9.854673172295432826e-01 -9.832156324328925612e-01 -9.988321170568843499e-01 -9.992466659939372997e-01 -9.367745359770305313e-01 -7.947290294038263925e-01 -6.070673137453336254e-01 -4.250477996175986428e-01 -2.844765977236732302e-01 -1.987450734145963516e-01 -1.695305719267797551e-01 -1.980431816187666616e-01 -2.907406520978564890e-01 -4.590804974177848941e-01 -7.080095782683680783e-01 -9.912061569846944975e-01 -9.371061164410184885e-01 -9.575663537476103437e-01 -5.415923778703718439e-01 -8.899409343723327370e-02 2.810038973786876393e-01 5.849150791052484255e-01 8.631730439520167719e-01 8.709410186964574585e-01 6.867437780161732563e-01 5.610955852734964555e-01 4.768229747594033285e-01 4.200827493370979937e-01 3.733081848617155751e-01 3.199207575271486026e-01 2.533697046372096473e-01 2.158621873761811527e-01 1.522038353921841003e-01 1.752159364566981820e-02 -2.768228750761365098e-01 -8.726173279676856520e-01 -5.860069792299865687e-02 3.117665646472575491e-01 5.093108931296422837e-01 6.163504062654077131e-01 6.553224820845692244e-01 6.100177721547235254e-01 4.627895891250516924e-01 3.076000362941311295e-01 4.652923379661736969e-01 -6.444013334693434736e-01 -7.634618546939609951e-01 -8.702871860817987804e-01 -6.095038139255909426e-01 -4.573253206892591294e-01 -3.648123146341733514e-01 -3.105096412122284599e-01 -3.049566124415427626e-01 -4.318808131213512924e-01 -7.612431285336801468e-01 2.663251561742434603e-01 7.051076655199055576e-01 8.746942853570758292e-01 9.897120995903131435e-01 9.092172428163731723e-01 8.295377087984875386e-01 7.182036206972221004e-01 3.992246534723728479e-01 1.481457026632297669e-01 6.667646885538763835e-01 7.892311832471403665e-01 8.552328358048868484e-01 9.341076631383240514e-01 9.832815304058849515e-01 9.370235849057406696e-01 1.243930923645952535e-01 -2.714380836261071073e-01 5.252388764556700229e-01 8.133932546394372354e-01 8.954931323158793477e-01 9.304185000523275129e-01 9.482796376284252649e-01 9.583920511114560892e-01 9.646463728645650049e-01 9.688633620228274124e-01 9.715692120304973978e-01 9.726937477655631659e-01 9.719871933969219668e-01
9.986651622052820088e-01 9.953484997300168224e-01 9.443073222194743321e-01 9.524793807440546933e-01 8.596267101310210990e-01 8.764431661852520872e-01 8.703214872416253911e-01 8.886231791108508693e-01 9.459877838419082918e-01 6.111486715335835429e-01 2.621543819406270681e-01 -2.739874579843399466e-02 -1.999371400295842927e-01 9.132974439512498988e-01 -9.889662679914299481e-01 -9.373172575280027674e-01 -9.655306356412515223e-01 -9.872378677536639557e-01 -9.957589723055656483e-01 -9.715133807411527878e-01 -9.339620493307249083e-01 -8.888583327080619156e-01 -8.514109653289252400e-01 -8.392981982773992655e-01 -8.669408905397307796e-01 -9.420421146193210804e-01 -9.438097257444836297e-01 -8.427171891433863360e-01 -8.038836042416879213e-01 -8.858830818753355985e-01 -8.254222758113136660e-01 -4.474464305847524748e-01 -1.070222985020206213e-01 1.605089852829953700e-01 3.708547209731475891e-01 6.639971987897812511e-01 5.444657614030254944e-01 3.199546848280516720e-01 5.159560962905954673e-01 5.826339359522411110e-01 6.480317124279788565e-01 7.322151981446305413e-01 8.624239276731124892e-01 9.251710174937042286e-01 6.883713094432213353e-01 4.748872087998325942e-01 2.763593491192121165e-01 3.662937352840119065e-02 -3.626945374796886612e-01 -7.598703444642864735e-01 -1.438245377478470644e-01 1.450961690948271987e-01 2.926980963454733353e-01 3.483173159159306809e-01 3.156679588882880805e-01 1.847799875169674755e-01 -3.543467971516381376e-02 -3.268540624477991319e-01 -7.355194014887563858e-01 -6.625738324989937089e-01 -2.642298702896662688e-01 -8.183982480363288445e-03 1.888669573153299863e-01 4.129588689063400930e-01 7.697124393264959119e-01 7.063767655515187371e-01 3.821889351459733519e-01 1.657601514595226089e-01 -4.553782908233517529e-02 -3.005758790281855553e-01 -8.349741384248324794e-01 -5.962897210924957836e-01 -5.191157435181290580e-01 -9.789459804431178691e-01 -9.864955884521263429e-02 4.058716307263993683e-01 7.098350119279832615e-01 9.686803136720145702e-01 -6.753176957394149138e-01 6.516805019252414066e-01 7.755914199910933782e-01 8.205374619829713945e-01 8.377162707956657961e-01 8.507142346885266937e-01 8.665807760865132936e-01 8.728701314642635101e-01 8.703403233707697195e-01 8.771282006801069953e-01 9.355689317586092235e-01 9.931698791279418570e-01 9.709063751836120026e-01 9.680086488670373024e-01 9.679920237269344918e-01 9.675770728816084354e-01 9.665318167928933502e-01 9.648445703306691712e-01 9.617703428849642133e-01 9.553548017662493175e-01 9.399857266231497199e-01 8.843623388922127182e-01
9.998047041084928699e-01 9.950092257475797730e-01 9.967282827680408186e-01 9.889143455246521830e-01 9.208980698515025765e-01 9.451171880576009210e-01 9.299483575010749625e-01 8.904767370864004050e-01 8.170641020379806330e-01 6.972028189915661089e-01 5.449576128546813614e-01 2.615413800915004083e-01 6.037809734793117729e-03 -2.740124274157054729e-01 -5.916477776592142801e-01 -7.867646396145309140e-01 -8.923657079342547371e-01 -6.492558284203456820e-01 -5.255916506836195712e-01 -4.546474353176515604e-01 -4.205215971677790376e-01 -4.167093301322964960e-01 -4.431330792457050527e-01 -5.074648425818647501e-01 -6.303493557782366974e-01 -8.596532310939014598e-01 -7.595399677751030199e-01 -4.150536116760752403e-01 -1.431613801821324250e-01 6.196183004674247347e-02 2.133124039274832406e-01 3.234854207853256614e-01 4.023531715381559737e-01 4.573853894544017695e-01 4.948719032838880261e-01 5.221826992457079264e-01 5.567914451019770894e-01 6.939210240242913441e-01 8.302191873622478679e-01 2.851184419421048388e-01 -8.241704159141104435e-01 -2.531813548678383263e-01 -1.563453946910131620e-01 -1.169920933673177094e-01 -6.183974668575647343e-02 2.209510175470637550e-01 -3.411643659154456887e-01 -9.512287599764823742e-02 -5.155085844558174269e-04 3.360151744143270724e-02 1.761586221289826448e-02 -5.084137432544481167e-02 -1.782927110887650712e-01 -3.782865052971630671e-01 -6.754403705619347331e-01 -9.216294463615785082e-01 -6.433246470024852615e-01 -5.304425360164631842e-01 -5.506630725648414826e-01 -7.194593963008590887e-01 -8.910577818973491881e-01 -4.974745163754221711e-01 -2.408160463547528995e-01 -1.080865130201119212e-01 -9.977706427920714216e-02 -2.969506423511953375e-01 -6.941907585223832111e-01 -4.321039797297906437e-01 3.681710350540468024e-02 3.247469881885070020e-01 4.870282163456657876e-01 5.406942743452974875e-01 5.596074029100329694e-01 5.625374733895764923e-01 5.255925661724933917e-01 4.329440558020846708e-01 2.566565996079274714e-01 7.582735308875797331e-02 3.833916999125155933e-01 7.852597884596604905e-01 9.439177700272773919e-01 9.077962200891328548e-01 8.497466102414069633e-01 8.034769705357147629e-01 7.085242024341588118e-01 2.761645121524191060e-01 5.194392113650196929e-01 8.008944420097187100e-01 8.894927377924093381e-01 9.377778499460056594e-01 9.674433399122371879e-01 9.707170504899912400e-01 9.249806949250979349e-01 9.342855510286272036e-01 9.201252067505594212e-01 8.793004573222727993e-01 6.373335805722377678e-01 8.142372088155583887e-01 9.299259055660461515e-01 9.596490531693472326e-01
9.819205026196806685e-01 9.986611240175008453e-01 9.990046417136256851e-01 9.995945730966154796e-01 9.943315752076098413e-01 9.326185075772861488e-01 9.475560769029958141e-01 9.355810019901584784e-01 9.050028516664933020e-01 8.463195221214933062e-01 7.461626411936783665e-01 6.123524408752526460e-01 5.825918146997590696e-01 7.385877747392288750e-01 1.851987801784796828e-01 6.900977628479690318e-02 4.702190871600930161e-02 9.568142008875821225e-02 -2.411924707872639129e-01 -5.254320663033390515e-01 -6.385314377290794985e-01 -9.713617025896161827e-01 -6.067165273825222416e-01 -2.988634565767416262e-01 -7.711669425171631398e-02 8.305831551795077317e-02 1.991261359197117053e-01 2.828930905672471519e-01 3.420312907692236171e-01 3.812979953018179047e-01 4.034923030295889945e-01 4.101587657899989359e-01 4.020393793458652554e-01 3.793160565320266575e-01 3.417509726479478482e-01 2.889615618516525597e-01 2.213818197535182275e-01 1.432209027635734655e-01 7.011169732640074037e-02 4.614189140093326313e-02 2.343561513744277791e-01 2.795109389590264559e-01 -5.823887020488555111e-01 -7.702188661551380156e-01 -3.188878750705752552e-01 -1.542599079073641265e-02 2.409585771897569673e-01 5.818443902707486348e-01 8.285420246535005750e-01 3.446277600973934874e-01 4.017544953965464238e-02 -1.487795605930092580e-01 -2.663216170449276277e-01 -3.690902700550676707e-01 -5.220010338270174577e-01 -8.166021739370419308e-01 -6.808759212666485316e-01 -2.924072662250427057e-01 -2.522834066874677858e-02 1.562554651439887754e-01 2.654199381352666531e-01 2.969444847681221855e-01 2.436796723550405941e-01 1.100179728850533278e-01 -1.385987309481644114e-01 -8.876559996509055805e-01 8.944927088294366002e-02 4.261333002088866229e-01 6.582147750070450609e-01 8.315118713578840692e-01 8.138118272636107875e-01 7.533094612047428473e-01 6.224903357515889635e-01 5.434128168471873410e-01 3.546939382677024022e-01 -3.702595742558064118e-01 1.637209273588396963e-01 5.331432315444665226e-01 6.736976225522768313e-01 7.603266884628420152e-01 8.494269043818637455e-01 9.607035638191644411e-01 8.868246350515356369e-01 7.974518419836389427e-01 8.129194938181188990e-01 8.530830986169140040e-01 8.852393486691132463e-01 9.084193279385321951e-01 9.270676001929361032e-01 9.441523362164669919e-01 9.596795924308559878e-01 9.734451487730058084e-01 9.876641586374163007e-01 9.938202633698820510e-01 9.736680339044747612e-01 9.637457207378434809e-01 9.653266624888445779e-01 9.706931757604195798e-01 9.756929122284653255e-01 9.794175847046096006e-01
9.986523800640149107e-01 9.990755987887710576e-01 9.988390139894596231e-01 9.981027712893255632e-01 9.964348637971742750e-01 9.941715319447997912e-01 9.981410731647547552e-01 9.863820901354751758e-01 9.584099196199041826e-01 9.166060212620945613e-01 8.483404663078329966e-01 7.147649670784127496e-01 4.245854121673643955e-01 -4.026232149829565010e-01 1.568577701552372194e-01 9.547187364619796890e-01 5.422348587030100253e-01 4.443341635028947301e-01 4.601126213683001676e-01 5.697435324131797652e-01 9.738086184165843928e-01 1.044949940479272948e-01 -2.065672460973709823e-01 1.574316170505616896e-01 2.694638053741093553e-01 3.219633193950295902e-01 3.460626082378774893e-01 3.506956774437625102e-01 3.385963458394076198e-01 3.097078327515612739e-01 2.620079007007864447e-01 1.913821820924024864e-01 9.091157596601007196e-02 -5.015104486772962306e-02 -2.466663568895934577e-01 -5.135003171674636935e-01 -8.486719381801635098e-01 -8.333837799204434349e-01 -6.874576740543557607e-01 -6.594179731919609377e-01 -9.505903362856589212e-01 -6.934911497664001390e-01 -9.266749404385290489e-01 5.669016936724761146e-01 2.723821796789571703e-01 1.780298884707999241e-01 1.631683539403199490e-01 1.648841299481959843e-01 1.688623683506410844e-01 1.917929270824945132e-01 3.083295831460853287e-01 4.116886960943315077e-01 -3.035105189365345235e-01 -3.284748832279058006e-02 1.082395842923088852e-01 2.129198061125311126e-01 2.942554630681329386e-01 3.496968672893353003e-01 3.630301496346303725e-01 3.199039473748928053e-01 2.282370502978241511e-01 8.152486757400936868e-02 -3.921601224662653040e-01 -1.849802161808945800e-01 3.940055652377145168e-01 6.544842114665212485e-01 7.988739344190174396e-01 8.453245068232274617e-01 7.985590122479641062e-01 7.608409244060241328e-01 7.354629368582117355e-01 7.251574909658720092e-01 9.775526183702142324e-01 3.745747357777443054e-01 3.919595447662551635e-01 5.831180152372794634e-01 6.902811241888079374e-01 7.468997319207337782e-01 7.760331944972824747e-01 7.874886267100881243e-01 7.859067909692095677e-01 7.776919036738970670e-01 7.827708737341283474e-01 8.373057805798554964e-01 9.228736995207212912e-01 9.782332246264894282e-01 9.898698288721258232e-01 9.576952422424757083e-01 9.319922907099539300e-01 9.207379881500936669e-01 9.126348546743003887e-01 9.008237916838038872e-01 8.839620742477763971e-01 8.727126510038607510e-01 8.988481678108002360e-01 9.497103058040236023e-01 9.791583246667772134e-01 9.906477678233690520e-01 9.951211510478292777e-01 9.970424381678153480e-01
9.995815402384722326e-01 9.996784587283124024e-01 9.995603227670835089e-01 9.991502066385828940e-01 9.979354417788350862e-01 9.949897811410427506e-01 9.920228239048969332e-01 9.912461010365302139e-01 9.936620977484852402e-01 9.953997209948695080e-01 9.576146326680784471e-01 8.040339255052173506e-01 -4.441892382842571596e-01 5.101481682051581812e-01 5.775459060755789853e-01 6.107016407103460498e-01 6.863589945915584689e-01 8.333263555369525566e-01 9.713930138841085915e-01 8.264098602301670482e-01 7.559343452615343573e-01 7.512404262452639925e-01 9.016078944789934768e-01 6.319132800013261830e-01 -4.483712560207949172e-01 -1.222354889898874947e-01 2.139442655974253468e-02 7.459635960683302924e-03 -7.173898088821344110e-02 -2.069361512700766959e-01 -4.071920543871305753e-01 -6.877967755940415095e-01 -9.472239700872071566e-01 -6.763380029918369951e-01 -5.389882950769833148e-01 -4.858014022043211089e-01 -6.325927848928880604e-01 -9.605083167273265055e-01 -6.404150252506309871e-01 -3.673084056357712179e-01 -1.933804346759503412e-01 -9.317675009218526205e-02 -4.856476751483717463e-02 -4.501423741763151132e-02 -6.651263333569860936e-02 8.574743804940046510e-02 -7.510303667318171117e-01 -9.899215765558323499e-01 -7.533590853405203180e-01 -5.148652470378989321e-01 -3.207471166806258878e-01 -1.127413940035660034e-01 1.833513616709600280e-01 5.947163173222637100e-01 9.402120417688866194e-01 6.317954813549309101e-01 4.315745628045463689e-01 2.836236298451608184e-01 1.908606222201211233e-01 -7.765400411366654709e-02 -8.073792741607769274e-01 1.809853370831189801e-01 5.272997969426700404e-01 7.039216409519127859e-01 8.008240388545920796e-01 8.113934358116136059e-01 7.808293466205549205e-01 7.527038236756250500e-01 7.164010957793373047e-01 6.534736227491405591e-01 5.211053233113286387e-01 1.206557825837657472e-01 -5.849863738563457899e-02 5.449500415708851131e-01 7.806156678903546364e-01 8.692394208178235715e-01 7.129680513824971921e-01 7.450625129586642137e-01 7.164861693675717014e-01 6.454232306642581074e-01 4.540226623508895609e-01 -6.315506385338999218e-01 4.287407822773839916e-01 6.873882821390623343e-01 7.919208399147568134e-01 8.544805772745284189e-01 9.051701007873379501e-01 6.933577658012197720e-01 7.515615916054353418e-01 5.394366828576190320e-01 1.765652864842392755e-01 7.663359413333218351e-01 8.749699630342855361e-01 9.195780257352637044e-01 9.441847872874649106e-01 9.586574380864486544e-01 9.630790281540223541e-01 9.379482619684650357e-01 9.560015224297029324e-01 9.895050452618574521e-01
9.998615319185079064e-01 9.998735383053626302e-01 9.998324661887818543e-01 9.998399813195970598e-01 9.997988025378348187e-01 9.980940912921046904e-01 9.944912714589161373e-01 9.898777565997758376e-01 9.832915108937203552e-01 9.718115032735928915e-01 9.419323835515105436e-01 9.534124994829177302e-01 9.570158970186700698e-01 9.088514918348539195e-01 8.438622717226922365e-01 7.684672686385879414e-01 6.988398397363905223e-01 6.384635433001446536e-01 6.179806542920827095e-01 6.957101461010731791e-01 9.004421262526044467e-01 8.404790767254317618e-01 6.710718650547009556e-01 5.851549779908863380e-01 6.128340141864375701e-01 9.401431917679867745e-01 1.455427931306033616e-02 -5.086331833366969368e-01 -6.390014404547768034e-01 -5.960851723689654103e-01 -5.304272265224976302e-01 -4.903918102684965974e-01 -4.910727698219023440e-01 -6.534637900868959237e-01 -9.526725530781570139e-01 -6.946426681612726250e-01 -4.503690058687721542e-01 -2.941490365450818434e-01 -2.069587875415199452e-01 -1.786198181240392924e-01 -2.038950828862024778e-01 -2.815045418941487521e-01 -4.224873475089613306e-01 -6.453459783308840292e-01 -9.692794979060891380e-01 -7.138430741916792499e-01 -5.085860847525425221e-01 -2.432619422459844916e-01 4.627037925658962214e-01 -1.188084485087209652e-01 -7.509854235747198681e-02 3.710805792108787943e-02 1.330435613491663394e-01 1.944929016435508751e-01 2.192263612000080464e-01 2.117523015157835031e-01 4.229339312144098084e-01 -6.926964414394849445e-01 -4.459396669982380879e-02 3.697695154407585338e-01 5.568929919946356000e-01 6.576563333671406886e-01 7.084151801292102313e-01 7.291505574949030954e-01 7.292808905859222701e-01 7.111875764992192650e-01 6.694800269158117656e-01 5.826034378057570740e-01 3.689641975127085360e-01 -6.253315981403606560e-01 3.179439698670646908e-01 6.128076123654239149e-01 7.249115562036225757e-01 7.794971764711945417e-01 8.096757748862102311e-01 8.317916540196929054e-01 8.804531422687712494e-01 9.945915924013082332e-01 8.127480692031812115e-01 5.876811146457886492e-01 6.135791608917837703e-01 7.060734448109705630e-01 7.675355425990180169e-01 8.008746122061497497e-01 8.150560268610175241e-01 8.141498795568259395e-01 7.968811281812074876e-01 7.588493441015191632e-01 7.387971697631741108e-01 9.127848463258251277e-01 9.817253956723541730e-01 9.702685883489388097e-01 9.699051472578600341e-01 9.689703696818015022e-01 9.664692128564507101e-01 9.669898007943006357e-01 9.753546095491838486e-01 9.827530410379111681e-01 9.859859263363961457e-01 9.850440606991867076e-01
9.997132402095135761e-01 9.994965486330221749e-01 9.995275252243788211e-01 9.993529918239482113e-01 9.991632145524261821e-01 9.994963111173638115e-01 9.983221973880724853e-01 9.934964705845196198e-01 9.839860694323285806e-01 9.575093107365693079e-01 6.378076564802277471e-01 9.102258144860305711e-01 9.558122793264526296e-01 9.800644176718754652e-01 9.889739169899977034e-01 9.380345117361478247e-01 8.588164225500307669e-01 7.641866974878094299e-01 6.649967742430165085e-01 5.495209836112535662e-01 4.277985509492565064e-01 3.512257639306100021e-01 4.360229385772610988e-01 7.146985492662127903e-01 -5.729031832025012205e-01 -6.273784704297209469e-01 -3.075262141083504042e-01 2.299005486420698519e-01 -3.250415781320265540e-01 -7.981538897674957944e-01 -9.860057761129468190e-01 -9.457717028727853359e-01 -7.804202967547118064e-01 -5.754168382829929485e-01 -4.435508266299549862e-01 -3.872860464518668722e-01 -3.907176285807431038e-01 -4.437312874563043574e-01 -5.527297547317757687e-01 -7.295372196137752674e-01 -9.829876412988242107e-01 -7.710148683898037092e-01 -6.305120640911684449e-01 -5.951560391670154271e-01 -6.803136338727618915e-01 -9.391156008048892057e-01 -6.567551570416688689e-01 -3.465539642297279510e-01 -1.512017203411359367e-01 -8.757896543453726201e-02 -7.403513466975777946e-02 6.342530130209143024e-01 3.176998045440647123e-01 1.802339328298756260e-01 -4.108541991733598298e-02 -8.832311103695407173e-01 1.331387619055348914e-01 6.161139967979096799e-01 9.295104350083065459e-01 6.624246783700180607e-01 -1.221682216957589301e-01 5.751762343419094536e-01 5.174284550626957468e-01 5.584432223332148615e-01 5.339213869805679025e-01 4.073627528846527346e-01 -1.914878981592667631e-02 -1.044952472508956509e-01 4.720807196993243582e-01 6.532786648605116708e-01 7.346831139323218851e-01 7.762899548654411674e-01 7.971276500744123306e-01 8.034823800099746283e-01 7.966903909522459193e-01 7.747778618374305815e-01 7.309667427402948281e-01 6.494801934109899477e-01 5.041203618979482881e-01 3.751540511280396228e-01 7.350607880220974000e-01 9.203479594038577183e-01 7.780352859604127147e-01 7.075787717404160571e-01 5.628539241876153731e-01 -6.876475105919936937e-01 6.316658047316560110e-01 8.256860831809315071e-01 9.060905135792807208e-01 9.622990385136821478e-01 9.960103847115935327e-01 9.830578650023753529e-01 9.291298592607855067e-01 8.891737961301010573e-01 9.554326286861938300e-01 9.647312532981214828e-01 9.640184983720576639e-01 9.568450268801732550e-01 9.450345095422690855e-01 9.358850330776400384e-01
9.999956634859468174e-01 9.999167059781171041e-01 9.985479237446192036e-01 9.992245410843826336e-01 9.989345775210717315e-01 9.985091512575536843e-01 9.985064886572319054e-01 9.996404278321510128e-01 9.938706176571157069e-01 9.775517341533206395e-01 8.876465579384723581e-01 8.401375460270005258e-01 9.180492667960818975e-01 9.331002924753336591e-01 9.421863728815548233e-01 9.569469272017427919e-01 9.890448112497578492e-01 9.447952982267535660e-01 8.314158451674137362e-01 6.699863475273427627e-01 4.825466680548526899e-01 2.963195405383221570e-01 1.273644375050734245e-01 -1.806701530474801379e-02 -1.488078953750195943e-01 -1.590248558278536395e-01 -9.146884661055422194e-01 -7.722935702468201047e-01 -8.422705277061770524e-01 -2.134616723349538059e-01 3.843582706342554278e-01 -2.673943608614349765e-01 -4.736278788226929715e-01 -6.412208788492739231e-01 -7.478146895506491143e-01 -7.596080457327820668e-01 -7.054383221376192559e-01 -6.300248713652260024e-01 -5.712633768616115493e-01 -5.583723786197815064e-01 -6.207163460255186171e-01 -8.058843970052892436e-01 -8.155827223436538098e-01 -4.470384621530419378e-01 -1.738910050176497857e-01 9.656740342544279862e-03 1.219476689618207432e-01 1.809713436358429406e-01 2.128784177337298966e-01 2.292819205223432244e-01 2.038828326365573207e-01 9.777626278325235454e-02 -1.215471620709620837e-01 2.367143836358073239e-01 3.704364349056099570e-01 5.276667168330299029e-01 5.900011320296388861e-01 6.574857694836564459e-01 7.413001228771781692e-01 7.906459489458482759e-01 8.391701094782936243e-01 9.414825766252885586e-01 7.203634113490142710e-01 -3.335989879680639758e-01 -7.817428570970615942e-01 1.078810296084241893e-01 4.663683392260334348e-01 6.240570167913588318e-01 7.048978413287002587e-01 7.501732865573828013e-01 7.742026283997144320e-01 7.817883698747828403e-01 7.739562990742849813e-01 7.478789969760992751e-01 6.931703107116444773e-01 5.782052506604224984e-01 2.770642931288924693e-01 -6.433795767528655007e-01 3.310983443176194196e-01 5.373313664792946920e-01 6.043653750941840874e-01 6.175897100106758630e-01 6.422401187529924727e-01 9.988983364267386422e-01 7.708803959115030358e-01 8.325710445810752258e-01 8.774069845622600727e-01 9.081750884199658591e-01 9.338602452860241820e-01 9.609519230615085617e-01 9.851397962340877612e-01 9.991564522743019428e-01 9.926090272713145035e-01 9.843478913394093643e-01 9.694975846966296107e-01 9.252517785453403532e-01 4.086591914609025156e-01 7.857402993973404692e-01 8.214197085867220860e-01 7.828075309331073983e-01
9.999747822956177590e-01 9.999526298475820418e-01 9.999209524933556636e-01 9.999634401283903351e-01 9.934414928852473015e-01 9.982209007478453078e-01 9.975714138665557895e-01 9.967490955980762291e-01 9.968940612308231364e-01 9.992830312304636919e-01 9.841416492488341827e-01 9.082749073211954238e-01 6.296573901785669225e-01 8.354299454606910480e-01 8.476962562790093525e-01 8.392246092391316692e-01 8.290750753658108207e-01 8.335783707330799430e-01 8.855023444855490977e-01 9.283663115186019388e-01 5.486007637468539588e-01 5.565263513217835051e-02 -3.943784696405582268e-01 -7.305527734725307809e-01 -9.920841986432658022e-01 -7.447635138460640958e-01 -5.313101859681464978e-01 -4.602436239588968969e-01 4.305840438705919593e-01 -5.888509682875328055e-01 -1.778333077220505820e-01 1.074653562265111689e-01 7.437364661349524786e-01 2.588684566466403769e-01 -1.170891047042627447e-01 -3.013416330050192604e-01 -4.500742659091195308e-01 -6.359180017265831930e-01 -9.349739595509919399e-01 -6.660371638007751560e-01 -3.561170670348223766e-01 -1.316353376789040908e-01 2.107277564879479759e-02 1.165092656017847478e-01 1.671181794342060933e-01 1.969722781233117503e-01 2.130278401082738582e-01 1.905861250204159141e-01 1.010018413507693114e-01 -1.481982028053459577e-01 -9.637458535937541981e-01 1.054876166696332856e-02 3.582513921705753890e-01 5.624515654957067401e-01 8.717194564528734091e-01 8.424537853877758220e-01 8.579776212887972875e-01 6.395086616963265858e-01 6.546428453098863676e-01 6.054216434025897486e-01 4.492135562858434739e-01 -4.501190839533691368e-01 5.184183592222807446e-01 8.344535232849790152e-01 9.573278998686236552e-01 7.181561097606996569e-01 3.261200187739861089e-01 3.511365438170107600e-01 5.824367944614552428e-01 6.276193447134937875e-01 6.709789859840514792e-01 6.677804108327581867e-01 6.197645645493724542e-01 5.008017668029124403e-01 1.898446957467654350e-01 -7.526845406905037228e-01 2.277158034527856090e-01 4.486948834462175517e-01 5.071978378734177673e-01 4.697431149579706644e-01 2.423976001580233075e-01 -4.782986229045741999e-01 5.048922555039548898e-01 7.385572376621106772e-01 8.731609143727703248e-01 8.952717697163774524e-01 9.932465313519155403e-01 9.946422837453056109e-01 9.925172790229020992e-01 9.895959921436427997e-01 9.810098770863976414e-01 9.619339248428047107e-01 9.617080003252491682e-01 9.690310786829841039e-01 9.766512406538435664e-01 9.863028159522305716e-01 9.960230575429934730e-01 9.525036508954763947e-01 8.347926750657589379e-01 6.464387178331173489e-01
9.999896309936652239e-01 9.999952851888969096e-01 9.999648672653973502e-01 9.999077623783324542e-01 9.998211184853941225e-01 9.997712078673673952e-01 9.997338515947212789e-01 9.923824281621368426e-01 9.799125591877188013e-01 9.842644283201041899e-01 9.843451665138582829e-01 9.922735789838553755e-01 9.633144548062473334e-01 7.321440972355930388e-01 -4.878426453468470148e-01 1.507371075143940087e-01 3.648337239896025375e-02 -2.768034896858024840e-01 -8.274418314866406332e-01 -5.216288957753845157e-01 -1.055044447225782223e-01 6.973977377377698073e-01 -2.534709207452001123e-01 -7.735791968502385707e-01 -9.750877449114726536e-01 -9.663117961903888720e-01 -9.735276475415247655e-01 -9.919823290209136557e-01 -9.555722019023112912e-01 -9.550796349950005926e-01 -9.213226330860286861e-01 -7.218164779686618848e-01 -6.652631340240596769e-01 -6.691183188748357491e-01 -6.813184626899103646e-01 -3.868033789054003413e-01 -3.183810656963957375e-01 -1.686591005731457038e-01 -4.371630469601597152e-02 4.860316434275926967e-02 1.117343174590900018e-01 1.496510208467880798e-01 1.761050506732219911e-01 1.860060635896113035e-01 1.661013406157191008e-01 9.645379630539713256e-02 -7.796984976998271033e-02 -5.613735024797800177e-01 -3.290520850944788633e-01 1.603551474952947808e-01 3.507391601084685062e-01 4.254841714797115149e-01 5.386857254452556143e-01 6.008354841002012670e-01 6.250821496728702353e-01 6.194428977456087893e-01 5.836743825098713589e-01 5.694611574829676615e-01 -9.923755749697251716e-01 2.145586903356041519e-01 5.929856059119544831e-01 7.389028736015499366e-01 8.134635361950117716e-01 8.596806096343306836e-01 8.938239150382257803e-01 9.253959526392632196e-01 9.672707687313365499e-01 9.504331905943919079e-01 7.837607817182002945e-01 3.852019071325990529e-01 -3.046683590345148351e-01 3.058998677080881912e-02 -2.449757250895816529e-01 -5.049719866387639700e-01 1.494170808997705435e-01 3.642152206142314497e-01 4.298051937067811079e-01 3.963676585890717474e-01 1.777211951456024452e-01 -6.987728465890041818e-01 4.132500063828591363e-01 6.701912431038929974e-01 7.758450848987564763e-01 8.324054865365587697e-01 8.802977528557672793e-01 9.467344892262454792e-01 9.830944090938039670e-01 9.958983649148066553e-01 9.730312728609196160e-01 9.785047909365346408e-01 9.816191622106885672e-01 9.632537669218509402e-01 8.898798724773759883e-01 8.797899248253044924e-01 8.529339510051567874e-01 7.797801295817663458e-01 3.124130783523401123e-01 7.675607805974408171e-01 9.470078278285184448e-01 9.692067008382037052e-01
9.998961642607233635e-01 9.998756987592688494e-01 9.998819816611613787e-01 9.999251312948257420e-01 9.999909625061513818e-01 9.998564101397304782e-01 9.996759105204524598e-01 9.995269228625000002e-01 9.996855955726648979e-01 9.991460001462055818e-01 9.955913384082308859e-01 9.878130909708742191e-01 9.755356957821968988e-01 9.664162119337554868e-01 9.947609288252953208e-01 8.125445281876056969e-01 8.871197379303907837e-02 -6.711836035752853924e-01 -4.631225230371000534e-01 -6.628126254265889195e-01 -8.202120169242261838e-01 -2.983109948333604322e-01 1.505375819680774552e-01 6.474611524738668189e-01 7.097866143083688684e-01 3.157098440245047488e-01 7.586523416727518343e-02 -8.070797165682450092e-02 -1.849343551848765255e-01 -2.506820323761970171e-01 -2.753794621070959625e-01 -2.380619399901981459e-01 -1.056168730760563140e-01 6.774813137607241798e-01 5.881685654398003532e-02 -1.961746168362353548e-01 -7.955360438411366308e-01 3.258423231526639263e-01 5.054824048554982241e-01 2.647459902095363193e-01 1.836051222217791323e-01 1.308691973672070907e-01 5.962093708429693634e-02 -7.577605628060796183e-02 -3.814281699798091063e-01 -7.741137291462290015e-01 -1.060272709922421702e-01 1.738693158647737769e-01 2.812545331466984044e-01 4.017640790295643471e-01 4.721769070200802498e-01 4.974695189890674385e-01 4.784111901192950045e-01 3.942257961530098997e-01 1.468485799350463250e-01 -8.911478054636886581e-01 3.108078035484038160e-01 6.149595044936839727e-01 7.589010547955918895e-01 9.737355026518720313e-01 8.131232418768864489e-01 8.548190179300084734e-01 8.406653358364927220e-01 8.457417501816291150e-01 8.608907658636455462e-01 8.664864315397160510e-01 8.662947552383766237e-01 8.627918372707263917e-01 8.610115517377461281e-01 8.872335237362506399e-01 7.224708421913099698e-01 -5.502536097255266920e-03 -2.131143625850649703e-01 -5.030032833850118790e-01 6.656969672295573459e-02 1.883802703275245793e-01 1.201802257219126979e-01 -3.802605549968546828e-01 -5.156615782385639592e-03 4.862498624963093041e-01 6.683593973989706560e-01 7.532326308797964165e-01 7.950773104461061891e-01 8.125481128365015238e-01 8.159002694233917774e-01 8.212574078133987321e-01 8.375437135443316583e-01 8.678400504557935990e-01 9.828387208828570643e-01 9.842156641408691398e-01 9.583994134127643560e-01 1.825431968246240544e-01 5.088685653796944930e-01 -7.128923857972659928e-01 5.818547300182974613e-01 7.812641711214314277e-01 8.535299837740647488e-01 8.909371503785781243e-01 9.158573360690058784e-01 9.369595304789576362e-01
9.998498605818164631e-01 9.997700372602283947e-01 9.996653518096019209e-01 9.995536264801851978e-01 9.994906079988207237e-01 9.995599914845096912e-01 9.998057024244242363e-01 9.997896837708913909e-01 9.992870513470762939e-01 9.988583630195793095e-01 9.989387448306900064e-01 9.995954482499863625e-01 9.953964167144691011e-01 9.870997530040429568e-01 9.744820668310454348e-01 9.604695857097923506e-01 9.557127492491536147e-01 9.917806557342798701e-01 8.627697577619436453e-01 5.819612460882198635e-01 2.905149331892479814e-01 1.218690368507391042e-01 7.356725677097432359e-02 1.047650739442113205e-01 2.029269382318239778e-01 4.132353397159164721e-01 9.933075377217941426e-01 2.329911432270779237e-01 -1.931635340901911857e-01 -5.012915328037615970e-01 -8.146224940639593681e-01 -8.612016776321012035e-01 -6.502070182663550746e-01 -5.357817107244255972e-01 -5.273556197676819712e-01 -9.162831111865795686e-01 4.932673959122667040e-01 7.560753498373698478e-02 -3.596825371698612211e-04 -8.812062844841291043e-02 -6.007013265021606818e-01 -5.519594637668623349e-01 -9.055781595169943854e-01 -4.416559937319855522e-01 -8.318399559963558787e-02 8.534206391644676148e-02 1.998388147827721006e-01 2.684543670538148685e-01 2.860110806788331295e-01 2.406690157925502893e-01 8.389996649223144254e-02 -4.114424505514385766e-01 -1.951379460024179890e-01 3.473545019106448195e-01 5.740572400232843986e-01 6.913690953905982095e-01 7.601014680664035517e-01 8.042309518269277202e-01 8.347345318646511858e-01 8.575970303186193355e-01 8.796823055554551241e-01 9.344326995650745760e-01 9.354477409516475106e-01 4.146639352319393679e-02 7.369049010251875753e-01 7.078724565616612008e-01 6.236603678405139295e-01 3.163525425681044667e-01 6.401220205900449989e-02 6.604358514915089629e-01 8.152679273313246933e-01 9.007660268344082066e-01 9.833482755330195113e-01 8.908768089606562413e-01 6.415898433635706111e-01 5.728967269782472838e-02 -8.062484099784318348e-01 -3.443864065150846754e-01 2.235321814903940552e-01 4.835035589055244332e-01 6.065530693653388150e-01 6.694890646677921220e-01 7.100168274993075013e-01 7.440456351817456015e-01 7.672298316613492819e-01 7.744711543546194399e-01 7.632337104675896988e-01 7.261915433570872436e-01 6.361051253399696570e-01 3.546810491009768640e-01 -9.501262114409980697e-02 6.282079700832180480e-01 8.688948328585630598e-01 8.858395165806762783e-01 4.496081969817894985e-01 8.602606297272924474e-01 8.554482900268176593e-01 8.284223168259186032e-01 8.214255590768716475e-01 8.100057286418805846e-01
9.998619025999873067e-01 9.997689399386157083e-01 9.996289013727540640e-01 9.994314009447374803e-01 9.991764887440963694e-01 9.988878759053484435e-01 9.986303774990861193e-01 9.985241586588288198e-01 9.987374462052391877e-01 9.994339855461793487e-01 9.993471339985057211e-01 9.979187559178638312e-01 9.973420642552138782e-01 9.999059601054772761e-01 9.890753295857341865e-01 9.628719928678791673e-01 9.133076811246719773e-01 8.383452690875641267e-01 7.700851443678028430e-01 7.894294961850873982e-01 9.105260211234170731e-01 7.798240660545860958e-01 3.598852117534976913e-01 -3.755510981111344349e-02 -3.261923457206692412e-01 -4.975904473506023717e-01 -5.883415996313495766e-01 -6.977731881308992801e-01 -9.088108057212513913e-01 -9.590756230316753728e-01 -6.589296446680419361e-01 -4.078037089336973842e-01 -3.069711334389499946e-01 -2.434165097803396294e-01 -2.023572349095881517e-01 -1.843066982630238992e-01 -1.956363805724955218e-01 -2.319630708220471460e-01 6.416813714274061109e-02 -7.714071553426254946e-01 -8.590085098176514222e-01 -6.297557124979552556e-01 7.943619720713962495e-02 -7.230005809190038768e-01 -3.145371477235596736e-01 -2.875451433073490937e-01 -4.445685768022847317e-01 -9.770246386752114987e-01 -2.630507925609407160e-01 1.686857199510632677e-01 4.182948058722607554e-01 5.688797345478496803e-01 6.638710798695326432e-01 7.263546295780012318e-01 7.689074389891924488e-01 7.983501971668424124e-01 8.183045398026945749e-01 8.307084080742057619e-01 8.365776767758626997e-01 8.362266512015349429e-01 8.291587566682324661e-01 8.136333106248725411e-01 7.855842125208178928e-01 7.362593924263687306e-01 6.581552235648588933e-01 5.499462456566859281e-01 4.003915373011325274e-01 6.440353057206192888e-01 7.430789027476478736e-01 7.934557572211506926e-01 8.224662387479949599e-01 8.386322458722113016e-01 8.455506383220471323e-01 8.459513128245930158e-01 8.469986107766162009e-01 5.883530081141296053e-01 6.906947690528357775e-01 6.033837773110145575e-01 4.349347459594154475e-01 2.844540748784407103e-01 -1.800471643072738270e-01 -3.890642238587985746e-01 8.369223091240961254e-02 1.703312208945818584e-01 5.935800905252153203e-02 -4.583166064078109114e-01 -1.163131397347772905e-01 3.900937668846145567e-01 5.984512239973266423e-01 7.039756204836481457e-01 7.633189928328582008e-01 7.990461961457225870e-01 8.240509587647826262e-01 8.544348859156424281e-01 9.260751936668982776e-01 9.726371300135682185e-01 7.936112418189179563e-01 -3.028077565536823057e-01 1.337389503680259661e-01 1.566770841198946926e-02
9.999107750300993969e-01 9.998265081818252797e-01 9.996858018605452312e-01 9.994645047177111996e-01 9.991376451220184141e-01 9.986870693768472584e-01 9.981145327196515593e-01 9.974609649199360772e-01 9.968296730369897718e-01 9.964054881944780506e-01 9.964545332522219967e-01 9.972822698834812316e-01 9.991217737150042133e-01 9.980851930629620616e-01 9.950636122406038009e-01 9.938050591113704035e-01 9.989218059124820304e-01 9.784607462818398771e-01 9.042849742659844203e-01 5.275424589848954904e-01 5.618421302134224415e-01 8.117105795966541582e-01 9.577614127336799843e-01 8.716854205256426846e-01 6.905461046296987870e-01 5.012947911363389020e-01 3.059071337022375991e-01 1.039700524330381126e-01 -1.121455750705043358e-01 -3.969044438226131399e-01 -6.621426189933392603e-01 2.845258809953354895e-01 -2.009353265353615303e-01 -4.371907568337770611e-01 -6.490008643675890809e-01 -8.135710650897763907e-01 -9.233537206938589037e-01 -9.764778050880942306e-01 -7.193401942970866214e-01 -5.144650547233715621e-01 -1.902297326904798247e-01 5.457720675327966120e-01 -1.461489027720511424e-01 -1.380898928393293479e-01 1.606096791010094005e-01 3.610773701873589564e-02 2.921806217520361293e-01 4.375384603457770361e-01 5.453422883896565931e-01 6.248222941404185660e-01 6.829494384481886726e-01 7.253219892160978066e-01 7.558073286650938138e-01 7.768327252743832956e-01 7.897883440350890183e-01 7.952568248448209642e-01 7.929629538340695616e-01 7.813374515907460793e-01 7.562567546448315525e-01 7.072002312120175826e-01 6.022408854275813628e-01 2.904760068500006898e-01 -1.443840290308425200e-01 5.633902713201534018e-01 7.372392204817354022e-01 8.213386730588857487e-01 8.978060836679527812e-01 9.584664184097241302e-01 -4.523295756590297034e-01 7.314385172962901693e-01 7.519226222714284757e-01 7.493835661229873990e-01 7.004922490368528099e-01 5.316661041380380537e-01 -4.180384606466154285e-01 7.277118810561519213e-01 9.044829930957130060e-01 9.964050320912940517e-01 9.221073629882804434e-01 8.248081614189177735e-01 7.258273246096128561e-01 6.888710444246880504e-01 6.697834891556075920e-01 6.538961783309727993e-01 6.522193384817114303e-01 6.669673919035394860e-01 6.907795603849020694e-01 7.149467132777957978e-01 7.339553258790826318e-01 7.452019882343801083e-01 7.471720054763718588e-01 7.376843208832395415e-01 7.118213301133485826e-01 6.568810110702872906e-01 5.316620936746689896e-01 1.005962346190915763e-01 1.962159998901142066e-01 7.265566005068851974e-01 9.732521928535650124e-01 6.444721351094072626e-01
9.999900314305262272e-01 9.999374654429806775e-01 9.998294729007108916e-01 9.996298037769115741e-01 9.992889205310468981e-01 9.987452346965715044e-01 9.979315557825810812e-01 9.967900291680041880e-01 9.952983817479456041e-01 9.935072701763971725e-01 9.915831947189741591e-01 9.898492599849900708e-01 9.888336596215774321e-01 9.894184819012965537e-01 9.935662189935291488e-01 9.902973707040034768e-01 1.741717694847848275e-01 9.581091952068514495e-01 9.823739355734364409e-01 9.959274658218709719e-01 9.686254146087002193e-01 9.354472121182649813e-01 9.014858004236329103e-01 8.767302304934452284e-01 8.726940006881098721e-01 9.004337390729114654e-01 9.738212146288924842e-01 8.936678658414903831e-01 7.155289628665041368e-01 5.021773405524928569e-01 2.663517922594876852e-01 -4.001383177691238309e-03 -5.238991051755592654e-01 4.442501768364791603e-01 -4.330399068748005953e-01 -8.719334632588495726e-01 -4.331755414094755063e-01 -2.178059626272399740e-01 -8.750742890974963495e-02 4.494848448798984680e-02 1.826603151122459801e-01 3.274165611048001079e-01 4.908632650232546135e-01 6.892268350968521196e-01 6.950524640924615749e-01 7.569592133344770213e-01 9.482067295574361232e-01 7.266992315908366029e-01 1.112125179681685699e-01 5.985762111854151524e-01 6.671121472554153442e-01 6.946994985973014014e-01 7.070448869706190687e-01 7.064255236138456961e-01 6.907013143701561386e-01 6.527453744429616567e-01 5.725653019981655767e-01 3.806439962412317968e-01 -3.900650172793097559e-01 2.374233400707125019e-01 5.859957532073871711e-01 7.150194856791584064e-01 7.787816283418658170e-01 8.159334267916205086e-01 8.403980426451150842e-01 8.573102221413158031e-01 8.690059210422537150e-01 8.781592024790814133e-01 8.912248826649408207e-01 9.357458705172544411e-01 8.270484280156390478e-01 -1.861800752949636928e-01 4.042206404395515956e-02 -3.254514055322725863e-01 4.870164005100445781e-01 7.049746759229821302e-01 8.032974954013641922e-01 8.619950779733780433e-01 9.074249700753929115e-01 9.540830309797992959e-01 9.905859869387274586e-01 9.330486138371709703e-01 8.771091193014325382e-01 8.228812665052198660e-01 7.739892317436815050e-01 7.333992615523901026e-01 6.992050225969499433e-01 6.648666145958365137e-01 6.204358151694863155e-01 5.499121129212345416e-01 4.171019054922405767e-01 9.302941394377647888e-02 -6.174245195649231688e-01 3.041620566297740247e-01 5.715407206824324460e-01 6.954547629313686530e-01 7.663404492478058661e-01 8.158985184567112414e-01 8.654148063950680703e-01 9.344838885691350017e-01
9.999115630264387988e-01 9.999030696569979337e-01 9.999281276197325985e-01 9.999731038080945655e-01 9.997334931283636816e-01 9.992482376749148854e-01 9.983630821234349417e-01 9.968618770675199414e-01 9.944488914764578746e-01 9.907021749673680100e-01 9.849135199375419480e-01 9.755112149765133855e-01 9.575533977221255544e-01 9.029005497408038039e-01 6.367667725534922329e-01 9.418869198091402994e-01 9.791034437476382468e-01 9.995175573389513124e-01 9.849915695372009061e-01 9.750796715704549422e-01 9.748401644780571029e-01 9.886065460967283780e-01 9.815984887689541694e-01 9.392051973922891372e-01 8.908861656768103376e-01 8.454646903867311103e-01 8.141643146819018684e-01 8.131424316487863013e-01 8.728451973901472094e-01 9.283545733571916259e-01 5.524233203444959273e-01 5.901002811408879306e-02 -5.732043002429942913e-01 -5.113127420446365035e-01 -2.112536623355913967e-01 -6.982497091984342097e-01 5.661201472638830445e-01 4.274955480599214597e-01 4.553258954643960021e-01 5.258132182408780109e-01 5.830843285483299221e-01 6.336698572112993144e-01 6.822603408133148806e-01 7.355176876414249998e-01 8.078740050169906928e-01 9.136925345054764946e-01 8.849387870911168408e-01 8.096627350381024879e-01 8.693198829518314907e-01 8.883690129873383912e-01 7.363798342454532797e-01 3.789147338959083511e-01 -2.214920111372028766e-01 -4.095067899209794970e-01 -2.877825928364962857e-02 3.222329065282136251e-01 5.330515269841852311e-01 6.552091264625090616e-01 7.284288880327349780e-01 7.744242718527037939e-01 8.050311059093436805e-01 8.264436839068782792e-01 8.413138158421804569e-01 8.505711298397345965e-01 8.546098093954321850e-01 8.535417321972345039e-01 8.470112986886539908e-01 8.338554315821730123e-01 8.114406613245551680e-01 7.739201895861076430e-01 7.060685631000416240e-01 5.429193906814218096e-01 7.156414530680801356e-01 2.396906190166448458e-01 -2.413061590414790902e-01 3.903615201478959351e-01 5.426718634127869478e-01 6.056683249302856620e-01 6.357550905443219991e-01 6.491912661837960785e-01 6.542095475816981365e-01 6.658171152633537426e-01 7.346382625595204718e-01 8.231920200139726251e-01 -7.266026553408756472e-01 -2.245766589186465045e-01 -1.968974285335990670e-02 1.348078586284268132e-01 2.853957165866901069e-01 4.199651637982487751e-01 5.286024594575787772e-01 6.105183098712155809e-01 6.694571941410126792e-01 7.099754508823897803e-01 7.360424530273449450e-01 7.508874565856833438e-01 7.571173676347299208e-01 7.565814952006454375e-01 7.501448345632335535e-01 7.378884136330853272e-01
9.998315452154008520e-01 9.997403568371611149e-01 9.996292084366461550e-01 9.995185454215207432e-01 9.994596603078710340e-01 9.995594007955642679e-01 9.999782784991181339e-01 9.987772039829966308e-01 9.961263207000842224e-01 9.905286385601421717e-01 9.780980086775415971e-01 9.442798689472788887e-01 7.525916730111983366e-01 7.526676596777469586e-01 8.660581159417826136e-01 8.892670404872251577e-01 9.009221371638680420e-01 9.171707815912621964e-01 9.456878137576424370e-01 9.881486560817148712e-01 9.615957198156318553e-01 9.169060039610568147e-01 8.891237040748416476e-01 8.965855214638700499e-01 9.833676396851641632e-01 2.819839644539645640e-01 5.910834083423125405e-03 1.743520962071259395e-01 8.329482957889955408e-02 -1.891885849954308418e-01 -1.327910252093890964e-01 6.407524156031346729e-01 2.940143994117894177e-01 -1.059738749089769588e-01 -9.061248399265315889e-01 -5.444262168305270821e-02 2.971047897487707479e-01 5.839048462537419493e-01 3.062670869268707772e-03 4.679487317368022370e-01 5.564567007322052117e-01 6.228806214032793775e-01 6.651133841968577265e-01 6.962680910245795385e-01 7.220263297446164463e-01 7.465623781513681667e-01 7.755384831249777511e-01 8.226849142173654483e-01 9.301322690542559446e-01 3.916718278834236400e-01 7.644665120894091892e-01 8.874327397538037676e-01 9.224938909614409654e-01 8.165748016154699140e-01 7.768849573304112965e-01 7.747538152605371042e-01 7.872514440885826081e-01 8.028424615266467335e-01 8.171548633714544874e-01 8.286675253119241136e-01 8.367041826106129676e-01 8.408454707996775301e-01 8.407334734111503449e-01 8.358569030342448691e-01 8.252613227135818796e-01 8.071128602763357751e-01 7.778457751624309191e-01 7.300860331907104150e-01 6.464250828382135383e-01 4.742681779991118063e-01 -5.620647027787248340e-02 4.213732331024668681e-02 5.363804608782222205e-01 7.408986119128394554e-01 9.228837140624257529e-01 8.258963198982741671e-01 6.014797511175018485e-01 4.493192125205567877e-01 4.141961587021210089e-01 4.802823255213060638e-01 5.810218591131650623e-01 6.790832432612958769e-01 7.667758281047662994e-01 8.473224399287089259e-01 9.260376511940161537e-01 9.930229052275200141e-01 9.168707288909634379e-01 8.535401677895959605e-01 8.061486718320869382e-01 7.747757375540658131e-01 7.554948147144270321e-01 7.424616586069341384e-01 7.302402781194553549e-01 7.146498057031814843e-01 6.921856978153133610e-01 6.584851614354286786e-01 6.057852167151585032e-01 5.174084572138436533e-01 3.497613758055315158e-01 5.878009049155393656e-02
9.998397246626439250e-01 9.996911507230308302e-01 9.994506908483129504e-01 9.990846081620619046e-01 9.985625605419582440e-01 9.978757251185998989e-01 9.970764908110741898e-01 9.963709226458898893e-01 9.963753869996299084e-01 9.990422132616206818e-01 9.875547280664757066e-01 8.922660774322499488e-01 7.580027391325628860e-01 8.347335642221177521e-01 8.127709993306948544e-01 7.624716803765463347e-01 6.967267693007970220e-01 6.235634460048969929e-01 5.420758679767494481e-01 4.380709207240304770e-01 2.242825570383077394e-01 4.668584718088016755e-02 9.486035456504914309e-01 7.932852060023755092e-01 7.686878328429977980e-01 7.962643036947513187e-01 8.929082660242438907e-01 5.990463761070476956e-01 7.939526879392893033e-01 7.890051524499046565e-01 8.954931621784173457e-01 9.545576398576154364e-01 9.909185037745709135e-01 9.774090211261531325e-01 9.467312694105458615e-01 9.147766481056257559e-01 8.799190972243101649e-01 8.410374459162464067e-01 7.995538532623278627e-01 7.717149041605453341e-01 8.898188371815693998e-01 1.980209528131303687e-01 -3.130546530943753014e-01 -1.515001251817585104e-01 4.301898160696490149e-03 7.004266117183099993e-02 5.347161043561517862e-02 -6.546672221679786241e-02 -4.001051754054141818e-01 -5.718480398992509262e-01 1.907943579224897490e-01 8.665597265283009332e-01 3.665399105252702822e-02 3.291798424053754557e-01 9.696264591974994573e-01 8.698820715291368799e-01 8.317016456378630851e-01 8.197370610623219145e-01 8.159496594210506881e-01 8.136709879508933208e-01 8.094162973659475568e-01 8.010329810569069009e-01 7.866583758253041792e-01 7.638895316303819794e-01 7.288131819876212392e-01 6.742529068322955510e-01 5.855853086228376414e-01 4.283426465893110380e-01 9.928403331980503732e-02 -9.047841113695531678e-01 -1.941750930559116295e-02 2.793586553160747332e-01 4.067836050031686246e-01 4.709766761914624400e-01 5.164679414425222825e-01 5.821139690349628193e-01 7.119770060527828015e-01 9.297706092251424304e-01 8.456813100456441745e-01 7.291422204231853277e-01 6.863980305799916026e-01 6.796959595552926059e-01 6.869908454073159199e-01 6.997721711031986702e-01 7.176354711507384465e-01 7.450758726929102016e-01 7.892605553255764850e-01 8.566862036657854063e-01 9.489785790041780356e-01 9.414333587394493330e-01 8.381725496663994246e-01 7.418824756863183767e-01 6.434742355337822461e-01 5.263139369997028583e-01 3.558802766750898683e-01 3.930252243700167736e-02 -8.145583624709067383e-01 -1.057611421199106255e-01 2.230903412291321275e-01 3.545071673290580705e-01
9.999749954990946321e-01 9.998703106564581500e-01 9.996444081625274203e-01 9.992028927242315728e-01 9.983915592302325948e-01 9.969565419544252904e-01 9.944618827246599624e-01 9.900882816978382461e-01 9.820296197792722781e-01 9.649781161187562795e-01 9.085390782178000002e-01 8.034034523537547656e-01 9.899704131642544924e-01 9.344482441274961637e-01 8.184871850790101933e-01 6.149150699610090864e-01 2.427955715597544806e-01 -4.128930996615905458e-01 -9.679008737112918537e-01 -8.737616754672095087e-01 -3.694922401803406031e-01 -4.027370173644789254e-03 2.339921315042443606e-01 4.534354953028802981e-01 9.626793604545205163e-01 6.601175866762143407e-01 7.863834780450313922e-01 8.953447781421398632e-01 9.472107201860805459e-01 9.849454464780860174e-01 9.652913775692565368e-01 9.500340177941796194e-01 9.476591369637007434e-01 9.503888310830934660e-01 9.567668487739824368e-01 9.664196818736046080e-01 9.791529028412637725e-01 9.946347769848727927e-01 9.879626087945364565e-01 9.704953668083881047e-01 9.560081784420380036e-01 9.525965620712174564e-01 9.899320019783854896e-01 8.654217076311632173e-01 4.161045110552974435e-01 2.170917652098307005e-01 5.133828863895643080e-01 6.082481748262109633e-01 6.708810907430508008e-01 7.222367405618573821e-01 7.679576358985122919e-01 8.127147345800116440e-01 8.655505148836797336e-01 9.511754974820016972e-01 8.540694704741723653e-01 1.576194245790286941e-01 8.284562895565250606e-01 5.247340544387042449e-01 6.839308850657762617e-01 6.903772139033828026e-01 6.777566922346557332e-01 6.523053905003142194e-01 6.100011322420271220e-01 5.429252972988252157e-01 4.364253503961306735e-01 2.609991270273021025e-01 -4.932402730638484750e-02 -6.652388703578531182e-01 -4.690726643019585973e-01 -1.469908783076622483e-01 -3.873317768274084361e-02 -4.586817911592098312e-02 -1.556508276978547101e-01 -4.126532667667970888e-01 -9.650647841481471145e-01 -4.261303426591871446e-01 -1.203918459438700489e-01 3.047854629607612414e-02 3.015507415223788595e-02 -4.223810702330410560e-01 7.409396856623814420e-01 5.017341386717664165e-01 3.612457478076986916e-01 2.292180952343103040e-01 5.897647550255993854e-02 -1.917069286676411355e-01 -5.778826617483758810e-01 -8.409033740474172181e-01 -4.470879642946586907e-01 -1.733241820608834305e-01 3.428752876960173279e-01 3.962100357430271003e-01 1.371507177613149608e-01 1.776193530708916613e-01 2.600165770985678471e-01 3.206172814079912836e-01 3.400915000269237876e-01 3.006338188472232886e-01 1.429257921682170196e-01 4.520996274527345760e-01
9.998861639726820405e-01 9.998465154965143764e-01 9.998538419762769136e-01 9.999962887144315804e-01 9.995366326065991958e-01 9.983289801986543477e-01 9.953933639682842616e-01 9.880051867045965830e-01 9.661844349623216477e-01 8.563417918075336699e-01 6.816026715015282011e-01 8.345502453911383123e-01 8.361505174349548319e-01 8.103767586394118316e-01 8.077745110766768599e-01 9.553749367435424578e-01 -6.190900560086508575e-01 -1.146146161065013380e-01 -5.469172312961178006e-01 -5.293764591535597974e-01 -2.129890371329088150e-01 -3.247418453647492043e-01 -5.143861515087490011e-01 3.853877582836725546e-01 7.251337274302078750e-01 8.854101409768020403e-01 9.784294626573325493e-01 9.488262020872978431e-01 6.080368653298391379e-01 8.933845473274292237e-01 9.395518894783976283e-01 9.278631944534090348e-01 9.767476444369670441e-01 9.828723747105891917e-01 9.689968548924072778e-01 9.623470800354279042e-01 9.594871544445429112e-01 9.595949894362074684e-01 9.625566008710114696e-01 9.684705410414309323e-01 9.773684806342104459e-01 9.888616317714782333e-01 9.984906068936377777e-01 9.885183735122263782e-01 9.898100021634517187e-01 9.747984893831902475e-01 8.619698118810916743e-01 5.208512608144775236e-01 1.619475512732485578e-01 5.987259375554809804e-01 7.026460262835574344e-01 7.536081994449610466e-01 7.876895151468955580e-01 8.170857510535594059e-01 8.509278652234083529e-01 9.042003694132200176e-01 9.857606460428695039e-01 7.434499640831734313e-01 3.209410662814619619e-01 6.698443989063860293e-01 -4.993489734223026111e-01 -2.581589269762121219e-01 -1.910551239672719226e-01 -3.407324154550689377e-01 -6.507933995522817705e-01 -8.762490393949999845e-01 -5.631845911118531500e-01 -4.390815223102386144e-01 -4.513476240786837290e-01 -6.079288241924623026e-01 -9.922239635866973995e-01 -5.266079577709530390e-01 -2.057602618336591416e-01 1.233494011566591778e-03 1.327939007340150912e-01 2.131864703623316537e-01 2.566059580245534377e-01 2.708066788173216222e-01 2.599359278129247941e-01 2.300265934534725387e-01 2.078104322939911264e-01 3.157715283448751520e-01 9.473664154995758979e-01 3.178389582098291033e-01 2.524946025348013823e-01 2.813522581711373483e-01 3.112058017205869831e-01 3.260411382178876050e-01 3.258578524829516265e-01 3.185956744293152454e-01 3.233527148140186713e-01 3.766581027173025453e-01 5.306414923484005230e-01 8.439192875300913776e-01 6.839637127311651854e-01 2.226436507911086771e-01 -8.958539114680903470e-01 1.599672182880581828e-01 5.028803588167426453e-01 6.628581511250632996e-01
9.999753913302780184e-01 9.999325271745219679e-01 9.997843376635929813e-01 9.995781857687632277e-01 9.993492273653065139e-01 9.992590107117181875e-01 9.999658558032029632e-01 9.951272931896223417e-01 9.336081775408129335e-01 9.281245479841908619e-01 9.330205314525172877e-01 9.066932788032131540e-01 8.461959795155011843e-01 7.456579123494526673e-01 6.427996631834901331e-01 4.633375077396544306e-01 1.068045881853273843e-01 -1.814177814520981091e-01 6.464749599432449978e-01 1.010684451986407564e-02 -9.563044765372540335e-01 1.999963584782399051e-01 5.456727411695655450e-01 6.917900428693806170e-01 7.737950447670622900e-01 8.302588042345502295e-01 8.741843503386446113e-01 9.111390163382731000e-01 9.483689988317224318e-01 9.882656358630615978e-01 9.807562562764496894e-01 8.997407695437708020e-01 8.993249248942239982e-01 9.186984098008561528e-01 9.620977279964234574e-01 9.872327638184608123e-01 9.697829058273360614e-01 9.592751734423778931e-01 9.521295772632850651e-01 9.478991533370229039e-01 9.473311819791639943e-01 9.522377617156437823e-01 9.654811658397036700e-01 9.895621015244779883e-01 9.792445634006012867e-01 9.572991351168316232e-01 9.611902297233759773e-01 9.963526303325045408e-01 9.337809295812585786e-01 8.064646837290557757e-01 5.599695771956109125e-01 -1.931938324684163433e-01 1.078850377578894348e-01 4.412341146091542377e-01 5.600159112793301475e-01 6.241266822376486667e-01 6.739562079708001363e-01 7.346004111351900345e-01 8.441178254419787752e-01 9.107257443725775836e-01 5.617023207879463520e-01 6.004219619942678943e-01 -6.727135058314308580e-01 -6.087825223196613456e-01 -6.538483565112812590e-01 -7.352098544844405392e-01 -9.039990783786573392e-01 -8.090474999399484002e-01 -5.290331133103872707e-01 -3.001235107361944210e-01 -1.291798706278761977e-01 -1.060955826502716325e-02 6.344492480538675705e-02 9.884872794792438910e-02 9.773037476187669548e-02 5.651812099675420503e-02 -3.759914637159612188e-02 -2.135260007229151102e-01 -5.348887816600393919e-01 -8.590828950804797470e-01 -3.762332238945261254e-01 -1.120332945930595514e-01 4.929297902929618419e-02 1.941957869171118678e-01 4.992368561948901662e-01 -9.922557497444228769e-02 -4.853173077871981989e-02 -1.606942325998460819e-01 -3.560253699490463219e-01 -6.641923501193179868e-01 -9.078929404850583085e-01 -6.225489198328645335e-01 -4.994140717000372653e-01 -4.084334764605851986e-01 -9.428993044989256167e-02 4.656968560427522386e-01 8.043863605316138310e-01 9.211004181168649385e-01 9.735397896571243992e-01 9.574987452971412960e-01
9.995057512003235889e-01 9.993282387134677647e-01 9.991031736873395852e-01 9.988151888540177659e-01 9.984405435918143334e-01 9.979342698480873075e-01 9.971163778344495077e-01 9.921917654833937172e-01 9.994493117822874639e-01 9.988719999732844634e-01 9.944108641429406648e-01 9.827460125232985177e-01 9.542682318709114764e-01 8.890904211245611588e-01 7.976725068075447567e-01 7.238551931806732620e-01 6.651798247853443202e-01 6.559634459173918630e-01 7.088618565917624847e-01 8.140311261355259731e-01 9.804958140885219331e-01 8.143460294969181446e-01 1.935075032542038498e-01 7.793287636538716034e-01 8.368449442374648051e-01 8.537857158357792242e-01 8.702777883936798631e-01 8.906922717386571708e-01 9.114911861396605142e-01 9.310913473911310856e-01 9.496538627057156123e-01 9.681651180183317162e-01 9.887802121004880540e-01 9.704455976521608740e-01 8.018191658726110393e-01 7.376148567659697175e-01 9.749572175164198384e-01 9.170073083507429557e-01 2.257305045230415252e-01 8.127021251169379568e-01 9.048281633792165657e-01 9.401445266156038816e-01 9.617346400546203933e-01 9.782151713672642135e-01 9.924367462268299800e-01 9.947103164245452156e-01 9.836101133431790489e-01 9.754392236113283987e-01 9.734660881378990327e-01 9.894542771086701771e-01 9.154074935649531009e-01 -1.412275190716916484e-01 4.026995200276212716e-01 3.992696744864701608e-01 2.620643056518306424e-01 5.450999590160758579e-02 -2.099595460931928115e-01 -4.930679860013538196e-01 -7.345669699468750924e-01 -9.115384015092035108e-01 -8.590230082368763842e-01 1.390419065105675533e-01 8.001826051269010642e-02 2.557621831723286276e-01 3.867059464696354643e-01 -1.481904737926716398e-01 -2.391170458478942551e-01 -2.109666954544952289e-01 -1.560656294654699239e-01 -1.102973480431061887e-01 -8.898208443871535867e-02 -1.011440460024381899e-01 -1.571848784679867883e-01 -2.757421595454238594e-01 -4.943250995641931267e-01 -8.955245497471751026e-01 -5.895409502921004075e-01 -2.712644962621460487e-01 -7.430169632325619999e-02 4.698266167838751478e-02 1.168172530200693726e-01 1.480043201083544036e-01 1.470253396783420818e-01 1.176598167006887713e-01 6.707394098430914664e-02 2.419087089151517045e-02 1.202092454318938464e-01 7.402027611702087784e-01 -1.683111220476811998e-01 -4.216840916472950340e-01 -7.471717169169107553e-01 -5.810057345346302249e-01 -7.989575604683815668e-02 2.324621601604237864e-01 4.492667915015637337e-01 6.368108115181424500e-01 7.600909802777878754e-01 7.660259946691803101e-01 7.128069634616840400e-01 9.760822689341562830e-01
9.994065732463288665e-01 9.989009725003861195e-01 9.980379009868999285e-01 9.965019212219472511e-01 9.935498152005131089e-01 9.868616514037975573e-01 9.619946048444961706e-01 8.991704945201364207e-01 9.770316407987013063e-01 9.904285629609858033e-01 9.987463507126711493e-01 9.945870383945607518e-01 9.907352811974726725e-01 9.945455417635488127e-01 9.828681107288032015e-01 9.306815165174571192e-01 8.660865641941676296e-01 8.173804097552961334e-01 7.925997805255518003e-01 7.900942374796008361e-01 8.095700895997773872e-01 8.505128043033276519e-01 9.045831017034708932e-01 9.722301154827032166e-01 4.782138630351335240e-01 8.167657155547158876e-01 8.460965598204547300e-01 8.492580919403710515e-01 8.560408247619510913e-01 8.649987967571600711e-01 8.727898019150770459e-01 8.773374475996915667e-01 8.745550515351787624e-01 8.274466515858668325e-01 9.571133504559748983e-01 9.077761658439501558e-01 7.954644197456650634e-01 -8.812493669651465522e-01 9.144224580173453409e-01 9.853354546563461991e-01 9.821017374818307166e-01 9.726428482644293716e-01 9.681733817199783543e-01 9.660491312786059215e-01 9.658674359130370313e-01 9.679187700833831176e-01 9.729221790774413847e-01 9.817011063859230058e-01 9.935441709500436591e-01 9.957360363337335318e-01 9.912053036036497788e-01 9.967356917266242400e-01 9.799379963623990886e-01 9.199561047043132156e-01 7.784469852236215459e-01 4.585033963664325585e-01 -1.892285831013442443e-01 -8.500579496392327572e-01 -4.786568323871083219e-01 -3.955079442384301092e-01 -3.853044197554306161e-01 -3.868701338961163527e-01 -3.363009222299510048e-01 -1.878068299300625008e-02 4.975488162906884226e-01 4.820370469722781714e-02 6.926437443154227491e-01 -9.608961476823584258e-01 -5.865883400127384073e-01 -5.513509978505551912e-01 -6.361540746079678010e-01 -8.347695962250913926e-01 -8.327439725366032608e-01 -5.345045298136534839e-01 -3.116287670571851187e-01 -1.540290572834457916e-01 -4.902366258024380696e-02 1.313162621278874190e-02 3.794547617371982207e-02 2.642536421767200175e-02 -2.538717710268694264e-02 -1.276511717482351205e-01 -2.993778920130004129e-01 -5.730133792102991563e-01 -9.994071337546041045e-01 -6.077961542024203911e-01 -3.855183170894281863e-01 -2.249112724051716972e-01 3.837023251496987641e-02 6.650172979562960496e-01 7.176080955519523741e-01 6.106445625825466239e-01 6.157997123216366608e-01 6.528071780602018315e-01 7.097753537706686933e-01 7.937342360048174061e-01 8.863127685446975379e-01 9.422986104033358457e-01 9.685625339748358265e-01 9.829631992745153646e-01
9.992495898312880875e-01 9.992221017928266669e-01 9.993744631810839163e-01 9.999875637251077753e-01 9.980433881530050844e-01 9.921752373801121516e-01 9.687175950586324191e-01 5.453124012012210420e-01 9.357133228310606787e-01 9.549348357100200246e-01 9.637529799316517654e-01 9.724356873227534281e-01 9.838817422250475397e-01 9.987677297049080138e-01 9.857282329263769016e-01 9.786547462524549656e-01 9.953811948126540798e-01 9.551105430545642205e-01 8.890725184198575715e-01 8.276237335642870896e-01 7.823082297814285546e-01 7.592166496666178377e-01 7.556196511956231321e-01 7.605439830581723903e-01 7.632195177020207888e-01 7.482515791741948252e-01 3.968447499174859172e-01 7.847448631282960552e-01 6.758865280337045256e-01 4.555393195917158966e-01 -2.948600470884120694e-01 6.700448142834476428e-01 8.391535546362518527e-01 9.072365496493364212e-01 9.434411114203611337e-01 9.662997337815558696e-01 9.832166735328957685e-01 9.983198465133364952e-01 9.816639052700182333e-01 9.585274952322093700e-01 9.251557710418835123e-01 9.717272990623557760e-01 9.536500526923289422e-01 9.818359809059526988e-01 9.653928519659273899e-01 9.585514494556479637e-01 9.543750427212549514e-01 9.517043979315583657e-01 9.503349591805407837e-01 9.504490881880542918e-01 9.525603518682974613e-01 9.576551278598118833e-01 9.676510620838040255e-01 9.855665161063679180e-01 9.966629479174373696e-01 9.622143832439552513e-01 8.871261588845750223e-01 7.704257105439744624e-01 6.160288929749102582e-01 4.462685676143341440e-01 2.947240705123136961e-01 1.871015289176539698e-01 1.320793128815609119e-01 1.286755744712403116e-01 1.833719555069956986e-01 3.491633508752417514e-01 9.263607298739908735e-01 1.994901906359189958e-01 9.949505681099558851e-02 -5.232733403333748035e-01 -9.453583817812235557e-01 -6.006981034340297398e-01 -4.050493979495616292e-01 -2.790092556270939994e-01 -2.012808289663593486e-01 -1.654254115345820120e-01 -1.706540369499989773e-01 -2.210236481421077315e-01 -3.266564030176613564e-01 -5.061187173983657805e-01 -7.890667699025311066e-01 -8.245151535068164783e-01 -5.601222775453028602e-01 -4.249856633725320187e-01 -4.030041247995265752e-01 -5.166748396185042447e-01 -8.698893835154754006e-01 -5.284570369318214444e-01 -1.238359283549017309e-01 1.326579027274591704e-01 2.123846471876716380e-01 9.350385262835042913e-03 8.508767130644723231e-01 9.510635705588312838e-01 9.777555766399984583e-01 9.876661401860207246e-01 9.923555841122492227e-01 9.067418616445699353e-01 9.488959091155293457e-01 9.784704656168502490e-01
9.970524075173027301e-01 9.954921204769758836e-01 9.931459910271740466e-01 9.896848360620101870e-01 9.847119851204126917e-01 9.777935066594055646e-01 9.684821858232860459e-01 9.560748683726889574e-01 9.077118275113140733e-01 9.316511235796224311e-01 9.137151762472336403e-01 8.969760387021410430e-01 8.829048036912259256e-01 8.747095157042580338e-01 8.773809046272151857e-01 8.974217703294914417e-01 9.381746318466208656e-01 9.831580385147914436e-01 9.845123091556737815e-01 9.154046680888411336e-01 8.082367130234147101e-01 7.057798649941451341e-01 6.160222586708858916e-01 4.818458075817984021e-01 9.066860474486182486e-02 -4.316728132706974114e-02 5.674210422596928094e-01 7.652632198959608001e-01 8.896730265717810449e-01 9.725357184737333238e-01 5.003399341475027740e-01 7.238398688507944323e-01 8.364407442964563177e-01 8.685609103411374710e-01 8.848100144213163487e-01 8.972111601433641059e-01 9.091012105998708126e-01 9.203687600826897519e-01 9.273677442528847070e-01 9.263408482419928092e-01 9.948679696362342506e-01 9.813041291228852270e-01 8.422833501278691459e-01 9.624475793076358032e-01 9.653179757727381460e-01 9.862988095185586390e-01 9.514446929306674683e-01 9.363287259423317410e-01 9.240955764589168231e-01 9.129666778376550607e-01 9.027911069809536615e-01 8.941086063735549372e-01 8.881640776287994532e-01 8.871796662547418721e-01 8.948246622734395972e-01 9.168651905362692478e-01 9.612473348316379340e-01 9.668500651647737865e-01 9.146617974367059478e-01 8.788651017330403326e-01 6.497968546921647492e-01 4.267118671100287863e-01 2.239814798827625131e-01 4.456506483138451130e-02 -1.216143357327027497e-01 -2.936617314697737013e-01 -4.878760077893551927e-01 -6.708937732518568398e-01 -5.358411964457127086e-01 4.173679027396064445e-01 4.739666472991131974e-01 6.491285663586974231e-01 -1.969346737852054486e-03 -4.038572111503025974e-01 -7.364345261700834255e-01 -9.005503929637620475e-01 -8.903858147100585096e-01 -7.761363140444275110e-01 -6.355266640392018829e-01 -5.200944571547797546e-01 -4.593387315369377721e-01 -4.787798749725528102e-01 -6.264787331389710667e-01 -9.593523180577708809e-01 -4.237629095814253177e-01 -4.690073656421914206e-02 2.051910198269376040e-01 3.765749767403324677e-01 5.022017131197148432e-01 6.129854731015964564e-01 7.318341025888298601e-01 8.335639295738955790e-01 8.815336154758316445e-01 8.638855574485473365e-01 6.887253782706930227e-01 9.616840736030727310e-01 9.850833253507055298e-01 9.927899506302240162e-01 9.997547566959285037e-01 8.390899648147974732e-01
9.973397973581337173e-01 9.949661877930691123e-01 9.910235024353932776e-01 9.846458247838137945e-01 9.745812720887393477e-01 9.590237391186603455e-01 9.351893250218508147e-01 8.978177245671209450e-01 8.320062376876565802e-01 6.449417147678279116e-01 6.510652151303197854e-01 9.689624572868145158e-01 8.463969165007898532e-01 7.531338223417141098e-01 6.602524023463989256e-01 5.584801448647922495e-01 4.402832034812182438e-01 2.957862856971032461e-01 1.204381481017617606e-01 -9.807872326162307697e-03 4.231655142055498753e-01 -3.389070555382274752e-01 7.516637842215156962e-01 9.660332605177832654e-01 8.606060328805369419e-01 8.108159712640052863e-01 7.855592252076802895e-01 7.787358541493146769e-01 7.897563087796646286e-01 8.221558217460840368e-01 8.866972169389969460e-01 9.686112482151264524e-01 9.255622483887517848e-01 5.580851734784488816e-01 8.195570628763897414e-01 8.292062398714225013e-01 8.220751903990257681e-01 8.197779786354748577e-01 8.228368314622239721e-01 8.274273302749851622e-01 8.305756051600707845e-01 8.883821898153676511e-01 9.725611988231210869e-01 9.779217606896489778e-01 8.991743853405700371e-01 9.008181493104151505e-01 9.445297228943414503e-01 9.669473877484195956e-01 8.759766247526894478e-01 8.192542015902333219e-01 7.588626177255518579e-01 6.899038430021545709e-01 6.132200424114476744e-01 6.115008025219385024e-01 6.306665235665260827e-01 6.561983531960045024e-01 6.986100334969338466e-01 7.763624304628344852e-01 9.116020788157107591e-01 7.858797005449720263e-01 5.912734423221421842e-01 4.133433421098123284e-01 2.936891559850380307e-01 2.319558388000541593e-01 2.187303197966707913e-01 2.432110649488742338e-01 2.952425921299881573e-01 3.663804050685806613e-01 4.516646423187558046e-01 5.612804805478981418e-01 8.443481328367430372e-01 7.440298079083517147e-01 6.230367119243536145e-01 7.911667067864738279e-01 -3.522142331179645147e-01 -9.066946795369995593e-01 -7.795916987748434668e-01 -7.661728267600241837e-01 -8.324306537699143194e-01 -9.678307527287727252e-01 -6.519079389436863714e-01 -3.300259807540528723e-01 -5.533767931195884837e-02 1.568804692899434527e-01 3.133732763577041225e-01 4.271106850181591863e-01 5.101699729901851832e-01 5.721300360150746167e-01 6.207466686254945465e-01 6.639498051199331785e-01 7.135254071770006368e-01 7.835258188981912841e-01 8.639545131190390359e-01 9.201401405138138756e-01 9.451920447889351484e-01 9.493016099266220476e-01 9.084857199354072765e-01 9.403977178928168978e-01 9.899887209724183013e-01 9.365442075958390067e-01
9.959965341346770362e-01 9.963129120677718387e-01 9.978352977171446314e-01 9.984316398618316990e-01 9.909026267549665423e-01 9.770813812032218548e-01 9.529392254147172059e-01 9.114165824189290888e-01 8.376698744135085972e-01 6.886362796396698904e-01 2.267974063421550335e-01 1.979342983350537155e-01 6.896845465889376303e-01 9.255659150658575030e-01 8.272262929165519196e-01 5.324332327653751307e-01 6.241905747830076012e-02 -9.682341262050366826e-01 -1.192849567926017873e-01 1.369787978089834490e-01 2.197475435626155826e-01 1.318990063996899609e-01 -1.757807247438237241e-01 4.068299624624160393e-01 6.708835548151079742e-01 8.788883288310751496e-01 9.982495125253699753e-01 9.128003690646862012e-01 8.468888219524353111e-01 7.923995041395441863e-01 7.479008689711946767e-01 7.205777111460652806e-01 7.571065141799370179e-01 8.556235779558654109e-01 9.743567666346603096e-01 8.239546719104265948e-01 5.709777934270290345e-01 7.017237562044584820e-01 6.999874559669085894e-01 6.979596439749646830e-01 7.087968437627615303e-01 7.384376553202047777e-01 7.896770424583973158e-01 8.585132181358343662e-01 9.416550471204455652e-01 9.383806371088824205e-01 6.783818295130145115e-02 7.949469464447446176e-01 8.824504035182619832e-01 8.046810048760671963e-01 6.037585613748124302e-01 4.532998763900986661e-01 1.112406767642637739e-01 -9.799237787581133174e-01 -1.768754804315144161e-02 2.309559857185858878e-01 3.352301269550866381e-01 3.957233731962433443e-01 4.494512036062744964e-01 5.670654205710377038e-01 7.461506223511980007e-01 9.501445382718795019e-01 8.915300807865467192e-01 8.365852189407660955e-01 8.629230815952705358e-01 9.457882139538665855e-01 9.425721887493627715e-01 8.431802590606282122e-01 7.677072731369226632e-01 7.167987500195962536e-01 6.917515985961097957e-01 6.987797012325518420e-01 7.525324187042469193e-01 8.873789367318513088e-01 9.113593059793770879e-01 9.435926799788719732e-01 6.927466534656218089e-01 4.276785429794407456e-01 2.976654103641064864e-01 2.534812586273711976e-01 2.782229477687417352e-01 3.393852736076498622e-01 4.110634051618839990e-01 4.814756660067722738e-01 5.483292775123635998e-01 6.082921429879801778e-01 6.554646042240606096e-01 6.866134265040896301e-01 7.014078807948294081e-01 7.007658669262930573e-01 6.866243663983880863e-01 6.670560650111356793e-01 6.616548223001144091e-01 6.651588378136706892e-01 6.671926994970778235e-01 6.693272356128986411e-01 6.831143004831664589e-01 7.173092853199810603e-01 7.754599982837560024e-01 8.707906488021053271e-01
9.821159065942917099e-01 9.765464723654716517e-01 9.703691940652118264e-01 9.640841281418671693e-01 9.585449903233399516e-01 9.552591681097588605e-01 9.569683159318445043e-01 9.688621903042761163e-01 9.985130953460751302e-01 9.274543249033374570e-01 7.978057625688685928e-01 6.125625051037911772e-01 4.600335398393387565e-01 4.542587537546560750e-01 5.650175153487219104e-01 6.989475557706658071e-01 8.145956978273540816e-01 9.108015227638392997e-01 9.943807478682119561e-01 8.807537705077919110e-01 7.860054205429836127e-01 7.154871496584312984e-01 5.896053964619464294e-01 8.589455091925968233e-02 4.603913767028773307e-01 8.776711781095593023e-01 8.126535561026898558e-01 2.855952485066143298e-01 8.880639493730512202e-01 9.956478744587481389e-01 9.304430681507538381e-01 8.636167172413463655e-01 8.040822804110341337e-01 7.575199060306956333e-01 7.270433080223837052e-01 7.143126952493458193e-01 7.701260082429527420e-01 9.994774864488942256e-01 4.147101309542349235e-01 2.413133088519753000e-01 3.816843118422648673e-01 4.075923432710368277e-01 4.134617673443268804e-01 4.030919497767440074e-01 3.605786918676064379e-01 1.976586932963999288e-01 -2.548043575721936072e-01 9.257523102468170340e-01 8.298833361003423725e-01 7.470731233529777082e-01 8.154219329305368857e-01 7.172123737042578329e-01 -4.722757026870343378e-01 -7.492843458717195204e-02 3.850282102633289377e-02 3.452154722832691952e-02 6.392653186813359797e-03 -2.778980249002684783e-02 -5.493441906969074445e-02 -5.926740206008983963e-02 -2.242675260837132326e-02 8.121401248369027048e-02 3.040261931379336091e-01 7.134603914032159322e-01 8.176554879489116301e-01 6.764537317655117121e-01 7.418145758258634093e-01 9.637008259845525338e-01 7.047486293239131339e-01 4.111461591801752746e-01 1.872628490484464225e-01 4.711824015207519145e-02 -2.574767321289122852e-03 4.605787755967588604e-02 2.037169995966499059e-01 4.838931842771369007e-01 8.655562055962043866e-01 8.951246312559131280e-01 9.523871812406183857e-01 8.631807325021721988e-01 7.345929517636899941e-01 6.868845515791793810e-01 6.909088939590928291e-01 7.148740961598015753e-01 7.385230760116801019e-01 7.535861524232256858e-01 7.579664480918472114e-01 7.512380576531041410e-01 7.326278886075484609e-01 7.004896944037837248e-01 6.528076882046764950e-01 5.894555487114414571e-01 5.204871367123232728e-01 4.672039052671507764e-01 4.045319372879946362e-01 2.966974641518216327e-01 9.034133809156463801e-02 -3.789724110631109144e-01 4.807062330413374163e-01 6.462060103781094855e-02
9.698021999173254137e-01 9.569099483880830759e-01 9.408133098430901953e-01 9.217662618392256091e-01 9.002344486959399372e-01 8.770744134322925323e-01 8.541466553205524503e-01 8.352966102101133661e-01 8.273325653898574439e-01 8.397322415464076872e-01 8.806624556317761421e-01 9.488858525239476371e-01 9.717391528091267050e-01 9.091042490262609688e-01 8.710061629497153346e-01 8.534906929392924724e-01 8.510743365580659692e-01 8.605847158946959841e-01 8.837058380777631506e-01 9.308947064784978132e-01 9.915723489824277426e-01 9.272440578916688603e-01 8.874566130298547906e-01 8.436628520740568904e-01 7.586755971111371899e-01 4.392575998747942356e-01 4.552966082719331342e-01 8.091952943413948107e-01 9.534209122555294957e-01 8.891939598371196851e-01 4.939268799287973022e-01 8.638952379745094001e-01 9.991148476871445361e-01 9.123975552494119068e-01 8.298521397653412235e-01 7.546448859368362072e-01 6.926715968890497788e-01 6.458499332502817269e-01 6.186401896035997883e-01 6.725839464573142301e-01 5.955564806494501040e-01 -5.792051994458836672e-01 -5.060961773416934595e-02 -5.600433674196185485e-02 -1.527253997761702786e-01 -3.453429946088770741e-01 -7.489975450454126049e-01 -4.925397299905440729e-01 5.594735835161023657e-02 5.170622169747071117e-01 9.234690110820340525e-01 4.803048591895173192e-01 2.121814870073699122e-01 6.600059776227285013e-02 -3.344388881281317172e-01 -4.548668993862930998e-01 -6.605277255633260625e-01 -8.876989243398696328e-01 -9.416031450459124708e-01 -8.714784775194028832e-01 -8.752971669976631341e-01 -9.287975935314504161e-01 -9.897841309124763010e-01 -9.214374389423738432e-01 -9.766951132047434481e-01 -5.138609129833608957e-01 8.291804085972366289e-01 -1.120494468453926834e-01 -2.472827289415793495e-01 3.515726355013440441e-02 -8.482693778674398055e-02 -7.105452376202809894e-01 -8.713019178324565850e-01 -9.095281470367579946e-01 -9.040200215900601188e-01 -8.989567414012453739e-01 -9.306091063941638319e-01 -9.826362886917665573e-01 -5.362079175378173801e-01 -5.613886362735676094e-01 3.955945171177290276e-01 7.897074107340653626e-01 6.511719984495443203e-01 6.275779007347335181e-01 6.342924548081220193e-01 6.369961546224255367e-01 6.213558929281006726e-01 5.844810920609688765e-01 5.241477825993846595e-01 4.368166309423481275e-01 3.188315006194132328e-01 1.686954605700298204e-01 -1.419793133290250635e-02 -2.635245097125802349e-01 -7.208964449939140318e-01 -5.698375629179285307e-01 -1.944866769626826530e-01 -1.845151957042671844e-03 1.011905079606657404e-01 1.549473919606027816e-01
9.704061737874059013e-01 9.548513180331796857e-01 9.338934706012247400e-01 9.075546206695793705e-01 8.767029227760059218e-01 8.430843932717817513e-01 8.095889722948383938e-01 7.805913147952743270e-01 7.616964506257807299e-01 7.582841895440479707e-01 7.731726591602328114e-01 8.049556778095789955e-01 8.484767760264774195e-01 8.970789014875787393e-01 9.448503483900834166e-01 9.876087202908148122e-01 9.777947933685858795e-01 9.538100043614593515e-01 9.403195325243703939e-01 9.374980092835620837e-01 9.465093415195037219e-01 9.706454877558727823e-01 9.845725464095341772e-01 9.300874848420717100e-01 8.985842716438101618e-01 8.750953028201283734e-01 8.300296098810274747e-01 7.082288817672354186e-01 -7.593979768291217458e-02 5.841908588753055298e-01 7.846597101228343085e-01 8.950432099203056158e-01 9.153724901991321383e-01 7.830178030324442817e-01 5.244966535830546395e-01 9.472979577387018457e-01 7.926311678278840089e-01 6.592667196576640354e-01 5.332452180569853262e-01 4.142231103449951490e-01 3.021893037151790473e-01 2.012000306211367273e-01 1.573636987420477251e-01 -3.018373021720496818e-01 -2.501433443242070953e-01 -3.945848929041085862e-01 -5.676821111655928620e-01 -7.735512658654063456e-01 -9.862756714773979194e-01 -7.886181266362836118e-01 -6.856969331721811667e-01 -6.923923982505628683e-01 -9.422588626686967395e-01 -1.585524430299349863e-01 -3.719916096961780050e-01 -4.278038223227208503e-01 -8.769662388185761603e-01 -7.404011966235154452e-01 -8.432389097899277708e-01 -9.219629482484753558e-01 -7.408651217448828374e-01 -6.153497095255539007e-01 -5.345007341512074683e-01 -4.918974433424920245e-01 -4.808271396134355391e-01 -4.888721033867116095e-01 -4.820522350904685172e-01 -3.531446139611954527e-01 2.359740489405401098e-01 4.195919158169950092e-01 1.886082696126980263e-01 2.009196190869494414e-01 2.718244024493942090e-01 3.790647621222943409e-01 5.519745151334962685e-01 8.699193377539877758e-01 7.108553965060310231e-01 5.282401281598910758e-01 5.058189834484729808e-01 5.063658626050059341e-01 2.526647200930338122e-01 8.845460674041646376e-01 8.886577327985595298e-01 9.372662632044299613e-01 4.187234570548933332e-01 -2.135675122563229777e-01 -5.459343424483328322e-01 -5.543908229296332646e-01 -4.536928916703291681e-01 -3.760712989705921605e-01 -3.874108251541471537e-01 -5.368652115174710193e-01 -8.332741979984230607e-01 -8.070505893847130796e-01 -6.235475411892227315e-01 -5.499169304114098766e-01 -5.402269140487365728e-01 -5.808944806783662429e-01 6.586235878787964904e-01 7.438848392290506872e-01
9.816323128059464276e-01 9.698367633431193013e-01 9.529711450839661868e-01 9.304240738294574653e-01 9.020974058667803330e-01 8.686948351940287916e-01 8.321857832553299916e-01 7.959903081947590220e-01 7.644946314697812495e-01 7.419471912854466167e-01 7.312610875564594659e-01 7.333778855006666264e-01 7.474427626800866920e-01 7.714766312361049927e-01 8.030380757711111928e-01 8.395959904172097810e-01 8.786400309326594105e-01 9.176922148674806490e-01 9.543553347117073038e-01 9.864425894790558313e-01 9.880076020767750711e-01 9.708081081574613247e-01 9.623057131696358679e-01 9.631808450506071928e-01 9.756660661527676304e-01 9.940782976300329699e-01 9.350779951750135544e-01 8.501436432621901629e-01 8.174078366454636813e-01 7.767235334110638156e-01 6.683081857737103171e-01 3.267098679546747153e-01 -1.191747117055941690e-01 5.376337444449769132e-01 7.221116722543751143e-01 9.376460007556900456e-01 7.892389393299750200e-01 8.505646315907795518e-01 8.109670044204486672e-01 3.157897281121094801e-01 -3.116541544115105158e-02 -1.937583810643848103e-01 -2.378553326012564362e-01 -2.012293851703008118e-01 -6.472742721672204713e-02 6.549329924981287521e-01 -3.727855476885141850e-01 -9.212026622536522158e-01 -6.815278547108665208e-01 -6.193718071281005821e-01 -6.202460015146905592e-01 -6.702994901627344904e-01 -7.961432177388582110e-01 -9.259334330585831108e-01 -7.997004147991551015e-01 3.924278676374542418e-01 2.999072603587934482e-01 3.509580880828885308e-01 8.743967341103962010e-01 2.546614067552330218e-01 -1.762563765319184739e-01 -4.859146653088615153e-01 -6.384892072194504609e-01 -6.467252024123043563e-01 -5.650419900486990388e-01 -4.472545641367928204e-01 -3.303015987494171690e-01 -2.350703429437625558e-01 -1.727745295380924695e-01 -1.530239883567124370e-01 -2.020230022130119762e-01 -1.664864664236692660e-01 -3.248156586420450354e-01 -7.549625417775126524e-01 -4.511526902387694160e-01 1.149944752030358786e-01 5.188069100258658750e-01 7.947963565622063742e-01 9.640820463577666199e-01 9.428341081098040588e-01 8.973371693517750991e-01 8.760696966994632184e-01 8.731442844727048680e-01 9.891337583888405449e-01 9.852324711463049667e-01 9.909110326698010729e-01 8.607693838012649978e-01 7.459461423785448408e-01 7.345073939226109960e-01 7.461954950711991996e-01 7.378168613412102728e-01 7.234577353929957377e-01 7.134860622808947284e-01 7.073321048236638209e-01 6.984676677839991576e-01 6.747426141984019798e-01 6.133170912167648092e-01 4.629907118934596943e-01 7.320545794559987773e-02 8.110163189636080405e-01
9.966450230393774090e-01 9.928255330730255679e-01 9.865003696693703805e-01 9.764919108514827917e-01 9.614030820934633681e-01 9.399257745600341218e-01 9.113175647947545643e-01 8.759874794930304631e-01 8.359893777069784537e-01 7.950857173536580724e-01 7.581382731841246336e-01 7.299795868479955763e-01 7.141316363885821250e-01 7.117392597105799412e-01 7.215976093603790886e-01 7.414265988672970042e-01 7.689496270497035990e-01 8.021571495804598051e-01 8.391896791042536830e-01 8.781913462474097987e-01 9.172509358791424150e-01 9.544489817543443388e-01 9.879701384520200858e-01 9.840640335894672575e-01 9.636917786208153425e-01 9.514953450588152783e-01 9.484553801539855611e-01 9.567044459191818007e-01 9.806375628570140890e-01 9.715707260255346256e-01 8.920433100125230164e-01 7.747086579020172614e-01 6.447485525628239289e-01 6.072804133865259413e-01 5.451407883660711606e-01 4.475861684025846943e-01 2.149166567208004031e-01 7.525758914864628946e-02 9.014690036197789968e-01 8.022127638278199191e-01 8.286439360802326792e-01 8.461518569368433607e-01 5.385520274237713956e-01 3.047443305436366434e-01 1.371536229770470849e-01 2.043219791869626753e-02 -4.396276304697775000e-02 1.899516323215301450e-02 1.863856668461739141e-01 -6.462492705109296187e-01 -8.071715003319067661e-01 -7.231810936300580028e-01 -6.067106492895454339e-01 -5.049470259219911439e-01 -4.413152868214763047e-01 -4.603200848834685388e-01 -6.976163124999016363e-01 -2.816361456919546646e-01 9.136280376242681411e-01 5.584536664284062146e-01 5.874882541488983811e-01 8.181798440918026660e-01 3.826385590423788674e-01 1.956925411764896539e-01 1.099540380123456146e-01 6.960734575550210634e-02 4.146299297862750949e-02 2.534500963548482616e-03 -6.846756785106472565e-02 -2.041325730475824773e-01 -4.846482859677799793e-01 -7.997900191774190981e-01 -7.325351409499869515e-02 7.346283102047572733e-01 -3.105758371767712855e-01 2.523299930080364351e-01 4.710604261387357217e-01 6.840035552331339419e-01 8.299060522428015618e-01 9.246535306301173485e-01 9.833066292185362878e-01 9.805776025275834140e-01 9.576013380380493656e-01 9.403210199291957005e-01 9.379778499545190495e-01 9.650897182758493287e-01 8.961190268591914254e-01 5.486902392719359423e-01 8.098021747393108205e-01 3.696201460144342144e-01 1.016110216657547943e-01 -2.288338642906665235e-02 -1.412241182051995614e-01 -4.695631290116810130e-01 -3.855460282758501056e-01 3.382007856062088647e-01 6.852004369086407420e-01 8.775505100009085568e-01 9.972469102258770812e-01 9.078922677222958093e-01
9.951520019120231320e-01 9.939245433384183981e-01 9.932084862434652495e-01 9.937077410950746481e-01 9.964741021280862920e-01 9.970711011369790544e-01 9.852789291511716563e-01 9.663041654138150305e-01 9.381257354709996443e-01 8.990313000510515851e-01 8.495926296434713754e-01 7.953917856411377718e-01 7.466540113933844980e-01 7.135747921672305205e-01 6.981725753663365897e-01 6.956498198440815850e-01 7.024468969995876222e-01 7.168906438235540524e-01 7.380094207903147296e-01 7.650061285329280425e-01 7.970568646399328605e-01 8.332155795905848983e-01 8.723684477965825135e-01 9.132237906848416076e-01 9.543148576314861575e-01 9.939710751382087039e-01 9.706804540148035176e-01 9.429647202826950680e-01 9.247132272266360697e-01 9.187308751248010052e-01 9.294083875840384312e-01 9.634339999777701280e-01 9.703657625650561336e-01 8.743227225530169067e-01 7.589057320459041689e-01 6.398670977600271481e-01 5.341037944099401580e-01 4.561812150290375789e-01 4.249725750216636899e-01 4.868723198490183535e-01 8.539738823946323443e-01 3.055351501949252757e-01 3.708896532693444215e-01 6.903152172842245138e-01 5.375115847437854644e-01 -1.106263867090823277e-01 -5.796343615111033687e-01 -9.342123370893418155e-01 -8.436527182338334763e-01 -8.387089870489417009e-01 -5.236628217269961860e-01 -3.140555297229161158e-01 -2.540394769666360908e-01 -2.649288227328057688e-01 -2.876761067513438630e-01 -3.358750650484434996e-01 -4.274519632867004315e-01 -6.010932279053182725e-01 -9.861803706046865514e-01 -3.885494607353495722e-01 3.633252373515716283e-01 6.205092053766515514e-01 3.613894620022689574e-01 6.927576540807806049e-01 6.090937741539660388e-01 2.571606138454164414e-01 3.681785204595759003e-02 -2.091057259496642839e-01 -6.266612606666942531e-01 -5.906841836108333021e-01 -8.735220935702887879e-02 2.164601068856389365e-01 4.233175957511703391e-01 5.832124667547849972e-01 7.430496159145144608e-01 9.379396628225420418e-01 6.886034265214027172e-01 2.408675115417721335e-01 -1.718836118385374534e-01 2.747902748518601390e-01 3.562283109295157901e-01 3.561697544704630070e-01 3.088346451417835481e-01 2.065357798386951438e-01 2.644691346427475477e-03 -4.926248027582358358e-01 -3.319444317058309335e-01 1.883155590971307136e-01 -3.434606333327675648e-02 9.860362331730732066e-01 9.865869466324220793e-01 8.479568533151256027e-01 7.877290914780606945e-01 7.670288776696746469e-01 7.719543180962658013e-01 7.947984556292904124e-01 8.275464221624154737e-01 8.638782161658699055e-01 9.004205198053994996e-01 9.364238616507107871e-01
9.953009307050034726e-01 9.929009569859862383e-01 9.900614867706314381e-01 9.870328410198567770e-01 9.843251767626177706e-01 9.827590539731427821e-01 9.834789600536608667e-01 9.879568812585357573e-01 9.981171153120745876e-01 9.833426341511369850e-01 9.522377212804365998e-01 9.025299542433838917e-01 8.348415213468912688e-01 7.668893776891436698e-01 7.220906249106345820e-01 6.968979247858940740e-01 6.809849525753783883e-01 6.720487649758617454e-01 6.697781762555211627e-01 6.740995223967675143e-01 6.849252712882778482e-01 7.021495988322918880e-01 7.256726781303269869e-01 7.554176947918362917e-01 7.913334011615744679e-01 8.333690794993157125e-01 8.813890924698212226e-01 9.349644191343619015e-01 9.929418688348994326e-01 9.499703468020219699e-01 9.019104465287649530e-01 8.683157017194357286e-01 8.570874548759077616e-01 8.802215545646983053e-01 9.571876069920485230e-01 8.900962432351690046e-01 6.863401078205787487e-01 4.568219153480191363e-01 2.197294643369710199e-01 -2.183694579403335986e-02 -2.860184159653439973e-01 -6.410712722169998878e-01 -6.753543842082814219e-01 5.140742629776976491e-01 -6.593358474402707392e-01 -3.474840860016057964e-01 5.601455949478832963e-01 3.391016523445231634e-01 3.959627139836818799e-02 -8.747236395034625744e-02 -1.721453063433084907e-01 -2.677405103668604180e-01 -5.518851747095926408e-01 7.864227849346453469e-01 -7.302246519860335905e-01 -8.736825586078023065e-01 -7.965634807922455929e-01 -5.335677333106833009e-01 -3.328235442468798211e-01 -1.792635963386449705e-01 -5.896993885265847113e-02 4.594584396879593940e-02 2.246201053989122509e-01 7.766744397291303059e-01 3.057230996256276034e-01 1.959914935451999574e-01 1.148602015441198970e-01 -4.358870904189975914e-01 -3.456841373671292600e-02 1.829266516239401452e-01 3.319759415333818908e-01 4.405972065294420648e-01 5.220511026977959768e-01 5.843302422040825839e-01 6.326115718508527053e-01 6.708033136370898930e-01 7.253983231608641669e-01 8.903966992240671674e-01 9.289894757150565230e-01 7.241769549317547128e-01 4.705598764543680312e-01 2.629139058202974999e-01 2.073820475649451323e-01 2.753363647131327197e-01 3.859357810946198453e-01 4.945093105192262528e-01 5.902041087393167240e-01 6.800603981953367017e-01 7.848647126962821075e-01 8.983408680234429289e-01 9.611991049938686249e-01 9.968239298728059916e-01 9.973602704612340997e-01 9.891193523288983602e-01 9.643154348326625769e-01 9.068771591964123191e-01 8.421232388221840948e-01 8.250723681127428710e-01 8.274003709426914766e-01 8.318782054193596398e-01
9.984874039371574028e-01 9.970461267131818239e-01 9.949979414148698575e-01 9.922628512041169468e-01 9.888939476813783935e-01 9.851583093076758946e-01 9.816057370100755852e-01 9.791069720862878301e-01 9.788641761290270971e-01 9.824617600318635846e-01 9.922272255162747356e-01 9.873293248818796330e-01 9.465699999856476143e-01 8.733916077000806188e-01 7.877017215296389097e-01 7.342498069726588472e-01 6.969199942221154798e-01 6.638689239672252995e-01 6.350870626438189781e-01 6.114055445968067382e-01 5.933820597889040149e-01 5.813222729350695506e-01 5.754258225203060517e-01 5.759326292591292473e-01 5.832602947961156303e-01 5.981462395014169875e-01 6.218122675930330967e-01 6.561672734481651670e-01 7.040560646988300864e-01 7.695396435324819429e-01 8.581277026781163331e-01 9.767041972090308999e-01 8.830879665340343188e-01 7.528809416432947765e-01 6.451058340352603393e-01 5.771820038161463717e-01 5.917240316210594653e-01 9.270021600318946176e-01 -3.144695157901333249e-01 -4.895814096232957158e-01 -2.899633562692081057e-01 -2.235533325458358145e-01 -1.804496927052410549e-01 -1.271523389753311251e-01 -2.810771197531149873e-02 2.315335371872646042e-01 5.823909451901662093e-01 -4.629914098483950413e-01 -5.647190030033899522e-01 7.639658811259205651e-01 -4.119063571211600272e-01 -8.973448653464163316e-01 -7.201358049544694939e-01 -4.862426853665098303e-01 -3.370828263445248552e-01 -5.122688114024535055e-01 -5.013193422475599181e-01 -7.736201906880432744e-02 -2.078733006534920491e-02 -2.173131997258213963e-03 -7.230036283371505529e-03 -4.169453020155928363e-02 -1.178056304399257848e-01 -2.644034669901266232e-01 -5.780264919735275120e-01 -4.841122448298607051e-01 8.197278198780985070e-01 1.700563765049842579e-01 5.581974823177612288e-01 6.699888996112087769e-01 4.677648018692506793e-01 4.426033009589671052e-01 4.494590981863227919e-01 4.551163645413459080e-01 4.545485469158379588e-01 4.502060113970347000e-01 4.437141167647767892e-01 4.347079793720151075e-01 4.296859689363300983e-01 4.560585667105731544e-01 5.841951994430005790e-01 9.158514454808821537e-01 7.180799560773248880e-01 5.822964855071959267e-01 5.509350241808197435e-01 5.522217130976538879e-01 5.612945623305405363e-01 5.723723379607176254e-01 5.870491982360506178e-01 6.113534674552892900e-01 6.586724176875830006e-01 7.590021394761047313e-01 9.142721846119048479e-01 9.982476391767231005e-01 9.636295030895968283e-01 9.859248794030724961e-01 9.638637212347070937e-01 8.956342074494848537e-01 8.411998278617606184e-01 8.057042751706051664e-01
9.984823502209697610e-01 9.982775497685165700e-01 9.983137755817749204e-01 9.988097026211446572e-01 9.999961348159268626e-01 9.979105828683757506e-01 9.948766407460786221e-01 9.910654209240733481e-01 9.869631535853530258e-01 9.834357475469741594e-01 9.817925582061705070e-01 9.839772236381559845e-01 9.934517499240509419e-01 9.811008644077109375e-01 9.187696663612862080e-01 8.193503066001310842e-01 7.506621404390197982e-01 6.967220162839179443e-01 6.409157953202534452e-01 5.843753023008519953e-01 5.290800889270268481e-01 4.764331116452263926e-01 4.272020798455848922e-01 3.816685301351480097e-01 3.398195966144675340e-01 3.015330936427550457e-01 2.667472292423391789e-01 2.356274928682455527e-01 2.087578334789610413e-01 1.874068287734249882e-01 1.739916160523094779e-01 1.731436091579471037e-01 1.951994346212939657e-01 2.753257551487532373e-01 8.825599308494245232e-01 -1.436104042160448180e-01 1.130389461221794623e-01 2.710098030458321650e-01 4.549675873165870965e-01 7.107766380004844065e-01 9.005759632057847019e-01 5.461228995419070698e-01 2.875603281339299544e-01 9.512908146309920210e-02 -4.995655939280198299e-02 -1.566596740452174674e-01 -2.224167067367643913e-01 -2.191869706607812440e-01 6.667907306878324836e-02 -2.869760710709640117e-01 -5.748846756574157446e-01 -9.419898619923579297e-02 9.887262515784155381e-01 2.713516362735814424e-01 1.294476952328787178e-01 9.023711462504944991e-02 6.851518367228805195e-02 4.322004270029523171e-02 -2.197166549723099105e-01 -1.001713944534607659e-01 -2.065851285751781896e-01 -4.327497639903322701e-01 -8.661754971866825192e-01 -5.145669162204024039e-01 -1.156335614992766575e-01 1.604244366746165606e-01 3.806608053049228557e-01 6.114487207576967398e-01 9.788266624008539196e-01 6.093437123189754390e-01 4.839345858711495141e-01 8.252722525253398667e-01 3.666714796152580891e-01 2.088562900305553915e-01 8.010584001713250135e-02 -9.029937120918191118e-02 -3.753223414384575518e-01 -9.479951547525197197e-01 -3.880227732067999535e-01 -2.894462251704224554e-02 2.009858679243667345e-01 3.799529920175526154e-01 5.619513939317900553e-01 8.526248463272075861e-01 2.246751446046301171e-01 -1.377553794077806815e-01 1.401938778072542024e-01 1.794733756528802682e-01 1.597971545073192667e-01 1.143484704666958007e-01 5.072109482075064235e-02 -2.338185637842008294e-02 -8.483273513160277668e-02 -8.192235442290782266e-02 5.626734414638570603e-02 3.690830474851879983e-01 9.127333025033163016e-01 9.053377519729880474e-01 7.730760070678336371e-01 6.588483802194433636e-01
9.975175770063537950e-01 9.962840177256231389e-01 9.947986306668138434e-01 9.932055137545864332e-01 9.917567179723371096e-01 9.908026050695583065e-01 9.907441191020017746e-01 9.919502998469844623e-01 9.946550830588843928e-01 9.988460931714192581e-01 9.958697118360729794e-01 9.904088153695943531e-01 9.863100141190683789e-01 9.862187101929081878e-01 9.957797127294637507e-01 9.690881152172015067e-01 8.819380562605891871e-01 7.853939950697703676e-01 7.133049794531799437e-01 6.334820791128397133e-01 5.424698218288919183e-01 4.425859361583176499e-01 3.365114962862094106e-01 2.263116190923921411e-01 1.130827814242244683e-01 -3.136387528765311947e-03 -1.233757882458663413e-01 -2.498667666032983736e-01 -3.865730331186205126e-01 -5.406652710332021661e-01 -7.263804989575939342e-01 -9.760205341181819039e-01 -7.253469522512990819e-01 -4.375957770351567855e-01 -1.306290252743683711e-01 2.181623953184065323e-01 6.156393394551722409e-01 9.656796817681947420e-01 7.119934434498619291e-01 6.161500457416985155e-01 6.142204367362725792e-01 6.955531905465518472e-01 8.861635795185065501e-01 7.859631232129503653e-01 4.737813609390945646e-01 2.246924754437258642e-01 4.605806083137434920e-02 -6.832569789450380904e-02 -1.284900053171068313e-01 -1.398149070207848343e-01 -7.233885666278529192e-02 6.687195377706075528e-01 -9.634347449794158358e-01 -8.766927043810132103e-01 -4.698239362792205887e-02 5.576701466388488404e-01 6.178759557761374227e-02 -1.480843819684487250e-01 -3.749792770597577540e-01 -7.544237740098768130e-01 -5.364197661134197936e-01 -3.511117618556771069e-01 -2.649077745871230571e-01 1.711918403192107252e-02 1.804413401145115448e-01 2.957404052396050420e-01 3.835484709016879767e-01 4.571584987819333201e-01 5.315895645882037224e-01 6.363844029097365240e-01 8.355404751294657206e-01 8.280092590944692077e-01 7.466166416881748757e-01 8.389842204187899499e-01 -1.868741177406794962e-02 -1.742963165934750813e-01 1.225301416960685869e-01 2.449611298419387406e-01 3.220956992896807369e-01 3.753640411435922863e-01 4.127251255215325099e-01 4.400555195981934453e-01 4.645230583377613631e-01 4.991334790029075541e-01 5.705578994006765825e-01 7.326113382031765875e-01 8.807693987838313143e-01 4.240310202696289110e-01 1.318308808461754467e-01 4.026566070448612394e-02 8.279413488634983220e-02 1.727333102514926888e-01 2.655508735846119350e-01 3.488891173796906942e-01 4.237378730286878170e-01 4.965931378432074661e-01 5.792036651826019122e-01 6.971906885888049521e-01 9.825532052047020182e-01 9.026291432769499856e-01
9.985872121330557905e-01 9.974718750287024926e-01 9.958663231414753847e-01 9.937342316056334557e-01 9.911403262114393264e-01 9.882980683340123473e-01 9.855864707110606471e-01 9.835156506654768593e-01 9.826455241752349856e-01 9.834828983249118695e-01 9.863792777453794791e-01 9.914291522319007566e-01 9.983446393692935183e-01 9.937777452412968060e-01 9.868022668983463808e-01 9.841893024095006437e-01 9.938527387271074431e-01 9.637732032639532154e-01 8.689840798592980420e-01 7.682903564480398906e-01 6.758108679070131686e-01 5.650503656770613503e-01 4.310393516962941485e-01 2.763525230215699291e-01 1.065248033745894440e-01 -7.163931665933229165e-02 -2.514000552964835711e-01 -4.270960865678048446e-01 -5.948566887981100448e-01 -7.532006753461346626e-01 -9.037923556320970331e-01 -9.499054733052459953e-01 -8.242348247841677633e-01 -7.081206249170435285e-01 -5.849236847036770603e-01 -4.394258221818871379e-01 -2.565325103505897708e-01 -2.097091858875534467e-02 2.821617959046359148e-01 6.640798452989525869e-01 8.929882754714812965e-01 6.260127688116980949e-01 5.113997838809587471e-01 5.030097757561360350e-01 6.140557341897576737e-01 9.158111003116918836e-01 6.338272486803396832e-01 3.390092796058707392e-01 1.789302431997369935e-01 1.038690647542698103e-01 7.754878696153547080e-02 8.352847895827794633e-02 1.328330298002589338e-01 3.368533603115150821e-01 2.846502233513473756e-01 -7.618212835229750679e-01 -7.727679502275546231e-01 -1.678140853779268582e-01 -1.566766766038714953e-01 -1.607637353694817695e-01 -4.088010467795200054e-02 8.236677712170380194e-02 2.248512945789464257e-01 9.847253862065885599e-01 8.662305044238442775e-02 2.636692085037606881e-01 2.696174697779291085e-01 2.752902318314787156e-01 2.747212993783570978e-01 2.710568894679098451e-01 2.739798198200419921e-01 3.010349499109326032e-01 3.848127172074924940e-01 5.686113632515560345e-01 8.506413868987400262e-01 8.889169039316987542e-01 5.083298742376478607e-01 2.937175407026376139e-01 4.242389785187345441e-01 3.859473483887959633e-01 3.379689481544495000e-01 2.941578821893577333e-01 2.454293359489594650e-01 1.819193115922973503e-01 9.689032026848447277e-02 -1.227935996469533414e-02 -1.339979222533262404e-01 -2.018436235604444129e-01 5.881700550613210010e-02 6.329476204209523171e-01 2.631883107610311079e-01 2.450598033730750358e-01 2.505812084765536296e-01 2.456004835164449784e-01 2.326706388140412363e-01 2.173719090810354859e-01 2.038707472589882386e-01 1.973307513655100376e-01 2.105907842334523994e-01 2.766562554472429269e-01
9.996981033706491271e-01 9.999118851740426139e-01 9.995488674717492028e-01 9.985162615741192127e-01 9.968217036364170891e-01 9.943599220121236426e-01 9.911768689716516922e-01 9.875409118037691281e-01 9.839479217129932787e-01 9.810459389862968838e-01 9.795164790498095408e-01 9.799641822584436168e-01 9.828342141166250823e-01 9.883342700096325872e-01 9.963123222706817828e-01 9.940145974910336024e-01 9.845972480516030911e-01 9.792143365600188831e-01 9.861932453957416023e-01 9.748666831105005093e-01 8.826729364293748326e-01 7.664876991347685520e-01 6.569101688064629130e-01 5.282721769456544259e-01 3.701630176956094420e-01 1.879742656302411941e-01 -5.128263287576863456e-03 -1.935656230785666176e-01 -3.644480520289968273e-01 -5.106584174461356040e-01 -6.312474594032789765e-01 -7.300935900949067081e-01 -8.141744211387144103e-01 -8.923384448636757504e-01 -9.749678332115774282e-01 -9.304013101993392487e-01 -8.266486828569593603e-01 -7.091988442958124805e-01 -5.740991617304974648e-01 -4.155926373021056608e-01 -2.191943185150330708e-01 5.737083111974958932e-02 5.636779897655587179e-01 4.352767162953741220e-01 -1.187322090116665896e-01 -4.054890862356763104e-01 -4.431505569046276238e-01 -3.980485011261916672e-02 7.516326977450786817e-01 1.737806877934311711e-01 1.044635832261050362e-02 -7.838527151195917586e-02 -1.615519495568845387e-01 -2.693287961613448633e-01 -4.316831023415367286e-01 -7.276719547781531627e-01 -3.182614838057258866e-01 -4.925136942872650470e-01 -9.875735117537045582e-01 -7.621405779869210306e-01 7.371486483319659166e-01 2.422254863283005710e-01 1.556202646378380128e-01 1.495039323749220439e-01 1.831611064960990964e-01 3.770950632740643904e-01 1.924906709556570561e-01 -4.470265400406313594e-01 -3.134373988746496087e-01 -4.156216609561135256e-01 -6.285891957111029438e-01 -9.410112462755420015e-01 -7.570143376067469676e-01 -6.295198323151331987e-01 -7.523861695116988990e-01 -4.425555405010453969e-01 4.301297888268593717e-01 9.773287061634318151e-01 7.427490230910525071e-01 -2.543261162635760408e-01 -2.871774744198016815e-01 -2.634676147255870515e-01 -4.294682457893690408e-01 -7.707045874135544095e-01 -6.898806752276629428e-01 -3.177154071048436945e-01 -7.210290523666476603e-02 1.097752396299801481e-01 2.779713739963396990e-01 4.948601008179367988e-01 8.766918615104392076e-01 5.517083162896581072e-01 9.045581018449387611e-02 -3.957431805444202588e-01 -8.671376268340793558e-01 -8.385267760636151424e-01 -7.517058394336563198e-01 -7.489084891827753054e-01 7.798169991640719889e-01 8.714808053072198302e-01
9.987516574917904011e-01 9.981064994523584089e-01 9.973801426270803017e-01 9.966883625143291292e-01 9.962293522903434839e-01 9.963039745142712178e-01 9.972901924273145369e-01 9.995341971149050986e-01 9.968406499001372101e-01 9.921071296078516344e-01 9.869167650697727723e-01 9.821470815047140812e-01 9.786963763187295218e-01 9.773441881552312749e-01 9.786927776769026588e-01 9.831315523130976786e-01 9.907477959595263339e-01 9.989012774635577241e-01 9.874344147574505293e-01 9.783660890425902590e-01 9.789944908294693215e-01 9.940572567475673971e-01 9.135662107201814042e-01 7.823137882662830611e-01 6.553311174560766394e-01 5.223964214666216854e-01 3.578861055685844672e-01 1.667064138954961194e-01 -3.462126166343434952e-02 -2.289485993989179013e-01 -4.054665248778175912e-01 -5.616117519959261672e-01 -7.012080501476971595e-01 -8.316198682733787484e-01 -9.616096566503647969e-01 -9.089241950523915259e-01 -7.960677519502837862e-01 -6.956096481220125360e-01 -6.058616680162675072e-01 -5.274902599443536122e-01 -4.628845522246908817e-01 -4.166878341586628953e-01 -3.991485667189282327e-01 -4.422100129505461830e-01 -7.394107855939771046e-01 4.516988853894425282e-01 3.388700338732789086e-01 1.855653761920549594e-01 1.552646080930310257e-01 2.120288118284057999e-01 5.683638212249897403e-01 1.065231448642474238e-01 -3.975267936207831365e-01 -4.274684410949525781e-01 -2.958858196473929669e-01 -1.245189926366103567e-01 5.146436940976494012e-02 2.418145380812135037e-01 5.100177118483459893e-01 8.717189359860680886e-01 7.670669020289409834e-02 -6.740189551776453181e-01 -9.376960294562460829e-01 2.821747075885248229e-02 -3.056180531398251521e-01 -3.657029079409382932e-01 -4.614530811835485524e-01 -5.119760991791229010e-01 -2.749852000718172595e-01 -1.184661957151583317e-01 -1.298110829280265388e-01 -2.915184655434593583e-02 3.197806179482379912e-02 7.075977629232095556e-02 9.071672804628871933e-02 9.457382441947009832e-02 8.395589871209867272e-02 5.616787090164673119e-02 2.915742192032386160e-02 -9.434975571313213016e-02 -1.970807644090173116e-01 7.574738144968440334e-01 -1.773002284036215570e-01 -1.858982564076879507e-01 -8.935879835817533978e-02 -2.004258238294361408e-02 2.507268489476613058e-02 5.110583347728786530e-02 6.339875539447613340e-02 6.902990771684253124e-02 7.767630726272529984e-02 1.061520035208367296e-01 1.955890292636554006e-01 4.745077801802567441e-01 5.955637581105136524e-01 -1.179677636251500600e-01 -5.008428480116655646e-01 7.864678950601208252e-01 9.007468359501107358e-01 6.792874057430638990e-01
9.990317988737652533e-01 9.981742727508775559e-01 9.969398406862817197e-01 9.953079110634593940e-01 9.932843562497214451e-01 9.909534496451545271e-01 9.885787048046086323e-01 9.867187861553280426e-01 9.862559151738672369e-01 9.881862237652240255e-01 9.931411353049952595e-01 9.990796155052914518e-01 9.896590806111912331e-01 9.802241584661893770e-01 9.722322292312960412e-01 9.668023068219739891e-01 9.647457265379330016e-01 9.666523431486919726e-01 9.728899743340104767e-01 9.834222839179422859e-01 9.973344861974977604e-01 9.882628634231243048e-01 9.798105073609757465e-01 9.905223909593059428e-01 9.514283638674910781e-01 8.203633175102812425e-01 6.632341955998155569e-01 5.246654111538475718e-01 3.495185290611978468e-01 1.310109215993728593e-01 -1.166223593925655722e-01 -3.763330957786016895e-01 -6.365033188525426322e-01 -8.935477921007233260e-01 -8.694652599677373805e-01 -7.083620132235506350e-01 -5.942256659882895198e-01 -5.093072901596167323e-01 -4.456598557960367857e-01 -4.000836357554792277e-01 -3.721948149322563126e-01 -3.639773065895536286e-01 -3.805696756493844313e-01 -4.332107329213821800e-01 -5.485871895911016427e-01 -8.069828236391115572e-01 -6.122368060630409836e-01 7.853211146844817081e-02 9.715200065428740706e-01 3.256636070877103051e-01 5.937237150703998656e-02 -6.011158964483154232e-02 6.621299266041193177e-02 9.347451529591830344e-01 2.660675925778189788e-01 1.336367635303168933e-01 1.332790277181672700e-01 1.648893386894643431e-01 2.064974379581330233e-01 2.612295774814445970e-01 3.576399081750148978e-01 6.226838104201773971e-01 3.687273305177011795e-01 -5.939198320931218245e-01 -7.883605715595664032e-01 -4.960303000027957987e-01 -6.194748716055579196e-01 -5.263608720681187680e-01 -3.272043255436039022e-01 -2.484978636692978804e-01 -2.868820690040589927e-01 3.475420048390933520e-02 -1.224418363318370978e-01 -7.333409030565112008e-02 -9.271194637248743320e-02 -1.512429939904512688e-01 -2.413641807756576052e-01 -3.694957074814441134e-01 -5.384380282401958207e-01 -7.238195945311566293e-01 -8.204889423453314290e-01 -5.808954961075937229e-01 -2.502252123697596975e-01 4.808964160819183958e-02 -3.255007212613648115e-01 -9.263982184522606689e-01 -6.270525643003155292e-01 -5.558329124929202170e-01 -5.789830112151150843e-01 -6.590004484355324044e-01 -7.813987705937118777e-01 -9.448620332923413079e-01 -8.565075407934141793e-01 -6.523110963599993983e-01 -3.908846215538145930e-01 6.317037036520897764e-02 9.124649416975955107e-01 2.715910656735637807e-01 1.447133727746292009e-01 1.615687980476044894e-01
9.999559340281979347e-01 9.996169959676113326e-01 9.987728422197214018e-01 9.974296069649837282e-01 9.955034181671192917e-01 9.928741874285292868e-01 9.893914909751354569e-01 9.849669292593369319e-01 9.797985611801730554e-01 9.747406901844714033e-01 9.716437260704048340e-01 9.731272601341137696e-01 9.812864407197504635e-01 9.960482324553827649e-01 9.852764243757279328e-01 9.665954772846601095e-01 9.505807320701104013e-01 9.387527794137440207e-01 9.319812114405218173e-01 9.309190139616980719e-01 9.361482015241185950e-01 9.480045435638989604e-01 9.660459058805207500e-01 9.880840599290544590e-01 9.914787581550267292e-01 9.843869074770160710e-01 9.862473222054345401e-01 8.815640519097164285e-01 7.000232067198846053e-01 5.340039501916480358e-01 3.512200766346523784e-01 1.076856798481779509e-01 -1.890759522289720274e-01 -5.194613825817920860e-01 -8.611815114586671704e-01 -8.381159002482689857e-01 -6.688322249530191943e-01 -5.727649075683817204e-01 -5.199602178351899751e-01 -4.981145380599889538e-01 -5.027980775949657533e-01 -5.341748787151054945e-01 -5.962516492256644263e-01 -6.977668750386262220e-01 -8.552538486547027752e-01 -9.083023583047885596e-01 -6.641708657971563401e-01 -4.411623357932043521e-01 -2.312005640508109083e-01 -3.621648953752405276e-04 3.797522238072941203e-01 3.573052792878766426e-01 -8.377065181286535989e-01 -5.265095637500799564e-01 -3.616630057408333210e-01 -4.134298054346016715e-01 -4.963473638295845536e-02 -1.819767690337712462e-01 -2.566011643402217324e-01 -4.182308764557717273e-01 -7.454488855655412305e-01 -6.115813706103391256e-01 -5.948380643973674720e-02 4.399359967885695388e-01 9.469364421577342039e-01 4.465746257799623198e-01 1.345973732570831249e-01 -1.518536657588681893e-01 -1.216188519460146972e-01 -7.956804470924944139e-01 -8.402116393568909158e-01 -6.975298919588919233e-01 -6.509141242789561188e-01 -8.300851539411718827e-01 -9.736697869448401876e-01 -8.819028392167760355e-01 -9.370442939508938363e-01 -7.206689078907649870e-01 -5.489873607591030380e-01 -4.231051300379044533e-01 -3.395705379967364768e-01 -2.908185355273564254e-01 -2.522174145062529016e-01 -1.105098240903784196e-01 7.440258873361950132e-01 -8.974127553932891299e-01 2.778312639572650400e-01 -2.743293459240516707e-01 -4.334837884999261370e-01 -4.210098664166218585e-01 -3.884571507321267769e-01 -3.782990652112845908e-01 -3.958499228634044798e-01 -4.346816147709088307e-01 -4.781019318339780333e-01 -4.974637559689016331e-01 -4.440720518827030450e-01 2.345665855865856075e-01 1.942787962445234051e-01 6.978381097492407648e-01
9.991465146965755606e-01 9.988986635460667118e-01 9.988343640947741076e-01 9.991543173532556610e-01 9.999794290256187601e-01 9.986038563111568900e-01 9.964711909443075832e-01 9.933799764611681571e-01 9.889242535037586768e-01 9.825795792012914642e-01 9.739550209031885286e-01 9.634970155758454391e-01 9.538292381469308800e-01 9.509152555435436138e-01 9.621873497326314251e-01 9.903363329572865137e-01 9.711628064187396436e-01 9.337237830998973420e-01 9.031110699451253554e-01 8.810194144630177915e-01 8.677413520963227489e-01 8.636067126263863303e-01 8.692853584485837892e-01 8.854330423063827560e-01 9.119085906405839381e-01 9.466357884384259957e-01 9.840788203911677856e-01 9.871200651956950622e-01 9.871741593415631622e-01 9.491378613290183397e-01 7.893074148980511184e-01 5.760487848909646713e-01 3.840777413221854730e-01 1.671220831237586746e-01 -8.518511904220715802e-02 -3.455781388284466793e-01 -5.810986992200432022e-01 -7.651897020495056490e-01 -8.833351070828086016e-01 -9.336947438066395266e-01 -9.244364335146763034e-01 -8.695755199088071041e-01 -7.848740524986747014e-01 -6.848357972059296861e-01 -5.811466922626257192e-01 -4.823443389576843598e-01 -3.942550824338682536e-01 -3.207809365858168560e-01 -2.648300674149536849e-01 -2.295626956126618490e-01 -2.210283695979938234e-01 -2.570884933775401393e-01 -4.250112131005874261e-01 -4.443222640044130339e-02 2.479479317499515001e-01 1.791696032463025584e-02 -9.642832164702992703e-02 -1.182399029483047342e-01 4.274331947881884197e-01 -9.583183044306808895e-02 -5.897065253780047617e-02 9.633094331117253439e-02 2.520054272101325821e-01 3.980163948455932577e-01 5.452028088499122349e-01 7.140026441466625906e-01 9.387385445701521558e-01 7.782628212502693543e-01 5.237968724176479407e-01 3.453848538603710994e-01 2.733416009048191264e-01 -9.990677328327677298e-01 -5.202461326027344457e-01 -5.324301117831602426e-01 -6.740886968798694978e-01 -8.591199333248423775e-01 -9.947639007438366932e-01 -8.292627305786316461e-01 -6.882157977179834685e-01 -7.234606600550066435e-01 -8.312657230027896693e-01 -9.575342057470165313e-01 -9.053748275964760284e-01 -8.047866494839855944e-01 -7.712898104092549278e-01 -8.488127187915885941e-01 -7.294754618598677798e-01 1.783918918236181428e-01 2.809398262038310112e-01 -2.209834154515942159e-02 -5.219626752092259014e-01 -6.146834100975071546e-01 -5.575981226640137622e-01 -4.271723756198515520e-01 -2.822403942510789410e-01 -1.440020947819442287e-01 -1.342557100493075098e-02 1.155657147790902228e-01 2.530048263653512097e-01 4.108498197127790075e-01
9.990594594718182897e-01 9.986230418941224318e-01 9.980228967222797287e-01 9.972712757959724117e-01 9.965625644028600627e-01 9.962260273496282847e-01 9.964883504041558426e-01 9.974715048641512594e-01 9.993190665380154991e-01 9.976437886374808217e-01 9.927440646520313550e-01 9.847909972876132123e-01 9.720155947585341627e-01 9.524512140009566696e-01 9.258068512186643506e-01 8.985429399754710778e-01 8.904861210229524371e-01 9.281501470933070097e-01 9.850582331329659214e-01 8.902242930965510448e-01 8.177348267182689145e-01 7.694242095861802966e-01 7.414516979198377822e-01 7.313981737597797794e-01 7.388380909090899173e-01 7.642305573991666767e-01 8.074841590032902916e-01 8.663137738328813287e-01 9.342081819318633906e-01 9.978431966044744028e-01 9.669956593340558459e-01 9.915910467953368279e-01 8.847358888844171210e-01 6.706751243552718789e-01 4.378466240976198187e-01 2.337265874618160988e-01 4.826076240586402166e-02 -1.160369029346443454e-01 -2.459252565527766110e-01 -3.353413013100067230e-01 -3.869732708952921540e-01 -4.087445922281308652e-01 -4.103306339106326805e-01 -4.010478020334933835e-01 -3.890242194973041467e-01 -3.812251400841538684e-01 -3.840058657920245588e-01 -4.040931295801550860e-01 -4.502086603381929009e-01 -5.361698278683103558e-01 -6.881867488801197696e-01 -9.668400622399562216e-01 -6.408913794614836679e-01 -2.809407780505465690e-01 6.352665337822986646e-02 4.499499335478543971e-01 9.365768681710738841e-01 2.822512550156509037e-01 -3.129030590404030532e-01 -8.922427023728328743e-01 -3.736374978445234363e-01 1.201329467445613197e-01 2.698126592886972985e-01 3.257734944724237081e-01 3.764834111795430371e-01 4.345680911669356772e-01 5.017504649094138847e-01 5.874115152162153741e-01 7.143553898832141202e-01 9.410083975314662563e-01 6.788494218521604617e-01 2.565482828544849991e-01 -1.411284748900493990e-01 -1.804461925587340365e-01 -3.713652689023695386e-01 -3.748613682542565884e-01 -2.858144954120962478e-01 -1.996602273322973242e-01 1.466728998462570044e-01 -2.129433418790536436e-01 -8.096792885319783473e-01 -3.446222194376343251e-01 -1.812132326628339007e-01 -1.007782057623503313e-01 -5.686890657526307014e-02 -3.762318644267678702e-02 -4.202798649186304664e-02 -6.716784936665179395e-02 -6.539557545194218946e-02 5.787320213809364899e-01 -4.219433293729796253e-01 4.970561497781138538e-01 1.730217145483313734e-01 2.585566058834183265e-02 5.886096794565797569e-02 1.079043668909548809e-01 1.481181031163868178e-01 1.773216223728459884e-01 1.956907397686273864e-01 2.043344512032695126e-01
9.993648867136301073e-01 9.990281134134059160e-01 9.985616745377992043e-01 9.979093902262841098e-01 9.969858507738595943e-01 9.956935762123224620e-01 9.940649882673228133e-01 9.925071011472533788e-01 9.916531920089105556e-01 9.919682568524629263e-01 9.937350840730522217e-01 9.973326164901953339e-01 9.963367397619663501e-01 9.854787006934953020e-01 9.668823552474330452e-01 9.355044739414383193e-01 8.848354048081131795e-01 8.104524515014575048e-01 7.218786523143023715e-01 6.651499113831098597e-01 7.297361805564093196e-01 9.812729715092310956e-01 7.300183729987617109e-01 5.662899039019327896e-01 4.856989429396697533e-01 4.564096382006622155e-01 4.643042793378624467e-01 5.047037348721495897e-01 5.767435261036560901e-01 6.793809442371102625e-01 8.069238429292158177e-01 9.426812298171312055e-01 9.512586197874663974e-01 9.294203295004918042e-01 9.612806709086157975e-01 7.162876237042938854e-01 4.326038386180731110e-01 1.867528668796613334e-01 -7.030207051397026514e-03 -1.587659558820543326e-01 -2.769697652797283860e-01 -3.696491549519852482e-01 -4.462988242653511128e-01 -5.172912901685084996e-01 -5.934708814541674871e-01 -6.868025993051471989e-01 -8.123273854562208518e-01 -9.923225074412449498e-01 -7.900635741677081159e-01 -5.836848555285942819e-01 -3.932760878904488222e-01 -2.212635260802148784e-01 -6.757685830500242963e-02 7.024854796915604160e-02 1.972450763768867910e-01 3.220331797022235043e-01 4.593577757188419541e-01 6.365201457418762088e-01 9.209393203640466874e-01 6.087148198399838783e-01 -4.603893360850665889e-02 -5.739623152245325599e-01 1.266998116378409978e-01 9.376157686135466740e-01 -6.046122784349053925e-01 -2.369129839439351182e-01 -1.103832575688013656e-01 -1.232889044612749396e-01 -2.255456353453262619e-01 -5.136991787889412242e-01 -4.782229995908967579e-01 4.808848423043695086e-01 8.269338526297944636e-01 5.439045651763514400e-01 4.340365627655701219e-01 5.273037991198287200e-01 3.195100067591661874e-01 8.786573267374827578e-01 5.414182312537370034e-01 5.264159099737238945e-01 8.694046797348143896e-01 4.516230368974381570e-01 -7.152561266644965610e-01 -2.223405099435526722e-01 -1.140915471082080829e-01 -1.560035129118952091e-01 -2.986997829706198870e-01 -5.446045201305376171e-01 -9.191222365460427479e-01 -7.023730985305837171e-01 -4.983548207973724775e-01 -3.717243842702059875e-01 8.765909803408603596e-01 8.234217553239419063e-01 2.668858104509501117e-01 -3.981806175049819041e-01 -8.160490008422783825e-01 9.566669547219396330e-01 8.718110630678715944e-01 6.621008943337726160e-01
9.998082857543827418e-01 9.996283411741407887e-01 9.993682720941430286e-01 9.989984716918685059e-01 9.984777770560293586e-01 9.977461388047083046e-01 9.967106366194228295e-01 9.952261188007709425e-01 9.931158294252779850e-01 9.904194771818227716e-01 9.879198896878244041e-01 9.870306352818972728e-01 9.889229695430423739e-01 9.942536845514196031e-01 9.962604320322038243e-01 9.811704100310439935e-01 9.575749094869089317e-01 9.208237816725569624e-01 8.648007487762765511e-01 7.834971167755064858e-01 6.753838347797461727e-01 5.522076801555473313e-01 4.540870077200211963e-01 4.803135278814407716e-01 8.963209373702889504e-01 3.621981400007776020e-01 5.424755897256288567e-02 -3.814927120188799092e-02 -3.534060883449505197e-02 2.127639303659513773e-02 1.216702711542366894e-01 2.689838865867069662e-01 4.713151151148707307e-01 7.309114485010183015e-01 9.840418219546482881e-01 8.300538645607720145e-01 9.249585931693720120e-01 6.122887476391098982e-01 7.759438065356083492e-02 -3.424297884801888459e-01 -6.581485599946023113e-01 -9.170278032758228948e-01 -8.647484815791051105e-01 -7.091553267154864226e-01 -5.822409831232799871e-01 -4.682375125495437662e-01 -3.612258481113610475e-01 -2.595974883208358452e-01 -1.635754470309269681e-01 -7.395380829424683111e-02 8.543970185791479113e-03 8.355404108910854943e-02 1.511740243839175268e-01 2.120164285526885684e-01 2.673632025608648211e-01 3.195482487872784438e-01 3.724971013772976902e-01 4.322968664222942015e-01 5.086568013808981936e-01 6.199767668167744938e-01 8.110143223539536539e-01 8.064183164666961501e-01 3.075477812898070873e-01 -3.024217852925150662e-01 -8.495922684683815396e-01 -1.550749827045015961e-01 6.996307164344405249e-01 -9.578113184168686456e-02 -1.268549330277586040e-01 1.860008677799792134e-02 2.073446827001848014e-01 4.014102197124633786e-01 5.936185803812205064e-01 7.851027880448510077e-01 9.765620949672247919e-01 8.606010452655906695e-01 7.805397639650970554e-01 9.324409740967137816e-01 9.510056857005811937e-01 9.425199914627867548e-01 9.566587383620189788e-01 6.374379008109094524e-01 6.081758723624243190e-01 9.033808557183968801e-01 1.783232625981470421e-01 -5.952877938869296504e-01 -8.772159825275659406e-01 -5.812545644768534192e-01 -3.579846138185462934e-01 -1.873865687722325590e-01 -6.000453102034171426e-02 2.786921739878606141e-02 9.106763669874952394e-02 1.643069205092994034e-01 4.338008701713716997e-01 6.607789760278575120e-01 7.950920657332573027e-01 6.962156395987478819e-01 5.058204492222071469e-01 4.552503345763205256e-01
9.998011263323959286e-01 9.998179420861237343e-01 9.998705745110089138e-01 9.999779240896968791e-01 9.998342055572074782e-01 9.995312302531629278e-01 9.990672035906430493e-01 9.983809379632250236e-01 9.973889081671685197e-01 9.959713748007825718e-01 9.939505794993571675e-01 9.910995581725526860e-01 9.874018383166901502e-01 9.839164802538785670e-01 9.832918229320500858e-01 9.882341242952678018e-01 9.999325703004366961e-01 9.818079703092588151e-01 9.570630232563861473e-01 9.244142851511840675e-01 8.814545309879215917e-01 8.258554159814643914e-01 7.569878039711597228e-01 6.784922171269851532e-01 6.027970857893408807e-01 5.615939757379146968e-01 6.454717209323064253e-01 7.702215263497946829e-01 -2.886117470930540246e-02 -4.312930752493270847e-01 -5.435433215995217893e-01 -5.150222827952656290e-01 -4.138270447851969958e-01 -2.596973062470611104e-01 -4.630287380232139122e-02 2.554323222071853694e-01 7.007368605145893881e-01 7.465205668506136316e-01 5.194151228193569780e-01 -3.224299602855343894e-01 1.013888857222192434e-03 -6.385128529811512355e-02 -9.262831127261626774e-02 -9.303622776158922136e-02 -7.733529235049027561e-02 -5.173973701286652821e-02 -1.988768135923860841e-02 1.556078390777487601e-02 5.240785489871336439e-02 8.873028751797489011e-02 1.227840362547234221e-01 1.529676042113114476e-01 1.778474908115419140e-01 1.962344398072071450e-01 2.073044272029219426e-01 2.110636376228866018e-01 2.150833891461902403e-01 2.196907075098722961e-01 2.213363055289294667e-01 2.215596000626792739e-01 2.249086292083162519e-01 2.437753681633469671e-01 3.157300088111332781e-01 5.825710194178695955e-01 5.035245707145947769e-01 -9.163531204450445222e-02 -2.865972910948212937e-01 -4.084425080747876580e-01 -4.286613564950961797e-01 -1.188456664611119984e-01 1.096967416943906704e-01 2.252785097073573828e-01 3.169320873591445764e-01 4.130683311033058747e-01 5.195907238066549416e-01 6.364897877778803448e-01 7.637041136182773915e-01 9.035452333650018097e-01 9.397543422919395484e-01 7.913428429843313294e-01 8.554457974045804880e-01 9.889665977858752566e-01 5.151607699577062105e-01 4.756604613525670586e-03 -3.992415759088805971e-01 -6.796488903674027249e-01 8.433525485952356737e-01 7.565439078536242978e-02 -1.126131859204539259e-01 -1.434141880159530702e-01 8.149071177497821047e-03 2.339314680131038549e-01 4.324686131784731269e-01 5.695999676399026157e-01 6.458064465399877552e-01 6.673802887678580431e-01 6.511609009220538091e-01 9.125577841293781578e-01 6.838599969469929540e-01 9.676676379260523708e-01
9.995749574139769500e-01 9.994676753551732240e-01 9.993589435408740673e-01 9.992597637182649706e-01 9.991874389123206468e-01 9.991677510472304347e-01 9.992375228181216151e-01 9.994474948347989995e-01 9.998654239005574373e-01 9.994209669813670649e-01 9.983015523571621141e-01 9.966396380051593118e-01 9.942693354295504271e-01 9.910017615273937208e-01 9.866805216466775219e-01 9.814211635925458310e-01 9.762900645431803470e-01 9.742652989929934115e-01 9.797924295547167928e-01 9.959262269990122318e-01 9.782215625741798037e-01 9.467992813931627172e-01 9.124281993462675100e-01 8.755443151734216833e-01 8.360972480377365512e-01 7.955811994979830049e-01 7.590057327131386478e-01 7.381120857704537297e-01 7.595815226178079804e-01 8.952521982861740835e-01 6.910424716246201804e-01 1.097143155425122918e-01 -4.284108242251174481e-01 -7.837423523272487591e-01 -9.448052067560863687e-01 -9.486316607514009291e-01 -8.184365190597313600e-01 -5.438054524817189650e-01 -5.524094825007792170e-02 8.597973983852411628e-01 3.347584962767019001e-01 -4.039012672761112949e-02 3.292632723411209050e-01 2.659177121154824436e-02 -4.018769738627732402e-02 -5.301666009359187748e-02 -4.790347218934169760e-02 -3.596472927126490027e-02 -2.240829627205728064e-02 -1.040993254986564108e-02 -2.176299471598978214e-03 6.942243414905851714e-04 -2.934492065913154191e-03 -1.381740657748246198e-02 -3.242862025368497408e-02 -5.925890625360096670e-02 -9.595066330480199468e-02 -1.471074117015506721e-01 -2.185283758626581085e-01 -3.169702955607331396e-01 -4.533148055847252000e-01 -6.467716829092478026e-01 -9.354391085663017469e-01 -7.062233136316682369e-01 -3.968643660219736136e-01 -2.466136276335229721e-02 8.915922195977344922e-01 -3.462060224299837174e-01 -9.526124192011006242e-01 -5.553560951830173176e-01 -1.083120538442039343e-01 5.697296569008355460e-01 -6.543139339824969314e-01 -3.961060079241741638e-01 -1.368223147323272271e-01 -1.433750100563778787e-02 8.399776499765690407e-02 1.945507287874403690e-01 3.364794453016625164e-01 5.462662645711985343e-01 9.481910344136136315e-01 4.016692672763420568e-01 -2.889590560673897524e-01 -8.280962367032875804e-01 9.526695673141394316e-01 1.252006355842188079e-04 2.732649226816214472e-01 5.929010316181239082e-01 8.903091529898259360e-01 9.362198074754657373e-01 9.251492533730397705e-01 7.619798402753015232e-01 6.357057519516767785e-01 5.300358938262890174e-01 4.237968291308223945e-01 2.887254834007203508e-01 6.561677882657482308e-02 4.738523247188262677e-01 1.797496663991709487e-01 4.602684062860922798e-01
9.995318535253666647e-01 9.993641760448959133e-01 9.991712314547265272e-01 9.989576284891563684e-01 9.987334968333719809e-01 9.985170041539834784e-01 9.983374744936165390e-01 9.982389944375664736e-01 9.982842036441950118e-01 9.985577394523547090e-01 9.991686194168869495e-01 9.997493212374348737e-01 9.980434566999580870e-01 9.955517217938592012e-01 9.921229862941407518e-01 9.876608430200323197e-01 9.821984139454764673e-01 9.760110123473025867e-01 9.697689745186709454e-01 9.647394787034505592e-01 9.630478172708627493e-01 9.678903098534342719e-01 9.831346202642207155e-01 9.887439631589459710e-01 9.513564927947918415e-01 9.122221978539266640e-01 8.774296580844024307e-01 8.493158119006675166e-01 8.289495786771038377e-01 8.193991051848653617e-01 8.280408618752772565e-01 8.703350360053830892e-01 9.814688569961577125e-01 7.903042250482394948e-01 4.421109178424956765e-01 -3.798321888636123356e-02 -6.678338541419761576e-01 -6.577994659560451041e-01 -3.465424469735294832e-01 -1.556876640548654767e-01 2.037923139729252986e-02 3.018757974400764765e-01 2.293422920953699373e-01 3.299322847478036724e-01 2.455075771776675519e-01 -2.003264002472854854e-01 -5.426521941970190444e-01 -8.280652711877420913e-01 -9.382365462216675223e-01 -7.950608289189865507e-01 -7.141150057442302579e-01 -6.714548616283065874e-01 -6.564057738923418928e-01 -6.639567261885617189e-01 -6.923291739363213182e-01 -7.425796234294130826e-01 -8.193635083689266851e-01 -9.319223849633252454e-01 -9.143832161866657371e-01 -7.569993486040611508e-01 -6.112514869135430295e-01 -4.828766895205732212e-01 -3.765156090382511533e-01 -2.991037742581321157e-01 -2.312908799441349694e-01 -1.595530937981375352e-01 -6.413610558737885270e-02 1.141140928502886592e-01 6.440422643704860617e-01 8.161790701445945095e-02 -5.062582490139322378e-01 -8.948143783589399547e-01 -7.145191552876564156e-01 -3.438426192523283964e-01 5.249753322205852335e-02 -6.459018892104658738e-01 -7.831352402912367117e-01 -9.385653118212496926e-01 -9.686811531020415034e-01 -9.125407758825611060e-01 -7.891898327922818313e-01 -5.981035981968800819e-01 -3.570516010291163167e-01 -1.342538135866208071e-01 8.093327847999904900e-01 7.722384751829783900e-01 8.627451735277749112e-01 8.974262842793176986e-01 4.074687879869067220e-01 2.156105087547145194e-01 -2.880005615419435339e-01 8.681917577106913475e-01 -8.089689285037453270e-02 -6.265597544036023425e-01 -4.758748436438426377e-01 -1.726567972191303188e-02 2.373916723406142015e-01 3.995688649384696589e-01 5.120666272068730152e-01 5.963012004843802893e-01
9.996294799434677358e-01 9.994676582327681746e-01 9.992725778200625131e-01 9.990443569756235487e-01 9.987873202814905316e-01 9.985124184594655894e-01 9.982403443835375922e-01 9.980052107923884641e-01 9.978583558766074280e-01 9.978714678128270954e-01 9.981380080389361531e-01 9.987722517569347369e-01 9.999061175084625885e-01 9.983188200633978937e-01 9.957646009795066977e-01 9.923143271603658278e-01 9.879102965535687675e-01 9.826037915994538796e-01 9.766078632117718428e-01 9.703407868571854999e-01 9.644529381077563412e-01 9.598402517574393666e-01 9.576618442802310449e-01 9.593966012006717170e-01 9.669826428118769579e-01 9.830243559492712890e-01 9.893894006887604675e-01 9.502126064585889598e-01 9.049588999835602721e-01 8.661035227091078426e-01 8.458366279433173762e-01 8.456247175315186881e-01 8.631317702295364658e-01 9.004767391372655583e-01 9.661731882297052154e-01 9.264924370308376123e-01 7.769742892715079119e-01 5.716323036925293755e-01 2.732991945802734080e-01 -2.395059435336741593e-01 -6.197461070577638953e-01 1.750885064358940688e-02 3.456398298776927613e-01 6.210460063061830072e-01 9.999990097202478001e-01 6.839958296634377488e-01 6.140209160717859938e-01 6.344415998395014356e-01 2.016135063902572133e-01 7.505543347958268689e-04 -1.331065418639213738e-01 -2.351705863870001689e-01 -3.170217538245043709e-01 -3.843217092430939452e-01 -4.409966155512085595e-01 -4.900855811596382949e-01 -5.337675974556983505e-01 -5.736009449324774856e-01 -6.109963384262769859e-01 -6.477002904151782925e-01 -6.862618904546926579e-01 -7.304775070996194497e-01 -7.858046200234921619e-01 -8.599827550317741265e-01 -9.645264111149464137e-01 -8.939980962823568245e-01 -7.352909595650913843e-01 -5.596245906602473896e-01 -3.576283935046801199e-01 -9.708341977009353474e-02 3.221970634593143146e-01 7.659147579063062539e-01 1.280562302400874708e-01 -1.645232055675655836e-01 -3.216909337211201203e-01 -4.733187242535734085e-01 -5.644026975170352012e-01 -6.831161102255504103e-01 -6.410584721915926210e-01 -5.886604995925616146e-01 -6.090572917846285295e-01 -5.462746212325074735e-01 -3.993098998509697073e-01 -1.735348178705763689e-01 6.143599469408423525e-02 1.966918816720493457e-01 1.885580574191636494e-01 5.514690147508763407e-02 -3.259106353688887014e-01 3.711599068188616013e-02 -1.850243602705928248e-01 -8.314891393290722021e-01 -1.194413110259064659e-01 9.159101650614649426e-01 -7.178812373884463360e-01 2.165389390791431223e-01 3.409402630363156383e-01 3.884330914771977339e-01 4.138024882164693663e-01 4.258365780753563534e-01
9.997984267670901870e-01 9.996959842943738961e-01 9.995670743607817377e-01 9.994095504291737875e-01 9.992237537713709594e-01 9.990143968643631078e-01 9.987931337662259157e-01 9.985817576898102788e-01 9.984156569988174024e-01 9.983466979355616333e-01 9.984443482999671993e-01 9.987942902625985830e-01 9.994955472185983458e-01 9.993415117062663944e-01 9.975981296614395699e-01 9.951487096268540888e-01 9.918774100877038036e-01 9.877115370394442539e-01 9.826666405237340918e-01 9.768930896288027244e-01 9.707125156443248137e-01 9.646344532366464275e-01 9.593484075366668362e-01 9.556946529072291030e-01 9.546271506795215300e-01 9.571926670832781037e-01 9.645623052947083220e-01 9.781672739005624617e-01 9.999967505701953252e-01 9.680385703156849653e-01 9.249171695991377229e-01 8.714624602120102370e-01 8.172283559592598001e-01 8.162303047765219199e-01 8.508818907248990593e-01 9.046419664526414994e-01 9.805603615636114823e-01 9.212508664585372653e-01 8.114733296424363473e-01 6.894821991922411852e-01 5.471234110769216397e-01 3.595433503582408652e-01 5.069102733202406064e-02 -7.474829678005660005e-01 -1.247107450861289005e-02 4.684743925841062806e-01 8.197627261061237736e-01 7.907367930051043547e-01 7.042976223533020663e-01 9.495641124410028056e-01 3.958925832589965110e-01 9.104278873943039141e-02 -8.754097582262514166e-02 -2.358203425727297131e-01 -3.811185658348453242e-01 -5.284566538750569142e-01 -6.806740214513470333e-01 -8.415800675303999334e-01 -9.836711996407886405e-01 -8.238571275463614230e-01 -6.914523189084100796e-01 -5.756858268308910898e-01 -4.691924394383383268e-01 -3.667935704416568909e-01 -2.650836909583623724e-01 -1.621536955162281579e-01 -5.719580220797430836e-02 5.000706236047881836e-02 1.597210135802767661e-01 2.733173955855749959e-01 3.957998056504387074e-01 5.423069036716391400e-01 7.490139180038001276e-01 9.198997960215008485e-01 5.777698018696447724e-01 2.971741206548078051e-01 7.545570797687160824e-02 -8.380560888559808463e-02 -2.038961924715598228e-01 -3.784716712467169342e-01 -5.757866796882218363e-01 -5.023588838314277938e-01 -4.939341243636463652e-01 -4.903333373501551073e-01 -5.556494393577396940e-01 -8.415497302952170688e-01 -5.624589413463310095e-01 -1.597494008990716086e-01 7.607261611924286127e-02 2.277597396161361865e-01 3.701650520553849688e-01 9.892687489571324599e-01 4.373332203617464331e-01 9.979639067748946601e-02 5.001495421883404013e-01 8.552946306305042601e-01 5.653464473396151435e-01 3.409736369547435031e-02 6.243283210738189704e-01 9.015431553338745241e-01
9.999657247454296627e-01 9.999526846180714079e-01 9.999308687578003507e-01 9.998982458448115729e-01 9.998535352647318630e-01 9.997972179440451912e-01 9.997330707402178884e-01 9.996702898512017654e-01 9.996260965136104515e-01 9.996283692705127955e-01 9.997173676708108747e-01 9.999454098986538808e-01 9.996257792052992697e-01 9.989276993008043837e-01 9.978826346817214477e-01 9.963961965515636399e-01 9.943520468884030628e-01 9.916196482784609412e-01 9.880799613636288559e-01 9.836663264162749387e-01 9.784135979129912064e-01 9.725062233877685980e-01 9.663139901184361058e-01 9.604046373501788914e-01 9.555276503411793687e-01 9.525728554590462416e-01 9.525181930417484510e-01 9.563908217134839962e-01 9.652744083928607166e-01 9.804026675415115077e-01 9.966463383738057846e-01 9.649736746585536595e-01 9.248486487903564424e-01 8.800029374935128823e-01 8.423755610972215591e-01 8.255679261011852343e-01 8.300223645695465891e-01 8.539254629043904199e-01 9.009206063299646239e-01 9.792309474701313965e-01 9.061196066483999667e-01 7.674598026235366355e-01 6.086610953989026740e-01 4.334227580092703813e-01 2.742736538594228723e-01 7.088673691534981558e-02 -3.694254623382376979e-01 -4.055048802866194624e-01 3.819540580051831169e-01 6.897128879954681491e-01 1.326259720508148054e-01 -7.217393712743389589e-01 -1.028672828176441234e-01 -4.685707467459841458e-01 -8.550567565608373499e-01 -7.628675621410544450e-01 -5.481777783905077417e-01 -4.077013630864710914e-01 -3.011323571538972454e-01 -2.109507522688221226e-01 -1.287373226705313400e-01 -5.046365775925495262e-02 2.551147254099343786e-02 9.942665235561917725e-02 1.706790411385013528e-01 2.382105568186276556e-01 3.008305530557459084e-01 3.575272172817194338e-01 4.077921172627324564e-01 4.519709827840108218e-01 4.916659432806191887e-01 5.302871827129062021e-01 5.740719730377608077e-01 6.343656326348867669e-01 7.324487062332545317e-01 9.087794510733928632e-01 7.990985193906182671e-01 4.887669549149222803e-01 1.878715864173377270e-01 -9.434219682748073987e-02 -3.432249746156696424e-01 -3.024750557536726170e-01 -4.883642241189997679e-01 -2.765971628394272575e-01 6.987098171537939328e-02 3.742273144959047393e-01 5.527343080847033630e-01 6.016868283890847158e-01 5.791603382014575141e-01 5.396703976455560214e-01 5.088957902112720699e-01 4.955414553342477046e-01 5.513985902974948283e-01 8.501412395202059269e-01 7.445703048328261575e-01 2.471750684751184701e-01 -2.295643925875854863e-01 2.928458976501650546e-01 6.268431882502772945e-01 8.460921476274737563e-01
9.999253719288450082e-01 9.998484066317031571e-01 9.997581659622155614e-01 9.996546303889328744e-01 9.995383294973615440e-01 9.994102809298203161e-01 9.992717251817159196e-01 9.991235569077209222e-01 9.989653709252657166e-01 9.987941259203380051e-01 9.986026206213098888e-01 9.983782586260881997e-01 9.981027236486486043e-01 9.977526176545618020e-01 9.972993097850846311e-01 9.967043093836958079e-01 9.959078847246465305e-01 9.948148270384872260e-01 9.932867204141503370e-01 9.911491093208375514e-01 9.882172060739388142e-01 9.843401168646813693e-01 9.794605473601947221e-01 9.736822910844702417e-01 9.673322728467196319e-01 9.610011361197354773e-01 9.555499175426130920e-01 9.520810495670293250e-01 9.518867393820693579e-01 9.564006371284465846e-01 9.671800718940267716e-01 9.859135873131137373e-01 9.858769613784634789e-01 9.491488588663944403e-01 9.069151397578884000e-01 8.647526528065425655e-01 8.288324559558996052e-01 8.029194985352615666e-01 7.885111136087686878e-01 7.871019285614362371e-01 8.018690007722966140e-01 8.391046538957033230e-01 9.113680317947060461e-01 9.551734061017469468e-01 7.544591417074018036e-01 4.775638624334713755e-01 9.011171161681803821e-02 -4.904166812056329205e-01 -6.611132771692747045e-01 -2.370076862040306487e-01 1.115593701150408845e-01 -1.019439062253297938e-02 -5.573877810807106314e-01 -3.482018417068572513e-01 -8.447243299697375640e-01 3.286189980743742800e-01 1.785231799489487292e-01 1.946362559908777490e-01 2.254138349982579836e-01 2.595169098135913233e-01 2.936257555833303723e-01 3.257232646257229858e-01 3.541155953400325074e-01 3.772545437613277208e-01 3.937643046244558853e-01 4.025388031039048853e-01 4.028611406194674838e-01 3.945180539227007843e-01 3.778930468666317766e-01 3.540385621348601242e-01 3.247505085676047898e-01 2.926874002308998413e-01 2.615883665037918582e-01 2.366781396421574479e-01 2.255124614776761183e-01 2.402087991704306702e-01 3.051070208885456880e-01 4.948443861072079342e-01 7.065156146987867647e-01 -7.527257310273766100e-01 -2.619767978762991834e-01 4.987840919720961524e-02 3.202391130119841001e-01 6.533851318984601475e-01 9.608386868459640739e-01 2.744798927617336237e-01 3.988381820989366638e-02 2.215884588358486562e-01 4.195872624865502054e-01 7.576698826108191342e-01 7.488274021300379557e-01 4.210844740308538614e-01 2.151486587272517514e-01 7.587872532023051675e-02 -1.111729087717419628e-02 -1.836840877724859461e-02 1.287528317101590269e-01 6.236213296031895004e-01 4.273663300495491035e-01 1.847549218162527485e-01
9.999020381991671202e-01 9.997622771639159689e-01 9.995902884022059842e-01 9.993831124066320237e-01 9.991389283502308816e-01 9.988577054547459477e-01 9.985419771547905388e-01 9.981977009586299188e-01 9.978351324854388693e-01 9.974696004954506368e-01 9.971220240841622839e-01 9.968189655144193972e-01 9.965919541730988707e-01 9.964757155715697756e-01 9.965047315708623898e-01 9.967072135147254652e-01 9.970952775012745795e-01 9.976504575111561079e-01 9.983053531500108990e-01 9.989250337664098423e-01 9.992944926497122626e-01 9.991196173549279358e-01 9.980486296888996245e-01 9.957193229969788506e-01 9.918345570485729290e-01 9.862631341459732193e-01 9.791549297058421697e-01 9.710506487080405869e-01 9.629633308939047343e-01 9.564153915138399187e-01 9.534300923825514973e-01 9.564884273232528988e-01 9.684508614196865040e-01 9.923928993433994705e-01 9.696924590871077720e-01 9.196935248975346422e-01 8.606423280079270599e-01 7.961028664575027225e-01 7.285329273409157924e-01 6.582262976900614682e-01 5.825216164826407805e-01 4.930704456880807274e-01 3.630130385549716898e-01 5.231883742774565138e-02 6.496378181555596820e-02 9.626166446066511950e-01 7.701608414700452654e-01 6.690969805819809713e-01 6.147794428754705942e-01 5.850264521078792912e-01 5.862353254719508966e-01 6.668201574914141005e-01 8.981366675288905421e-01 6.287556721887347377e-01 -1.115844555837823132e-01 -5.826862137701050992e-01 -1.175495562008773004e-01 1.581638216605466829e-01 3.484251746286208817e-01 3.432757628345644574e-01 3.392578893378326299e-01 3.325791270271644673e-01 3.199785751116605570e-01 2.992604409327372372e-01 2.689890902320470900e-01 2.282925220318707538e-01 1.767593109987003197e-01 1.143532526176465614e-01 4.132805501978534940e-02 -4.185100807748091956e-02 -1.345847457751520870e-01 -2.362715817094136195e-01 -3.466561095975964069e-01 -4.668210204601954127e-01 -6.019348125385461934e-01 -7.689558972133535564e-01 -9.784060238238485585e-01 -6.305566838272342878e-01 -1.889192435511127810e-01 4.166117794251346096e-01 8.857925566865827438e-01 8.014200034730607491e-01 8.187245442013000307e-01 4.335431796174464836e-01 1.772113769596198873e-01 4.853057719701192596e-02 3.634783958417743821e-01 3.498885478451496112e-01 6.266913704641663418e-02 7.973652125338547003e-02 2.355494432658042370e-01 5.378679734023701364e-01 9.692636365415645550e-01 5.711576151841230020e-01 3.840215612769696252e-01 3.030642261551332317e-01 2.813931173396207464e-01 3.116906647347644777e-01 4.373805715250861925e-01 6.204981537138977155e-01
9.999620075911949124e-01 9.998068253779947012e-01 9.996097230631709740e-01 9.993650472259878459e-01 9.990681362992195336e-01 9.987162832295730652e-01 9.983100303603207326e-01 9.978548327191553158e-01 9.973630954736120158e-01 9.968565387806150868e-01 9.963687606526119289e-01 9.959477452208341797e-01 9.956578852037111238e-01 9.955808349234126498e-01 9.958141714764149333e-01 9.964664479111392525e-01 9.976469299436491189e-01 9.994484842929638457e-01 9.980804787346839735e-01 9.949728096634221641e-01 9.913590952010059576e-01 9.874936420524940139e-01 9.837647425148456914e-01 9.806881320876806862e-01 9.788800566659250357e-01 9.790069482698015024e-01 9.817088402118803181e-01 9.874919656497257447e-01 9.965840177340562489e-01 9.913290698740816476e-01 9.774703247632843262e-01 9.637420502192410865e-01 9.528731871829161371e-01 9.484533109146102703e-01 9.550502900306214737e-01 9.787891616327961675e-01 9.713437104315896242e-01 8.862641324830857759e-01 7.460006723265101281e-01 4.916467588089963869e-01 -1.364617779868469716e-01 -1.563980839675376544e-01 3.268272189461234323e-01 5.269176984993522161e-01 6.529175339908760423e-01 7.502337111961588922e-01 8.335367931212555037e-01 9.080797821582948792e-01 9.755758100152439605e-01 9.648601933846346901e-01 9.170721519474132055e-01 8.805228401462444898e-01 8.615166522972691476e-01 8.925784880357503503e-01 9.780025876853016831e-01 7.762338217689521702e-01 5.135983562705953576e-01 1.199294616378033806e-01 -6.240909716445733890e-01 -1.280829192504660541e-01 3.412318635980129966e-01 -5.102059351370025198e-01 -7.341936267816949746e-01 -4.890997986424472921e-01 -4.266762142477742992e-01 -4.369940233106677785e-01 -4.878068967555564961e-01 -5.652442464778438813e-01 -6.604437618410755606e-01 -7.640407053680925431e-01 -8.627604669940348581e-01 -9.423105549285807347e-01 -9.993469829393076820e-01 -9.589293651629038351e-01 -9.228977385553375212e-01 -8.841060390203230313e-01 -8.341934769052492538e-01 -7.582374894256596054e-01 -6.195538078555350436e-01 -3.035944162968093885e-01 7.634329467514190393e-01 2.412694772339625884e-02 -1.180809702651362814e-02 7.791890671082829511e-01 3.058017121203596700e-01 1.197723321773824651e-01 6.912064476418051939e-02 1.185437242424357968e-01 3.712051129807582006e-01 3.480416201884799499e-01 -9.353372805900448395e-01 -3.197921430081990812e-01 -8.163742996952212672e-02 1.211077982182062196e-01 4.363770392618097071e-01 9.129468919605411292e-01 6.216855535130878518e-01 3.805041090301283235e-01 2.294110162488143811e-01 1.053542293003136704e-01
9.999179587404766201e-01 9.999698728379456947e-01 9.998197161555177903e-01 9.996245497416100800e-01 9.993776153607752954e-01 9.990732910934345679e-01 9.987083591343554057e-01 9.982837658307184281e-01 9.978069529595156029e-01 9.972948066911371257e-01 9.967772083466293065e-01 9.963010682827275755e-01 9.959345684913806229e-01 9.957711156730258972e-01 9.959321966710017460e-01 9.965679154993286604e-01 9.978534789693196405e-01 9.999793600591828646e-01 9.968772404879823190e-01 9.925887238849865346e-01 9.871081781484548623e-01 9.805205437027976201e-01 9.730838903464413825e-01 9.652548561493339285e-01 9.576906105666599389e-01 9.512245079459672459e-01 9.468159976748915518e-01 9.454761625640014655e-01 9.481691040144455407e-01 9.556867983221498664e-01 9.684917502359629005e-01 9.865206094446079543e-01 9.911299829158507491e-01 9.671679366750851603e-01 9.447489796253401018e-01 9.274215300778065885e-01 9.194498495535112781e-01 9.272079202657987906e-01 9.652601443516867219e-01 9.181643700122473772e-01 5.179239363663935558e-01 -1.240819475819848576e-02 4.473357225849483587e-01 5.531957445140104346e-01 6.019345495265830959e-01 6.339425326630251378e-01 6.618649041931133903e-01 6.911276298122634998e-01 7.236136285031621318e-01 7.589397836489480964e-01 7.958280744930826822e-01 8.331646789857662938e-01 8.702279697610524334e-01 9.061969439113090052e-01 9.388614868862394935e-01 9.610803241860508273e-01 9.504306589348143763e-01 8.636358833123287670e-01 6.947670899967357538e-01 4.759784495570306695e-01 1.930556385170164868e-01 -4.513842727959516687e-01 1.643858383679293045e-01 3.541486585084204775e-01 -8.661565900662392126e-02 -3.246158166584864335e-01 -4.986716011485647360e-01 -6.282897787541450452e-01 -7.235084416003567664e-01 -7.930085905972441562e-01 -8.440010177712711226e-01 -8.823849406228229109e-01 -9.131358212625706461e-01 -9.405333398872715023e-01 -9.682389360514508381e-01 -9.996594880214235701e-01 -9.619757380184807971e-01 -9.095540270892938928e-01 -8.159276611418426750e-01 -5.046689576309543179e-01 -4.263964471849473470e-01 -7.843445715289781850e-01 -8.884158706004764428e-01 -6.313197836287788300e-01 -4.279437024587047222e-01 8.545682975976908180e-01 -6.084325937317581756e-01 -8.666143070775638169e-01 -9.768389375165159594e-01 -8.294012476870521455e-01 -6.217601643617592933e-01 3.398368583012648658e-01 -5.959050179304511419e-01 -9.839981816235716661e-01 -2.721414710827606553e-01 8.495691293657919863e-02 4.850130660900723312e-01 9.621101074174382983e-01 6.842479768445870469e-01 5.407566319560745960e-01
9.997756331980867106e-01 9.997847892024734895e-01 9.998113450907294419e-01 9.998611488909175948e-01 9.999407435178252479e-01 9.999430526307656608e-01 9.997839223216312687e-01 9.995772261782329693e-01 9.993217944111573159e-01 9.990224461858940863e-01 9.986933507368713769e-01 9.983623016957299257e-01 9.980758748218532261e-01 9.979052791201755701e-01 9.979524693423255099e-01 9.983557398204173650e-01 9.992935354399372638e-01 9.990164019315362909e-01 9.963319996572002069e-01 9.924034664026291086e-01 9.870092472206528633e-01 9.800080930357845110e-01 9.714024507341455505e-01 9.614023993068245844e-01 9.504726069105611241e-01 9.393447066567637282e-01 9.289863077411248948e-01 9.205314309613763513e-01 9.151866159311625726e-01 9.141268994363729306e-01 9.183887513716185724e-01 9.287583414826294792e-01 9.456445404693077927e-01 9.689133365497081263e-01 9.976450233505909093e-01 9.710756271582698940e-01 9.418175584994767924e-01 9.187278478440314977e-01 9.062218047564442047e-01 9.097230640553085612e-01 9.400943175928316853e-01 9.682000250223609106e-01 7.129210243061300245e-01 -3.966967305742581384e-01 1.773928508415946181e-01 3.886045972451827590e-01 4.611543638702155778e-01 4.980920674334309295e-01 5.249822993091244339e-01 5.525702241134734516e-01 5.858020436262022512e-01 6.256031566414858025e-01 6.707409691568000376e-01 7.198156330268972170e-01 7.719142941389247614e-01 8.262106221288516572e-01 8.811040493056879752e-01 9.327629731666188251e-01 9.721762745900457414e-01 9.793587078892731501e-01 9.183822780904435934e-01 7.543983863356247266e-01 4.827366654820711145e-01 6.855495442018368080e-02 -9.513505660524081975e-01 3.424683796026266047e-01 2.515889814977966266e-01 -2.648018532173056494e-01 -5.565802207182966033e-01 -7.528967386564173747e-01 -8.884199744784730957e-01 -9.823623080295871279e-01 -9.539331994416576643e-01 -9.124501317538431522e-01 -8.828679922428211979e-01 -8.581559869397924478e-01 -8.306294794997544084e-01 -7.809084195367618220e-01 -4.433129735824968276e-01 -9.763081458642990373e-01 -8.547483536849377339e-01 -7.582223179606694119e-01 -5.906274390106887040e-01 -3.375163563860856808e-01 -1.002098879673436471e-01 1.079345645002181414e-01 4.304646190698377395e-01 9.131358818935737531e-01 6.606833278219113037e-01 5.030474351978926340e-01 4.908789327878093633e-01 5.940554854585686773e-01 8.480464209894534866e-01 7.126480748930131837e-01 4.125147745239754471e-01 1.465700332139576734e-01 -8.402186210609393635e-01 1.484943142936857308e-01 5.230728372201554066e-01 7.383716980340625513e-01
9.996603645337042154e-01 9.995192083395891824e-01 9.993577653296973340e-01 9.991768010395170041e-01 9.989783882830916006e-01 9.987661496201316602e-01 9.985453853215705555e-01 9.983229811818273847e-01 9.981069515155223115e-01 9.979054307536092683e-01 9.977248877436664110e-01 9.975673093617816178e-01 9.974260985395898560e-01 9.972804772128699424e-01 9.970883071799350184e-01 9.967774842526934131e-01 9.962364824897279592e-01 9.953053013645580815e-01 9.937690784655567322e-01 9.913580061421104483e-01 9.877587897331620015e-01 9.826441391040998674e-01 9.757263682392024462e-01 9.668369357662012220e-01 9.560237392017405522e-01 9.436433266567837430e-01 9.304134493275243445e-01 9.173946059184703294e-01 9.058928830990536918e-01 8.973081672705462974e-01 8.929686653014194953e-01 8.939841847230245442e-01 9.011297306859431533e-01 9.147578404467645585e-01 9.347385563898537031e-01 9.604274121720043356e-01 9.906422446982560137e-01 9.769767007855769680e-01 9.466356323943387885e-01 9.222412366703006681e-01 9.093790251186405493e-01 9.151765955248210016e-01 9.476779394645319377e-01 9.788430120461508732e-01 8.447287758969134197e-01 6.031842454912429430e-01 1.064586537266994926e-01 -7.631501474867196100e-01 -4.273240974935873376e-02 1.731855388593581402e-01 2.818786623910159439e-01 3.565635950027034040e-01 4.222769914123887247e-01 4.898733235933937502e-01 5.640414344418732684e-01 6.468756022233894676e-01 7.397995078595862584e-01 8.437724919090653364e-01 9.578678071014946616e-01 9.298128191992741653e-01 8.502803761774306857e-01 8.258341109828866156e-01 9.160720410034672856e-01 7.139938258012942240e-01 3.557368416942839617e-02 -8.725096282279160009e-01 -5.235117742472130686e-01 -3.470155707018128255e-01 1.939010436537040860e-01 -7.670428470859733672e-01 -5.913238648602956449e-01 -5.587496075497823123e-01 -5.544051433049609345e-01 -5.585151673125425820e-01 -5.634091075965499407e-01 -5.623365212360684762e-01 -5.277859261017587844e-01 -7.353363864745232625e-01 -6.306432103806810519e-01 -6.039098801023266017e-01 -5.732226000466011939e-01 -5.274542112748540346e-01 -4.602872919024920684e-01 -3.710681215700206148e-01 -2.675653837069055796e-01 -1.621698854170148807e-01 -7.044155614120371778e-02 5.152986422799222394e-02 2.329969376638461875e-01 4.688422457673039889e-01 7.256899083046901566e-01 9.481534102321320656e-01 9.237537247126739182e-01 9.191673390260141074e-01 9.551983121701987933e-01 7.423895609462328737e-01 6.410651306363975843e-01 5.767192800269886899e-01 4.448381049019720090e-01 9.951469529310133511e-02
9.996250870801651756e-01 9.993229502388966123e-01 9.989519145302430125e-01 9.985034801574530494e-01 9.979700876701804724e-01 9.973459795408828876e-01 9.966282584849562864e-01 9.958181085973679680e-01 9.949220995780622134e-01 9.939534321150199636e-01 9.929329039297770665e-01 9.918892839196539191e-01 9.908586830299225268e-01 9.898824168300531801e-01 9.890027846917378573e-01 9.882561713820434690e-01 9.876629497063529328e-01 9.872138901701221769e-01 9.868532625582638884e-01 9.864596913201998385e-01 9.858273021969620187e-01 9.846519844187978654e-01 9.825307464645741673e-01 9.789856280791479071e-01 9.735255274427873085e-01 9.657555162232472901e-01 9.555283044830220618e-01 9.431049101864289463e-01 9.292627336264309701e-01 9.152853310454992508e-01 9.028091731723713043e-01 8.935713132257437907e-01 8.891469284511884785e-01 8.907498629468282303e-01 8.991098981829978021e-01 9.143944553819528531e-01 9.361490409004379343e-01 9.632736490490515502e-01 9.940773727631266876e-01 9.742612715409599833e-01 9.453020129287083018e-01 9.210413029951276531e-01 9.035349811132477038e-01 8.963971538366920511e-01 9.091867766136280116e-01 9.603443533448733360e-01 9.399542136140878190e-01 8.054795368500345942e-01 6.297828760962848049e-01 3.869151915174622869e-01 2.889100576922078167e-02 -5.430013027788846980e-01 -6.256268089813528110e-01 -2.275580633972209277e-01 -9.945848624714920608e-03 1.552690017039888293e-01 3.184336126040757109e-01 5.166995255355769645e-01 8.112289244439924163e-01 7.107040693985325897e-01 2.230174304216775982e-01 -4.489386475736554805e-01 -3.186216586396603545e-01 3.261041373321118542e-01 8.182776383640053552e-01 7.543680500851810411e-01 5.193128446437249579e-01 3.621240087266272556e-01 2.202533760918987116e-01 6.607199183768604211e-02 -2.235946360564521063e-01 -9.259581078843072133e-01 1.570604961022818713e-01 5.280945754483457044e-01 1.349435621166809318e-01 -7.801160594667861936e-01 -6.757636910406519259e-01 -5.725986841805872363e-01 -5.639357488632196214e-01 -5.817559412252677475e-01 -6.045875005036700500e-01 -6.229226967987265828e-01 -6.311118244487569084e-01 -6.249947453969969535e-01 -6.075184796987098679e-01 -6.282705279236252549e-01 -6.759499697774423721e-01 -6.729082322901115409e-01 -5.879574411459032035e-01 -4.086689659289113319e-01 -1.512337710217758757e-01 1.336707289044278824e-01 4.159916549750728443e-01 7.507566412495420005e-01 9.218573352907769580e-01 7.504170163749617206e-01 7.147780442992831551e-01 7.976799055871092170e-01 9.965858746762952247e-01 7.315139220832367339e-01
9.997010845893191666e-01 9.992933531018165505e-01 9.987746270188442299e-01 9.981254371831796979e-01 9.973256195417341541e-01 9.963554180560086904e-01 9.951970702849248784e-01 9.938369498774425326e-01 9.922683084674835952e-01 9.904946030245823652e-01 9.885333086505184719e-01 9.864199987434625339e-01 9.842123260769646276e-01 9.819933664771292037e-01 9.798736032938091256e-01 9.779906512761108450e-01 9.765056598645274200e-01 9.755952162330890909e-01 9.754375108866696342e-01 9.761915765556170577e-01 9.779686581541791046e-01 9.807954089142663090e-01 9.845699799692562149e-01 9.890147074430535312e-01 9.936336479700637048e-01 9.976900950330196416e-01 9.997723303930219352e-01 9.998345331939216818e-01 9.964921621973300558e-01 9.885576438782296416e-01 9.763993076334533949e-01 9.609733218180896985e-01 9.441447462260545986e-01 9.283763426753445236e-01 9.162143874274845112e-01 9.097833516030158219e-01 9.104639078447881451e-01 9.187676840077481089e-01 9.343109625407836072e-01 9.558410361874369876e-01 9.813716417148656834e-01 9.916134711220614406e-01 9.666675816476335559e-01 9.462840274493250492e-01 9.324196277971716906e-01 9.271562881154505886e-01 9.329768526383249716e-01 9.534225794690548428e-01 9.962044059465540169e-01 9.224302143099283313e-01 8.001902491949235419e-01 6.673600805727601948e-01 5.311470690424840990e-01 3.858167827442611220e-01 2.381956170707109910e-01 1.130417409456896671e-01 5.279383736793377691e-02 1.086752494063247948e-01 3.226205303648038702e-01 6.922965986986686637e-01 8.911682708878203574e-01 6.927968787855811605e-01 6.441812217829402387e-01 6.738401057202013655e-01 7.505079339203097888e-01 8.531989516793148098e-01 9.422583029997939619e-01 9.542472967717671173e-01 9.704941300663336712e-01 9.301919356862143884e-01 7.473565632529510783e-01 4.845525000300102136e-01 1.957965448166141820e-01 -1.149200871643366595e-01 -3.437108362001555784e-01 -4.578104100495455353e-01 -5.249145660068083030e-01 -5.861020934134569815e-01 -6.470018976056781668e-01 -7.039434972316763739e-01 -7.549043946141180683e-01 -8.020083508157138663e-01 -8.568020925165064083e-01 -9.670091916881486949e-01 -8.279926317320754903e-01 -6.439728320291585595e-01 -5.198179286455739678e-01 -4.526005661544562630e-01 -4.316643479819085583e-01 -4.536217477520506081e-01 -5.302552467643660838e-01 -7.017340633230222391e-01 -9.106200424322925535e-01 -4.602687298454055664e-01 5.781111684531778719e-03 9.065241849792983198e-01 3.175146464319659745e-01 2.269560322781367656e-01 2.904656196593032869e-01 4.500522214187857584e-01
9.998564038156092515e-01 9.994767309132824851e-01 9.989776065013988848e-01 9.983329689650266570e-01 9.975137463762974166e-01 9.964885592386951707e-01 9.952249916963942233e-01 9.936916011900991386e-01 9.918608380857266704e-01 9.897130238838571792e-01 9.872414792887259649e-01 9.844587931425956562e-01 9.814040755780755187e-01 9.781508459559918878e-01 9.748149782653181550e-01 9.715618793576629164e-01 9.686118234511871261e-01 9.662421129190037483e-01 9.647844606327681261e-01 9.646156462895063566e-01 9.661390322382666929e-01 9.697539281798522870e-01 9.758092363076793507e-01 9.845378056642163367e-01 9.959694899620240571e-01 9.902701143962713282e-01 9.752238560865200689e-01 9.601588437250240249e-01 9.466735627739065739e-01 9.365919934302029404e-01 9.317715826360597475e-01 9.338413892190647880e-01 9.438769549938725856e-01 9.620402786480241053e-01 9.872558393438103375e-01 9.832326570256181286e-01 9.544210764627344412e-01 9.301159084976656777e-01 9.129161142010089325e-01 9.041614382495470892e-01 9.041288639865291410e-01 9.123522213181004537e-01 9.278619593619625849e-01 9.493206912223014493e-01 9.750362840923332275e-01 9.972557806347497333e-01 9.716520784056225102e-01 9.528759488769330543e-01 9.460514033466451700e-01 9.576745662624791544e-01 9.965961746472988825e-01 9.285473395670914565e-01 8.162116357605690986e-01 6.706087316820067423e-01 5.552829130191290208e-01 4.812406897803787609e-01 3.886283608999356876e-01 3.001460820377020999e-01 2.487899105991944471e-01 2.653331488855911746e-01 3.626251412018841047e-01 5.274732141655212869e-01 7.214975947569016723e-01 8.938642561151071142e-01 9.957581478715983314e-01 9.619693973662206687e-01 9.885006207954228907e-01 9.445161639559465083e-01 9.260008980744817153e-01 8.950035197284330613e-01 7.979550109509158107e-01 8.690891166070671137e-01 8.974714675126167496e-01 5.539119322711849591e-01 1.500313336775876416e-01 -1.912899832793667210e-01 -4.509209681249053969e-01 -6.251645803392121836e-01 -7.467983937976502284e-01 -8.459277218846101842e-01 -9.454585386770356648e-01 -9.284422052751480914e-01 -7.792065822077097748e-01 -6.306356399441094274e-01 -5.082242083364997276e-01 -4.199199304934831956e-01 -3.662021725458379229e-01 -3.709723105536413268e-01 -4.214776839707923273e-01 -4.979384886612352457e-01 -6.044438878426185990e-01 -7.473033691970686343e-01 -9.320681367486526314e-01 -8.846017778957058209e-01 -8.817596854854536925e-01 -9.462513841057128561e-01 -6.752121738914569349e-01 2.082703414818688759e-02 4.944018126633286658e-01 2.081032043689580724e-01
9.999732924956440394e-01 9.997971438293361546e-01 9.995495824807670848e-01 9.992096701059112185e-01 9.987520042520920960e-01 9.981464174499499187e-01 9.973579859142689408e-01 9.963475326743079785e-01 9.950728553380232544e-01 9.934909456986097398e-01 9.915614851871180635e-01 9.892518822426796810e-01 9.865440499754930537e-01 9.834429929546621985e-01 9.799870753713567639e-01 9.762595833790904676e-01 9.724008837592573729e-01 9.686201291473641728e-01 9.652050569434473815e-01 9.625279203278245266e-01 9.610448572612247942e-01 9.612848809761878055e-01 9.638230632187897440e-01 9.692306441260629679e-01 9.779938701912733734e-01 9.903957103667777595e-01 9.936770170185431628e-01 9.753249040699617511e-01 9.560793161958888176e-01 9.378390030958809742e-01 9.227825828481102111e-01 9.131329288988911941e-01 9.108898478091652651e-01 9.175405192849114266e-01 9.337670088767908716e-01 9.592025097106087195e-01 9.923107193608412535e-01 9.704505159379543944e-01 9.344554743935024055e-01 9.028971490645253395e-01 8.779673587697961468e-01 8.610756272379929133e-01 8.532901896538285236e-01 8.557191659522541682e-01 8.695804867269129046e-01 8.959598668582132719e-01 9.353294080378041775e-01 9.868338394478374243e-01 9.548205113975047897e-01 9.007653289789085971e-01 8.588210428141006547e-01 8.369229961372142146e-01 8.438923277078564933e-01 8.910811386576630300e-01 9.948559406755279610e-01 8.513246142183467091e-01 6.987720137657530417e-01 5.516065443283271197e-01 3.700516461845357319e-01 1.518565944049378447e-01 -5.995185944951608031e-02 -2.007494793793463406e-01 -2.274994665142875683e-01 -1.410115109968336777e-01 2.514298731307818349e-02 2.237395693641886785e-01 4.106862663109261957e-01 5.567725258626337048e-01 6.518585434382114796e-01 7.030884157353676223e-01 7.366781512072950733e-01 9.647385152688510157e-01 6.992827497170266415e-01 6.590371424285191848e-01 6.543792715072532795e-01 8.955990003249814091e-01 3.500281075466616931e-01 -2.733364779310873405e-01 -6.328482170341912516e-01 -9.688210881853848155e-01 -8.082655747796503309e-01 -6.850935077841628917e-01 -6.008883224189691674e-01 -5.445112593249756827e-01 -5.305127065558458144e-01 -5.886687309815373803e-01 -6.960689445595097391e-01 -8.514225472468383016e-01 -9.368423240384770034e-01 -7.318005174360913134e-01 -5.600667913262525888e-01 -4.195781309079152921e-01 -3.084545979652900671e-01 -2.268933495456549876e-01 -1.736758485612742431e-01 -1.444615486742984733e-01 -1.476395322621880390e-01 2.187418821051293760e-01 4.922813212467559985e-01 4.145186994185252050e-01
9.999039706782384407e-01 9.999437112675916284e-01 9.997616943619946905e-01 9.995510009392287731e-01 9.993158690257425425e-01 9.990651123247051846e-01 9.988137170399025155e-01 9.985846226099868161e-01 9.984105606529758425e-01 9.983357449731480315e-01 9.984171094482888753e-01 9.987246871696580097e-01 9.993406243276042877e-01 9.996438868502793840e-01 9.981369829135642302e-01 9.960543979591326424e-01 9.933321147075169222e-01 9.899435444806751194e-01 9.859191194166669892e-01 9.813672340325781951e-01 9.764940412072182774e-01 9.716184075283067489e-01 9.671769224591044711e-01 9.637122959328185967e-01 9.618371496431138423e-01 9.621653018846239025e-01 9.652065777330479657e-01 9.712317190188469729e-01 9.801307750433260191e-01 9.913036513917381498e-01 9.963906673718143647e-01 9.847490539850586311e-01 9.756320941739444752e-01 9.707880536493269652e-01 9.717314894225371757e-01 9.795264733139715796e-01 9.945607186054546967e-01 9.838861731187935611e-01 9.581621381587069886e-01 9.307024502106818753e-01 9.037489781488542429e-01 8.791069528211651329e-01 8.583744177541622333e-01 8.435191685471055134e-01 8.373324979705683013e-01 8.435108366571482108e-01 8.664978845902203686e-01 9.112081799961258000e-01 9.825150858390656605e-01 9.223474662456712103e-01 8.217733069321764283e-01 7.273775999810305759e-01 6.487439557310500371e-01 5.930164303820929517e-01 5.658208407877579615e-01 5.733205235735040484e-01 6.253625396006871062e-01 7.411768849470251608e-01 9.652684402210729431e-01 6.927356077823046965e-01 3.234657459330153029e-01 -6.992840227975007095e-02 -4.428686369640181253e-01 -7.087825174652523375e-01 -8.100593657324285379e-01 -7.733560264273642293e-01 -6.613283891456057662e-01 -5.235769394430931367e-01 -3.893788788054675098e-01 -2.710599108434280091e-01 -1.647056776311174586e-01 -4.481959202392697683e-02 1.466165762439597953e-01 5.105569656061949013e-01 6.045966181824554697e-01 1.810582917610526754e-01 -8.274573445246800885e-02 -1.276807299451225841e-01 1.255507477951005590e-01 4.338234475940860868e-01 -3.522819456999643495e-01 -6.229711771646696539e-01 -8.324555062536875827e-01 -9.053225790040591026e-01 -8.550664559412483046e-01 -7.380550114259040173e-01 -6.024977276125091930e-01 -4.742489304461224853e-01 -3.640228547195736852e-01 -2.750382180249241193e-01 -2.070440366321616432e-01 -1.581018214899297114e-01 -1.266608276878531392e-01 -1.137087111748965734e-01 -1.231992500320204520e-01 -1.624033001616012883e-01 -2.444110232065834221e-01 3.958765978144468956e-01 6.816637559651240741e-01 7.610821566675365357e-01
9.996177655991225208e-01 9.999285251355843895e-01 9.993340468658082898e-01 9.985725504070586123e-01 9.976167994751014012e-01 9.964404697288989921e-01 9.950206791285679531e-01 9.933414057072681436e-01 9.913978408852309743e-01 9.892016251067663468e-01 9.867867709556021882e-01 9.842159050572197865e-01 9.815862722642408889e-01 9.790347701184715090e-01 9.767411460751683761e-01 9.749284141412434268e-01 9.738595357665320584e-01 9.738294523733075359e-01 9.751516444585855981e-01 9.781385401989874939e-01 9.830753682143875682e-01 9.901875605875595232e-01 9.996027054579808002e-01 9.888170415867112428e-01 9.754979637309898477e-01 9.609607696767777929e-01 9.458922269542894279e-01 9.310989625753314236e-01 9.174477152388209600e-01 9.058044730370475861e-01 8.969842735689358415e-01 8.917140170110584574e-01 8.905907719113498322e-01 8.939977922095332374e-01 9.019454005700766608e-01 9.138581273879005096e-01 9.284183419508179602e-01 9.436268181451877846e-01 9.571675305093140240e-01 9.669730531790858841e-01 9.717236818583465663e-01 9.710604028194231852e-01 9.655637775561972669e-01 9.567746946614098524e-01 9.473833136630062102e-01 9.414051263948400861e-01 9.442542388540198228e-01 9.629226004613529177e-01 9.935798371029302967e-01 9.202038236792557946e-01 8.203652106651969644e-01 7.033521686302351972e-01 5.832942775002357694e-01 4.740720994504229457e-01 3.852968118981831003e-01 3.217958902514321817e-01 2.859996257591663205e-01 2.816556127860658787e-01 3.187946346121465768e-01 4.235999640911590203e-01 6.710763211739344536e-01 7.311031115580155504e-01 1.459689855659892510e-01 -2.850288568685277468e-01 -5.905666597735830248e-01 -7.706149265268823489e-01 -8.169897814986167850e-01 -7.746706145056528880e-01 -7.082419079163250197e-01 -6.518386945415877154e-01 -6.167416771927070052e-01 -6.024490182693442719e-01 -5.977805654225522014e-01 -5.690756940678863840e-01 -4.341330713215553749e-01 -1.437945473053134915e-01 7.245483564638639518e-01 -2.431309746791285586e-01 -5.567472164470997908e-01 -6.198394908836998285e-01 -5.666387660154789119e-01 -2.480117797687823589e-01 2.549475561375915134e-01 -3.421401659891549762e-01 -4.131135321662602333e-01 -3.755246665989502297e-01 -3.129786722163563906e-01 -2.569044254174501773e-01 -2.168088206170122878e-01 -1.943939865773549880e-01 -1.907452580610204396e-01 -2.090412610813678906e-01 -2.553993513946181682e-01 -3.403631580510567689e-01 -4.832232077687561578e-01 -7.235547617339659343e-01 -8.646785597548019009e-01 4.809008983107046498e-01 1.948547047754731476e-01 2.274537389169199730e-02
9.993311300346521264e-01 9.998843707150002480e-01 9.993653765240263498e-01 9.983726930691617651e-01 9.970860430641053096e-01 9.954493493552273309e-01 9.934042182518049158e-01 9.908934364166299691e-01 9.878659835793055510e-01 9.842836920328074113e-01 9.801295143192004788e-01 9.754171267851654559e-01 9.702013282720934884e-01 9.645884439779445207e-01 9.587457806953681994e-01 9.529091527702516773e-01 9.473876122469342409e-01 9.425647099811395035e-01 9.388957781231724864e-01 9.369007611460750118e-01 9.371520160186405102e-01 9.402563432218773443e-01 9.468304426944161856e-01 9.574690737221311920e-01 9.727052424580142631e-01 9.929611635229806943e-01 9.818489514861807876e-01 9.530375592706518129e-01 9.216981989063451897e-01 8.892083749348935751e-01 8.572709157153596271e-01 8.279134892317228100e-01 8.034781842051487155e-01 7.865589249257846083e-01 7.798278433240433127e-01 7.856995559359881698e-01 8.058338337979478183e-01 8.405735362767300378e-01 8.885129840560748171e-01 9.464155222527467215e-01 9.904913846034120173e-01 9.322008638171737083e-01 8.843436604395682465e-01 8.475129494234109329e-01 8.209346794348064691e-01 8.029581375821209788e-01 7.913898785273206782e-01 7.836774854761426878e-01 7.768441523614512123e-01 7.671024109501223265e-01 7.493143248634457354e-01 7.169412405560346979e-01 6.636735181133407435e-01 5.873700694687272739e-01 4.938278026866423920e-01 3.954747237234915169e-01 3.048682576796107879e-01 2.295349253750696983e-01 1.722751759159664442e-01 1.354283433881379728e-01 1.283074181974876438e-01 1.848483687603855730e-01 4.372670509320092380e-01 5.190529610617178324e-01 -2.380812579631410575e-01 -5.491163670344892944e-01 -6.801928830030594675e-01 -7.348135097434953522e-01 -7.496351842819950484e-01 -7.408658208183225291e-01 -7.294758021868832376e-01 -7.348922949690200879e-01 -7.633502984386411061e-01 -8.113941077921834610e-01 -8.702441212288439809e-01 -9.267105721142603336e-01 -9.797891540563937740e-01 -8.827367637309050385e-01 -3.943568444252885663e-01 -3.399290964386318670e-02 -4.054269789684940006e-01 -4.852443621014021491e-01 -5.480259723373142045e-01 -6.127932152127641974e-01 -6.699493630620385609e-01 -5.713181702410635721e-01 -5.307369110170935267e-01 -4.815272129873812146e-01 -4.584936453185440297e-01 -4.767909685716335555e-01 -5.470698429496646531e-01 -6.837421265620150512e-01 -9.165579819861210398e-01 -7.600161314708229199e-01 -4.831796292123695102e-01 -2.588566460713210837e-01 -8.009341348925032300e-02 6.103491051296220521e-02 1.719646565029326613e-01 2.593634222042161541e-01
9.994381318743145171e-01 9.998236527891758429e-01 9.996336125158111763e-01 9.988896780671903119e-01 9.978916119199975343e-01 9.965774059916606697e-01 9.948764495542892217e-01 9.927110546708202143e-01 9.899994466123728243e-01 9.866605739161870003e-01 9.826209741963494171e-01 9.778236993051779846e-01 9.722389639527271310e-01 9.658757945783471577e-01 9.587936407834132257e-01 9.511128253570783064e-01 9.430229635206904826e-01 9.347890420391483657e-01 9.267554727597596687e-01 9.193487532356690028e-01 9.130791009463103958e-01 9.085406124091702784e-01 9.064085112741585570e-01 9.074313795579599384e-01 9.124161780580598569e-01 9.222041675938907890e-01 9.376358341794661655e-01 9.595013007681912898e-01 9.884673948328385196e-01 9.756470213249676116e-01 9.354817352406502584e-01 8.931033314744764029e-01 8.510570640091310590e-01 8.124990153769966472e-01 7.811344599492807683e-01 7.610406020038810171e-01 7.563320460187832328e-01 7.706708378172466567e-01 8.066821250482181238e-01 8.653885669924894497e-01 9.457933692213706944e-01 9.572063957454589600e-01 8.644220794036555633e-01 7.842162226860943663e-01 7.186897785747343725e-01 6.680349088062309537e-01 6.316483139085314891e-01 6.090231025695214129e-01 6.004325982222510349e-01 6.073419691968442446e-01 6.324814973363139803e-01 6.794809009454141346e-01 7.516272807053219207e-01 8.485469195725556801e-01 9.590629921682062298e-01 9.507694422462502626e-01 9.278571368148659237e-01 9.958387237039820761e-01 8.497686640348073306e-01 6.650986550379031081e-01 4.878452589572629394e-01 3.288555827450020397e-01 1.838195065998807498e-01 5.664556451389655967e-02 1.358748064849496506e-02 4.365217172590786787e-01 4.154996292069042946e-02 -3.015888918473966229e-01 -4.005416783332996777e-01 -4.541723623741182880e-01 -4.995199156128656837e-01 -5.435879028990786566e-01 -5.916039049864045829e-01 -6.557568868708401055e-01 -7.294440673403383979e-01 -7.924213288168264757e-01 -8.372397006203232683e-01 -8.746828881989240356e-01 -9.510405798068291006e-01 -8.738121410970532965e-01 -6.033802102832744874e-01 -3.479548712683674244e-02 3.354093928164187388e-01 -1.139575284682239897e-01 -1.725277939655818771e-01 -1.200568029062707848e-01 1.767139420608872524e-01 3.892260981803772890e-01 -2.732534885749797748e-01 -4.368144544763561399e-01 -4.339232758805526835e-01 -3.507629570731153890e-01 -2.364489262116728219e-01 -1.203273377718050430e-01 -1.579276334779998112e-02 7.250442797946433926e-02 1.439949583854604198e-01 1.999145413600240950e-01 2.420091734223712987e-01 2.716560793653338135e-01
9.997963408120525974e-01 9.997297541753401573e-01 9.996204735983635903e-01 9.994472722019048794e-01 9.991808735291963783e-01 9.987819302176706993e-01 9.981989448367505346e-01 9.973663883861718649e-01 9.962034022664547628e-01 9.946136030682493079e-01 9.924866076717948626e-01 9.897018981079839239e-01 9.861354762133069940e-01 9.816693556360051032e-01 9.762033092932497214e-01 9.696675768178002475e-01 9.620347550454424468e-01 9.533292561671403709e-01 9.436337765703356473e-01 9.330939311718857709e-01 9.219236986811654155e-01 9.104144712220136881e-01 8.989487514983460770e-01 8.880164990326360197e-01 8.782292951578658524e-01 8.703262676044938306e-01 8.651665167215589758e-01 8.637050645353555600e-01 8.669521619630089493e-01 8.759179404438428573e-01 8.915432809919139334e-01 9.146081297546991840e-01 9.455851532774983692e-01 9.843748146799801146e-01 9.710183484652125108e-01 9.266312225996359286e-01 8.871624774755692000e-01 8.574756330733214194e-01 8.422833281075927658e-01 8.455456348524801324e-01 8.699873209769694027e-01 9.168094908108493923e-01 9.855527740896762312e-01 9.311070025515039150e-01 8.489507002931783175e-01 7.746835269388139267e-01 7.124265208267804850e-01 6.645840394861033396e-01 6.327917003176402044e-01 6.191401601634944907e-01 6.274829730797708560e-01 6.644441261945236432e-01 7.400373563732985938e-01 8.680614574288662011e-01 9.381435152570066771e-01 7.399274117520127092e-01 5.785615486526326512e-01 4.661757290616902472e-01 4.099051592063592819e-01 4.158180628634178810e-01 4.920323244795672957e-01 6.544381070465578043e-01 9.424080708843231013e-01 6.815504050216246723e-01 3.801693805994014186e-01 1.425775763796750528e-01 -6.002448463307722554e-03 3.809966637061467515e-02 4.285148894573387324e-01 7.303573755402997802e-01 2.734962463783300324e-01 5.942540889159261819e-02 -7.313849982236514391e-02 -1.678303075284413304e-01 -2.420500443643412714e-01 -3.080269164625193401e-01 -3.647016461103258500e-01 -4.061315172417002684e-01 -4.339051483568819867e-01 -4.623317920051280838e-01 -5.312245998094541344e-01 -6.784448735486755533e-01 -9.170247142774942128e-01 -9.458399035885419748e-01 -8.123206287203880160e-01 -9.484923575693724462e-01 -8.367741920726144977e-01 -4.964956945861092041e-01 -2.156339689206184795e-01 3.310966983637201877e-01 5.183941577613784268e-01 1.720844396111419206e-01 1.094460558382649717e-01 1.129607524445755684e-01 1.275500304142585251e-01 1.403860307210086089e-01 1.467345663800320166e-01 1.413809597633670090e-01 1.192562821155842417e-01 7.434027582059221650e-02
9.985396190638642366e-01 9.987123943903118972e-01 9.989569130026408894e-01 9.992824045994802562e-01 9.996945407791921756e-01 9.998073349623528561e-01 9.992342302442671631e-01 9.986114395913470165e-01 9.979839147957463297e-01 9.974222756852925142e-01 9.970288598779077915e-01 9.969431632936757159e-01 9.973456298438596601e-01 9.984584863253455067e-01 9.994580953498826137e-01 9.961287314708803242e-01 9.912824765193520848e-01 9.846758720614676719e-01 9.761242761382957767e-01 9.655238961177243784e-01 9.528585200196922900e-01 9.381872655401614081e-01 9.216196927710865738e-01 9.032952149255403240e-01 8.833864290512274398e-01 8.621358128252085695e-01 8.399175503479148208e-01 8.173033926131123561e-01 7.951112794009971285e-01 7.744254735119487920e-01 7.565895974161117588e-01 7.431833869768798007e-01 7.359957819348200703e-01 7.369938183087528794e-01 7.482512990398846320e-01 7.717514943307891562e-01 8.089521423023173785e-01 8.600556518296905706e-01 9.230959619524224946e-01 9.931957840059634224e-01 9.411534901171387801e-01 8.917345120347185405e-01 8.616711037248744320e-01 8.521267570363311172e-01 8.629659923320291970e-01 8.930884054881119694e-01 9.403352726397654626e-01 9.990051820340578592e-01 9.352797508424954831e-01 8.796643980706098098e-01 8.375337343526865208e-01 8.133196300676456270e-01 8.128981743370019553e-01 8.458635564361459691e-01 9.265487910315483022e-01 9.317328749561332168e-01 7.664123958403838976e-01 6.128807213512529328e-01 4.903999165967610763e-01 4.061939529935627013e-01 3.613412783802839590e-01 3.571614047404121361e-01 4.000772607502779965e-01 5.085159199479633019e-01 7.323538934063603678e-01 8.184599825993856825e-01 3.863699729603704558e-01 9.271944602302462091e-02 -4.642474879120198766e-02 -6.762783460724453022e-03 2.156281323675999784e-01 6.166822767630300017e-01 7.890058718314761910e-01 4.085618872731406892e-01 1.881800634869303657e-01 4.248685948477835816e-02 -6.421317878086792164e-02 -1.515947467928130954e-01 -2.273973615018657357e-01 -2.930314791855900269e-01 -3.596646101811698526e-01 -4.592837307493300436e-01 -5.975159864980404967e-01 -8.024073145264843943e-01 -8.749382044897840993e-01 -8.284192280682892706e-01 -6.903794933918442345e-01 7.524137469896409192e-01 -6.475161577608911090e-01 -7.331356624727495275e-01 -9.551614732071670444e-01 -4.111746986040156204e-01 6.552973430851284364e-01 2.432470634880943006e-01 1.695138532606817183e-02 -8.564486380405833543e-02 -1.843717901936005044e-01 3.265980724424619175e-01 5.558938072377305195e-01 9.597722437660963779e-01
9.973912220139944385e-01 9.975405650284707715e-01 9.977984114583873243e-01 9.981921172226159156e-01 9.987511364489962684e-01 9.995053291051398947e-01 9.995179997009319139e-01 9.982999113941488645e-01 9.968335099094017826e-01 9.951318801467672337e-01 9.932379017041247371e-01 9.912357137527281203e-01 9.892636699182572046e-01 9.875278494737225188e-01 9.863143718798565995e-01 9.859974876327238791e-01 9.870384380500358823e-01 9.899671160595526764e-01 9.953347575595559160e-01 9.963897357009754430e-01 9.851205822618586128e-01 9.711812165364296368e-01 9.553037790553877695e-01 9.383445498028955001e-01 9.206695318806866757e-01 9.016772894582127940e-01 8.799828083611789253e-01 8.541313055093067153e-01 8.232692567640360615e-01 7.874860642658173537e-01 7.478910027866778609e-01 7.065562814833188376e-01 6.663982734826979781e-01 6.310175206365190581e-01 6.044914156255947191e-01 5.910974629091974020e-01 5.949318174963652561e-01 6.193882526624999718e-01 6.665075670986828626e-01 7.363112575498724777e-01 8.263351782319650063e-01 9.315631231789038846e-01 9.571257889046514977e-01 8.640811596854706123e-01 7.939214451883369605e-01 7.450659973431655869e-01 7.159537259482358085e-01 7.054716947216603806e-01 7.128613610788446797e-01 7.372348639839150231e-01 7.768739451862648471e-01 8.288425562653062295e-01 8.896058993961954986e-01 9.559131475273934253e-01 9.771819053706524150e-01 9.243408754904269831e-01 8.990913927584099907e-01 9.160769363229546158e-01 9.893328327911060649e-01 8.869785697219070286e-01 7.522348113504718770e-01 6.313308246109404775e-01 5.335827407209957629e-01 4.587230344863686970e-01 4.082242793049422058e-01 3.978904069242984454e-01 4.731743920146409543e-01 7.665775970391220939e-01 5.271352384886122122e-01 5.795282722451157442e-02 -1.072004453553320052e-01 -6.675390284433890820e-02 7.714688292890486965e-02 2.785190314932282640e-01 6.400874335122177516e-01 6.862362613259439525e-01 2.221357489510170924e-01 -6.814526502482121106e-02 -2.859413147110982378e-01 -4.850014309391033618e-01 -6.934036358360375907e-01 -9.282760401080796253e-01 -8.284143709137621325e-01 -6.431946241044533830e-01 -5.033470032583940990e-01 -4.404997845506682386e-01 -3.800967135529731422e-01 -2.745728680181551695e-01 -5.107787099093660105e-02 5.731604705499416808e-01 1.732591977122978077e-01 -2.868533026350804649e-01 -5.667546474138180912e-01 -8.623362573169985890e-01 -7.114513714283665635e-01 -4.096839987598575594e-01 -3.503651751485154509e-01 1.798237360690237430e-01 2.971699520175328027e-02 9.112348226757704950e-02
9.970626872994109435e-01 9.969203405683332297e-01 9.968181665934453539e-01 9.967771062991648279e-01 9.968229947993756390e-01 9.969867292534050351e-01 9.973039872561760832e-01 9.978142380505073961e-01 9.985586938321582284e-01 9.995767257834224928e-01 9.991006915781526221e-01 9.974620966818493750e-01 9.955240952686568168e-01 9.933493107777150444e-01 9.910683046193220491e-01 9.889063486518279156e-01 9.872140719498910810e-01 9.864980038488387892e-01 9.874399537481360900e-01 9.908753328826168660e-01 9.976505337405680018e-01 9.919059778654950588e-01 9.792472240117073845e-01 9.687722224642442148e-01 9.661613331640305224e-01 9.711415501428413144e-01 9.766729580114629217e-01 9.758434746195806531e-01 9.644566658059837705e-01 9.404813103513604000e-01 9.035542686489707043e-01 8.549285879676822297e-01 7.975660199386072069e-01 7.360864277696742564e-01 6.763878657476082301e-01 6.249000343319492945e-01 5.876243417000258651e-01 5.692620022162820925e-01 5.727265586036863754e-01 5.991580578157046366e-01 6.483119753978605626e-01 7.190299122143390953e-01 8.094892265576609791e-01 9.170976391260796667e-01 9.632048486316718838e-01 8.562008375102374558e-01 7.690138323832135248e-01 7.002573245082480691e-01 6.488710395680438170e-01 6.148466248552919566e-01 5.993974306204088442e-01 6.047893272912008289e-01 6.339434391919844813e-01 6.897804988277518312e-01 7.744834617654259290e-01 8.894290791415383479e-01 9.654755233592838826e-01 8.250497600506995211e-01 7.121272454860957390e-01 6.368381207117416176e-01 6.095611884459679608e-01 6.392960958143014683e-01 7.330543127008062321e-01 8.977777105846145300e-01 8.714643769456192901e-01 6.577161924848338170e-01 4.740794599581465429e-01 3.228901477214889404e-01 2.175856826972590585e-01 1.898903704604247844e-01 2.945611627860160175e-01 6.274141626895785029e-01 7.342440573982795815e-01 3.723914008278506049e-01 2.459113318902501066e-01 2.704179185001638341e-01 5.128457188154310620e-01 5.288646875596573205e-01 -3.195285454673630343e-01 -8.829930974059337911e-01 -7.241028027140165024e-01 -5.192856575211892700e-01 -3.875502760365663324e-01 -2.934946471035707050e-01 -2.221475828853236301e-01 -1.653170586924702368e-01 -1.177681615616636979e-01 -7.439611821377080381e-02 -2.281096303488878985e-02 5.567742446458266020e-02 1.939410604600393939e-01 4.586913071684133314e-01 9.877553810899680764e-01 4.872854227396655746e-01 2.604285333820244852e-01 2.585749918435908956e-01 2.069140382071190110e-01 7.528365821499527488e-01 6.909345034067517766e-01 5.492252972905724562e-01
9.979819816981160274e-01 9.974478437369339590e-01 9.968188813850140662e-01 9.960896522734900005e-01 9.952582157570342147e-01 9.943276879124857137e-01 9.933080427923149935e-01 9.922180836626668388e-01 9.910874348332736616e-01 9.899582965750235442e-01 9.888865480250907947e-01 9.879415586734296983e-01 9.872037628625890404e-01 9.867586603720072125e-01 9.866854524583351660e-01 9.870380734105796972e-01 9.878160703049916336e-01 9.889229085726226609e-01 9.901106100820727951e-01 9.909146918855130659e-01 9.906012000468953360e-01 9.882112254062502821e-01 9.830164333872162263e-01 9.764394345287010779e-01 9.771205860780609598e-01 9.985298600640651889e-01 9.657002840013808598e-01 9.313916330526433862e-01 9.046692447837137996e-01 8.873744252794106835e-01 8.808675778382059063e-01 8.870706447725407173e-01 9.084895758475494132e-01 9.477488471488021426e-01 9.934181672933070084e-01 9.220674644150544941e-01 8.498584267883961818e-01 7.854820490392169230e-01 7.354047593216453960e-01 7.030464895606837183e-01 6.892862063941644912e-01 6.936163555848340323e-01 7.153063412010118860e-01 7.542398794372119353e-01 8.111823632704239229e-01 8.871652562454551694e-01 9.821884568760079759e-01 9.135467014523872553e-01 8.182428848892702167e-01 7.343502761665188228e-01 6.633297717781507785e-01 6.073610407174884207e-01 5.696695408251670756e-01 5.544576970611355682e-01 5.668972189170453646e-01 6.132802143280339235e-01 7.011812928235663378e-01 8.389304996392908942e-01 9.680805150864801867e-01 7.792817604896056238e-01 6.336645880138740416e-01 5.314903679525878610e-01 4.743121518986918583e-01 4.674884495441498644e-01 5.195924540244334366e-01 6.432303910562798821e-01 8.603062807714632054e-01 8.213561080873216236e-01 5.489157944158268299e-01 3.462742245372497640e-01 2.147058344874175073e-01 1.578552195915425005e-01 1.822790586569461579e-01 2.927726776550100829e-01 4.999521277693380061e-01 8.312249881594474532e-01 7.460946191434794095e-01 4.717258933851720681e-01 2.980342133326079335e-01 1.817893220084845218e-01 3.305212447927135394e-02 -5.020616970102052823e-02 -1.037440961341109524e-01 -1.288601169069816532e-01 -1.410157474336258543e-01 -1.551787479329198860e-01 -1.839129434090996662e-01 -2.191873444029242002e-01 -2.555898036449250621e-01 -2.860096260442212546e-01 -2.970176157975532583e-01 -2.672249725143225341e-01 -1.710682944706883590e-01 6.147220103139747725e-03 2.447047570439975506e-01 5.405991169384358752e-01 9.863464895862772419e-01 6.326936300453377404e-01 7.048455431213916933e-01 8.444239046418178241e-01
9.999203413005914864e-01 9.992751746034282956e-01 9.982438312390007340e-01 9.969489688478420097e-01 9.953539203139164515e-01 9.934243692097570744e-01 9.911314864600709873e-01 9.884558913257547319e-01 9.853923994378581686e-01 9.819554109509739392e-01 9.781846452859755958e-01 9.741507411030765340e-01 9.699600059318564949e-01 9.657573152895528867e-01 9.617258306558058578e-01 9.580818564269251159e-01 9.550628556751271647e-01 9.529065177372403328e-01 9.518190199133573781e-01 9.519316330920684077e-01 9.532476411435092389e-01 9.555898593258255191e-01 9.585861941566241606e-01 9.618229753654410352e-01 9.655876514029416713e-01 9.731778364936348735e-01 9.936817060404150581e-01 9.674503410058703512e-01 9.209099757615897275e-01 8.765230772942004256e-01 8.381973011626220327e-01 8.078016914661423353e-01 7.873065813246727940e-01 7.791098517180142791e-01 7.856154305465701260e-01 8.085133524864631660e-01 8.480001460749415632e-01 9.021916071376884227e-01 9.669896550998656748e-01 9.647442316636191117e-01 9.056294083963017938e-01 8.593829507273662571e-01 8.266889130643685357e-01 8.072973122079620811e-01 8.007559787329074918e-01 8.068641640720553010e-01 8.259299892914478969e-01 8.589601159549976606e-01 9.078291708612508115e-01 9.752524684648571363e-01 9.395668787386886045e-01 8.492968137342903345e-01 7.607859302740972440e-01 6.806412581276368723e-01 6.152553639398549157e-01 5.704898940697171739e-01 5.517315126815726112e-01 5.642659394140995266e-01 6.140218019333274491e-01 7.094410034620306504e-01 8.650828359084741237e-01 9.082934444081895986e-01 7.009064008311676197e-01 5.482445705771107347e-01 4.452211123078953503e-01 3.864585539464246988e-01 3.751338491492109961e-01 4.198531400488630938e-01 5.332905066796214122e-01 7.435217825336228881e-01 8.707385273592137542e-01 4.984252593034823597e-01 2.694802642499146139e-01 1.759252354253196815e-01 1.552408068318053003e-01 1.896600487906571486e-01 2.874444141081519688e-01 4.869303637809790364e-01 9.408119828119422268e-01 3.256541363338746331e-01 -4.145571534780483902e-01 -4.621396035330022634e-01 1.571976353335978738e-01 7.499169461683419247e-01 -3.780821997055515415e-02 -2.897494381785245543e-01 -5.379178353070833696e-01 -8.130222082638326464e-01 -8.901039320018550027e-01 -6.705077761385652702e-01 -5.168646822778883987e-01 -4.090679146702887459e-01 -3.421125294064357725e-01 -3.237672510593050390e-01 -3.861843254041618101e-01 -6.457878409104477191e-01 -5.429944401488066008e-01 1.697347485129077904e-01 9.766871074506148220e-01 2.562430164647599984e-01
9.971496210641411784e-01 9.979422461409892531e-01 9.990352015380122852e-01 9.995090684006896486e-01 9.976273068593516369e-01 9.952543195126557496e-01 9.923264031704291943e-01 9.887874834839729399e-01 9.845957155821762896e-01 9.797313425529591280e-01 9.742054465632743465e-01 9.680689557117702071e-01 9.614209870619602194e-01 9.544153616617596647e-01 9.472639806573310839e-01 9.402357628884877583e-01 9.336500590580237846e-01 9.278638912551242512e-01 9.232529936136462112e-01 9.201873843685702825e-01 9.190030098643457990e-01 9.199719083315707202e-01 9.232748159516851461e-01 9.289838184332285254e-01 9.370728336019238380e-01 9.474992091514885528e-01 9.604490255046055358e-01 9.768678289062298070e-01 9.991107233519459507e-01 9.704632996835336201e-01 9.328459307902432496e-01 8.924714515881925214e-01 8.547886288635937468e-01 8.239533974180733855e-01 8.026901943427772190e-01 7.925913878473045404e-01 7.941680421101622311e-01 8.068116012395681880e-01 8.288881384310866629e-01 8.580419946303778911e-01 8.916590643357579227e-01 9.273730068585513964e-01 9.634765716607123220e-01 9.991011217469479844e-01 9.670658524071356066e-01 9.360520963674046069e-01 9.079961061232026953e-01 8.838846288775015214e-01 8.656372214947717358e-01 8.560702249222316151e-01 8.588763840685061934e-01 8.786049435126607188e-01 9.204952122279868032e-01 9.899849401715221653e-01 9.160036296368060382e-01 8.146469611472015870e-01 7.177859685372220966e-01 6.356741879765649417e-01 5.759310519826872365e-01 5.439007904260466653e-01 5.438689414631888708e-01 5.809847029909308569e-01 6.659350868946350976e-01 8.243023098473959420e-01 9.131212185324821817e-01 6.613877644175013559e-01 4.759335543135743696e-01 3.448192188187172436e-01 2.578914476656404831e-01 2.148982620399610410e-01 2.171920933295527767e-01 2.768526076247710410e-01 4.637359782512531781e-01 8.770895560024974946e-01 5.312535743105384345e-01 1.609716148807012470e-01 -1.063175151482593506e-01 -3.854152011404484712e-01 -9.400619920879169644e-01 -4.804127200012812959e-02 9.344331070096989489e-01 5.091933945549121932e-01 3.484176241261997542e-01 3.040903386995575941e-01 4.848281073914438299e-01 7.450304135467994415e-01 3.942262901001625935e-02 -8.626547891843954208e-01 -3.679707125755881658e-01 -1.336943163249710298e-01 -2.957496269386713714e-02 2.094966601232013323e-02 3.861275744957509692e-02 2.729984360154436018e-02 -1.759602112276129407e-02 -1.085317842023926921e-01 -2.686073417759716753e-01 5.266906881301740562e-01 8.040381181841481650e-01 5.423224450581553002e-01
9.944121286934572979e-01 9.948619325655977397e-01 9.955936492199378707e-01 9.966796732412552817e-01 9.982023939786294209e-01 9.997469733638619793e-01 9.970789361052461164e-01 9.937073043392942173e-01 9.895510276288055351e-01 9.845463702549782647e-01 9.786575530171629511e-01 9.718884181543175904e-01 9.642939652640732939e-01 9.559901646418315080e-01 9.471601875632137402e-01 9.380552723459613107e-01 9.289890139196028684e-01 9.203249547711749301e-01 9.124587988389166737e-01 9.057979543175760373e-01 9.007418339904987858e-01 8.976658147622040840e-01 8.969097469104061471e-01 8.987688694766423625e-01 9.034821938105065398e-01 9.112126135511716685e-01 9.220158585865837475e-01 9.358032180502330322e-01 9.523166806345174651e-01 9.711543951479842951e-01 9.919017449596064795e-01 9.857942607053318262e-01 9.623181172648881399e-01 9.369162781938736861e-01 9.090522858178486931e-01 8.796777441572177780e-01 8.513158938840725831e-01 8.267603492675200672e-01 8.079971130944217927e-01 7.961216250214181445e-01 7.917494709250706419e-01 7.953510126846069506e-01 8.072875996842144852e-01 8.276464376437473458e-01 8.561346364689390587e-01 8.921500399931546754e-01 9.348954013397403617e-01 9.833639198650442337e-01 9.651261651538663999e-01 9.166032684621870930e-01 8.738384690843775671e-01 8.396878531392585332e-01 8.175774784422275010e-01 8.116818047692657689e-01 8.270388212014780915e-01 8.695073216916615610e-01 9.453828702124085215e-01 9.430674968529608737e-01 8.213923372008311574e-01 7.077146917967046535e-01 6.131545476249697924e-01 5.445378761250639910e-01 5.057990067120243793e-01 4.997552515425836561e-01 5.301090635601778400e-01 6.070566155606924585e-01 7.640991357880219104e-01 9.419578015792845482e-01 6.354604978579512231e-01 4.107255530745037575e-01 2.572401574954223391e-01 1.614317317287231879e-01 1.124161477745397320e-01 1.060490186605865248e-01 1.446961278925097127e-01 2.390464987918330397e-01 4.602670868891188816e-01 4.287950910465619936e-01 -2.555649362191982910e-01 1.453565082999195845e-01 3.484193544691322475e-01 5.259993011313640610e-01 7.091440193516522772e-01 9.035144575589533211e-01 9.113003098737195717e-01 8.214484977996503456e-01 9.842657353482968663e-01 7.327060306175264826e-01 4.913327779968181819e-01 -2.199601696303800924e-01 -3.834773948535346033e-01 -1.268455655767398993e-01 -1.373237715402668702e-01 -2.567276425458644984e-01 -5.002161149900529180e-01 -9.995743239772350019e-01 -4.323855534893686348e-01 8.404693693193841797e-02 1.488856681587190089e-01 3.323054083945033432e-01
9.924078639987307104e-01 9.922243799298785527e-01 9.922072717441876577e-01 9.924201612682232998e-01 9.929402528687748530e-01 9.938591287537154040e-01 9.952827399215289361e-01 9.973301893572413812e-01 9.998691821174300332e-01 9.961953245967242188e-01 9.915448350779595410e-01 9.858299849241950463e-01 9.790002416614543845e-01 9.710571822359508332e-01 9.620677786751018479e-01 9.521734165998508859e-01 9.415921287097253067e-01 9.306125285789901280e-01 9.195798648437077949e-01 9.088771067757114297e-01 8.989061450820697852e-01 8.900748414249031182e-01 8.827937342142254673e-01 8.774815393129324903e-01 8.745725284823722134e-01 8.745141829777447473e-01 8.777429554391203981e-01 8.846302488908177608e-01 8.953979775929332696e-01 9.100111711748922749e-01 9.280648434251468348e-01 9.486979049841046674e-01 9.705918047322830144e-01 9.921447550140218841e-01 9.881848202983352092e-01 9.709996184239270134e-01 9.531830671391078313e-01 9.261721654898502631e-01 8.820914499714999080e-01 8.295155381516204907e-01 7.831245839670116782e-01 7.510004495685794756e-01 7.354827787990793064e-01 7.350734106599742246e-01 7.469959792654622399e-01 7.691820713859048864e-01 8.006506615325300613e-01 8.412169794408770329e-01 8.911474000452301869e-01 9.508150828878624283e-01 9.801595428213165651e-01 9.104344676047346763e-01 8.460445937164190466e-01 7.910848355692176037e-01 7.503047261847815008e-01 7.291005365400886618e-01 7.334512941235046268e-01 7.697991467288493039e-01 8.448539473765016572e-01 9.652218682928487281e-01 8.798723518548862144e-01 7.346546308160764038e-01 6.123363827952011951e-01 5.188360236965983141e-01 4.570289619664396619e-01 4.289425953473667286e-01 4.363329026963332358e-01 4.796788746846616935e-01 5.565890182659855023e-01 6.650627896434792019e-01 9.097472522761974600e-01 7.180398092050538361e-01 4.658152625228534904e-01 3.104968728330907979e-01 2.238691192411157715e-01 1.850788346247875249e-01 1.848326654641514466e-01 2.308465715507328764e-01 3.568154026213996022e-01 9.309373964050663419e-01 -5.176845723341404470e-01 -1.637072472519398789e-02 1.271298440558090437e-01 2.266334937996259402e-01 3.284736962810065886e-01 4.560304054927172834e-01 6.278545555108694387e-01 8.652966176615689564e-01 8.340405433933234525e-01 8.371896542341481506e-01 9.671950602916700168e-01 6.464763234754467014e-01 1.144685443374361955e-01 -8.021249535474031522e-02 1.805992426051332769e-02 1.808099661621541399e-01 3.249218882715538270e-01 4.392001218501147553e-01 5.294014930633970106e-01 6.033615955096802708e-01
9.917183078351173853e-01 9.907339801429823067e-01 9.897145851130804139e-01 9.886933959821579965e-01 9.877180174663122703e-01 9.868535517845232752e-01 9.861858036598281085e-01 9.858242159733777710e-01 9.859040942076869873e-01 9.865875354862768676e-01 9.880623514320789891e-01 9.905382042525457953e-01 9.942392213393542733e-01 9.993925861120249721e-01 9.938252798193611959e-01 9.853339673552555800e-01 9.750976904354841102e-01 9.631726684946780859e-01 9.497141649535745245e-01 9.349726879165369819e-01 9.192821218762805557e-01 9.030459100016751117e-01 8.867290721448368718e-01 8.708615777480231968e-01 8.560521329851837891e-01 8.430032087422009157e-01 8.325126428775275755e-01 8.254480067600905580e-01 8.226863299381110828e-01 8.250186510591780431e-01 8.330220469445857034e-01 8.469034379183211225e-01 8.663276551241515522e-01 8.902644983874559159e-01 9.169243823833893581e-01 9.438849915647625766e-01 9.685289906146199446e-01 9.889942808503147109e-01 9.933641292563377689e-01 9.640166378791185098e-01 8.901247785723428452e-01 8.013754438751025111e-01 7.328337497792846156e-01 6.911283959164189472e-01 6.712024855294725922e-01 6.663382907662742660e-01 6.730686940362150539e-01 6.905116967538557082e-01 7.192865443986060647e-01 7.610543790142754172e-01 8.183635631851833292e-01 8.945159664785126141e-01 9.931663867953866021e-01 8.951070375096438214e-01 7.898814896619293924e-01 6.989411656792384742e-01 6.298329054171296626e-01 5.893671682277662471e-01 5.833813889978807232e-01 6.169223366371903161e-01 6.948198276568290366e-01 8.225172208889717229e-01 9.931389946351754094e-01 7.958605015206934308e-01 6.333945592202943065e-01 5.077589807418170231e-01 4.193110067548893038e-01 3.694407657918107879e-01 3.606662536933430419e-01 3.946124226356100828e-01 4.688632021948340167e-01 5.755489081806857143e-01 7.084610130891301205e-01 8.918948968278875844e-01 8.434995592413624399e-01 6.305228357885114265e-01 4.946082974697122436e-01 4.207458603059958113e-01 3.990361511519363580e-01 4.405794887738186949e-01 6.177975871717006351e-01 7.395065668031680639e-01 -1.908318515871652299e-01 -7.758323136144031906e-01 -3.304477670986677995e-01 -1.405807586675970333e-01 -1.065991801400834917e-02 1.520674192929940549e-01 4.040036047236961192e-01 8.540681076051532816e-01 4.574490254774580822e-01 -2.467689739896912204e-01 -6.623727177680136524e-01 -2.839340935864608784e-01 2.216352510910421791e-01 7.012549947806860917e-01 6.629855977394578659e-01 6.724273329193478643e-01 6.826392383245257767e-01 6.884546134207311097e-01
9.926573115300121319e-01 9.909140276021274341e-01 9.888892820475718715e-01 9.865667541467686430e-01 9.839404455870932598e-01 9.810197293840476895e-01 9.778354875748143105e-01 9.744472511828210504e-01 9.709510850288584072e-01 9.674877336505980363e-01 9.642502747116195039e-01 9.614902453888014566e-01 9.595209757447965560e-01 9.587167718219339330e-01 9.595067524763145617e-01 9.623626627888243190e-01 9.677809046930662129e-01 9.762602380223757148e-01 9.882777746050303014e-01 9.957517272495087779e-01 9.759946618890675829e-01 9.527839424224722187e-01 9.264949535025924776e-01 8.976738336150154041e-01 8.670332323024331211e-01 8.354595667222838307e-01 8.040264024444615520e-01 7.740005165036857315e-01 7.468266000172885111e-01 7.240821062998197277e-01 7.073983562689621918e-01 6.983423437385050114e-01 6.982488828002295644e-01 7.079951045625373363e-01 7.277286319862530384e-01 7.565985431096388103e-01 7.925833494862667417e-01 8.325409722581094130e-01 8.726091569095274503e-01 9.091484088916621520e-01 9.414541629960394564e-01 9.905672968361691755e-01 8.815229156474353456e-01 7.511582068702779003e-01 6.571557151662046348e-01 5.958787560462410759e-01 5.560614458024539797e-01 5.304471395854974958e-01 5.165528471928710896e-01 5.146228821689678989e-01 5.267595021668297628e-01 5.569331566203794548e-01 6.114416140839566971e-01 6.995680627234659443e-01 8.340053019203936824e-01 9.709915506515209849e-01 7.694606720189272053e-01 6.100020686368635703e-01 4.984995929760577260e-01 4.339561294677051206e-01 4.124333708099661155e-01 4.301455019933091983e-01 4.852234856666193807e-01 5.785817446401209097e-01 7.145637614502732271e-01 9.019352726496530082e-01 8.655647295649498973e-01 6.687327079705375210e-01 5.153235759526975102e-01 4.045210520197092818e-01 3.375060050760879116e-01 3.145770296986123982e-01 3.313263853996555319e-01 3.772979219475735557e-01 4.405224156481735154e-01 5.184076356228114468e-01 6.296435077001124592e-01 8.032994961933832556e-01 9.536763799068274094e-01 7.409102033886616478e-01 6.071301788369733998e-01 5.545800728833175652e-01 6.133018442005047088e-01 9.567350561440446377e-01 1.944844562399975774e-01 -7.835134122879081620e-01 -4.990598393670150346e-01 -2.762379372813766332e-01 -1.542882379827462402e-01 -4.398974801940228746e-02 -1.207253626632583468e-02 8.979599653500351941e-01 5.992499334762405594e-01 6.019355910505205243e-01 6.300259128110780038e-01 7.025101527505411836e-01 8.207237093428610963e-01 9.345441279240629395e-01 7.675241793682717473e-02 1.331152532296924797e-02
9.950484916795661050e-01 9.928442782586589521e-01 9.901421093132797280e-01 9.868698986786543781e-01 9.829574226698593042e-01 9.783419623921264519e-01 9.729759506119594059e-01 9.668368151003933209e-01 9.599390254875476147e-01 9.523480626984394126e-01 9.441956386162587700e-01 9.356950277028500684e-01 9.271549038317642433e-01 9.189897274936059679e-01 9.117246682183842710e-01 9.059934559690863143e-01 9.025285699465193101e-01 9.021448048905601480e-01 9.057193092241382359e-01 9.141732190264295621e-01 9.284613300827389004e-01 9.495760113378504119e-01 9.785688886660658392e-01 9.836827282053475230e-01 9.390394616817059337e-01 8.888901129177931848e-01 8.344642417585249605e-01 7.773000431091765527e-01 7.192506700441190226e-01 6.624791365091129425e-01 6.094224742288841812e-01 5.627111232858317269e-01 5.250340142947792499e-01 4.989434858857915156e-01 4.866025014241828206e-01 4.894926444999795345e-01 5.081208702481090356e-01 5.417776169611501214e-01 5.884042178052349970e-01 6.446309851186119433e-01 7.060837426668921113e-01 7.683168721069377760e-01 8.310490858057664187e-01 9.327325021108453518e-01 8.619396512309037695e-01 6.790814792544824785e-01 5.423064136468158658e-01 4.386561527876436939e-01 3.555213994953997370e-01 2.866739110537679935e-01 2.309478457426472897e-01 1.906046228645031371e-01 1.708768501272169560e-01 1.800619587852070325e-01 2.294882184465343589e-01 3.327314965540022484e-01 5.034011105276947617e-01 7.507626312615984787e-01 9.321763729657379649e-01 6.908751488103478389e-01 5.472632698684388730e-01 4.663078998749540793e-01 4.286594590279252381e-01 4.243346758858875800e-01 4.492529016374061102e-01 5.034836939955980029e-01 5.905728199647000132e-01 7.178386370495761781e-01 8.978314475063082778e-01 8.690696696647476349e-01 6.645761823093344622e-01 5.028859380589378869e-01 3.847285430250388383e-01 3.081522072025322245e-01 2.678576843203856472e-01 2.560118526129161465e-01 2.648582591434867628e-01 2.928902507550447121e-01 3.614401816311686444e-01 4.978358601632191793e-01 7.125865137012632466e-01 9.696312756981547709e-01 6.718930046915339016e-01 4.753102561430058715e-01 3.532011566221160970e-01 2.868878776159442534e-01 2.348969740196468481e-01 -5.044794992056570587e-02 9.702426496567699843e-01 7.334471366930287450e-01 7.611820093051815395e-01 8.770689643595295237e-01 9.439655078080930739e-01 5.413137220721171428e-01 4.488671355789119466e-01 7.255116221681831012e-01 7.830739833239952485e-01 8.051717235465619682e-01 8.786291953273621669e-01 9.901323599473678128e-01
9.981072082069287754e-01 9.959322839343396350e-01 9.931549556011951552e-01 9.896613197097698933e-01 9.853291512805869568e-01 9.800325230682322974e-01 9.736489036400328700e-01 9.660692041624202586e-01 9.572110879605696399e-01 9.470355561733543315e-01 9.355663560773480603e-01 9.229111406489781677e-01 9.092826126323435565e-01 8.950172640117888267e-01 8.805889950939866928e-01 8.666151223357229094e-01 8.538532704627807002e-01 8.431894545600596702e-01 8.356201263693929793e-01 8.322336892183945789e-01 8.341994524017947166e-01 8.427737270102805267e-01 8.593335170128811873e-01 8.854480674890128356e-01 9.229975661700682288e-01 9.743464864378242885e-01 9.591632205013882473e-01 8.835744856903573474e-01 8.017223952230290163e-01 7.162415816852623074e-01 6.301874230897780427e-01 5.469353282771511893e-01 4.700126415555960224e-01 4.028670862539880382e-01 3.486015444511244565e-01 3.097210858748135065e-01 2.879386007548751514e-01 2.840694594384379768e-01 2.980190468361345046e-01 3.288417324780700812e-01 3.748411071382761195e-01 4.337109049663879223e-01 5.028602185801673841e-01 5.808312018318990688e-01 6.764738397516583124e-01 8.480237472673283206e-01 8.643035075516540822e-01 6.111592745035375751e-01 4.162226694522859205e-01 2.619129473097609462e-01 1.370394694512617195e-01 3.958494810346200460e-02 -2.671205410238537692e-02 -5.621643796350788563e-02 -4.393521216337765295e-02 1.321184315239067215e-02 1.160069637286237632e-01 2.629591437293590794e-01 4.502946089049469358e-01 6.716317991889009242e-01 9.172777992606355735e-01 8.522830105307476201e-01 7.037549842982639969e-01 6.109619942616630883e-01 5.571196233252644348e-01 5.341684753540540953e-01 5.393472363123804625e-01 5.737141541272761103e-01 6.415412284235006979e-01 7.500668065797582162e-01 9.091324869772668960e-01 8.850916005047608781e-01 7.039974944759883613e-01 5.625247109911344356e-01 4.601659065071709853e-01 3.929710394415797947e-01 3.555409945300213037e-01 3.422043644769565129e-01 3.478663060826353015e-01 3.857431096038430041e-01 5.206277964255867641e-01 7.127233189138917346e-01 9.727723550052339574e-01 7.634167332034662579e-01 5.792165805302630366e-01 4.524434211840811515e-01 3.768361884054046707e-01 3.382547422786130742e-01 2.749760811647670167e-01 8.725108552988106170e-02 -8.004295578376368070e-01 2.757937843937798839e-01 6.604103341429404805e-01 8.064579828095499447e-01 8.496474536374589714e-01 8.557595018855856939e-01 8.575336284873156245e-01 5.579028973706385841e-01 8.307711438844341822e-01 8.330464218932932541e-01
9.993286050387772956e-01 9.990277476272633184e-01 9.968323652994437456e-01 9.939595523733147919e-01 9.902661703508967017e-01 9.855941138800958790e-01 9.797745822643477709e-01 9.726352742544496222e-01 9.640111370049403439e-01 9.537591071800234355e-01 9.417768911712645075e-01 9.280252166942615233e-01 9.125521818103128346e-01 8.955174526784243083e-01 8.772133478078394386e-01 8.580796047188818942e-01 8.387091607574654883e-01 8.198437611623362598e-01 8.023605344588174981e-01 7.872534377258512128e-01 7.756160613688696248e-01 7.686341342099567431e-01 7.675969647738286605e-01 7.739373023864689616e-01 7.893095440077717573e-01 8.157180718674887920e-01 8.557121773368505657e-01 9.126728943037951680e-01 9.912313535902539385e-01 9.108474022750975285e-01 8.052478423952834641e-01 6.961771922725312756e-01 5.880276010369115403e-01 4.851146332160342634e-01 3.913374007319196379e-01 3.098883036589897277e-01 2.430654442971074414e-01 1.922190440232776631e-01 1.578275015614288290e-01 1.396690969765273516e-01 1.370457015683269331e-01 1.490262896969384021e-01 1.747049406805294969e-01 2.135225163480677091e-01 2.659063290355757059e-01 3.355827958940021394e-01 4.395454999798200091e-01 6.219681730145927290e-01 9.414476076274219674e-01 6.635028087902761218e-01 3.851729482481636713e-01 1.946215986013248023e-01 6.578819143729466856e-02 -1.475911506609913632e-02 -5.191359081032369954e-02 -4.949483519312476709e-02 -1.242965027877329133e-02 5.412152519529598443e-02 1.456987807647472655e-01 2.588293741026410633e-01 3.908850740196623819e-01 5.397564325822257203e-01 7.034325067479934024e-01 8.794338226087503596e-01 9.399187659872296763e-01 7.998625422188699874e-01 7.009927276072135394e-01 6.354604620515887925e-01 6.006870660210980040e-01 5.978585003557581601e-01 6.306561040101373861e-01 7.037191709619711188e-01 8.206781897474528797e-01 9.812881766881156320e-01 8.493105787552940322e-01 7.196789471778809455e-01 6.300944838672093429e-01 5.757846649719218224e-01 5.508622228656835373e-01 5.502927486319934003e-01 5.743730706524496910e-01 6.601288032027045061e-01 8.141988550049976681e-01 9.949178864455687776e-01 8.174318731772498570e-01 6.846350534119626241e-01 5.850550238209027976e-01 5.193733688609767363e-01 5.106882138770867385e-01 5.175310325248919652e-01 5.138514517887523558e-01 4.856192749665370068e-01 4.094840590354758003e-01 1.560994198925027276e-01 7.481517771275413287e-01 5.874796604949261702e-01 4.298347969728483209e-01 3.389875917838501285e-01 3.016009162454520998e-01 3.870989379998802660e-01
9.982531159835087431e-01 9.990550966569368141e-01 9.997759589216647091e-01 9.981347770740494063e-01 9.958951201658946539e-01 9.929069446836811252e-01 9.889971235710816044e-01 9.839712213930130735e-01 9.776180175600832634e-01 9.697176111939940224e-01 9.600538235913557150e-01 9.484312745616687579e-01 9.346968966080897445e-01 9.187647792722870577e-01 9.006422293188471873e-01 8.804540532323817947e-01 8.584616874251651542e-01 8.350742834974765882e-01 8.108503765042298639e-01 7.864911371980402022e-01 7.628288479278713119e-01 7.408163435679606668e-01 7.215240771273847553e-01 7.061510980379035463e-01 6.960551783047232988e-01 6.928067808507935021e-01 6.982730174933222678e-01 7.147428665250687985e-01 7.451161009186224593e-01 7.932000824389175975e-01 8.641995606798361651e-01 9.655616336356076523e-01 9.021318084102649681e-01 7.629458174830778816e-01 6.242631544724520642e-01 4.914596691150416308e-01 3.688860183845187324e-01 2.597736348705383391e-01 1.662290137819155689e-01 8.931856717994086925e-02 2.923952656105627615e-02 -1.445350795601488963e-02 -4.258864515868333173e-02 -5.608435988089278262e-02 -5.562681900973734384e-02 -4.132734279453303267e-02 -1.229876162074215219e-02 3.440368910836431871e-02 1.078542794712681469e-01 2.307953246306959083e-01 4.464746794946241049e-01 8.434662758292535978e-01 6.100173295549389252e-01 2.846646009606317862e-01 1.012934006736852660e-01 2.325783551208082320e-03 -4.559951467683914100e-02 -6.075077619206643853e-02 -5.183566573402524635e-02 -2.357929015928665606e-02 2.112780741825730571e-02 8.089246472629132989e-02 1.557746740922038853e-01 2.472937474183148354e-01 3.584318346463222227e-01 4.934921274131985336e-01 6.574986673239315849e-01 8.545278640057489827e-01 9.225140645779832393e-01 7.495534830558856498e-01 6.351019284412271482e-01 5.693564807283946205e-01 5.461555239942684770e-01 5.614060758599291878e-01 6.117373282303274484e-01 6.923341590265368328e-01 7.944948766212602820e-01 9.053765427944454602e-01 9.897889378475152045e-01 9.124897052386643503e-01 8.676429054265710761e-01 8.502633974973748954e-01 8.564267117208975710e-01 8.845923460016684725e-01 9.366541548227917957e-01 9.871830778903535331e-01 9.040709871711293255e-01 8.285287652845957362e-01 7.642088227456065308e-01 7.141393159414436420e-01 6.848815763876541229e-01 6.809108603549324235e-01 6.998526928703150407e-01 7.498713752415743228e-01 8.689400668357589730e-01 8.625167248930101227e-01 5.381406819669354302e-01 2.999833210470663203e-01 1.780797375247059056e-01 1.059803295463999373e-01
9.989776813343715922e-01 9.989347358697451273e-01 9.990103489747853560e-01 9.992663485267649914e-01 9.997851066835773404e-01 9.993261659284913279e-01 9.979321822720341739e-01 9.958642785998649272e-01 9.929176643862489549e-01 9.888502735815727362e-01 9.833845039404051080e-01 9.762130628745844252e-01 9.670099951736668142e-01 9.554475705757142778e-01 9.412189511822960375e-01 9.240654920547768381e-01 9.038063840162989804e-01 8.803675458151101196e-01 8.538067101702625505e-01 8.243328375316344436e-01 7.923201341206430603e-01 7.583191628636130055e-01 7.230685021317820871e-01 6.875091805848597692e-01 6.528011321803456335e-01 6.203383588467775711e-01 5.917601583226852480e-01 5.689608343102474652e-01 5.541081921653646658e-01 5.496899653466916780e-01 5.586204185917458265e-01 5.844710616063059083e-01 6.319703854899708650e-01 7.081015114963773449e-01 8.244996171236063098e-01 9.974239745045692107e-01 7.783978502926415244e-01 5.676195355836559653e-01 3.754620693079166460e-01 2.087728661898910210e-01 7.006387124700577673e-02 -4.140466662966064276e-02 -1.280198115326595110e-01 -1.926454403872682741e-01 -2.379591895739660845e-01 -2.660875375790298092e-01 -2.784072566321995623e-01 -2.754978100073320335e-01 -2.572512581728325087e-01 -2.229244524545283823e-01 -1.699822159233925489e-01 -8.959641671560045206e-02 4.080547389167810818e-02 2.688785226177118348e-01 7.029078536405006794e-01 6.026712566899155021e-01 2.160579666576073199e-01 1.287436475433033529e-02 -9.644019608049606007e-02 -1.516003917307741922e-01 -1.732057306287465848e-01 -1.751207641844469975e-01 -1.689410946368855859e-01 -1.518329330274823807e-01 -1.193298135101953372e-01 -6.853527280691844303e-02 4.602065363539948814e-03 1.059975105022314956e-01 2.436688117200767889e-01 4.272951434488595490e-01 6.659363162286994209e-01 9.617589161047740420e-01 7.703796787341761210e-01 6.147747141069898058e-01 5.337515913018955338e-01 5.052171130222770090e-01 5.151225693391101590e-01 5.535696658328775888e-01 6.131514182409287805e-01 6.878177242406368075e-01 7.712516396755071391e-01 8.552938317711391569e-01 9.305649668307417466e-01 9.904522934145046920e-01 9.665354880833245677e-01 9.363907529638387794e-01 9.117208550613018492e-01 8.918289973974927731e-01 9.090692115804785978e-01 9.861685448531235521e-01 9.273786019863796692e-01 8.580461478300415168e-01 8.086229180579743714e-01 7.886665862843671437e-01 8.337916535784376526e-01 9.597105324259419534e-01 6.392389642541240757e-01 4.654219570207694390e-01 4.590740822168286606e-01 5.063406321128410825e-01
9.989790251400791909e-01 9.996078577111491281e-01 9.996613566068112133e-01 9.988414679710130306e-01 9.979589398054690141e-01 9.970593649572332406e-01 9.962139484912918563e-01 9.955269302636333695e-01 9.951440339611059560e-01 9.952617968385529812e-01 9.961375711152185009e-01 9.980999722432190024e-01 9.984428031743266541e-01 9.930286568946341541e-01 9.851335344244933623e-01 9.741848903546608263e-01 9.595910961838971520e-01 9.407760436782637292e-01 9.172210923008758954e-01 8.885125343687242383e-01 8.543935371942403822e-01 8.148209947680215004e-01 7.700279642618979015e-01 7.205885979033201938e-01 6.674738051432594910e-01 6.120769159174441754e-01 5.561891385001674903e-01 5.019209752077379294e-01 4.515907532108816014e-01 4.076174431721536484e-01 3.724514936848798974e-01 3.485630491055856650e-01 3.385041746268439011e-01 3.451001806501153291e-01 3.719525834721326696e-01 4.247421282114506869e-01 5.143713392035775822e-01 6.634982709713442839e-01 9.192449740026361615e-01 7.204725858359422030e-01 4.198488264933600278e-01 1.833924653296792884e-01 8.088193543400342116e-04 -1.388758758619695055e-01 -2.444931427922651668e-01 -3.222743361296023235e-01 -3.762890598729760616e-01 -4.090708324783497996e-01 -4.221800487966324567e-01 -4.166695227935354739e-01 -3.934898204623568652e-01 -3.538683928266106449e-01 -2.994876931602946102e-01 -2.301865790092564590e-01 -1.345328218769541728e-01 1.769058985258114766e-02 2.850076089428869586e-01 8.075757103739147347e-01 4.840529461623616636e-01 1.319957778992684738e-01 -5.617440314009084640e-02 -1.609930689654817948e-01 -2.163655107184937754e-01 -2.390153462671203433e-01 -2.543519672969162815e-01 -2.679833860747861118e-01 -2.621257419942302769e-01 -2.345354087177242419e-01 -1.823302266884887779e-01 -1.013003895493066603e-01 1.432374733057581971e-02 1.716998610838582351e-01 3.783607897814428855e-01 6.394035990186496266e-01 9.515125200088206947e-01 7.730087406930703509e-01 6.173761617699050630e-01 5.356917489855526071e-01 5.039124339490966831e-01 5.087657297697369962e-01 5.424451950103947873e-01 6.000765542735027047e-01 6.774702980925019213e-01 7.690322453708796635e-01 8.690666988746641453e-01 9.761669617412267463e-01 9.154066772757576409e-01 8.228430881310520029e-01 7.580148229946646055e-01 7.336587410566325351e-01 7.259704624126376293e-01 6.991097638938679193e-01 6.088680442949152560e-01 3.102026477586048436e-01 -5.908242101384854061e-01 2.536905166649328636e-01 3.762510489398790958e-01 3.470765507656994320e-01 2.009285860779625177e-01 2.299804960344462856e-01
9.966346961298523377e-01 9.974530972018188502e-01 9.985049123074493105e-01 9.998180639617199050e-01 9.985874077586637254e-01 9.967049620478851679e-01 9.945432842451817912e-01 9.921359430711519378e-01 9.895505644775697274e-01 9.868994990979905735e-01 9.843518957530041913e-01 9.821469979338168788e-01 9.806084949283464525e-01 9.801599190674747941e-01 9.813414705705636454e-01 9.848293678194243173e-01 9.914599586673529252e-01 9.977426474595102457e-01 9.818299357697182206e-01 9.599031459572228142e-01 9.310513968900736570e-01 8.945197309736743208e-01 8.498278324108349269e-01 7.969101197906324208e-01 7.362599407920257244e-01 6.690379160801447345e-01 5.970898607608237096e-01 5.228376044151509250e-01 4.490594708941587632e-01 3.786304986500239056e-01 3.143037429406779215e-01 2.585809356751490595e-01 2.136774065490531505e-01 1.815640822116622866e-01 1.640801687763348837e-01 1.631632609773616960e-01 1.813799989394159207e-01 2.232371077750922306e-01 2.980798589650810460e-01 4.250759373830607646e-01 6.420397056056614815e-01 9.693481463778806928e-01 5.479502896194676786e-01 2.480094413726809111e-01 3.300881152596301521e-02 -1.226360455022391382e-01 -2.355194494003682582e-01 -3.158921082122878032e-01 -3.699833270893141401e-01 -4.017069997583649910e-01 -4.137365401838556389e-01 -4.080946743602972271e-01 -3.864712111948949702e-01 -3.504839971666470766e-01 -3.019255561239638785e-01 -2.414244255564094443e-01 -1.615006988135024024e-01 -4.105053601598609991e-02 1.559803075697692443e-01 4.980129748335207496e-01 8.714529223198398400e-01 3.815408739578046715e-01 1.268466807988417044e-01 -1.676220163660916210e-02 -9.876417273472305747e-02 -1.423465384836327952e-01 -1.612357755273422233e-01 -1.694622661806462482e-01 -1.643229879090658818e-01 -1.402185874492451467e-01 -9.553833687490639881e-02 -2.916227545191801482e-02 6.013794380046724730e-02 1.738143396001775309e-01 3.132035911781945736e-01 4.784609234314605719e-01 6.665379994059819069e-01 8.684026599611864849e-01 9.374347028166496454e-01 8.085826933325667154e-01 7.394443481981664013e-01 7.158514842453748139e-01 7.294558074217111221e-01 7.747188441893253508e-01 8.465301475773409079e-01 9.378127639183251318e-01 9.599392434159416121e-01 8.445722192951626850e-01 6.918383892956452286e-01 5.732657037483045448e-01 4.714325302953500940e-01 3.505115154089840090e-01 1.647856648460622742e-01 -1.901113941998123502e-01 -8.645731799472025081e-01 -7.903541395391283642e-02 2.390354824505808440e-01 4.000518147006678626e-01 4.839179612766986160e-01 5.169267889701870677e-01
9.950984812351052478e-01 9.957255266249060988e-01 9.966048947658879831e-01 9.977845689356034109e-01 9.993140773853625980e-01 9.987599560330335802e-01 9.964033674960343090e-01 9.935922341308027761e-01 9.903232721820853790e-01 9.866239858067481494e-01 9.825642109206339514e-01 9.782694484703577942e-01 9.739358419026707958e-01 9.698466665809098997e-01 9.663903671401150586e-01 9.640805955284758033e-01 9.635794789615409472e-01 9.657266108640297775e-01 9.715781507617176072e-01 9.824630854239613242e-01 9.999327496863283926e-01 9.741269892779576001e-01 9.391565128080838765e-01 8.940226351077986688e-01 8.382332259122272644e-01 7.720512401305326122e-01 6.966876675928499463e-01 6.143353701677934930e-01 5.279776026423494972e-01 4.410111529117489715e-01 3.568199637624401843e-01 2.784408750293965729e-01 2.083905589152970916e-01 1.486442947577973628e-01 1.007199644403263539e-01 6.582303340992069762e-02 4.503278137979799256e-02 3.955641944127684384e-02 5.117944576704031717e-02 8.323619113034186334e-02 1.425620747066432270e-01 2.426886221681367195e-01 4.094325287238834710e-01 6.952456752157885056e-01 8.157195579120237738e-01 4.161749383627995624e-01 1.517664591006018526e-01 -2.777232827623988404e-02 -1.518468213168028824e-01 -2.378693307984647842e-01 -2.962200192104554319e-01 -3.332100593036629865e-01 -3.528459775008963573e-01 -3.577826718753467916e-01 -3.497931005654080772e-01 -3.300604834657224207e-01 -2.994120770809763354e-01 -2.577162642622208288e-01 -2.004874002788409604e-01 -1.151368819590458947e-01 1.955442855865903440e-02 2.374837496998238318e-01 5.993490980943290136e-01 8.134405406959070994e-01 4.120797959144122946e-01 1.951676131386364532e-01 7.004275968935652630e-02 -3.357965928036722638e-03 -4.491863423600266775e-02 -6.545016101466366587e-02 -7.114711879242799353e-02 -6.557389862812927628e-02 -5.075422244952816631e-02 -2.600465518689962230e-02 1.109543648427322067e-02 6.168012473973553955e-02 1.266842837258227439e-01 2.078046089809695018e-01 3.080310868798845081e-01 4.305016197643929399e-01 5.759757085862994286e-01 7.388551327955172887e-01 9.010811836234110528e-01 9.732850412620283054e-01 9.316077952998862433e-01 9.870881023438448088e-01 8.653818827777094436e-01 6.829823111229089694e-01 5.153718405522687007e-01 3.862609305289286810e-01 2.937871392155525507e-01 2.210603779660708090e-01 1.710423853533703242e-01 1.137356564014249255e-01 -1.186084777245556034e-02 -2.772358346159037867e-01 -9.427010108227218410e-01 2.337706050894605980e-01 1.539566089996236842e-01 3.670918678343801367e-01
9.952068760715105933e-01 9.953885302671581226e-01 9.957413357540872978e-01 9.963118484202638792e-01 9.971531030893679981e-01 9.983238429162797356e-01 9.998869159820440444e-01 9.980970761404511782e-01 9.955754836523811324e-01 9.925042132066171918e-01 9.888588631860800726e-01 9.846452450451547156e-01 9.799121012167977263e-01 9.747660687585868455e-01 9.693889476737602706e-01 9.640574918051014741e-01 9.591663110301783535e-01 9.552551401003035458e-01 9.530427935022878216e-01 9.534717385697223380e-01 9.577696362530678797e-01 9.675378214327706727e-01 9.848820083878738751e-01 9.875491256232071802e-01 9.483045470155057055e-01 8.961974480878305283e-01 8.306656512948387139e-01 7.524283470011838837e-01 6.636944866150549238e-01 5.679616248759207231e-01 4.694203729401010272e-01 3.722239341808906143e-01 2.799269303689889687e-01 1.952376945979650003e-01 1.200460135035667092e-01 5.560638017396222349e-02 2.767060000569624215e-03 -3.782009120942127905e-02 -6.553334608535756056e-02 -7.964505671577661039e-02 -7.912671356673398049e-02 -6.212544689360628009e-02 -2.465488678538334949e-02 4.169475229928509830e-02 1.531974565235224572e-01 3.413393604596724473e-01 6.739767805432814729e-01 7.518875105351063848e-01 3.347049860998163595e-01 7.915480014930494079e-02 -8.497217683792983312e-02 -1.938445843020762394e-01 -2.675572011201405864e-01 -3.177171162255242320e-01 -3.510212446461189462e-01 -3.711487321462903499e-01 -3.798786994080451396e-01 -3.778832790545381126e-01 -3.656276449245961513e-01 -3.442962407691450566e-01 -3.128045825265933777e-01 -2.624228518043364433e-01 -1.796256187735014720e-01 -4.613248348436536223e-02 1.673026462220487121e-01 5.142544326342824990e-01 9.034610509948305390e-01 4.485402257640838108e-01 2.043672811124151445e-01 5.727679461971147551e-02 -3.866285232046311887e-02 -1.051275292797199251e-01 -1.529516467018983694e-01 -1.869908027056825794e-01 -2.083546144289461222e-01 -2.161746759286789776e-01 -2.091763762347333411e-01 -1.866353866702727682e-01 -1.486004582524264872e-01 -9.578426255204738893e-02 -2.991234297272336168e-02 4.462071706036531415e-02 1.172035066812106424e-01 1.659593015801517080e-01 1.550686632917672447e-01 4.468002318925658883e-02 -1.766262056762684662e-01 -4.518014100626966956e-01 -6.654796450753600601e-01 -7.305837443157751077e-01 -6.499527306509813585e-01 -4.841044710391255723e-01 -2.969967635049634014e-01 -1.328430104009998558e-01 -1.639298739518571871e-02 4.238314994188187301e-02 5.899974724053094061e-02 4.328541230451741877e-03 2.197282961490041320e-01 8.677302132116105904e-01
9.973010924195978566e-01 9.969779435276674429e-01 9.966813379744591250e-01 9.964382626916402641e-01 9.962839378824464021e-01 9.962630203720758137e-01 9.964306201033118482e-01 9.968529547396660639e-01 9.976074182642039601e-01 9.987817872661255425e-01 9.995279899011257907e-01 9.972279618823621794e-01 9.942290208817138319e-01 9.904545672436207981e-01 9.858544068395115323e-01 9.804208022027308678e-01 9.742090654317610010e-01 9.673641529226227886e-01 9.601555006102900913e-01 9.530231821876187226e-01 9.466391312510648026e-01 9.419876017487986974e-01 9.404700795911185018e-01 9.440438301080561478e-01 9.554133495142533850e-01 9.783108845629840955e-01 9.823953985354207941e-01 9.246318347916859803e-01 8.478788701809208961e-01 7.537544889564745665e-01 6.465838292444313629e-01 5.323922017499479464e-01 4.173593782619110515e-01 3.065767090110574355e-01 2.035314838231233880e-01 1.102440824959879662e-01 2.774561188161888889e-02 -4.341914185436485107e-02 -1.028468790745856731e-01 -1.501188221260242872e-01 -1.847836887200542400e-01 -2.064470250261068451e-01 -2.149650737518637167e-01 -2.105125457949574563e-01 -1.923532797154950680e-01 -1.558168122726931171e-01 -9.005852209454347224e-02 2.527894230654326169e-02 2.317562888748985195e-01 6.315942210263963963e-01 6.382378140774284114e-01 1.873577332734756573e-01 -6.161342300355811957e-02 -2.108114904802253220e-01 -3.049215531230815013e-01 -3.663458764897120634e-01 -4.072501292572570097e-01 -4.345994220327163982e-01 -4.540165053639846904e-01 -4.782802468216233449e-01 -5.003245631826177542e-01 -5.062174565583845709e-01 -4.897176933535729582e-01 -4.474504202775324013e-01 -3.803474392492952050e-01 -2.871867829416765994e-01 -1.502725429110649824e-01 6.930191660994293457e-02 4.519857452603129877e-01 8.215667333109070158e-01 3.010468528623892470e-01 3.290635677536816323e-02 -1.325774053460035684e-01 -2.501170033157025241e-01 -3.426202401785565788e-01 -4.175853431880840461e-01 -4.747768528505731389e-01 -5.119339110364170553e-01 -5.286954219763415619e-01 -5.285771016354711138e-01 -5.190157241021148282e-01 -5.105413573806197869e-01 -5.169867344910371587e-01 -5.573021723568066799e-01 -6.562945858935302912e-01 -8.405250681002225388e-01 -8.822257910940968229e-01 -6.404150252390943265e-01 -4.628198398345305109e-01 -3.406280027093242513e-01 -2.698994869415933251e-01 -2.524151906322519290e-01 -2.981275088908542648e-01 -4.346520695441096760e-01 -7.337984147214782205e-01 -7.086389743940019192e-01 -2.929200194753478481e-01 4.544947732624004394e-02 8.122132118594005412e-02 1.462259396183008819e-01
9.989104602524043752e-01 9.995726667251713105e-01 9.996378143945112704e-01 9.987181059995585697e-01 9.976714217697451037e-01 9.965099345074815984e-01 9.952580048375286870e-01 9.939556340672776047e-01 9.926622292617328647e-01 9.914605313707239853e-01 9.904605024360680909e-01 9.898029182742139609e-01 9.896623693117573284e-01 9.902493202411394302e-01 9.918107710074750560e-01 9.946287857058490056e-01 9.990154967630204830e-01 9.947261630579324887e-01 9.863738770907862774e-01 9.757701275968909682e-01 9.629238361677200375e-01 9.481186725517387615e-01 9.320461540895845776e-01 9.159485450110732563e-01 9.017518931446225627e-01 8.921903217440054767e-01 8.909695449125494271e-01 9.030608134704261047e-01 9.352091611458519527e-01 9.966971985287178537e-01 9.086218706390297717e-01 7.897380826051818570e-01 6.553860989568638384e-01 5.156168980911216559e-01 3.791502767614087777e-01 2.519494110653404673e-01 1.370488147408875090e-01 3.526762462717315111e-02 -5.365671128900699471e-02 -1.300699905878790197e-01 -1.939539932957775048e-01 -2.449725662278786076e-01 -2.826895904342202615e-01 -3.068044893864488865e-01 -3.176274415200059931e-01 -3.177783077429271463e-01 -3.129443353968712205e-01 -3.008684053979304718e-01 -2.717336882435289480e-01 -2.117074826100135976e-01 -9.555715044774582001e-02 1.340356885525434971e-01 6.486970380021962468e-01 4.300164796297429870e-01 -9.510320468277213071e-03 -2.317840421879581725e-01 -3.603301298973316524e-01 -4.430816160307816109e-01 -5.037653200209682991e-01 -5.562125394215748919e-01 -6.042275299488165663e-01 -6.415249064714586558e-01 -6.604363129744582617e-01 -6.560314278634977736e-01 -6.265063245787102497e-01 -5.749530471102927143e-01 -5.146450271788095554e-01 -4.546548114703154453e-01 -3.757061949015676472e-01 -2.502274150354589777e-01 -3.391629224509142698e-02 3.797149843654545331e-01 7.272242854344617147e-01 1.548086262401586755e-01 -1.188977733568365724e-01 -2.799740696161430731e-01 -3.848886524346212257e-01 -4.542122050015030554e-01 -4.962208088125435457e-01 -5.130327076737868364e-01 -4.968301599429500448e-01 -4.285650457418748727e-01 -3.236066735553128626e-01 -2.247095152554292041e-01 -1.559184826810096902e-01 -1.277752899754310556e-01 -1.433795529581971817e-01 -2.044146359256916734e-01 -3.184889579145091520e-01 -5.065529996689153158e-01 -8.146921828888229467e-01 -7.462474901187643450e-01 -4.372211503362260498e-01 -2.479763421731706052e-01 -1.504745926949294654e-01 -1.352453819848019878e-01 -2.142675038768743212e-01 4.484561759685622429e-01 9.395013123177149428e-01 2.928149760835940252e-01
9.944052420764415423e-01 9.950425007757351947e-01 9.959011469029175334e-01 9.970156433071996060e-01 9.984193656326284527e-01 9.998581368695744764e-01 9.977996097010337628e-01 9.954021687606567914e-01 9.926796674049090941e-01 9.896722424156171316e-01 9.864543760886451684e-01 9.831438094537511274e-01 9.799110532399346596e-01 9.769891702010522483e-01 9.746834415528256024e-01 9.733804433819296387e-01 9.735558240581275724e-01 9.757794144081575194e-01 9.807147139525080881e-01 9.891065651241262024e-01 9.982576592841398977e-01 9.809795685446012214e-01 9.591226243666218787e-01 9.331764092186800585e-01 9.043293193038512978e-01 8.745399270539572223e-01 8.465214252271661133e-01 8.237026520270857022e-01 8.102763527085448114e-01 8.114415986666139169e-01 8.339084594172425646e-01 8.867490338525328974e-01 9.829666505488980910e-01 8.749549522532419354e-01 7.131522074685091583e-01 5.459795537244185315e-01 3.852568490875636353e-01 2.386074700795954295e-01 1.093156679308058682e-01 -2.566124431356947046e-03 -9.845435174190576844e-02 -1.796234762004798036e-01 -2.465965976471678756e-01 -2.994453956344766965e-01 -3.382683539672917128e-01 -3.635085753315592805e-01 -3.763050259430370525e-01 -3.794779322001872734e-01 -3.787018941090256607e-01 -3.768120384090654085e-01 -3.678529200575644809e-01 -3.418904237826221326e-01 -2.839676413972401225e-01 -1.650853559136297444e-01 8.708381086436813023e-02 7.340043720014693962e-01 2.428602749452270504e-01 -1.613008020919302066e-01 -3.589413830220095636e-01 -4.709605296995922896e-01 -5.398060408759532969e-01 -5.830294834692294481e-01 -6.079384940582144292e-01 -6.174639756990207839e-01 -6.143521208894169305e-01 -6.052715208739772867e-01 -5.964541079926923839e-01 -5.860202875175781756e-01 -5.717547949652418415e-01 -5.511414223893424946e-01 -5.179359250790779301e-01 -4.602458347434890129e-01 -3.585733202054365854e-01 -1.764607625836430993e-01 1.771026529475169531e-01 9.655574034631706493e-01 1.864770512071280417e-01 -1.203343202832947156e-01 -2.621815652723635814e-01 -2.847809478107597991e-01 -1.850692732737001522e-01 -4.706571559570221081e-02 6.687354202814103921e-02 1.466193022668975943e-01 1.971255219512551005e-01 2.253460389395185448e-01 2.366104653621166898e-01 2.339872429712257507e-01 2.183754224372219666e-01 1.883787589004372320e-01 1.394562417401345733e-01 6.184781386667455999e-02 -6.380808601525159163e-02 -2.768935216179729264e-01 -6.660932476588793394e-01 -6.821055487443220544e-01 -2.900324022488928177e-01 1.018056591089819274e-01 3.882363688840639177e-02 8.663094379921057464e-02
9.905984556551620246e-01 9.907891449170963538e-01 9.911846072522445539e-01 9.918337297591256485e-01 9.927903731035632173e-01 9.941120153734841480e-01 9.958574734879037660e-01 9.980834158617550855e-01 9.991613724100668614e-01 9.958566596483974243e-01 9.920053104393501409e-01 9.876430420271143928e-01 9.828548172403632766e-01 9.777890233746430182e-01 9.726725534913082116e-01 9.678259619763663890e-01 9.636775989444716917e-01 9.607753494462316635e-01 9.597942323836470280e-01 9.615374383075807607e-01 9.669270371535771957e-01 9.769781492961594482e-01 9.927467166859581527e-01 9.849918970755734415e-01 9.567090587906190713e-01 9.232263326933423109e-01 8.860663799727954704e-01 8.474769436205367157e-01 8.103264238986752632e-01 7.779949444895052357e-01 7.543512882766616467e-01 7.439059515160545422e-01 7.522361119451159706e-01 7.868262000085100016e-01 8.586307562741166688e-01 9.851357713246333692e-01 8.354126857942044682e-01 6.432501324988583180e-01 4.552032020911370158e-01 2.829711566244216270e-01 1.323193094288592775e-01 4.240666766466295520e-03 -1.029194242016512884e-01 -1.914807230414116712e-01 -2.633624903495533354e-01 -3.199922470460352941e-01 -3.626277762423779638e-01 -3.926200297807792561e-01 -4.115311451497882245e-01 -4.212016225922767809e-01 -4.237669332170986847e-01 -4.212820220213089328e-01 -4.143742627945519175e-01 -4.001758392881789583e-01 -3.704190129313407742e-01 -3.082924676383107521e-01 -1.781723041166433374e-01 1.155092786136965033e-01 9.798320360684654728e-01 9.085066778595872472e-02 -2.451325345172839787e-01 -4.073044932431173493e-01 -4.980787792680300696e-01 -5.546213595568511012e-01 -5.929679895877071338e-01 -6.200821280089714449e-01 -6.390476135541488523e-01 -6.518798272146351103e-01 -6.605215188346199584e-01 -6.667866707236634882e-01 -6.721084708935557428e-01 -6.777654143380891227e-01 -6.843924640452909713e-01 -6.880917198205983576e-01 -6.810826792226143400e-01 -6.567294939458698799e-01 -6.034744383478262142e-01 -4.276785778773459223e-01 -8.152986309697990430e-01 -9.460022970354634575e-01 -5.613475334673343475e-01 -2.753370966352813864e-01 -9.880790809497995431e-02 1.754112058033271970e-02 1.011921975656707995e-01 1.665785218527436884e-01 2.208634448638022718e-01 2.666403122927116232e-01 3.035979689720982311e-01 3.299432360422808741e-01 3.436805166298961267e-01 3.436435215112904618e-01 3.298577402377402823e-01 3.018354040971678032e-01 2.539276002800693322e-01 1.705639895772819992e-01 2.031260589765922567e-02 2.649938151433647304e-01 8.634567400056175623e-01 4.254668364269069136e-01
9.888783441262247731e-01 9.883413594691283777e-01 9.878833198038499130e-01 9.875447988632610752e-01 9.873751401355429502e-01 9.874330291849446883e-01 9.877866284660211660e-01 9.885130304132505596e-01 9.896967072132921706e-01 9.914265441029659343e-01 9.937909413839141060e-01 9.968703705046548791e-01 9.992738305429118562e-01 9.946402948123631571e-01 9.892836275291121417e-01 9.833239446473637235e-01 9.769775558664999249e-01 9.705768696347943925e-01 9.645869643289849416e-01 9.596163691503565296e-01 9.564199560958005497e-01 9.558924538107386182e-01 9.590514707707726849e-01 9.670083602496597486e-01 9.809230887396678256e-01 9.980686453754362697e-01 9.698794146922451453e-01 9.354512616524758295e-01 8.961039170023189504e-01 8.538894230070751545e-01 8.114942740652421049e-01 7.721092695776126114e-01 7.393408916500018302e-01 7.172471606906603014e-01 7.105888824803723303e-01 7.254229923765688204e-01 7.702754499674379085e-01 8.584238479046082393e-01 9.875338340946387961e-01 7.836381222414163794e-01 5.737966026590807234e-01 3.754429193412667787e-01 1.994158572823893916e-01 4.981591436051727162e-02 -7.406713783279605945e-02 -1.753196480032720439e-01 -2.574690632271990909e-01 -3.234613335197169537e-01 -3.754747404544355738e-01 -4.151818495916186902e-01 -4.440795385194582501e-01 -4.636933494909207809e-01 -4.755957932392364529e-01 -4.812185920992049226e-01 -4.814119084263722148e-01 -4.755734221015099350e-01 -4.600224255038374288e-01 -4.253987817708410057e-01 -3.522167324910919772e-01 -1.977391922763717114e-01 1.628831378977372846e-01 7.195406969928122010e-01 -3.728195038797748467e-02 -3.263230273769829326e-01 -4.759676791216032044e-01 -5.671157870226078979e-01 -6.281397336313921942e-01 -6.710362674716634501e-01 -7.020632562270900934e-01 -7.281478719921139486e-01 -7.978409630631273508e-01 -9.661446690597600417e-01 -8.227613615570641414e-01 -6.199810644500153289e-01 -4.160643166071364973e-01 -1.929386966960341121e-01 8.067769128121696220e-02 4.604293435657932920e-01 9.533557582873662950e-01 4.891730666407738681e-01 3.460291444250421233e-01 2.350332220256603766e-01 1.124862172914865011e-01 -1.882262178026564495e-02 -1.612938060972421705e-01 -3.288880839970160230e-01 -5.574942681163519431e-01 -9.341134153689750752e-01 -5.811087993526049544e-01 -2.329996314645113031e-01 1.462441550606014343e-02 1.863263534519170317e-01 2.993085475249019356e-01 3.656340251467615210e-01 3.936755011641338009e-01 3.905975925067755039e-01 3.645976823246454557e-01 3.210181735700742278e-01 2.559622022186462953e-01 1.717485777390871937e-01
9.900704475406451044e-01 9.888313994402332385e-01 9.874978478031416484e-01 9.860864132525267722e-01 9.846231432587621013e-01 9.831456731467926868e-01 9.817054683711196050e-01 9.803699757758184141e-01 9.792244242042379421e-01 9.783729088633253967e-01 9.779382736062404158e-01 9.780601801835011599e-01 9.788906395470956534e-01 9.805862016054657238e-01 9.832959899952953275e-01 9.871448712354552457e-01 9.922113163658854429e-01 9.985000077385985939e-01 9.941246980559624857e-01 9.859982640526598896e-01 9.775575507001252884e-01 9.693987438692420744e-01 9.622769876712926607e-01 9.570932510840429730e-01 9.548719848635421892e-01 9.567309180617055153e-01 9.638427479417198684e-01 9.773849116866151210e-01 9.984680221395300093e-01 9.727379272074713201e-01 9.375205710640465151e-01 8.974385796621608957e-01 8.547898260514016355e-01 8.125014343530212457e-01 7.740062568975247803e-01 7.431862657763286251e-01 7.244692869088064091e-01 7.231801315775524541e-01 7.463041139280361946e-01 8.039877446853057608e-01 9.125486819799085714e-01 9.082304306840376373e-01 7.004626098885395891e-01 4.928384798777605824e-01 3.009187200978395427e-01 1.331900261884433334e-01 -8.199005291130819634e-03 -1.252093367176661531e-01 -2.215714660637544409e-01 -3.010526155572995632e-01 -3.665821522149772527e-01 -4.201516633076615159e-01 -4.631162671815786114e-01 -4.964755334083089666e-01 -5.209338115678695535e-01 -5.367877337059387965e-01 -5.437826289059506379e-01 -5.409916746678046229e-01 -5.265099939854841482e-01 -4.963631953622332782e-01 -4.417001693248724381e-01 -3.425022564851566420e-01 -1.497326843131662477e-01 2.925372233359683771e-01 5.196712293527868676e-01 -8.351481637584562412e-02 -3.364350202649221688e-01 -4.728525135402701918e-01 -5.575138526379646020e-01 -6.588936567883920681e-01 -9.341017356880885192e-01 -7.257566775051860208e-01 -4.428651335599109173e-01 -1.956182847771765210e-01 3.145241717157735983e-02 2.487108779319130714e-01 4.645839089891702356e-01 6.873303717874130747e-01 9.246644997258891552e-01 8.490447286983658914e-01 7.006406811836276560e-01 6.108552364996502337e-01 5.553462848845759359e-01 5.168821391569946577e-01 4.880915997985632027e-01 4.652515454347579960e-01 4.449409689843220606e-01 4.231926899093813588e-01 3.949075531705397712e-01 3.520864216630298360e-01 2.796750078173916298e-01 1.453760777584325870e-01 -1.344711358096874199e-01 -8.635264753727730502e-01 -2.285412845466923415e-01 6.138606794247655069e-02 8.418901662904100525e-02 3.111655511054394960e-02 1.871174361257635643e-01 4.384797347196736639e-01
9.939824926783550341e-01 9.923714063983567479e-01 9.905257752576852592e-01 9.884363767191751693e-01 9.861017047263860302e-01 9.835308851869405400e-01 9.807470034755182420e-01 9.777907269640709886e-01 9.747240189290334866e-01 9.716336389433453125e-01 9.686340177424438425e-01 9.658689944641086766e-01 9.635118262385905519e-01 9.617628382266130149e-01 9.608440850802044686e-01 9.609904435771206010e-01 9.624366456988118212e-01 9.653998863492302407e-01 9.700578051804398250e-01 9.765218753131171825e-01 9.848065948275943615e-01 9.947954708528387036e-01 9.938325303453242610e-01 9.817827787099744352e-01 9.698034285405436883e-01 9.587655349189114773e-01 9.496625915022300912e-01 9.435761769298744994e-01 9.416370209951013814e-01 9.449811108580136176e-01 9.546963595587347751e-01 9.717498992793749402e-01 9.968797186228208762e-01 9.704707237804064413e-01 9.327607668781062733e-01 8.924366585925143092e-01 8.525834730372880976e-01 8.168150457491464289e-01 7.892343908498669069e-01 7.745571834954642076e-01 7.784933346576617952e-01 8.085404617817059103e-01 8.755204675639132184e-01 9.966718065290655071e-01 8.316117574816710434e-01 6.435140177762183056e-01 4.554996361509283664e-01 2.799487691028400560e-01 1.238068247783078030e-01 -1.069239004006133920e-02 -1.244060215144960485e-01 -2.196329770090983957e-01 -2.988948811171794895e-01 -3.643085924774189244e-01 -4.174444838294029125e-01 -4.593923473618738429e-01 -4.907675963956620313e-01 -5.115211001976271987e-01 -5.205850427262046498e-01 -5.155647441480348814e-01 -4.927483701481252809e-01 -4.474738781964602286e-01 -3.742699332270261747e-01 -2.650527605970473544e-01 -1.019704978746248103e-01 1.621702071371078913e-01 6.673324566026906934e-01 4.961230875689542352e-01 5.707821545521742090e-02 -2.270907434929896607e-01 -5.855724897472647239e-01 -7.738141193875958113e-01 -2.730900909217411909e-01 5.630167157189961552e-02 2.992517197190185385e-01 4.891158350900663976e-01 6.409564215943255316e-01 7.637708313624126388e-01 8.653560075854928035e-01 9.533051455889279824e-01 9.669967914813810683e-01 8.993836673790459590e-01 8.425370048393864275e-01 7.964479668745760854e-01 7.623774382984552789e-01 7.417764653114901074e-01 7.377410644477397916e-01 7.590173391075432097e-01 8.187007706480233793e-01 9.217078530489577481e-01 9.345398437547318693e-01 7.775331393593780671e-01 5.997876416254256382e-01 3.554660500358513553e-01 -1.165544618012760159e-01 -3.857984009376558276e-01 6.006012570487805347e-01 3.909969748158240166e-01 3.084794220084292882e-02 4.674285845737122802e-01
9.993553935042471803e-01 9.978277074813882708e-01 9.960057862536790818e-01 9.938616535794085882e-01 9.913718931114755550e-01 9.885204629374906293e-01 9.853020736595199391e-01 9.817260762892503489e-01 9.778207327087508061e-01 9.736376531272885604e-01 9.692560893163830738e-01 9.647866810789114123e-01 9.603741807202252900e-01 9.561986400779377560e-01 9.524745460595611668e-01 9.494474340691902992e-01 9.473875840118657354e-01 9.465804917717831612e-01 9.473138884296976592e-01 9.498611350153715049e-01 9.544608550231844513e-01 9.612927110130586872e-01 9.704493517577398309e-01 9.819048575029535320e-01 9.954806310115150714e-01 9.893048517901316119e-01 9.734154074328174033e-01 9.577126477716236819e-01 9.431550982611671685e-01 9.307812770300994965e-01 9.216701606971718919e-01 9.169013821511777795e-01 9.175139772296944107e-01 9.244585723386135045e-01 9.385334995663104918e-01 9.602908166802168743e-01 9.898938967577741721e-01 9.737999124360975367e-01 9.345946597497536423e-01 8.956691298136246759e-01 8.605730637166293384e-01 8.332699983679896505e-01 8.182083277783552822e-01 8.205916987659306328e-01 8.469608794244151140e-01 9.063261179898213227e-01 9.877530329467147929e-01 8.415679489116947298e-01 6.770087428537699958e-01 5.074264142703019953e-01 3.442614466513920224e-01 1.953643414447224225e-01 6.482777699484494616e-02 -4.612150697390568488e-02 -1.378521891764207252e-01 -2.112324904290893424e-01 -2.669270683412636180e-01 -3.050516048731663488e-01 -3.251038310606824133e-01 -3.261411586872922097e-01 -3.071744745524048747e-01 -2.676548594147861171e-01 -2.078066823616895042e-01 -1.284899582606460755e-01 -3.027776338204685516e-02 8.856280188424078825e-02 2.354432171354553793e-01 4.276927866249991550e-01 6.951110529093120771e-01 9.296474912289732773e-01 6.140343023352603513e-01 3.543208459795777476e-01 -5.768120025356567385e-03 -8.741550153956796354e-01 -8.720962143654475973e-02 2.853775485864684103e-01 4.775997048889650820e-01 5.918551075205379375e-01 6.632209930099688400e-01 7.073998060874232552e-01 7.324360352986816203e-01 7.424228863915623977e-01 7.388061727103817367e-01 7.207251677529501466e-01 6.849040393986626230e-01 6.258318622814009746e-01 5.378740948796921773e-01 4.200689619652173135e-01 2.784928671519176224e-01 1.193887136803657573e-01 -6.252231100650279538e-02 -2.937685019724276536e-01 -6.370354046842691131e-01 -8.017453035226698166e-01 -3.742262083444639065e-01 -1.005213763192852050e-01 1.039562416995603034e-01 3.141758343181952906e-01 5.988103441906499347e-01 9.869735934988580484e-01
9.956114512677763928e-01 9.966624324403845492e-01 9.979858610215631698e-01 9.996213085618310679e-01 9.983939471476422911e-01 9.960297204585523145e-01 9.932579255615634484e-01 9.900592612490223265e-01 9.864272718371135396e-01 9.823727386001676054e-01 9.779283538317401492e-01 9.731533941933885323e-01 9.681380222206648067e-01 9.630067751354940420e-01 9.579207624088394990e-01 9.530780982219758668e-01 9.487121451376985259e-01 9.450872339099867236e-01 9.424916340521676261e-01 9.412276557204209970e-01 9.415988395703315250e-01 9.438942188534672484e-01 9.483696156785190734e-01 9.552258861940918777e-01 9.645840166016846906e-01 9.764570900338704895e-01 9.907195237463527482e-01 9.929749367447207042e-01 9.755869628539015626e-01 9.580012845197263260e-01 9.411291359308141535e-01 9.259600321813005186e-01 9.135258545118215556e-01 9.048667822765747992e-01 9.009993034440466619e-01 9.028832822676868819e-01 9.113812128838495452e-01 9.271986386103424627e-01 9.507905824789009142e-01 9.822153356548799508e-01 9.795124909189915074e-01 9.385993609301359619e-01 8.985130336594699951e-01 8.627570921334226650e-01 8.350883231521631922e-01 8.195243925341512137e-01 8.205187590999921676e-01 8.433736469931071289e-01 8.950047925785525882e-01 9.852619366803546663e-01 8.855756449092762050e-01 7.400473945932003472e-01 5.905282142237511245e-01 4.478174056540666359e-01 3.198275708476310264e-01 2.114022304065050206e-01 1.249923602107228249e-01 6.150786068248554478e-02 2.093006372778441829e-02 2.608787193654317407e-03 5.351772528048970301e-03 2.745523507519100764e-02 6.679025782711396630e-02 1.209910630501123269e-01 1.877160443484144625e-01 2.649130908280201702e-01 3.510516583640239108e-01 4.453532461123007602e-01 5.480053841692824612e-01 6.599559009159653433e-01 7.816397741214480277e-01 9.121316602777364002e-01 9.493284375763629823e-01 8.198347856946661683e-01 6.894339089921392993e-01 5.427634658957377622e-01 3.711690266841681241e-01 1.819007230653301721e-01 8.563580434165852032e-03 -1.026182062475959750e-01 -1.366833670743389795e-01 -1.246327419614168125e-01 -1.099900346456285372e-01 -1.223416793897300764e-01 -1.747614731409435074e-01 -2.660200889810888092e-01 -3.786691694487810955e-01 -4.800665641220239199e-01 -5.353186322807285125e-01 -5.239562091651936981e-01 -4.473995405132992209e-01 -3.283119433249739871e-01 -1.985383259361027664e-01 -8.148250355093793196e-02 1.302203923395621986e-02 8.421555434750574443e-02 1.362056383407366233e-01 1.752922071856867492e-01 2.061357303018301890e-01 2.311762486582518150e-01
9.924664256484962976e-01 9.928283591032065480e-01 9.933735418454892052e-01 9.941401207299656040e-01 9.951696502898835783e-01 9.965062151785054612e-01 9.981950561961941970e-01 9.997194811195359021e-01 9.972040582501688899e-01 9.942347989415378784e-01 9.907974552630756104e-01 9.868953803191040652e-01 9.825544762429373469e-01 9.778280534121425172e-01 9.728011922064349060e-01 9.675941440670902116e-01 9.623642930713289800e-01 9.573062305102407743e-01 9.526495728262892593e-01 9.486542675376170575e-01 9.456032626103774152e-01 9.437925357894778600e-01 9.435185647255767138e-01 9.450633467122255826e-01 9.486770447533919848e-01 9.545582646560507589e-01 9.628319058937480079e-01 9.735245596872937890e-01 9.865376634231171060e-01 9.983834263670839926e-01 9.819944577318092671e-01 9.652062590484689064e-01 9.488602549000806352e-01 9.338813653970058359e-01 9.212456158726183286e-01 9.119484897873800788e-01 9.069744852738040874e-01 9.072656691858365097e-01 9.136837460484371620e-01 9.269565646877157006e-01 9.475965823711063329e-01 9.757765866744477767e-01 9.889740339870342067e-01 9.500267859731497122e-01 9.107733573973753050e-01 8.743276414283888132e-01 8.439665120621929750e-01 8.230514843153319271e-01 8.150700181031199643e-01 8.238129260237896379e-01 8.536806292214291769e-01 9.100793180350528200e-01 9.998198393490592695e-01 8.838977708960588098e-01 7.607443545557709408e-01 6.414533109648867804e-01 5.347450601791795544e-01 4.464740981887016513e-01 3.797369214898088097e-01 3.354434498398053965e-01 3.129527389127710890e-01 3.105986317114573514e-01 3.260686256530621607e-01 3.566393016727081311e-01 3.992745336643043763e-01 4.506029245039994691e-01 5.068356779718711236e-01 5.637959110797680085e-01 6.173867974566060735e-01 6.647731258560126699e-01 7.059098591783721233e-01 7.443290355716611906e-01 7.864104214477783961e-01 8.392528675011533545e-01 9.082752656456358764e-01 9.962919754826199403e-01 9.060470056896593460e-01 8.147902568041569538e-01 7.365736575746608672e-01 6.765115903491206728e-01 6.367484561455500902e-01 6.165650249068506117e-01 6.141922731415316861e-01 6.279422388076536521e-01 6.525679864766292804e-01 6.707813294928400838e-01 6.517005087771412519e-01 5.680970290554668845e-01 4.257480059549200169e-01 2.704308257045264785e-01 1.524302120560714624e-01 8.980667356705966664e-02 6.758482472019712584e-02 6.098343848499424014e-02 5.303817454443182644e-02 3.619560174876456510e-02 6.946681785776232833e-03 3.870937263544407120e-02 1.069607677400909174e-01 2.070902728988668895e-01
9.920301884673730086e-01 9.916640766364891446e-01 9.913580831198823828e-01 9.911417825575813412e-01 9.910503265233701065e-01 9.911245143051291562e-01 9.914105351481992123e-01 9.919592795554960096e-01 9.928251141024357906e-01 9.940640186366911379e-01 9.957309984996571828e-01 9.978767092291503937e-01 9.994570261117482479e-01 9.962547936268068005e-01 9.925221402719576203e-01 9.882867015717309300e-01 9.836076765782780784e-01 9.785798356577221080e-01 9.733360716666266121e-01 9.680480197842209478e-01 9.629243541328182943e-01 9.582064949503347195e-01 9.541616121004051765e-01 9.510729659288510440e-01 9.492277591293853956e-01 9.489027605913957775e-01 9.503479902667626433e-01 9.537687233336836767e-01 9.593060023355381993e-01 9.670157831888888111e-01 9.768468639425502698e-01 9.886179727145695262e-01 9.980089940693452899e-01 9.837965871423489661e-01 9.696046368453591358e-01 9.562586841766018697e-01 9.446513099586777429e-01 9.357090534974594753e-01 9.303562577454287386e-01 9.294748949299793672e-01 9.338578527007604935e-01 9.441513164905673827e-01 9.607800676209667934e-01 9.838483865732801092e-01 9.871572012930928119e-01 9.548330501737096743e-01 9.216908891838934137e-01 8.902969612740513350e-01 8.634285572256039654e-01 8.440290193591160062e-01 8.352381905277462826e-01 8.404738332068520945e-01 8.634927789152461175e-01 9.083069339443635704e-01 9.787815563333687185e-01 9.278831773164445407e-01 8.296746280276765528e-01 7.370235303360352930e-01 6.576619677486956750e-01 5.962603710075737862e-01 5.546665059276986165e-01 5.325891925127723692e-01 5.282635842781731039e-01 5.389297865354113481e-01 5.611400012840512819e-01 5.909796660889002906e-01 6.243158403095172559e-01 6.571838107740769486e-01 6.863257433800178386e-01 7.096931318726836802e-01 7.266349191286014531e-01 7.377222670933909487e-01 7.444620527708366575e-01 7.491429325567366959e-01 7.547601264008269029e-01 7.645909112550848263e-01 7.807979276092861243e-01 8.019474524641697633e-01 8.206624970793851004e-01 8.235947727154823150e-01 7.955616092095011416e-01 7.275217510273555011e-01 6.233870045292490003e-01 4.988181781825067329e-01 3.728720259575173945e-01 2.605993917767330248e-01 1.710808100334946791e-01 1.111143848486396968e-01 9.583013566017543894e-02 1.641720520792719074e-01 4.056622142205121295e-01 9.268615883086313012e-01 2.745521631591903433e-01 -3.955371271102844227e-02 -2.158678108704485399e-01 -3.385420464528091644e-01 -4.552971693921396557e-01 6.084779253027011725e-01 8.445932118495794727e-01 8.154341867395521470e-01
9.943955371420015732e-01 9.934193868805365479e-01 9.923722183683713061e-01 9.912698201436926926e-01 9.901345466614691615e-01 9.889961886355325138e-01 9.878926859580693387e-01 9.868705873986406418e-01 9.859851510083282866e-01 9.852999742107181325e-01 9.848860442023721351e-01 9.848201082142206131e-01 9.851822795617747319e-01 9.860528190992560171e-01 9.875080627456732651e-01 9.896155050636410433e-01 9.924280987907853069e-01 9.959778948260816778e-01 9.997308405828049249e-01 9.947558509013044725e-01 9.892038277837347238e-01 9.832094073266061107e-01 9.769513790839929879e-01 9.706498173903628235e-01 9.645602198569251939e-01 9.589647308006480353e-01 9.541607570874307553e-01 9.504474652189947026e-01 9.481107386047011865e-01 9.474071372289534221e-01 9.485472212731028696e-01 9.516782961443432942e-01 9.568662957315131612e-01 9.640763277325136160e-01 9.731516465037188812e-01 9.837918199937080166e-01 9.955328099480574844e-01 9.923249660004519468e-01 9.807930749778135393e-01 9.707609612898789875e-01 9.631127044605334309e-01 9.586903028915705338e-01 9.582341261929564480e-01 9.623242465665097223e-01 9.713252503147313810e-01 9.853351593649549711e-01 9.958819930223323791e-01 9.735891389213455760e-01 9.494546338717695377e-01 9.253028573753885322e-01 9.034167209423045186e-01 8.867118622035561337e-01 8.789160881686263194e-01 8.845807007176673675e-01 9.087309681478810131e-01 9.560392874281105069e-01 9.713614635823919485e-01 8.861420451241851515e-01 8.019967565236260088e-01 7.288719189322627745e-01 6.726967351596280231e-01 6.352740545122542715e-01 6.154940088737440584e-01 6.106601872691914679e-01 6.173608236951080297e-01 6.319592971769310008e-01 6.509269615107718954e-01 6.711257506222404468e-01 6.900301610455692458e-01 7.058331704635695258e-01 7.174063994474965122e-01 7.241458787054231294e-01 7.257742919259029257e-01 7.221564335329141437e-01 7.131291132263289922e-01 6.982793123844006633e-01 6.765648245250119874e-01 6.457464837458327667e-01 6.019126343525194045e-01 5.398569476938102074e-01 4.550484566029968647e-01 3.464635330445879902e-01 2.175501229345813692e-01 7.325362929643824961e-02 -8.527369529660409897e-02 -2.634850107391807916e-01 -4.690892691178856766e-01 -7.008513231070748750e-01 -9.362230629536690829e-01 -8.863455162497976270e-01 -8.145363169913145684e-01 -8.143146017989736363e-01 -8.391319687027152252e-01 -7.787581046983961253e-01 8.456311534635225780e-01 -5.266813782723095416e-01 -5.512521194883002185e-01 4.743171718861559083e-01 3.533245293281651600e-01 2.318407163328315701e-01
9.990058482381333205e-01 9.976824264861510194e-01 9.961767375501178190e-01 9.944880841373543445e-01 9.926219590187604913e-01 9.905914758008567134e-01 9.884188118899480680e-01 9.861365818961583818e-01 9.837890425857931387e-01 9.814330167762953527e-01 9.791384150514738094e-01 9.769882322053934365e-01 9.750779005475673777e-01 9.735138943955127244e-01 9.724114981807089331e-01 9.718916729800696208e-01 9.720769813102789758e-01 9.730865567659724436e-01 9.750301341870148963e-01 9.780011904888401553e-01 9.820692918573431518e-01 9.872718080719781186e-01 9.936052490968815265e-01 9.989844208858295049e-01 9.906921527604035660e-01 9.817720512156757895e-01 9.724919109591981803e-01 9.631670628586145311e-01 9.541498649691411149e-01 9.458165682449923839e-01 9.385522473319437564e-01 9.327344321842486741e-01 9.287158367556664906e-01 9.268062001302135311e-01 9.272528623710281082e-01 9.302195203801943979e-01 9.357629366460605835e-01 9.438084315786885448e-01 9.541267572985634438e-01 9.663170233256651587e-01 9.798019748241907356e-01 9.938422389773120535e-01 9.924825462590207703e-01 9.803216456587038330e-01 9.704661464955729455e-01 9.635330794258485376e-01 9.599921376441479248e-01 9.601938834580425741e-01 9.644403693301162317e-01 9.730746866968795761e-01 9.864898577548726344e-01 9.952251069243899240e-01 9.739359965570175692e-01 9.541789023418350002e-01 9.433175450437173426e-01 9.502754755102743589e-01 9.834546714166414461e-01 9.529617408887717245e-01 8.686337410237717771e-01 7.775347153779350595e-01 6.941853196938480020e-01 6.292780932906705260e-01 5.871579895102017055e-01 5.662358257864773536e-01 5.617951230932368700e-01 5.686783101538129825e-01 5.824008265730296063e-01 5.993179642262498330e-01 6.165628267743473723e-01 6.319609966775551202e-01 6.439307224521116924e-01 6.513701815651641303e-01 6.535526469103050129e-01 6.500393372359555277e-01 6.405585968996870827e-01 6.246954618842903706e-01 6.011724771963957714e-01 5.666768978734127993e-01 5.147569162361042006e-01 4.360067558586163683e-01 3.206459163545537505e-01 1.627584226708580217e-01 -3.687170407205053735e-02 -2.715764929163226871e-01 -5.310152481597082419e-01 -8.000135956449575536e-01 -9.489272292330240832e-01 -7.947950557233135482e-01 -7.235500088545387953e-01 -7.068426847241253697e-01 -7.294223497938507883e-01 -7.791942928172777005e-01 -8.385490122772423227e-01 -8.796100375115828429e-01 -8.750920136703771446e-01 -8.050172585911508083e-01 -6.140595687652500301e-01 2.215472721373789103e-02 1.075757536670920028e-01 2.098797136299105637e-01
9.952408161137474840e-01 9.965315803160992303e-01 9.980719586249625630e-01 9.998809918661109020e-01 9.980299186824229674e-01 9.956581634816367155e-01 9.930053336805996222e-01 9.900828074094649711e-01 9.869137346289406088e-01 9.835349474586712049e-01 9.799986917927732133e-01 9.763740462940687648e-01 9.727478856975048105e-01 9.692252441110288386e-01 9.659289413410184766e-01 9.629983506930582804e-01 9.605872084034851044e-01 9.588603897824303779e-01 9.579896013533825139e-01 9.581479576861035019e-01 9.595034232765694560e-01 9.622111035828435632e-01 9.664043698758605361e-01 9.721848114155950960e-01 9.796110451701973698e-01 9.886865050959419143e-01 9.993465117405105902e-01 9.886842925412340222e-01 9.758539997145341260e-01 9.625574336093182248e-01 9.492513672810315439e-01 9.364387850743575159e-01 9.246496690923707851e-01 9.144198820503021130e-01 9.062692318302784100e-01 9.006795752763717688e-01 8.980735014728726817e-01 8.987938496547358547e-01 9.030841899692177988e-01 9.110705026307703847e-01 9.227446251186763870e-01 9.379505235133149821e-01 9.563749770705440856e-01 9.775446634700335480e-01 9.991692469210591288e-01 9.751665276366315860e-01 9.518787164561617331e-01 9.301614596632900023e-01 9.108482016975468776e-01 8.948755872228685293e-01 8.835264209694226878e-01 8.787324549030685050e-01 8.829657339621647116e-01 8.974947812673345071e-01 9.188507587241714347e-01 9.375971018759964304e-01 9.421827206309626446e-01 9.238349246917451074e-01 8.790822231567941847e-01 8.105797417153809414e-01 7.268477613965118600e-01 6.401013077280804930e-01 5.625577403564371304e-01 5.034635840827189623e-01 4.676712555527315351e-01 4.541927903801398769e-01 4.567239245571245720e-01 4.678696819166646703e-01 4.819145164680019300e-01 4.949742999182453196e-01 5.046141841017666163e-01 5.097303939636887993e-01 5.107264770274521082e-01 5.098088326045443486e-01 5.110271525095365641e-01 5.195436293194557464e-01 5.397139630204563776e-01 5.717904087209011443e-01 6.071482179594878126e-01 6.225169000135009068e-01 5.770308428233009712e-01 4.229642743352655110e-01 1.409057865424386546e-01 -2.210312022097436768e-01 -5.633524796903249809e-01 -8.108599594837496705e-01 -9.542909637717255089e-01 -9.783260307240905229e-01 -9.589044983605362615e-01 -9.691833897974436729e-01 -9.943304964393278045e-01 -9.331838885284745588e-01 -8.571456820345657590e-01 -7.854345210755724338e-01 -7.391997631563115290e-01 -7.333073777844912877e-01 -7.777661724990125869e-01 8.198720802244057193e-01 7.499620775179857146e-01 5.127069121366539806e-01
9.897531564363574175e-01 9.906124853881632664e-01 9.917173200038829073e-01 9.930981366447125813e-01 9.947848427149793560e-01 9.968055049825061964e-01 9.991847608582313800e-01 9.980618766968906153e-01 9.949372513979771737e-01 9.914478033821435554e-01 9.876130240596684429e-01 9.834686602166382574e-01 9.790691086778252616e-01 9.744895022108168714e-01 9.698273042397377308e-01 9.652032210824375014e-01 9.607612428001880422e-01 9.566676384356144203e-01 9.531087578845091057e-01 9.502875282249964028e-01 9.484185719063906728e-01 9.477219104920933113e-01 9.484152423815052080e-01 9.507047892574493897e-01 9.547746921734858727e-01 9.607749120537363297e-01 9.688075726721520065e-01 9.789117152104078734e-01 9.910465662881058346e-01 9.949518934683845295e-01 9.796822243698605215e-01 9.637098174141335294e-01 9.476013513208324524e-01 9.319855426068747173e-01 9.175298996177833066e-01 9.049161339579345764e-01 8.948158720083384532e-01 8.878679630166662617e-01 8.846581732887991434e-01 8.857014665834342937e-01 8.914264781328427034e-01 9.021612740002902253e-01 9.181191488937019418e-01 9.393831847237387178e-01 9.658886699943515231e-01 9.974031458111907167e-01 9.675820119056341984e-01 9.314865663448936850e-01 8.955315218259308763e-01 8.608908734023406062e-01 8.287535936470191711e-01 8.004807606495769612e-01 7.778395549893678540e-01 7.630283466189461405e-01 7.576772402247750060e-01 7.605201806944053011e-01 7.663296160535548740e-01 7.683276926222789571e-01 7.612632001850362373e-01 7.424354298503406113e-01 7.113128991692432290e-01 6.691181756129775948e-01 6.187050561947585736e-01 5.643635072932000618e-01 5.113486243749582050e-01 4.654547587929458996e-01 4.327664389747228335e-01 4.176502337563616218e-01 4.181326205897492598e-01 4.271550942572114318e-01 4.391342084385470024e-01 4.527773215397097872e-01 4.714047092189870836e-01 5.030393494307044966e-01 5.605692065363154786e-01 6.625692776573385290e-01 8.363126446720449136e-01 8.884597372694581496e-01 6.220138918226022495e-01 4.117299999563756030e-01 2.597011253779564210e-01 1.650316591359416163e-01 1.361735042657877814e-01 2.192597358794727280e-01 6.432130475524064916e-01 1.844460860731089724e-01 -3.661134551609271370e-01 -6.002513032005950544e-01 -7.070913662411526523e-01 -7.544286494728219550e-01 -7.627739031440753381e-01 -7.259363877046253188e-01 -6.450265485831239154e-01 -5.687415810210735279e-01 -5.259675579917773014e-01 -5.220867568221252419e-01 -5.579861448330696305e-01 6.318289566269696955e-01 7.189751539966786620e-01 7.588949983689058376e-01
9.858425909209178606e-01 9.859465655571328924e-01 9.862257808665708669e-01 9.867150749927278142e-01 9.874521673702626456e-01 9.884771216710890318e-01 9.898315353786577564e-01 9.915574017182536837e-01 9.936955871164550036e-01 9.962838671031518656e-01 9.993544670315478440e-01 9.970775025939129232e-01 9.930237887941487651e-01 9.885014836193198873e-01 9.835484852229825492e-01 9.782274426122413713e-01 9.726288547891377423e-01 9.668734209819415115e-01 9.611132890247345850e-01 9.555318437103692553e-01 9.503417101191193872e-01 9.457807252032687240e-01 9.421057520492227555e-01 9.395843605426987821e-01 9.384845483321195836e-01 9.390627918801675023e-01 9.415507653302601643e-01 9.461410241007895960e-01 9.529718230891844888e-01 9.621110592484876101e-01 9.735391628649574525e-01 9.871307154078027279e-01 9.973721396916298554e-01 9.807242571726100255e-01 9.637361343004331449e-01 9.471354003047525172e-01 9.317133702950652907e-01 9.183021141269778198e-01 9.077500780919436352e-01 9.008964204891563021e-01 8.985444567431702945e-01 9.014349503669532027e-01 9.102200974652000509e-01 9.254387231296261618e-01 9.474925308661835688e-01 9.766225838530419034e-01 9.872790066663676978e-01 9.468584381808523576e-01 9.042053924061257408e-01 8.608316224149830109e-01 8.181397246359450870e-01 7.773934431249127641e-01 7.397590766343509205e-01 7.064140129288222214e-01 6.786768037161690081e-01 6.580062659625004473e-01 6.456019620245998514e-01 6.416049195090518520e-01 6.447000325998419878e-01 6.528231957798944496e-01 6.641697842657956485e-01 6.773090971772179891e-01 6.903599504857934610e-01 7.001004358951494755e-01 7.020740238714082704e-01 6.923094633926299979e-01 6.701564766837286857e-01 6.407117568256950335e-01 6.153467447857041694e-01 6.081533790050677180e-01 6.270396985351033292e-01 6.724504516244892427e-01 7.490066518024308673e-01 8.752683039830062572e-01 9.138666287949216427e-01 6.641626690679214295e-01 4.163681228211230101e-01 1.915440264836702766e-01 1.808909979126961838e-03 -1.498443287339482621e-01 -2.660123497473194654e-01 -3.513546209029225764e-01 -4.103614918316821347e-01 -4.457855638822874056e-01 -4.559391602606498450e-01 -4.286187192422785119e-01 -3.260353622850187261e-01 -7.669344489475870240e-03 5.060029971182730124e-01 -3.279741076408454470e-01 -5.849209799157867318e-01 -7.024739390403327288e-01 -7.636916289295622162e-01 -7.830213168279808178e-01 -7.486617522504234179e-01 -8.484393107275688406e-01 -8.983503320076789977e-01 6.549944638674577435e-01 4.555104242037850137e-01 2.908506223393049761e-01
9.845023623903964571e-01 9.836767865218336571e-01 9.829048358614841385e-01 9.822184750222281435e-01 9.816557597679120839e-01 9.812612191036930165e-01 9.810860792753519632e-01 9.811882666483299209e-01 9.816321139418866526e-01 9.824876794155966708e-01 9.838295709658747557e-01 9.857351470662998327e-01 9.882819461388333560e-01 9.915441803050081271e-01 9.955881279539381401e-01 9.995339303826492605e-01 9.938281028355021585e-01 9.873401102827062958e-01 9.801365872342141516e-01 9.723303519300002806e-01 9.640839429565418728e-01 9.556100520415700128e-01 9.471681618877931808e-01 9.390571125992426271e-01 9.316038474370257338e-01 9.251491122985308069e-01 9.200312848034493118e-01 9.165697073413097140e-01 9.150488659661488722e-01 9.157045000224351972e-01 9.187122473009291523e-01 9.241786904768654054e-01 9.321336081235004345e-01 9.425208432549656568e-01 9.551837424141483845e-01 9.698404018713943087e-01 9.860455133531673688e-01 9.968686579412237014e-01 9.801913354667732836e-01 9.652075422148383987e-01 9.531093121189381234e-01 9.451301775599125765e-01 9.424699988003092388e-01 9.462221783407793740e-01 9.573129856233334456e-01 9.764547590731120774e-01 9.959077244787800653e-01 9.611179987887789045e-01 9.213540936751728472e-01 8.784661545745197087e-01 8.343194276255010422e-01 7.906213874001019049e-01 7.488291789129134512e-01 7.101442482333907291e-01 6.755864400845178475e-01 6.461314826206676631e-01 6.228842233564433339e-01 6.072296630965081654e-01 6.008507074258190306e-01 6.054842278241715503e-01 6.224276899001600638e-01 6.520300880221120421e-01 6.933196412193840530e-01 7.436328181276252725e-01 7.982583302983938811e-01 8.506283740241293856e-01 8.937780332689134744e-01 9.232995135079340443e-01 9.411836328144858044e-01 9.594363793208505742e-01 9.985013096559548496e-01 9.104849311590440530e-01 7.768435492973791989e-01 6.093118719127625926e-01 4.205583038351851100e-01 2.232969034107872008e-01 3.139996724794624078e-02 -1.426216708971230485e-01 -2.908388469323028303e-01 -4.106903005054916012e-01 -5.035188558242043033e-01 -5.725389210266270679e-01 -6.213547274773665308e-01 -6.532725644190473524e-01 -6.710876129973655235e-01 -6.766074781127632276e-01 -6.711492096176671085e-01 -6.574388352723121720e-01 -6.268397666727179018e-01 -5.452829573134402308e-01 -2.767955043280873606e-01 2.109757517530362614e-01 -5.944028963334934135e-01 -7.837389425681636768e-01 -8.840784561164308775e-01 -7.839123022719292067e-01 -4.397048340031806668e-01 2.080259531490392666e-01 4.247130810263116674e-02 8.582316699203539068e-02
9.862427360709802304e-01 9.845291358379811841e-01 9.827228877845016752e-01 9.808467455711086247e-01 9.789319818093445980e-01 9.770196857106682176e-01 9.751620412844852481e-01 9.734235222745880600e-01 9.718819210368370154e-01 9.706291041632079120e-01 9.697713560837711855e-01 9.694291319485284220e-01 9.697359936688501048e-01 9.708364532319702089e-01 9.728824073866784161e-01 9.760278384600042934e-01 9.804215059859111570e-01 9.861974923558692874e-01 9.934637094037871430e-01 9.977164173228763033e-01 9.874706531783798980e-01 9.759799661484278577e-01 9.634578504663984244e-01 9.501880882504936121e-01 9.365133970213513903e-01 9.228192019722659678e-01 9.095144063891542618e-01 8.970113026609213280e-01 8.857067384283883182e-01 8.759664756671156072e-01 8.681144728554803791e-01 8.624285596464706938e-01 8.591433828354434477e-01 8.584599428239346741e-01 8.605575389045149182e-01 8.655977936398653316e-01 8.737031095618628118e-01 8.848901061439501392e-01 8.989535575804308287e-01 9.153311329624403969e-01 9.330109921416266383e-01 9.505382940381724710e-01 9.661334108873257387e-01 9.778940051891699126e-01 9.840401651265936467e-01 9.831647196057123894e-01 9.744515091056407119e-01 9.578205537837840566e-01 9.339608936099683678e-01 9.042304228575803737e-01 8.704381095408337821e-01 8.345629406643138015e-01 7.984841109891624988e-01 7.637872141213239985e-01 7.316800388942190647e-01 7.030186906981665818e-01 6.784244182912555488e-01 6.584632907577226968e-01 6.438518516804635494e-01 6.356270818642018039e-01 6.351790917152774218e-01 6.440290852868022498e-01 6.633180569152160588e-01 6.931742769137381188e-01 7.322999228641019487e-01 7.780737299779467708e-01 8.272799864973037209e-01 8.774607269687325628e-01 9.289257798808229216e-01 9.876473771753490061e-01 9.348548893880389565e-01 8.272486488097218205e-01 6.784110227085033973e-01 4.921253359725186738e-01 2.861106312665050444e-01 8.075918336737974990e-02 -1.091286400549721092e-01 -2.752912944490283897e-01 -4.141600718225759148e-01 -5.255489711111588358e-01 -6.116822277341711356e-01 -6.760918072410458945e-01 -7.228060239112478191e-01 -7.569133600898881875e-01 -7.914560046894709711e-01 -8.410435846425320383e-01 -8.730650323625051001e-01 -8.704645582553192096e-01 -8.525136580010606036e-01 -8.424683975726021679e-01 -8.338752096972940064e-01 -8.146858133003276325e-01 -7.650528986557147970e-01 -5.830198389651836122e-01 -5.724436924712057451e-01 -5.401558285857878117e-01 -1.220324044277491110e-02 2.138017619961456728e-01 3.191053389465408063e-01 3.678182934332656084e-01
9.909683116332596020e-01 9.886577345424955032e-01 9.861179311704363348e-01 9.833575326590955346e-01 9.803946768051796656e-01 9.772590043961258965e-01 9.739937530452552616e-01 9.706578803452891036e-01 9.673281234936609296e-01 9.641008721986993324e-01 9.610936946105570478e-01 9.584463122434077054e-01 9.563207720395453526e-01 9.549005194487336645e-01 9.543880502993699055e-01 9.550008333180624032e-01 9.569652744263306143e-01 9.605086552087667151e-01 9.658492131983494877e-01 9.731847948536223036e-01 9.826807239714036024e-01 9.944576080526615902e-01 9.914932659527038172e-01 9.755675122683592493e-01 9.580630813730137696e-01 9.393189866998570281e-01 9.197298642731257523e-01 8.997273821096875013e-01 8.797613548720906174e-01 8.602823390308631524e-01 8.417273022634377266e-01 8.245099022572774938e-01 8.090169735086749636e-01 7.956127734536895257e-01 7.846516934714306002e-01 7.764970954697396621e-01 7.715368460757162650e-01 7.701751181421195858e-01 7.727732849117945335e-01 7.795294487455169952e-01 7.903351530369044919e-01 8.046886243036565078e-01 8.217162634378517572e-01 8.402790999013046713e-01 8.591026409064174141e-01 8.768892666033119010e-01 8.924085340009724199e-01 9.045806071239286261e-01 9.125677234868949661e-01 9.158725252478233658e-01 9.144178699814861089e-01 9.085651677772108581e-01 8.990345873089334860e-01 8.867257570320108417e-01 8.724853758058913611e-01 8.569012319173886505e-01 8.402059143903428673e-01 8.223528753946347525e-01 8.032850630940580050e-01 7.833339686128766299e-01 7.635638396205380873e-01 7.458042994371588685e-01 7.322315960630308984e-01 7.246348202894218327e-01 7.237210536112695936e-01 7.288202424033249915e-01 7.381590928194528001e-01 7.496184075120722046e-01 7.617923841524156803e-01 7.753327921189028249e-01 7.948755044542216153e-01 8.323755049369969683e-01 9.144028029133216551e-01 9.062661477607221183e-01 6.303780050091063458e-01 2.981098572888748466e-01 -2.820889935548966804e-02 -2.966287903860320707e-01 -4.907957811269348936e-01 -6.215449640242148854e-01 -7.075412661623633470e-01 -7.643977458602609909e-01 -8.029687182123795841e-01 -8.316805188481775080e-01 -8.588228459827695893e-01 -8.852533628430458990e-01 -8.937552453191491830e-01 -8.585392734750612043e-01 -7.715156749801456160e-01 -6.715296111192662343e-01 -5.817154188778597135e-01 -4.951302197646231806e-01 -3.994548542309483419e-01 -2.810348200025886145e-01 -1.211069491521340469e-01 8.097743734797060999e-02 -1.761434431336242890e-01 5.722618980131798372e-01 8.779275687139392881e-01 8.159311419190719006e-01
9.979244158989483138e-01 9.955253730733407691e-01 9.928027439983814206e-01 9.897471499519759908e-01 9.863574887177927186e-01 9.826432369664606092e-01 9.786269498373634246e-01 9.743468931785518317e-01 9.698597165731339675e-01 9.652430438300428905e-01 9.605978226213995885e-01 9.560502382539539656e-01 9.517529623072412681e-01 9.478854826513078979e-01 9.446532589006704228e-01 9.422854815475341095e-01 9.410312977998507300e-01 9.411545076834542112e-01 9.429269166615278364e-01 9.466207169211332539e-01 9.525003983826014764e-01 9.608146999875853966e-01 9.717889656585264602e-01 9.856179804367692920e-01 9.975470355699534997e-01 9.780675077074035828e-01 9.564137699096126877e-01 9.329247149620678581e-01 9.080045380897366902e-01 8.821077597361685063e-01 8.557235016097960445e-01 8.293600536272661694e-01 8.035308245166941088e-01 7.787429432332305668e-01 7.554899740290831334e-01 7.342502134331658770e-01 7.154914490978658836e-01 6.996812268526724221e-01 6.872979578472677709e-01 6.788331553558870635e-01 6.747726359405032959e-01 6.755520620193838921e-01 6.815021975566594170e-01 6.928161374115329174e-01 7.095603574009877734e-01 7.317164022457389727e-01 7.592134446789386981e-01 7.919141972509484706e-01 8.295379912345585138e-01 8.715298779049337474e-01 9.169080247478809120e-01 9.641411745477433959e-01 9.890076265039254855e-01 9.476677926526990703e-01 9.144340622389902640e-01 8.902769585069392200e-01 8.760071719333025753e-01 8.724029501106023154e-01 8.802027870265139997e-01 8.998609409477303922e-01 9.311170558428751853e-01 9.726459257426830485e-01 9.783504404712020097e-01 9.285624035978501389e-01 8.807913401068019343e-01 8.347358281723065154e-01 7.880846144754160010e-01 7.375818801746120146e-01 6.805409485555914406e-01 6.162467498890819018e-01 5.467402995125208998e-01 4.769140065374281034e-01 4.143542997242862791e-01 3.698693816227375808e-01 3.608313641098563895e-01 4.243962518374965187e-01 6.758667876743703617e-01 5.677881614092102902e-01 -5.864560940886614365e-02 -4.021411023304585775e-01 -5.739706873097358830e-01 -6.584235973257686059e-01 -6.996384340965313697e-01 -7.166519466429926988e-01 -7.129533190591260672e-01 -6.756770908533572539e-01 -5.912457779235811284e-01 -4.892102781939409728e-01 -3.884008749569372587e-01 -2.956518979020875681e-01 -2.101827591771325277e-01 -1.285646904822718151e-01 -4.749986258061292266e-02 3.506944351917236358e-02 1.195886767635909870e-01 2.042607128381752069e-01 2.822178148226146543e-01 3.297372679314812260e-01 2.510247969106204624e-01 7.129365035186234767e-01
9.943077400316984171e-01 9.961703858383639254e-01 9.983953386438747524e-01 9.989820214997640058e-01 9.959410102603266646e-01 9.924624589945628683e-01 9.885329316131464816e-01 9.841500192964577343e-01 9.793253540289579284e-01 9.740878716113883229e-01 9.684872508039212846e-01 9.625974245320063627e-01 9.565200205550256074e-01 9.503875405547792532e-01 9.443660273211681444e-01 9.386569022220546676e-01 9.334975891563770389e-01 9.291604976164131724e-01 9.259499512470287241e-01 9.241967662724799304e-01 9.242504530308941479e-01 9.264694524588906743e-01 9.312103754893676921e-01 9.388177198054672434e-01 9.496157093804046267e-01 9.639034282131494491e-01 9.819531825191775143e-01 9.960056917203009563e-01 9.705992403910302935e-01 9.425278813250422827e-01 9.122467533165783404e-01 8.802836692711681899e-01 8.472238270018798145e-01 8.136924936656297902e-01 7.803365364850105568e-01 7.478069777942747409e-01 7.167454181143868563e-01 6.877770739681727807e-01 6.615124810323291804e-01 6.385587735249812491e-01 6.195398462901045011e-01 6.051225048508745985e-01 5.960430589936833723e-01 5.931268085829124459e-01 5.972937128001339913e-01 6.095485627527482686e-01 6.309596619829270780e-01 6.626280221939250259e-01 7.056355981858524196e-01 7.609446713866886425e-01 8.292142918476517188e-01 9.105094604133552316e-01 9.961106596068436403e-01 9.033210828719453467e-01 8.226094119645953606e-01 7.555797601734883795e-01 7.029851910237217005e-01 6.650067770303895731e-01 6.414983125248747697e-01 6.321453357617309310e-01 6.365376330070373623e-01 6.542237656594984685e-01 6.848554793950177855e-01 7.285050611821712874e-01 7.861983040479066931e-01 8.607178482328315949e-01 9.578127450911819718e-01 9.190118355001526407e-01 7.870550849306392482e-01 6.498062784650695534e-01 5.110105661723128856e-01 3.763453611111874930e-01 2.524345290736596525e-01 1.458936871022119552e-01 6.323404163840966319e-02 1.208659232789178160e-02 4.415738135105953983e-03 6.456914440411677669e-02 2.543741622151123871e-01 7.820457476525980445e-01 3.323598754152500834e-01 -8.945261167845044992e-02 -3.038650548886889791e-01 -4.172731133233525402e-01 -4.633653950490823625e-01 -4.401026748779848230e-01 -3.577896334690798819e-01 -2.624216527123493514e-01 -1.793485843166184035e-01 -1.114607008561766810e-01 -5.485971434607300051e-02 -7.683724413949785323e-03 2.977568478861066306e-02 5.611708039792822483e-02 6.899062639986071332e-02 6.475685704503633677e-02 3.747242733641330953e-02 2.360396364357022006e-02 1.404078966440000520e-01 3.648159351997611877e-01
9.877465680032736506e-01 9.885782788366872520e-01 9.897319635505231750e-01 9.912668359765374193e-01 9.932481454477289917e-01 9.957468390187130813e-01 9.988388167612761714e-01 9.974031606261384297e-01 9.929282001034532845e-01 9.876800674121043455e-01 9.816141772055423376e-01 9.747060457452536575e-01 9.669599877782369957e-01 9.584192389409921242e-01 9.491769706642450011e-01 9.393871898403572951e-01 9.292740149409975947e-01 9.191374446005953214e-01 9.093536661279032485e-01 9.003683323730751198e-01 8.926820962756929490e-01 8.868289322973345046e-01 8.833492173829317062e-01 8.827610226059653398e-01 8.855344099488204890e-01 8.920743868791960463e-01 9.027177865798696743e-01 9.177466880929481263e-01 9.374157276706821529e-01 9.619844700871935661e-01 9.917425509008668261e-01 9.736933650459149714e-01 9.361889014747016846e-01 8.964469959825518419e-01 8.551633639456055480e-01 8.130836213817602687e-01 7.709850727199478726e-01 7.296576933883184291e-01 6.898903682812366212e-01 6.524665587055736848e-01 6.181710104034034980e-01 5.878068292172290432e-01 5.622205997515605791e-01 5.423321843632080697e-01 5.291651772804109033e-01 5.238733586127157782e-01 5.277576547855838962e-01 5.422673349202482562e-01 5.689794261951915955e-01 6.095522767088182858e-01 6.656511801389441985e-01 7.388419044698746330e-01 8.304385812177722537e-01 9.412764069635189967e-01 9.333908475048010578e-01 8.201069016397334321e-01 7.236756178984183885e-01 6.441295897491712275e-01 5.809338048590156900e-01 5.333610701985839198e-01 5.007300463731556572e-01 4.825572439372113887e-01 4.786783652287907032e-01 4.893901270229236711e-01 5.156588865166751301e-01 5.594534418043777269e-01 6.243100380193690180e-01 7.163592663579467779e-01 8.463182676374142455e-01 9.674581815955295427e-01 7.599116824695273387e-01 5.638469819393558957e-01 3.836887135561089512e-01 2.240240240619210954e-01 8.978500384147256042e-02 -1.381253555774777063e-02 -8.128048545120400425e-02 -1.067823643028678188e-01 -8.417934194166044881e-02 -6.111363806809926892e-03 1.446527732065574501e-01 4.304124168166163500e-01 9.161562990746805468e-01 2.757595994998148226e-01 -4.912211223225879803e-02 -1.928784696638198015e-01 -2.059657748623185403e-01 -1.567832255963649279e-01 -1.026601434839603810e-01 -6.196671953068606103e-02 -3.738322829017018400e-02 -2.810572459058799724e-02 -3.380162367095137371e-02 -5.632040788371394519e-02 -9.996283705579159240e-02 -1.721184561215739206e-01 -2.856924349110401828e-01 4.650823044894862313e-01 7.619591877137640301e-01 7.656791229889118311e-01
9.844595630738068870e-01 9.840778583837459514e-01 9.839331896826913892e-01 9.841049697298448473e-01 9.846880032667020277e-01 9.857939141644778136e-01 9.875521280858475803e-01 9.901100609144249942e-01 9.936320335022865713e-01 9.982962978488051364e-01 9.957288729556473816e-01 9.883401142017402830e-01 9.794390800289428656e-01 9.689774806309154886e-01 9.569794483596238965e-01 9.435591530346288947e-01 9.289336465933092368e-01 9.134282455968247838e-01 8.974726978737721517e-01 8.815878414889045667e-01 8.663640449633225327e-01 8.524339387231483212e-01 8.404424808014779869e-01 8.310172444936420044e-01 8.247413309494873168e-01 8.221310687885031721e-01 8.236211547213531103e-01 8.295610947452780604e-01 8.402277528228612180e-01 8.558575602412372696e-01 8.766968011146437645e-01 9.030604444595259350e-01 9.353842226550618255e-01 9.742562791118121179e-01 9.799857038900579020e-01 9.304298530930860123e-01 8.785066452444281193e-01 8.250617651955872711e-01 7.710308223935153915e-01 7.174235680622934597e-01 6.653045410719058417e-01 6.157749351047298036e-01 5.699582370453740721e-01 5.289908554158522236e-01 4.940187705423881304e-01 4.662017822027713643e-01 4.467274201426112978e-01 4.368359872633076901e-01 4.378554552867476302e-01 4.512395793080674067e-01 4.785961072866742883e-01 5.216887085153233405e-01 5.824015765115936327e-01 6.626695303925124181e-01 7.643874002033924642e-01 8.893007566073368730e-01 9.626196302440892527e-01 8.239127966511138323e-01 7.075641466416976444e-01 6.119045841050105849e-01 5.351027807959295446e-01 4.755199142398596202e-01 4.318545924418837889e-01 4.032005760909307401e-01 3.890974522785037304e-01 3.896199552993998005e-01 4.055359027762687751e-01 4.385723513353949610e-01 4.918708418464536325e-01 5.708096817275464252e-01 6.846162471045497133e-01 8.498609327556482240e-01 9.100202211111093620e-01 6.654646297002601019e-01 4.451150374627935724e-01 2.512415820331451166e-01 8.747634997739608953e-02 -4.197764309295669988e-02 -1.337059708462535745e-01 -1.853070856811478428e-01 -1.942677573834765414e-01 -1.561873069065241593e-01 -6.188481211760034351e-02 1.194883520499199492e-01 5.561423628499743144e-01 4.378511552163596998e-01 -4.071289703430459872e-02 -1.979476219397628134e-01 -2.212024147324396783e-01 -2.136375522564911422e-01 -2.132041172333385137e-01 -2.321777547625678839e-01 -2.849008351046979914e-01 -3.833091508371289646e-01 -5.409642813052782939e-01 -7.921793443394753442e-01 -8.211997713933429921e-01 4.898993815367137517e-01 2.394849234376612568e-01 4.829380981413027712e-02
9.855442809319727715e-01 9.840700755336780903e-01 9.827063897852975627e-01 9.815366364570154989e-01 9.806645411598676754e-01 9.802161467540516648e-01 9.803411365446514925e-01 9.812130665359944937e-01 9.830280299257498910e-01 9.860012426757265303e-01 9.903610506659417112e-01 9.963399240953407787e-01 9.958551210399045894e-01 9.861660785422202702e-01 9.745687353531348185e-01 9.611171280278778539e-01 9.459689001404847364e-01 9.293884326910171190e-01 9.117395945326693951e-01 8.934684932754802800e-01 8.750788315526037975e-01 8.571041923749561642e-01 8.400821372469368109e-01 8.245341834133304015e-01 8.109538698200243756e-01 7.998029646411943805e-01 7.915142251901318149e-01 7.864985511965763010e-01 7.851549783341436051e-01 7.878833977959802670e-01 7.951015433072365912e-01 8.072689365454881472e-01 8.249202903117498487e-01 8.487084925257865065e-01 8.794528676413939650e-01 9.181843451841373849e-01 9.661788138212633603e-01 9.756350913118976287e-01 9.121067635599376944e-01 8.457586279213684666e-01 7.781045284777331483e-01 7.107550083490226100e-01 6.453295028162628899e-01 5.833766841908907264e-01 5.263158115246775459e-01 4.754060456224453168e-01 4.317455038926966138e-01 3.962981643798101916e-01 3.699444837146458887e-01 3.535501725910572546e-01 3.480460929958784089e-01 3.545097075600986414e-01 3.742343804829880716e-01 4.087683473887620544e-01 4.599048405979191401e-01 5.296153015892305360e-01 6.199404894853970394e-01 7.328759293228115368e-01 8.702797943814510884e-01 9.673298539288707198e-01 8.166448353487871792e-01 6.931243820653040233e-01 5.928275401673029910e-01 5.122509456259422000e-01 4.484712908152498345e-01 3.991493659028603203e-01 3.625261108967675061e-01 3.374605193367282707e-01 3.235025188550981201e-01 3.209764664461117745e-01 3.310831210051763951e-01 3.561051538392346338e-01 3.999314496146786913e-01 4.693749434004573229e-01 5.773908007907467832e-01 7.511414272014462767e-01 9.480046138844231418e-01 5.969505449532545027e-01 2.884129927778847358e-01 2.515201123158077035e-02 -1.980853053793332763e-01 -3.905816285384313136e-01 -5.580465711382126548e-01 -6.936846666527676231e-01 -7.715133574075687672e-01 -7.328190851031728403e-01 -2.980076878003960483e-01 -2.850855631803445589e-01 -6.249467650644683347e-01 -7.275609186309405230e-01 -7.794506240217363713e-01 -8.316189360003514164e-01 -9.727560889191659843e-01 -7.619825344909058051e-01 -5.074640883974023131e-01 -2.940972942067512363e-01 -1.205458564396157534e-01 1.939037365420267015e-02 1.319409541036920819e-01 2.228798163670591137e-01
9.900906449605938464e-01 9.878302813368339264e-01 9.855149708456438784e-01 9.832077580071657552e-01 9.809906430652750586e-01 9.789663871418415875e-01 9.772596137738495115e-01 9.760168930580230828e-01 9.754054835318008987e-01 9.756104105994112263e-01 9.768295662358281728e-01 9.792665144653951437e-01 9.831207004408618610e-01 9.885748616006339029e-01 9.957797602429395711e-01 9.951862366525078274e-01 9.844630125568238910e-01 9.722228032699544720e-01 9.587058432409300002e-01 9.442167918481494393e-01 9.290907386907124588e-01 9.136533408791199795e-01 8.981855280474151382e-01 8.829038936063567933e-01 8.679642289532986110e-01 8.534885097056784664e-01 8.396080515555394141e-01 8.265110266264074079e-01 8.144827473292535203e-01 8.039311050882014253e-01 7.953948337075953390e-01 7.895367353726491233e-01 7.871269713709456717e-01 7.890235764980807476e-01 7.961590777136863251e-01 8.095423684378511009e-01 8.302813782922394692e-01 8.596244665107245497e-01 8.990113725800369382e-01 9.501228931250219611e-01 9.852978758442225704e-01 9.126775365878808666e-01 8.368416680203956126e-01 7.600859618631099490e-01 6.846196816605094604e-01 6.124274228714980950e-01 5.451850269524497472e-01 4.842326194782008986e-01 4.305965473678887157e-01 3.850464039475120503e-01 3.481728025242954438e-01 3.204743151350227248e-01 3.024462748899478526e-01 2.946684983073140640e-01 2.978914747782435701e-01 3.131175335320802722e-01 3.416611833300731704e-01 3.851571843570709697e-01 4.454921818215311635e-01 5.246896391653483871e-01 6.248459782607893587e-01 7.482251645676840646e-01 8.975547282951895633e-01 9.289366196216138905e-01 7.750147597342877948e-01 6.465713367334875450e-01 5.385709361615119706e-01 4.469951747193448566e-01 3.689469926006901379e-01 3.027152976954421981e-01 2.477620215488934852e-01 2.045565536720478084e-01 1.742770076627002673e-01 1.585377470140752199e-01 1.593680858668517497e-01 1.796768961747834403e-01 2.245784441871300496e-01 3.044934477215578972e-01 4.426928547187650720e-01 6.982232381023180112e-01 7.865927873818326921e-01 2.789439140459725741e-01 -1.338016685737521416e-01 -4.782244764301626372e-01 -7.578876915325418739e-01 -9.614996766161096886e-01 -9.239278847302279107e-01 -8.805225496138320285e-01 -8.573572568561631524e-01 -7.517938500938954327e-01 -2.915178525509681262e-01 -6.450240318554721908e-01 -5.065158623727614717e-01 -2.481750848212538330e-01 -2.634333453151697577e-02 1.285444511307445026e-01 2.347455991271019948e-01 3.085424715162453646e-01 3.605150310456533003e-01 3.977124198936051180e-01
9.956188480520489215e-01 9.930067068146914977e-01 9.901763598826123225e-01 9.871555549060632151e-01 9.839864482466886830e-01 9.807274459739837580e-01 9.774545801230730691e-01 9.742621843610260735e-01 9.712626250776280612e-01 9.685848434593474776e-01 9.663714573501615002e-01 9.647741441908901372e-01 9.639469817724685141e-01 9.640374127656129444e-01 9.651746502341794764e-01 9.674558714689727168e-01 9.709317162757247210e-01 9.755945536084611458e-01 9.813753922816453867e-01 9.881569680185772198e-01 9.958091568035590813e-01 9.957718666564965293e-01 9.866871846071038066e-01 9.768151507715803206e-01 9.658707287790365692e-01 9.534822052636104939e-01 9.392903814300186394e-01 9.230598445103848082e-01 9.047726590239392186e-01 8.846837185491241984e-01 8.633299515784903511e-01 8.414974479090181481e-01 8.201588596233888584e-01 8.003975030342522778e-01 7.833349935145910159e-01 7.700770294910029845e-01 7.616877405222578501e-01 7.591967871475616692e-01 7.636356179959361556e-01 7.760923306503734187e-01 7.977718582874786524e-01 8.300511381913352471e-01 8.745252285226789990e-01 9.330457045504421121e-01 9.923059240444517259e-01 9.081778673991225403e-01 8.224488756474362949e-01 7.379307587051333606e-01 6.569913880273525741e-01 5.814805174762116557e-01 5.127460598437224570e-01 4.517099870871824630e-01 3.989725484322417803e-01 3.549212122516736678e-01 3.198315607449372933e-01 2.939582775955527638e-01 2.776240995736544148e-01 2.713217201035174053e-01 2.758432315006279500e-01 2.924343644997257630e-01 3.229372950389676200e-01 3.698780216359738859e-01 4.365243161687751838e-01 5.270280123659126792e-01 6.467535938259523220e-01 8.028296323834317461e-01 9.950512059111753516e-01 7.894065284646477609e-01 6.219421985254077745e-01 4.859729839455876887e-01 3.756544024826963812e-01 2.864056082720090601e-01 2.151275768362923002e-01 1.602479059996047006e-01 1.215948795322850939e-01 1.001743513644945405e-01 9.803597056545104715e-02 1.185591012448517778e-01 1.677538870310353314e-01 2.576594271346476783e-01 4.139492127097910146e-01 6.944118898763518288e-01 7.997262674253065029e-01 3.754452498387929604e-01 7.970981111409777831e-02 -1.445018283086302868e-01 -3.209636522000959835e-01 -4.558167176863182624e-01 -5.533842752251497688e-01 -6.230526791259565211e-01 -6.872189774725020461e-01 -8.211996464172944821e-01 -6.599554715778670477e-01 1.137339551895979323e-01 5.762884536794841139e-01 8.437897806119553090e-01 9.495355629825205090e-01 8.188997305271896732e-01 7.260941569209122814e-01 6.494379184648447767e-01
9.995603378916602111e-01 9.971536379864490707e-01 9.944349736372350979e-01 9.913972987760985012e-01 9.880423791217846086e-01 9.843828290764126132e-01 9.804440312334076202e-01 9.762657488489590030e-01 9.719032122236079818e-01 9.674274453629386761e-01 9.629246017240279398e-01 9.584940943294806281e-01 9.542453294597866842e-01 9.502928827820552593e-01 9.467500133699672249e-01 9.437205660147410802e-01 9.412897145682589395e-01 9.395148754348866538e-01 9.384196810052446436e-01 9.379960416218243724e-01 9.382210506784507409e-01 9.390944289120106703e-01 9.406953903220458546e-01 9.432451174074553135e-01 9.471494034895855396e-01 9.529971075415053505e-01 9.615078645267272073e-01 9.734449351448357657e-01 9.895192253420679318e-01 9.898007555813843616e-01 9.650930457866307988e-01 9.370074031032323836e-01 9.063799400443025567e-01 8.742579090342882386e-01 8.418042944768149294e-01 8.102122750592052336e-01 7.806413937027807393e-01 7.541795291204380636e-01 7.318295488087181999e-01 7.145177558066867496e-01 7.031210227271958990e-01 6.985080347649395005e-01 7.015871992203946972e-01 7.133529009802407339e-01 7.349257556175059491e-01 7.675896411404078412e-01 8.128336965742171127e-01 8.724077411338365673e-01 9.483948701028749317e-01 9.584996391132797333e-01 8.619794539455902793e-01 7.677973186297591957e-01 6.782880346974252683e-01 5.951998792066486299e-01 5.197839532116285133e-01 4.529115298407725421e-01 3.951955994621843549e-01 3.471065482851141692e-01 3.090830575114225098e-01 2.816489444569699185e-01 2.655564476918377270e-01 2.619837087851082935e-01 2.728029844579719088e-01 3.008782948188735706e-01 3.502644541317397331e-01 4.261945957262516238e-01 5.349158150842143744e-01 6.835611539705964690e-01 8.802496165479890555e-01 8.813956404972189684e-01 6.856944788340950669e-01 5.357532971159953972e-01 4.208606990102935486e-01 3.332249343998251456e-01 2.676700452222873228e-01 2.211491805638279018e-01 1.922755237720712440e-01 1.809386729911547365e-01 1.881353594515136896e-01 2.163284838474535676e-01 2.708366574201086507e-01 3.627087567361826914e-01 5.133794202087506031e-01 7.648442149983097904e-01 8.230360219228358698e-01 4.624373514652425077e-01 1.996415575232062256e-01 2.168650911148131688e-02 -7.567823316017054103e-02 -9.942015379014891574e-02 -6.888900351263801958e-02 -8.995952691413941493e-03 5.788352463206260234e-02 1.021431557415554969e-01 4.828972917812347776e-02 -5.087208378849361612e-01 2.552646488827798321e-01 6.972980846473494365e-01 8.639538991912313337e-01 9.719757876624178783e-01
9.996677372815132578e-01 9.987216396830008724e-01 9.968255329644803986e-01 9.946142281178671496e-01 9.920604259832285221e-01 9.891411408116027593e-01 9.858397139689598632e-01 9.821479517597898612e-01 9.780682334375800924e-01 9.736153842643082701e-01 9.688180683042212360e-01 9.637194394682390142e-01 9.583768105016792216e-01 9.528601676705392709e-01 9.472494747918274172e-01 9.416308635375219005e-01 9.360919791268564882e-01 9.307169286800470731e-01 9.255814823434137528e-01 9.207494891727394659e-01 9.162720572626728011e-01 9.121920778505574479e-01 9.085579685940802230e-01 9.054508455448204707e-01 9.030260087404151648e-01 9.015604125001291935e-01 9.014863465913053320e-01 9.033896832468477633e-01 9.079670005901927521e-01 9.159589189642722840e-01 9.280863495317880352e-01 9.450066881230961835e-01 9.672909934040873070e-01 9.954128326053872655e-01 9.711223365203471847e-01 9.341501491348359609e-01 8.946735862915011772e-01 8.538100969472783852e-01 8.127664521021636945e-01 7.727987782812638651e-01 7.351732871038351158e-01 7.011216865528642206e-01 6.717935166603711261e-01 6.482217496050287631e-01 6.313238336689325214e-01 6.219462499605121764e-01 6.209379206362891646e-01 6.292302806220949618e-01 6.479139363491249748e-01 6.783170366084765313e-01 7.220959519152985173e-01 7.813452657347498276e-01 8.587264872552484718e-01 9.576039958015614140e-01 9.240805551988028332e-01 8.081506584432788243e-01 6.998317919332044390e-01 6.016361758606271204e-01 5.153477955439202951e-01 4.421621528181949312e-01 3.828328915823327461e-01 3.378250240711141439e-01 3.074970321437831555e-01 2.923529457856824387e-01 2.934104983543863732e-01 3.126784662345890586e-01 3.535475558336499402e-01 4.206674466146650970e-01 5.190549490031427515e-01 6.526967081740288057e-01 8.229859048696469559e-01 9.735183447940856105e-01 7.952549578913994388e-01 6.662069573770059705e-01 5.734730109559207367e-01 5.054335856842725461e-01 4.505020340821360714e-01 3.965931422032273890e-01 3.353832290979403830e-01 2.699290131697837380e-01 2.123737404151465891e-01 1.766199510690955321e-01 1.726643723519576956e-01 2.090956269524847089e-01 3.171584545116977738e-01 5.828383465027463517e-01 7.777309094185079763e-01 2.587872775713843110e-01 1.555763335060097660e-02 -6.150300088182163172e-02 -5.121201056748424241e-02 -6.172610443329373461e-03 4.558033281731758979e-02 9.183353104459142380e-02 1.259424730665676950e-01 1.377294582809780177e-01 9.914826874967101744e-02 9.456408888023654091e-02 6.993624427259844678e-01 4.336835375537545501e-01
9.975912673660884966e-01 9.972014112339119274e-01 9.966783933011846841e-01 9.959883125929499537e-01 9.950935843312050944e-01 9.939536286259859077e-01 9.925259419622284307e-01 9.907675908627675554e-01 9.886371378851649405e-01 9.860969662624041732e-01 9.831159105309204005e-01 9.796720286934513799e-01 9.757552731824096215e-01 9.713697442300960327e-01 9.665351551347872716e-01 9.612871189877780775e-01 9.556758868761395798e-01 9.497632151067835204e-01 9.436170734890002576e-01 9.373038719722898149e-01 9.308777607066569537e-01 9.243665062906061269e-01 9.177540789539424537e-01 9.109629143882992386e-01 9.038463945016815826e-01 8.962155791638644065e-01 8.879337193425976826e-01 8.790855204279041102e-01 8.701440997276451705e-01 8.619987893364602360e-01 8.558008276931444724e-01 8.527470378821115915e-01 8.539404382921554904e-01 8.603593262359156002e-01 8.728902512939245018e-01 8.923771773763822246e-01 9.196622361518370647e-01 9.556088114669946121e-01 9.989012491939042171e-01 9.460748300067202132e-01 8.896424128184183822e-01 8.314856614579584360e-01 7.736177842210736344e-01 7.180899587421507579e-01 6.668680024687128061e-01 6.216732021397214369e-01 5.838285446340673035e-01 5.542047251183447321e-01 5.333316788541102582e-01 5.216218354671927626e-01 5.195830535290048013e-01 5.279537654927421997e-01 5.477718117357227579e-01 5.804116030102384194e-01 6.276056424337080886e-01 6.914394561955944374e-01 7.742854150673539326e-01 8.786195530316676106e-01 9.933979889999727808e-01 8.623346384430568001e-01 7.479635342441623980e-01 6.515900330037818211e-01 5.733170218278106356e-01 5.125642915450890902e-01 4.685644694859238957e-01 4.408335837299101612e-01 4.296149331825134809e-01 4.361706485355889562e-01 4.624841763794074190e-01 5.098620817121017890e-01 5.768975102840931957e-01 6.582756581737778667e-01 7.454549548634807898e-01 8.294845358124572909e-01 9.052156550455481288e-01 9.754624020891269343e-01 9.470087973339241794e-01 8.435681924920466201e-01 6.984634464407966092e-01 5.340885243516314551e-01 4.024097450835888434e-01 3.317409376242275165e-01 2.563434438097726975e-01 1.660326362132838185e-01 5.553190413595417152e-02 -8.984750009520708902e-02 -4.854378297084765981e-01 -2.040431565379882961e-01 -4.624270707699622007e-01 -7.315103883736138179e-01 -9.188484143740870413e-01 -6.271899960615998637e-01 -4.330132755955795609e-01 -3.089102948928225123e-01 -2.390091871323293260e-01 -2.151082615707327339e-01 -2.374764446711972732e-01 3.196801999402311134e-01 5.041431676574515963e-01 9.216657740505487251e-01
9.920735629725804250e-01 9.929592592132145956e-01 9.939414888178846885e-01 9.950019890453606353e-01 9.961146632568110837e-01 9.972446019656336924e-01 9.983473086106179339e-01 9.993682659588996042e-01 9.997570510634495866e-01 9.991029203098176215e-01 9.987498448165248455e-01 9.987829526235721955e-01 9.992890708720569837e-01 9.996477277703461617e-01 9.979549009276110771e-01 9.955770960725339735e-01 9.924810973847733031e-01 9.886605717918967029e-01 9.841368911517511808e-01 9.789545946142649280e-01 9.731693789465103439e-01 9.668263305906613647e-01 9.599257136512735489e-01 9.523730024854395459e-01 9.439106289359001645e-01 9.340385484084819945e-01 9.219694878638471369e-01 9.067523340184143743e-01 8.877394806071121636e-01 8.652723579448232671e-01 8.409734392364729416e-01 8.173266831632728380e-01 7.969114304479898436e-01 7.816732587992694103e-01 7.726514903851775529e-01 7.703515721923577253e-01 7.752270224478403637e-01 7.878887894697910177e-01 8.091363223075697109e-01 8.399491542874418792e-01 8.814841124795971261e-01 9.350754888398798981e-01 9.977872731684788166e-01 9.220879429706517749e-01 8.450169950682503428e-01 7.692183763312588907e-01 6.971621744040321644e-01 6.309907542945012437e-01 5.723245431564347729e-01 5.220879026810449908e-01 4.805136670640365315e-01 4.474075851912090451e-01 4.225145217016392785e-01 4.057615885896125318e-01 3.973193284557789418e-01 3.975539291902479566e-01 4.069463377847129526e-01 4.260119891781066204e-01 4.552277575564315781e-01 4.949665946695577246e-01 5.454441684275489477e-01 6.066858893656953411e-01 6.785208944961548250e-01 7.605977986873744268e-01 8.523922182410818005e-01 9.531393304411124312e-01 9.419785435640334326e-01 8.506501568930761037e-01 7.743575919130643026e-01 7.123570866129566026e-01 6.636769252658197837e-01 6.269716444148787371e-01 6.008812282812282524e-01 5.847269087572216639e-01 5.791161062849830010e-01 5.864803712332172791e-01 6.121521687279182222e-01 6.666669693049324108e-01 7.684427743128987576e-01 9.436996680758732436e-01 9.882487118759439859e-01 9.448779314792788986e-01 9.111999504433144770e-01 8.727210148990885985e-01 7.852812721024048370e-01 2.114358770282063482e-01 5.114465116584708815e-01 6.211825414290021996e-01 5.713095701539305793e-01 4.596317167413065397e-01 3.050592023111786677e-01 1.163634178606014757e-01 -9.865417671248265241e-02 -3.277215596942687492e-01 -5.476507717093253014e-01 -7.232639314437909750e-01 -8.195324444796611152e-01 8.208696684145823097e-01 7.389945088305691634e-01 6.030730765375018620e-01
9.853694437998711253e-01 9.871452030246684606e-01 9.892394974744844749e-01 9.916626658884458712e-01 9.944169351642517807e-01 9.974940867592352323e-01 9.991278482587320209e-01 9.955037421334687053e-01 9.916995117105228408e-01 9.877933284567554928e-01 9.838825078430921689e-01 9.800830432008706961e-01 9.765277409077678383e-01 9.733626317534894712e-01 9.707414127671677440e-01 9.688178487262286698e-01 9.677363566037071596e-01 9.676214188555333218e-01 9.685670184693027096e-01 9.706279584735322263e-01 9.738157507100736465e-01 9.781028189477797286e-01 9.834402233856234243e-01 9.897963009875926366e-01 9.972272700524899003e-01 9.940385029479886780e-01 9.835038415655604771e-01 9.700253889459853340e-01 9.518135135126424284e-01 9.270234677319377781e-01 8.951034144928179392e-01 8.573950797307672289e-01 8.161814982175170652e-01 7.736775600925861474e-01 7.374976348610339238e-01 7.197073929044608409e-01 7.061277662753953077e-01 6.976156467245072657e-01 6.950979310690277302e-01 6.995131122315185745e-01 7.118566967483446195e-01 7.332340713493504802e-01 7.649234159639138886e-01 8.084526963157127044e-01 8.656929286126763268e-01 9.389661612503584776e-01 9.697815687403368301e-01 8.727285107448660151e-01 7.768323366844137601e-01 6.846595210102180973e-01 5.981969704732730264e-01 5.187147939079667092e-01 4.467259461784322538e-01 3.821470336148469760e-01 3.246387816735794574e-01 2.739420649006119035e-01 2.300447322814722362e-01 1.931720718191058672e-01 1.636944917023760715e-01 1.420424490251598892e-01 1.286762012796836829e-01 1.241239763023695292e-01 1.290838580722744044e-01 1.445722801305231731e-01 1.720835298254909385e-01 2.136930269936592741e-01 2.719998398969326048e-01 3.497950823171955270e-01 4.494148880799337942e-01 5.718980628679019018e-01 7.162071231745066324e-01 8.787156884696151193e-01 9.497519742232520823e-01 8.136649566719146298e-01 7.176534851807974125e-01 6.541966866969757266e-01 6.192171383323333833e-01 6.103952989906195059e-01 6.215526332753978922e-01 6.152059992888919693e-01 5.532955738422767888e-01 4.874765774818007324e-01 4.317001944200693497e-01 3.781887810804789307e-01 3.128809181637899339e-01 2.092861925960099179e-01 -1.234416089913287565e-02 -8.840321045167407465e-01 2.515101452517996550e-01 6.884703981016294660e-01 8.524753835942636693e-01 8.696931126047915406e-01 7.787163078893140078e-01 6.068396968687298498e-01 3.907895290652775855e-01 1.737005966616683439e-01 -8.915790531869074650e-03 1.395520952463438213e-01 2.185359352485031492e-01 2.580918968238903322e-01
9.796150238592084003e-01 9.815833403940332769e-01 9.839996831804533883e-01 9.869029306436915006e-01 9.903272071529840570e-01 9.942992613871797225e-01 9.988353069351784130e-01 9.960781369016078468e-01 9.905023598237976401e-01 9.844944253271926682e-01 9.781360433225926299e-01 9.715372114161028305e-01 9.648373714876382623e-01 9.582049235024466816e-01 9.518345236628474870e-01 9.459416053127666091e-01 9.407536924468544726e-01 9.364983704595122305e-01 9.333882339101953196e-01 9.316036699774790097e-01 9.312748471513291326e-01 9.324647623694645171e-01 9.351559866132193033e-01 9.392456548543167694e-01 9.445575394143365111e-01 9.508881398595189216e-01 9.581166322688386972e-01 9.664271301724167706e-01 9.767154183283205393e-01 9.912044599451852456e-01 9.865228894052107123e-01 9.546428687081904840e-01 9.145590455778885852e-01 8.694103540114993534e-01 8.222567686097991269e-01 7.758672097562142600e-01 7.328459497968279335e-01 6.953485146321316535e-01 6.645805267806077499e-01 6.409029122253548927e-01 6.244502536125121628e-01 6.155296609915689166e-01 6.147214447676373483e-01 6.228984001278708993e-01 6.412718515272080033e-01 6.714940023530531210e-01 7.158310118814054102e-01 7.774291248574181079e-01 8.607150601164449411e-01 9.720073825337319784e-01 8.924671534524348804e-01 7.576536964741684699e-01 6.283638810165430577e-01 5.074948897415053617e-01 3.966993213645695349e-01 2.964885208709963638e-01 2.066100659999144384e-01 1.265764068449503343e-01 5.610270679550570516e-02 -4.712448876188228900e-03 -5.544283684843950150e-02 -9.549807127437955068e-02 -1.242805423944140508e-01 -1.412850704133359614e-01 -1.461408386985841579e-01 -1.386155295945044053e-01 -1.185979034780210717e-01 -8.605899900164089289e-02 -4.097971367372644363e-02 1.675871560784416084e-02 8.749306841171877736e-02 1.718473339179334147e-01 2.707002932978817000e-01 3.850709242283253397e-01 5.161812592214150008e-01 6.667302371686948392e-01 8.460181432861415551e-01 9.284560312486302980e-01 7.266576231488691695e-01 5.845137626511105466e-01 4.954039428471793127e-01 4.431653550188119906e-01 4.138304397536335943e-01 3.988307406686366630e-01 3.934852288213834814e-01 3.948671960852383478e-01 4.017016714204216798e-01 4.164810471945276649e-01 4.513276540658832658e-01 5.580922129790635289e-01 7.086398538756295551e-01 -3.040719424639328761e-01 3.254454648448164983e-02 1.388062970199254176e-01 2.298293132319771948e-01 3.551293836056988451e-01 5.683179103330717741e-01 9.971502780296058743e-01 4.723238610316483066e-01 1.084621512391720916e-01
9.769515054476348714e-01 9.783618212527684932e-01 9.802110154204521919e-01 9.825541896775173978e-01 9.854464867690273522e-01 9.889411837314426856e-01 9.930872160716580632e-01 9.979260335047723807e-01 9.965244341609769130e-01 9.903087749837282683e-01 9.834647995863652348e-01 9.760546627385385809e-01 9.681734462998582424e-01 9.599527339907042434e-01 9.515629252853763376e-01 9.432135468048912230e-01 9.351506257052116799e-01 9.276500387101116463e-01 9.210057617116947926e-01 9.155122775933792756e-01 9.114411388531739044e-01 9.090126400444059618e-01 9.083642125837677606e-01 9.095171183956332062e-01 9.123431679471748490e-01 9.165370911848317315e-01 9.216147751730797699e-01 9.269889119620009499e-01 9.322082348224596249e-01 9.374502607415012845e-01 9.444475906248032127e-01 9.581848558567477303e-01 9.854765016694670976e-01 9.734447388454298133e-01 9.245015781975688407e-01 8.711242008820935245e-01 8.157034739354604991e-01 7.604243838733797389e-01 7.073955730894119220e-01 6.585649057307203513e-01 6.155269780435498328e-01 5.793642549753119653e-01 5.507038427452101148e-01 5.299883251450041577e-01 5.177745415768261195e-01 5.149472546028276421e-01 5.228775695153191627e-01 5.436004723540182049e-01 5.800786366616799139e-01 6.366249622399872132e-01 7.195995056181750948e-01 8.386063480752236066e-01 9.913990384549081769e-01 7.970832380396563055e-01 6.171855291784666964e-01 4.560746925611444680e-01 3.151165144893010028e-01 1.934245653325910863e-01 8.882376538302913516e-02 -1.170477135406035622e-03 -7.857035888081924380e-02 -1.445227614559600193e-01 -1.993717457544517957e-01 -2.430810064166565865e-01 -2.757882311725819435e-01 -2.981838431747460549e-01 -3.114888561623718188e-01 -3.170854952390377846e-01 -3.160791507154039337e-01 -3.090245774273274737e-01 -2.958526722687761512e-01 -2.758778369104009642e-01 -2.476140027619373463e-01 -2.076893271649571382e-01 -1.472138653468053615e-01 -4.405785568901740556e-02 1.459146620424050522e-01 4.835032615413180079e-01 9.866807422606971301e-01 6.555911447303122142e-01 5.287650681515631002e-01 4.923478978694668662e-01 4.915683416560308605e-01 5.026980453589376951e-01 5.156879456315126564e-01 5.284308347120113547e-01 5.450412778937812064e-01 5.738163613336286772e-01 6.252267527799094671e-01 7.159123969164372658e-01 8.831567138228071379e-01 8.118824950346225089e-01 4.520516442000288571e-01 7.072866973174572747e-02 -3.304186195526708780e-01 -7.875656887511448545e-01 -7.056695652278200948e-01 3.878370976840483930e-01 1.954796557851597449e-01 1.032575980842128094e-01
9.787707265611192975e-01 9.790732174505459851e-01 9.796739448707578735e-01 9.806271534677947210e-01 9.819913121626637764e-01 9.838283417974126310e-01 9.862024437276012412e-01 9.891784297857972863e-01 9.928194351854613409e-01 9.971838757992331770e-01 9.976838845254167865e-01 9.917994932170163258e-01 9.851825057328768009e-01 9.778746385988206224e-01 9.699539928264064859e-01 9.615411205894763835e-01 9.528042908283347323e-01 9.439630314995243188e-01 9.352885223822379190e-01 9.270987045237000235e-01 9.197452057949867532e-01 9.135888874106964375e-01 9.089619588313869736e-01 9.061178589565084263e-01 9.051741788226597141e-01 9.060553016103773949e-01 9.084393772590506622e-01 9.117187072710978279e-01 9.150133324472891072e-01 9.173325979962831944e-01 9.179680325712451516e-01 9.171237844709941855e-01 9.194857982382675932e-01 9.440605125498008343e-01 9.831493854632664675e-01 9.680518192368487984e-01 9.134892349432947034e-01 8.549534224881645272e-01 7.942353763892692209e-01 7.333386284595432292e-01 6.743381188788413194e-01 6.191910415517546395e-01 5.695069356156085005e-01 5.263746652086189748e-01 4.904098436542711492e-01 4.620432124722674838e-01 4.418744507509121955e-01 4.309510273781284040e-01 4.309843418184052255e-01 4.445876238765020805e-01 4.756256049108394390e-01 5.297776701264240717e-01 6.154736337436486071e-01 7.455083369353668887e-01 9.400007607700811008e-01 8.114767052651910006e-01 5.943503463860467795e-01 4.144131658777597260e-01 2.681911875855861882e-01 1.493388822815126526e-01 5.055247198742358894e-02 -3.512093088487895642e-02 -1.133486404406157944e-01 -1.878594368045710949e-01 -2.602425847796343006e-01 -3.304922027509000215e-01 -3.982856971841000626e-01 -4.644011361952974926e-01 -5.316164520846736741e-01 -6.051601305804693576e-01 -6.933884042089254462e-01 -8.093387952202389934e-01 -9.737874963905349679e-01 -8.188681564112880729e-01 -6.206153135232035378e-01 -4.452456839145205736e-01 -3.083652560500844686e-01 -2.309261320295175057e-01 -2.556159886898431433e-01 -5.412217983535804189e-01 -3.279072378329997428e-01 4.082381981482737232e-01 7.574164917199445179e-01 9.386614474523927720e-01 9.547182427725637854e-01 8.851947863756465251e-01 8.239075487780858076e-01 7.592367796967850468e-01 6.981322651538244273e-01 6.608206064880527419e-01 6.663435971357307697e-01 7.308265780616061136e-01 8.827279802613008375e-01 8.362318548164900944e-01 5.207383988331115710e-01 2.088466405178255880e-01 -1.044996913109393771e-01 4.514268464801006742e-01 8.885371367506466056e-01 7.708557336757989598e-01
9.850478197331676844e-01 9.840478593436373655e-01 9.831230165424014178e-01 9.823127717215761612e-01 9.816637568992272467e-01 9.812301113821327858e-01 9.810736274794651379e-01 9.812636082501681178e-01 9.818763435308957011e-01 9.829940914339634350e-01 9.847034290109308863e-01 9.870928066690999314e-01 9.902491052544549754e-01 9.942529522656106122e-01 9.991725058822131800e-01 9.949700608535417823e-01 9.882221252644975973e-01 9.806478831844482880e-01 9.723692676906273702e-01 9.635777751449509099e-01 9.545443399393008788e-01 9.456250427889031362e-01 9.372562551473286874e-01 9.299270708124043328e-01 9.241127094113690266e-01 9.201629047347907875e-01 9.181747341104479210e-01 9.179096888447065838e-01 9.187854004656175189e-01 9.199207849921272606e-01 9.202499921775796343e-01 9.188590093446521445e-01 9.159866531314874161e-01 9.167586684990489676e-01 9.314981164610760533e-01 9.581298297459241997e-01 9.945257591294862642e-01 9.601256849690701367e-01 9.085602635600084076e-01 8.521817706893984878e-01 7.927706251302339968e-01 7.323856321672767011e-01 6.731227123674399238e-01 6.167829676797965677e-01 5.645737887199031579e-01 5.170567186425384376e-01 4.744116189254399263e-01 4.368324820390417362e-01 4.048552326442008131e-01 3.795816182999133259e-01 3.628590980933407706e-01 3.574737315028301277e-01 3.673801535534897966e-01 3.979607409985823074e-01 4.562791919656869477e-01 5.512877722388530577e-01 6.940194790155225224e-01 8.980735300461980541e-01 8.464307480217125867e-01 6.359596222331906912e-01 4.699571160330248687e-01 3.342525712503851554e-01 2.153244840545003314e-01 1.010398421690328480e-01 -1.914823735229983365e-02 -1.539919368163887026e-01 -3.106159189223666739e-01 -4.959350194022758007e-01 -7.199524993578916288e-01 -9.988694640196457142e-01 -7.275849578846429466e-01 -5.251471699980846397e-01 -3.693994118390002135e-01 -2.511928617477419690e-01 -1.677279234736713809e-01 -1.192233294917802860e-01 -1.074046399021670317e-01 -1.354317040847914100e-01 -2.094713746262555076e-01 -3.429095796369665550e-01 -5.666868276017694717e-01 -9.596488658548842920e-01 -5.642985678665033422e-01 -2.293969856772520577e-01 1.947069562552287275e-02 2.171819058061415786e-01 3.908815386492432431e-01 5.705916072763616009e-01 7.913690901792139742e-01 9.281887815797754682e-01 7.033594787190827757e-01 5.651610213084637957e-01 4.964928671813064742e-01 4.918413576701947676e-01 5.702799554476906119e-01 8.214662426088634728e-01 5.746000381041581617e-01 1.831611277315522285e-02 4.624355341183448709e-01 6.449757485548190949e-01
9.941821266362571574e-01 9.920738462707954231e-01 9.898034327272055011e-01 9.873886316222106885e-01 9.848562634776307778e-01 9.822436234091311835e-01 9.795997967593370603e-01 9.769867955272892868e-01 9.744804054267298676e-01 9.721706235315035194e-01 9.701615637342108078e-01 9.685707119808890653e-01 9.675274225755902124e-01 9.671705533594378013e-01 9.676451288236089798e-01 9.690978794382795192e-01 9.716714123647366419e-01 9.754965969625339905e-01 9.806824531598135053e-01 9.873023124961011199e-01 9.953740418598144846e-01 9.951930999811184897e-01 9.847665013112706367e-01 9.738304861853147587e-01 9.631422219390169959e-01 9.538438826716467700e-01 9.472044673895092526e-01 9.436589185031284410e-01 9.423763177187689521e-01 9.421517665107127515e-01 9.420227802070635370e-01 9.412775254996985641e-01 9.394420717479267102e-01 9.365434270551408202e-01 9.337091879921417537e-01 9.335706917500449231e-01 9.392486318253326916e-01 9.526934717685678899e-01 9.748046500149787352e-01 9.936992576359318097e-01 9.540104675034000170e-01 9.079651759125989541e-01 8.570945548724004937e-01 8.030388139129276404e-01 7.471848742677414945e-01 6.903727034975883914e-01 6.328489313867151633e-01 5.744707767702417200e-01 5.150235311389154136e-01 4.545372068121015241e-01 3.935715520102852083e-01 3.334709207357625105e-01 2.765637840341605425e-01 2.262345040666919882e-01 1.867696771056193972e-01 1.629172873594915971e-01 1.592080329636030023e-01 1.792276782387057232e-01 2.250996671037388819e-01 2.973791074147936753e-01 3.954449891570735454e-01 5.185033887472534353e-01 6.677344390146030539e-01 8.513654338828541279e-01 9.104439040641107983e-01 6.641936282847112905e-01 3.985340238611735364e-01 7.697759008639949718e-02 -3.377769599491973751e-01 -8.828798448098129636e-01 -6.309793170158727316e-01 -4.124647335428041628e-01 -3.057596729421288018e-01 -2.594480500435567549e-01 -2.539676851767876942e-01 -2.811945741152616640e-01 -3.380908219738529286e-01 -4.247166830953700289e-01 -5.442099883707904873e-01 -7.041811907146107163e-01 -9.198881089781751896e-01 -8.190282442961854814e-01 -5.996780113990447525e-01 -4.170180466975100253e-01 -2.620837623233295277e-01 -1.274156510468457959e-01 -5.225997597363862823e-03 1.155958769149272314e-01 2.527136641310023246e-01 4.292369057493934381e-01 6.728230084485553597e-01 9.782457044712594696e-01 6.498324837559569245e-01 4.302702353556652759e-01 2.860917543263997720e-01 2.163170744283369473e-01 2.258210724612081943e-01 4.028193755543316157e-01 5.372571332410700506e-01 4.880197559018413234e-01
9.964318749118425966e-01 9.991236362594748677e-01 9.978250548817493293e-01 9.944196087018951635e-01 9.906656232149481101e-01 9.865802600540156675e-01 9.821955448634215324e-01 9.775608427147794988e-01 9.727450765644722885e-01 9.678384359038093576e-01 9.629532898546279140e-01 9.582240307056996143e-01 9.538056587921210916e-01 9.498710935001657418e-01 9.466074367131204204e-01 9.442116479036490873e-01 9.428861974145331670e-01 9.428351471124943872e-01 9.442607541526801818e-01 9.473601933634608896e-01 9.523214438075350285e-01 9.593166689781120748e-01 9.684895798561468094e-01 9.799249924594277683e-01 9.935315468729138955e-01 9.920846499182972567e-01 9.868308114307786649e-01 9.876451285073811759e-01 9.878712752565487198e-01 9.867084260626467485e-01 9.839113612419363442e-01 9.793430537281769821e-01 9.729225812506074877e-01 9.646275421154705265e-01 9.545325244084765792e-01 9.429101617096499188e-01 9.304360944050861226e-01 9.184691616372238077e-01 9.090927200731272473e-01 9.044706422812628377e-01 9.060525219575742417e-01 9.146784428163363678e-01 9.311838374309424626e-01 9.567880296742311552e-01 9.933282365628451904e-01 9.582397172409875541e-01 8.994360328191923770e-01 8.300912076966399100e-01 7.502450928060413471e-01 6.604777114222950551e-01 5.622487104365503363e-01 4.581729608286930211e-01 3.520914298576340862e-01 2.488365423262345055e-01 1.537007055390192112e-01 7.174675140899086645e-02 7.166549809170386434e-03 -3.715015160944966366e-02 -5.979714425454270288e-02 -6.085528066018131010e-02 -4.181468536351641563e-02 -5.436952198316804923e-03 4.454582177243503194e-02 1.040911327647926904e-01 1.700678882512272616e-01 2.422096238233087673e-01 3.262458744183500681e-01 4.405651782408894768e-01 6.383439773987847898e-01 8.877517207405790645e-01 2.376904838113527152e-01 -3.324407393728985860e-01 -7.635334689906244643e-01 -9.734379204830161392e-01 -8.789115915051513017e-01 -8.811360929504107320e-01 -9.417427745486512958e-01 -9.522781641134289154e-01 -8.277405993723434552e-01 -7.004885256027062468e-01 -5.770954848177524132e-01 -4.612984268921687669e-01 -3.554859063640086747e-01 -2.610510280078844336e-01 -1.781546873884634619e-01 -1.055059721157505931e-01 -4.050666501136888226e-02 2.069384176708602419e-02 8.348827966241907650e-02 1.542705386473057216e-01 2.401809859285841953e-01 3.509146809927145561e-01 5.024753480501461533e-01 7.261724337004386021e-01 9.052201385164677649e-01 5.014109577083928349e-01 1.064636265124367237e-01 3.238410812785938453e-01 7.951493731971904788e-01 7.837163849339823241e-01
9.894003145723533343e-01 9.919651396150862555e-01 9.949744478607034370e-01 9.984613662839469939e-01 9.975534229603504333e-01 9.930831271869031696e-01 9.881403462239959357e-01 9.827546202343130366e-01 9.769790515321370439e-01 9.708944843398950031e-01 9.646130937842360975e-01 9.582805798971546496e-01 9.520758890600585778e-01 9.462073372627700651e-01 9.409045325234582924e-01 9.364068342857684302e-01 9.329509015383008474e-01 9.307609727180028436e-01 9.300445975526641096e-01 9.309936238421487875e-01 9.337866796401556035e-01 9.385850648496237847e-01 9.454987270569760183e-01 9.543840707452891925e-01 9.628962463872517974e-01 9.623689811134029659e-01 9.584566802890566173e-01 9.555804947352062317e-01 9.545728519791014666e-01 9.558440643880267151e-01 9.597025887500407748e-01 9.663944425716668452e-01 9.761019659707240725e-01 9.889339623691312253e-01 9.951095125733560032e-01 9.765869238527353779e-01 9.560669307653143489e-01 9.340363026525750900e-01 9.109124910830651567e-01 8.868785796628675389e-01 8.620402760927362573e-01 8.379877760284050181e-01 8.188843824719355124e-01 8.084484986746379720e-01 8.085674718132890293e-01 8.210247175812021014e-01 8.486986243918687167e-01 8.961398876472835839e-01 9.703326372973773983e-01 9.240800619732362220e-01 8.004504267946505047e-01 6.656349419778958554e-01 5.266783859527955913e-01 3.907196025767895042e-01 2.641443915391702424e-01 1.521065630556749926e-01 5.842427346537713145e-02 -1.430879319019051112e-02 -6.461793118594573448e-02 -9.220124950870242642e-02 -9.810764031039521937e-02 -8.478668610166358033e-02 -5.573571066659444712e-02 -1.473447323979848629e-02 3.507570820096054393e-02 9.204641293658820389e-02 1.568358094259320323e-01 2.334674097746207710e-01 3.312632482753579688e-01 4.691766274741376308e-01 6.870442857035420348e-01 9.255120525708155910e-01 5.141218674321244020e-01 2.063679221437003108e-01 -1.113796321586214486e-02 -1.529706969903811553e-01 -2.341803103960338750e-01 -2.689142185194774437e-01 -2.696079642340019622e-01 -2.468869642706225109e-01 -2.098095613088330480e-01 -1.660194139026642535e-01 -1.216468901787574886e-01 -8.113187782071107357e-02 -4.720413012769223565e-02 -2.079121031863221183e-02 -8.251319014537150578e-04 1.290954963738340407e-02 1.962765038553380970e-02 1.804845470486542147e-02 6.524438422707653194e-03 -1.630886224774494644e-02 -5.038465871733895096e-02 -9.305836617244866993e-02 -1.399995423579458997e-01 -1.929967002711681923e-01 -3.393122660496734055e-01 3.545312968386876706e-02 1.270228782303987614e-01 1.670458791292866174e-01
9.862085440820971272e-01 9.880241993307783410e-01 9.902413433279279031e-01 9.929029533372240035e-01 9.960495457357125826e-01 9.997165464078536790e-01 9.960846236239372375e-01 9.913694095203308132e-01 9.861587718551099169e-01 9.805010571041272716e-01 9.744798879615091947e-01 9.682229184858592852e-01 9.619104291011943975e-01 9.557808907244499386e-01 9.501279646366503906e-01 9.452817599197864684e-01 9.415715197001894854e-01 9.392804939683898624e-01 9.386162841036918003e-01 9.397117315153185046e-01 9.426434418668533377e-01 9.474215303183741721e-01 9.537410589387963489e-01 9.578346128206236543e-01 9.517271303782958158e-01 9.433372588662040092e-01 9.353793083788420892e-01 9.284699466484004349e-01 9.230420578138556209e-01 9.195071070635942867e-01 9.182675639514289445e-01 9.197030342305583250e-01 9.241488504034067741e-01 9.318724283378059248e-01 9.430504275701050432e-01 9.577502429577279264e-01 9.759222465522988665e-01 9.974171283919587294e-01 9.784121358663008250e-01 9.524645018228523607e-01 9.243249456749598192e-01 8.917978885817543500e-01 8.509841066317291869e-01 8.030314575813866096e-01 7.610216375040822490e-01 7.429617599876096046e-01 7.472772758945740446e-01 7.688592049659541683e-01 8.101437573542812354e-01 8.776691343518372435e-01 9.820193992598353905e-01 8.770844690798135224e-01 7.242706341759408417e-01 5.694101844173116156e-01 4.213466126268550771e-01 2.871794109171546538e-01 1.720135104514707858e-01 7.921694758415838422e-02 1.071761311727535693e-02 -3.301067691031429885e-02 -5.322009757442137945e-02 -5.291371782861753470e-02 -3.618879676949815494e-02 -7.127884765860217388e-03 3.115834690089233985e-02 7.704977439017926533e-02 1.306266059768651233e-01 1.938167486202111711e-01 2.706745152151491807e-01 3.679591295214504898e-01 4.962713489618181262e-01 6.722611015965015424e-01 9.229332142068626954e-01 7.727341968659680038e-01 5.355488792982928681e-01 3.579949527305295587e-01 2.293760471029306913e-01 1.407902058649690979e-01 8.417385414820682810e-02 5.176133105528364642e-02 3.602442276093895113e-02 3.006499362741288719e-02 2.818774661681664948e-02 2.624821260293600661e-02 2.145547176218564472e-02 1.169534566206889732e-02 -5.062482317890808388e-03 -3.119426123111688348e-02 -6.977570411448739962e-02 -1.248463731849576291e-01 -2.018827554240446298e-01 -3.087065507394433084e-01 -4.576003153975791160e-01 -6.731953778823023260e-01 -9.703223913197669415e-01 -5.241454662424571698e-01 -5.770559164377201539e-02 5.028310148127395074e-01 8.192235974276051991e-01 4.760926185371736619e-01
9.870954728612741924e-01 9.877638147200986651e-01 9.886909277337947444e-01 9.899167599308629217e-01 9.914826032726624661e-01 9.934297117983242886e-01 9.957972997118953451e-01 9.986196886176188503e-01 9.980814277015110925e-01 9.943167943974084988e-01 9.901111280613582588e-01 9.855220091547888250e-01 9.806568117903368131e-01 9.756933244412324679e-01 9.709050482874888033e-01 9.666815966889070744e-01 9.635153183942591903e-01 9.619125546438744845e-01 9.622414753742210003e-01 9.646373197294992874e-01 9.690549215258739135e-01 9.753836566567858357e-01 9.833982587447441803e-01 9.820552414161818344e-01 9.726056769990470974e-01 9.626160748302017289e-01 9.522815630101949536e-01 9.417969874451090906e-01 9.314238957285164711e-01 9.214874665650535368e-01 9.123626618027708135e-01 9.044536884429726920e-01 8.981683609636933463e-01 8.938893467990374209e-01 8.919449149576758051e-01 8.925825317484432642e-01 8.959498445020452895e-01 9.020902117136700982e-01 9.109662422967229611e-01 9.225407434914848492e-01 9.369855087458820453e-01 9.551813452921684711e-01 9.797187754317826514e-01 9.847391792081390260e-01 9.380268105085722841e-01 8.866685618726217744e-01 8.420654054617228157e-01 8.220932881755417254e-01 8.341168591872080151e-01 8.712667891278009780e-01 9.350775317062399727e-01 9.662899365574959543e-01 8.421579380755702671e-01 7.037296855873721446e-01 5.600112501700059697e-01 4.207148482144315582e-01 2.945432441767923959e-01 1.880560568011333811e-01 1.052437085549273316e-01 4.750353317835669803e-02 1.374985239085790151e-02 7.683664793275856884e-04 4.069571267241520705e-03 1.907885400917161065e-02 4.212914248250654303e-02 7.094934450873367771e-02 1.047585213665129522e-01 1.442072748504747426e-01 1.913137904561956482e-01 2.494286431977114360e-01 3.232197497973430811e-01 4.187035195475202198e-01 5.434199634613676722e-01 7.068705723968333743e-01 9.212262353008319193e-01 8.318897399630289513e-01 6.374092542507493464e-01 4.890820211910021365e-01 3.763488206651366408e-01 2.902437065269046212e-01 2.229835471466755370e-01 1.679746449828928290e-01 1.199528102301712362e-01 7.491564087014108975e-02 2.966802554319052446e-02 -1.900600936940948990e-02 -7.526812557668023651e-02 -1.446473042289989908e-01 -2.340979172607688397e-01 -3.529297708312132964e-01 -5.153399678983497934e-01 -7.456984462858692320e-01 -9.157520278180598661e-01 -5.978077894752122923e-01 -3.423972502981067478e-01 -1.157848073959289320e-01 1.053638069520045767e-01 3.336253597751716593e-01 5.736595546662693890e-01 8.252391143640152027e-01
9.912544855135436705e-01 9.906903361922440032e-01 9.901914217254239592e-01 9.897853374920845271e-01 9.895038733739974779e-01 9.893828592449169790e-01 9.894617037773546508e-01 9.897825002786738713e-01 9.903885181562730455e-01 9.913218054413636127e-01 9.926194620043075068e-01 9.943078361164767731e-01 9.963933146778292116e-01 9.988472757831367010e-01 9.984216712570418428e-01 9.956169339847953381e-01 9.930955860863446283e-01 9.914366506810410318e-01 9.913950244615100660e-01 9.935729272288742475e-01 9.979864777262247300e-01 9.960425501058434161e-01 9.901362115723598700e-01 9.877676311548815313e-01 9.910239556563552599e-01 9.978688446440605597e-01 9.929615636098088061e-01 9.819418692747868826e-01 9.692737226153909091e-01 9.551580081389460242e-01 9.398576661201775151e-01 9.237096621513699590e-01 9.071171776595259306e-01 8.905304333977651643e-01 8.744207155719393443e-01 8.592516843242211655e-01 8.454523986351648590e-01 8.333972530797295608e-01 8.233995373214622049e-01 8.157285619034531088e-01 8.106666410748522011e-01 8.086303467852713478e-01 8.103667243529655284e-01 8.170920241551540286e-01 8.300401830954309279e-01 8.489754700947866883e-01 8.708831068879596682e-01 8.901815703667811386e-01 9.000822597985839169e-01 8.949319296894669984e-01 8.720133091063647646e-01 8.309225670603564984e-01 7.722004943830916845e-01 6.971887305601117690e-01 6.088221832554490121e-01 5.122904738186863094e-01 4.147714377537201624e-01 3.240884614271566377e-01 2.468749906276022643e-01 1.871242009056553468e-01 1.456730704865870640e-01 1.206213302083695843e-01 1.083419524542719586e-01 1.046539717436330008e-01 1.057991935992532856e-01 1.090392228450526718e-01 1.128932726118338919e-01 1.171625360224744367e-01 1.228896410183066001e-01 1.323230676931141658e-01 1.488722921377797215e-01 1.770059368561351931e-01 2.220682080655433932e-01 2.900301462825740639e-01 3.872155219360494116e-01 5.200996426225902303e-01 6.955601117150175261e-01 9.226334031340732711e-01 8.211825013572781051e-01 6.186264231553695314e-01 4.548367793771394552e-01 3.167929168046967892e-01 1.969864708730184322e-01 9.033508080726508627e-02 -8.122068976911299767e-03 -1.048612380202351008e-01 -2.090870180370142939e-01 -3.328790427147659270e-01 -4.910238957111967562e-01 -7.036322018001214262e-01 -9.963408268022722059e-01 -6.875948110536570512e-01 -4.547518169260019727e-01 -2.732736316921234865e-01 -1.265788842654466395e-01 -3.175912221421076272e-03 1.041050910014608977e-01 1.992757749475162765e-01 2.852963972908693080e-01 3.657784204331283040e-01
9.971974659785526329e-01 9.956160241453472226e-01 9.939089675651284761e-01 9.920870447924710067e-01 9.901668911808374496e-01 9.881718916847505030e-01 9.861329755941734554e-01 9.840892738171533871e-01 9.820885482405745659e-01 9.801872741466278738e-01 9.784502141358533134e-01 9.769492512721383859e-01 9.757611182251745285e-01 9.749633937097619274e-01 9.746275584601394870e-01 9.748065655233718596e-01 9.755111745604110318e-01 9.766617285217582545e-01 9.779875963350768142e-01 9.788507945369939733e-01 9.781878836062002369e-01 9.752877428513516689e-01 9.709204236147579437e-01 9.668185431965137244e-01 9.646068959051828928e-01 9.652587014213366290e-01 9.690678704133438570e-01 9.760588074390083024e-01 9.862767542077812699e-01 9.998299820855437448e-01 9.834326267307057501e-01 9.639251067885508117e-01 9.419804437711131184e-01 9.180456360155829776e-01 8.926702241927745307e-01 8.664825243133957855e-01 8.401576254351178497e-01 8.143818943384825149e-01 7.898192831415770110e-01 7.670848584283436189e-01 7.467302207910886391e-01 7.292426888411462915e-01 7.150523792415264257e-01 7.045239809522504393e-01 6.978848561878084888e-01 6.950405290963287408e-01 6.953114913763293048e-01 6.972543726936172304e-01 6.987426513386806315e-01 6.973771201990822677e-01 6.911535928966512365e-01 6.790542875955573043e-01 6.611375841391441410e-01 6.381398696814609695e-01 6.110310280636451763e-01 5.808534655502902710e-01 5.488279373436247832e-01 5.164808856810700899e-01 4.855099411646879859e-01 4.572830025169949408e-01 4.321966683656952579e-01 4.093256301989698365e-01 3.866511222548214000e-01 3.618098727341736986e-01 3.330470402982707578e-01 2.999513305882442471e-01 2.635665387952882410e-01 2.257042351066740893e-01 1.878363096185043657e-01 1.506912565947203797e-01 1.152375493296570463e-01 8.396266189359449794e-02 6.141172666499156857e-02 5.402993271023077970e-02 6.939409091682444131e-02 1.147688498138941943e-01 1.953502143039984595e-01 3.135161366455068155e-01 4.712743136341897565e-01 6.782750027072487198e-01 9.683548384066453796e-01 6.966523564494003784e-01 4.240586597827824544e-01 1.974802073892900078e-01 4.758105084109781960e-03 -1.684884111893212577e-01 -3.412537600067073185e-01 -5.378535021303166852e-01 -7.877962080901301789e-01 -8.849583592006989852e-01 -6.144516265475745698e-01 -4.163516929893654739e-01 -2.683757364877075724e-01 -1.574006435040948837e-01 -7.508763982641805668e-02 -1.549581665112811923e-02 2.635567223632202111e-02 5.525393689780099676e-02 7.628434766814518042e-02 9.553959658100824592e-02
9.967975753231527181e-01 9.989606967236048796e-01 9.985979062021711483e-01 9.958788439295557238e-01 9.928829299644427175e-01 9.896175921668807218e-01 9.860995876544794703e-01 9.823567010895367657e-01 9.784294572769449694e-01 9.743727882642044813e-01 9.702575875930532501e-01 9.661720790259386016e-01 9.622229229723755495e-01 9.585359768743194619e-01 9.552566043983904409e-01 9.525493619510017052e-01 9.505966979967894748e-01 9.495957454861105873e-01 9.497506107170310408e-01 9.512518842674699826e-01 9.542120046977220493e-01 9.584071313175940299e-01 9.621127844423705833e-01 9.613918672109842412e-01 9.579526605417884033e-01 9.552506687794047879e-01 9.545441593948019721e-01 9.564282173406036813e-01 9.613419773831564097e-01 9.696795255411218006e-01 9.818122141150406046e-01 9.980842601204481523e-01 9.815499152347324507e-01 9.576845219927648811e-01 9.307619216504815496e-01 9.013758261224146251e-01 8.702457746824130425e-01 8.381769472089066753e-01 8.060134803697596162e-01 7.745906690673061146e-01 7.446914221944050949e-01 7.170113406330880235e-01 6.921348220900175319e-01 6.705218303403165381e-01 6.525018283941655950e-01 6.382688566941113750e-01 6.278715387061045705e-01 6.211956849571694805e-01 6.179456015467977847e-01 6.176426439925188916e-01 6.196769342668926317e-01 6.234658944379464218e-01 6.287556210760331110e-01 6.359910498473519969e-01 6.465247652801590084e-01 6.624312457071269700e-01 6.858905267218852186e-01 7.182621449407706749e-01 7.589847983099575757e-01 8.045146357002544990e-01 8.478062089319735595e-01 8.790955964239122178e-01 8.883927516950739234e-01 8.689878358184864870e-01 8.202982159353761071e-01 7.485493839745708256e-01 6.650806274586722466e-01 5.826571595134810710e-01 5.078934498574694256e-01 4.353749926578244778e-01 3.563059414701211236e-01 2.669194178793553029e-01 1.693169688142453777e-01 7.094469770592250202e-02 -1.647579281053069764e-02 -7.973654747700369139e-02 -1.083982262005741548e-01 -9.828326830369885081e-02 -5.173192935998822961e-02 2.596238546138178796e-02 1.330042190486523945e-01 2.802676833846563520e-01 5.060207246381622781e-01 9.175047147682822146e-01 5.170808489601838032e-01 1.052572262903765654e-01 -2.310226768638644346e-01 -5.562122757561179798e-01 -9.302965695515138522e-01 -7.058859342117774771e-01 -4.783515464315530319e-01 -3.283814697328582000e-01 -2.284594402177434480e-01 -1.636216650533152406e-01 -1.240892016031838602e-01 -1.025489055789249593e-01 -9.326934851498303036e-02 1.024717624411706773e-01 1.232239326257499601e-01 1.497765493958460314e-01
9.923068800009565704e-01 9.945269320847707206e-01 9.970965130492931427e-01 9.999584715522483735e-01 9.966272611828226324e-01 9.929095937093799229e-01 9.888055162414555177e-01 9.843259880307188014e-01 9.794951789720617308e-01 9.743528807307000328e-01 9.689569928147218070e-01 9.633860538466226808e-01 9.577418052238748647e-01 9.521517975919040477e-01 9.467720672497890178e-01 9.417898831301140250e-01 9.374264083272200176e-01 9.339386561473576043e-01 9.316190624846850676e-01 9.307890705213183180e-01 9.317804345953392131e-01 9.348942695681037307e-01 9.403110219221932908e-01 9.477771167739115210e-01 9.547179531909187888e-01 9.554795760920047343e-01 9.541926189932008473e-01 9.542615027565112262e-01 9.565360022838673704e-01 9.614502487376872519e-01 9.693742165166009395e-01 9.806750140171727192e-01 9.957248514026524333e-01 9.853261472439184265e-01 9.629050403457506402e-01 9.372811236097332577e-01 9.088631454205374771e-01 8.782117636030548624e-01 8.460175495432669113e-01 8.130644303070994061e-01 7.801837712558585824e-01 7.482066135840041987e-01 7.179218279827698224e-01 6.900464360920538498e-01 6.652119346879283857e-01 6.439679409354041040e-01 6.268023650644832800e-01 6.141758198858223716e-01 6.065670555083033655e-01 6.045255273011733710e-01 6.087260421574102187e-01 6.200176821926031145e-01 6.394536747105752372e-01 6.682800226345438910e-01 7.078507586100125648e-01 7.594378701324693282e-01 8.239464456821823379e-01 9.016635210010417456e-01 9.922067344182753379e-01 9.138004419036820369e-01 8.301527180926560057e-01 7.605567188012782864e-01 7.090968665471508725e-01 6.797187941037612369e-01 6.756655424941130361e-01 6.989014662210690787e-01 7.480586485017229892e-01 8.119845692391214342e-01 8.737193131675458080e-01 9.440756602174064094e-01 9.499460294117161308e-01 8.081105509036923262e-01 6.381354163263651680e-01 4.535873810213011947e-01 2.729952021056190614e-01 1.142443736694984391e-01 -1.026529371117013839e-02 -9.558539209126075409e-02 -1.432928980875088354e-01 -1.591316981462223834e-01 -1.504257516640782610e-01 -1.233481491429566368e-01 -7.984324035768500250e-02 -1.526285019321178306e-02 8.415888640203599003e-02 2.542511126215759587e-01 6.335429087890049882e-01 3.433493052432267101e-01 -5.545570224141583848e-01 -7.318426300395018957e-01 -4.620904971465744082e-01 -3.436573044981783287e-01 -2.847379856031957424e-01 -2.560243222042471456e-01 -2.438643030016494628e-01 -2.408758177974439918e-01 -2.566909743625163109e-01 3.224161338709700120e-01 4.077757239143264267e-01 5.133412028261660209e-01
9.904109621598433666e-01 9.922243177603791153e-01 9.943713157326745655e-01 9.968849928537062421e-01 9.997969126397678874e-01 9.968740544401819559e-01 9.931221021835122675e-01 9.889401538037607686e-01 9.843316667704645750e-01 9.793131400047845325e-01 9.739167333270013494e-01 9.681930078189109334e-01 9.622137675282056435e-01 9.560750085308871160e-01 9.499000153336161212e-01 9.438426644551811684e-01 9.380909294954393740e-01 9.328702416379623941e-01 9.284453072370700832e-01 9.251164056471377073e-01 9.232011979970100590e-01 9.229865967792386661e-01 9.246337347022907105e-01 9.280345648254119117e-01 9.326675457606031783e-01 9.376306401574781013e-01 9.421488046418445839e-01 9.462519769671678960e-01 9.506708479566060577e-01 9.562448089947849228e-01 9.636438451735414024e-01 9.733675721847139251e-01 9.857970745874552465e-01 9.987719840924710324e-01 9.804935454415955043e-01 9.597281569064335383e-01 9.367263716552070019e-01 9.118040313147065534e-01 8.853082628028743351e-01 8.575867194983424202e-01 8.289727266161686092e-01 7.997991736503379245e-01 7.704431596480638689e-01 7.413815525567166720e-01 7.132227610400919682e-01 6.866945069013303815e-01 6.626020026357821724e-01 6.417903100148270035e-01 6.251356847246506421e-01 6.135716287627646093e-01 6.081434060289442334e-01 6.100817061652934470e-01 6.208869105698529012e-01 6.424161653167929087e-01 6.769648071197329475e-01 7.273312930598645476e-01 7.968494632110749709e-01 8.893586364890376794e-01 9.910357201371956526e-01 8.620787723763482235e-01 7.435451868232667572e-01 6.403875831703865762e-01 5.580319427189345260e-01 5.018162860616454113e-01 4.687514269967960057e-01 4.539844195135636085e-01 4.573897184683221595e-01 4.811118207344504127e-01 5.276513018661754817e-01 5.888830868171931465e-01 6.449499702648531230e-01 7.357040631790179308e-01 8.832133817116835095e-01 8.941747505956508801e-01 6.664721524369737748e-01 4.635272651615131578e-01 2.925865849045815592e-01 1.551820087210480370e-01 4.888783992579435328e-02 -3.109593701760896001e-02 -9.017637686456905777e-02 -1.329154329104457466e-01 -1.630224953537960930e-01 -1.840913280533072460e-01 -2.000248636726560392e-01 -2.150265985629178644e-01 -2.334919334509471534e-01 -2.605026392509882660e-01 -3.063697411873048670e-01 -4.442955050972060560e-01 -4.078493320396799071e-02 -2.408677681360823497e-01 -2.929396632896035246e-01 -3.229378059634079867e-01 -3.424844068479455106e-01 -3.550893344080293668e-01 -3.811106337963973689e-01 5.056131169958686389e-01 6.645321197230772414e-01 8.585061049968645275e-01
9.916278328298131495e-01 9.926981518552998596e-01 9.940112011864723485e-01 9.955980317190255002e-01 9.974902484492337296e-01 9.997191544511027095e-01 9.976906953458144489e-01 9.947241293938445805e-01 9.913657881444942754e-01 9.876080213907193484e-01 9.834531479178520996e-01 9.789158084933882176e-01 9.740254573154639717e-01 9.688289655912162290e-01 9.633933325650696489e-01 9.578085371766440481e-01 9.521906090970412295e-01 9.466850089704818005e-01 9.414702479433182392e-01 9.367609802709220279e-01 9.328077690193761207e-01 9.298862262848617277e-01 9.282619251632062696e-01 9.281184541780376218e-01 9.294648507304925644e-01 9.320944606654339992e-01 9.356754571252653419e-01 9.399454647103007154e-01 9.448643475252835877e-01 9.506213280654784992e-01 9.575390470766127482e-01 9.659708045046064839e-01 9.762342992253237872e-01 9.885757814805383736e-01 9.968613819100587969e-01 9.803954082867079034e-01 9.624231464008341508e-01 9.433127598211951126e-01 9.234877545993027681e-01 9.033468752927094059e-01 8.831326078805609159e-01 8.627170945731511553e-01 8.413067713282926796e-01 8.173373054136728877e-01 7.893431711649526727e-01 7.575874613032113070e-01 7.240844507488911619e-01 6.911800817121633855e-01 6.608151605023795394e-01 6.345473403176696836e-01 6.137494363818924992e-01 5.997870376476230891e-01 5.941642737851329237e-01 5.986545013666906279e-01 6.154270906224866833e-01 6.471735014566925015e-01 6.972280529703520635e-01 7.696685016357037723e-01 8.693640161371781749e-01 9.980979275638452997e-01 8.523001057092692845e-01 7.198542178616983422e-01 6.048928361044390023e-01 5.091531980416078573e-01 4.327647642499209413e-01 3.750418279141360944e-01 3.350797523403569733e-01 3.120315722310827988e-01 3.051105013426622659e-01 3.137393188869534444e-01 3.381872997417461613e-01 3.803558884090486036e-01 4.443258349135714158e-01 5.369143747747758821e-01 6.689371400084502817e-01 8.580956063735962758e-01 8.807651742957175456e-01 6.408476470917303658e-01 4.415297738343578748e-01 2.771672351727737516e-01 1.418543233575009499e-01 2.996029372566652235e-02 -6.385525425721237658e-02 -1.449438343501341653e-01 -2.190368374099263549e-01 -2.923721844412152104e-01 -3.714530834969417272e-01 -4.629803218076112836e-01 -5.759552557754131774e-01 -7.324146152398282039e-01 -9.787231089048076260e-01 -4.347984330128574215e-01 7.814103993656317249e-01 9.838357655185638040e-02 -1.495009206059317863e-01 -2.565891976468079316e-01 -3.140758059630693322e-01 4.178562727763380225e-01 5.906337941503000399e-01 7.845465719539241878e-01
9.958204185152946808e-01 9.959862979843352448e-01 9.962513469907003927e-01 9.966366667272219537e-01 9.971653860273570480e-01 9.978624287891066924e-01 9.987541457443173121e-01 9.998677871272466655e-01 9.987707200077560188e-01 9.971383337554418080e-01 9.952131276868853016e-01 9.929772160701757500e-01 9.904184303939019829e-01 9.875321612218045386e-01 9.843233647937995601e-01 9.808087285632507424e-01 9.770190244246979017e-01 9.730017479961114990e-01 9.688242579432492230e-01 9.645777784569383728e-01 9.603827022906831212e-01 9.563952329289642229e-01 9.528134797958277558e-01 9.498759101937832572e-01 9.478368948187079202e-01 9.469046393846588527e-01 9.471602353001973285e-01 9.485280523202789249e-01 9.508459620358733488e-01 9.539805851254491431e-01 9.578965128954339825e-01 9.626548078383182494e-01 9.683717607639069636e-01 9.751699092149210824e-01 9.831347929479644643e-01 9.922791930836768470e-01 9.974923036029964551e-01 9.865563027500167115e-01 9.753489171868761076e-01 9.643221638651539029e-01 9.539259922510925360e-01 9.444114848350898539e-01 9.352180745713442045e-01 9.228329762544390524e-01 8.981958383257251377e-01 8.595404507471225974e-01 8.152134445868431945e-01 7.702199447172983771e-01 7.269290216566882679e-01 6.868724677573393445e-01 6.513200328242573223e-01 6.214984125955638206e-01 5.987252097708275489e-01 5.845293753966872563e-01 5.807780185610209589e-01 5.898113893082267412e-01 6.145753760873887694e-01 6.587250068355453569e-01 7.266481213285448382e-01 8.233228186713100749e-01 9.538800453398189605e-01 8.906953211511493551e-01 7.507086091824322072e-01 6.328318326044927167e-01 5.376967962401134615e-01 4.634066384637363090e-01 4.066681856249845239e-01 3.635777334162814123e-01 3.301936024917957457e-01 3.032421133719872541e-01 2.811691428863433706e-01 2.649605724157788611e-01 2.577209350861682235e-01 2.633205157171897293e-01 2.855070744749740874e-01 3.280546793327066002e-01 3.957324164611091266e-01 4.961495837500089490e-01 6.432962569703507549e-01 8.648766473648585862e-01 8.196424253123133497e-01 5.388476548184052417e-01 3.060065068274704925e-01 1.121409351582509650e-01 -5.232529071512398433e-02 -1.973330956373560985e-01 -3.332622273344902908e-01 -4.711798817147507257e-01 -6.237769748452174357e-01 -8.095711791354860409e-01 -9.354816693452450149e-01 -6.516613839908901307e-01 -3.304749294363951706e-01 1.111397391560666886e-01 8.644669807196297961e-01 3.797569964583220603e-01 7.658319016064511764e-02 8.948714986233763380e-02 2.074839612723436144e-01 3.276650590691340681e-01
9.978545045308243600e-01 9.985604325884878119e-01 9.993331918036352235e-01 9.998328609364640629e-01 9.989472526996142632e-01 9.980224450436249173e-01 9.970740195822136442e-01 9.961214080449031227e-01 9.951881059307219335e-01 9.943017916146901225e-01 9.934943273776692951e-01 9.928016194045775622e-01 9.922633154294484559e-01 9.919223211326430034e-01 9.918241187143971294e-01 9.920158710851326722e-01 9.925452880699248137e-01 9.934592073210123386e-01 9.948017839410149277e-01 9.966120564610232435e-01 9.989204108059392961e-01 9.982599975151063010e-01 9.949527614883038051e-01 9.912130739177528183e-01 9.871525592461596332e-01 9.829605123958091717e-01 9.789071138444346287e-01 9.752973071227689639e-01 9.723606737921151044e-01 9.701400637515482650e-01 9.684864519431416463e-01 9.671652151836590550e-01 9.659679492015361690e-01 9.647591762425425932e-01 9.634674941018555039e-01 9.620541015751101765e-01 9.604791814521476123e-01 9.586738722811122271e-01 9.565210120225601242e-01 9.538497661033311648e-01 9.504598712630671908e-01 9.462363580193023926e-01 9.416869279828947725e-01 9.414086990837805535e-01 9.618090067622533379e-01 9.987823409555877108e-01 9.519041477428707987e-01 9.027648163581197815e-01 8.531695435555605167e-01 8.044669645296901317e-01 7.578063236431773486e-01 7.142240966351043330e-01 6.747146641042762738e-01 6.403172067235701759e-01 6.122235479971142036e-01 5.918987161329700708e-01 5.811926501163900971e-01 5.824035359966998060e-01 5.982310102885295411e-01 6.315395106671501946e-01 6.848623355265315293e-01 7.596544781985431483e-01 8.554735322928405106e-01 9.694835911078368840e-01 9.117683091672020845e-01 8.118588939573689878e-01 7.296934790365243728e-01 6.608437179610313628e-01 5.997761259278687751e-01 5.409166980869588581e-01 4.800652636924158667e-01 4.161083673322738541e-01 3.517579723585574913e-01 2.923133110742147101e-01 2.434885848913512785e-01 2.098820418425786372e-01 1.943935273653768780e-01 1.982047149013705933e-01 2.211941759445398836e-01 2.634727838622193397e-01 3.305030617235460433e-01 4.417238421081775557e-01 6.300011603358481871e-01 9.560849578387372594e-01 6.280948536226711454e-01 3.034682995063831545e-01 4.191328952005857894e-02 -1.843335541361715846e-01 -4.030893720124557045e-01 -6.462397917260342961e-01 -9.585155064070934872e-01 -7.012085611898588589e-01 -4.350010559987549930e-01 -2.022392051576909489e-01 2.868979159564947340e-02 2.926708251018493856e-01 6.443151118794493426e-01 8.339249295560261510e-01 4.379474615738246368e-01 1.877913299300787431e-01
9.908681677633464080e-01 9.922259003141495892e-01 9.938030595206607254e-01 9.956125578755322669e-01 9.976647199818724498e-01 9.999664000343599923e-01 9.974863449062773002e-01 9.947058543671698505e-01 9.917058715323272544e-01 9.885079774618868997e-01 9.851425083967718654e-01 9.816493732689709484e-01 9.780787305511882135e-01 9.744914848757404435e-01 9.709595700941466845e-01 9.675659959218708694e-01 9.644046498252477617e-01 9.615798629097959127e-01 9.592057642840299270e-01 9.574054538059301178e-01 9.563100000854529714e-01 9.560571841929319525e-01 9.567896971405535078e-01 9.586520602876408281e-01 9.617847432694093257e-01 9.663127350585439812e-01 9.723244808044619880e-01 9.798370744761585316e-01 9.887489013265220450e-01 9.987990371520409916e-01 9.905040558476275736e-01 9.797004447225211576e-01 9.689436215173116151e-01 9.580436015268537497e-01 9.466300806888906516e-01 9.343707836108998688e-01 9.210802619021342119e-01 9.067287930956159370e-01 8.914187137967632957e-01 8.753769703811905556e-01 8.590189163648281889e-01 8.432569653129108334e-01 8.306702395956268026e-01 8.271304400590083761e-01 8.355634652838069831e-01 8.530704488291876997e-01 8.778303252666016521e-01 9.093564720598580342e-01 9.476249845116750947e-01 9.928056147917168062e-01 9.567338595178622729e-01 9.046496378694192098e-01 8.516869642178839239e-01 7.983433681358936829e-01 7.450128567411684610e-01 6.921433956912410590e-01 6.404449034517349926e-01 5.911073214129716202e-01 5.459562106860365027e-01 5.074490479043841651e-01 4.784294227557984724e-01 4.616374842000028900e-01 4.591091782565742130e-01 4.717038856560450411e-01 4.989861398498648959e-01 5.395461288943806943e-01 5.916830344890571247e-01 6.543136261099851136e-01 7.280235363045978181e-01 8.162631251970725588e-01 9.267102352747516036e-01 9.320914557918238419e-01 7.835148183925494392e-01 6.363971253555443797e-01 4.963349783029440965e-01 3.698017926425094526e-01 2.628130223105712426e-01 1.798746574818013977e-01 1.230888378263754468e-01 9.174903037891331270e-02 8.286935162624210760e-02 9.321412349779442663e-02 1.244996755794043897e-01 1.846988839529497550e-01 2.832902236727437018e-01 4.397200813740034797e-01 6.993514020082688409e-01 8.374653518518867523e-01 3.900252068378528558e-01 1.133289663173717675e-02 -3.597806933731632628e-01 -7.788568722618673945e-01 -7.669699997127774616e-01 -4.982618862414304184e-01 -3.326835326315945029e-01 -2.179703403518192251e-01 -1.258633525525926222e-01 3.369378322322134911e-02 8.475146445776504667e-02 2.690424473486855428e-01
9.848447353063669585e-01 9.865261459087903972e-01 9.885339769143749455e-01 9.908977269407840405e-01 9.936454884356411554e-01 9.968028705339556650e-01 9.996084354568411934e-01 9.955909117515775453e-01 9.911557530149828210e-01 9.863138453028463815e-01 9.810876186848097591e-01 9.755125672375909440e-01 9.696386225718521823e-01 9.635313124593010148e-01 9.572726419215822347e-01 9.509616470134103494e-01 9.447145922636998039e-01 9.386648116687318355e-01 9.329622300147705216e-01 9.277726450899836941e-01 9.232768996582030319e-01 9.196701200406735000e-01 9.171612358096852269e-01 9.159730021453673654e-01 9.163426831779295512e-01 9.185233497716139839e-01 9.227852886836783730e-01 9.294161915936992591e-01 9.387175898437941646e-01 9.509938256883189167e-01 9.665297884666913530e-01 9.855559713511861109e-01 9.918635716351943410e-01 9.667006836904945555e-01 9.398520792894941023e-01 9.125389570788257076e-01 8.879268020811467155e-01 8.676341449859736876e-01 8.479108985055934244e-01 8.279207389182799970e-01 8.083154788133140034e-01 7.900952097328794999e-01 7.743138885218570078e-01 7.619138077106262230e-01 7.536448714149057704e-01 7.500775844467013620e-01 7.516709880402115962e-01 7.588519776416288165e-01 7.720919324428960895e-01 7.919888360297472341e-01 8.193706831625288123e-01 8.554372022678288223e-01 9.019566989631772058e-01 9.615338635568616565e-01 9.634264394571842027e-01 8.797653767671248515e-01 7.903700481005963008e-01 6.973870411421491111e-01 6.038610641569314152e-01 5.135746938851587506e-01 4.306166366399578616e-01 3.587962811739572322e-01 3.011003463829605153e-01 2.593618085325536393e-01 2.342081263612436626e-01 2.252515940477523015e-01 2.314372565623788180e-01 2.514775221246370318e-01 2.843464680479947937e-01 3.298479121100978961e-01 3.892932546046722897e-01 4.663427087139846994e-01 5.681388083289103941e-01 7.070709498009229987e-01 9.039448759008898993e-01 8.373199195032464681e-01 6.091403699960526996e-01 4.224642800666505438e-01 2.763969987873096112e-01 1.682672991005756125e-01 9.384319723268404190e-02 4.781216124787830007e-02 2.451194487416061621e-02 1.901066168106137211e-02 2.860044997491581475e-02 5.405142984279402013e-02 9.846027896023651360e-02 1.675695851223895638e-01 2.732812757149458149e-01 4.452677805449285486e-01 7.776583749592856920e-01 5.713585184977574283e-01 5.858393715763141399e-03 -4.491898872161132483e-01 -8.046320940700646407e-01 -9.412540086020033669e-01 -8.154750619162036696e-01 7.653531043507113552e-01 7.565104954545346372e-01 7.702057651964712148e-01
9.811756654315235693e-01 9.828176656944556111e-01 9.848278418998971384e-01 9.872462389110662206e-01 9.901129549594055446e-01 9.934671178579398410e-01 9.973456207204228763e-01 9.982215758054580057e-01 9.932433795534703069e-01 9.877241262276608147e-01 9.816732358013507964e-01 9.751142578337983480e-01 9.680867251745614022e-01 9.606477864435273295e-01 9.528735242141449513e-01 9.448598750588818040e-01 9.367230859718024272e-01 9.285996693511080480e-01 9.206458550747147473e-01 9.130365818264553068e-01 9.059641187186335820e-01 8.996364600230444264e-01 8.942756877724574727e-01 8.901165455423984962e-01 8.874055051088081125e-01 8.864006199589085089e-01 8.873724071463352514e-01 8.906057936660506380e-01 8.964026241681775087e-01 9.050830332342170159e-01 9.169817119385926807e-01 9.324315427590995631e-01 9.517231579235753136e-01 9.750280038646009784e-01 9.977239937224214872e-01 9.680043776448367110e-01 9.376245782508807469e-01 9.076266899341571825e-01 8.784898691899819534e-01 8.501553552911623735e-01 8.224901180066390705e-01 7.956064678674928947e-01 7.698859338834413979e-01 7.458901688536931918e-01 7.242758424464713629e-01 7.057406521589210113e-01 6.910000819534166672e-01 6.807918261926744208e-01 6.759061494643976431e-01 6.772415693994809915e-01 6.858864995204722037e-01 7.032296588598406784e-01 7.311055275884006388e-01 7.719862111584936404e-01 8.292385075476134126e-01 9.074761182289950989e-01 9.871147860719218237e-01 8.659738144727993081e-01 7.435645161336801312e-01 6.248175895970961014e-01 5.140565772188404603e-01 4.146538542160027596e-01 3.289013823610469345e-01 2.580731928047155788e-01 2.026114203444253359e-01 1.623612976101085625e-01 1.368014679705147896e-01 1.252474187305935571e-01 1.270354306749335582e-01 1.417151400730951860e-01 1.692873915497264126e-01 2.105262459393480445e-01 2.674435603047344290e-01 3.440164133348704301e-01 4.473656930370957796e-01 5.895746295308892382e-01 7.904617049484206071e-01 9.238253378554370787e-01 6.576436931409463948e-01 4.536926894745752503e-01 3.006120726132345822e-01 1.885829958829698394e-01 1.092784000272382788e-01 5.579270875398765345e-02 2.467173977130496243e-02 3.244581221132343193e-03 -9.612957178687837195e-03 -1.327982998557037872e-02 -6.182352420287474427e-03 1.526100517247394248e-02 5.881449617616332087e-02 1.416328190044191249e-01 3.058187954940272957e-01 6.810255690518206562e-01 5.205083978981819293e-01 4.500358491578542071e-03 -2.661997977331189147e-01 3.849936499794354705e-01 4.052300787863862830e-01 3.621368107191313412e-01
9.808091062609295419e-01 9.820733064712565685e-01 9.836753830959619194e-01 9.856576101391808509e-01 9.880635719158293861e-01 9.909373636604323909e-01 9.943225691457243665e-01 9.982609881468983426e-01 9.972166802086818160e-01 9.921164842051271027e-01 9.864344005470933041e-01 9.801757312315172443e-01 9.733602065572236617e-01 9.660239032179096519e-01 9.582208974677193236e-01 9.500245446410311434e-01 9.415282865375265153e-01 9.328459088162657231e-01 9.241112014587989920e-01 9.154770152952959039e-01 9.071137542233367324e-01 8.992073930810119409e-01 8.919571621210810042e-01 8.855730884731942698e-01 8.802736324843489779e-01 8.762837044520027652e-01 8.738333989004605229e-01 8.731578406487132682e-01 8.744985848191024758e-01 8.781069855343502928e-01 8.842496510249685526e-01 8.932150908769095343e-01 9.053181963671493859e-01 9.208948568258717993e-01 9.402750763943954482e-01 9.637276665280544163e-01 9.913919920681489861e-01 9.772885138734708210e-01 9.442005797971110281e-01 9.101535019746314070e-01 8.757958869222495224e-01 8.416873202980582613e-01 8.083383398720046520e-01 7.762550940617348738e-01 7.459694363656943494e-01 7.180543181467520242e-01 6.931324693504415935e-01 6.718866342070445308e-01 6.550772857031160745e-01 6.435714841148637566e-01 6.383850835200350904e-01 6.407398449167731602e-01 6.521372084198204799e-01 6.744517475864479916e-01 7.100501137892634151e-01 7.619460846894753336e-01 8.340095084675669401e-01 9.312563694350938226e-01 9.431667704182633560e-01 8.131961995891973105e-01 6.890618113135456024e-01 5.745777418759479005e-01 4.721859091463108116e-01 3.831571544754179270e-01 3.078944603806260671e-01 2.462403241430306255e-01 1.977362739007930970e-01 1.618187633986966911e-01 1.379563384090758960e-01 1.257418130584113392e-01 1.249560681528388145e-01 1.356208848396836253e-01 1.580594181113998686e-01 1.929911329032956424e-01 2.417217215281871057e-01 3.065771270467546050e-01 3.918762903994610358e-01 5.057527393738007193e-01 6.625473450093855021e-01 8.850591282805725379e-01 8.275051075995525363e-01 5.913892409072106782e-01 4.099709316274082194e-01 2.722803886596363299e-01 1.686844309244167617e-01 9.057525936246925424e-02 2.985175456727512389e-02 -1.990170295454351396e-02 -6.191480191438683556e-02 -9.675802493638228918e-02 -1.231507684800963870e-01 -1.378172835198876456e-01 -1.340975596459434982e-01 -9.813190061754578641e-02 1.498881103868421544e-03 2.452782840269422948e-01 8.787116140150782462e-01 3.449247194542801598e-01 7.229200609638435082e-02 5.976028758313669219e-03
9.841055330400383383e-01 9.847264214156704609e-01 9.855884479662921915e-01 9.867276768594895886e-01 9.881823578535624542e-01 9.899924656898877462e-01 9.921990732694923043e-01 9.948435368924645195e-01 9.979664732471937860e-01 9.983960660944460885e-01 9.942346306594123106e-01 9.895373342512203685e-01 9.842977531587616680e-01 9.785209414202383771e-01 9.722251913118480360e-01 9.654435806921874974e-01 9.582252037261054234e-01 9.506359895292713080e-01 9.427590321870757961e-01 9.346943858818939077e-01 9.265583198268926290e-01 9.184820775326533182e-01 9.106102410070880948e-01 9.030988601284832828e-01 8.961135690245493057e-01 8.898279757771411225e-01 8.844226842271525335e-01 8.800853972831597094e-01 8.770126735317810285e-01 8.754140694450612825e-01 8.755195610838194531e-01 8.775911216205696253e-01 8.819385821605356668e-01 8.889371433612841544e-01 8.990372100222135954e-01 9.127468452142059041e-01 9.305638144290080405e-01 9.528614001062707395e-01 9.797875960576960530e-01 9.888754710822545979e-01 9.551258163500649934e-01 9.202755909490755171e-01 8.851189185713754792e-01 8.503384577730315197e-01 8.165312687468644359e-01 7.842465179047953816e-01 7.540231096613200235e-01 7.264232162707837670e-01 7.020615102296743348e-01 6.816315633388690953e-01 6.659314465558364704e-01 6.558905041371055900e-01 6.525987974122029467e-01 6.573399902524296179e-01 6.716276738529538548e-01 6.972445087591251367e-01 7.362832752016817972e-01 7.911890573471844768e-01 8.648022541505985261e-01 9.604025450173803158e-01 9.244249040790084582e-01 8.109337103869487251e-01 7.045071251509934518e-01 6.075254729811950805e-01 5.211612042954255619e-01 4.456806916563938459e-01 3.807789550901308218e-01 3.258828648420078467e-01 2.803927593135518426e-01 2.438516122821275112e-01 2.160399980837253986e-01 1.970016142148483251e-01 1.870108999160868812e-01 1.864991933907212962e-01 1.959569663840645404e-01 2.158317153830449087e-01 2.464615713465939939e-01 2.881701243304389259e-01 3.419403768634362017e-01 4.119077943035531764e-01 5.107586345550986229e-01 6.597938495905936174e-01 8.819394881881544856e-01 8.261356232230976371e-01 5.853176279121052872e-01 3.983508546795143102e-01 2.521971804673177053e-01 1.352357744590517163e-01 3.774853949092771971e-02 -4.746824643239044850e-02 -1.248521784167950233e-01 -1.963838673513094157e-01 -2.618191423395608841e-01 -3.181372716215051244e-01 -3.575383607385285711e-01 -3.629715142354129065e-01 -2.999718402746089918e-01 1.062454627796883405e-01 3.058764370649786346e-01 9.911729746349637882e-01
9.907198889562178756e-01 9.905465963228113901e-01 9.904694226313258687e-01 9.905118925999640833e-01 9.907003571634775962e-01 9.910639637633169574e-01 9.916345374043301630e-01 9.924463567824132193e-01 9.935358105292713127e-01 9.949409201483767617e-01 9.967007185869134478e-01 9.988544766079737736e-01 9.985612996963310062e-01 9.955237167150395861e-01 9.920091871444053355e-01 9.879992753074117173e-01 9.834835008081458385e-01 9.784607638750877356e-01 9.729406453668468790e-01 9.669445294865357532e-01 9.605065149375644484e-01 9.536741071922631985e-01 9.465087201162971642e-01 9.390860578047972584e-01 9.314964949365595048e-01 9.238456242517152361e-01 9.162551924983972640e-01 9.088647043272580772e-01 9.018340448235998563e-01 8.953475662999718088e-01 8.896202041936955851e-01 8.849062752997317594e-01 8.815114323201471702e-01 8.798071052545588522e-01 8.802431230825950026e-01 8.833461630595594860e-01 8.896813207724377781e-01 8.997576623222474090e-01 9.139012369363388455e-01 9.321769333418618020e-01 9.544209110784255268e-01 9.803454136231816163e-01 9.904606365118011624e-01 9.597235058081516890e-01 9.284701610999006594e-01 8.972585624678340865e-01 8.666037544427637185e-01 8.370087605824549915e-01 8.089912716478903087e-01 7.831054853261892879e-01 7.599593379251328162e-01 7.402276792301025754e-01 7.246618559756162758e-01 7.140956235382919237e-01 7.094462960873175739e-01 7.117087641258618147e-01 7.219389097122977939e-01 7.412228038212772541e-01 7.706299617877208075e-01 8.111540503680269021e-01 8.636534283949384161e-01 9.288156530638057573e-01 9.928708958169902843e-01 9.097070070506765305e-01 8.293652357578368273e-01 7.531008891638436564e-01 6.813985658252691424e-01 6.142941374358120710e-01 5.517165500973923997e-01 4.937502559601296692e-01 4.407592384213543935e-01 3.933734037731850264e-01 3.523870562009243645e-01 3.186296374384752217e-01 2.928453944323499147e-01 2.755886178779412554e-01 2.671264540996176051e-01 2.673480857279902922e-01 2.757085418214603734e-01 2.913163124537819226e-01 3.136671484376049590e-01 3.475633320947906224e-01 4.162787104477368993e-01 5.312020714624992035e-01 6.956237156626193796e-01 9.252806457565182496e-01 8.004272132831918851e-01 5.804378086894824706e-01 4.050720667221582860e-01 2.606216975908447475e-01 1.363946405390386307e-01 2.539777434504385603e-02 -7.544016321981547590e-02 -1.651408749965856959e-01 -2.383105373834418783e-01 -2.848396865660867694e-01 -2.907270228019950831e-01 2.413462570895797688e-01 1.272219495366184727e-01 5.053985585820305881e-02
9.996036201332362259e-01 9.986344468782275552e-01 9.975969083948412752e-01 9.964992968308734600e-01 9.953534021243616303e-01 9.941749801008967768e-01 9.929842068711993708e-01 9.918061027160111065e-01 9.906709069217519703e-01 9.896143837282599387e-01 9.886780386810952725e-01 9.879092241847254874e-01 9.873611127946072541e-01 9.870925165540131996e-01 9.871675302001436947e-01 9.876549750083888357e-01 9.886276180482705955e-01 9.901611382975744613e-01 9.923328059813215640e-01 9.952198342283865573e-01 9.988973522326464183e-01 9.965758290331357960e-01 9.911798687005212161e-01 9.848944040411709011e-01 9.777194625379523885e-01 9.696807653110559588e-01 9.608337741024413070e-01 9.512676388836948105e-01 9.411090406433265665e-01 9.305260146409350952e-01 9.197319667472647620e-01 9.089902253135743182e-01 8.986194661886863777e-01 8.889998219523459477e-01 8.805775834090769916e-01 8.738618617080790019e-01 8.693995186879951431e-01 8.677121814562539504e-01 8.691986684161123744e-01 8.740510165365535933e-01 8.822500249960412155e-01 8.936461264089470280e-01 9.080601827133427673e-01 9.253444488656726863e-01 9.453935735283597319e-01 9.681241522974108893e-01 9.934421568368820843e-01 9.792312014641532114e-01 9.512827435393154119e-01 9.232467978996868885e-01 8.956347053304087868e-01 8.689745776324682147e-01 8.438094186166279487e-01 8.206964706738438808e-01 8.002061542321725618e-01 7.829186306076505453e-01 7.694162976006341248e-01 7.602713203797627495e-01 7.560288262217085276e-01 7.571890030444374808e-01 7.641950816886683429e-01 7.774382509748561931e-01 7.972929517212935524e-01 8.241937052569284772e-01 8.587546808582395830e-01 9.019147324387185582e-01 9.550678989750716052e-01 9.802724890260436919e-01 9.095389745817649141e-01 8.363075487423259347e-01 7.624037961135524677e-01 6.898542065219981367e-01 6.206472068690335187e-01 5.565319059900493137e-01 4.989067755382978198e-01 4.487845806618139255e-01 4.067943574390123773e-01 3.731895520171066294e-01 3.478515459852511982e-01 3.302962386545605922e-01 3.197100722304564435e-01 3.151156271057504732e-01 3.167765546375024277e-01 3.468304560349599885e-01 4.192409303535193366e-01 5.202101638158066477e-01 6.533089956980222546e-01 8.250464944819153601e-01 9.576390076481501312e-01 7.548769638034817930e-01 5.909203904158816245e-01 4.551193921224101491e-01 3.406345049987781759e-01 2.448532554600316435e-01 1.688182104925882998e-01 1.160022122774106434e-01 9.061934931509223190e-02 9.579087713842243668e-02 1.321758722353468529e-01 1.976503387497714481e-01
9.908297330879813902e-01 9.924019159789367883e-01 9.941958750968474812e-01 9.962201596256520242e-01 9.984795419536435235e-01 9.990269567071472512e-01 9.963160797303963756e-01 9.934066848449475406e-01 9.903235126210059303e-01 9.871004528894480323e-01 9.837814024000677282e-01 9.804209855781139682e-01 9.770850937990980256e-01 9.738511989008095115e-01 9.708083982094641851e-01 9.680571508302102668e-01 9.657086678245903055e-01 9.638839214983643267e-01 9.627122405466540522e-01 9.623294573529445062e-01 9.628755703777814867e-01 9.644918774251209914e-01 9.673175239563595040e-01 9.714853942200135650e-01 9.771172519972489701e-01 9.843180130599316069e-01 9.931690043233797338e-01 9.962937507159883577e-01 9.842712557181703126e-01 9.709620272963208620e-01 9.565792903290059046e-01 9.413986611515748892e-01 9.257575984374576406e-01 9.100538169976931657e-01 8.947420427003981436e-01 8.803262954471645640e-01 8.673411441214714523e-01 8.563125685531244313e-01 8.476951889243397043e-01 8.418052508770507147e-01 8.387921790983613457e-01 8.386761844309705838e-01 8.414269434523600211e-01 8.470311334335757225e-01 8.555201074055057697e-01 8.669627820711652832e-01 8.814421093098989690e-01 8.990305543695862323e-01 9.197727334288654522e-01 9.436770261914795288e-01 9.707133910300713708e-01 9.991889186772494602e-01 9.672543494670367004e-01 9.348802142145776761e-01 9.025846068779179721e-01 8.709005081055192221e-01 8.403872018568809832e-01 8.116379851011125135e-01 7.852814612757580415e-01 7.619761227874001230e-01 7.424006394584965474e-01 7.272450174318111360e-01 7.172099045209039403e-01 7.130215692038411879e-01 7.154668559467534106e-01 7.254443687072652525e-01 7.440159791126663702e-01 7.724324996790420395e-01 8.121110580315328287e-01 8.645665353106345430e-01 9.313281042826728751e-01 9.863204704062684680e-01 8.980381828208625627e-01 8.120612536180886742e-01 7.309085808167892218e-01 6.564177167412200697e-01 5.898052021830921809e-01 5.317533071074079798e-01 4.824922815063940607e-01 4.418699618921003713e-01 4.094114828338548673e-01 3.843772560985250220e-01 3.658490771898867400e-01 3.531865447491810417e-01 3.652492528134632099e-01 4.240767478039771388e-01 5.035520813992149236e-01 6.040470031570229770e-01 7.268533000006291989e-01 8.727010891098812007e-01 9.595263192305778510e-01 8.084560688938109418e-01 6.849877525643152110e-01 5.838956457844551862e-01 5.027782068836706975e-01 4.413717381095500492e-01 4.004393103659327768e-01 3.807052809815103522e-01 3.821156155795316089e-01 4.035646016650826229e-01
9.821938872159450273e-01 9.840339546510858959e-01 9.862003495487041693e-01 9.887152715482606657e-01 9.915975258225820932e-01 9.948612173072088893e-01 9.985142641501775218e-01 9.974497833351106957e-01 9.930693291146752699e-01 9.883767210782840040e-01 9.834150206954404005e-01 9.782413076629044024e-01 9.729275232840384202e-01 9.675610020831548752e-01 9.622446375274009700e-01 9.570966375902519863e-01 9.522498375534055315e-01 9.478505495589638619e-01 9.440569394020978944e-01 9.410369292126825602e-01 9.389656284132236186e-01 9.380222933244647399e-01 9.383868071334763306e-01 9.402356563618335938e-01 9.437373579034800120e-01 9.490472632936882702e-01 9.563016358501486014e-01 9.656108637171085807e-01 9.770516396683691651e-01 9.906579090486817840e-01 9.936304659452508403e-01 9.763486660136219131e-01 9.579136369780902882e-01 9.387163577922388313e-01 9.192019983468607824e-01 8.998601592995940646e-01 8.812116284287458967e-01 8.637878343488794020e-01 8.480984793136010502e-01 8.345881244959862943e-01 8.235959862106607687e-01 8.153438593641849641e-01 8.099651571575435804e-01 8.075578792629946046e-01 8.082293452297003578e-01 8.121143926492745413e-01 8.193699560988443320e-01 8.301586204505265743e-01 8.446325094949949097e-01 8.629238765832163427e-01 8.851438730224309159e-01 9.113868597082798173e-01 9.417342881915918840e-01 9.762501457471943755e-01 9.852604392261006261e-01 9.453505491989188103e-01 9.053102630894690472e-01 8.658907602311868290e-01 8.278819445712161107e-01 7.921024745383078436e-01 7.593829262258300350e-01 7.305480684838943084e-01 7.064052268341781682e-01 6.877446009539365246e-01 6.753540773516482076e-01 6.700453327601217923e-01 6.726803636121010399e-01 6.841814152161335150e-01 7.055102008467336594e-01 7.376196078476635609e-01 7.814018149771628785e-01 8.376562348447251782e-01 9.070731961063628335e-01 9.902015650478948050e-01 9.196547829843618738e-01 8.343731969221608313e-01 7.558796057260097623e-01 6.852962522480675611e-01 6.231707644606689911e-01 5.695995335351088373e-01 5.243325410034248568e-01 4.868585637747014916e-01 4.564736716684221762e-01 4.323403862073748605e-01 4.135689059857603489e-01 4.135521083885796423e-01 4.677106454720632023e-01 5.367560619286637635e-01 6.205358025455861570e-01 7.188607534849529301e-01 8.310405734832638780e-01 9.559774582858796554e-01 9.155292293069522414e-01 8.079519927227406528e-01 7.204998375162225965e-01 6.515690201468653520e-01 6.004438786030071862e-01 5.667463327164043996e-01 5.499398305932107212e-01 5.490484489546305635e-01
9.757000209552844083e-01 9.773888437895008607e-01 9.794452176381660546e-01 9.819007730357490749e-01 9.847847707011362361e-01 9.881227821464919625e-01 9.919351560024046721e-01 9.962352676767822768e-01 9.989734958056430969e-01 9.937341220716436885e-01 9.880947279677685380e-01 9.821043791234561615e-01 9.758284262713292634e-01 9.693492650282131695e-01 9.627666789396880365e-01 9.561977130856216256e-01 9.497760435396129797e-01 9.436508280776668700e-01 9.379850436891812304e-01 9.329533343886901031e-01 9.287394063314224901e-01 9.255330143742079851e-01 9.235265836209803902e-01 9.229115005167002339e-01 9.238740909220245490e-01 9.265912783851809609e-01 9.312258863098956674e-01 9.379215151065617428e-01 9.467968919093479041e-01 9.579395577777353177e-01 9.713987265111864167e-01 9.871771212350013425e-01 9.948055499165542326e-01 9.752176083208711210e-01 9.546085883860329080e-01 9.334087774596792064e-01 9.120857177660538495e-01 8.911340938556546742e-01 8.710646163123690888e-01 8.523895468820643639e-01 8.356022413568560125e-01 8.211512683156183545e-01 8.094167827159056694e-01 8.007019459118023263e-01 7.952462049558433055e-01 7.932523931602910583e-01 7.949111871414628050e-01 8.004120246783880122e-01 8.099404654843564977e-01 8.236683229046245502e-01 8.417433964629135179e-01 8.642831638441490494e-01 8.913732696064460281e-01 9.230676626792119199e-01 9.593835735273471554e-01 9.997172831974822094e-01 9.563590889910318360e-01 9.131234244725917604e-01 8.708650126677517367e-01 8.304293880350855916e-01 7.926457232925372409e-01 7.583172988016313454e-01 7.282147891558078401e-01 7.030769369334245456e-01 6.836203698539971008e-01 6.705558893366662110e-01 6.646032219592410417e-01 6.664921465523823141e-01 6.769398105546557964e-01 6.966057695600451627e-01 7.260417889781556333e-01 7.656563913819299794e-01 8.156980058780680665e-01 8.762414766055504067e-01 9.471581934748506404e-01 9.727065871340753178e-01 8.942832350796474650e-01 8.220586851144473517e-01 7.569354301570797583e-01 6.993149678955082882e-01 6.492240541001356169e-01 6.064238410541212820e-01 5.705039074366392571e-01 5.409703850875318132e-01 5.173544745122357069e-01 4.994803567520117449e-01 4.893117551796419828e-01 5.047669309835803864e-01 5.496215456896519358e-01 6.065325304727537947e-01 6.727436549687592082e-01 7.482106763154080520e-01 8.333332058463183145e-01 9.281236996813218010e-01 9.695529805448698246e-01 8.771755571972194021e-01 8.010335970404856010e-01 7.414553232888445589e-01 6.982134301553591937e-01 6.705089982090441936e-01
9.723369807367087114e-01 9.734443619193664521e-01 9.748924831540669578e-01 9.767179625753150685e-01 9.789567535637867524e-01 9.816430727596610062e-01 9.848081199353826420e-01 9.884785789953436375e-01 9.926748952057904418e-01 9.974093321579653448e-01 9.973233600137895172e-01 9.915837828847492430e-01 9.854207028894431675e-01 9.788926692830854925e-01 9.720755763857820142e-01 9.650630424648298789e-01 9.579662732382643320e-01 9.509133715782737140e-01 9.440480817822994863e-01 9.375279854650575562e-01 9.315221938877099594e-01 9.262086053417156739e-01 9.217708131469781740e-01 9.183947575289416188e-01 9.162652115882528037e-01 9.155621773426632082e-01 9.164572431552493459e-01 9.191099205935803207e-01 9.236639394985048934e-01 9.302434376988740761e-01 9.389489390466445595e-01 9.498529720739473658e-01 9.629951421088616126e-01 9.783764312217044790e-01 9.959524610066251560e-01 9.846149856116293009e-01 9.641023718098279405e-01 9.429132989904692730e-01 9.214670376639522154e-01 9.002096260078449319e-01 8.796107606420673353e-01 8.601624852191473991e-01 8.423777557187436260e-01 8.267851699659639619e-01 8.139153742332002617e-01 8.042773818885117221e-01 7.983302553716089545e-01 7.964622040870925623e-01 7.989862408524709414e-01 8.061493003700770377e-01 8.181426390837346352e-01 8.351035646596139950e-01 8.571068782048095747e-01 8.841506387891607810e-01 9.161422353887529457e-01 9.528882152399037464e-01 9.940864905846696908e-01 9.621724337430542784e-01 9.191114905859281148e-01 8.776424759198605541e-01 8.385325272228276727e-01 8.024597697769152438e-01 7.700339671048772594e-01 7.418155161633688266e-01 7.183337452987232918e-01 7.001048983509919887e-01 6.876470704808410606e-01 6.814853775286241477e-01 6.821386703405155627e-01 6.900829397339550697e-01 7.056969168207543053e-01 7.292048953962219082e-01 7.606303159955388749e-01 7.997627497324275581e-01 8.461338547456024317e-01 8.990016459201894961e-01 9.573514556387612284e-01 9.804603371365496756e-01 9.213831647980064155e-01 8.679602460942952291e-01 8.202429749545068205e-01 7.777631259012676157e-01 7.396189160737187684e-01 7.046140017213471385e-01 6.715003784883933902e-01 6.393346772422339175e-01 6.078565580614974095e-01 5.777482803707475467e-01 5.508258928145536304e-01 5.307380525081574207e-01 5.246503985713709683e-01 5.385805430272261329e-01 5.686119610300874871e-01 6.105270708229589838e-01 6.631209042363752637e-01 7.259544460529808729e-01 7.982554719717847025e-01 8.785655146832627160e-01 9.647626834403515428e-01 9.485039109364115095e-01
9.730973314795914320e-01 9.732744159791566485e-01 9.737017200368695002e-01 9.744162743615700784e-01 9.754566832694880896e-01 9.768625051979686891e-01 9.786734568118091726e-01 9.809284215694811238e-01 9.836642457401815198e-01 9.869143086462971448e-01 9.907068598939967607e-01 9.950631251699854074e-01 9.999951944773393109e-01 9.945264021285433742e-01 9.885569629499306732e-01 9.821437116783379162e-01 9.753512782375556300e-01 9.682621839683089870e-01 9.609767499949023462e-01 9.536123864298303721e-01 9.463022602272277428e-01 9.391933839326593869e-01 9.324442114383506564e-01 9.262218646986263293e-01 9.206991419223449213e-01 9.160514687531315925e-01 9.124539467313644847e-01 9.100786272436514057e-01 9.090920954687661260e-01 9.096533902643362257e-01 9.119122160317476578e-01 9.160073249428439812e-01 9.220648657360878131e-01 9.301964115855769766e-01 9.404962980000342032e-01 9.530378283629865610e-01 9.678678498265618213e-01 9.849991810587045427e-01 9.956188746149228219e-01 9.746753694093962528e-01 9.527593078126358472e-01 9.302800478161692421e-01 9.076912464267351544e-01 8.854866121833219195e-01 8.641968236469512732e-01 8.443885137820673625e-01 8.266656129769568429e-01 8.116715631721952429e-01 8.000873441681738418e-01 7.926154867104684421e-01 7.899390155228028787e-01 7.926556228326824272e-01 8.012111746524254174e-01 8.158669577200290401e-01 8.367087155954048283e-01 8.636701597606744052e-01 8.965404560310124005e-01 9.349473234204156435e-01 9.783263890784800187e-01 9.747588963925315486e-01 9.288093027418574676e-01 8.854320106287336678e-01 8.454299605253745575e-01 8.092843140271591684e-01 7.772042085487320673e-01 7.492237388153207833e-01 7.253263980836163194e-01 7.055616595529616841e-01 6.901197281450883736e-01 6.793443638154981201e-01 6.736795065294577389e-01 6.735629742296168621e-01 6.793015656636517408e-01 6.909720048382099744e-01 7.083758006870781720e-01 7.310509616853273496e-01 7.583406097101424992e-01 7.895361265573020981e-01 8.241235687974632906e-01 8.621424407174808069e-01 9.045919167073045442e-01 9.536708163035726438e-01 9.876465433718240039e-01 9.222626597759324696e-01 8.537030910506347992e-01 7.843382326359754630e-01 7.167464628661528447e-01 6.532403168301229579e-01 5.958157527389063013e-01 5.463222378797216727e-01 5.067604039670939864e-01 4.795779009786724778e-01 4.672564917883254010e-01 4.706140967652098217e-01 4.883743954105271290e-01 5.188158772534916530e-01 5.603323508535080766e-01 6.108967386983261694e-01 6.677360553424335210e-01 7.282935324200852101e-01
9.789455160347558804e-01 9.780256333680009684e-01 9.772132613512697352e-01 9.765404649953663974e-01 9.760432017043755293e-01 9.757612523888270495e-01 9.757380134731532539e-01 9.760201211551911005e-01 9.766568787647290639e-01 9.776994589485266118e-01 9.791998550843370452e-01 9.812095611866790135e-01 9.837779669436705898e-01 9.869504646121599611e-01 9.907662772869519907e-01 9.952560332518257669e-01 9.995610646647247188e-01 9.937187693126029453e-01 9.872741033499129459e-01 9.802817653661620723e-01 9.728175372578039548e-01 9.649784117744112377e-01 9.568820662538511934e-01 9.486657638326820852e-01 9.404848258240088299e-01 9.325108653134930314e-01 9.249299916745223893e-01 9.179411787063613826e-01 9.117549265329168984e-01 9.065922318047990869e-01 9.026837081508398697e-01 9.002684748992763053e-01 8.995921851616867082e-01 9.009033643359710686e-01 9.044472005381970492e-01 9.104562205835337041e-01 9.191379771345102867e-01 9.306608139899676946e-01 9.451395192184699479e-01 9.626226862245534921e-01 9.830827115146897333e-01 9.936327791069214932e-01 9.686204460355521961e-01 9.427327961393221489e-01 9.165495608696854202e-01 8.906498135845299924e-01 8.655990922190387460e-01 8.419425706520416997e-01 8.202038065441442649e-01 8.008884924039159081e-01 7.844926558294732510e-01 7.715147092893076541e-01 7.624703570122688401e-01 7.579081585485568651e-01 7.584210114568115113e-01 7.646453726643098747e-01 7.772392852317115963e-01 7.968391535121285285e-01 8.240133430040645912e-01 8.592361619011692486e-01 9.028779767681451851e-01 9.551723697867321450e-01 9.841313547169318054e-01 9.213504274580852638e-01 8.606040326361267256e-01 8.036256114933222339e-01 7.517827605643006006e-01 7.060291360858896859e-01 6.668574228231933798e-01 6.342421697301365846e-01 6.077522855061756601e-01 5.870122178052944450e-01 5.721090503685631878e-01 5.633991101361655041e-01 5.609512150116497953e-01 5.644348548160290635e-01 5.734521189977347388e-01 5.878927629841068647e-01 6.083674857763056165e-01 6.367319333472563070e-01 6.759031043155857565e-01 7.281008821299854716e-01 7.937127735754058167e-01 8.725117782546887302e-01 9.648647170892806768e-01 9.329421569750648846e-01 8.368073692783064566e-01 7.488077966145834097e-01 6.697969171051709747e-01 6.008826208846411721e-01 5.435590382574758683e-01 4.996552323858843847e-01 4.706904898127233783e-01 4.568450767682857294e-01 4.571360905643606087e-01 4.706204030571131125e-01 4.967149702804849465e-01 5.345636927909438452e-01 5.822901154993002093e-01 6.366642612057185069e-01
9.902292628964384225e-01 9.883070011064283289e-01 9.863155669835098616e-01 9.842751462733264622e-01 9.822114948845226401e-01 9.801564064199111970e-01 9.781480753457330035e-01 9.762313174553658435e-01 9.744576081409622725e-01 9.728848999478463266e-01 9.715771841766857042e-01 9.706037668428383336e-01 9.700382366403549339e-01 9.699571107843433238e-01 9.704381524116584279e-01 9.715583590447385287e-01 9.733916239235504975e-01 9.760060696323785701e-01 9.794610460229719040e-01 9.838037727511333985e-01 9.890655930545011465e-01 9.952577937510360684e-01 9.976386459981203547e-01 9.897563055723209713e-01 9.812317807482339171e-01 9.722151899109988671e-01 9.628935650178971350e-01 9.534906241555856088e-01 9.442651452503352250e-01 9.355073443446008108e-01 9.275324503186898051e-01 9.206706333512078011e-01 9.152528506273273079e-01 9.115932518210054791e-01 9.099704400220621769e-01 9.106113913657388759e-01 9.136820400428787847e-01 9.192867389487462404e-01 9.274756873769678389e-01 9.382567353628029627e-01 9.516071173022389029e-01 9.674816111542302588e-01 9.858153083271975481e-01 9.935216592452825735e-01 9.713655444510271852e-01 9.482938232809930978e-01 9.246978672949105471e-01 9.009887995997964971e-01 8.776003109745533770e-01 8.549922458115987167e-01 8.336548340323836070e-01 8.141136195072479209e-01 7.969353279208893914e-01 7.827350548082675497e-01 7.721850745013409956e-01 7.660250466276943282e-01 7.650722059085459659e-01 7.702281576578479116e-01 7.824763350026273656e-01 8.028616691825606333e-01 8.324430766860964059e-01 8.722122880053856386e-01 9.229803540811510887e-01 9.852415957173258354e-01 9.442642861187896530e-01 8.743261771372087265e-01 8.077696007032151293e-01 7.466660158376510203e-01 6.926312179043188078e-01 6.470253910451079227e-01 6.107621212329070737e-01 5.829356357434517522e-01 5.609324106950329680e-01 5.429023252586273607e-01 5.282508462989764508e-01 5.170279325318177799e-01 5.097010085213621311e-01 5.075502936035952706e-01 5.137939570121627941e-01 5.328924561928038983e-01 5.654988381093603023e-01 6.091135650239928312e-01 6.617300276942728043e-01 7.223336031928863088e-01 7.906405209423510438e-01 8.669617178159818582e-01 9.520493954080864185e-01 9.553120971979185416e-01 8.683594674494090615e-01 7.900481670721588578e-01 7.212769628466088045e-01 6.628734790156586287e-01 6.149816311952799319e-01 5.767822033534721893e-01 5.470138805807388538e-01 5.249350981444304010e-01 5.109514781332938904e-01 5.065370249150533688e-01 5.134843640997969194e-01 5.327826308395661181e-01
9.943412573414472932e-01 9.968659563789687983e-01 9.996555904250695734e-01 9.972933611980553392e-01 9.939968390456564995e-01 9.904682808744955658e-01 9.867287859885383039e-01 9.828080448049375528e-01 9.787450083259519040e-01 9.745883688769111375e-01 9.703968083408206491e-01 9.662389762993545128e-01 9.621931683140213520e-01 9.583466824127898631e-01 9.547948375864278026e-01 9.516396395386905738e-01 9.489880742774100542e-01 9.469499985835690969e-01 9.456355787189529849e-01 9.451522077010822143e-01 9.456008121909145192e-01 9.470714502730231965e-01 9.496381121602059938e-01 9.533526822631060993e-01 9.582381233699487355e-01 9.642811268377919909e-01 9.714247614172232259e-01 9.795620567959310021e-01 9.885319375304922884e-01 9.981193426987361450e-01 9.920030180719553448e-01 9.822591492790254675e-01 9.729441249311135964e-01 9.643174799696057065e-01 9.565899494908000067e-01 9.499160805779012229e-01 9.443982774206589603e-01 9.401010786986389034e-01 9.370717945572456520e-01 9.353625844875418371e-01 9.350496408765164302e-01 9.362465696060289222e-01 9.391104890008943329e-01 9.438403698113659868e-01 9.506676841548288293e-01 9.598396769441903675e-01 9.715956784823378545e-01 9.861369404550277551e-01 9.964222873982387929e-01 9.765928172312396960e-01 9.549996467588269811e-01 9.322350270258435989e-01 9.090365300148343097e-01 8.862598249227507941e-01 8.648462876412287281e-01 8.457909758871313688e-01 8.301153418668224537e-01 8.188468153884325140e-01 8.130046948284596064e-01 8.135893559226660132e-01 8.215703079124089259e-01 8.378683251534778664e-01 8.633269029795134220e-01 8.986668259667472958e-01 9.444139244131648514e-01 9.992142786069488913e-01 9.367441704246917134e-01 8.743748746208157563e-01 8.148184617341427405e-01 7.604236729218253332e-01 7.130204219531853793e-01 6.735328133199661726e-01 6.413955196553925431e-01 6.147088280135436511e-01 5.914458565498903475e-01 5.703014940718958981e-01 5.506899652926634525e-01 5.326581019145655294e-01 5.195762634118367140e-01 5.266255129826469261e-01 5.448077035403448010e-01 5.679005345668435289e-01 5.942455706155006512e-01 6.224127247385268236e-01 6.509929307485871064e-01 6.787983963391719389e-01 7.050840370758511000e-01 7.296149459529557291e-01 7.525822558390548034e-01 7.745410064055143762e-01 7.965644271955858446e-01 8.206820310424041143e-01 8.504901527291625074e-01 8.917132331655538424e-01 9.525230494257699299e-01 9.583511172153852398e-01 8.499831686504329964e-01 7.343058566250073582e-01 6.251327569909255200e-01 5.360705768317279851e-01
9.785761688234421163e-01 9.810301812722035386e-01 9.838822580657903272e-01 9.871630947648833976e-01 9.909006734880243528e-01 9.951190033056012130e-01 9.998366848448365651e-01 9.949602241519436285e-01 9.893078904219675396e-01 9.832301270717549446e-01 9.767633427011955805e-01 9.699574871649927488e-01 9.628766902135349470e-01 9.555995683043930766e-01 9.482191563054630512e-01 9.408424288916086287e-01 9.335893830030634888e-01 9.265916567592763498e-01 9.199906616060140596e-01 9.139352044516788620e-01 9.085785779687141073e-01 9.040751046874969665e-01 9.005761402925825942e-01 8.982255813767447972e-01 8.971549911514365983e-01 8.974785601223315146e-01 8.992882585131480866e-01 9.026497005766568327e-01 9.075993905789084826e-01 9.141440844398394105e-01 9.222628755932547051e-01 9.319121921726238877e-01 9.430331348090472687e-01 9.555596027785893121e-01 9.694247565077590556e-01 9.845629585987791810e-01 9.990960917473425962e-01 9.819677367048665895e-01 9.644933178648071870e-01 9.469114531164410931e-01 9.295152282692171752e-01 9.126623190644532757e-01 8.967781488541437529e-01 8.823513261496929161e-01 8.699215907941008075e-01 8.600611667136056626e-01 8.533507488992840839e-01 8.503513821522398208e-01 8.515733080525598186e-01 8.574425954593305477e-01 8.682661839554713934e-01 8.841960001436174332e-01 9.051931236395045488e-01 9.309935268657466567e-01 9.610774940979165404e-01 9.946451841928628523e-01 9.703077771058038481e-01 9.367259541251695687e-01 9.059612360889990335e-01 8.791904740388404305e-01 8.574594867082673266e-01 8.417121878046398553e-01 8.328168896754795103e-01 8.315762385312017724e-01 8.387134538857872190e-01 8.548338260356881380e-01 8.803633981298952804e-01 9.154668882325290857e-01 9.599503146303401957e-01 9.870042003602254033e-01 9.311266532607722635e-01 8.766073135937342276e-01 8.252522334343057597e-01 7.779967395926621343e-01 7.349254870041584953e-01 6.955086204781403270e-01 6.601264188207053296e-01 6.513655003329960058e-01 6.474237726619765931e-01 6.447140475760507750e-01 6.425496859892004808e-01 6.397208501413764736e-01 6.344704463335021360e-01 6.246538576645850327e-01 6.081712942455832493e-01 5.836064240487215393e-01 5.507249942176563051e-01 5.105073354995063317e-01 4.648120081709359863e-01 4.160481946183312574e-01 3.670777032593002254e-01 3.213001388116834556e-01 2.827849531024562157e-01 2.564120446616074411e-01 2.481949710144602250e-01 2.662110031317634906e-01 3.228318703847992133e-01 4.394554625760300204e-01 6.562153150075451524e-01 9.510169081902015709e-01
9.672226222256761208e-01 9.689421858564860601e-01 9.710939970432757029e-01 9.737290105019661413e-01 9.768992588535851951e-01 9.806569174364684338e-01 9.850531410739525873e-01 9.901366462747137609e-01 9.959520126347770619e-01 9.974687445407901532e-01 9.901738966815483156e-01 9.821941490697982946e-01 9.735605660529437211e-01 9.643226965633927561e-01 9.545498854489812279e-01 9.443321321544364544e-01 9.337804212947773408e-01 9.230264721765332192e-01 9.122218822001973981e-01 9.015366703577440965e-01 8.911572594063449371e-01 8.812839663978470073e-01 8.721280990082983520e-01 8.639087780079147683e-01 8.568496233063713774e-01 8.511754517761754846e-01 8.471091388526458266e-01 8.448687910841866655e-01 8.446653595573304640e-01 8.467007873603973334e-01 8.511667170822636574e-01 8.582436730439576555e-01 8.681004643263203757e-01 8.808933220705493783e-01 8.967639955746844471e-01 9.158357145181905690e-01 9.382056295972580617e-01 9.639321396287360288e-01 9.930154812739914183e-01 9.752575277922697072e-01 9.426948112522518519e-01 9.100038786323266793e-01 8.778853907654049493e-01 8.470699700732906567e-01 8.183041165981919107e-01 7.923348669488748941e-01 7.698938306328682035e-01 7.516811052319327668e-01 7.383492300548932796e-01 7.304869257286558115e-01 7.286020829572125157e-01 7.331035094590891976e-01 7.442814372626570529e-01 7.622876540696146286e-01 7.871169923136741575e-01 8.185921830742831640e-01 8.563531459133278956e-01 8.998494118410597098e-01 9.483310477963252660e-01 9.991703515589792639e-01 9.468575876749487641e-01 8.987344778795547384e-01 8.557712292269774590e-01 8.188282089303421385e-01 7.887497065745580072e-01 7.664073137826453719e-01 7.526574303740440897e-01 7.482187270862434847e-01 7.535554537191828661e-01 7.688640931255599220e-01 7.941452262170157761e-01 8.292425590727823259e-01 8.737301056325169624e-01 9.264640438557415481e-01 9.841240854058542764e-01 9.643636296293373045e-01 9.353511890888780433e-01 9.228665582866087957e-01 9.136155792493008132e-01 9.012967100274833498e-01 8.826712445994688849e-01 8.549858528319017603e-01 8.155685094364185650e-01 7.624522936412746477e-01 6.952889627196073841e-01 6.156928273120337858e-01 5.266825372758237034e-01 4.317344889452205958e-01 3.340733602169060901e-01 2.363746246107151783e-01 1.407340687499772092e-01 4.869686686799513248e-02 -3.881669484430385481e-02 -1.217676242582241414e-01 -2.014232167663352058e-01 -2.809679765017677466e-01 -3.667528708164832230e-01 4.723280735526809715e-01 6.365698553556894401e-01 9.297833300663563838e-01
9.642824540334560268e-01 9.647477264990008683e-01 9.655593997080590407e-01 9.667746646685770884e-01 9.684551010030946205e-01 9.706662778636061528e-01 9.734771468675953443e-01 9.769591853879820986e-01 9.811852431891879833e-01 9.862280402660565937e-01 9.921582594578579606e-01 9.990421749399602813e-01 9.931090562200397542e-01 9.843525254685101533e-01 9.747083883767170276e-01 9.642201735478675984e-01 9.529581395997291926e-01 9.410210456279755054e-01 9.285370962398289407e-01 9.156639534309548578e-01 9.025877756561849763e-01 8.895213247830603409e-01 8.767012648746969061e-01 8.643848518328868247e-01 8.528462687579436707e-01 8.423728892065699414e-01 8.332617434362770137e-01 8.258164193977082235e-01 8.203445528717068225e-01 8.171559550957004925e-01 8.165612985565524617e-01 8.188711394364118767e-01 8.243949038776856586e-01 8.334393070067431797e-01 8.463055067447802227e-01 8.632841135265728605e-01 8.846469761758071204e-01 9.106344434526179032e-01 9.414365784548383020e-01 9.771666339857961736e-01 9.824870726814222133e-01 9.405099419222883173e-01 8.984127807470965177e-01 8.571711276478792829e-01 8.177281532149801579e-01 7.809710093247400620e-01 7.477147351282562582e-01 7.186932801077630106e-01 6.945563880224626674e-01 6.758704830875584824e-01 6.631213253126794216e-01 6.567161004361046217e-01 6.569828778937039093e-01 6.641661328379176998e-01 6.784183615525467559e-01 6.997896333577870998e-01 7.282188500105645224e-01 7.635318469296055177e-01 8.054513464804864409e-01 8.536211614200531761e-01 9.076412094307305667e-01 9.671011314466849695e-01 9.693763668480140927e-01 9.085431636801047928e-01 8.519913541661290335e-01 8.001137958551005624e-01 7.533579384586808203e-01 7.123509848501790032e-01 6.780781268399052042e-01 6.522371395434400920e-01 6.376889221900177152e-01 6.374588456065536368e-01 6.515310883127912733e-01 6.770282344241976835e-01 7.099677981676029148e-01 7.441549793725965589e-01 7.711880219501551226e-01 7.872432733413273764e-01 7.976779860678373524e-01 8.107061351571128727e-01 8.330943243537521914e-01 8.704881675951845477e-01 9.286011712596956569e-01 9.856108083539043552e-01 8.778165909815317525e-01 7.573367751267412462e-01 6.282000100618669869e-01 4.940755125147568982e-01 3.578123909849363349e-01 2.209538421738623248e-01 8.310442241048134060e-02 -5.902982078778257202e-02 -2.133493053720116883e-01 -3.960707071138410695e-01 -6.417394200539247029e-01 -9.636894066356714861e-01 -5.272624501096999650e-01 1.680223169806083772e-01 1.536281571487831121e-01 4.627252935263191924e-01
9.717530598895851579e-01 9.707650006698235190e-01 9.699341215860333154e-01 9.693081107857420831e-01 9.689411033904151704e-01 9.688938349087522495e-01 9.692336321100188945e-01 9.700341948349724408e-01 9.713751163135350142e-01 9.733410843140519741e-01 9.760207014964159544e-01 9.795048614195520642e-01 9.838846175443478614e-01 9.892484870055181512e-01 9.956791394868275136e-01 9.967610900019059361e-01 9.881249229086954688e-01 9.784516771246747346e-01 9.677940334764583152e-01 9.562395043421351160e-01 9.439119703529316174e-01 9.309719058592414997e-01 9.176152873868650417e-01 9.040713114350449331e-01 8.905991670310169361e-01 8.774841940532349671e-01 8.650337943363565207e-01 8.535734404815717991e-01 8.434430485413770828e-01 8.349938573303300471e-01 8.285858099090086526e-01 8.245852865198999293e-01 8.233629126765114048e-01 8.252910650715915564e-01 8.307406020426749693e-01 8.400762165533733894e-01 8.536496136695714831e-01 8.717894533432060111e-01 8.947867352883067671e-01 9.228741556372874744e-01 9.561980833060245155e-01 9.947823289711075212e-01 9.629422087010681697e-01 9.200116875071600031e-01 8.775556758026865634e-01 8.366138669957144947e-01 7.981230023491594494e-01 7.628917143734624817e-01 7.315908970991776838e-01 7.047575932569897228e-01 6.828087885475924157e-01 6.660606800042171427e-01 6.547488793679343555e-01 6.490454863216139625e-01 6.490699334294756095e-01 6.548920320134857809e-01 6.665279852141203776e-01 6.839335258788780125e-01 7.070023588987562890e-01 7.355804411522122166e-01 7.695025824941645887e-01 8.086433956000891321e-01 8.529544059806708489e-01 9.024498084559114952e-01 9.571191531966041222e-01 9.834990023929788272e-01 9.251620221964271806e-01 8.707626041312621634e-01 8.212167254927785764e-01 7.773174495007464380e-01 7.396785512544351571e-01 7.087033302822878245e-01 6.845947800659725191e-01 6.674983274012098455e-01 6.582953723848081751e-01 6.613058265848048567e-01 6.795823159619625020e-01 7.013536381551277454e-01 7.176218452620569677e-01 7.295353536283603058e-01 7.419444653222595498e-01 7.592713307629217478e-01 7.850394975000931641e-01 8.225065743053733280e-01 8.754139944613402724e-01 9.488809519319311159e-01 9.516128424492714677e-01 8.367648794458173445e-01 7.098185114800826812e-01 5.691557821109370918e-01 4.083365142466977571e-01 2.095165411938593181e-01 -7.708385226669325907e-02 -6.260922172544096664e-01 -3.764979487031222538e-01 1.331036855484921122e-01 4.308261722985415876e-01 6.337010954952219111e-01 7.850781177062392535e-01 9.064806096921360634e-01
9.888593606516166146e-01 9.866529283621435775e-01 9.843598043435869416e-01 9.820053530776461370e-01 9.796220778234341342e-01 9.772502988587244976e-01 9.749387252082678534e-01 9.727448713499710076e-01 9.707352666080862891e-01 9.689854035128336873e-01 9.675793729736206217e-01 9.666091390575594078e-01 9.661734143758223814e-01 9.663761077301779023e-01 9.673243270710001340e-01 9.691259304681936193e-01 9.718866227356759424e-01 9.757065928341672745e-01 9.806766756111854333e-01 9.868740013670666000e-01 9.943570716714719149e-01 9.968497784679859475e-01 9.868871711377136258e-01 9.758918126087799960e-01 9.640128663374520901e-01 9.514446184658885697e-01 9.384257717249926412e-01 9.252373006196097371e-01 9.121987412493147707e-01 8.996627439024452721e-01 8.880077130398046359e-01 8.776284759312786843e-01 8.689252326507850288e-01 8.622915457445003984e-01 8.581026689586737088e-01 8.567057674191934646e-01 8.584132180653917255e-01 8.634991438427306321e-01 8.721980020920185872e-01 8.847030391077408407e-01 9.011622074406663296e-01 9.216697736163732557e-01 9.462530321081605855e-01 9.748549002434951927e-01 9.927387317728377791e-01 9.584532601531543516e-01 9.237592459055804506e-01 8.894406127824167063e-01 8.562100034827097028e-01 8.246880134807934581e-01 7.953967979646207054e-01 7.687675426868990636e-01 7.451590561876064722e-01 7.248829567907668636e-01 7.082295157693965226e-01 6.954869081262067265e-01 6.869454940705326251e-01 6.828792841967368243e-01 6.835024507333423704e-01 6.889123963057864897e-01 6.990467084436530198e-01 7.136825091804840371e-01 7.324829651300299727e-01 7.550635312164720725e-01 7.810386720872869448e-01 8.100260695816487999e-01 8.416120236881020622e-01 8.752986677189051878e-01 9.104544316548226490e-01 9.462799915335534662e-01 9.817915868244573296e-01 9.844292483130965277e-01 9.551119022196817854e-01 9.312774285404413765e-01 9.136442844147657505e-01 9.028867173826974346e-01 8.989532554744816828e-01 8.990201568530259424e-01 8.960523768596093674e-01 8.835448439200058734e-01 8.607041885589299390e-01 8.297208413229115731e-01 7.922554138602826423e-01 7.487411822424363539e-01 6.986574368618528874e-01 6.407817680945716576e-01 5.732314981602740778e-01 4.931867983779862907e-01 3.960714849279730609e-01 2.737106428900943911e-01 1.102524852046013332e-01 -1.279395393214762255e-01 -5.233423493178391839e-01 -7.455349393262479252e-01 -2.395281048303257998e-01 4.849055752516037016e-02 2.389061663751565201e-01 3.784010575389589737e-01 4.887919980824912414e-01 5.813415666565351358e-01
9.882165835439791213e-01 9.909267956103345876e-01 9.939669159522492858e-01 9.973475039182096991e-01 9.989276660923941398e-01 9.948835784800215132e-01 9.905456942861327052e-01 9.859424224476940335e-01 9.811131747709168627e-01 9.761091836737425531e-01 9.709940801164111956e-01 9.658441808721880406e-01 9.607484445691546471e-01 9.558080691870464163e-01 9.511357178170065652e-01 9.468543714949437806e-01 9.430958142663187216e-01 9.399987528948967608e-01 9.377065593169370272e-01 9.363645974833447738e-01 9.361170597418910777e-01 9.371031967419536368e-01 9.394527878921546948e-01 9.432806794193279165e-01 9.486802312663950021e-01 9.557155849172402906e-01 9.644128196175889567e-01 9.747503341746261984e-01 9.866491952239081487e-01 9.999647127746502662e-01 9.857256673583678630e-01 9.709577651009114740e-01 9.561121449495518787e-01 9.415722405516490090e-01 9.277021131954361621e-01 9.148287979261028324e-01 9.032330778942991856e-01 8.931505660407025315e-01 8.847821535616037236e-01 8.783104208956538095e-01 8.739174943065310952e-01 8.718002335593934005e-01 8.721799856698987385e-01 8.753056926955978811e-01 8.814504118245487518e-01 8.909021246147239559e-01 9.039500656874880358e-01 9.208676804622203393e-01 9.418926890383301220e-01 9.672035979094074643e-01 9.968905458534567110e-01 9.700101238808572779e-01 9.353931886709128118e-01 9.001792999148560126e-01 8.653482422171729915e-01 8.319103714608155897e-01 8.008509339114632253e-01 7.730446929713663540e-01 7.491372061373094970e-01 7.294190911123800136e-01 7.137581214164843146e-01 7.016519156835779869e-01 6.923958905372098460e-01 6.852891979837423264e-01 6.797966392001050240e-01 6.756289048568001609e-01 6.727425373950224330e-01 6.712785454551865039e-01 6.714647354639893262e-01 6.735077186486717604e-01 6.774959510109781480e-01 6.833264806800841695e-01 6.906605931964696632e-01 6.989145910259701999e-01 7.073122063990499031e-01 7.150859170425011291e-01 7.220487065415038819e-01 7.299136264285623898e-01 7.442293812885627524e-01 7.740485218755943642e-01 8.268786209978518098e-01 9.076206368936635682e-01 9.761558506109659916e-01 8.370794716935631152e-01 6.877122784984099901e-01 5.305636580482960829e-01 3.674811233994868531e-01 1.992894856677817350e-01 2.538776674085469615e-02 -1.566135786599003876e-01 -3.513205884783888733e-01 -5.663776863358088720e-01 -8.144914368931825965e-01 -8.938131801611584049e-01 -6.544964136554494161e-01 -4.624131794772274318e-01 -2.935148823169200782e-01 1.356536713433111052e-01 1.633727183330933863e-02 1.643588317777498198e-01
9.661256122253452094e-01 9.683789248268814820e-01 9.710855711095923715e-01 9.742869881399038867e-01 9.780229915474975000e-01 9.823304789915839885e-01 9.872419022906151476e-01 9.927834970070922305e-01 9.989732643284017222e-01 9.942149527842168988e-01 9.868605958248062304e-01 9.790109657137356924e-01 9.707295393053374521e-01 9.620977953748430789e-01 9.532155639328749874e-01 9.442009165795258729e-01 9.351895801703286049e-01 9.263338746641430754e-01 9.178011903633561674e-01 9.097720272765952298e-01 9.024376185951034079e-01 8.959971515745435156e-01 8.906545849438701756e-01 8.866150472623059997e-01 8.840807928059973841e-01 8.832467001268450302e-01 8.842953341666840439e-01 8.873916656066098696e-01 8.926776555109258160e-01 9.002670605764073741e-01 9.102409612374470216e-01 9.226445930611181234e-01 9.374859675320439401e-01 9.547363894174332177e-01 9.743322600684815038e-01 9.961765928077654930e-01 9.802597697960290235e-01 9.559840837974387107e-01 9.313926989055942851e-01 9.068795526602910773e-01 8.828601795239203742e-01 8.597812648582525696e-01 8.381274068366149077e-01 8.184232521127954296e-01 8.012305567138601203e-01 7.871408477045064300e-01 7.767649496267047260e-01 7.707206094650492778e-01 7.696188569249075018e-01 7.740487174184103036e-01 7.845586841483691565e-01 8.016322926027429352e-01 8.256546992771764959e-01 8.568679724287615596e-01 8.953156804927800971e-01 9.407834178888673238e-01 9.927522559052983642e-01 9.520219557514625341e-01 8.987454526144182942e-01 8.485631217445883667e-01 8.019630128521254564e-01 7.589009841217667640e-01 7.189916110212383193e-01 6.817479650264562929e-01 6.467808734836285600e-01 6.139066692776121714e-01 5.831648678309683254e-01 5.547741741228385814e-01 5.290565131743726335e-01 5.063512697586420863e-01 4.869357995132272965e-01 4.709643663398022095e-01 4.584343029667745095e-01 4.491865394101424713e-01 4.429527854640425422e-01 4.394831781121871228e-01 4.388496170061040869e-01 4.421830500114236062e-01 4.532863381184266682e-01 4.797527435984682564e-01 5.285698344230381762e-01 6.041647450826641563e-01 7.150443028954293068e-01 8.801133349817965579e-01 8.768843419714367204e-01 6.258186736390235483e-01 3.858936587015650566e-01 1.580207806446458918e-01 -5.832067306296000869e-02 -2.643570296099293504e-01 -4.610311970722928421e-01 -6.477224156879437533e-01 -8.212281970811683429e-01 -9.778475551836753876e-01 -8.906702155131787091e-01 -7.808767030222462102e-01 -6.675709299601934044e-01 5.388072267465013887e-01 3.930259996099471631e-01 2.343616485498450641e-01
9.507590782184303091e-01 9.518089654872446959e-01 9.533023413892184328e-01 9.552977604496794006e-01 9.578560517795090545e-01 9.610394931779887573e-01 9.649107542563299944e-01 9.695315768953621793e-01 9.749611594018274818e-01 9.812542094829168615e-01 9.884586312480930781e-01 9.966128137931139497e-01 9.942902931654915566e-01 9.843903415810002500e-01 9.737608958056622743e-01 9.624880043958968789e-01 9.506824999224207096e-01 9.384801373998180596e-01 9.260410577285952405e-01 9.135485929790544413e-01 9.012074728554090308e-01 8.892415295326937530e-01 8.778910268760331537e-01 8.674097564364736668e-01 8.580620446862330386e-01 8.501198035608698023e-01 8.438597309725708318e-01 8.395607320741719226e-01 8.375015883809396877e-01 8.379588520457235123e-01 8.412048858426023346e-01 8.475059011684729082e-01 8.571197573934264957e-01 8.702931626380577823e-01 8.872577431602428621e-01 9.082242143224524833e-01 9.333735914254217558e-01 9.628440481099111992e-01 9.967117235409330700e-01 9.662175531250362104e-01 9.281080892492267198e-01 8.897664221514030025e-01 8.520002870776046677e-01 8.156122212118169790e-01 7.813862053309987843e-01 7.500784425757989204e-01 7.224123263758879254e-01 6.990774031611706185e-01 6.807317699702797320e-01 6.680068423299563296e-01 6.615128272627518458e-01 6.618426565280406404e-01 6.695717745204288196e-01 6.852513065614023180e-01 7.093930607945777567e-01 7.424467897777502490e-01 7.847732250321195480e-01 8.366202942288687439e-01 8.981136227835923025e-01 9.692737627992014104e-01 9.523189399210421069e-01 8.768119753798002680e-01 8.060126251239463357e-01 7.402372218959482053e-01 6.794714034606292863e-01 6.235339281236070841e-01 5.721915668944161926e-01 5.252219478899352589e-01 4.824369246040214887e-01 4.436837219008962219e-01 4.088379880459815929e-01 3.777967929352768484e-01 3.504738377947078098e-01 3.267956403349942529e-01 3.066985925211537789e-01 2.901395676449672889e-01 2.772096164697265830e-01 2.694151330276258194e-01 2.776733655404035606e-01 3.017555821744705713e-01 3.385102243747948880e-01 3.920584338022027882e-01 4.705295557989918054e-01 5.891598409313284490e-01 7.795404953477748089e-01 8.933609486514151321e-01 5.361215877974317978e-01 2.141294603231707616e-01 -7.263886092301197195e-02 -3.258576830817543901e-01 -5.471318477753196463e-01 -7.359611069320703969e-01 -8.880631292587015668e-01 -9.981484799809200448e-01 -9.326675874856026338e-01 -8.812851033152880875e-01 -8.213120142155375669e-01 7.386008185579068241e-01 6.293013223080422547e-01 4.967854360827074212e-01
9.458228138835295118e-01 9.452761765939975414e-01 9.450468025164094898e-01 9.451945336054080604e-01 9.457842256851282103e-01 9.468854454985070612e-01 9.485719860778391022e-01 9.509211666221026871e-01 9.540128783777491739e-01 9.579283327601031406e-01 9.627484623140200037e-01 9.685519195080803945e-01 9.754126135014806742e-01 9.833967220346175875e-01 9.925591160999669427e-01 9.970694719561057351e-01 9.856531146621378969e-01 9.733291063248756814e-01 9.602110174056328606e-01 9.464451823798772923e-01 9.322103942511557051e-01 9.177165871780806894e-01 9.032025915734923638e-01 8.889331287675958926e-01 8.751952822509111440e-01 8.622947294577821831e-01 8.505520340651737676e-01 8.402992792690296975e-01 8.318772666553692074e-01 8.256334157212428249e-01 8.219203808005169920e-01 8.210952609800920010e-01 8.235191197955806786e-01 8.295563584628857789e-01 8.395733000483956987e-01 8.539351409437830887e-01 8.730002079820458061e-01 8.971102242526514114e-01 9.265750415603460910e-01 9.616500673178760561e-01 9.975018005543797583e-01 9.531269663410247839e-01 9.078311974872429468e-01 8.627004936051736461e-01 8.187862111048463953e-01 7.770712443792056057e-01 7.384487349443710213e-01 7.037135866408135154e-01 6.735655649360952069e-01 6.486217299081649124e-01 6.294353823797401715e-01 6.165184789995356018e-01 6.103644656472771990e-01 6.114686125144437323e-01 6.203432182742283363e-01 6.375255691424764892e-01 6.635773993274207694e-01 6.990758682235557187e-01 7.445977096561938735e-01 8.007000268901679485e-01 8.679028227828032849e-01 9.466792276509996551e-01 9.638935606980586490e-01 8.766943880424045155e-01 7.957558216465794310e-01 7.215027468199241012e-01 6.539215891532340619e-01 5.927108410139514394e-01 5.373995112140376174e-01 4.874316288284707421e-01 4.422283364876836154e-01 4.012493288738501751e-01 3.640786354544652825e-01 3.305543877093346516e-01 3.009544120192068073e-01 2.762065217499414249e-01 2.577521020289269549e-01 2.464456777063449566e-01 2.421013089970595056e-01 2.448144160948948767e-01 2.558196024060804263e-01 2.778601908457713487e-01 3.160724351530870280e-01 3.802738881256790826e-01 4.910578023126246916e-01 6.992573008476544727e-01 8.529440019315741583e-01 3.356441948498239403e-01 -1.057521623031336400e-01 -4.681283339973938418e-01 -7.570851809349422590e-01 -9.824171428436533349e-01 -8.660108930363787927e-01 -7.788073947335046876e-01 -7.238406133413811672e-01 -6.827995345892720058e-01 -6.410700756208967954e-01 5.873280355381346185e-01 5.155811881285532472e-01 4.253818825295795913e-01
9.520472616189381565e-01 9.499198247762922209e-01 9.479080299722482117e-01 9.460595846804779052e-01 9.444285613644127775e-01 9.430755266512064194e-01 9.420675356842173054e-01 9.414779607641622361e-01 9.413861200760945680e-01 9.418766686740127625e-01 9.430387099192925060e-01 9.449645812726862326e-01 9.477482638718648378e-01 9.514833610260600150e-01 9.562605872337074375e-01 9.621647075464738741e-01 9.692708684813120534e-01 9.776402681674589701e-01 9.873151275240446001e-01 9.983129490700263231e-01 9.894915120775024109e-01 9.763863641275776217e-01 9.625478575118564528e-01 9.481879045984081822e-01 9.335543744298241409e-01 9.189273983517649569e-01 9.046148713043064005e-01 8.909475588588959827e-01 8.782742440475342915e-01 8.669573129835771441e-01 8.573690854773007297e-01 8.498890542393811032e-01 8.449020155430982948e-01 8.427968673019931023e-01 8.439656267364050724e-01 8.488019850718114823e-01 8.576984756578190927e-01 8.710410929446247286e-01 8.891999823021116134e-01 9.125146626621332135e-01 9.412722077376848295e-01 9.756769857068317009e-01 9.844350462779162259e-01 9.419874902401311756e-01 8.987291112568984719e-01 8.558008323781592930e-01 8.142843100131335055e-01 7.751582059192719809e-01 7.392722228170947041e-01 7.073395544158574966e-01 6.799457541358425727e-01 6.575702297391038398e-01 6.406157275297487130e-01 6.294411219832662940e-01 6.243932950594301978e-01 6.258346004020874931e-01 6.341631581525710715e-01 6.498238866937008362e-01 6.733086793041992424e-01 7.051444902397319137e-01 7.458684591564013200e-01 7.959898994157740271e-01 8.559404658495264329e-01 9.260165978498574590e-01 9.937170251980476099e-01 9.118022286357361228e-01 8.355172057581318201e-01 7.656049278613034081e-01 7.022683167593437581e-01 6.452802279790479378e-01 5.941050325077410488e-01 5.480281789699493755e-01 5.062951230657337653e-01 4.682476928162616070e-01 4.334145758101304868e-01 4.015053799076614416e-01 3.723280696896036912e-01 3.457370609177479182e-01 3.216792742554519524e-01 3.002916626017924084e-01 2.820007337616627918e-01 2.676650092861724839e-01 2.588866540499386026e-01 2.587501352784801201e-01 2.736897666615980551e-01 3.190027583572739300e-01 4.403185048966119508e-01 8.564329474782838014e-01 5.952816509938648609e-02 -8.364497379659243670e-01 -6.923842138885959452e-01 -5.527164805033673023e-01 -4.954081311492263273e-01 -4.647393406205408972e-01 -4.407007572931020967e-01 -4.135994179679738370e-01 -3.781435105661368201e-01 3.316622323880135115e-01 2.734055223670164847e-01 2.040509318845511733e-01
9.670932248700344624e-01 9.637526353745963226e-01 9.602997744896800691e-01 9.567610356710356534e-01 9.531693437667533297e-01 9.495646477093167004e-01 9.459943213762077585e-01 9.425134432840441834e-01 9.391849248439426701e-01 9.360794567190042770e-01 9.332752432628328432e-01 9.308574958294372204e-01 9.289176565706070976e-01 9.275523247482874156e-01 9.268618571649860360e-01 9.269486127433305134e-01 9.279148084947030917e-01 9.298599504151658923e-01 9.328777990587530100e-01 9.370528271230648132e-01 9.424561275111184022e-01 9.491407379319047877e-01 9.571363658361893290e-01 9.664435296858502333e-01 9.770271840429431975e-01 9.888099716659792815e-01 9.983374187811563383e-01 9.848229192190622872e-01 9.710596227142230807e-01 9.573672683717902032e-01 9.440923793969223654e-01 9.316012116885969974e-01 9.202725822994972660e-01 9.104909605569692088e-01 9.026401008788654812e-01 8.970973443240733980e-01 8.942285179101565618e-01 8.943831228792079591e-01 8.978892442547277142e-01 9.050473742673358357e-01 9.161221847753222569e-01 9.313312858968615382e-01 9.508302407812245782e-01 9.746936079598281788e-01 9.971158115872837957e-01 9.659313247903860145e-01 9.332553916109048719e-01 8.999655058753035508e-01 8.669218966414524719e-01 8.349268831192764306e-01 8.046975881077865766e-01 7.768540841934556962e-01 7.519223269026532597e-01 7.303490073490006562e-01 7.125241036512576231e-01 6.988064858131171064e-01 6.895482438060943631e-01 6.851141193168766019e-01 6.858931088443176449e-01 6.922995645405163323e-01 7.047607390461800847e-01 7.236870146753958677e-01 7.494212298495485092e-01 7.821666382170414655e-01 8.219009539740596004e-01 8.682959701399131092e-01 9.206733136966810394e-01 9.780288956892874142e-01 9.623294381628784144e-01 9.067975010277394832e-01 8.562351431359360721e-01 8.104531387733082681e-01 7.688751282006447418e-01 7.306986987880703666e-01 6.950043011621446221e-01 6.608056008335264631e-01 6.270818467139102070e-01 5.928320888409791545e-01 5.571325075872438637e-01 5.191373030134258659e-01 4.779854069628202695e-01 4.326147606003173385e-01 3.814937742653622399e-01 3.222489524465162458e-01 2.510956976094709803e-01 1.618090418701112754e-01 4.346091529112772883e-02 -1.257422388249009315e-01 -4.002628341910004495e-01 -9.836288762402302099e-01 -2.460322447477698293e-01 3.343136843869066177e-01 9.329520029938735970e-01 5.810713048054376717e-01 3.432491169798552177e-01 2.105547783597685740e-01 1.401863215503912907e-01 1.124332961598674685e-01 1.147194269230777663e-01 1.375768499438738413e-01
9.864191419520751403e-01 9.824665267364750543e-01 9.781972112904664396e-01 9.736121431642050794e-01 9.687180558254869789e-01 9.635283174465364420e-01 9.580637489143054575e-01 9.523533802083941069e-01 9.464351129203644186e-01 9.403562568660422949e-01 9.341739104949957628e-01 9.279551579233281666e-01 9.217770594536172091e-01 9.157264167153189582e-01 9.098992972180289796e-01 9.044003052782075835e-01 8.993415861978661940e-01 8.948415477752104108e-01 8.910232777074056365e-01 8.880126277813429336e-01 8.859359271750207876e-01 8.849172796074132874e-01 8.850753950020586736e-01 8.865199088319090093e-01 8.893471548699960483e-01 8.936353833769209443e-01 8.994394603363092822e-01 9.067851468393057779e-01 9.156631416148447444e-01 9.260231704672073905e-01 9.377685140818132759e-01 9.507514619094293851e-01 9.647702376071699559e-01 9.795679291585887016e-01 9.948338482737820732e-01 9.898956062864824323e-01 9.753382358042067546e-01 9.618813101670832255e-01 9.498680851738863229e-01 9.396222825758983044e-01 9.314484258952532292e-01 9.256338317854837516e-01 9.224508730191975925e-01 9.221580336072199291e-01 9.249984609954954307e-01 9.311951395713966573e-01 9.409423628369708581e-01 9.543937306656101738e-01 9.716472947821325201e-01 9.927285975470718782e-01 9.827313012510874302e-01 9.560216483445056479e-01 9.278959802454813666e-01 8.991007095503875668e-01 8.703992892317394814e-01 8.425491650911381969e-01 8.162851978882909032e-01 7.923079395528646041e-01 7.712737254222462591e-01 7.537827608761681342e-01 7.403612548481349753e-01 7.314346370771874772e-01 7.272918763397870912e-01 7.280461905806380196e-01 7.336030962511703724e-01 7.436488064839895662e-01 7.576680428434158232e-01 7.749927969323083810e-01 7.948768812196351785e-01 8.165861305760465649e-01 8.394891177799087556e-01 8.631303893538071481e-01 8.872754311896434709e-01 9.119385202750769359e-01 9.374294415957232784e-01 9.644560881022113952e-01 9.942866963128393909e-01 9.718681774548323382e-01 9.333090827065066986e-01 8.879053741163281943e-01 8.333190384172987075e-01 7.670638698502262320e-01 6.865315142463573883e-01 5.891339744481819407e-01 4.726978387850894747e-01 3.361845534075290076e-01 1.806287027997652561e-01 9.890785550207351062e-03 -1.694195354871922965e-01 -3.493717393330421639e-01 -5.234241349866620707e-01 -6.897560498403397800e-01 -8.548184093433974784e-01 -9.629132917946249259e-01 -7.765149157248366629e-01 -5.783374510726061457e-01 -3.469964911167559563e-01 7.161640816053621572e-02 2.458517695185806762e-01 5.908789284569649913e-01
9.951469092015841067e-01 9.990007952693620297e-01 9.966700135734883892e-01 9.918629274389749728e-01 9.865599042402576346e-01 9.807472685815272762e-01 9.744179174547729083e-01 9.675725533299791570e-01 9.602209075156563634e-01 9.523829129679780570e-01 9.440897832564543180e-01 9.353849540864233036e-01 9.263248457680438586e-01 9.169794091894584165e-01 9.074324238113903318e-01 8.977815233355842528e-01 8.881379322425840828e-01 8.786259035386868588e-01 8.693818540805111628e-01 8.605531982401910529e-01 8.522968831971708958e-01 8.447776298661100469e-01 8.381658827627085362e-01 8.326354705862963890e-01 8.283609777585011491e-01 8.255148265002786312e-01 8.242640701484156285e-01 8.247669020010915952e-01 8.271688902031476553e-01 8.315989571352879750e-01 8.381651287834681607e-01 8.469500805087216699e-01 8.580064927252466500e-01 8.713521938283903534e-01 8.869650005030417228e-01 9.047770671354278260e-01 9.246684424281388370e-01 9.464594432791404444e-01 9.699014636399000411e-01 9.946660333427524980e-01 9.800727434208426070e-01 9.556803704580327796e-01 9.327033790034277017e-01 9.116584231192533805e-01 8.930590353567039452e-01 8.774127840043063342e-01 8.652166829542539128e-01 8.569504593825256755e-01 8.530675528158042642e-01 8.539838062399298657e-01 8.600636894413243860e-01 8.716036163177746099e-01 8.888116090502263811e-01 9.117824275908649190e-01 9.404675978528699298e-01 9.746408528499662660e-01 9.863278883389577922e-01 9.456778759713533322e-01 9.054439470113309074e-01 8.668397263916244322e-01 8.308547594132127401e-01 7.982172090892687422e-01 7.693831845454880414e-01 7.445537188392965522e-01 7.237177328475666860e-01 7.067133425592910800e-01 6.932940823916302620e-01 6.831861716297018550e-01 6.761289455728658471e-01 6.718986598685777745e-01 6.703209645294676555e-01 6.712784692846963663e-01 6.747203352894880490e-01 6.806840768992009627e-01 6.893438792155520689e-01 7.010980840563222349e-01 7.166983393656027879e-01 7.374124838728467468e-01 7.652169793105799700e-01 8.030433123230861225e-01 8.551602899358602405e-01 9.278679137037314506e-01 9.700717819974449263e-01 8.474890260465005598e-01 7.126012789439746253e-01 5.693016011201357252e-01 4.222967870164955340e-01 2.764658153161227983e-01 1.361989649756603360e-01 4.866991662799046749e-03 -1.155054093495855583e-01 -2.243870585573381482e-01 -3.228004429771575423e-01 -4.134039546060924164e-01 -5.007143259093984611e-01 -5.916752094731286826e-01 -6.971027047941383836e-01 8.355471186147467311e-01 9.571135600116650322e-01 7.018012178685542057e-01
9.819796401940429353e-01 9.850606449769024886e-01 9.886450021527078968e-01 9.927840091481592300e-01 9.975302811311052009e-01 9.970715870998773100e-01 9.910242421852374362e-01 9.843084147206839774e-01 9.769064206771703729e-01 9.688099609551613645e-01 9.600218144829704148e-01 9.505574799550727816e-01 9.404467009781780629e-01 9.297348070756366045e-01 9.184838047993073573e-01 9.067731595369326048e-01 8.947002195121993573e-01 8.823802485280070051e-01 8.699460523011570690e-01 8.575472034505019492e-01 8.453488906651522861e-01 8.335304364345278438e-01 8.222835430672700285e-01 8.118103367856375208e-01 8.023212829360980569e-01 7.940330406358325765e-01 7.871663116955543993e-01 7.819437159922850711e-01 7.785876934543701777e-01 7.773183914409861339e-01 7.783514455157466427e-01 7.818955012782100589e-01 7.881492547847590568e-01 7.972977091282904549e-01 8.095072559106695209e-01 8.249190961077993434e-01 8.436404237862246136e-01 8.657327258894079725e-01 8.911965336866380927e-01 9.199520483409375782e-01 9.518153309608479162e-01 9.864702973138570474e-01 9.770990435091601034e-01 9.415808125692750608e-01 9.079413330220976741e-01 8.769229962492796071e-01 8.492208039039450540e-01 8.254773838844368106e-01 8.062811103847549177e-01 7.921660914645174412e-01 7.836125374520227505e-01 7.810458306073774226e-01 7.848325248997429782e-01 7.952716055449842170e-01 8.125797624194591728e-01 8.368703218271108524e-01 8.681269283313217677e-01 9.061750125208478668e-01 9.506561838888548666e-01 9.989888007541692927e-01 9.465347885059949284e-01 8.959470964613861499e-01 8.482570455409016441e-01 8.041444243403448322e-01 7.639972685103261218e-01 7.279911673354929613e-01 6.961699111380226235e-01 6.685137993205151341e-01 6.449888245521048225e-01 6.255767306657079585e-01 6.102904444484076318e-01 5.991812642371195929e-01 5.923448717677555209e-01 5.899342348366271027e-01 5.921883717438347627e-01 5.994843649737003899e-01 6.124148945142904310e-01 6.318882084429312540e-01 6.592469407486966082e-01 6.964085750468012037e-01 7.460436865374303617e-01 8.118320706226781480e-01 8.988815968042007665e-01 9.857283293502495658e-01 8.550649755638602967e-01 7.240003640351062586e-01 5.955519524937382680e-01 4.720429018137113908e-01 3.550774000875188130e-01 2.456402797919461645e-01 1.442343740849227618e-01 5.098963145514796153e-02 -3.428671252476953729e-02 -1.121204325101209931e-01 -1.834270756092929722e-01 -2.495957480316466637e-01 -3.125741963448123717e-01 3.749103923536409866e-01 4.396829399524470605e-01 5.102889715169450779e-01
9.757952585558481440e-01 9.777901074742767484e-01 9.802163857044677853e-01 9.831275418457728899e-01 9.865801336735507965e-01 9.906334137981543941e-01 9.953487524426702926e-01 9.992117531891558935e-01 9.930320551855502664e-01 9.861010632948722376e-01 9.783944948406904096e-01 9.698986574186502230e-01 9.606125127839654221e-01 9.505496769050826300e-01 9.397402668785259650e-01 9.282325014308844269e-01 9.160939643192999027e-01 9.034124500963387483e-01 8.902963297712634949e-01 8.768743993465974995e-01 8.632952055232200328e-01 8.497258775747463799e-01 8.363505292227635390e-01 8.233683255418727809e-01 8.109913336421381569e-01 7.994422886082864776e-01 7.889524051145100358e-01 7.797593484194464963e-01 7.721054452114118893e-01 7.662361650367728316e-01 7.623988374510357602e-01 7.608414895703161651e-01 7.618115945036270098e-01 7.655544145205206430e-01 7.723105056609161911e-01 7.823118263050750087e-01 7.957757677378551886e-01 8.128963125722412641e-01 8.338314491130345285e-01 8.586859624612319664e-01 8.874888415521474672e-01 9.201648635274357613e-01 9.565005433980071636e-01 9.961056796035212546e-01 9.630448148105091866e-01 9.238364336338390492e-01 8.871750200761051586e-01 8.538701878238823539e-01 8.246409643444374549e-01 8.001143648751604109e-01 7.808302851258661637e-01 7.672503411322910694e-01 7.597680667973624180e-01 7.587179313102414557e-01 7.643809120220415032e-01 7.769848247283884790e-01 7.966982613953101922e-01 8.236177977353758006e-01 8.577490491023392893e-01 8.989830374937970436e-01 9.470699742210434424e-01 9.984098004386264824e-01 9.416711391247128971e-01 8.870807236336148982e-01 8.357096164182401532e-01 7.883222546994487212e-01 7.454292760880546487e-01 7.073481964491259433e-01 6.742628211738518340e-01 6.462775390575101753e-01 6.234654875344948222e-01 6.059087105269631568e-01 5.937260824057281061e-01 5.870855779054645618e-01 5.862034935231258403e-01 5.913408747787179953e-01 6.028107336724514154e-01 6.210065561701760828e-01 6.464567963596138389e-01 6.799066343540062229e-01 7.224291355890620769e-01 7.755732363875648128e-01 8.415687173117306630e-01 9.236330573996043292e-01 9.742234402515232983e-01 8.643093423129837305e-01 7.543203299027985143e-01 6.457102185663484706e-01 5.400195626343163857e-01 4.387349090129743501e-01 3.430402109597565641e-01 2.535817191701564277e-01 1.703873276008222304e-01 9.299549127324373277e-02 2.067083798421843685e-02 -4.746587498956558737e-02 -1.124162814320283227e-01 1.752738149722037897e-01 2.370287844312372327e-01 2.980770094513822688e-01
9.761145841108220811e-01 9.769427012730633741e-01 9.780737057742487917e-01 9.795531639244119404e-01 9.814303604476273257e-01 9.837581260147855167e-01 9.865925405199978959e-01 9.899924888822569935e-01 9.940190438858143018e-01 9.987346483045561607e-01 9.958155170722853278e-01 9.896256816674117163e-01 9.826688197444787276e-01 9.749267943281085813e-01 9.663941525503150221e-01 9.570802455039153500e-01 9.470111731154421397e-01 9.362314471907322577e-01 9.248052698633846269e-01 9.128173383272597530e-01 9.003731102987665436e-01 8.875984972557727781e-01 8.746389918895177695e-01 8.616582788283573269e-01 8.488364189634107770e-01 8.363677325076237512e-01 8.244585292249900776e-01 8.133248417883521819e-01 8.031903069337350543e-01 7.942843075132659525e-01 7.868404368087857925e-01 7.810952759609731677e-01 7.772873883864936939e-01 7.756563343644915509e-01 7.764413976573442122e-01 7.798795978096537684e-01 7.862024420299881244e-01 7.956307582389602340e-01 8.083668612221701633e-01 8.245832618425106286e-01 8.444071730291043965e-01 8.679002488765155121e-01 8.950333808794880275e-01 9.256570382272986119e-01 9.594686306601936110e-01 9.959796944285798093e-01 9.666624639781350448e-01 9.310507859343802872e-01 8.980585986972808854e-01 8.684490332024845660e-01 8.428806274689726319e-01 8.219068286726664008e-01 8.059835371541567151e-01 7.954818729908899044e-01 7.907030655996528656e-01 7.918924375672080629e-01 7.992497437857554177e-01 8.129335251235546567e-01 8.330575787448490921e-01 8.596781208014974140e-01 8.927707433532374726e-01 9.321968903777477777e-01 9.776603740423880362e-01 9.721426804329886817e-01 9.221596537644118907e-01 8.742525530184325211e-01 8.295496946001306160e-01 7.889460365315072998e-01 7.530982112605432155e-01 7.224172558981989400e-01 6.970706870751939288e-01 6.770291882932338856e-01 6.621820509025962975e-01 6.524842839273141681e-01 6.480530951931766648e-01 6.491537900069149769e-01 6.560683422123506636e-01 6.688906825924527677e-01 6.873184579674902484e-01 7.104736897616068525e-01 7.367657868720732806e-01 7.640297342844898365e-01 7.905716800873787697e-01 8.170981135104797843e-01 8.474639409485221764e-01 8.873219234146011436e-01 9.428982605449267584e-01 9.792837042350723831e-01 8.842136895476087055e-01 7.781906447112770797e-01 6.650773487487091629e-01 5.490372549565104565e-01 4.339419519887326437e-01 3.229644657049308698e-01 2.183540848473010110e-01 1.213099838277599124e-01 3.181124006024425160e-02 5.160814220091069354e-02 1.315821193845957693e-01 2.106726185860458844e-01
9.811410464955485633e-01 9.809035402096238920e-01 9.808187385565142469e-01 9.809189154367207175e-01 9.812399431581928511e-01 9.818213026986566394e-01 9.827060067361252926e-01 9.839404183864053355e-01 9.855739479571538064e-01 9.876586096994024455e-01 9.902484205235236869e-01 9.933986229610266561e-01 9.971647153174488798e-01 9.984012869474699903e-01 9.932848512730007018e-01 9.874682133202138390e-01 9.809359473280804265e-01 9.736849907306170948e-01 9.657264682970972958e-01 9.570872837591243298e-01 9.478113892525714679e-01 9.379606549866080778e-01 9.276152817128073824e-01 9.168737258404026091e-01 9.058521393586294046e-01 8.946833609613490390e-01 8.835155269884544804e-01 8.725103966730269889e-01 8.618415015212832486e-01 8.516922299805802510e-01 8.422539436169818039e-01 8.337241891087078249e-01 8.263050223641528191e-01 8.202013993323027385e-01 8.156195160733429317e-01 8.127649027643555346e-01 8.118399977904594556e-01 8.130408555654743408e-01 8.165525843401967299e-01 8.225430810307008400e-01 8.311546474502193860e-01 8.424931605238134003e-01 8.566146564332334234e-01 8.735095020454933801e-01 8.930847814465647794e-01 9.151461091657085989e-01 9.393807395032870433e-01 9.653444625951204117e-01 9.924551986098799627e-01 9.803957797424188714e-01 9.549899022204190180e-01 9.320236397355095015e-01 9.120524615732952256e-01 8.955436341840397052e-01 8.828789877792491136e-01 8.743626588981279202e-01 8.702310458470637888e-01 8.706621615397452940e-01 8.757817612730603996e-01 8.856639586922044893e-01 9.003244672853971675e-01 9.197051169005153737e-01 9.436489336370995629e-01 9.718658993310488325e-01 9.961244505394909465e-01 9.624316152466986241e-01 9.290739350867989188e-01 8.972266015426083596e-01 8.679908533861656617e-01 8.423310950186134738e-01 8.209673229849689946e-01 8.042226233476523767e-01 7.919213698434931503e-01 7.834896501856731810e-01 7.782431489198310404e-01 7.756547823559356569e-01 7.754824339039578796e-01 7.778173764250119193e-01 7.831026205455541289e-01 7.917752888328319916e-01 8.025354999845188964e-01 8.101889599001110831e-01 8.089091851420596724e-01 7.996448579198710549e-01 7.882432391996306853e-01 7.796728469205891354e-01 7.771781544855236312e-01 7.833983547199806496e-01 8.014892923105592093e-01 8.361788428391212502e-01 8.947819002047299186e-01 9.881937377936997891e-01 8.827047688728670849e-01 7.371511274314549444e-01 5.837492567526201270e-01 4.302192457053163888e-01 2.825886799066837929e-01 1.448638294609937427e-01 1.886586817007894490e-02 9.641732779503604800e-02
9.886330963101358504e-01 9.875430271714846775e-01 9.864624480867427714e-01 9.854090497423195760e-01 9.844037342408586966e-01 9.834707971802476578e-01 9.826380594648379541e-01 9.819369356863721920e-01 9.814024259828507679e-01 9.810730189007825786e-01 9.809904939332931839e-01 9.811996139989767052e-01 9.817477000080412353e-01 9.826840816202951912e-01 9.840594200852627038e-01 9.859249004301448016e-01 9.883312910493083914e-01 9.913278688869070487e-01 9.949612079933347619e-01 9.992738285630141659e-01 9.957157308409682051e-01 9.900229284047549205e-01 9.836523081117845013e-01 9.766217262350995743e-01 9.689639730701146147e-01 9.607275590507905472e-01 9.519771489180479662e-01 9.427936143853129503e-01 9.332736929235934120e-01 9.235292586287355832e-01 9.136862286021136814e-01 9.038831425650387663e-01 8.942694622937885640e-01 8.850036390475177761e-01 8.762509902624571190e-01 8.681814109996724982e-01 8.609669214414846783e-01 8.547790206177620087e-01 8.497857812656509635e-01 8.461485857597585980e-01 8.440183751041310245e-01 8.435312712502098798e-01 8.448034487542612769e-01 8.479251867626281802e-01 8.529541358005596763e-01 8.599079884926378314e-01 8.687569405652545429e-01 8.794165448377575522e-01 8.917417575089314763e-01 9.055231028017296513e-01 9.204858876773471810e-01 9.362932451158916258e-01 9.525534639397894576e-01 9.688316076134891874e-01 9.846649084332705915e-01 9.995809521067092751e-01 9.870524848102355531e-01 9.757606028187516545e-01 9.667725138550614661e-01 9.602618158796653036e-01 9.563496003664114786e-01 9.551056611293411436e-01 9.565464435551653821e-01 9.606284473149127034e-01 9.672362305679031991e-01 9.761646029705133287e-01 9.870950779563850697e-01 9.995676494056202621e-01 9.872137215839715818e-01 9.742514016333229110e-01 9.624512335012749276e-01 9.526872623634589088e-01 9.456139466189797949e-01 9.414434471899615353e-01 9.398546997108835344e-01 9.401578635326113265e-01 9.415900582806112640e-01 9.435086934525153124e-01 9.453855496865308794e-01 9.466006151421808568e-01 9.459235895981538134e-01 9.403504372983840787e-01 9.245093840208675751e-01 8.966368771218503619e-01 8.619153786065311129e-01 8.249327507384375258e-01 7.878703631522008255e-01 7.519773651254957336e-01 7.185884939745367239e-01 6.899419827755635115e-01 6.702133907576101057e-01 6.662307826214288742e-01 6.856959099740403962e-01 7.350241995780918414e-01 8.226366249771165373e-01 9.650466154577718170e-01 8.361046596475388837e-01 6.285636267621573792e-01 4.244681459385018507e-01 2.301372727929572592e-01
9.966445791077956917e-01 9.949704621722955666e-01 9.931885577974557400e-01 9.913032551645167834e-01 9.893217065371150420e-01 9.872541832030291564e-01 9.851144212460115623e-01 9.829199455987318590e-01 9.806923599787126244e-01 9.784575899852998582e-01 9.762460669183055106e-01 9.740928407831541680e-01 9.720376124016693042e-01 9.701246763804389772e-01 9.684027686349135911e-01 9.669248138923998148e-01 9.657475697492001743e-01 9.649311641373227166e-01 9.645385222941281755e-01 9.646346775546507102e-01 9.652859577720853679e-01 9.665590364228366926e-01 9.685198351571899789e-01 9.712322634743443261e-01 9.747567820321254572e-01 9.791487793445023957e-01 9.844567574583620306e-01 9.907203304396954291e-01 9.979680495713755262e-01 9.938233084235168491e-01 9.847746296270850630e-01 9.749571261275453704e-01 9.644584055149051371e-01 9.533858066652516339e-01 9.418650149000540317e-01 9.300381946157996182e-01 9.180617723668762498e-01 9.061040144898695470e-01 8.943425292452718001e-01 8.829617841633011777e-01 8.721506698656840140e-01 8.621000720482581148e-01 8.530003472957586874e-01 8.450385513927792802e-01 8.383952550306220664e-01 8.332408111133972062e-01 8.297310127151199532e-01 8.280021942902032750e-01 8.281659644519221430e-01 8.303038918257876766e-01 8.344625668391556506e-01 8.406495029288806320e-01 8.488302980681787790e-01 8.589273419649048336e-01 8.708201345759518652e-01 8.843470097266574736e-01 8.993077907583403308e-01 9.154667223041929036e-01 9.325550129106352504e-01 9.502725645855655268e-01 9.682889907732780133e-01 9.862447906335691794e-01 9.962596229896929501e-01 9.799946147113680617e-01 9.654233447785867117e-01 9.527695472470436577e-01 9.421904185947733712e-01 9.337486511382352417e-01 9.273749820213075257e-01 9.228240061564408903e-01 9.196338200015858888e-01 9.171151775299209996e-01 9.144154753901372334e-01 9.107025524291275653e-01 9.054408538087149738e-01 8.985964864428968024e-01 8.905973776373949935e-01 8.821036133710195015e-01 8.738253215148071851e-01 8.665627462508769252e-01 8.615699170116469796e-01 8.614597843999740601e-01 8.716703098098006475e-01 8.994553183953187814e-01 9.472213754005873732e-01 9.881042548225068556e-01 9.164365318256167958e-01 8.448973059476245773e-01 7.757893898591577964e-01 7.108615158218551944e-01 6.521023857681215175e-01 6.018688680063557506e-01 5.623424343644036760e-01 5.348814293832060418e-01 5.201775735565274950e-01 5.192119083546294922e-01 5.343510334703508446e-01 5.706026427170682869e-01 6.382013302395240784e-01 7.602552470530059558e-01
9.961859314915809671e-01 9.981427480824238696e-01 9.997046701490878151e-01 9.973541841651925033e-01 9.948050773788056356e-01 9.920558688220556531e-01 9.891082898829015591e-01 9.859678278961903075e-01 9.826442809699413861e-01 9.791523101772631188e-01 9.755119730379234744e-01 9.717492204340621997e-01 9.678963379335024930e-01 9.639923120811303425e-01 9.600831026490076470e-01 9.562218031120679473e-01 9.524686736319905034e-01 9.488910333843474376e-01 9.455630018664016312e-01 9.425650815547055306e-01 9.399835766433085604e-01 9.379098443702414967e-01 9.364393765462470931e-01 9.356707093946956544e-01 9.357041598721442810e-01 9.366403864859205175e-01 9.385787724206331450e-01 9.416156285190293573e-01 9.458422130638856062e-01 9.513425638228657499e-01 9.581911346856113454e-01 9.664502236784804357e-01 9.761671707771939488e-01 9.873712931951340588e-01 9.999294903703322968e-01 9.859525066087176937e-01 9.710093449600216697e-01 9.552777711957307627e-01 9.389602945649364596e-01 9.222807883484972491e-01 9.054808597676221593e-01 8.888160919053146314e-01 8.725522203877235095e-01 8.569612523835433704e-01 8.423174986724927260e-01 8.288934797136707777e-01 8.169556853375845584e-01 8.067602090689692806e-01 7.985483303857859871e-01 7.925421662844628345e-01 7.889405418018621274e-01 7.879152243278289003e-01 7.896076194834659168e-01 7.941259335002391895e-01 8.015426721464274928e-01 8.118921830297944897e-01 8.251677841542007785e-01 8.413179020920622531e-01 8.602406310356891517e-01 8.817762927710219856e-01 9.056979944110608027e-01 9.317008848199966886e-01 9.593918010209318004e-01 9.882822438741240001e-01 9.825218137633010551e-01 9.548824679537279980e-01 9.294058430213252286e-01 9.064317334448243058e-01 8.861258261760170951e-01 8.684216524752836897e-01 8.529641459472497855e-01 8.390886280287881416e-01 8.258910166612465353e-01 8.124378604308704066e-01 7.980774319505139491e-01 7.826729546863568920e-01 7.665872714362622631e-01 7.504795494012497237e-01 7.351288375502162964e-01 7.214143683969566068e-01 7.104520193401935302e-01 7.038179028907999291e-01 7.036834714599096152e-01 7.125477910617855626e-01 7.325667943386062753e-01 7.652127076811313655e-01 8.116386701013509342e-01 8.732153168515783825e-01 9.518866166593459299e-01 9.519868328249294631e-01 8.526349566791038281e-01 7.547629228315020367e-01 6.597271002349556213e-01 5.678833188898304574e-01 4.785009201391887679e-01 3.897869719235065311e-01 2.992626565605476241e-01 2.047457603247146152e-01 1.058908140259347819e-01 5.549868513479029597e-03
9.907733414695890639e-01 9.927160051327200696e-01 9.948895879403474307e-01 9.973107257174991247e-01 9.999952170685042496e-01 9.970511789207415765e-01 9.938280348528465424e-01 9.903308875376826137e-01 9.865591819438445098e-01 9.825170058133998463e-01 9.782138528925452547e-01 9.736653972540308954e-01 9.688942572053589330e-01 9.639307235897630610e-01 9.588134241795689405e-01 9.535898936660196501e-01 9.483170177840289927e-01 9.430613206370803692e-01 9.378990664734152549e-01 9.329161510371767330e-01 9.282077630428218207e-01 9.238778029896428379e-01 9.200380539737299523e-01 9.168071067576527566e-01 9.143090484098110871e-01 9.126719295451528602e-01 9.120260287732683269e-01 9.125019335799939846e-01 9.142284537781771858e-01 9.173303762414477536e-01 9.219260575099558208e-01 9.281248340769844285e-01 9.360242093961980148e-01 9.457067534131293751e-01 9.572366273521432101e-01 9.706556275872745276e-01 9.859786333170885708e-01 9.968217824291147888e-01 9.782541138300961947e-01 9.587719326234651618e-01 9.386584456839206503e-01 9.182197453631627537e-01 8.977784270897253283e-01 8.776672410513842726e-01 8.582230006800013467e-01 8.397809203580729465e-01 8.226695094466707214e-01 8.072061107170148686e-01 7.936931361151094988e-01 7.824150166235411819e-01 7.736358399720433265e-01 7.675975945317284888e-01 7.645188655245032106e-01 7.645937383440095658e-01 7.679905543486842401e-01 7.748500436011095394e-01 7.852822417272149469e-01 7.993615091409197460e-01 8.171189406644022712e-01 8.385315019757989541e-01 8.635073309964889088e-01 8.918666674567125030e-01 9.233175062748975037e-01 9.574237512432063335e-01 9.935608760522247618e-01 9.700714730520901830e-01 9.362501045484014073e-01 9.060015328182852157e-01 8.799741061650158125e-01 8.578632885540213859e-01 8.382398560941357601e-01 8.193034675535495470e-01 7.996796853995709053e-01 7.787042465134449420e-01 7.563745643097918858e-01 7.331494245892781203e-01 7.097129837415159237e-01 6.867985334372214146e-01 6.651066623752158735e-01 6.452992612744402612e-01 6.280351581955473383e-01 6.140187767694068599e-01 6.040436051575717169e-01 5.990238554045367314e-01 6.000209719270990227e-01 6.082834323540050603e-01 6.253243922400654187e-01 6.530669824906140120e-01 6.941069708302536334e-01 7.521964619279425390e-01 8.331768809452059221e-01 9.469029467463737637e-01 8.995985729592809177e-01 7.324767342913832691e-01 5.551438513637882988e-01 3.667258151956947487e-01 1.652205528649030308e-01 5.213413025529913675e-02 2.886843033895287736e-01 5.501191261157541978e-01
9.877002484675238003e-01 9.893913754521664883e-01 9.913047834595739571e-01 9.934596471965946307e-01 9.958750508978095883e-01 9.985696261363984361e-01 9.984413231876861916e-01 9.951577475146462515e-01 9.915736157246867188e-01 9.876844660724353187e-01 9.834902222605720334e-01 9.789960079214500288e-01 9.742129944873463288e-01 9.691592645237095960e-01 9.638606685824041564e-01 9.583516498373856329e-01 9.526760074533880962e-01 9.468875670697757263e-01 9.410507251817179508e-01 9.352408337179046738e-01 9.295443917848088544e-01 9.240590132794311851e-01 9.188931416583042688e-01 9.141654863259143227e-01 9.100041586544558303e-01 9.065454895173882255e-01 9.039325146134771227e-01 9.023131191968942755e-01 9.018378405156197708e-01 9.026573342182200310e-01 9.049195190762928664e-01 9.087664199770646434e-01 9.143307284001223056e-01 9.217320885324924440e-01 9.310730937572232468e-01 9.424349445720274776e-01 9.558726825891652457e-01 9.714098885989570498e-01 9.890327308416182461e-01 9.913914631871358907e-01 9.706361657790014696e-01 9.491533836251238032e-01 9.272980682642397721e-01 9.054406163314153710e-01 8.839580967648270615e-01 8.632262203216083396e-01 8.436123527533428978e-01 8.254697734756861749e-01 8.091332894771973150e-01 7.949162342517062108e-01 7.831088145596742933e-01 7.739777091619124416e-01 7.677667610800040787e-01 7.646985173219591481e-01 7.649762282648979728e-01 7.687856888580542059e-01 7.762959465213444821e-01 7.876573531819835994e-01 8.029945303314380833e-01 8.223899915812460382e-01 8.458496534352146767e-01 8.732287599419407131e-01 9.040596342434026322e-01 9.371279461948855971e-01 9.696209566334580421e-01 9.972754492568313145e-01 9.812531939530303449e-01 9.626324408126364363e-01 9.435546233224499924e-01 9.225215063670758608e-01 8.989942327290250113e-01 8.729256567649195109e-01 8.445709847010751670e-01 8.143858536893516797e-01 7.829455907242531820e-01 7.508748118291123097e-01 7.187920593593907226e-01 6.872741072323405032e-01 6.568408306999475865e-01 6.279584585495598947e-01 6.010572437575301130e-01 5.765588938248088491e-01 5.549095767263748646e-01 5.366163171289657363e-01 5.222883409370464580e-01 5.126903483538470807e-01 5.088220382557574473e-01 5.120496721361451620e-01 5.243383270798672724e-01 5.486869702881084221e-01 5.900051591205884849e-01 6.570563981039225787e-01 7.673596251797352163e-01 9.620851058340338380e-01 7.315013931592496688e-01 3.781052027557818551e-01 -2.821565619850725792e-02 5.089366157193095930e-01 8.933065710848973051e-01 4.965281967424446385e-01
9.873883102234430886e-01 9.886582168028964501e-01 9.901069120371305265e-01 9.917513815846060732e-01 9.936088334188559745e-01 9.956964521431402870e-01 9.980310966571303011e-01 9.993714613016745352e-01 9.965072401371705135e-01 9.933715366894153576e-01 9.899586986075138428e-01 9.862666505415756957e-01 9.822975779725550138e-01 9.780586432443257872e-01 9.735627216053570621e-01 9.688291426572701592e-01 9.638844204794934090e-01 9.587629540178863596e-01 9.535076782325757616e-01 9.481706460750698451e-01 9.428135215727786456e-01 9.375079649348637689e-01 9.323358912203353333e-01 9.273895840184726014e-01 9.227716438001576371e-01 9.185947459298727802e-01 9.149811746131222279e-01 9.120620855048657827e-01 9.099764314608366211e-01 9.088694647035375773e-01 9.088907083752028049e-01 9.101912771289608628e-01 9.129204273092202948e-01 9.172212383043176764e-01 9.232253687051653612e-01 9.310468865403952465e-01 9.407752262999757864e-01 9.524673584530187753e-01 9.661392605826152336e-01 9.817567658351126214e-01 9.992258757356113907e-01 9.819490961724551825e-01 9.624790090221471139e-01 9.427766247939145527e-01 9.232798675922047060e-01 9.044377885327559152e-01 8.866935031572111825e-01 8.704643705466743597e-01 8.561205459933172168e-01 8.439658531994969071e-01 8.342274452254127004e-01 8.270598111637261773e-01 8.225630369753262894e-01 8.208084550636022270e-01 8.218623117740962991e-01 8.258007453938809306e-01 8.327131392071380755e-01 8.426913847705714833e-01 8.557968725858839942e-01 8.719803837484977338e-01 8.908900261466574655e-01 9.114329270170899999e-01 9.310995263804233701e-01 9.465714438261729757e-01 9.573879027722155266e-01 9.664610712444956508e-01 9.765982708835422299e-01 9.894628603302212388e-01 9.940318552818308007e-01 9.738795919800855572e-01 9.502616532711963826e-01 9.234407233860698616e-01 8.938060382527612813e-01 8.618229033716811038e-01 8.279914258670003635e-01 7.928131920615558714e-01 7.567666971523508979e-01 7.202924258159459914e-01 6.837875984510182192e-01 6.476093688773981727e-01 6.120841628920952182e-01 5.775202711123975652e-01 5.442210250934703675e-01 5.124969801279151138e-01 4.826773763290897468e-01 4.551234917080470010e-01 4.302491670724989947e-01 4.085571162990725980e-01 3.907053123261456373e-01 3.776307821287648858e-01 3.707933815935304800e-01 3.727090656800952084e-01 3.883197110446038325e-01 4.294263664954079407e-01 5.354186440890938981e-01 9.936273684216215818e-01 -9.451262371795122741e-01 4.268579595223611495e-02 1.267848394400129530e-01 2.229531399125245783e-01
9.899806741380101638e-01 9.907347440167727504e-01 9.916021688977743054e-01 9.925946397933748111e-01 9.937240570000964723e-01 9.950023707976205500e-01 9.964413870476706014e-01 9.980525345318156383e-01 9.998465911372307335e-01 9.981699886609420869e-01 9.959947677196706595e-01 9.936236730236246428e-01 9.910551059777906735e-01 9.882904126602847228e-01 9.853343412530809475e-01 9.821955010155301036e-01 9.788868129462786616e-01 9.754259422397216772e-01 9.718357034163787045e-01 9.681444307117555992e-01 9.643863089480876338e-01 9.606016635083952648e-01 9.568372117285595113e-01 9.531462812108171256e-01 9.495890019999972953e-01 9.462324775602780624e-01 9.431509319575340777e-01 9.404258152931254111e-01 9.381458240772184709e-01 9.364067563416884621e-01 9.353110726537939845e-01 9.349669756548110167e-01 9.354867569944249617e-01 9.369840995910780901e-01 9.395699764640798035e-01 9.433467691938965949e-01 9.484002554526453910e-01 9.547892043932180162e-01 9.625324980888676496e-01 9.715940221910921437e-01 9.818661620160717973e-01 9.931538334519981470e-01 9.948636402812380819e-01 9.828015560640234183e-01 9.711669089822707601e-01 9.604080065706319669e-01 9.509009196397502084e-01 9.428974021130932526e-01 9.365062903370148240e-01 9.317182913662562793e-01 9.284589366079678552e-01 9.266426672949253929e-01 9.262096145684900472e-01 9.271416334593568509e-01 9.294626248271963265e-01 9.332286428323729455e-01 9.385092725230009814e-01 9.453551571344763760e-01 9.537359010331949438e-01 9.634145232578978923e-01 9.737077605096512434e-01 9.831661315523493316e-01 9.897121949910275829e-01 9.921572631792167085e-01 9.915844288917817773e-01 9.902495489886750102e-01 9.901038451639022631e-01 9.924673818703877437e-01 9.981828661056671992e-01 9.922723561771981116e-01 9.788205485108911752e-01 9.615425094582606969e-01 9.406432417388165268e-01 9.163932687709533953e-01 8.890815101053091141e-01 8.589838587344914567e-01 8.263470226399096674e-01 7.913859199326619409e-01 7.542913759920398808e-01 7.152431285486624546e-01 6.744217664994720529e-01 6.320129625812126450e-01 5.881985849729157723e-01 5.431315177009568007e-01 4.968929580827561865e-01 4.494308778417195338e-01 4.004745412799119442e-01 3.494103163874686668e-01 2.950835929951552417e-01 2.354468188349339575e-01 1.668655293852707999e-01 8.260205485523984537e-02 -3.091597569815967769e-02 -2.049215779390321235e-01 -5.290532874265935215e-01 -7.137457588051285828e-01 -7.898129787342109132e-02 3.132398127063618087e-01 5.704460017950573336e-01 7.422431534878589643e-01
9.951521242335404915e-01 9.953635562778369028e-01 9.956141136642501221e-01 9.959089921109668397e-01 9.962534909566919117e-01 9.966529268768252736e-01 9.971125290573508160e-01 9.976373152777826547e-01 9.982319490330894274e-01 9.989005787129628944e-01 9.996466609734401265e-01 9.995274516208781934e-01 9.986214926884590115e-01 9.976358009965126117e-01 9.965720818123886549e-01 9.954336840765845018e-01 9.942257181015450307e-01 9.929551279532262686e-01 9.916307096682267508e-01 9.902630703985778604e-01 9.888645300589113951e-01 9.874489763825510247e-01 9.860316963783806177e-01 9.846292212403426891e-01 9.832592360059763115e-01 9.819406166148993975e-01 9.806936610034736601e-01 9.795405718473561008e-01 9.785062204664219943e-01 9.776191690945901236e-01 9.769128497605584771e-01 9.764266945744629611e-01 9.762068923404361165e-01 9.763063243447066553e-01 9.767831272839480050e-01 9.776972665723505651e-01 9.791045050456700372e-01 9.810472546000731375e-01 9.835420576311744156e-01 9.865639668797361317e-01 9.900290681194935383e-01 9.937781004565677812e-01 9.975667702085068145e-01 9.989297356709325726e-01 9.960956095616457784e-01 9.942825374662889182e-01 9.937493403476275189e-01 9.946121513545999049e-01 9.968289826956464594e-01 9.997703789940320940e-01 9.954493052906705497e-01 9.904969778395475988e-01 9.851640944827918522e-01 9.796503377965288806e-01 9.740960845001660484e-01 9.685819472226980809e-01 9.631327641415277085e-01 9.577270392773779006e-01 9.523188994742539659e-01 9.468903223829786553e-01 9.415724615166727318e-01 9.369044881820471904e-01 9.342271530994074036e-01 9.355613001805789253e-01 9.417864965872665417e-01 9.513809052442886438e-01 9.620629366818244099e-01 9.721100723038277325e-01 9.804228126426557388e-01 9.863241598680456690e-01 9.894081602259996444e-01 9.894313049483760558e-01 9.862260700670348879e-01 9.796334955183252369e-01 9.694574686241581585e-01 9.554422991255987485e-01 9.372729544366215082e-01 9.145953477196751003e-01 8.870516486031840842e-01 8.543222456913139862e-01 8.161625209179346196e-01 7.724208405273216282e-01 7.230257963616950612e-01 6.679357289725960101e-01 6.070496763933526108e-01 5.400827676060595550e-01 4.664082788342611696e-01 3.848625560424893122e-01 2.934977377823614897e-01 1.892471741490943105e-01 6.742617697726460690e-02 -7.910875681326672015e-02 -2.615639357255832853e-01 -4.986385551407120920e-01 -8.247256298991734180e-01 -7.619620306166481338e-01 -4.654718748201877032e-01 2.497673568620110696e-01 8.029994781079984045e-02 6.123348495218342707e-02
9.979667389924038456e-01 9.982671596056046370e-01 9.986003088435485564e-01 9.989672349885403424e-01 9.993689193126987780e-01 9.998062859962925097e-01 9.997198598614925880e-01 9.992090426049665686e-01 9.986605375130824802e-01 9.980735478848926645e-01 9.974472065233027651e-01 9.967805414421372356e-01 9.960724492862110813e-01 9.953216847414936286e-01 9.945268768671071680e-01 9.936865860980247378e-01 9.927994183181264587e-01 9.918642143464414529e-01 9.908803336038700671e-01 9.898480485285235941e-01 9.887690601035691307e-01 9.876471331258176445e-01 9.864888311912174412e-01 9.853043050588708995e-01 9.841080547116936028e-01 9.829195479634266208e-01 9.817635428971197564e-01 9.806699373111340545e-01 9.796729682163686226e-01 9.788096217765686058e-01 9.781171999059571354e-01 9.776301281002871546e-01 9.773762730880685146e-01 9.773732487387523094e-01 9.776253928964587780e-01 9.781222577642421090e-01 9.788395322193043091e-01 9.797432692063190451e-01 9.807980906352817829e-01 9.819796438457105703e-01 9.832909164601733032e-01 9.847809530361297803e-01 9.865628769657667219e-01 9.888258126605192766e-01 9.918328020842410719e-01 9.958960254716938687e-01 9.986765517781678314e-01 9.917118111362555055e-01 9.831952318900771814e-01 9.732771223577182385e-01 9.622627706381088331e-01 9.505533946641856469e-01 9.385829385748911680e-01 9.267693430909940133e-01 9.154842921760774077e-01 9.050366426293878774e-01 8.956626860212734131e-01 8.875178036179813823e-01 8.806665847196212260e-01 8.750717938038722332e-01 8.705885733911077340e-01 8.669859304974740777e-01 8.640746966713062083e-01 8.623016684946521737e-01 8.650923666312174687e-01 8.774620879923913375e-01 8.953933522931831757e-01 9.150517978835575050e-01 9.352820707625182362e-01 9.556597479451071075e-01 9.759331192107363329e-01 9.958544449349284733e-01 9.851337216071176517e-01 9.679066629473851435e-01 9.529506112097619885e-01 9.408851703897228580e-01 9.324882161692453764e-01 9.287053358317844953e-01 9.306719115931096908e-01 9.397617680620723446e-01 9.576830852491837742e-01 9.866557762375194329e-01 9.711273562527966696e-01 9.162798895686868894e-01 8.485203008603381392e-01 7.675899153677616660e-01 6.733757495505879875e-01 5.658650868471244433e-01 4.451182207901441812e-01 3.112431812324883418e-01 1.643326898409155079e-01 4.307271410799771473e-03 -1.693943386035528520e-01 -3.583350151940025152e-01 -5.658992457018456879e-01 -7.986406301415148734e-01 -9.356587276381876928e-01 7.145981278296154038e-01 5.442733284216901835e-01 4.016334086258094849e-01
9.907184732080756007e-01 9.914421289824192352e-01 9.922585567215458369e-01 9.931740934162850420e-01 9.941950076721637330e-01 9.953274388536763606e-01 9.965773335999587035e-01 9.979503807400621485e-01 9.994519456809108915e-01 9.989141750832543076e-01 9.971480734651200217e-01 9.952475066238495316e-01 9.932106659586935615e-01 9.910365405980672282e-01 9.887249875906989338e-01 9.862768196206279647e-01 9.836939254268588506e-01 9.809794436889429647e-01 9.781380168542802567e-01 9.751761562069687361e-01 9.721027517872028456e-01 9.689297582481317672e-01 9.656730774224316916e-01 9.623536369668143076e-01 9.589986290581062889e-01 9.556428225095819906e-01 9.523297981402928380e-01 9.491128885686106464e-01 9.460555445721501311e-01 9.432308220519659558e-01 9.407197107542835113e-01 9.386081284595704233e-01 9.369825892528204081e-01 9.359248074086921054e-01 9.355057815771450347e-01 9.357801625018787872e-01 9.367818836115426873e-01 9.385220832348991626e-01 9.409902508634875318e-01 9.441592941665274408e-01 9.479948655720115136e-01 9.524688075659851760e-01 9.575759243873323001e-01 9.633523423353579362e-01 9.698923204549368959e-01 9.773584954187034546e-01 9.859787311858363434e-01 9.960226549501316473e-01 9.923044954474429247e-01 9.790732895903484501e-01 9.643679053265651335e-01 9.484230699110679508e-01 9.316168025749949066e-01 9.144205600330201911e-01 8.973436808640568030e-01 8.808875533025772864e-01 8.655147576266524201e-01 8.516310987644599706e-01 8.395754444223288981e-01 8.296118248093407033e-01 8.219184152411764810e-01 8.165679645567407441e-01 8.134945372509490014e-01 8.124450724964706883e-01 8.129286186477673315e-01 8.142500300715270756e-01 8.250892329493049182e-01 8.466261435115418621e-01 8.703170595681184452e-01 8.966231911601388882e-01 9.259277038798628956e-01 9.584396914779368393e-01 9.941600449205376666e-01 9.682062596456456616e-01 9.311763628581762875e-01 8.957099780000005174e-01 8.628102128210807242e-01 8.335399000677677916e-01 8.090209464075643897e-01 7.904575383905771968e-01 7.791922483473248118e-01 7.768097669662573646e-01 7.853133757754934274e-01 8.074174038622744520e-01 8.470346055255469908e-01 9.101190925636760687e-01 9.938084842615536596e-01 8.682576295650334952e-01 7.261166735038316888e-01 5.723076077846436238e-01 4.118575297233824095e-01 2.491374287286681199e-01 8.737969750850418937e-02 -7.144769113037867381e-02 -2.265017439232688834e-01 -3.778428160237459754e-01 -5.263350331153359152e-01 6.738894120610945393e-01 8.243348094810819537e-01 9.853357566482007224e-01
9.844810079971882955e-01 9.855011081067194256e-01 9.866557642155334706e-01 9.879551006677123048e-01 9.894091486566204408e-01 9.910277263216389354e-01 9.928203080429961469e-01 9.947958849056718345e-01 9.969628192144361911e-01 9.993286969474276527e-01 9.981034207930203905e-01 9.953389418020905932e-01 9.923773179158114077e-01 9.892191145695178323e-01 9.858664963854349983e-01 9.823232232845431344e-01 9.785946121608050108e-01 9.746874761937410758e-01 9.706100645949021777e-01 9.663720389286860613e-01 9.619845373792172971e-01 9.574603936981527230e-01 9.528145898592537133e-01 9.480650256265440445e-01 9.432336773635413563e-01 9.383481842487725322e-01 9.334438350170826126e-01 9.285658290272175153e-01 9.237715577998488747e-01 9.191325176459834712e-01 9.147353577703679628e-01 9.106815401225165640e-01 9.070851830131622107e-01 9.040689007728591742e-01 9.017578123895126918e-01 9.002722997570719032e-01 8.997204467808869177e-01 9.001912857156615377e-01 9.017499616515415317e-01 9.044357080671594495e-01 9.082631696514921193e-01 9.132272019149962894e-01 9.193108934919822506e-01 9.264962195212493867e-01 9.347764012886452534e-01 9.441686246455598397e-01 9.547251605289533982e-01 9.665401325397546817e-01 9.797484307059075581e-01 9.945131976504306692e-01 9.891198719654848981e-01 9.714983358803617186e-01 9.527644593073649748e-01 9.331412727349656100e-01 9.129604370591397622e-01 8.926400811348624842e-01 8.726510685891670782e-01 8.534817076501095556e-01 8.356082318886770555e-01 8.194739707293459130e-01 8.054762964851417406e-01 7.939577709263695438e-01 7.851958084865164889e-01 7.793830062678506199e-01 7.765897462972761733e-01 7.767121380368707806e-01 7.794681033501863476e-01 7.847616379584160251e-01 7.948111116714385860e-01 8.142483877286891270e-01 8.409929536638136582e-01 8.733781891330973934e-01 9.114117946628947919e-01 9.553333890348595370e-01 9.947624132583764434e-01 9.424480306095187609e-01 8.911122679197623908e-01 8.420893347302040866e-01 7.967228497411410482e-01 7.563633860371240525e-01 7.223913913182410385e-01 6.962679032281374747e-01 6.796169428378525668e-01 6.743493445488324411e-01 6.828508016898263699e-01 7.082815115594122135e-01 7.550822817117796015e-01 8.298841519627153662e-01 9.432614493452531335e-01 8.981493186771721815e-01 7.274711993932779786e-01 5.554660029225729767e-01 3.877095486226850851e-01 2.280057947410178143e-01 7.873735360151253027e-02 -5.872826131673834771e-02 -1.837764649437006181e-01 2.965265120929214127e-01 3.980829522429357170e-01 4.910310412071877684e-01
