-8.392462908204854077e-01 -8.392462908204835204e-01 -7.816884819702966114e-01 -7.816884819702903942e-01 -7.145285002407595343e-01 -7.145285002407585351e-01 -6.971774430015116319e-01 -6.971774430015115209e-01 -6.841679678475869331e-01 -6.841679678475841575e-01 -6.219437989969865965e-01 -6.219437989969831548e-01 -6.062354937001728228e-01 -6.062354937001726007e-01 -5.880987712195350214e-01 -5.880987712195328010e-01 -5.432455540186384990e-01 -5.432455540186335030e-01 -5.307285616627752667e-01 -5.307285616627751557e-01 -5.209052356571067799e-01 -5.209052356570995634e-01 -4.656706444754709073e-01 -4.656706444754662999e-01 -4.458677125398979868e-01 -4.458677125398970986e-01 -4.325597245288893000e-01 -4.325597245288868575e-01 -4.189651373417814240e-01 -4.189651373417776492e-01 -4.033353316662497412e-01 -4.033353316662467991e-01 -3.076360964837727696e-01 -3.076360964837678846e-01 -3.013942763207017039e-01 -3.013942763207004827e-01 -2.602299124207059222e-01 -2.602299124207055891e-01 -2.212079544874201997e-01 -2.212079544874185622e-01 -1.475342156708265573e-01 -1.475342156708260855e-01 -1.340155318717215771e-01 -1.340155318717213551e-01 -1.319086478067779677e-01 -1.319086478067772461e-01 -1.201156295429683801e-01 -1.201156295429681303e-01 -1.309575905312914887e-02 -1.309575905312910203e-02 1.309575905312908642e-02 1.309575905312910897e-02 1.201156295429673115e-01 1.201156295429675613e-01 1.319086478067771906e-01 1.319086478067785784e-01 1.340155318717212440e-01 1.340155318717214938e-01 1.475342156708253083e-01 1.475342156708260022e-01 2.212079544874165082e-01 2.212079544874179515e-01 2.602299124207040348e-01 2.602299124207044789e-01 3.013942763206982622e-01 3.013942763206987063e-01 3.076360964837691614e-01 3.076360964837697720e-01 4.033353316662526278e-01 4.033353316662538490e-01 4.189651373417759284e-01 4.189651373417764835e-01 4.325597245288834714e-01 4.325597245288863024e-01 4.458677125398964880e-01 4.458677125398984864e-01 4.656706444754645235e-01 4.656706444754697416e-01 5.209052356571005626e-01 5.209052356571074460e-01 5.307285616627743785e-01 5.307285616627774871e-01 5.432455540186326148e-01 5.432455540186383880e-01 5.880987712195293593e-01 5.880987712195345773e-01 6.062354937001620536e-01 6.062354937001678268e-01 6.219437989969839320e-01 6.219437989969873737e-01 6.841679678475863779e-01 6.841679678475877102e-01 6.971774430015146296e-01 6.971774430015194035e-01 7.145285002407595343e-01 7.145285002407596453e-01 7.816884819702936138e-01 7.816884819702943910e-01 8.392462908204849636e-01 8.392462908204901817e-01
-8.409113019018515933e-01 -8.375885770343468595e-01 -7.823168785196193964e-01 -7.810725510252117809e-01 -7.153163929861283687e-01 -7.137305409832082059e-01 -6.979619014869161697e-01 -6.964462984081423169e-01 -6.842626198396619674e-01 -6.840657777620579028e-01 -6.221231904710390337e-01 -6.217624076509091768e-01 -6.064516147814396074e-01 -6.060575591765795522e-01 -5.902056802051504070e-01 -5.859731374202791221e-01 -5.445356547595227026e-01 -5.419964061809587896e-01 -5.309332000191899770e-01 -5.305320674309526030e-01 -5.225577109090283612e-01 -5.192606177876278872e-01 -4.662220909927812795e-01 -4.651056243291805670e-01 -4.461497736848150653e-01 -4.455345976482313342e-01 -4.335123631557056267e-01 -4.317073174890753151e-01 -4.197198472279587977e-01 -4.181216349367780638e-01 -4.048992271516326791e-01 -4.016688389584840424e-01 -3.085371742430552677e-01 -3.068379606331326781e-01 -3.021255338100354848e-01 -3.005636590012875087e-01 -2.606426635863683394e-01 -2.598063602093166891e-01 -2.221994560439769784e-01 -2.201999902826064781e-01 -1.479876784018364089e-01 -1.472320945240085666e-01 -1.342622048633679288e-01 -1.338918179648408424e-01 -1.323743067802896634e-01 -1.312759140455870832e-01 -1.203806346339021671e-01 -1.196387843692068437e-01 -1.316034720413515428e-02 -1.303088474617373517e-02 1.303088474617370568e-02 1.316034720413515081e-02 1.196387843692073294e-01 1.203806346339012096e-01 1.312759140455874163e-01 1.323743067802903850e-01 1.338918179648405926e-01 1.342622048633681231e-01 1.472320945240074841e-01 1.479876784018369085e-01 2.201999902826088373e-01 2.221994560439762567e-01 2.598063602093145796e-01 2.606426635863668406e-01 3.005636590012866205e-01 3.021255338100347076e-01 3.068379606331319565e-01 3.085371742430561004e-01 4.016688389584783803e-01 4.048992271516291819e-01 4.181216349367814500e-01 4.197198472279545789e-01 4.317073174890724840e-01 4.335123631557062929e-01 4.455345976482281145e-01 4.461497736848179518e-01 4.651056243291859515e-01 4.662220909927868862e-01 5.192606177876252227e-01 5.225577109090231431e-01 5.305320674309502715e-01 5.309332000191868683e-01 5.419964061809600109e-01 5.445356547595234797e-01 5.859731374202835630e-01 5.902056802051470763e-01 6.060575591765811065e-01 6.064516147814401625e-01 6.217624076509132847e-01 6.221231904710379235e-01 6.840657777620606783e-01 6.842626198396619674e-01 6.964462984081393193e-01 6.979619014869123950e-01 7.137305409831985470e-01 7.153163929861203751e-01 7.810725510252075621e-01 7.823168785196141783e-01 8.375885770343446390e-01 8.409113019018431556e-01
-8.425744075399016486e-01 -8.359443868145877143e-01 -7.829559690911991332e-01 -7.804689842899328323e-01 -7.160932827987437355e-01 -7.129218424258844111e-01 -6.987931711745026808e-01 -6.957732099093438816e-01 -6.843439742296811845e-01 -6.839600521701389990e-01 -6.222988001357431243e-01 -6.215793197539836168e-01 -6.067022819381620025e-01 -6.059215115775331562e-01 -5.922867437565293436e-01 -5.838330552299286769e-01 -5.458694683240978840e-01 -5.407844402871396783e-01 -5.311442759423546933e-01 -5.303440910230576844e-01 -5.242041792413544288e-01 -5.176368498286825215e-01 -4.667620999309841645e-01 -4.645236610163263613e-01 -4.463754108130642551e-01 -4.451544327811361446e-01 -4.345270075108083052e-01 -4.310087753831307600e-01 -4.203326276512638904e-01 -4.172258168238772713e-01 -4.063502521999984296e-01 -3.999081158406301850e-01 -3.094983360888420298e-01 -3.062478588059713847e-01 -3.026485407138986838e-01 -2.996789227213632056e-01 -2.610433658759740982e-01 -2.593724961854941280e-01 -2.231720072271522193e-01 -2.191775712564753842e-01 -1.485745091090363568e-01 -1.470966152505696900e-01 -1.346361368812152570e-01 -1.339350626944614542e-01 -1.324965622715817692e-01 -1.305981020342412979e-01 -1.204367791016233841e-01 -1.189546838737540746e-01 -1.322461593400253536e-02 -1.296569428131203600e-02 1.296569428131201865e-02 1.322461593400261516e-02 1.189546838737541717e-01 1.204367791016230510e-01 1.305981020342415200e-01 1.324965622715816860e-01 1.339350626944610934e-01 1.346361368812151460e-01 1.470966152505693014e-01 1.485745091090360237e-01 2.191775712564762724e-01 2.231720072271536348e-01 2.593724961854969591e-01 2.610433658759758746e-01 2.996789227213607631e-01 3.026485407139006822e-01 3.062478588059731055e-01 3.094983360888440282e-01 3.999081158406355141e-01 4.063502522000035921e-01 4.172258168238768827e-01 4.203326276512630577e-01 4.310087753831304824e-01 4.345270075108110808e-01 4.451544327811363111e-01 4.463754108130641440e-01 4.645236610163229196e-01 4.667620999309852192e-01 5.176368498286878506e-01 5.242041792413549839e-01 5.303440910230536876e-01 5.311442759423521398e-01 5.407844402871410106e-01 5.458694683241014367e-01 5.838330552299236809e-01 5.922867437565315640e-01 6.059215115775313798e-01 6.067022819381666654e-01 6.215793197539846160e-01 6.222988001357434573e-01 6.839600521701334479e-01 6.843439742296787420e-01 6.957732099093434375e-01 6.987931711745035690e-01 7.129218424258865205e-01 7.160932827987441796e-01 7.804689842899347196e-01 7.829559690912005765e-01 8.359443868145959300e-01 8.425744075398968747e-01
-8.442251304693846325e-01 -8.343191894857154844e-01 -7.836039799146529150e-01 -7.798776895176668944e-01 -7.168583375969025395e-01 -7.121018318436761474e-01 -6.996646890606483815e-01 -6.951628007263338516e-01 -6.844062876669516626e-01 -6.838545522559067447e-01 -6.224688771692090672e-01 -6.213948365908619209e-01 -6.069856691364271528e-01 -6.058327536018759396e-01 -5.943322771125264525e-01 -5.816820315109118011e-01 -5.472497532757415462e-01 -5.396064014736533521e-01 -5.313599605449771390e-01 -5.301649752857332532e-01 -5.258314667306800416e-01 -5.160470201396956114e-01 -4.672927139758716319e-01 -4.639212501507330999e-01 -4.465389255711008643e-01 -4.447310251288373872e-01 -4.355774789570099892e-01 -4.305332633315348545e-01 -4.207357415874004025e-01 -4.163030481210381883e-01 -4.076765799141443547e-01 -3.980608700792939159e-01 -3.105015262359220318e-01 -3.060595730221022936e-01 -3.027659361758801571e-01 -2.987603574618420965e-01 -2.614306656461182765e-01 -2.589286431376683351e-01 -2.241231799029311522e-01 -2.181427473794681771e-01 -1.492765868692971787e-01 -1.471378099641932058e-01 -1.351549094894677339e-01 -1.340256218226844875e-01 -1.323161946225805963e-01 -1.299216889020562704e-01 -1.202933335577715673e-01 -1.180760700593914692e-01 -1.328853309879475877e-02 -1.290015836983669263e-02 1.290015836983673080e-02 1.328853309879475877e-02 1.180760700593923157e-01 1.202933335577727192e-01 1.299216889020557708e-01 1.323161946225805408e-01 1.340256218226842100e-01 1.351549094894672898e-01 1.471378099641917070e-01 1.492765868692964015e-01 2.181427473794681493e-01 2.241231799029309579e-01 2.589286431376676689e-01 2.614306656461160561e-01 2.987603574618414304e-01 3.027659361758808787e-01 3.060595730221004063e-01 3.105015262359210881e-01 3.980608700793001886e-01 4.076765799141436331e-01 4.163030481210363565e-01 4.207357415873987372e-01 4.305332633315380186e-01 4.355774789570084904e-01 4.447310251288367766e-01 4.465389255711032512e-01 4.639212501507365416e-01 4.672927139758727422e-01 5.160470201396984979e-01 5.258314667306761558e-01 5.301649752857339193e-01 5.313599605449752517e-01 5.396064014736506875e-01 5.472497532757421013e-01 5.816820315109076933e-01 5.943322771125246762e-01 6.058327536018704995e-01 6.069856691364231560e-01 6.213948365908562588e-01 6.224688771692094003e-01 6.838545522559035250e-01 6.844062876669483320e-01 6.951628007263338516e-01 6.996646890606471603e-01 7.121018318436794781e-01 7.168583375969003191e-01 7.798776895176686708e-01 7.836039799146540252e-01 8.343191894857032720e-01 8.442251304693794145e-01
-8.458514539680005440e-01 -8.327180504974222019e-01 -7.842593423631903926e-01 -7.792987948272775967e-01 -7.176110260765010684e-01 -7.112702194355402519e-01 -7.005700446311371454e-01 -6.946197216599290236e-01 -6.844441777532332960e-01 -6.837528296863755184e-01 -6.226318871796838739e-01 -6.212094061877240225e-01 -6.073028811732502641e-01 -6.057993135250291372e-01 -5.963281074296814532e-01 -5.795234078773973119e-01 -5.486790169354875957e-01 -5.384599093202425690e-01 -5.315783139918601741e-01 -5.299951970332742457e-01 -5.274275850544299926e-01 -5.145041747107171881e-01 -4.678160337748635267e-01 -4.632948658759005189e-01 -4.466344528122205282e-01 -4.442683036207729641e-01 -4.366454051005015380e-01 -4.303483389822102545e-01 -4.208646424042796208e-01 -4.153728503837559871e-01 -4.088634743864723031e-01 -3.961343839029511926e-01 -3.115383877323685824e-01 -3.063446806865260941e-01 -3.024031032800520991e-01 -2.978184008934102733e-01 -2.618032087812182662e-01 -2.584749969312125084e-01 -2.250506802606155321e-01 -2.170976565442052919e-01 -1.500769566883103645e-01 -1.473574799410468095e-01 -1.357390697318472395e-01 -1.340496625367771644e-01 -1.319944814057310567e-01 -1.292603950979283323e-01 -1.199639987541602781e-01 -1.170223477454361144e-01 -1.335207475563741399e-02 -1.283425568391519979e-02 1.283425568391520846e-02 1.335207475563741572e-02 1.170223477454358091e-01 1.199639987541605973e-01 1.292603950979291649e-01 1.319944814057317506e-01 1.340496625367774419e-01 1.357390697318475725e-01 1.473574799410468650e-01 1.500769566883105033e-01 2.170976565442029882e-01 2.250506802606157541e-01 2.584749969312126749e-01 2.618032087812212083e-01 2.978184008934099958e-01 3.024031032800521546e-01 3.063446806865258720e-01 3.115383877323684159e-01 3.961343839029604630e-01 4.088634743864713039e-01 4.153728503837541552e-01 4.208646424042769563e-01 4.303483389822115313e-01 4.366454051005012049e-01 4.442683036207757397e-01 4.466344528122210833e-01 4.632948658759031835e-01 4.678160337748657471e-01 5.145041747107241825e-01 5.274275850544311028e-01 5.299951970332775764e-01 5.315783139918635047e-01 5.384599093202445674e-01 5.486790169354904823e-01 5.795234078773980890e-01 5.963281074296761242e-01 6.057993135250270278e-01 6.073028811732523735e-01 6.212094061877210249e-01 6.226318871796865384e-01 6.837528296863762955e-01 6.844441777532357385e-01 6.946197216599346858e-01 7.005700446311421414e-01 7.112702194355443597e-01 7.176110260764999582e-01 7.792987948272821486e-01 7.842593423631860627e-01 8.327180504974175390e-01 8.458514539680076494e-01
-8.474388534766208458e-01 -8.311455864329280185e-01 -7.849205692556964209e-01 -7.787325292636949614e-01 -7.183510108707056308e-01 -7.104268789748322543e-01 -7.015028926047007785e-01 -6.941485021105775477e-01 -6.844527509498042894e-01 -6.836579000002618312e-01 -6.227864357476861068e-01 -6.210235080839976440e-01 -6.076600253409101260e-01 -6.058334266521177014e-01 -5.982514151831320737e-01 -5.773606721548678600e-01 -5.501588919287599966e-01 -5.373437344875878763e-01 -5.317969015809370648e-01 -5.298354480346808559e-01 -5.289818614536729857e-01 -5.130209452215211963e-01 -4.683341679948427871e-01 -4.626408955603719675e-01 -4.466560240151836170e-01 -4.437706869257830866e-01 -4.377168137233688472e-01 -4.304847746415558785e-01 -4.206938244000301697e-01 -4.144550355063642000e-01 -4.098891438513008190e-01 -3.941355125429131245e-01 -3.126045997318914194e-01 -3.069128400965809855e-01 -3.017479055194918214e-01 -2.968590757475740305e-01 -2.621596377806015288e-01 -2.580115591476282999e-01 -2.259523298004586789e-01 -2.160444781372246326e-01 -1.509603723042316215e-01 -1.477473412398624120e-01 -1.363105147764799296e-01 -1.339952163942377261e-01 -1.316057817913796335e-01 -1.286139226926123480e-01 -1.194652111910912695e-01 -1.158166662083577603e-01 -1.341522094205743927e-02 -1.276796875537781865e-02 1.276796875537783253e-02 1.341522094205744621e-02 1.158166662083596060e-01 1.194652111910907283e-01 1.286139226926134860e-01 1.316057817913788008e-01 1.339952163942382812e-01 1.363105147764809566e-01 1.477473412398632169e-01 1.509603723042303169e-01 2.160444781372272416e-01 2.259523298004573744e-01 2.580115591476276893e-01 2.621596377806031386e-01 2.968590757475735864e-01 3.017479055194911552e-01 3.069128400965808190e-01 3.126045997318946945e-01 3.941355125429222284e-01 4.098891438512986540e-01 4.144550355063633118e-01 4.206938244000363869e-01 4.304847746415534915e-01 4.377168137233709011e-01 4.437706869257830866e-01 4.466560240151832284e-01 4.626408955603685813e-01 4.683341679948412328e-01 5.130209452215226396e-01 5.289818614536739849e-01 5.298354480346841866e-01 5.317969015809376199e-01 5.373437344875900967e-01 5.501588919287648816e-01 5.773606721548688592e-01 5.982514151831272997e-01 6.058334266521210321e-01 6.076600253409109031e-01 6.210235080840017519e-01 6.227864357476817769e-01 6.836579000002568351e-01 6.844527509497999596e-01 6.941485021105789910e-01 7.015028926046977809e-01 7.104268789748331425e-01 7.183510108707041875e-01 7.787325292637017338e-01 7.849205692556876501e-01 8.311455864329290177e-01 8.474388534766238434e-01
-8.489687200603076578e-01 -8.296059778436539744e-01 -7.855862124189895157e-01 -7.781791846321106654e-01 -7.190781145577337385e-01 -7.095718024071095975e-01 -7.024569335647827817e-01 -6.937534766090996952e-01 -6.844279660914303065e-01 -6.835718226185064639e-01 -6.229312588326753053e-01 -6.208376015262617731e-01 -6.080728730501985257e-01 -6.059545386035318781e-01 -6.000628286027532843e-01 -5.751979464221020910e-01 -5.516893591688062370e-01 -5.362587337429666201e-01 -5.320120711713194339e-01 -5.304868782252745163e-01 -5.296847703896137016e-01 -5.116091934677449160e-01 -4.688492230105227865e-01 -4.619556509675037392e-01 -4.465978041135459931e-01 -4.432443051993359417e-01 -4.387790042879762820e-01 -4.309152228317026934e-01 -4.202595378163712647e-01 -4.135846573980404561e-01 -4.107101799588963043e-01 -3.920706967551630395e-01 -3.136976127275716841e-01 -3.075953624085668858e-01 -3.009671506355550696e-01 -2.958861352463797445e-01 -2.624986169287127358e-01 -2.575380996611272288e-01 -2.268260690128362511e-01 -2.149854108086708127e-01 -1.519133983968541934e-01 -1.482894083487634185e-01 -1.368308459540095445e-01 -1.338729312157103946e-01 -1.311739624938520754e-01 -1.279763345529186247e-01 -1.188147808744160622e-01 -1.144828298422191498e-01 -1.347795424215492144e-02 -1.270128263296585111e-02 1.270128263296587887e-02 1.347795424215490583e-02 1.144828298422209262e-01 1.188147808744159095e-01 1.279763345529185414e-01 1.311739624938527415e-01 1.338729312157108664e-01 1.368308459540094335e-01 1.482894083487635850e-01 1.519133983968539714e-01 2.149854108086742543e-01 2.268260690128364176e-01 2.575380996611269513e-01 2.624986169287142901e-01 2.958861352463812988e-01 3.009671506355555137e-01 3.075953624085659421e-01 3.136976127275789006e-01 3.920706967551716438e-01 4.107101799589006896e-01 4.135846573980406227e-01 4.202595378163684336e-01 4.309152228316974198e-01 4.387790042879760599e-01 4.432443051993386063e-01 4.465978041135468257e-01 4.619556509675062927e-01 4.688492230105265612e-01 5.116091934677469144e-01 5.296847703896145898e-01 5.304868782252747383e-01 5.320120711713189898e-01 5.362587337429646217e-01 5.516893591688007970e-01 5.751979464221020910e-01 6.000628286027559488e-01 6.059545386035335435e-01 6.080728730501975265e-01 6.208376015262619951e-01 6.229312588326784139e-01 6.835718226185039104e-01 6.844279660914357466e-01 6.937534766091061345e-01 7.024569335647922186e-01 7.095718024071117069e-01 7.190781145577415101e-01 7.781791846321162165e-01 7.855862124189902929e-01 8.296059778436608578e-01 8.489687200603085460e-01
-8.504153190433376697e-01 -8.281029833707856946e-01 -7.862548411097519674e-01 -7.776390978683738187e-01 -7.197923034386864982e-01 -7.087050741698558420e-01 -7.034259082589819911e-01 -6.934387364520816499e-01 -6.843674065345468627e-01 -6.834949046046305821e-01 -6.230652326608305813e-01 -6.206520886441124762e-01 -6.085764297540775525e-01 -6.061922472128096206e-01 -6.016937633404464414e-01 -5.730408919804510504e-01 -5.532675740407879683e-01 -5.352112694722803710e-01 -5.322229015168015165e-01 -5.319258545156666518e-01 -5.295460787184788076e-01 -5.102796187365826741e-01 -4.693632912913979771e-01 -4.612354311924683481e-01 -4.464545436104161436e-01 -4.427021108541892014e-01 -4.398141709347498374e-01 -4.315743476395088041e-01 -4.196420306146673163e-01 -4.128779145621957469e-01 -4.111943546612981115e-01 -3.899459752107099497e-01 -3.148156614816319254e-01 -3.083177451749861686e-01 -3.001340611739929942e-01 -2.949019887641825544e-01 -2.628188652440384687e-01 -2.570541296002303855e-01 -2.276699665078542045e-01 -2.139226572598595388e-01 -1.529242576956306998e-01 -1.489586598757175473e-01 -1.372852072659867251e-01 -1.336955650609057689e-01 -1.307056695137165936e-01 -1.273402852591228596e-01 -1.180307919973211661e-01 -1.130430222136185187e-01 -1.354025906070304222e-02 -1.263418423775521104e-02 1.263418423775526656e-02 1.354025906070300579e-02 1.130430222136194346e-01 1.180307919973211939e-01 1.273402852591221102e-01 1.307056695137168434e-01 1.336955650609062130e-01 1.372852072659865863e-01 1.489586598757189351e-01 1.529242576956295896e-01 2.139226572598610376e-01 2.276699665078530943e-01 2.570541296002294418e-01 2.628188652440437423e-01 2.949019887641783355e-01 3.001340611739928832e-01 3.083177451749856135e-01 3.148156614816299270e-01 3.899459752107096167e-01 4.111943546612931710e-01 4.128779145621946922e-01 4.196420306146652068e-01 4.315743476395100253e-01 4.398141709347506145e-01 4.427021108541915884e-01 4.464545436104156995e-01 4.612354311924671268e-01 4.693632912913979216e-01 5.102796187365877811e-01 5.295460787184766982e-01 5.319258545156614337e-01 5.322229015167970756e-01 5.352112694722818143e-01 5.532675740407865250e-01 5.730408919804477197e-01 6.016937633404438879e-01 6.061922472128076222e-01 6.085764297540754431e-01 6.206520886441121432e-01 6.230652326608301372e-01 6.834949046046318033e-01 6.843674065345460855e-01 6.934387364520850916e-01 7.034259082589807699e-01 7.087050741698542877e-01 7.197923034386863872e-01 7.776390978683760391e-01 7.862548411097526335e-01 8.281029833707868049e-01 8.504153190433411114e-01
-8.517394227990859878e-01 -8.266399479727785105e-01 -7.869250291551640464e-01 -7.771126416292957195e-01 -7.204936780076021119e-01 -7.078268598643002729e-01 -7.044035897952838354e-01 -6.932080969660229242e-01 -6.842720301408568018e-01 -6.834239361503215981e-01 -6.231873942246307641e-01 -6.204672831524056242e-01 -6.092391714574177941e-01 -6.065756121774651399e-01 -6.030427731275769254e-01 -5.708987722347371729e-01 -5.548856140060430819e-01 -5.342314261117050433e-01 -5.333278810722968943e-01 -5.323657766555371929e-01 -5.294183095962069485e-01 -5.090413235574254847e-01 -4.698784263716345166e-01 -4.604766406518702171e-01 -4.462224602202100598e-01 -4.422015122148972299e-01 -4.407606648935678550e-01 -4.323935397207713804e-01 -4.189342567327887235e-01 -4.126315524525062672e-01 -4.110183560645477296e-01 -3.877669984960943061e-01 -3.159573093819086909e-01 -3.090491445985335539e-01 -2.992787727785358731e-01 -2.939081371039701240e-01 -2.631191926925608993e-01 -2.565588813828555415e-01 -2.284822298136794938e-01 -2.128584126600106818e-01 -1.539825514042862109e-01 -1.497269017981094907e-01 -1.376706161701068687e-01 -1.334748895675087754e-01 -1.302015635360233292e-01 -1.266989877976001655e-01 -1.171307360918796558e-01 -1.115166364364062607e-01 -1.360212118542295477e-02 -1.256666200346767508e-02 1.256666200346769589e-02 1.360212118542294783e-02 1.115166364364063301e-01 1.171307360918795448e-01 1.266989877976009982e-01 1.302015635360221912e-01 1.334748895675081093e-01 1.376706161701078956e-01 1.497269017981094630e-01 1.539825514042852950e-01 2.128584126600132354e-01 2.284822298136774954e-01 2.565588813828563741e-01 2.631191926925621760e-01 2.939081371039728441e-01 2.992787727785337082e-01 3.090491445985349417e-01 3.159573093819100231e-01 3.877669984960999128e-01 4.110183560645475076e-01 4.126315524525014933e-01 4.189342567327902778e-01 4.323935397207709364e-01 4.407606648935669114e-01 4.422015122148988953e-01 4.462224602202053969e-01 4.604766406518697175e-01 4.698784263716307974e-01 5.090413235574349216e-01 5.294183095962043950e-01 5.323657766555306425e-01 5.333278810722916763e-01 5.342314261116993812e-01 5.548856140060448583e-01 5.708987722347372840e-01 6.030427731275800340e-01 6.065756121774630305e-01 6.092391714574174610e-01 6.204672831524080667e-01 6.231873942246279885e-01 6.834239361503180454e-01 6.842720301408543593e-01 6.932080969660211478e-01 7.044035897952869441e-01 7.078268598643076004e-01 7.204936780076084402e-01 7.771126416292902794e-01 7.869250291551608267e-01 8.266399479727839505e-01 8.517394227990788824e-01
-8.528746603408335902e-01 -8.252198051202118689e-01 -7.875953466358156518e-01 -7.766002188001968065e-01 -7.211824663011356940e-01 -7.069374662418360655e-01 -7.053837101084390326e-01 -6.930650730826263262e-01 -6.841502381563639990e-01 -6.833481130331978681e-01 -6.232969699983278433e-01 -6.202833827997986660e-01 -6.101579674733313974e-01 -6.070790438471058703e-01 -6.040346588660981952e-01 -5.687901810782535206e-01 -5.565246923679205704e-01 -5.346677211768890992e-01 -5.334475061073657987e-01 -5.323345213233180440e-01 -5.293020124652662028e-01 -5.079013586548766224e-01 -4.703965983201132128e-01 -4.596759656940967997e-01 -4.459014223106282926e-01 -4.422322624937828350e-01 -4.411231948645517598e-01 -4.333181158743877326e-01 -4.182269741984628308e-01 -4.126604025781146490e-01 -4.103280457823032523e-01 -3.855390460611840542e-01 -3.171212318852152934e-01 -3.097754033621646919e-01 -2.984152500299112054e-01 -2.929053968188016221e-01 -2.633985375711427879e-01 -2.560512953608036213e-01 -2.292612162060420622e-01 -2.117948556074161770e-01 -1.550789392462236238e-01 -1.505663756417342514e-01 -1.379897856299668046e-01 -1.332205043798602162e-01 -1.296606138191625512e-01 -1.260468957661832756e-01 -1.161308911962066620e-01 -1.099199835215301513e-01 -1.366352749251227398e-02 -1.249870566005445612e-02 1.249870566005446132e-02 1.366352749251219072e-02 1.099199835215295545e-01 1.161308911962069673e-01 1.260468957661831368e-01 1.296606138191617186e-01 1.332205043798609656e-01 1.379897856299676928e-01 1.505663756417340016e-01 1.550789392462215421e-01 2.117948556074208677e-01 2.292612162060433389e-01 2.560512953608060638e-01 2.633985375711439536e-01 2.929053968187994572e-01 2.984152500299107058e-01 3.097754033621650804e-01 3.171212318852136836e-01 3.855390460611873293e-01 4.103280457823049177e-01 4.126604025781095975e-01 4.182269741984605549e-01 4.333181158743920625e-01 4.411231948645523704e-01 4.422322624937833346e-01 4.459014223106305685e-01 4.596759656940997418e-01 4.703965983201096046e-01 5.079013586548761783e-01 5.293020124652640934e-01 5.323345213233173778e-01 5.334475061073672419e-01 5.346677211768903204e-01 5.565246923679203483e-01 5.687901810782560741e-01 6.040346588660989724e-01 6.070790438471099781e-01 6.101579674733341729e-01 6.202833827997986660e-01 6.232969699983321732e-01 6.833481130331928721e-01 6.841502381563597801e-01 6.930650730826218853e-01 7.053837101084368122e-01 7.069374662418357325e-01 7.211824663011364711e-01 7.766002188001939199e-01 7.875953466358149857e-01 8.252198051202102036e-01 8.528746603408402516e-01
-8.537026119126853718e-01 -8.238450744122897129e-01 -7.882643542948127857e-01 -7.761022590038699764e-01 -7.218590184699305023e-01 -7.063625633202847975e-01 -7.060347275594327510e-01 -6.930128522420117010e-01 -6.840255018503320628e-01 -6.832414135796475163e-01 -6.233934126077389504e-01 -6.201004494638826525e-01 -6.113845157855518631e-01 -6.075933346113081557e-01 -6.047229309834902811e-01 -5.667631321939671230e-01 -5.581351685032017729e-01 -5.359392890963948775e-01 -5.332462339877865887e-01 -5.317485295904137432e-01 -5.291973824679202520e-01 -5.068642894278263533e-01 -4.709196277681993448e-01 -4.588306068022621198e-01 -4.455033466628617878e-01 -4.430318735464618407e-01 -4.406499672164934100e-01 -4.343076998593113913e-01 -4.176002510397922030e-01 -4.125360776432033250e-01 -4.095072677043115617e-01 -3.832670464550885225e-01 -3.183061117751264657e-01 -3.104891782803740341e-01 -2.975510828928070728e-01 -2.918940311346800986e-01 -2.636560034780510708e-01 -2.555300135730538269e-01 -2.300054425096234589e-01 -2.107341412511299639e-01 -1.562048399743530824e-01 -1.514521871500603967e-01 -1.382476829584901312e-01 -1.329393905800424214e-01 -1.290819447727085956e-01 -1.253797619691186527e-01 -1.150459528464129744e-01 -1.082665053142329858e-01 -1.372446573230035223e-02 -1.243030609955554991e-02 1.243030609955555685e-02 1.372446573230027764e-02 1.082665053142336520e-01 1.150459528464135295e-01 1.253797619691190690e-01 1.290819447727084568e-01 1.329393905800433096e-01 1.382476829584897704e-01 1.514521871500617567e-01 1.562048399743533045e-01 2.107341412511269108e-01 2.300054425096242083e-01 2.555300135730538269e-01 2.636560034780511264e-01 2.918940311346818750e-01 2.975510828928080165e-01 3.104891782803739231e-01 3.183061117751281310e-01 3.832670464550880229e-01 4.095072677043096188e-01 4.125360776432024368e-01 4.176002510397920919e-01 4.343076998593116134e-01 4.406499672164921888e-01 4.430318735464608970e-01 4.455033466628634531e-01 4.588306068022653950e-01 4.709196277681964027e-01 5.068642894278270195e-01 5.291973824679195859e-01 5.317485295904150755e-01 5.332462339877863666e-01 5.359392890963903255e-01 5.581351685032057697e-01 5.667631321939666789e-01 6.047229309834925015e-01 6.075933346113080447e-01 6.113845157855489765e-01 6.201004494638834297e-01 6.233934126077361748e-01 6.832414135796509580e-01 6.840255018503366147e-01 6.930128522420103687e-01 7.060347275594278660e-01 7.063625633202840204e-01 7.218590184699287260e-01 7.761022590038710867e-01 7.882643542948114534e-01 8.238450744122981506e-01 8.537026119126801538e-01
-8.540414494989702066e-01 -8.225178563913588814e-01 -7.889305997565967399e-01 -7.756192161145136765e-01 -7.225238017374107091e-01 -7.073283226167406124e-01 -7.051246810811609977e-01 -6.930542519864463236e-01 -6.839381863734914635e-01 -6.830608012415391173e-01 -6.234764465543963796e-01 -6.199184142666230857e-01 -6.128622601217796895e-01 -6.080353884543396870e-01 -6.052430764712098954e-01 -5.649889570941101224e-01 -5.595429006995312760e-01 -5.371613508196410036e-01 -5.333656906474131265e-01 -5.308538457270043365e-01 -5.291042119587505699e-01 -5.059318413727111885e-01 -4.714491009121434262e-01 -4.579385554076104148e-01 -4.451137975688258530e-01 -4.438281920797714775e-01 -4.400312711545430466e-01 -4.353294570406086028e-01 -4.170980971131677539e-01 -4.121315337955295810e-01 -4.086629213254791004e-01 -3.809556006551800822e-01 -3.195105859615003929e-01 -3.111861732440058259e-01 -2.966911631647452530e-01 -2.908738421035129695e-01 -2.638908942608242381e-01 -2.549933815337728782e-01 -2.307135929920245965e-01 -2.096783964704794501e-01 -1.573521928601293585e-01 -1.523634169163183005e-01 -1.384497115938454204e-01 -1.326360696796858307e-01 -1.284655146494972089e-01 -1.246944634796968571e-01 -1.138888881206793907e-01 -1.065671951495065911e-01 -1.378492436329200113e-02 -1.236145529409868847e-02 1.236145529409873531e-02 1.378492436329204970e-02 1.065671951495064662e-01 1.138888881206790576e-01 1.246944634796966905e-01 1.284655146494967370e-01 1.326360696796869132e-01 1.384497115938448375e-01 1.523634169163178287e-01 1.573521928601296083e-01 2.096783964704800329e-01 2.307135929920210160e-01 2.549933815337744325e-01 2.638908942608248487e-01 2.908738421035116373e-01 2.966911631647477510e-01 3.111861732440037720e-01 3.195105859615007815e-01 3.809556006551775842e-01 4.086629213254777682e-01 4.121315337955230307e-01 4.170980971131671433e-01 4.353294570406050501e-01 4.400312711545428246e-01 4.438281920797649271e-01 4.451137975688169712e-01 4.579385554076101372e-01 4.714491009121434262e-01 5.059318413727118546e-01 5.291042119587507919e-01 5.308538457270045585e-01 5.333656906474130155e-01 5.371613508196463327e-01 5.595429006995331633e-01 5.649889570941095673e-01 6.052430764712093403e-01 6.080353884543405751e-01 6.128622601217772470e-01 6.199184142666187558e-01 6.234764465543973788e-01 6.830608012415416708e-01 6.839381863734900202e-01 6.930542519864403284e-01 7.051246810811617749e-01 7.073283226167447202e-01 7.225238017374115973e-01 7.756192161145151198e-01 7.889305997565910777e-01 8.225178563913644325e-01 8.540414494989736482e-01
-8.537354431929954357e-01 -8.212398262410441907e-01 -7.895926150400076615e-01 -7.751515661989208938e-01 -7.231773952778706160e-01 -7.082798684027653557e-01 -7.042027342180574578e-01 -6.931916542008056403e-01 -6.839181449833118265e-01 -6.827736867376035246e-01 -6.235461263483551564e-01 -6.197371793968927678e-01 -6.144915068005453174e-01 -6.083964842577447296e-01 -6.056989996132022824e-01 -5.641740890948798715e-01 -5.600378361379387826e-01 -5.383394298108298281e-01 -5.335529253335695721e-01 -5.299045654273080164e-01 -5.290204863350379538e-01 -5.051026855246704139e-01 -4.719862720447940974e-01 -4.569989026572970348e-01 -4.452886421054505495e-01 -4.439557777440238939e-01 -4.393973679293492474e-01 -4.363431566168169962e-01 -4.167011647324708190e-01 -4.114570677612381933e-01 -4.078204040395086438e-01 -3.786090081707772503e-01 -3.207332138152702017e-01 -3.118635434099357728e-01 -2.958391768884697237e-01 -2.898442522228962814e-01 -2.641027450930783504e-01 -2.544394591496060842e-01 -2.313845245298233044e-01 -2.086297171445011256e-01 -1.585132991207345854e-01 -1.532832514817493164e-01 -1.386008933563709911e-01 -1.323131223046846994e-01 -1.278121794288401558e-01 -1.239887788338989577e-01 -1.126709569840439323e-01 -1.048310531689737174e-01 -1.384489241693878311e-02 -1.229214624974049423e-02 1.229214624974053587e-02 1.384489241693877791e-02 1.048310531689728292e-01 1.126709569840432107e-01 1.239887788338992630e-01 1.278121794288401003e-01 1.323131223046850879e-01 1.386008933563714907e-01 1.532832514817499270e-01 1.585132991207355013e-01 2.086297171445027632e-01 2.313845245298218889e-01 2.544394591496078051e-01 2.641027450930805154e-01 2.898442522228975027e-01 2.958391768884714446e-01 3.118635434099378823e-01 3.207332138152695356e-01 3.786090081707741417e-01 4.078204040395147500e-01 4.114570677612407468e-01 4.167011647324656565e-01 4.363431566168183839e-01 4.393973679293491363e-01 4.439557777440262254e-01 4.452886421054485511e-01 4.569989026572991442e-01 4.719862720447984827e-01 5.051026855246679714e-01 5.290204863350393971e-01 5.299045654273093486e-01 5.335529253335702382e-01 5.383394298108303833e-01 5.600378361379383385e-01 5.641740890948827580e-01 6.056989996132046139e-01 6.083964842577432863e-01 6.144915068005452063e-01 6.197371793968923237e-01 6.235461263483528249e-01 6.827736867376033025e-01 6.839181449833126036e-01 6.931916542008050852e-01 7.042027342180569027e-01 7.082798684027657998e-01 7.231773952778648429e-01 7.751515661989138994e-01 7.895926150400039978e-01 8.212398262410501859e-01 8.537354431930017640e-01
-8.527134716925934832e-01 -8.200122277533852255e-01 -7.902489150477697288e-01 -7.746998055237118708e-01 -7.238204847276706877e-01 -7.092100360331152764e-01 -7.032704158173593845e-01 -6.934269179053719201e-01 -6.839634198736440629e-01 -6.823793111434643954e-01 -6.236029171532422311e-01 -6.195572186297044759e-01 -6.161966459084039505e-01 -6.086920402227320448e-01 -6.061453516520266538e-01 -5.650294945430268667e-01 -5.589050487931311872e-01 -5.394823893060747277e-01 -5.337582891493185544e-01 -5.290327905832873379e-01 -5.288609001677361254e-01 -5.043724136540950198e-01 -4.725319629110408814e-01 -4.560121838900705882e-01 -4.460625896623799935e-01 -4.433695338330930213e-01 -4.388683439488144100e-01 -4.372262000928742731e-01 -4.163449411427325164e-01 -4.105822531351690508e-01 -4.069863524022271362e-01 -3.762312957761436705e-01 -3.219724518461814511e-01 -3.125191489638371456e-01 -2.949982345226627722e-01 -2.888043913901100490e-01 -2.642913475005470025e-01 -2.538660418231075688e-01 -2.320172682560961985e-01 -2.075901676134487561e-01 -1.596807407295706693e-01 -1.541985671551350523e-01 -1.387056069107116818e-01 -1.319718126865459529e-01 -1.271234817474777845e-01 -1.232611866464530803e-01 -1.114018386743936551e-01 -1.030654972096394506e-01 -1.390435938253220191e-02 -1.222237298679286314e-02 1.222237298679293427e-02 1.390435938253223834e-02 1.030654972096377991e-01 1.114018386743928640e-01 1.232611866464526224e-01 1.271234817474790335e-01 1.319718126865459529e-01 1.387056069107109324e-01 1.541985671551371895e-01 1.596807407295738890e-01 2.075901676134485063e-01 2.320172682560942834e-01 2.538660418231105664e-01 2.642913475005504997e-01 2.888043913901117699e-01 2.949982345226645486e-01 3.125191489638373121e-01 3.219724518461826168e-01 3.762312957761409504e-01 4.069863524022264145e-01 4.105822531351644988e-01 4.163449411427264657e-01 4.372262000928745507e-01 4.388683439488129112e-01 4.433695338330932989e-01 4.460625896623773845e-01 4.560121838900710878e-01 4.725319629110415476e-01 5.043724136540873593e-01 5.288609001677307964e-01 5.290327905832844513e-01 5.337582891493172221e-01 5.394823893060649578e-01 5.589050487931275235e-01 5.650294945430217597e-01 6.061453516520304285e-01 6.086920402227309346e-01 6.161966459084039505e-01 6.195572186297058082e-01 6.236029171532443405e-01 6.823793111434630632e-01 6.839634198736422865e-01 6.934269179053743626e-01 7.032704158173582742e-01 7.092100360331087261e-01 7.238204847276795695e-01 7.746998055237031000e-01 7.902489150477741697e-01 8.200122277533848925e-01 8.527134716925969249e-01
-8.509102781011904648e-01 -8.188358684703535006e-01 -7.908979968202486388e-01 -7.742644483929614907e-01 -7.244538561408566668e-01 -7.101129647538163558e-01 -7.023280313028181787e-01 -6.937612821183913869e-01 -6.840611728548895432e-01 -6.818879147122394180e-01 -6.236478342491852400e-01 -6.193853179358596028e-01 -6.179263414812073973e-01 -6.089349027688665261e-01 -6.066081836796920479e-01 -5.666235494559411778e-01 -5.570724368781140301e-01 -5.406004022396961872e-01 -5.339697174518651668e-01 -5.289128770018887149e-01 -5.279596053803869982e-01 -5.037337272499659013e-01 -4.730864685082164511e-01 -4.549808161824069330e-01 -4.469134241358409532e-01 -4.426046613703027433e-01 -4.389987834916088127e-01 -4.374025940489277287e-01 -4.159638658056559191e-01 -4.095822319771260656e-01 -4.061600246294537198e-01 -3.738262491499350637e-01 -3.232266269613073284e-01 -3.131511783782623959e-01 -2.941711192977407019e-01 -2.877531978996612505e-01 -2.644567658039186919e-01 -2.532706925471722714e-01 -2.326110269396671482e-01 -2.065617824680681114e-01 -1.608473578348827426e-01 -1.550992971601170556e-01 -1.387675905213907601e-01 -1.316126505792421242e-01 -1.264013740569618904e-01 -1.225107026943930838e-01 -1.100898101765590414e-01 -1.012767039394023710e-01 -1.396331510544405671e-02 -1.215213054105459926e-02 1.215213054105455416e-02 1.396331510544408100e-02 1.012767039394001228e-01 1.100898101765581949e-01 1.225107026943929311e-01 1.264013740569617239e-01 1.316126505792409862e-01 1.387675905213907879e-01 1.550992971601178050e-01 1.608473578348840749e-01 2.065617824680666959e-01 2.326110269396663155e-01 2.532706925471707726e-01 2.644567658039197466e-01 2.877531978996595297e-01 2.941711192977380374e-01 3.131511783782607861e-01 3.232266269613051635e-01 3.738262491499375617e-01 4.061600246294569394e-01 4.095822319771261211e-01 4.159638658056580840e-01 4.374025940489282838e-01 4.389987834916083687e-01 4.426046613702979693e-01 4.469134241358387327e-01 4.549808161824074881e-01 4.730864685082177279e-01 5.037337272499636809e-01 5.279596053803871092e-01 5.289128770018886039e-01 5.339697174518660550e-01 5.406004022396979636e-01 5.570724368781112545e-01 5.666235494559354047e-01 6.066081836796917148e-01 6.089349027688619742e-01 6.179263414812040667e-01 6.193853179358564942e-01 6.236478342491815763e-01 6.818879147122366424e-01 6.840611728548886550e-01 6.937612821183886114e-01 7.023280313028155142e-01 7.101129647538112488e-01 7.244538561408530031e-01 7.742644483929538302e-01 7.908979968202475286e-01 8.188358684703556101e-01 8.509102781011910199e-01
-8.485517867575209650e-01 -8.177111162231940344e-01 -7.915383394002996065e-01 -7.738460246613428906e-01 -7.250783892573374745e-01 -7.109829439036227106e-01 -7.013758277556605414e-01 -6.941952737512275817e-01 -6.842024378691121678e-01 -6.813060834720685577e-01 -6.236828094801145639e-01 -6.197611560053416513e-01 -6.191148695407924230e-01 -6.091327306918656870e-01 -6.070993054734549199e-01 -5.684211598603311488e-01 -5.550724109901715719e-01 -5.417038627231688386e-01 -5.341832520358693603e-01 -5.288643752422140798e-01 -5.269968208536874865e-01 -5.031768299385335208e-01 -4.736494766551213043e-01 -4.539098219043408156e-01 -4.477562632115995589e-01 -4.418131190606483516e-01 -4.397574139780723868e-01 -4.368306328048180420e-01 -4.155119626343051209e-01 -4.085164644775681753e-01 -4.053349975737879918e-01 -3.713974484145792232e-01 -3.244939039736473019e-01 -3.137579491483483141e-01 -2.933603484057338284e-01 -2.866895367629310742e-01 -2.645993421308485138e-01 -2.526507853112343049e-01 -2.331651674164613441e-01 -2.055465708051754936e-01 -1.620062590773325706e-01 -1.559777786012917222e-01 -1.387900445055809118e-01 -1.312358187737980020e-01 -1.256479803225808434e-01 -1.217367537512234060e-01 -1.087419393930698086e-01 -9.946988026029110475e-02 -1.402174969415072650e-02 -1.208141498258180450e-02 1.208141498258177848e-02 1.402174969415070048e-02 9.946988026029106311e-02 1.087419393930700723e-01 1.217367537512224485e-01 1.256479803225805936e-01 1.312358187737978354e-01 1.387900445055808007e-01 1.559777786012926937e-01 1.620062590773351241e-01 2.055465708051744111e-01 2.331651674164585408e-01 2.526507853112334168e-01 2.645993421308504012e-01 2.866895367629320734e-01 2.933603484057356048e-01 3.137579491483480920e-01 3.244939039736489117e-01 3.713974484145792787e-01 4.053349975737871036e-01 4.085164644775631793e-01 4.155119626343015127e-01 4.368306328048161546e-01 4.397574139780699998e-01 4.418131190606467973e-01 4.477562632115986707e-01 4.539098219043380955e-01 4.736494766551189173e-01 5.031768299385278587e-01 5.269968208536854881e-01 5.288643752422172994e-01 5.341832520358732461e-01 5.417038627231695047e-01 5.550724109901742365e-01 5.684211598603244875e-01 6.070993054734572514e-01 6.091327306918675744e-01 6.191148695407923119e-01 6.197611560053416513e-01 6.236828094801167843e-01 6.813060834720690018e-01 6.842024378691135000e-01 6.941952737512284699e-01 7.013758277556608745e-01 7.109829439036269294e-01 7.250783892573415823e-01 7.738460246613438898e-01 7.915383394003019379e-01 8.177111162231853747e-01 8.485517867575235185e-01
-8.459614950898624031e-01 -8.166378963570720684e-01 -7.921684041878926941e-01 -7.734450768256930786e-01 -7.256950499881650307e-01 -7.118144034856056512e-01 -7.004140259328698326e-01 -6.947286308517456321e-01 -6.843823055013049661e-01 -6.806366501896503607e-01 -6.237124955427953976e-01 -6.214639191377807625e-01 -6.189649354064707953e-01 -6.092905316795786952e-01 -6.076225570162412382e-01 -5.702920081670687091e-01 -5.530352321497666868e-01 -5.428015792074831758e-01 -5.343975626897879971e-01 -5.288284431111662798e-01 -5.260278927126833537e-01 -5.026899790350863872e-01 -4.742200045041731205e-01 -4.528084189493280509e-01 -4.485753102601219844e-01 -4.414905745907822809e-01 -4.400882956267747614e-01 -4.360804387222773637e-01 -4.149615237814878732e-01 -4.074318090673313963e-01 -4.044980458985634741e-01 -3.689483097602964667e-01 -3.257722439593359054e-01 -3.143378018387555928e-01 -2.925681374506094445e-01 -2.856123339159520880e-01 -2.647196869164485933e-01 -2.520035594244741106e-01 -2.336792075017317394e-01 -2.045465230592823924e-01 -1.631508412230018024e-01 -1.568281742965104975e-01 -1.387757535360055472e-01 -1.308414605408715903e-01 -1.248654295061667058e-01 -1.209390816014645070e-01 -1.073642704773903611e-01 -9.764947457244210760e-02 -1.407965343283034722e-02 -1.201022344998348493e-02 1.201022344998356126e-02 1.407965343283037844e-02 9.764947457244070594e-02 1.073642704773892093e-01 1.209390816014651177e-01 1.248654295061664282e-01 1.308414605408727283e-01 1.387757535360054362e-01 1.568281742965100811e-01 1.631508412230027183e-01 2.045465230592801997e-01 2.336792075017323222e-01 2.520035594244716126e-01 2.647196869164472610e-01 2.856123339159522545e-01 2.925681374506090560e-01 3.143378018387550932e-01 3.257722439593316310e-01 3.689483097602935247e-01 4.044980458985684146e-01 4.074318090673303971e-01 4.149615237814887614e-01 4.360804387222751988e-01 4.400882956267764823e-01 4.414905745907815593e-01 4.485753102601218734e-01 4.528084189493295497e-01 4.742200045041752299e-01 5.026899790350819464e-01 5.260278927126876836e-01 5.288284431111708317e-01 5.343975626897892184e-01 5.428015792074841750e-01 5.530352321497665757e-01 5.702920081670722618e-01 6.076225570162397949e-01 6.092905316795808046e-01 6.189649354064674647e-01 6.214639191377769878e-01 6.237124955427905126e-01 6.806366501896525811e-01 6.843823055013043000e-01 6.947286308517452991e-01 7.004140259328689444e-01 7.118144034856079827e-01 7.256950499881680283e-01 7.734450768256948550e-01 7.921684041878934712e-01 8.166378963570707361e-01 8.459614950898596275e-01
-8.432925184567287014e-01 -8.156156876567349778e-01 -7.927866356780309820e-01 -7.730621566430253555e-01 -7.263048820479882650e-01 -7.126019401673948650e-01 -6.994428400486885078e-01 -6.953602374108027728e-01 -6.845979667071330210e-01 -6.798807154236681249e-01 -6.237762363862148218e-01 -6.231541613121004408e-01 -6.187691020774764850e-01 -6.094145966926599600e-01 -6.081746772846056137e-01 -5.721920126246645699e-01 -5.510124023970045526e-01 -5.438956903465176351e-01 -5.346125071147656005e-01 -5.288018918476411478e-01 -5.250506873216074233e-01 -5.022601274606457444e-01 -4.747963505399819262e-01 -4.516948329209874435e-01 -4.493638894490362690e-01 -4.421642391199996358e-01 -4.393529898656068355e-01 -4.352582649354989064e-01 -4.142969045181018606e-01 -4.063708141795693285e-01 -4.036274384851237240e-01 -3.664821374280309851e-01 -3.270593489781265517e-01 -3.148890473380952515e-01 -2.917963182209571404e-01 -2.845207212079233217e-01 -2.648186516714484129e-01 -2.513261834527311112e-01 -2.341527969577112123e-01 -2.035636204491956258e-01 -1.642748020395451980e-01 -1.576460026934108360e-01 -1.387271961471421011e-01 -1.304298522765364454e-01 -1.240557572085257132e-01 -1.201176705368894732e-01 -1.059619899895623552e-01 -9.581933957607068064e-02 -1.413701669717604484e-02 -1.193855419910730062e-02 1.193855419910720000e-02 1.413701669717598239e-02 9.581933957607015329e-02 1.059619899895629935e-01 1.201176705368903752e-01 1.240557572085253246e-01 1.304298522765381385e-01 1.387271961471431558e-01 1.576460026934115577e-01 1.642748020395468356e-01 2.035636204491928503e-01 2.341527969577114066e-01 2.513261834527270033e-01 2.648186516714500782e-01 2.845207212079209902e-01 2.917963182209563633e-01 3.148890473380914212e-01 3.270593489781283836e-01 3.664821374280222699e-01 4.036274384851230579e-01 4.063708141795690509e-01 4.142969045181029708e-01 4.352582649354904687e-01 4.393529898656015065e-01 4.421642391200022448e-01 4.493638894490405988e-01 4.516948329209880542e-01 4.747963505399790396e-01 5.022601274606439681e-01 5.250506873216053139e-01 5.288018918476395935e-01 5.346125071147683760e-01 5.438956903465211878e-01 5.510124023970048857e-01 5.721920126246666793e-01 6.081746772846088334e-01 6.094145966926618474e-01 6.187691020774747086e-01 6.231541613121023282e-01 6.237762363862163761e-01 6.798807154236736761e-01 6.845979667071340202e-01 6.953602374107987760e-01 6.994428400486868425e-01 7.126019401673966414e-01 7.263048820479930390e-01 7.730621566430233571e-01 7.927866356780219892e-01 8.156156876567405289e-01 8.432925184567331423e-01
-8.406050104634078535e-01 -8.146435132408968993e-01 -7.933914624746779554e-01 -7.726978212606115948e-01 -7.269089976861125013e-01 -7.133403579464552280e-01 -6.984625742139651816e-01 -6.960880038661342306e-01 -6.848475439627702555e-01 -6.790388589890834492e-01 -6.249761402214176753e-01 -6.236939723190161322e-01 -6.185591060252261242e-01 -6.095252517928790859e-01 -6.087350767990323819e-01 -5.740990236834206950e-01 -5.490661368238455298e-01 -5.449562631444601069e-01 -5.348286441696810112e-01 -5.287824955340743038e-01 -5.240607764365808885e-01 -5.018735779647883755e-01 -4.753760567965366612e-01 -4.506437127114634733e-01 -4.500769866451618251e-01 -4.430193839735009909e-01 -4.383345738218939469e-01 -4.343752469180950926e-01 -4.135098277238939968e-01 -4.053751089940593744e-01 -4.026944727643044231e-01 -3.640021942588141934e-01 -3.283525851536388540e-01 -3.154099466746073666e-01 -2.910462426966513028e-01 -2.834141853525549704e-01 -2.648972806871259800e-01 -2.506158264514146139e-01 -2.345856922673223155e-01 -2.025998469509425193e-01 -1.653721388872147202e-01 -1.584277762998679562e-01 -1.386466316847125846e-01 -1.300014937171038720e-01 -1.232208588857689746e-01 -1.192726927252233532e-01 -1.045395697768096571e-01 -9.398285733814505660e-02 -1.419382987163432877e-02 -1.186640666556253686e-02 1.186640666556253686e-02 1.419382987163436347e-02 9.398285733814507048e-02 1.045395697768096016e-01 1.192726927252225205e-01 1.232208588857687109e-01 1.300014937171052321e-01 1.386466316847136393e-01 1.584277762998664574e-01 1.653721388872151921e-01 2.025998469509413535e-01 2.345856922673198453e-01 2.506158264514115053e-01 2.648972806871245367e-01 2.834141853525555255e-01 2.910462426966546334e-01 3.154099466746070890e-01 3.283525851536358564e-01 3.640021942588140824e-01 4.026944727643070321e-01 4.053751089940623720e-01 4.135098277238890563e-01 4.343752469180893194e-01 4.383345738218955012e-01 4.430193839735024341e-01 4.500769866451611034e-01 4.506437127114620300e-01 4.753760567965397699e-01 5.018735779647777173e-01 5.240607764365775578e-01 5.287824955340713062e-01 5.348286441696756821e-01 5.449562631444572203e-01 5.490661368238438644e-01 5.740990236834138116e-01 6.087350767990364897e-01 6.095252517928829716e-01 6.185591060252322304e-01 6.236939723190171314e-01 6.249761402214201178e-01 6.790388589890818949e-01 6.848475439627714767e-01 6.960880038661285685e-01 6.984625742139650706e-01 7.133403579464582256e-01 7.269089976861031754e-01 7.726978212606179230e-01 7.933914624746771782e-01 8.146435132409024504e-01 8.406050104634039677e-01
-8.379264017609696635e-01 -8.137199202224281169e-01 -7.939812984561872566e-01 -7.723526288765583114e-01 -7.275085674862040719e-01 -7.140247247645549189e-01 -6.974755496813878075e-01 -6.969069372251532890e-01 -6.851295197738678233e-01 -6.781117330012902400e-01 -6.266743910495967684e-01 -6.237199417795299405e-01 -6.183342940538937293e-01 -6.097360868826806612e-01 -6.091880003809986288e-01 -5.759981263073472579e-01 -5.475582495883716261e-01 -5.456469081221515527e-01 -5.350470110120922884e-01 -5.287677157971405473e-01 -5.230529302296067495e-01 -5.015165784067920907e-01 -4.759558737332283407e-01 -4.509205301596905802e-01 -4.495159494794173649e-01 -4.437788913965355908e-01 -4.372606633664766207e-01 -4.334250500921852933e-01 -4.125966415743728133e-01 -4.044781547685135648e-01 -4.016736059375962120e-01 -3.615118069664823297e-01 -3.296488682877403154e-01 -3.158987119182919967e-01 -2.903186968561476955e-01 -2.822927151301484749e-01 -2.649567380801299277e-01 -2.498697331937378141e-01 -2.349777251578573645e-01 -2.016572034990841700e-01 -1.664371322154289401e-01 -1.591707342979824802e-01 -1.385361646372853250e-01 -1.295571438613606630e-01 -1.223624774050416641e-01 -1.184044670343504246e-01 -1.031008866084280606e-01 -9.214303547457863841e-02 -1.425008326666800385e-02 -1.179378154092906514e-02 1.179378154092912412e-02 1.425008326666810793e-02 9.214303547457881882e-02 1.031008866084289072e-01 1.184044670343509381e-01 1.223624774050416641e-01 1.295571438613605242e-01 1.385361646372854361e-01 1.591707342979823137e-01 1.664371322154321042e-01 2.016572034990829487e-01 2.349777251578563098e-01 2.498697331937369259e-01 2.649567380801317040e-01 2.822927151301480309e-01 2.903186968561444758e-01 3.158987119182926628e-01 3.296488682877416476e-01 3.615118069664858269e-01 4.016736059375923262e-01 4.044781547685114553e-01 4.125966415743733129e-01 4.334250500921856264e-01 4.372606633664794518e-01 4.437788913965343696e-01 4.495159494794144783e-01 4.509205301596850846e-01 4.759558737332315603e-01 5.015165784067943111e-01 5.230529302296059724e-01 5.287677157971466535e-01 5.350470110120955081e-01 5.456469081221502204e-01 5.475582495883702938e-01 5.759981263073604696e-01 6.091880003809995170e-01 6.097360868826806612e-01 6.183342940538897325e-01 6.237199417795281642e-01 6.266743910495948811e-01 6.781117330012944588e-01 6.851295197738718201e-01 6.969069372251547323e-01 6.974755496813881406e-01 7.140247247645604700e-01 7.275085674862010743e-01 7.723526288765573122e-01 7.939812984561879228e-01 8.137199202224285610e-01 8.379264017609783233e-01
-8.352720414622316625e-01 -8.128429382855376639e-01 -7.945545439249918074e-01 -7.720271339783294495e-01 -7.281048092234898572e-01 -7.146504511597991938e-01 -6.978236663658017314e-01 -6.964715915314354522e-01 -6.854424497938038652e-01 -6.771003490767669719e-01 -6.283692849258436519e-01 -6.237362271672017844e-01 -6.180918131761310441e-01 -6.102482576529286717e-01 -6.093290631886251196e-01 -5.778771516374875405e-01 -5.479009119245498161e-01 -5.445784112440625879e-01 -5.352689291871497446e-01 -5.287544285574770075e-01 -5.220215128728521448e-01 -5.011758067097573655e-01 -4.765317193989461186e-01 -4.516337423529688810e-01 -4.487259192941521757e-01 -4.442579475788349663e-01 -4.361852293799925451e-01 -4.323971776394063271e-01 -4.115568760754902411e-01 -4.036924579952440584e-01 -4.005567741325785636e-01 -3.590145395827920582e-01 -3.309444789064743264e-01 -3.163535212325234158e-01 -2.896138404194425475e-01 -2.811569453403839902e-01 -2.649982057896939081e-01 -2.490852993134532178e-01 -2.353287650124016028e-01 -2.007377237948992366e-01 -1.674643171804140462e-01 -1.598726504500306567e-01 -1.383977896594251189e-01 -1.290978233128123598e-01 -1.214822114860353575e-01 -1.175134279164900125e-01 -1.016493206306819663e-01 -9.030258138475889818e-02 -1.430576703491453008e-02 -1.172068086276478217e-02 1.172068086276483075e-02 1.430576703491458559e-02 9.030258138476000840e-02 1.016493206306818414e-01 1.175134279164904844e-01 1.214822114860360652e-01 1.290978233128129982e-01 1.383977896594260071e-01 1.598726504500298518e-01 1.674643171804133246e-01 2.007377237948983761e-01 2.353287650124006314e-01 2.490852993134505811e-01 2.649982057896936860e-01 2.811569453403825469e-01 2.896138404194421034e-01 3.163535212325259693e-01 3.309444789064721615e-01 3.590145395827900598e-01 4.005567741325788411e-01 4.036924579952383407e-01 4.115568760754815814e-01 4.323971776394083255e-01 4.361852293799889924e-01 4.442579475788341892e-01 4.487259192941522867e-01 4.516337423529689921e-01 4.765317193989465627e-01 5.011758067097600300e-01 5.220215128728528109e-01 5.287544285574777847e-01 5.352689291871504107e-01 5.445784112440602565e-01 5.479009119245484838e-01 5.778771516374899830e-01 6.093290631886215669e-01 6.102482576529296709e-01 6.180918131761343748e-01 6.237362271671987868e-01 6.283692849258415425e-01 6.771003490767676380e-01 6.854424497938056415e-01 6.964715915314301231e-01 6.978236663658023975e-01 7.146504511597998599e-01 7.281048092234928548e-01 7.720271339783226772e-01 7.945545439249946940e-01 8.128429382855439922e-01 8.352720414622305523e-01
-8.326524547170260915e-01 -8.120100016927522812e-01 -7.951095864927544277e-01 -7.717218822329562355e-01 -7.286989757864356099e-01 -7.152134017307616443e-01 -6.988196131650528109e-01 -6.954648798734084369e-01 -6.857847918855569658e-01 -6.760062216567899185e-01 -6.300513104332872150e-01 -6.237563663742670128e-01 -6.178283237622553825e-01 -6.109056662028120588e-01 -6.093106332506096345e-01 -5.797249036970575364e-01 -5.490570984921826492e-01 -5.428101949072088317e-01 -5.354956425982931867e-01 -5.287387705857404807e-01 -5.209607205414070741e-01 -5.008387219158116910e-01 -4.770986246391604180e-01 -4.523440363582779122e-01 -4.484036269324711554e-01 -4.441923994956650246e-01 -4.351357896129852687e-01 -4.312838916517702792e-01 -4.103925940131087358e-01 -4.030087171941485469e-01 -3.993549519203548059e-01 -3.565145093217024774e-01 -3.322347328413435275e-01 -3.167725434360263437e-01 -2.889311814765457842e-01 -2.800083029742780893e-01 -2.650227462008580837e-01 -2.482601418777988511e-01 -2.356386754847881182e-01 -1.998434906171013548e-01 -1.684484483994062587e-01 -1.605316980394528859e-01 -1.382334212466136136e-01 -1.286247969103541666e-01 -1.205815358541978410e-01 -1.166001017821361174e-01 -1.001878354899909257e-01 -8.846395983372323801e-02 -1.436087108532698581e-02 -1.164710811870738050e-02 1.164710811870736315e-02 1.436087108532697020e-02 8.846395983372389027e-02 1.001878354899900930e-01 1.166001017821361452e-01 1.205815358541974802e-01 1.286247969103552213e-01 1.382334212466133916e-01 1.605316980394514426e-01 1.684484483994068416e-01 1.998434906171006331e-01 2.356386754847877851e-01 2.482601418777978242e-01 2.650227462008543089e-01 2.800083029742796992e-01 2.889311814765490594e-01 3.167725434360237902e-01 3.322347328413425838e-01 3.565145093217015337e-01 3.993549519203585252e-01 4.030087171941463819e-01 4.103925940131064043e-01 4.312838916517691135e-01 4.351357896129818270e-01 4.441923994956621380e-01 4.484036269324715995e-01 4.523440363582729162e-01 4.770986246391552554e-01 5.008387219158120240e-01 5.209607205414062969e-01 5.287387705857451436e-01 5.354956425982962953e-01 5.428101949072152710e-01 5.490570984921865350e-01 5.797249036970530955e-01 6.093106332506080802e-01 6.109056662028126139e-01 6.178283237622581581e-01 6.237563663742655695e-01 6.300513104332892134e-01 6.760062216567876980e-01 6.857847918855548563e-01 6.954648798734119897e-01 6.988196131650530329e-01 7.152134017307606451e-01 7.286989757864306139e-01 7.717218822329549033e-01 7.951095864927520962e-01 8.120100016927436215e-01 8.326524547170228718e-01
-8.300763285419903159e-01 -8.112178101354935444e-01 -7.956448012995515073e-01 -7.714374051248596986e-01 -7.292923421891525093e-01 -7.157100578626979237e-01 -6.998959238499592450e-01 -6.944490567116005098e-01 -6.861547512013282946e-01 -6.748314429818040860e-01 -6.317198035574311810e-01 -6.237858870337978923e-01 -6.175405420193472716e-01 -6.116092565638140410e-01 -6.092279489230894018e-01 -5.815302406459416096e-01 -5.503686963750237249e-01 -5.410239613923852886e-01 -5.357272719443619824e-01 -5.287159980916990021e-01 -5.198647952660101490e-01 -5.004937881261362076e-01 -4.776506564959760448e-01 -4.530513307572006099e-01 -4.486192366697724365e-01 -4.435123505161763235e-01 -4.341252833755034346e-01 -4.300855132692089078e-01 -4.091082991754281806e-01 -4.024079760193542965e-01 -3.980861219317402555e-01 -3.540170250435770161e-01 -3.335133275779244011e-01 -3.171539685707716050e-01 -2.882695882732438930e-01 -2.788491702592715837e-01 -2.650311190123072480e-01 -2.473921610140903116e-01 -2.359072657834948017e-01 -1.989766508360124309e-01 -1.693844633780970943e-01 -1.611463564144062777e-01 -1.380449116614624883e-01 -1.281395454040757942e-01 -1.196618272984848047e-01 -1.156650889535780352e-01 -9.871904307482877450e-02 -8.662943787160055920e-02 -1.441538499454780159e-02 -1.157306836506029508e-02 1.157306836506020314e-02 1.441538499454774781e-02 8.662943787160097553e-02 9.871904307482762264e-02 1.156650889535780352e-01 1.196618272984840414e-01 1.281395454040740733e-01 1.380449116614615723e-01 1.611463564144070271e-01 1.693844633780964559e-01 1.989766508360111541e-01 2.359072657834958286e-01 2.473921610140891181e-01 2.650311190123132432e-01 2.788491702592715837e-01 2.882695882732398407e-01 3.171539685707728262e-01 3.335133275779235129e-01 3.540170250435789590e-01 3.980861219317448629e-01 4.024079760193575717e-01 4.091082991754332876e-01 4.300855132692057436e-01 4.341252833754999374e-01 4.435123505161752688e-01 4.486192366697671630e-01 4.530513307571970016e-01 4.776506564959823176e-01 5.004937881261394272e-01 5.198647952660170324e-01 5.287159980917036650e-01 5.357272719443653131e-01 5.410239613923883972e-01 5.503686963750271666e-01 5.815302406459359474e-01 6.092279489230937317e-01 6.116092565638137080e-01 6.175405420193462724e-01 6.237858870337947836e-01 6.317198035574311810e-01 6.748314429818050852e-01 6.861547512013205230e-01 6.944490567115977342e-01 6.998959238499614655e-01 7.157100578626931497e-01 7.292923421891461810e-01 7.714374051248620301e-01 7.956448012995538388e-01 8.112178101355014270e-01 8.300763285419916482e-01
-8.275520342123975359e-01 -8.104620887302134147e-01 -7.961585498804641947e-01 -7.711742144564898149e-01 -7.298861917207523087e-01 -7.161377641046331455e-01 -7.010453495807937863e-01 -6.934254424159740360e-01 -6.865500290944643869e-01 -6.735787261145538274e-01 -6.333756232996958779e-01 -6.238291491394940547e-01 -6.172257329866971398e-01 -6.123350157987983433e-01 -6.091013940346031719e-01 -5.832814328013522509e-01 -5.517697952258635574e-01 -5.393150812669523786e-01 -5.359585150754508920e-01 -5.286803288115839994e-01 -5.187282688041596757e-01 -5.001306061496019195e-01 -4.781808121904395636e-01 -4.537631349750741450e-01 -4.491240502798538592e-01 -4.424626673568422541e-01 -4.331538060212502539e-01 -4.288118448520562009e-01 -4.077114348951323963e-01 -4.018710573078659309e-01 -3.967653399901717726e-01 -3.515300379739259018e-01 -3.347708753089351785e-01 -3.174960414460239466e-01 -2.876273350892474268e-01 -2.776830906437779967e-01 -2.650235343650665931e-01 -2.464795888904932897e-01 -2.361342372025959646e-01 -1.981394263714628123e-01 -1.702674502531919265e-01 -1.617153470541248805e-01 -1.378340600767319346e-01 -1.276437315214053181e-01 -1.187243930725262464e-01 -1.147090498142224191e-01 -9.724525560175988070e-02 -8.480112007965862064e-02 -1.446929791491809517e-02 -1.149856836028605514e-02 1.149856836028609157e-02 1.446929791491812466e-02 8.480112007965759369e-02 9.724525560175861782e-02 1.147090498142234738e-01 1.187243930725262464e-01 1.276437315214050683e-01 1.378340600767324065e-01 1.617153470541244364e-01 1.702674502531937029e-01 1.981394263714636728e-01 2.361342372025982961e-01 2.464795888904946219e-01 2.650235343650670927e-01 2.776830906437768309e-01 2.876273350892457059e-01 3.174960414460261671e-01 3.347708753089351230e-01 3.515300379739285108e-01 3.967653399901728273e-01 4.018710573078705939e-01 4.077114348951346168e-01 4.288118448520565340e-01 4.331538060212503094e-01 4.424626673568418656e-01 4.491240502798500289e-01 4.537631349750765875e-01 4.781808121904402298e-01 5.001306061496066935e-01 5.187282688041605638e-01 5.286803288115841104e-01 5.359585150754513361e-01 5.393150812669559313e-01 5.517697952258597827e-01 5.832814328013471439e-01 6.091013940346055033e-01 6.123350157988000086e-01 6.172257329866962516e-01 6.238291491394933885e-01 6.333756232997017621e-01 6.735787261145554927e-01 6.865500290944680506e-01 6.934254424159717045e-01 7.010453495807905666e-01 7.161377641046302589e-01 7.298861917207534189e-01 7.711742144564944779e-01 7.961585498804657490e-01 8.104620887302095289e-01 8.275520342123935391e-01
-8.250886800638412844e-01 -8.097371821832503036e-01 -7.966491764474957771e-01 -7.709327968418285826e-01 -7.304818012991897147e-01 -7.164951169646193163e-01 -7.022597030276609420e-01 -6.923959293397278225e-01 -6.869672033235242337e-01 -6.722514351889472550e-01 -6.350201888608774103e-01 -6.238899217164246558e-01 -6.168825231533081599e-01 -6.130700475119602588e-01 -6.089403733785934136e-01 -5.849655799628790120e-01 -5.532477757054233836e-01 -5.377631392168117364e-01 -5.361471787925791155e-01 -5.286247609099380407e-01 -5.175462881870810383e-01 -4.997400090576696319e-01 -4.786808762743824941e-01 -4.544876774857121715e-01 -4.497108376297180299e-01 -4.412486934435249641e-01 -4.322123249478992957e-01 -4.274791256094691017e-01 -4.062140169694093417e-01 -4.013796522188399218e-01 -3.954019619581197742e-01 -3.490679442498491047e-01 -3.359910840841866531e-01 -3.177970951642414832e-01 -2.870021757429083720e-01 -2.765150585783782700e-01 -2.649993111233012177e-01 -2.455210235671336505e-01 -2.363191255465268981e-01 -1.973341170759772278e-01 -1.710926257454479515e-01 -1.622375901595670411e-01 -1.376026152781162082e-01 -1.271391636536092773e-01 -1.177704994246105974e-01 -1.137326941862158991e-01 -9.576852741967852023e-02 -8.298097638081923522e-02 -1.452259847866986531e-02 -1.142361671378567048e-02 1.142361671378567568e-02 1.452259847866982541e-02 8.298097638081848582e-02 9.576852741967746552e-02 1.137326941862154411e-01 1.177704994246105141e-01 1.271391636536095271e-01 1.376026152781163192e-01 1.622375901595652647e-01 1.710926257454497001e-01 1.973341170759759511e-01 2.363191255465315610e-01 2.455210235671353158e-01 2.649993111232973320e-01 2.765150585783772152e-01 2.870021757429098153e-01 3.177970951642422603e-01 3.359910840841878743e-01 3.490679442498478835e-01 3.954019619581199407e-01 4.013796522188390892e-01 4.062140169694039571e-01 4.274791256094662706e-01 4.322123249479046248e-01 4.412486934435256858e-01 4.497108376297196397e-01 4.544876774857077861e-01 4.786808762743763879e-01 4.997400090576751830e-01 5.175462881870785958e-01 5.286247609099368194e-01 5.361471787925828902e-01 5.377631392168162883e-01 5.532477757054244938e-01 5.849655799628799002e-01 6.089403733785913042e-01 6.130700475119621462e-01 6.168825231533083819e-01 6.238899217164280975e-01 6.350201888608770773e-01 6.722514351889498085e-01 6.869672033235276754e-01 6.923959293397283776e-01 7.022597030276624963e-01 7.164951169646248674e-01 7.304818012991911580e-01 7.709327968418338006e-01 7.966491764474890047e-01 8.097371821832521910e-01 8.250886800638468355e-01
-8.226971508557781032e-01 -8.090353771596171528e-01 -7.971149992650584659e-01 -7.707136083331272980e-01 -7.310804261201765408e-01 -7.167826063978159912e-01 -7.035289181180511831e-01 -6.913654452552476792e-01 -6.873996979517389416e-01 -6.708536144705480320e-01 -6.366551711153679571e-01 -6.239713771666756115e-01 -6.165131005952377841e-01 -6.138007848416452417e-01 -6.087536933580804943e-01 -5.865679949926263514e-01 -5.547979178231432495e-01 -5.368778011933561523e-01 -5.358135910687418235e-01 -5.285409121174303726e-01 -5.163150777478493492e-01 -4.993141880415075673e-01 -4.791412347027205754e-01 -4.552315416094250278e-01 -4.502846797330469775e-01 -4.399676175782975540e-01 -4.312873528116819011e-01 -4.261054756283697564e-01 -4.046377276168939274e-01 -4.009105309971862097e-01 -3.940002203331374186e-01 -3.466635951112472247e-01 -3.371387329047235704e-01 -3.180555812740635813e-01 -2.863914368532179400e-01 -2.753519541949919214e-01 -2.649563883947358423e-01 -2.445154469020023313e-01 -2.364612400871421993e-01 -1.965630900014275761e-01 -1.718553298562392195e-01 -1.627121752845491487e-01 -1.373522737467763322e-01 -1.266277591497105282e-01 -1.168013987875232418e-01 -1.127367732892347180e-01 -9.429068853386796123e-02 -8.117086409305221406e-02 -1.457527469800141799e-02 -1.134822405022784843e-02 1.134822405022780506e-02 1.457527469800133646e-02 8.117086409305210304e-02 9.429068853386610161e-02 1.127367732892346486e-01 1.168013987875229504e-01 1.266277591497094179e-01 1.373522737467752219e-01 1.627121752845494540e-01 1.718553298562412734e-01 1.965630900014264382e-01 2.364612400871415054e-01 2.445154469020021093e-01 2.649563883947391729e-01 2.753519541949898120e-01 2.863914368532191612e-01 3.180555812740660238e-01 3.371387329047188519e-01 3.466635951112470027e-01 3.940002203331389175e-01 4.009105309971862652e-01 4.046377276168925397e-01 4.261054756283740308e-01 4.312873528116789590e-01 4.399676175782984422e-01 4.502846797330476991e-01 4.552315416094288580e-01 4.791412347027214635e-01 4.993141880415076783e-01 5.163150777478489051e-01 5.285409121174313718e-01 5.358135910687373826e-01 5.368778011933533767e-01 5.547979178231418063e-01 5.865679949926297931e-01 6.087536933580888210e-01 6.138007848416466850e-01 6.165131005952365628e-01 6.239713771666804965e-01 6.366551711153705106e-01 6.708536144705435911e-01 6.873996979517379424e-01 6.913654452552395746e-01 7.035289181180518492e-01 7.167826063978167683e-01 7.310804261201718779e-01 7.707136083331301846e-01 7.971149992650643501e-01 8.090353771596175969e-01 8.226971508557786583e-01
-8.203914467950838008e-01 -8.083457880759209457e-01 -7.975542925011317452e-01 -7.705170693271828908e-01 -7.316832837163389502e-01 -7.170037232846732111e-01 -7.048400042427511725e-01 -6.903513066167852319e-01 -6.878285107843918889e-01 -6.693900246395010356e-01 -6.382823300371184283e-01 -6.240760138312444472e-01 -6.161335532611367238e-01 -6.145008719618169080e-01 -6.085521595378240445e-01 -5.880715285979911666e-01 -5.564165051273525231e-01 -5.370061223656221738e-01 -5.346395385991767890e-01 -5.284190907298877971e-01 -5.150325759690768113e-01 -4.988469084103185347e-01 -4.795506441663054953e-01 -4.559979095444656738e-01 -4.508045647159447666e-01 -4.386685974337770078e-01 -4.303642667879986616e-01 -4.247076974478502520e-01 -4.030333652328170202e-01 -4.004148490317654407e-01 -3.925602669287726054e-01 -3.444165892343562518e-01 -3.381113692004017457e-01 -3.182700922984817993e-01 -2.857921232058694416e-01 -2.742032099600434369e-01 -2.648906100825961785e-01 -2.434622278089212666e-01 -2.365595994576072392e-01 -1.958287478952424332e-01 -1.725510447813353998e-01 -1.631383414381150920e-01 -1.370846745292374491e-01 -1.261115084999848701e-01 -1.158183545564405864e-01 -1.117220738667451668e-01 -9.281337150766320876e-02 -7.937254548907748952e-02 -1.462731386091354301e-02 -1.127240318949063007e-02 1.127240318949061099e-02 1.462731386091354994e-02 7.937254548907604623e-02 9.281337150766334754e-02 1.117220738667447782e-01 1.158183545564396150e-01 1.261115084999836211e-01 1.370846745292362001e-01 1.631383414381155639e-01 1.725510447813347614e-01 1.958287478952418226e-01 2.365595994576073224e-01 2.434622278089221825e-01 2.648906100825968446e-01 2.742032099600396622e-01 2.857921232058724947e-01 3.182700922984770253e-01 3.381113692004037996e-01 3.444165892343578617e-01 3.925602669287678870e-01 4.004148490317618880e-01 4.030333652328212390e-01 4.247076974478496414e-01 4.303642667879963302e-01 4.386685974337763971e-01 4.508045647159480973e-01 4.559979095444633423e-01 4.795506441663043296e-01 4.988469084103238083e-01 5.150325759690770333e-01 5.284190907298849105e-01 5.346395385991769000e-01 5.370061223656259486e-01 5.564165051273533003e-01 5.880715285979928320e-01 6.085521595378250437e-01 6.145008719618134663e-01 6.161335532611407206e-01 6.240760138312428928e-01 6.382823300371160968e-01 6.693900246395035891e-01 6.878285107843874480e-01 6.903513066167834555e-01 7.048400042427500622e-01 7.170037232846692143e-01 7.316832837163449454e-01 7.705170693271840010e-01 7.975542925011213091e-01 8.083457880759229441e-01 8.203914467950855771e-01
-8.181906112412450360e-01 -8.076525911624973242e-01 -7.979652487622863610e-01 -7.703435598979521126e-01 -7.322915375659221349e-01 -7.171669532554917348e-01 -7.061751412916777992e-01 -6.894546024556067465e-01 -6.881508853288765826e-01 -6.678661939072718656e-01 -6.399033998853427274e-01 -6.242056044807638981e-01 -6.158663854205435051e-01 -6.150382284856864556e-01 -6.083497660012479047e-01 -5.894558944628249808e-01 -5.580992013521567374e-01 -5.373095687848373769e-01 -5.334910365775618057e-01 -5.282492402332873427e-01 -5.136992368122796915e-01 -4.983338450035371681e-01 -4.798959678561461328e-01 -4.567857817272534815e-01 -4.512533112903163723e-01 -4.373833658057316720e-01 -4.294290300426660267e-01 -4.232999975673735205e-01 -4.015654535867422825e-01 -3.997325615812625799e-01 -3.910788589058351583e-01 -3.427158544140979091e-01 -3.385167267900599519e-01 -3.184393705004512909e-01 -2.852010288441975683e-01 -2.730818155502419686e-01 -2.647946796718896323e-01 -2.423611151796239982e-01 -2.366128638284504815e-01 -1.951334685009588343e-01 -1.731754463311203640e-01 -1.635154634818517805e-01 -1.368013919851470139e-01 -1.255924412930238820e-01 -1.148226626108221488e-01 -1.106894142185483321e-01 -9.133803310362235972e-02 -7.758770181770317798e-02 -1.467870242289734395e-02 -1.119616934197605398e-02 1.119616934197607827e-02 1.467870242289730058e-02 7.758770181770303920e-02 9.133803310362072214e-02 1.106894142185490676e-01 1.148226626108216214e-01 1.255924412930239098e-01 1.368013919851457372e-01 1.635154634818500596e-01 1.731754463311209469e-01 1.951334685009581404e-01 2.366128638284510366e-01 2.423611151796276064e-01 2.647946796718862461e-01 2.730818155502440225e-01 2.852010288441990116e-01 3.184393705004475161e-01 3.385167267900623389e-01 3.427158544141001295e-01 3.910788589058403208e-01 3.997325615812579724e-01 4.015654535867395625e-01 4.232999975673678583e-01 4.294290300426685802e-01 4.373833658057286189e-01 4.512533112903157617e-01 4.567857817272506504e-01 4.798959678561480757e-01 4.983338450035415534e-01 5.136992368122744734e-01 5.282492402332911174e-01 5.334910365775635821e-01 5.373095687848359336e-01 5.580992013521572925e-01 5.894558944628259800e-01 6.083497660012548991e-01 6.150382284856906745e-01 6.158663854205448374e-01 6.242056044807645643e-01 6.399033998853431715e-01 6.678661939072754183e-01 6.881508853288743621e-01 6.894546024555988639e-01 7.061751412916790205e-01 7.171669532554864057e-01 7.322915375659235782e-01 7.703435598979530008e-01 7.979652487622815871e-01 8.076525911625002108e-01 8.181906112412420384e-01
-8.161214060254793345e-01 -8.069325004540626178e-01 -7.983458998561241415e-01 -7.701934156982819246e-01 -7.329062804115846763e-01 -7.172894725136148564e-01 -7.075080709954121305e-01 -6.892344240989940474e-01 -6.878061367116619085e-01 -6.662884928126074913e-01 -6.415199905693029780e-01 -6.243611897113979792e-01 -6.161832363548073177e-01 -6.149322412715335640e-01 -6.081643031207144556e-01 -5.906972094060215506e-01 -5.598405866627564897e-01 -5.376651664469462855e-01 -5.325134411606656792e-01 -5.280240384937696652e-01 -5.123189135672021610e-01 -4.977730033784421027e-01 -4.801619180608819315e-01 -4.575904146361176039e-01 -4.516256919713966811e-01 -4.361368819839741562e-01 -4.284693207410016913e-01 -4.218939187263233692e-01 -4.005922246439396206e-01 -3.985117548649180219e-01 -3.895496737143215316e-01 -3.423887176770480378e-01 -3.375236751937997215e-01 -3.185622927329616050e-01 -2.846148493204183061e-01 -2.720057178000339082e-01 -2.646567279181324950e-01 -2.412122311008031705e-01 -2.366192583453889109e-01 -1.944795061057465468e-01 -1.737244960023313356e-01 -1.638430426274245233e-01 -1.365039272615699295e-01 -1.250725945899701097e-01 -1.138156689086997075e-01 -1.096396419560241448e-01 -8.986597178171240596e-02 -7.581794451280524094e-02 -1.472942589481862456e-02 -1.111954031864240480e-02 1.111954031864234409e-02 1.472942589481857252e-02 7.581794451280467195e-02 8.986597178171272515e-02 1.096396419560248109e-01 1.138156689086996243e-01 1.250725945899705538e-01 1.365039272615689858e-01 1.638430426274253282e-01 1.737244960023322793e-01 1.944795061057452978e-01 2.366192583453899101e-01 2.412122311008036424e-01 2.646567279181332721e-01 2.720057178000339637e-01 2.846148493204188057e-01 3.185622927329600507e-01 3.375236751937973900e-01 3.423887176770512575e-01 3.895496737143204768e-01 3.985117548649233510e-01 4.005922246439433398e-01 4.218939187263212598e-01 4.284693207410043003e-01 4.361368819839785416e-01 4.516256919713942386e-01 4.575904146361189917e-01 4.801619180608779347e-01 4.977730033784433239e-01 5.123189135672020500e-01 5.280240384937652243e-01 5.325134411606665674e-01 5.376651664469443981e-01 5.598405866627521599e-01 5.906972094060248812e-01 6.081643031207102368e-01 6.149322412715352293e-01 6.161832363548112035e-01 6.243611897114014209e-01 6.415199905693081961e-01 6.662884928126032724e-01 6.878061367116621305e-01 6.892344240989938253e-01 7.075080709954144620e-01 7.172894725136167438e-01 7.329062804115894503e-01 7.701934156982819246e-01 7.983458998561241415e-01 8.069325004540666146e-01 8.161214060254683433e-01
-8.142210983589688311e-01 -8.061521930141311021e-01 -7.986939389254456012e-01 -7.700669245649214290e-01 -7.335285174661331231e-01 -7.174039443045938658e-01 -7.087973796207363009e-01 -6.896276784887405142e-01 -6.868558966530675658e-01 -6.646642463037597537e-01 -6.431334843285306802e-01 -6.245431099492723126e-01 -6.167861478858828184e-01 -6.144725498424744581e-01 -6.080171170826987881e-01 -5.917682308571322602e-01 -5.616339924544320183e-01 -5.380590720705997754e-01 -5.317308088127739030e-01 -5.277449991587436218e-01 -5.108996872133787504e-01 -4.971650917743008491e-01 -4.803309028782526968e-01 -4.584045288372758931e-01 -4.519227455526228510e-01 -4.349502204423835727e-01 -4.274760122225455539e-01 -4.204987623522691842e-01 -4.000517918057736044e-01 -3.968219076672106493e-01 -3.879634439962770798e-01 -3.430547272100705203e-01 -3.355084566875294882e-01 -3.186378121796221152e-01 -2.840302925379828425e-01 -2.709993507604234186e-01 -2.644587538090850121e-01 -2.400160965283672232e-01 -2.365764632342326479e-01 -1.938688489836846163e-01 -1.741945794984123830e-01 -1.641206995141070435e-01 -1.361936991581691181e-01 -1.245539841893818639e-01 -1.127987826628879531e-01 -1.085736333061881331e-01 -8.839834197567127128e-02 -7.406482414427396910e-02 -1.477946872767770155e-02 -1.104253675454713347e-02 1.104253675454714041e-02 1.477946872767777961e-02 7.406482414427431604e-02 8.839834197567117413e-02 1.085736333061890074e-01 1.127987826628888829e-01 1.245539841893832933e-01 1.361936991581677858e-01 1.641206995141071268e-01 1.741945794984121054e-01 1.938688489836824236e-01 2.365764632342318985e-01 2.400160965283706371e-01 2.644587538090826806e-01 2.709993507604263052e-01 2.840302925379822874e-01 3.186378121796210605e-01 3.355084566875293217e-01 3.430547272100738510e-01 3.879634439962817427e-01 3.968219076672078738e-01 4.000517918057680533e-01 4.204987623522699614e-01 4.274760122225406689e-01 4.349502204423802421e-01 4.519227455526241277e-01 4.584045288372798899e-01 4.803309028782536960e-01 4.971650917742962417e-01 5.108996872133817480e-01 5.277449991587438438e-01 5.317308088127722376e-01 5.380590720705981100e-01 5.616339924544334616e-01 5.917682308571382555e-01 6.080171170826932370e-01 6.144725498424744581e-01 6.167861478858814861e-01 6.245431099492753102e-01 6.431334843285207992e-01 6.646642463037493176e-01 6.868558966530671217e-01 6.896276784887401812e-01 7.087973796207313049e-01 7.174039443045985287e-01 7.335285174661313468e-01 7.700669245649185424e-01 7.986939389254484878e-01 8.061521930141372083e-01 8.142210983589687201e-01
-8.125371060087036579e-01 -8.052691067809881753e-01 -7.990062803179047712e-01 -7.699643239479859735e-01 -7.341591496879023016e-01 -7.175696246548644019e-01 -7.099754611833328788e-01 -6.901411764595473119e-01 -6.857920855203323285e-01 -6.630019109813958256e-01 -6.447448955595256326e-01 -6.247510615244650234e-01 -6.173937729451339784e-01 -6.139330690849342798e-01 -6.079312246513877138e-01 -5.926400967671606734e-01 -5.634713706818884615e-01 -5.384883625735888968e-01 -5.311374951333447392e-01 -5.274282618336511019e-01 -5.094545091696084382e-01 -4.965135742022042109e-01 -4.803831678772056413e-01 -4.592195388521067567e-01 -4.521485331134978969e-01 -4.338402228213660838e-01 -4.264453063814477862e-01 -4.191221018067497472e-01 -3.996519884811520207e-01 -3.949633737268071210e-01 -3.863081851951259416e-01 -3.439822063296785193e-01 -3.331982734583945338e-01 -3.186648158750146065e-01 -2.834441876116990944e-01 -2.700939952289092560e-01 -2.641762306894222534e-01 -2.387738354278967079e-01 -2.364813341505994371e-01 -1.933030323042225773e-01 -1.745826915277418900e-01 -1.643481687995738960e-01 -1.358720349065316857e-01 -1.240385791089653605e-01 -1.117734848251987073e-01 -1.074922937430990572e-01 -8.693616591346511879e-02 -7.232983753598991317e-02 -1.482881419532294277e-02 -1.096518234398631726e-02 1.096518234398634675e-02 1.482881419532291849e-02 7.232983753599023236e-02 8.693616591346513267e-02 1.074922937430999315e-01 1.117734848251993734e-01 1.240385791089627376e-01 1.358720349065313526e-01 1.643481687995740625e-01 1.745826915277429725e-01 1.933030323042247423e-01 2.364813341505979938e-01 2.387738354279026753e-01 2.641762306894194223e-01 2.700939952289082013e-01 2.834441876116959858e-01 3.186648158750138848e-01 3.331982734583965322e-01 3.439822063296764099e-01 3.863081851951224999e-01 3.949633737268101741e-01 3.996519884811523537e-01 4.191221018067594062e-01 4.264453063814476752e-01 4.338402228213698031e-01 4.521485331134958430e-01 4.592195388521067567e-01 4.803831678772089164e-01 4.965135742022038778e-01 5.094545091696094374e-01 5.274282618336528783e-01 5.311374951333426297e-01 5.384883625735901180e-01 5.634713706818820222e-01 5.926400967671586750e-01 6.079312246513902673e-01 6.139330690849317262e-01 6.173937729451325351e-01 6.247510615244642462e-01 6.447448955595220799e-01 6.630019109814029310e-01 6.857920855203268884e-01 6.901411764595504206e-01 7.099754611833312135e-01 7.175696246548637358e-01 7.341591496878976386e-01 7.699643239479821988e-01 7.990062803179058815e-01 8.052691067809839565e-01 8.125371060087044350e-01
-8.111162415284323135e-01 -8.042434317665556609e-01 -7.992777973903772981e-01 -7.698857992700861574e-01 -7.347989573056962209e-01 -7.178827054275842556e-01 -7.109382323650863533e-01 -6.906947469975742715e-01 -6.846938588360567124e-01 -6.613113910618648728e-01 -6.463546140034558407e-01 -6.249841626281980034e-01 -6.179598637536667383e-01 -6.133541049696989989e-01 -6.079268069018683995e-01 -5.932864124317148713e-01 -5.653430735415992947e-01 -5.389519121112692490e-01 -5.307094622572084974e-01 -5.271019926346399709e-01 -5.080016102276653234e-01 -4.958240041585337265e-01 -4.802975433735022781e-01 -4.600263034174698618e-01 -4.523082780918522006e-01 -4.328180588630515246e-01 -4.253810102726490738e-01 -4.177702135627565649e-01 -3.992848192551697872e-01 -3.930518428330178615e-01 -3.845698691524375157e-01 -3.449554300272458796e-01 -3.308044360725819755e-01 -3.186417986130208324e-01 -2.828535931419827731e-01 -2.693238024580336676e-01 -2.637820298772324823e-01 -2.374888034026491901e-01 -2.363282184471415248e-01 -1.927829165739728956e-01 -1.748866562248199419e-01 -1.645252944959748886e-01 -1.355401612793729060e-01 -1.235282794660710198e-01 -1.107413318577196298e-01 -1.063965596342386910e-01 -8.548034362672751740e-02 -7.061443337765122008e-02 -1.487744427670801770e-02 -1.088750408442741568e-02 1.088750408442738099e-02 1.487744427670802637e-02 7.061443337765119233e-02 8.548034362672687902e-02 1.063965596342394820e-01 1.107413318577205597e-01 1.235282794660710198e-01 1.355401612793722677e-01 1.645252944959749719e-01 1.748866562248208578e-01 1.927829165739707862e-01 2.363282184471417746e-01 2.374888034026506611e-01 2.637820298772313166e-01 2.693238024580352774e-01 2.828535931419835503e-01 3.186417986130193336e-01 3.308044360725843069e-01 3.449554300272493768e-01 3.845698691524380153e-01 3.930518428330193603e-01 3.992848192551713415e-01 4.177702135627540669e-01 4.253810102726399145e-01 4.328180588630568537e-01 4.523082780918465939e-01 4.600263034174656984e-01 4.802975433734981703e-01 4.958240041585317281e-01 5.080016102276707635e-01 5.271019926346430795e-01 5.307094622572104958e-01 5.389519121112675837e-01 5.653430735415995168e-01 5.932864124317130949e-01 6.079268069018715082e-01 6.133541049696973335e-01 6.179598637536628525e-01 6.249841626281976703e-01 6.463546140034597265e-01 6.613113910618569902e-01 6.846938588360560463e-01 6.906947469975737164e-01 7.109382323650793589e-01 7.178827054275849218e-01 7.347989573056959989e-01 7.698857992700831598e-01 7.992777973903727462e-01 8.042434317665537735e-01 8.111162415284308702e-01
-8.099807786885707683e-01 -8.030665156936486193e-01 -7.994967921756664930e-01 -7.698314833013301106e-01 -7.354485837576859586e-01 -7.184592429833883687e-01 -7.115622510555859037e-01 -6.912726270040046028e-01 -6.835762765271189423e-01 -6.596047357489293050e-01 -6.479617768512911935e-01 -6.252410191005380868e-01 -6.184654922842095504e-01 -6.127516127552923297e-01 -6.080137205339088968e-01 -5.936896352422855738e-01 -5.672374424500968848e-01 -5.394486251510058894e-01 -5.304187540395108869e-01 -5.267937451965393203e-01 -5.065647168251449228e-01 -4.951022171419610651e-01 -4.800531923211706631e-01 -4.608152614200706765e-01 -4.524074058122079522e-01 -4.318882856597523467e-01 -4.242959022829656535e-01 -4.164483588857427754e-01 -3.989077112218806787e-01 -3.911353220286127308e-01 -3.827339035245696519e-01 -3.459097907067533728e-01 -3.283879835364909017e-01 -3.185660793361683174e-01 -2.822559083407805147e-01 -2.687144913911274080e-01 -2.632576352509052309e-01 -2.362470294203725674e-01 -2.360284924836115183e-01 -1.923084559274396421e-01 -1.751053583433306859e-01 -1.646520254763133573e-01 -1.351991963636529626e-01 -1.230248977942255267e-01 -1.097039550422980597e-01 -1.052874004742933994e-01 -8.403166169970249788e-02 -6.892001658188752489e-02 -1.492533953991622038e-02 -1.080953252534375478e-02 1.080953252534377039e-02 1.492533953991625160e-02 6.892001658188780244e-02 8.403166169970248400e-02 1.052874004742928304e-01 1.097039550422979765e-01 1.230248977942237781e-01 1.351991963636544059e-01 1.646520254763138291e-01 1.751053583433293259e-01 1.923084559274400029e-01 2.360284924836125175e-01 2.362470294203742049e-01 2.632576352509071183e-01 2.687144913911295174e-01 2.822559083407786829e-01 3.185660793361675402e-01 3.283879835364930666e-01 3.459097907067463229e-01 3.827339035245700960e-01 3.911353220286157284e-01 3.989077112218866739e-01 4.164483588857439966e-01 4.242959022829648208e-01 4.318882856597545117e-01 4.524074058122131148e-01 4.608152614200693997e-01 4.800531923211666663e-01 4.951022171419613427e-01 5.065647168251417032e-01 5.267937451965449824e-01 5.304187540395126632e-01 5.394486251510048902e-01 5.672374424500913337e-01 5.936896352422795786e-01 6.080137205339033457e-01 6.127516127552886660e-01 6.184654922842031111e-01 6.252410191005414175e-01 6.479617768512913045e-01 6.596047357489279728e-01 6.835762765271233832e-01 6.912726270040020493e-01 7.115622510555845714e-01 7.184592429833807081e-01 7.354485837576869578e-01 7.698314833013253367e-01 7.994967921756649387e-01 8.030665156936434013e-01 8.099807786885685479e-01
-8.091109539521849081e-01 -8.018013690193536158e-01 -7.996218935246712789e-01 -7.698014566157638239e-01 -7.361085201847454851e-01 -7.193643925775073944e-01 -7.117755196212665059e-01 -6.918694719718342379e-01 -6.824443466331558961e-01 -6.578982441686930249e-01 -6.495622223436168241e-01 -6.255197839693086292e-01 -6.188964250081366858e-01 -6.121435155650283289e-01 -6.081818425982814524e-01 -5.938477479316709440e-01 -5.691400761490948979e-01 -5.399769660822945072e-01 -5.302468593207583236e-01 -5.265180483734925865e-01 -5.051730804775883543e-01 -4.943512510850160413e-01 -4.796326708864238064e-01 -4.615759857218098006e-01 -4.524511234887538258e-01 -4.310493271724257780e-01 -4.232113794690797737e-01 -4.151608935663742006e-01 -3.984928605005876312e-01 -3.892423726870160583e-01 -3.807875174416343600e-01 -3.468166364781752331e-01 -3.259769791886535928e-01 -3.184316753614843676e-01 -2.816489927640383195e-01 -2.682698241996231414e-01 -2.626065229643593790e-01 -2.358748791690234159e-01 -2.347529266517910662e-01 -1.918784948853829442e-01 -1.752389461346184896e-01 -1.647284107011228182e-01 -1.348501422707152342e-01 -1.225301436927694748e-01 -1.086630558424929588e-01 -1.041658211619797963e-01 -8.259080123452787470e-02 -6.724795157939875145e-02 -1.497247903095205029e-02 -1.073130201674429851e-02 1.073130201674422392e-02 1.497247903095203295e-02 6.724795157939897350e-02 8.259080123452854083e-02 1.041658211619800462e-01 1.086630558424927367e-01 1.225301436927683230e-01 1.348501422707172881e-01 1.647284107011222631e-01 1.752389461346159638e-01 1.918784948853828054e-01 2.347529266517932311e-01 2.358748791690212787e-01 2.626065229643599341e-01 2.682698241996240851e-01 2.816489927640394297e-01 3.184316753614824247e-01 3.259769791886568124e-01 3.468166364781755107e-01 3.807875174416348041e-01 3.892423726870115619e-01 3.984928605005824132e-01 4.151608935663687605e-01 4.232113794690810504e-01 4.310493271724293307e-01 4.524511234887567124e-01 4.615759857218135198e-01 4.796326708864275812e-01 4.943512510850178732e-01 5.051730804775913519e-01 5.265180483734941408e-01 5.302468593207531056e-01 5.399769660822995032e-01 5.691400761490976734e-01 5.938477479316739416e-01 6.081818425982817855e-01 6.121435155650263304e-01 6.188964250081381291e-01 6.255197839693102946e-01 6.495622223436193776e-01 6.578982441686849203e-01 6.824443466331610031e-01 6.918694719718343489e-01 7.117755196212689484e-01 7.193643925775091708e-01 7.361085201847413773e-01 7.698014566157744820e-01 7.996218935246737214e-01 8.018013690193541709e-01 8.091109539521853522e-01
-8.084568523590702771e-01 -8.007363451660155507e-01 -7.994163477000136853e-01 -7.697957491730295088e-01 -7.367790905871701712e-01 -7.205633331420220333e-01 -7.116065909228022068e-01 -6.924827929621516498e-01 -6.813006341139135058e-01 -6.562222792531636761e-01 -6.511386880725377191e-01 -6.258182058723653629e-01 -6.192398890366416220e-01 -6.115625105781433701e-01 -6.083891077392716840e-01 -5.937779433419259068e-01 -5.710325691722762942e-01 -5.405348355588209808e-01 -5.301895209019621413e-01 -5.262724579537367831e-01 -5.038610278473285575e-01 -4.935676847909215570e-01 -4.790262442240588170e-01 -4.622961358574514956e-01 -4.524442793765543480e-01 -4.302952127943155403e-01 -4.221554591802429979e-01 -4.139112149867786306e-01 -3.980158410620994180e-01 -3.873911351405368575e-01 -3.787225304792447567e-01 -3.476581299116967561e-01 -3.235986511526373621e-01 -3.182223193159471886e-01 -2.810313033084851919e-01 -2.679695380278415695e-01 -2.618560044534216646e-01 -2.355348992966052324e-01 -2.333359339265994314e-01 -1.914906400638215211e-01 -1.752889590269710585e-01 -1.647545938018028233e-01 -1.344938790123283712e-01 -1.220456115799318370e-01 -1.076203980537940030e-01 -1.030328636829977579e-01 -8.115834545074757100e-02 -6.559956469837734117e-02 -1.501884017124975601e-02 -1.065285095064293953e-02 1.065285095064298811e-02 1.501884017124978724e-02 6.559956469837814608e-02 8.115834545074725181e-02 1.030328636829981742e-01 1.076203980537945581e-01 1.220456115799309627e-01 1.344938790123297867e-01 1.647545938018019629e-01 1.752889590269722242e-01 1.914906400638212991e-01 2.333359339265974608e-01 2.355348992966024291e-01 2.618560044534230524e-01 2.679695380278393491e-01 2.810313033084805290e-01 3.182223193159481878e-01 3.235986511526360299e-01 3.476581299116946466e-01 3.787225304792426472e-01 3.873911351405414649e-01 3.980158410621029152e-01 4.139112149867798518e-01 4.221554591802471612e-01 4.302952127943176497e-01 4.524442793765582338e-01 4.622961358574553259e-01 4.790262442240616481e-01 4.935676847909185594e-01 5.038610278473215631e-01 5.262724579537386704e-01 5.301895209019606980e-01 5.405348355588208697e-01 5.710325691722727415e-01 5.937779433419272390e-01 6.083891077392672431e-01 6.115625105781447024e-01 6.192398890366483943e-01 6.258182058723681385e-01 6.511386880725390514e-01 6.562222792531664517e-01 6.813006341139195010e-01 6.924827929621522049e-01 7.116065909227972108e-01 7.205633331420208121e-01 7.367790905871659524e-01 7.697957491730204049e-01 7.994163477000141294e-01 8.007363451660171050e-01 8.084568523590658362e-01
-8.079644979937493643e-01 -8.004168106621729617e-01 -7.983900469712493786e-01 -7.698143430458758152e-01 -7.374604377190205895e-01 -7.219707745017258649e-01 -7.111350901315941497e-01 -6.931111891326592334e-01 -6.801470594501155542e-01 -6.547190679445636929e-01 -6.525629228508865731e-01 -6.261336597289020034e-01 -6.194843731982886403e-01 -6.110788558156371453e-01 -6.085419436735517440e-01 -5.935158969057453549e-01 -5.728903638976797774e-01 -5.411195626983850149e-01 -5.302537265617788265e-01 -5.260414031327871331e-01 -5.026661667149324719e-01 -4.927393284549533292e-01 -4.782368827892646279e-01 -4.629595964796832663e-01 -4.523913359364635234e-01 -4.296176777783924927e-01 -4.211598380385678242e-01 -4.127016003444690662e-01 -3.974532359713190965e-01 -3.855907054070799034e-01 -3.765373697795936780e-01 -3.484202968526243227e-01 -3.213163932891858199e-01 -3.178814305813994490e-01 -2.804020610262106250e-01 -2.677812485292241362e-01 -2.610449925053204834e-01 -2.351276992366177210e-01 -2.318738570472516358e-01 -1.911412479815009779e-01 -1.752583386055073800e-01 -1.647308067285638555e-01 -1.341311597407816580e-01 -1.215727712140250022e-01 -1.065777976267996557e-01 -1.018896075184823752e-01 -7.973478728786648206e-02 -6.397614573686558059e-02 -1.506439866899935386e-02 -1.057422198691117948e-02 1.057422198691120377e-02 1.506439866899936426e-02 6.397614573686695449e-02 7.973478728786724534e-02 1.018896075184824446e-01 1.065777976267996557e-01 1.215727712140244748e-01 1.341311597407822687e-01 1.647308067285638555e-01 1.752583386055072967e-01 1.911412479815020049e-01 2.318738570472492488e-01 2.351276992366145013e-01 2.610449925053179299e-01 2.677812485292251909e-01 2.804020610262124569e-01 3.178814305813947305e-01 3.213163932891923702e-01 3.484202968526225463e-01 3.765373697795921792e-01 3.855907054070801254e-01 3.974532359713101037e-01 4.127016003444697323e-01 4.211598380385710438e-01 4.296176777783924372e-01 4.523913359364672426e-01 4.629595964796784924e-01 4.782368827892646279e-01 4.927393284549548280e-01 5.026661667149298074e-01 5.260414031327880213e-01 5.302537265617789375e-01 5.411195626983867912e-01 5.728903638976758916e-01 5.935158969057440226e-01 6.085419436735538534e-01 6.110788558156379224e-01 6.194843731982927482e-01 6.261336597289074435e-01 6.525629228508947888e-01 6.547190679445652473e-01 6.801470594501123346e-01 6.931111891326598995e-01 7.111350901315909301e-01 7.219707745017281963e-01 7.374604377190231430e-01 7.698143430458844749e-01 7.983900469712502668e-01 8.004168106621682988e-01 8.079644979937479210e-01
-8.075903832104536217e-01 -8.004149976891197227e-01 -7.970148340063328840e-01 -7.698571762907150395e-01 -7.381525097591798978e-01 -7.235115547838739669e-01 -7.104311544344553697e-01 -6.937537483211467793e-01 -6.789855041218554321e-01 -6.547999029536351046e-01 -6.524382241228576795e-01 -6.264631510925700031e-01 -6.196205981370689342e-01 -6.108157760757355614e-01 -6.084855434201806856e-01 -5.931130916705535938e-01 -5.746791242311107828e-01 -5.417279377170052257e-01 -5.304505767714570164e-01 -5.258040812536318720e-01 -5.016249865015912635e-01 -4.918469249469247240e-01 -4.772852583697920203e-01 -4.635432814334323193e-01 -4.522963614545843503e-01 -4.290078189769631067e-01 -4.202566237472685762e-01 -4.115330479189637791e-01 -3.967831034446308025e-01 -3.838421516221539598e-01 -3.742373501518188039e-01 -3.490906561394920282e-01 -3.193852826746613194e-01 -3.171589823766836624e-01 -2.797614656493151442e-01 -2.676731208802529127e-01 -2.602108726972223729e-01 -2.346465061340758662e-01 -2.303706625841462352e-01 -1.908255491418589522e-01 -1.751513023811045733e-01 -1.646573622492187305e-01 -1.337626075310421325e-01 -1.211129605684230504e-01 -1.055371111016098484e-01 -1.007371681238350830e-01 -7.832053733619637192e-02 -6.237894880526521219e-02 -1.510912845074250006e-02 -1.049546225291543393e-02 1.049546225291551199e-02 1.510912845074261976e-02 6.237894880526569791e-02 7.832053733619687153e-02 1.007371681238333205e-01 1.055371111016102370e-01 1.211129605684230781e-01 1.337626075310438256e-01 1.646573622492160660e-01 1.751513023811047398e-01 1.908255491418602845e-01 2.303706625841463185e-01 2.346465061340769487e-01 2.602108726972252595e-01 2.676731208802516915e-01 2.797614656493143670e-01 3.171589823766880478e-01 3.193852826746630957e-01 3.490906561394915841e-01 3.742373501518194145e-01 3.838421516221501295e-01 3.967831034446276384e-01 4.115330479189638901e-01 4.202566237472677435e-01 4.290078189769665484e-01 4.522963614545853495e-01 4.635432814334281004e-01 4.772852583697901885e-01 4.918469249469237803e-01 5.016249865015922627e-01 5.258040812536298736e-01 5.304505767714590148e-01 5.417279377170028942e-01 5.746791242311085623e-01 5.931130916705544820e-01 6.084855434201782431e-01 6.108157760757316757e-01 6.196205981370677129e-01 6.264631510925620095e-01 6.524382241228562362e-01 6.547999029536345494e-01 6.789855041218572085e-01 6.937537483211461131e-01 7.104311544344600327e-01 7.235115547838779637e-01 7.381525097591828954e-01 7.698571762907041593e-01 7.970148340063367698e-01 8.004149976891143936e-01 8.075903832104526225e-01
-8.073026866355906828e-01 -8.004430688316690468e-01 -7.956097356551701250e-01 -7.699241479315358516e-01 -7.388550477695243757e-01 -7.251352137236014572e-01 -7.095409251917877969e-01 -6.944097338370274208e-01 -6.778180844150809570e-01 -6.562636632377032431e-01 -6.509804008594234359e-01 -6.268032878139517816e-01 -6.196435495359309265e-01 -6.108319975019580461e-01 -6.081261774623398786e-01 -5.926364988489798424e-01 -5.763488132138099296e-01 -5.423562554090340937e-01 -5.307879002997513140e-01 -5.255424820931672292e-01 -5.007655653684121022e-01 -4.908710332997127113e-01 -4.762148600249292985e-01 -4.640117189833459777e-01 -4.521629815714151013e-01 -4.284570242246221183e-01 -4.194750138820576013e-01 -4.104052654522656329e-01 -3.959866704451371344e-01 -3.821406265343175179e-01 -3.718332759765397566e-01 -3.496572512072904648e-01 -3.183199411437528936e-01 -3.155445844257930843e-01 -2.791109827431276780e-01 -2.676190654609931219e-01 -2.593837075963071892e-01 -2.340871832588805046e-01 -2.288282416177819523e-01 -1.905378973652465668e-01 -1.749730910085426361e-01 -1.645346451866646631e-01 -1.333887138711246922e-01 -1.206673805952446915e-01 -1.045002235399382640e-01 -9.957669292790166660e-02 -7.691593237943435135e-02 -6.080919248919668119e-02 -1.515300162128967003e-02 -1.041662350408279619e-02 1.041662350408278578e-02 1.515300162128968391e-02 6.080919248919682690e-02 7.691593237943405992e-02 9.957669292790123639e-02 1.045002235399378615e-01 1.206673805952456213e-01 1.333887138711243869e-01 1.645346451866651072e-01 1.749730910085431634e-01 1.905378973652470942e-01 2.288282416177792045e-01 2.340871832588838075e-01 2.593837075963080774e-01 2.676190654609933439e-01 2.791109827431290658e-01 3.155445844257888099e-01 3.183199411437530602e-01 3.496572512072960714e-01 3.718332759765400342e-01 3.821406265343195718e-01 3.959866704451354691e-01 4.104052654522645227e-01 4.194750138820550478e-01 4.284570242246255045e-01 4.521629815714196532e-01 4.640117189833466993e-01 4.762148600249258568e-01 4.908710332997119341e-01 5.007655653684067731e-01 5.255424820931697827e-01 5.307879002997559770e-01 5.423562554090313181e-01 5.763488132138153697e-01 5.926364988489847274e-01 6.081261774623438754e-01 6.108319975019610437e-01 6.196435495359307044e-01 6.268032878139542241e-01 6.509804008594194391e-01 6.562636632377043533e-01 6.778180844150836215e-01 6.944097338370294192e-01 7.095409251917959015e-01 7.251352137235992368e-01 7.388550477695146057e-01 7.699241479315350745e-01 7.956097356551768973e-01 8.004430688316689357e-01 8.073026866355902387e-01
-8.070773903867365373e-01 -8.004517240703525882e-01 -7.942454555532674210e-01 -7.700151239984140972e-01 -7.395675739317826292e-01 -7.268096869720693798e-01 -7.084929931387647928e-01 -6.950782904541072948e-01 -6.766473152104360844e-01 -6.578568119315433282e-01 -6.494569367905590473e-01 -6.271502204801899794e-01 -6.195558384529542550e-01 -6.110048496500884996e-01 -6.075498733064600421e-01 -5.921729815361027605e-01 -5.778251437591777062e-01 -5.430003573732149480e-01 -5.312661652946961688e-01 -5.252459728992642241e-01 -5.001001026710655273e-01 -4.898011352840500598e-01 -4.750982710452513191e-01 -4.643086888024031689e-01 -4.519942412906571838e-01 -4.279572972489225080e-01 -4.188381741247442780e-01 -4.093168879925626613e-01 -3.950503830211448131e-01 -3.804780172405967664e-01 -3.693394182293702754e-01 -3.501081040388326904e-01 -3.177817606161815189e-01 -3.133806682815262756e-01 -2.784537363602705984e-01 -2.675984007152102384e-01 -2.585858258001307308e-01 -2.334468542580293016e-01 -2.272481467998103966e-01 -1.902721037716683661e-01 -1.747296291071909202e-01 -1.643631024207441449e-01 -1.330098390205429193e-01 -1.202370913885313364e-01 -1.034690366904106457e-01 -9.840935448515444883e-02 -7.552124478934776897e-02 -5.926805935859294494e-02 -1.519598846182662610e-02 -1.033776223009725236e-02 1.033776223009726450e-02 1.519598846182665559e-02 5.926805935859329189e-02 7.552124478934803264e-02 9.840935448515568396e-02 1.034690366904107151e-01 1.202370913885321829e-01 1.330098390205424197e-01 1.643631024207443947e-01 1.747296291071900598e-01 1.902721037716674779e-01 2.272481467998097582e-01 2.334468542580305506e-01 2.585858258001315635e-01 2.675984007152062971e-01 2.784537363602723192e-01 3.133806682815286626e-01 3.177817606161810193e-01 3.501081040388315246e-01 3.693394182293743833e-01 3.804780172405963223e-01 3.950503830211462564e-01 4.093168879925653814e-01 4.188381741247449996e-01 4.279572972489198990e-01 4.519942412906630125e-01 4.643086888023995051e-01 4.750982710452489877e-01 4.898011352840529464e-01 5.001001026710649722e-01 5.252459728992577848e-01 5.312661652946927271e-01 5.430003573732147260e-01 5.778251437591797046e-01 5.921729815361067573e-01 6.075498733064602641e-01 6.110048496500888326e-01 6.195558384529562534e-01 6.271502204801955305e-01 6.494569367905618229e-01 6.578568119315439944e-01 6.766473152104415245e-01 6.950782904541138452e-01 7.084929931387649038e-01 7.268096869720633846e-01 7.395675739317787434e-01 7.700151239984169838e-01 7.942454555532700855e-01 8.004517240703558079e-01 8.070773903867365373e-01
-8.068936965193355126e-01 -8.004284000297351431e-01 -7.929494093751976447e-01 -7.701299445231981622e-01 -7.402893805538581784e-01 -7.285139072854001085e-01 -7.073061261346333950e-01 -6.957579843177562617e-01 -6.754762345042510940e-01 -6.594759893314450228e-01 -6.479832349252322432e-01 -6.274995624220535140e-01 -6.193725918743083758e-01 -6.111835940592050820e-01 -6.068675945492671975e-01 -5.918348255233089050e-01 -5.790019963863037855e-01 -5.436556689513326601e-01 -5.318786949753478988e-01 -5.249114359585875800e-01 -4.996221960639124493e-01 -4.886409640647623176e-01 -4.740430265309987234e-01 -4.643486334819100225e-01 -4.517923115035502035e-01 -4.275012272961572490e-01 -4.183608409249322535e-01 -4.082658382057832713e-01 -3.939674997183811866e-01 -3.788452243005298037e-01 -3.667720708855905509e-01 -3.504306163119800810e-01 -3.173556411568337898e-01 -3.110859363698017521e-01 -2.777950449364799401e-01 -2.675936461996073490e-01 -2.578331403694755775e-01 -2.327240138219597299e-01 -2.256318394809973815e-01 -1.900217985978333579e-01 -1.744271559155715079e-01 -1.641432318585476779e-01 -1.326262143939909433e-01 -1.198230092557569931e-01 -1.024454578942573663e-01 -9.723634065776640134e-02 -7.413669296615535420e-02 -5.775669482620716944e-02 -1.523805747811678504e-02 -1.025893968890235868e-02 1.025893968890226673e-02 1.523805747811677463e-02 5.775669482620721801e-02 7.413669296615518767e-02 9.723634065776586011e-02 1.024454578942583793e-01 1.198230092557567850e-01 1.326262143939924976e-01 1.641432318585460404e-01 1.744271559155725071e-01 1.900217985978334689e-01 2.256318394809944949e-01 2.327240138219561494e-01 2.578331403694743007e-01 2.675936461996037408e-01 2.777950449364827712e-01 3.110859363698051383e-01 3.173556411568356217e-01 3.504306163119775275e-01 3.667720708855918832e-01 3.788452243005319686e-01 3.939674997183815752e-01 4.082658382057783863e-01 4.183608409249325866e-01 4.275012272961616344e-01 4.517923115035508141e-01 4.643486334819122430e-01 4.740430265309953373e-01 4.886409640647564889e-01 4.996221960639086745e-01 5.249114359585915768e-01 5.318786949753467885e-01 5.436556689513368790e-01 5.790019963863061170e-01 5.918348255233021327e-01 6.068675945492664203e-01 6.111835940592020844e-01 6.193725918743090419e-01 6.274995624220519597e-01 6.479832349252314661e-01 6.594759893314423582e-01 6.754762345042510940e-01 6.957579843177582601e-01 7.073061261346393902e-01 7.285139072853942244e-01 7.402893805538613980e-01 7.701299445231967189e-01 7.929494093751925377e-01 8.004284000297389179e-01 8.068936965193462818e-01
-8.067292768958110871e-01 -8.003683950334953279e-01 -7.917368660441491679e-01 -7.702684313457694998e-01 -7.410195198641715830e-01 -7.302330935958909475e-01 -7.059948336630453847e-01 -6.964458165995762728e-01 -6.743085151006710243e-01 -6.611046180510457004e-01 -6.465846484645844106e-01 -6.278463044796978032e-01 -6.191272407349144302e-01 -6.112625428226315938e-01 -6.061387470539332245e-01 -5.917498267411909207e-01 -5.797504790528519303e-01 -5.443172309950915499e-01 -5.326142363828932913e-01 -5.245409236949054588e-01 -4.993109345560931556e-01 -4.874068834498445635e-01 -4.731827037938207137e-01 -4.640233884844708889e-01 -4.515579241252212217e-01 -4.270818202636821881e-01 -4.180482657952769299e-01 -4.072495917156510048e-01 -3.927386002088629757e-01 -3.772336374878546561e-01 -3.641495457478493569e-01 -3.506104042606791316e-01 -3.169423369847585437e-01 -3.087631007626324697e-01 -2.771431271806089613e-01 -2.675881777807891937e-01 -2.571364938140578427e-01 -2.319187633342385257e-01 -2.239807519962256910e-01 -1.897807658994135338e-01 -1.740718799591097210e-01 -1.638755707908055581e-01 -1.322379471258773587e-01 -1.194259042206997079e-01 -1.014313899669802566e-01 -9.605884198310664368e-02 -7.276245296628612580e-02 -5.627620533678291681e-02 -1.527917551290959748e-02 -1.018022184817058383e-02 1.018022184817068271e-02 1.527917551290963738e-02 5.627620533678300702e-02 7.276245296628583437e-02 9.605884198310650490e-02 1.014313899669805480e-01 1.194259042206989307e-01 1.322379471258782746e-01 1.638755707908031989e-01 1.740718799591100263e-01 1.897807658994102864e-01 2.239807519962252469e-01 2.319187633342373323e-01 2.571364938140590084e-01 2.675881777807917472e-01 2.771431271806096275e-01 3.087631007626287505e-01 3.169423369847561567e-01 3.506104042606778548e-01 3.641495457478507447e-01 3.772336374878544896e-01 3.927386002088575911e-01 4.072495917156498391e-01 4.180482657952740433e-01 4.270818202636827432e-01 4.515579241252222209e-01 4.640233884844724987e-01 4.731827037938217129e-01 4.874068834498485603e-01 4.993109345560919343e-01 5.245409236949102327e-01 5.326142363828980653e-01 5.443172309950984333e-01 5.797504790528533736e-01 5.917498267411931412e-01 6.061387470539350009e-01 6.112625428226337032e-01 6.191272407349153184e-01 6.278463044796964709e-01 6.465846484645805248e-01 6.611046180510514736e-01 6.743085151006740219e-01 6.964458165995804917e-01 7.059948336630450516e-01 7.302330935958911695e-01 7.410195198641716940e-01 7.702684313457704990e-01 7.917368660441499451e-01 8.003683950335002129e-01 8.067292768958080895e-01
-8.065540043547081428e-01 -8.002694769399616437e-01 -7.906177396713971461e-01 -7.704303965140562038e-01 -7.417567946825837089e-01 -7.319560963769278228e-01 -7.045745686013026310e-01 -6.971345329588609641e-01 -6.731485754583712566e-01 -6.627369342777031935e-01 -6.452711602942297064e-01 -6.281847374116861227e-01 -6.188749998292955024e-01 -6.111572739635687812e-01 -6.053934381255090535e-01 -5.920109208843508108e-01 -5.799688262919729942e-01 -5.449797288389959249e-01 -5.334595445741323605e-01 -5.241391862620597974e-01 -4.991384889310132578e-01 -4.861220557706742995e-01 -4.726269079926764261e-01 -4.632513501688495516e-01 -4.512893103487204405e-01 -4.266923433211531336e-01 -4.178967099263406482e-01 -4.062651509677671080e-01 -3.913708498640232070e-01 -3.756358628419044221e-01 -3.614945589584246943e-01 -3.506285018373374585e-01 -3.165173047750624025e-01 -3.064400702885907712e-01 -2.765099453009836616e-01 -2.675641918896902172e-01 -2.565026676474482237e-01 -2.310329719738679066e-01 -2.222963118284039807e-01 -1.895432120881646032e-01 -1.736696958020320647e-01 -1.635606842817360074e-01 -1.318450269691436860e-01 -1.190463975042825723e-01 -1.004287220167370542e-01 -9.487803666149778603e-02 -7.139867140166489268e-02 -5.482765584613805143e-02 -1.531930793895192391e-02 -1.010167921157269395e-02 1.010167921157263844e-02 1.531930793895179381e-02 5.482765584613812082e-02 7.139867140166468451e-02 9.487803666149718929e-02 1.004287220167378869e-01 1.190463975042806016e-01 1.318450269691439636e-01 1.635606842817353412e-01 1.736696958020335912e-01 1.895432120881637150e-01 2.222963118284015660e-01 2.310329719738686283e-01 2.565026676474461698e-01 2.675641918896917160e-01 2.765099453009778330e-01 3.064400702885833883e-01 3.165173047750631241e-01 3.506285018373340168e-01 3.614945589584214192e-01 3.756358628418965395e-01 3.913708498640206535e-01 4.062651509677672190e-01 4.178967099263400931e-01 4.266923433211502470e-01 4.512893103487135016e-01 4.632513501688567681e-01 4.726269079926780359e-01 4.861220557706796286e-01 4.991384889310190309e-01 5.241391862620581321e-01 5.334595445741343589e-01 5.449797288389963690e-01 5.799688262919716619e-01 5.920109208843492565e-01 6.053934381255039465e-01 6.111572739635735552e-01 6.188749998292920607e-01 6.281847374116811267e-01 6.452711602942308167e-01 6.627369342777013062e-01 6.731485754583703685e-01 6.971345329588612971e-01 7.045745686013017428e-01 7.319560963769249362e-01 7.417567946825719405e-01 7.704303965140566479e-01 7.906177396714008099e-01 8.002694769399547603e-01 8.065540043547052562e-01
-8.063192321138857865e-01 -8.001304051777392568e-01 -7.895988777331626185e-01 -7.706156509625916584e-01 -7.424997501956764889e-01 -7.336739192697511180e-01 -7.030726982109209988e-01 -6.978029744837372927e-01 -6.720017019080947174e-01 -6.643696424361357211e-01 -6.440448899862633025e-01 -6.285083903309269804e-01 -6.186869802332409796e-01 -6.107944084878287327e-01 -6.046501056793043283e-01 -5.926080152414895386e-01 -5.796500631726285713e-01 -5.456375221730686009e-01 -5.344010009820706619e-01 -5.237120679024671599e-01 -4.990765552494840773e-01 -4.848109745301084073e-01 -4.723938477788056645e-01 -4.620458909979818785e-01 -4.509801866864105446e-01 -4.263262957422002120e-01 -4.178950194096648363e-01 -4.053087501025785522e-01 -3.898763712098095580e-01 -3.740459456169425989e-01 -3.588416148458840604e-01 -3.504540360693863543e-01 -3.160732285135323671e-01 -3.041274372876630605e-01 -2.759119800269261846e-01 -2.675011418702901156e-01 -2.559351312221183061e-01 -2.300703014430699744e-01 -2.205799565703319698e-01 -1.893039503364872256e-01 -1.732259796741081881e-01 -1.631991544537965411e-01 -1.314473356774872315e-01 -1.186849585563268389e-01 -9.943932092065412010e-02 -9.369507384513441062e-02 -7.004547963227668317e-02 -5.341206652713417075e-02 -1.535841895121763633e-02 -1.002338650524754043e-02 1.002338650524747105e-02 1.535841895121769010e-02 5.341206652713424013e-02 7.004547963227678031e-02 9.369507384513445225e-02 9.943932092065313477e-02 1.186849585563282128e-01 1.314473356774858714e-01 1.631991544537975680e-01 1.732259796741087987e-01 1.893039503364894183e-01 2.205799565703313314e-01 2.300703014430724724e-01 2.559351312221191388e-01 2.675011418702901711e-01 2.759119800269291822e-01 3.041274372876671683e-01 3.160732285135338104e-01 3.504540360693883527e-01 3.588416148458806743e-01 3.740459456169507590e-01 3.898763712098050060e-01 4.053087501025814943e-01 4.178950194096606174e-01 4.263262957421994903e-01 4.509801866864127096e-01 4.620458909979865969e-01 4.723938477788084400e-01 4.848109745301063533e-01 4.990765552494841883e-01 5.237120679024654946e-01 5.344010009820669982e-01 5.456375221730678238e-01 5.796500631726299035e-01 5.926080152414912039e-01 6.046501056793039952e-01 6.107944084878323965e-01 6.186869802332365387e-01 6.285083903309277575e-01 6.440448899862609711e-01 6.643696424361389408e-01 6.720017019081017118e-01 6.978029744837375148e-01 7.030726982109281042e-01 7.336739192697543377e-01 7.424997501956821511e-01 7.706156509625925466e-01 7.895988777331581776e-01 8.001304051777390347e-01 8.063192321138795693e-01
-8.059382332909074131e-01 -7.999503697273783187e-01 -7.886850372632814299e-01 -7.708240130155306069e-01 -7.432466673203699248e-01 -7.353788742211218032e-01 -7.015794763156958380e-01 -6.983657815655427425e-01 -6.708742373617713195e-01 -6.660000212062032743e-01 -6.429018948520279775e-01 -6.288099926395311901e-01 -6.186304172766033949e-01 -6.101254402417818357e-01 -6.039221498480148442e-01 -5.934273124795024223e-01 -5.788821841978902816e-01 -5.462846803642841254e-01 -5.354253273102221877e-01 -5.232657191042731082e-01 -4.990997644016864632e-01 -4.834964384107020563e-01 -4.724147565503860058e-01 -4.605144856009312782e-01 -4.506158727143039222e-01 -4.259776194633602131e-01 -4.180263754054824310e-01 -4.043754992710168472e-01 -3.882703170985293273e-01 -3.724593134569296193e-01 -3.562575968733300846e-01 -3.500239033497414831e-01 -3.156081011941651027e-01 -3.018303974972370018e-01 -2.753703702378677010e-01 -2.673750917299431706e-01 -2.554346525027778037e-01 -2.290360850653568314e-01 -2.188331471118217797e-01 -1.890585011264250270e-01 -1.727454623803153788e-01 -1.627915716849614725e-01 -1.310446590123616473e-01 -1.183419012345502536e-01 -9.846502300662443585e-02 -9.251105609402519858e-02 -6.870300920855054727e-02 -5.203040861654691790e-02 -1.539647197891396910e-02 -9.945422198609834077e-03 9.945422198609899997e-03 1.539647197891396563e-02 5.203040861654662647e-02 6.870300920855032523e-02 9.251105609402561492e-02 9.846502300662335339e-02 1.183419012345508087e-01 1.310446590123593991e-01 1.627915716849621663e-01 1.727454623803135747e-01 1.890585011264265258e-01 2.188331471118200311e-01 2.290360850653561930e-01 2.554346525027738624e-01 2.673750917299428931e-01 2.753703702378712537e-01 3.018303974972362247e-01 3.156081011941659353e-01 3.500239033497373753e-01 3.562575968733303622e-01 3.724593134569296193e-01 3.882703170985316588e-01 4.043754992710185681e-01 4.180263754054820424e-01 4.259776194633587143e-01 4.506158727143008691e-01 4.605144856009302234e-01 4.724147565503896695e-01 4.834964384107030000e-01 4.990997644016875734e-01 5.232657191042708877e-01 5.354253273102205224e-01 5.462846803642822380e-01 5.788821841978945004e-01 5.934273124795079735e-01 6.039221498480158434e-01 6.101254402417820577e-01 6.186304172766025067e-01 6.288099926395314121e-01 6.429018948520297538e-01 6.660000212062016089e-01 6.708742373617675447e-01 6.983657815655447409e-01 7.015794763157041647e-01 7.353788742211178064e-01 7.432466673203695917e-01 7.708240130155279424e-01 7.886850372632816519e-01 7.999503697273779856e-01 8.059382332909056368e-01
-8.052617305487196342e-01 -7.997286131503499318e-01 -7.878793393454279759e-01 -7.710553160681411500e-01 -7.439955586134430199e-01 -7.370640780771556821e-01 -7.005706951613761557e-01 -6.983510663778623728e-01 -6.697744794538018631e-01 -6.676245517638565996e-01 -6.418336988344258698e-01 -6.290814720189555898e-01 -6.187474077724945953e-01 -6.091462272227663455e-01 -6.032187780406313982e-01 -5.943176580481901450e-01 -5.777819477853479713e-01 -5.469150284071780943e-01 -5.365197290229605231e-01 -5.228062890017418640e-01 -4.991866409535122284e-01 -4.821986241883958191e-01 -4.725994035006705341e-01 -4.588007359884709868e-01 -4.501658825217538240e-01 -4.256413086434407411e-01 -4.182693267135965676e-01 -4.034591826146567417e-01 -3.865691527743700395e-01 -3.708725824113959235e-01 -3.538926647663012681e-01 -3.491921790712601559e-01 -3.151219138403569819e-01 -2.995520613196741011e-01 -2.749093847442941607e-01 -2.671599194228541641e-01 -2.549998398297753099e-01 -2.279370886665748885e-01 -2.170573811359043093e-01 -1.888031206155141029e-01 -1.722321664792785811e-01 -1.623385287890841966e-01 -1.306367015048945091e-01 -1.180173787423561826e-01 -9.750762539934837436e-02 -9.132702196969348651e-02 -6.737140845545326606e-02 -5.068359929351236998e-02 -1.543343023915849481e-02 -9.867867833355834645e-03 9.867867833355789542e-03 1.543343023915850175e-02 5.068359929351259896e-02 6.737140845545329382e-02 9.132702196969408326e-02 9.750762539934690332e-02 1.180173787423581117e-01 1.306367015048940372e-01 1.623385287890854178e-01 1.722321664792779983e-01 1.888031206155135755e-01 2.170573811359061411e-01 2.279370886665770535e-01 2.549998398297778079e-01 2.671599194228555518e-01 2.749093847442935501e-01 2.995520613196798188e-01 3.151219138403614783e-01 3.491921790712598783e-01 3.538926647663046543e-01 3.708725824113938141e-01 3.865691527743729816e-01 4.034591826146566307e-01 4.182693267135946802e-01 4.256413086434385762e-01 4.501658825217507154e-01 4.588007359884677117e-01 4.725994035006746419e-01 4.821986241883913782e-01 4.991866409535142268e-01 5.228062890017373121e-01 5.365197290229702931e-01 5.469150284071824242e-01 5.777819477853546326e-01 5.943176580481951410e-01 6.032187780406289557e-01 6.091462272227636809e-01 6.187474077724934851e-01 6.290814720189521481e-01 6.418336988344324201e-01 6.676245517638572657e-01 6.697744794538035285e-01 6.983510663778714767e-01 7.005706951613827060e-01 7.370640780771614553e-01 7.439955586134500143e-01 7.710553160681367091e-01 7.878793393454313065e-01 7.997286131503513751e-01 8.052617305487231869e-01
-8.041048405103997654e-01 -7.994637455277449067e-01 -7.871834576069131062e-01 -7.713094145429694182e-01 -7.447441686103061231e-01 -7.387231361158649312e-01 -7.007384941704507542e-01 -6.970697338384927999e-01 -6.692618529311679110e-01 -6.686895761689789497e-01 -6.408293649964741379e-01 -6.293140110759027905e-01 -6.190523311231466153e-01 -6.079005941561721471e-01 -6.025399167689690083e-01 -5.951411274928684048e-01 -5.764466935513138379e-01 -5.475222091773759292e-01 -5.376717182955362828e-01 -5.223398330688109326e-01 -4.993192954477280177e-01 -4.809352889995837654e-01 -4.728768982822449951e-01 -4.570565287122826947e-01 -4.495713932763079068e-01 -4.253146776795936335e-01 -4.185974389780355853e-01 -4.025523033645769244e-01 -3.847894018861302556e-01 -3.692833005666716906e-01 -3.520026115331486016e-01 -3.477080210263530091e-01 -3.146154916332902229e-01 -2.972946239783115230e-01 -2.745522533106641849e-01 -2.668312755012897663e-01 -2.546276283743625357e-01 -2.267812028375848499e-01 -2.152542074245842596e-01 -1.885347729393037908e-01 -1.716893903994531345e-01 -1.618406191617098311e-01 -1.302231040885585833e-01 -1.177113769404928290e-01 -9.656887649082938896e-02 -9.014392975452850676e-02 -6.605086003062776712e-02 -4.937249545682519808e-02 -1.546925745454161630e-02 -9.790807135608021669e-03 9.790807135608059833e-03 1.546925745454154517e-02 4.937249545682520502e-02 6.605086003062769773e-02 9.014392975452859003e-02 9.656887649082820935e-02 1.177113769404930232e-01 1.302231040885581670e-01 1.618406191617098588e-01 1.716893903994523851e-01 1.885347729393041516e-01 2.152542074245831494e-01 2.267812028375892630e-01 2.546276283743624247e-01 2.668312755012916537e-01 2.745522533106645735e-01 2.972946239783113564e-01 3.146154916332970508e-01 3.477080210263552296e-01 3.520026115331445493e-01 3.692833005666700252e-01 3.847894018861328647e-01 4.025523033645813098e-01 4.185974389780313110e-01 4.253146776795899697e-01 4.495713932763109044e-01 4.570565287122893006e-01 4.728768982822467715e-01 4.809352889995757718e-01 4.993192954477213008e-01 5.223398330688113766e-01 5.376717182955430552e-01 5.475222091773762623e-01 5.764466935513148371e-01 5.951411274928671835e-01 6.025399167689676760e-01 6.079005941561741455e-01 6.190523311231526105e-01 6.293140110759066763e-01 6.408293649964710292e-01 6.686895761689768403e-01 6.692618529311693543e-01 6.970697338384931330e-01 7.007384941704444259e-01 7.387231361158697052e-01 7.447441686103144498e-01 7.713094145429749693e-01 7.871834576069178802e-01 7.994637455277414650e-01 8.041048405104003205e-01
-8.024024050141645992e-01 -7.991509995839373159e-01 -7.865976178223217374e-01 -7.715861868809980040e-01 -7.454899824408074416e-01 -7.403499277579915772e-01 -7.013773047606665090e-01 -6.952295589856530844e-01 -6.708607010551717043e-01 -6.676773895610125242e-01 -6.398781139965117326e-01 -6.294981974577652517e-01 -6.195442885977164860e-01 -6.064752962707439243e-01 -6.018588249317518013e-01 -5.957893231281345958e-01 -5.749457333879535170e-01 -5.480997680389274596e-01 -5.388687303132119188e-01 -5.218722877264667659e-01 -4.994826865935284577e-01 -4.797224825634759937e-01 -4.732000005117174557e-01 -4.554496146116783772e-01 -4.487339962833840068e-01 -4.249996916832936011e-01 -4.189770196884651798e-01 -4.016463488699228979e-01 -3.829468829137809283e-01 -3.676896662335504828e-01 -3.506443789637940234e-01 -3.455203365252608183e-01 -3.140900041332189696e-01 -2.950598764089072401e-01 -2.743150284063906597e-01 -2.663725834266217340e-01 -2.543136924172896829e-01 -2.255771212238831813e-01 -2.134252410006339806e-01 -1.882510620867374751e-01 -1.711197229607129833e-01 -1.612984396263172082e-01 -1.298034647025945454e-01 -1.174237056363468257e-01 -9.565046508083312193e-02 -8.896264321629149263e-02 -6.474159923966356367e-02 -4.809788624579880434e-02 -1.550391875551728263e-02 -9.714324888969965224e-03 9.714324888969855937e-03 1.550391875551727569e-02 4.809788624579867250e-02 6.474159923966429919e-02 8.896264321629122895e-02 9.565046508083403787e-02 1.174237056363461595e-01 1.298034647025946009e-01 1.612984396263160425e-01 1.711197229607132331e-01 1.882510620867360873e-01 2.134252410006339806e-01 2.255771212238809609e-01 2.543136924172925140e-01 2.663725834266185144e-01 2.743150284063893274e-01 2.950598764089100712e-01 3.140900041332203574e-01 3.455203365252635384e-01 3.506443789637934128e-01 3.676896662335474852e-01 3.829468829137755992e-01 4.016463488699235640e-01 4.189770196884657349e-01 4.249996916832947114e-01 4.487339962833857276e-01 4.554496146116775446e-01 4.732000005117190655e-01 4.797224825634797685e-01 4.994826865935261262e-01 5.218722877264708737e-01 5.388687303132160267e-01 5.480997680389310123e-01 5.749457333879485210e-01 5.957893231281332636e-01 6.018588249317525785e-01 6.064752962707459227e-01 6.195442885977222591e-01 6.294981974577699146e-01 6.398781139965172837e-01 6.676773895610115250e-01 6.708607010551681515e-01 6.952295589856539726e-01 7.013773047606629563e-01 7.403499277579838056e-01 7.454899824408066644e-01 7.715861868809978930e-01 7.865976178223197390e-01 7.991509995839354286e-01 8.024024050141632669e-01
-8.003071169173139321e-01 -7.987586071596778359e-01 -7.861203727550644116e-01 -7.718855339025463280e-01 -7.462302512336177474e-01 -7.419384421947208264e-01 -7.021245186470973509e-01 -6.931944874303497262e-01 -6.724577483112388343e-01 -6.667086064326853689e-01 -6.389724599164544605e-01 -6.296243107445466114e-01 -6.202153617205872216e-01 -6.050146445341451074e-01 -6.010806417020965187e-01 -5.961917075554190593e-01 -5.733277937690681725e-01 -5.486412662541032548e-01 -5.400975407287104124e-01 -5.214094396981048263e-01 -4.996638623783677957e-01 -4.785757373533071624e-01 -4.735373448818110953e-01 -4.541457419379901217e-01 -4.475420609273437766e-01 -4.247067426500661380e-01 -4.193624474657246526e-01 -4.007321899340429150e-01 -3.810563374341594534e-01 -3.660902433728263072e-01 -3.495403369182871200e-01 -3.429136059872092690e-01 -3.135467260482551199e-01 -2.928494951701530735e-01 -2.742018173539220727e-01 -2.657797141427334919e-01 -2.540527526740688491e-01 -2.243340501110559493e-01 -2.115721790750710873e-01 -1.879501359659216941e-01 -1.705250752867736586e-01 -1.607125983210198339e-01 -1.293773619514526907e-01 -1.171539874271195353e-01 -9.475400788640410410e-02 -8.778392019381604794e-02 -6.344393285818962502e-02 -4.686048412916670597e-02 -1.553738178501117700e-02 -9.638505551216482517e-03 9.638505551216551906e-03 1.553738178501114925e-02 4.686048412916687250e-02 6.344393285818938910e-02 8.778392019381542344e-02 9.475400788640486738e-02 1.171539874271196602e-01 1.293773619514528850e-01 1.607125983210205278e-01 1.705250752867754627e-01 1.879501359659217496e-01 2.115721790750711151e-01 2.243340501110547835e-01 2.540527526740693487e-01 2.657797141427370446e-01 2.742018173539167991e-01 2.928494951701557381e-01 3.135467260482576179e-01 3.429136059872077147e-01 3.495403369182927822e-01 3.660902433728258631e-01 3.810563374341550680e-01 4.007321899340490212e-01 4.193624474657223766e-01 4.247067426500592546e-01 4.475420609273393913e-01 4.541457419379953953e-01 4.735373448818138709e-01 4.785757373533118808e-01 4.996638623783677957e-01 5.214094396981061585e-01 5.400975407287120778e-01 5.486412662541078067e-01 5.733277937690676174e-01 5.961917075554157286e-01 6.010806417020917447e-01 6.050146445341466617e-01 6.202153617205867775e-01 6.296243107445425036e-01 6.389724599164456897e-01 6.667086064326853689e-01 6.724577483112386123e-01 6.931944874303569426e-01 7.021245186470930211e-01 7.419384421947187169e-01 7.462302512336164151e-01 7.718855339025407769e-01 7.861203727550732934e-01 7.987586071596809445e-01 8.003071169173201493e-01
-7.986522184754156761e-01 -7.976195099992023918e-01 -7.857479338058951379e-01 -7.722073703330217809e-01 -7.469620554291778181e-01 -7.434826187636590644e-01 -7.029104061335393894e-01 -6.910346803593753195e-01 -6.740401679842796812e-01 -6.658037866584187725e-01 -6.381122067961308986e-01 -6.296827753143416917e-01 -6.210478938786413439e-01 -6.037403170068994518e-01 -6.000031069805075168e-01 -5.963256324754264703e-01 -5.716296708095595092e-01 -5.491404307569773824e-01 -5.413434043301381671e-01 -5.209568563354313175e-01 -4.998513305955488706e-01 -4.775127180519598835e-01 -4.738645291805770876e-01 -4.532216942544290972e-01 -4.459667508758793919e-01 -4.244588925457161155e-01 -4.196898058896700312e-01 -3.998005244020962912e-01 -3.791313179835900105e-01 -3.644836960569686202e-01 -3.484729355896956648e-01 -3.401132637756319466e-01 -3.129869036189190101e-01 -2.906652862494721878e-01 -2.742047817796026132e-01 -2.650609136151670375e-01 -2.538387455452414954e-01 -2.230614775932589500e-01 -2.096968179351529626e-01 -1.876305715661918116e-01 -1.699067214514413948e-01 -1.600837274695873780e-01 -1.289443818948197984e-01 -1.169016436288550509e-01 -9.388103531910894917e-02 -8.660840457786457558e-02 -6.215825819767915178e-02 -4.566091437052841040e-02 -1.556961801597997463e-02 -9.563431604765687891e-03 9.563431604765706973e-03 1.556961801597995729e-02 4.566091437052838958e-02 6.215825819767902688e-02 8.660840457786432578e-02 9.388103531910847732e-02 1.169016436288566052e-01 1.289443818948198262e-01 1.600837274695888490e-01 1.699067214514418112e-01 1.876305715661932827e-01 2.096968179351553496e-01 2.230614775932611149e-01 2.538387455452412178e-01 2.650609136151686474e-01 2.742047817795999487e-01 2.906652862494730760e-01 3.129869036189180664e-01 3.401132637756286159e-01 3.484729355896990510e-01 3.644836960569705631e-01 3.791313179835884006e-01 3.998005244021012317e-01 4.196898058896672556e-01 4.244588925457151718e-01 4.459667508758755061e-01 4.532216942544294302e-01 4.738645291805765880e-01 4.775127180519532777e-01 4.998513305955464281e-01 5.209568563354392001e-01 5.413434043301375009e-01 5.491404307569806020e-01 5.716296708095669477e-01 5.963256324754250270e-01 6.000031069805086270e-01 6.037403170068942337e-01 6.210478938786486713e-01 6.296827753143413586e-01 6.381122067961306765e-01 6.658037866584232134e-01 6.740401679842763505e-01 6.910346803593794274e-01 7.029104061335423870e-01 7.434826187636636163e-01 7.469620554291821479e-01 7.722073703330228911e-01 7.857479338058920293e-01 7.976195099992001714e-01 7.986522184754144549e-01
-7.981229790998470852e-01 -7.951665362286294281e-01 -7.854722941887751775e-01 -7.725516065646662600e-01 -7.476824669990437267e-01 -7.449761178150767771e-01 -7.037128263527459016e-01 -6.887718524050597813e-01 -6.756038564851540862e-01 -6.649746033969106129e-01 -6.373103591156490388e-01 -6.296647057545181614e-01 -6.220053057900154503e-01 -6.028118335687078222e-01 -5.984605706987183860e-01 -5.962094235474468817e-01 -5.698828750099466101e-01 -5.495913521146247316e-01 -5.425887318423763261e-01 -5.205197605959386298e-01 -5.000345912596814157e-01 -4.765620865005290585e-01 -4.741512403809214349e-01 -4.526233557226705950e-01 -4.441124417604162544e-01 -4.242893479578644378e-01 -4.198753730577872711e-01 -3.988422960288386943e-01 -3.771842189413391888e-01 -3.628685676047924691e-01 -3.473537171195640316e-01 -3.372166610418394495e-01 -3.124116698997639885e-01 -2.885095085787809932e-01 -2.743083289893585852e-01 -2.642325178312691647e-01 -2.536648152935901956e-01 -2.217690130126538095e-01 -2.078010712621729539e-01 -1.872912467925532953e-01 -1.692653432500094979e-01 -1.594125003588709732e-01 -1.285041480388080248e-01 -1.166658767645562117e-01 -9.303297564931599373e-02 -8.543662202109252035e-02 -6.088508216297285058e-02 -4.449970267018588804e-02 -1.560060428197671163e-02 -9.489181641147075713e-03 9.489181641147006324e-03 1.560060428197663530e-02 4.449970267018620029e-02 6.088508216297273262e-02 8.543662202109282566e-02 9.303297564931652108e-02 1.166658767645562950e-01 1.285041480388086632e-01 1.594125003588711675e-01 1.692653432500078325e-01 1.872912467925538504e-01 2.078010712621741196e-01 2.217690130126498682e-01 2.536648152935924161e-01 2.642325178312707190e-01 2.743083289893585297e-01 2.885095085787798275e-01 3.124116698997637109e-01 3.372166610418403931e-01 3.473537171195648643e-01 3.628685676047914699e-01 3.771842189413420754e-01 3.988422960288375285e-01 4.198753730577884369e-01 4.242893479578667693e-01 4.441124417604190300e-01 4.526233557226703175e-01 4.741512403809176601e-01 4.765620865005305018e-01 5.000345912596732001e-01 5.205197605959354101e-01 5.425887318423758821e-01 5.495913521146279512e-01 5.698828750099431684e-01 5.962094235474441062e-01 5.984605706987098372e-01 6.028118335687057128e-01 6.220053057900196691e-01 6.296647057545228243e-01 6.373103591156488168e-01 6.649746033969153869e-01 6.756038564851549744e-01 6.887718524050643332e-01 7.037128263527556715e-01 7.449761178150802188e-01 7.476824669990451699e-01 7.725516065646639285e-01 7.854722941887848364e-01 7.951665362286330918e-01 7.981229790998438656e-01
-7.976557912937203287e-01 -7.925449188412936330e-01 -7.852751168819620542e-01 -7.729181165711030976e-01 -7.483890255618543819e-01 -7.464117999371504553e-01 -7.045196107566418231e-01 -6.864173689283731283e-01 -6.771439350298237292e-01 -6.642321732845823945e-01 -6.366029500724785795e-01 -6.295620701933672958e-01 -6.230208454861811962e-01 -6.021357840379482074e-01 -5.966215008124052810e-01 -5.957940168836605155e-01 -5.681188783855301017e-01 -5.499887570883638110e-01 -5.438109624005700304e-01 -5.201028431405482211e-01 -5.002038192267908023e-01 -4.758028182815662865e-01 -4.743196175443155638e-01 -4.522492200366485249e-01 -4.421429907332300457e-01 -4.242142758526546986e-01 -4.198356618553826247e-01 -3.978490462389471238e-01 -3.752263651183901927e-01 -3.612431320662370937e-01 -3.461513378483597747e-01 -3.342649673305378988e-01 -3.118219841793557490e-01 -2.863854808476639646e-01 -2.744937344735260965e-01 -2.633141014742089725e-01 -2.535230669636720502e-01 -2.204662935387469436e-01 -2.058869909591112546e-01 -1.869312020505327632e-01 -1.686010776630645358e-01 -1.586996513884968985e-01 -1.280563546016039445e-01 -1.164456490172230269e-01 -9.221113789198762123e-02 -8.426897945602586371e-02 -5.962504008515925186e-02 -4.337726078568401172e-02 -1.563032450516344679e-02 -9.415828192418165821e-03 9.415828192418200515e-03 1.563032450516345373e-02 4.337726078568368560e-02 5.962504008515918941e-02 8.426897945602572493e-02 9.221113789198816246e-02 1.164456490172220138e-01 1.280563546016048604e-01 1.586996513884955939e-01 1.686010776630632868e-01 1.869312020505330130e-01 2.058869909591098391e-01 2.204662935387471656e-01 2.535230669636706624e-01 2.633141014742106378e-01 2.744937344735264850e-01 2.863854808476635760e-01 3.118219841793533620e-01 3.342649673305342906e-01 3.461513378483587755e-01 3.612431320662380374e-01 3.752263651183911919e-01 3.978490462389530080e-01 4.198356618553849007e-01 4.242142758526579738e-01 4.421429907332296017e-01 4.522492200366435289e-01 4.743196175443157303e-01 4.758028182815666751e-01 5.002038192267850292e-01 5.201028431405397834e-01 5.438109624005685871e-01 5.499887570883663646e-01 5.681188783855323221e-01 5.957940168836605155e-01 5.966215008124091668e-01 6.021357840379499837e-01 6.230208454861780876e-01 6.295620701933704044e-01 6.366029500724780243e-01 6.642321732845801741e-01 6.771439350298281701e-01 6.864173689283779023e-01 7.045196107566523702e-01 7.464117999371469026e-01 7.483890255618554921e-01 7.729181165710961032e-01 7.852751168819627203e-01 7.925449188412987400e-01 7.976557912937237704e-01
-7.971689656475960950e-01 -7.899288359024649875e-01 -7.851016105054967609e-01 -7.733066854581981397e-01 -7.490815287783043619e-01 -7.477799096105148813e-01 -7.053207649336267204e-01 -6.839833546955524923e-01 -6.786509525595091352e-01 -6.635866959852437796e-01 -6.360646161604841531e-01 -6.293658337243241974e-01 -6.239860083682099434e-01 -6.015482391362437786e-01 -5.956537645604126352e-01 -5.941117695228754769e-01 -5.663742270934419842e-01 -5.503284251995403942e-01 -5.449790327840065007e-01 -5.197100110513870330e-01 -5.003496716354087770e-01 -4.754540027590875573e-01 -4.741531503286406934e-01 -4.520197482978388637e-01 -4.402252165749719337e-01 -4.241799825932293100e-01 -4.195289636787425391e-01 -3.968131796472937900e-01 -3.732681025920600582e-01 -3.596053417526409168e-01 -3.448565457253040534e-01 -3.312780723903779867e-01 -3.112185836339609879e-01 -2.842990126950269425e-01 -2.747410892855303710e-01 -2.623257677801705268e-01 -2.534039591442685535e-01 -2.191629460298288590e-01 -2.039567925270785176e-01 -1.865494930196458789e-01 -1.679135676888592055e-01 -1.579459977528235859e-01 -1.276008031304481094e-01 -1.162396559909474186e-01 -9.141669393417388434e-02 -8.310576825380096289e-02 -5.837891417081057105e-02 -4.229386995219922007e-02 -1.565877158487166687e-02 -9.343435337553517017e-03 9.343435337553579467e-03 1.565877158487157320e-02 4.229386995219958090e-02 5.837891417081046697e-02 8.310576825380064370e-02 9.141669393417427292e-02 1.162396559909456423e-01 1.276008031304492751e-01 1.579459977528215042e-01 1.679135676888598439e-01 1.865494930196459344e-01 2.039567925270775739e-01 2.191629460298295806e-01 2.534039591442697192e-01 2.623257677801681953e-01 2.747410892855302600e-01 2.842990126950251106e-01 3.112185836339571576e-01 3.312780723903790969e-01 3.448565457253057187e-01 3.596053417526357543e-01 3.732681025920557838e-01 3.968131796472891271e-01 4.195289636787459808e-01 4.241799825932230927e-01 4.402252165749745427e-01 4.520197482978317027e-01 4.741531503286376958e-01 4.754540027590814510e-01 5.003496716354099982e-01 5.197100110513889204e-01 5.449790327840074999e-01 5.503284251995471665e-01 5.663742270934436496e-01 5.941117695228707030e-01 5.956537645604109699e-01 6.015482391362422243e-01 6.239860083682052805e-01 6.293658337243281942e-01 6.360646161604859294e-01 6.635866959852433355e-01 6.786509525595115777e-01 6.839833546955557120e-01 7.053207649336272755e-01 7.477799096105157695e-01 7.490815287783046950e-01 7.733066854582028027e-01 7.851016105054968719e-01 7.899288359024667638e-01 7.971689656476002028e-01
-7.966563651884196462e-01 -7.875979683672884590e-01 -7.847033285099772604e-01 -7.737169231646341405e-01 -7.497721925742606430e-01 -7.490579063794144954e-01 -7.061061000708593882e-01 -6.815463509568757683e-01 -6.800493401858110909e-01 -6.630467643087670782e-01 -6.358230706305241231e-01 -6.290589700075169821e-01 -6.247472803176752354e-01 -6.009686032875563022e-01 -5.950723050029036454e-01 -5.917703217807043226e-01 -5.646967483087851347e-01 -5.506079194347650585e-01 -5.460475331491546624e-01 -5.193440814799937799e-01 -5.004631903363027101e-01 -4.755208147740523361e-01 -4.736499997058681299e-01 -4.518842624750050163e-01 -4.385349883036329111e-01 -4.240386289384581731e-01 -4.189675996466706853e-01 -3.957281414426028210e-01 -3.713188598305832699e-01 -3.579528831456992854e-01 -3.434695260560804431e-01 -3.282670828777112804e-01 -3.106019408591663145e-01 -2.822625303147450748e-01 -2.750264798321618298e-01 -2.612880662400784981e-01 -2.532950909604484435e-01 -2.178685878999316872e-01 -2.020128886292933135e-01 -1.861450349835312712e-01 -1.672020182703728985e-01 -1.571524612156078027e-01 -1.271374425330644986e-01 -1.160462950907996810e-01 -9.065066056024406738e-02 -8.194717064106861459e-02 -5.714765148028008029e-02 -4.124966196604299556e-02 -1.568594938228307784e-02 -9.272056128555061436e-03 9.272056128555110008e-03 1.568594938228306396e-02 4.124966196604298169e-02 5.714765148028011499e-02 8.194717064106861459e-02 9.065066056024422003e-02 1.160462950907986540e-01 1.271374425330652758e-01 1.571524612156063594e-01 1.672020182703727043e-01 1.861450349835309659e-01 2.020128886292920922e-01 2.178685878999335190e-01 2.532950909604482770e-01 2.612880662400762777e-01 2.750264798321597759e-01 2.822625303147484610e-01 3.106019408591615960e-01 3.282670828777115579e-01 3.434695260560757801e-01 3.579528831456974536e-01 3.713188598305804389e-01 3.957281414426048749e-01 4.189675996466715735e-01 4.240386289384563412e-01 4.385349883036379626e-01 4.518842624750027404e-01 4.736499997058624678e-01 4.755208147740504487e-01 5.004631903363087053e-01 5.193440814799912264e-01 5.460475331491508877e-01 5.506079194347681671e-01 5.646967483087838025e-01 5.917703217807072091e-01 5.950723050029039785e-01 6.009686032875566353e-01 6.247472803176761236e-01 6.290589700075186474e-01 6.358230706305160185e-01 6.630467643087650798e-01 6.800493401858078713e-01 6.815463509568749911e-01 7.061061000708603874e-01 7.490579063794103876e-01 7.497721925742560911e-01 7.737169231646358059e-01 7.847033285099818123e-01 7.875979683672883480e-01 7.966563651884166486e-01
-7.961191112755157118e-01 -7.864352711077425839e-01 -7.832153238842914922e-01 -7.741481040343290987e-01 -7.505661500627203164e-01 -7.501299747101601856e-01 -7.068642325592061626e-01 -6.816969788348139492e-01 -6.787485085442159782e-01 -6.626186595784789857e-01 -6.360358534921619622e-01 -6.286073880870489683e-01 -6.251426472762895425e-01 -6.003869406094857197e-01 -5.944022291051473950e-01 -5.892982793248998652e-01 -5.631534738986466726e-01 -5.508278949461500318e-01 -5.469478762797760352e-01 -5.190064404224040695e-01 -5.005357658728867287e-01 -4.757202522387499188e-01 -4.730969024016878355e-01 -4.518095827385934515e-01 -4.372621831405983372e-01 -4.235892940836363807e-01 -4.181838542747182141e-01 -3.945885157511176966e-01 -3.693871651270019818e-01 -3.562833365181964362e-01 -3.419949891118840291e-01 -3.252390538835517320e-01 -3.099722232269966349e-01 -2.803101807515901989e-01 -2.753069466438599067e-01 -2.602242035272777088e-01 -2.531789027540232162e-01 -2.165928490205773216e-01 -2.000579372794552557e-01 -1.857164379138525334e-01 -1.664652591511834867e-01 -1.563200885577081534e-01 -1.266664125151054920e-01 -1.158636278785017126e-01 -8.991388210291853533e-02 -8.079326882685243516e-02 -5.593238142142599456e-02 -4.024459786859962279e-02 -1.571187470324159757e-02 -9.201729898204537295e-03 9.201729898204466171e-03 1.571187470324167043e-02 4.024459786859998361e-02 5.593238142142599456e-02 8.079326882685262945e-02 8.991388210291903493e-02 1.158636278785023371e-01 1.266664125151057418e-01 1.563200885577091248e-01 1.664652591511842639e-01 1.857164379138530053e-01 2.000579372794540900e-01 2.165928490205757395e-01 2.531789027540258252e-01 2.602242035272747112e-01 2.753069466438620716e-01 2.803101807515877564e-01 3.099722232269980227e-01 3.252390538835486788e-01 3.419949891118851948e-01 3.562833365181924394e-01 3.693871651269989842e-01 3.945885157511274666e-01 4.181838542747234322e-01 4.235892940836359366e-01 4.372621831405991699e-01 4.518095827385920082e-01 4.730969024016844493e-01 4.757202522387516952e-01 5.005357658728918357e-01 5.190064404224021821e-01 5.469478762797820304e-01 5.508278949461549168e-01 5.631534738986448962e-01 5.892982793248904283e-01 5.944022291051399565e-01 6.003869406094887173e-01 6.251426472762863229e-01 6.286073880870518549e-01 6.360358534921650708e-01 6.626186595784858691e-01 6.787485085442170885e-01 6.816969788348153925e-01 7.068642325592064957e-01 7.501299747101540794e-01 7.505661500627168747e-01 7.741481040343223263e-01 7.832153238842980425e-01 7.864352711077495783e-01 7.961191112755098276e-01
-7.955607242452196193e-01 -7.863275128179640916e-01 -7.807640813518871292e-01 -7.745987447274707005e-01 -7.516018520777234535e-01 -7.508466507210524998e-01 -7.075820046504579519e-01 -6.830851081764758304e-01 -6.760980220624321912e-01 -6.623057730602555093e-01 -6.367921853619241679e-01 -6.279730260639595496e-01 -6.250895086066691198e-01 -5.998311993645738527e-01 -5.935942717639367538e-01 -5.867605039738242878e-01 -5.618376746021394030e-01 -5.509935098474891824e-01 -5.475795399743903502e-01 -5.186967011130384497e-01 -5.005591252262567847e-01 -4.759474018477113932e-01 -4.726027481080087855e-01 -4.517710521362058307e-01 -4.365577331254872351e-01 -4.226709101474273034e-01 -4.171993552964286534e-01 -3.933900597078401340e-01 -3.674806211141883328e-01 -3.545944159709513710e-01 -3.404399854906231537e-01 -3.221989896462515990e-01 -3.093292501890841373e-01 -2.785712183459982394e-01 -2.754466681300191122e-01 -2.591646153214277049e-01 -2.530284857912610819e-01 -2.153453962653818221e-01 -1.980949162551819409e-01 -1.852618288476290398e-01 -1.657018158450370704e-01 -1.554500695829983403e-01 -1.261880902085495693e-01 -1.156893359698404622e-01 -8.920701445084389114e-02 -7.964405618727057878e-02 -5.473443280244309067e-02 -3.927844428587374398e-02 -1.573657914266631333e-02 -9.132479527283205584e-03 9.132479527283228135e-03 1.573657914266638619e-02 3.927844428587364684e-02 5.473443280244291026e-02 7.964405618727005143e-02 8.920701445084418257e-02 1.156893359698391993e-01 1.261880902085513456e-01 1.554500695829986179e-01 1.657018158450373757e-01 1.852618288476255981e-01 1.980949162551849940e-01 2.153453962653828768e-01 2.530284857912590279e-01 2.591646153214239856e-01 2.754466681300185016e-01 2.785712183459959634e-01 3.093292501890837487e-01 3.221989896462513769e-01 3.404399854906225986e-01 3.545944159709528143e-01 3.674806211141905532e-01 3.933900597078368033e-01 4.171993552964273766e-01 4.226709101474266372e-01 4.365577331254891225e-01 4.517710521362043319e-01 4.726027481080135595e-01 4.759474018477103385e-01 5.005591252262533430e-01 5.186967011130381167e-01 5.475795399743936809e-01 5.509935098474924020e-01 5.618376746021388479e-01 5.867605039738275075e-01 5.935942717639357546e-01 5.998311993645754070e-01 6.250895086066728945e-01 6.279730260639599937e-01 6.367921853619245010e-01 6.623057730602555093e-01 6.760980220624346337e-01 6.830851081764720556e-01 7.075820046504600613e-01 7.508466507210512786e-01 7.516018520777232315e-01 7.745987447274682580e-01 7.807640813518864631e-01 7.863275128179675333e-01 7.955607242452205075e-01
-7.949865968553011530e-01 -7.865351625210671438e-01 -7.781020692424776009e-01 -7.750642133967958758e-01 -7.526484908070623092e-01 -7.514274464816019794e-01 -7.082440527015995135e-01 -6.844578111004876453e-01 -6.733498909823905088e-01 -6.621082239867345232e-01 -6.380400121419250725e-01 -6.271511253066237579e-01 -6.246216748306148148e-01 -5.993419614621199321e-01 -5.926133141703849860e-01 -5.841950928628735218e-01 -5.608622174682506012e-01 -5.511117167298140718e-01 -5.478181087972383567e-01 -5.184124107945993210e-01 -5.005253027305083258e-01 -4.761794411330361743e-01 -4.721945152290880632e-01 -4.517476522184115106e-01 -4.364458220153957235e-01 -4.212650996389947777e-01 -4.160151999280692903e-01 -3.921296894794342180e-01 -3.656058500642797582e-01 -3.528842509363310231e-01 -3.388127944756459953e-01 -3.191507949766494989e-01 -3.086724414788565851e-01 -2.775461596879244541e-01 -2.749402806080925021e-01 -2.581541022524452278e-01 -2.528009094941771617e-01 -2.141359422962945402e-01 -1.961272454099298734e-01 -1.847786510154170447e-01 -1.649099887273005327e-01 -1.545437519882402466e-01 -1.257031392976803441e-01 -1.155206705538302375e-01 -8.853051107997017555e-02 -7.849944981904037611e-02 -5.355535050383820883e-02 -3.835074765510035344e-02 -1.576011061289629006e-02 -9.064308761513727164e-03 9.064308761513779206e-03 1.576011061289626924e-02 3.835074765510031181e-02 5.355535050383811863e-02 7.849944981904120878e-02 8.853051107997041147e-02 1.155206705538298767e-01 1.257031392976801776e-01 1.545437519882393307e-01 1.649099887272999776e-01 1.847786510154159900e-01 1.961272454099325102e-01 2.141359422962930692e-01 2.528009094941816026e-01 2.581541022524433404e-01 2.749402806080916140e-01 2.775461596879263415e-01 3.086724414788558635e-01 3.191507949766531627e-01 3.388127944756522125e-01 3.528842509363291913e-01 3.656058500642823672e-01 3.921296894794284449e-01 4.160151999280721768e-01 4.212650996389951108e-01 4.364458220153954460e-01 4.517476522184142862e-01 4.721945152290885073e-01 4.761794411330392829e-01 5.005253027305121005e-01 5.184124107945983218e-01 5.478181087972364693e-01 5.511117167298115183e-01 5.608622174682534878e-01 5.841950928628827366e-01 5.926133141703854301e-01 5.993419614621195990e-01 6.246216748306083755e-01 6.271511253066255343e-01 6.380400121419247395e-01 6.621082239867320807e-01 6.733498909823925072e-01 6.844578111004903098e-01 7.082440527015987364e-01 7.514274464816038668e-01 7.526484908070599777e-01 7.750642133967964309e-01 7.781020692424753804e-01 7.865351625210615927e-01 7.949865968552970452e-01
-7.944044845999010951e-01 -7.868716643412826395e-01 -7.756946248825661305e-01 -7.752705207558984180e-01 -7.536198615754422514e-01 -7.519470604881191012e-01 -7.088324452101419926e-01 -6.857892402643116503e-01 -6.705291158259800710e-01 -6.620225513149184948e-01 -6.396497546946815493e-01 -6.261733241664791949e-01 -6.238226464021493500e-01 -5.989520739653065862e-01 -5.914350819786131641e-01 -5.816398270984882712e-01 -5.603152286102029977e-01 -5.511807670767926437e-01 -5.475671182486365751e-01 -5.181488654914535585e-01 -5.004265563959677809e-01 -4.764134545390465436e-01 -4.718793995458565038e-01 -4.517196861328258151e-01 -4.368231065958887438e-01 -4.195018973044549182e-01 -4.146095728550229786e-01 -3.908054333438837347e-01 -3.637684342057266318e-01 -3.511516612614768440e-01 -3.371222960608193375e-01 -3.160978061232199710e-01 -3.080007349409156214e-01 -2.775244844656724608e-01 -2.734947073770986892e-01 -2.572580145472673774e-01 -2.524314381433023780e-01 -2.129742204586499155e-01 -1.941589993360140487e-01 -1.842634111942753061e-01 -1.640879388126451344e-01 -1.536026528536061919e-01 -1.252125599781401255e-01 -1.153543966581293961e-01 -8.788461165821506715e-02 -7.735930379886708785e-02 -5.239691177340723843e-02 -3.746080682407514073e-02 -1.578253433841010286e-02 -8.997199674861143526e-03 8.997199674861192098e-03 1.578253433840999531e-02 3.746080682407536278e-02 5.239691177340710659e-02 7.735930379886678254e-02 8.788461165821449816e-02 1.153543966581308672e-01 1.252125599781397092e-01 1.536026528536066915e-01 1.640879388126453009e-01 1.842634111942763886e-01 1.941589993360128552e-01 2.129742204586516086e-01 2.524314381433019894e-01 2.572580145472634916e-01 2.734947073771004655e-01 2.775244844656722942e-01 3.080007349409195072e-01 3.160978061232173619e-01 3.371222960608151742e-01 3.511516612614735688e-01 3.637684342057196374e-01 3.908054333438776284e-01 4.146095728550282522e-01 4.195018973044582489e-01 4.368231065958905757e-01 4.517196861328285906e-01 4.718793995458576140e-01 4.764134545390451558e-01 5.004265563959680030e-01 5.181488654914530034e-01 5.475671182486364641e-01 5.511807670767900902e-01 5.603152286102027757e-01 5.816398270984899366e-01 5.914350819786113878e-01 5.989520739653025894e-01 6.238226464021551232e-01 6.261733241664835248e-01 6.396497546946808832e-01 6.620225513149161634e-01 6.705291158259873985e-01 6.857892402643113172e-01 7.088324452101369966e-01 7.519470604881202114e-01 7.536198615754429175e-01 7.752705207558964196e-01 7.756946248825633550e-01 7.868716643412837497e-01 7.944044845999017612e-01
-7.938257274192944690e-01 -7.872792695737469426e-01 -7.760805791395634090e-01 -7.727358941056936548e-01 -7.544971733643415224e-01 -7.524126692430579411e-01 -7.093263954805795191e-01 -6.870709649865118784e-01 -6.676449609884196335e-01 -6.620404852775073623e-01 -6.415025311623921977e-01 -6.250775672227042445e-01 -6.227668901657020806e-01 -5.986754058356782426e-01 -5.900528189469945728e-01 -5.791429645916685853e-01 -5.601856213763440895e-01 -5.511905751858925395e-01 -5.468260930413419985e-01 -5.178990973018122723e-01 -5.002552039631711356e-01 -4.766531509288569057e-01 -4.716579733912822925e-01 -4.516678880091040127e-01 -4.375484986008272847e-01 -4.175691399511978763e-01 -4.129397417629983580e-01 -3.894163644241376843e-01 -3.619728809621010623e-01 -3.493963780611998859e-01 -3.353775956182042384e-01 -3.130432350617824988e-01 -3.073123835552241667e-01 -2.778947659189840436e-01 -2.717186456961369068e-01 -2.565510730005968743e-01 -2.518450214166345624e-01 -2.118699087667846870e-01 -1.921952981807297789e-01 -1.837113029656031182e-01 -1.632337773372566081e-01 -1.526284669129853999e-01 -1.247177362929972055e-01 -1.151867351907241432e-01 -8.726933361875734152e-02 -7.622342256483964629e-02 -5.126114198073015993e-02 -3.660764486486708241e-02 -1.580393306632292549e-02 -8.931110373519316956e-03 8.931110373519159096e-03 1.580393306632278325e-02 3.660764486486741548e-02 5.126114198073012523e-02 7.622342256483989609e-02 8.726933361875725825e-02 1.151867351907239490e-01 1.247177362929985101e-01 1.526284669129848448e-01 1.632337773372564693e-01 1.837113029656015639e-01 1.921952981807295291e-01 2.118699087667850756e-01 2.518450214166345624e-01 2.565510730006005380e-01 2.717186456961382945e-01 2.778947659189859865e-01 3.073123835552238337e-01 3.130432350617781689e-01 3.353775956182003526e-01 3.493963780611963887e-01 3.619728809620957888e-01 3.894163644241327438e-01 4.129397417630011335e-01 4.175691399511933799e-01 4.375484986008245092e-01 4.516678880091003490e-01 4.716579733912878436e-01 4.766531509288502444e-01 5.002552039631761316e-01 5.178990973018159361e-01 5.468260930413390009e-01 5.511905751858895419e-01 5.601856213763474202e-01 5.791429645916722491e-01 5.900528189469953499e-01 5.986754058356810182e-01 6.227668901656979727e-01 6.250775672227030233e-01 6.415025311623919757e-01 6.620404852775093607e-01 6.676449609884171910e-01 6.870709649865148760e-01 7.093263954805756333e-01 7.524126692430561647e-01 7.544971733643408562e-01 7.727358941056905461e-01 7.760805791395641862e-01 7.872792695737509394e-01 7.938257274192951352e-01
-7.932672459246754570e-01 -7.877160802938680817e-01 -7.765884253488652966e-01 -7.701625219373252618e-01 -7.552705409263796854e-01 -7.528225729141327927e-01 -7.097021113846858631e-01 -6.882964758792675664e-01 -6.647198044656319471e-01 -6.621361702590626841e-01 -6.435159082257408958e-01 -6.238911509081281892e-01 -6.215101580862212316e-01 -5.985075102414478820e-01 -5.884751557136157496e-01 -5.767765189018643213e-01 -5.603346292379861593e-01 -5.511397115290150861e-01 -5.456903424750206844e-01 -5.176540973580066041e-01 -5.000033751624429756e-01 -4.769052585780907960e-01 -4.715275451521688810e-01 -4.515733391725572088e-01 -4.385065098627874414e-01 -4.156291983903110943e-01 -4.109624185568359622e-01 -3.879625227624280415e-01 -3.602226409226310655e-01 -3.476191722992382771e-01 -3.335877987438088388e-01 -3.099912242307336085e-01 -3.066040424797314978e-01 -2.783901131610457269e-01 -2.698768192219573869e-01 -2.560728210172438235e-01 -2.510010771576166033e-01 -2.108324890387274497e-01 -1.902430688815635595e-01 -1.831155280240071015e-01 -1.623456550594240821e-01 -1.516230720600252602e-01 -1.242204743563261882e-01 -1.150133089783896972e-01 -8.668446692857542657e-02 -7.509157395217223863e-02 -5.015032934452223062e-02 -3.578998143002132259e-02 -1.582440622287213314e-02 -8.865973021621250880e-03 8.865973021621257819e-03 1.582440622287218518e-02 3.578998143002157240e-02 5.015032934452217511e-02 7.509157395217200270e-02 8.668446692857516289e-02 1.150133089783903495e-01 1.242204743563246755e-01 1.516230720600261483e-01 1.623456550594228331e-01 1.831155280240071848e-01 1.902430688815621163e-01 2.108324890387294759e-01 2.510010771576160482e-01 2.560728210172458219e-01 2.698768192219589412e-01 2.783901131610437285e-01 3.066040424797288333e-01 3.099912242307353849e-01 3.335877987438121695e-01 3.476191722992408306e-01 3.602226409226282344e-01 3.879625227624279860e-01 4.109624185568392374e-01 4.156291983903150355e-01 4.385065098627855540e-01 4.515733391725609835e-01 4.715275451521684924e-01 4.769052585780882425e-01 5.000033751624474165e-01 5.176540973580059379e-01 5.456903424750195741e-01 5.511397115290200821e-01 5.603346292379826066e-01 5.767765189018697614e-01 5.884751557136175260e-01 5.985075102414452175e-01 6.215101580862154584e-01 6.238911509081301876e-01 6.435159082257393415e-01 6.621361702590565779e-01 6.647198044656301708e-01 6.882964758792633475e-01 7.097021113846820883e-01 7.528225729141310163e-01 7.552705409263764658e-01 7.701625219373263720e-01 7.765884253488674061e-01 7.877160802938720785e-01 7.932672459246754570e-01
-7.927526452006322666e-01 -7.881270959173115598e-01 -7.771038830201054681e-01 -7.676874729726579361e-01 -7.559320872498114241e-01 -7.531732607803388602e-01 -7.099329007770135425e-01 -6.894594995348822808e-01 -6.625788946329130846e-01 -6.614787601592204691e-01 -6.456367315390538764e-01 -6.226319886731647157e-01 -6.200945347970419075e-01 -5.984324141097143723e-01 -5.867187393243759042e-01 -5.746565745926980329e-01 -5.605370650668761723e-01 -5.510375551690057661e-01 -5.442876403826767406e-01 -5.174033314096815328e-01 -4.996627059188251674e-01 -4.771780555596163986e-01 -4.714832424608356165e-01 -4.514178544909679403e-01 -4.396174883531311917e-01 -4.137673736020170967e-01 -4.086751863481973279e-01 -3.864448337109437359e-01 -3.585201954424589998e-01 -3.458218710625748926e-01 -3.317618822332654704e-01 -3.069590665349757885e-01 -3.058586444976365004e-01 -2.789468070722143644e-01 -2.680310939938690407e-01 -2.557962603601356411e-01 -2.499250357327422178e-01 -2.098710335837010166e-01 -1.883126196827104304e-01 -1.824658819441094537e-01 -1.614218464199630720e-01 -1.505885327080050684e-01 -1.237230202964704762e-01 -1.148291039041493405e-01 -8.612957211659730272e-02 -7.396350155138978200e-02 -4.906703762034929361e-02 -3.500620762577484613e-02 -1.584406774862981773e-02 -8.801692244114072555e-03 8.801692244113947655e-03 1.584406774862981773e-02 3.500620762577529715e-02 4.906703762034913402e-02 7.396350155139029547e-02 8.612957211659741374e-02 1.148291039041481193e-01 1.237230202964706705e-01 1.505885327080072056e-01 1.614218464199639880e-01 1.824658819441109803e-01 1.883126196827108467e-01 2.098710335837006280e-01 2.499250357327376659e-01 2.557962603601358076e-01 2.680310939938661541e-01 2.789468070722179172e-01 3.058586444976370555e-01 3.069590665349781200e-01 3.317618822332592532e-01 3.458218710625762804e-01 3.585201954424518389e-01 3.864448337109375742e-01 4.086751863481977720e-01 4.137673736020154314e-01 4.396174883531365207e-01 4.514178544909693835e-01 4.714832424608333405e-01 4.771780555596153439e-01 4.996627059188203934e-01 5.174033314096802005e-01 5.442876403826735210e-01 5.510375551690092077e-01 5.605370650668806132e-01 5.746565745927033619e-01 5.867187393243763482e-01 5.984324141097174810e-01 6.200945347970365784e-01 6.226319886731620512e-01 6.456367315390471040e-01 6.614787601592152511e-01 6.625788946329062012e-01 6.894594995348817257e-01 7.099329007770147637e-01 7.531732607803410806e-01 7.559320872498119792e-01 7.676874729726553825e-01 7.771038830201069114e-01 7.881270959173106716e-01 7.927526452006309343e-01
-7.922974051974079890e-01 -7.884239208587716652e-01 -7.776158603748761777e-01 -7.653403031122503197e-01 -7.564746618965655367e-01 -7.534608165606044849e-01 -7.099897040908811352e-01 -6.905536158855677398e-01 -6.627578463714676182e-01 -6.585259798641148743e-01 -6.478302986394189888e-01 -6.213150961375576431e-01 -6.185521592453659956e-01 -5.984284478587279521e-01 -5.848020706683537684e-01 -5.729630225071846716e-01 -5.605207016253516139e-01 -5.508961170031925203e-01 -5.427269143366774129e-01 -5.171355928634281396e-01 -4.992240312184021422e-01 -4.774804404621149079e-01 -4.715184434675211977e-01 -4.511846262395663998e-01 -4.408281025293521727e-01 -4.119875193638199429e-01 -4.061302540865056043e-01 -3.848650274050672837e-01 -3.568672135797906209e-01 -3.440072636159760555e-01 -3.299086263786950579e-01 -3.051685214241277588e-01 -3.038541633055453772e-01 -2.795441448777303828e-01 -2.662004242315352265e-01 -2.556601023187394239e-01 -2.486762337153822500e-01 -2.089939222830974053e-01 -1.864210637654958869e-01 -1.817455677438275241e-01 -1.604608234772234576e-01 -1.495271016427351385e-01 -1.232280403742374020e-01 -1.146284628782211212e-01 -8.560398148826516007e-02 -7.283893619567756439e-02 -4.801411496913644827e-02 -3.425436620490921596e-02 -1.586304237703818967e-02 -8.738143924578428007e-03 8.738143924578412394e-03 1.586304237703821396e-02 3.425436620490936168e-02 4.801411496913614990e-02 7.283893619567821665e-02 8.560398148826472986e-02 1.146284628782201498e-01 1.232280403742372771e-01 1.495271016427345279e-01 1.604608234772232633e-01 1.817455677438284123e-01 1.864210637654981628e-01 2.089939222830988763e-01 2.486762337153880231e-01 2.556601023187441424e-01 2.662004242315423319e-01 2.795441448777308269e-01 3.038541633055447666e-01 3.051685214241273703e-01 3.299086263786954465e-01 3.440072636159805519e-01 3.568672135797930633e-01 3.848650274050616216e-01 4.061302540864985544e-01 4.119875193638247723e-01 4.408281025293456223e-01 4.511846262395687313e-01 4.715184434675191438e-01 4.774804404621174614e-01 4.992240312183955919e-01 5.171355928634198129e-01 5.427269143366770798e-01 5.508961170031932975e-01 5.605207016253518360e-01 5.729630225071873362e-01 5.848020706683479952e-01 5.984284478587177381e-01 6.185521592453665507e-01 6.213150961375542014e-01 6.478302986394206542e-01 6.585259798641123208e-01 6.627578463714626222e-01 6.905536158855712925e-01 7.099897040908732526e-01 7.534608165606052621e-01 7.564746618965716429e-01 7.653403031122489875e-01 7.776158603748674070e-01 7.884239208587782155e-01 7.922974051974128740e-01
-7.918035392065780886e-01 -7.884759205200831955e-01 -7.781120465183892776e-01 -7.631474168500806954e-01 -7.568910657274009468e-01 -7.536813510437541108e-01 -7.098422527191423637e-01 -6.915721309107724091e-01 -6.631190656374628123e-01 -6.554086647762359386e-01 -6.500726222305008850e-01 -6.199574046461853172e-01 -6.169076930029981920e-01 -5.984708424450230213e-01 -5.827425875995386750e-01 -5.719069818465337685e-01 -5.600157071103082362e-01 -5.507263903143670980e-01 -5.410839333068022672e-01 -5.168402102065907666e-01 -4.986771607992198097e-01 -4.778211450706521535e-01 -4.716250328954560977e-01 -4.508589665615121422e-01 -4.421012326372362189e-01 -4.102571027450443997e-01 -4.033992515207709406e-01 -3.832255624669303473e-01 -3.552647602932363369e-01 -3.421789194936101786e-01 -3.280365822694299438e-01 -3.043795358094927295e-01 -3.008299770170391740e-01 -2.801730001187001107e-01 -2.643921068043332823e-01 -2.556099212837937840e-01 -2.473068839881028547e-01 -2.082085068444644027e-01 -1.845997085104809088e-01 -1.809241054389006398e-01 -1.594613148757222376e-01 -1.484412208949288658e-01 -1.227385386432660874e-01 -1.144051377838164740e-01 -8.510680335274237174e-02 -7.171760651178026025e-02 -4.699469620896101762e-02 -3.353214088574616586e-02 -1.588146018777428572e-02 -8.675174368585924708e-03 8.675174368585813686e-03 1.588146018777424062e-02 3.353214088574631851e-02 4.699469620896123273e-02 7.171760651178006596e-02 8.510680335274210806e-02 1.144051377838168210e-01 1.227385386432643249e-01 1.484412208949300038e-01 1.594613148757220988e-01 1.809241054388995851e-01 1.845997085104800484e-01 2.082085068444627651e-01 2.473068839881036873e-01 2.556099212837973922e-01 2.643921068043340594e-01 2.801730001187003327e-01 3.008299770170406173e-01 3.043795358094938397e-01 3.280365822694278899e-01 3.421789194936094569e-01 3.552647602932358373e-01 3.832255624669301808e-01 4.033992515207694973e-01 4.102571027450461760e-01 4.421012326372374401e-01 4.508589665615125863e-01 4.716250328954574855e-01 4.778211450706500996e-01 4.986771607992189215e-01 5.168402102065869919e-01 5.410839333068011570e-01 5.507263903143706507e-01 5.600157071103133433e-01 5.719069818465393196e-01 5.827425875995405624e-01 5.984708424450196906e-01 6.169076930029996353e-01 6.199574046461837629e-01 6.500726222305076574e-01 6.554086647762336071e-01 6.631190656374588155e-01 6.915721309107738524e-01 7.098422527191470266e-01 7.536813510437623265e-01 7.568910657274032783e-01 7.631474168500869126e-01 7.781120465183930524e-01 7.884759205200825294e-01 7.918035392065875255e-01
-7.909226085473131107e-01 -7.881258764556134944e-01 -7.785760095393212676e-01 -7.611358656443317772e-01 -7.571706626040711763e-01 -7.538311912212091181e-01 -7.094610096389264431e-01 -6.925080151980816945e-01 -6.635540863620238428e-01 -6.524030029266835173e-01 -6.521718617777005900e-01 -6.185803074225589837e-01 -6.151805801398434470e-01 -5.985319187907842675e-01 -5.805562046548834454e-01 -5.715835401298247076e-01 -5.588965580689341239e-01 -5.505379367111742361e-01 -5.394050782686363732e-01 -5.165085613339311932e-01 -4.980108418935351167e-01 -4.782080036158409819e-01 -4.717936778805312259e-01 -4.504290470943691505e-01 -4.434090266023772431e-01 -4.085454214894497782e-01 -4.005415847486939462e-01 -3.815295560269082453e-01 -3.537135255357787833e-01 -3.403409534686800963e-01 -3.261540522750572824e-01 -3.035739052733398835e-01 -2.978033163036641340e-01 -2.808282771118032484e-01 -2.626091534522556614e-01 -2.556085824319007105e-01 -2.458517593134559864e-01 -2.075207536481107895e-01 -1.829062933309069661e-01 -1.799454233899872579e-01 -1.584223459706764758e-01 -1.473335219178303346e-01 -1.222576827926943888e-01 -1.141524296671685978e-01 -8.463692903128826328e-02 -7.059924857660351827e-02 -4.601219444063885111e-02 -3.283685971460526681e-02 -1.589944937055893376e-02 -8.612599751622325439e-03 8.612599751622105129e-03 1.589944937055904825e-02 3.283685971460516967e-02 4.601219444063905928e-02 7.059924857660294928e-02 8.463692903128838818e-02 1.141524296671714428e-01 1.222576827926924459e-01 1.473335219178295574e-01 1.584223459706776416e-01 1.799454233899852873e-01 1.829062933309072714e-01 2.075207536481112891e-01 2.458517593134524615e-01 2.556085824318989341e-01 2.626091534522536075e-01 2.808282771117978083e-01 2.978033163036634678e-01 3.035739052733353871e-01 3.261540522750588922e-01 3.403409534686803184e-01 3.537135255357754526e-01 3.815295560269157393e-01 4.005415847486973879e-01 4.085454214894496672e-01 4.434090266023828497e-01 4.504290470943669855e-01 4.717936778805336129e-01 4.782080036158440350e-01 4.980108418935403902e-01 5.165085613339388537e-01 5.394050782686372614e-01 5.505379367111740141e-01 5.588965580689269075e-01 5.715835401298176022e-01 5.805562046548915500e-01 5.985319187907885974e-01 6.151805801398446683e-01 6.185803074225603160e-01 6.521718617777022553e-01 6.524030029266834063e-01 6.635540863620189578e-01 6.925080151980773646e-01 7.094610096389262210e-01 7.538311912212111165e-01 7.571706626040719534e-01 7.611358656443318882e-01 7.785760095393218227e-01 7.881258764556139385e-01 7.909226085473137768e-01
-7.898545435801600512e-01 -7.871720522733761660e-01 -7.789855918787579325e-01 -7.593557960157985010e-01 -7.572750322336618822e-01 -7.539070039790874977e-01 -7.088198915480957707e-01 -6.933538491702236906e-01 -6.640465651693432392e-01 -6.546468706949154504e-01 -6.489866506396052559e-01 -6.172111727322144858e-01 -6.133870196592259294e-01 -5.985800782856596225e-01 -5.782589775623271366e-01 -5.718690951910614384e-01 -5.572752168943347906e-01 -5.503387525881769937e-01 -5.377132689883595829e-01 -5.161357263455893518e-01 -4.972130214363276179e-01 -4.786472915714951037e-01 -4.720142168435950691e-01 -4.498867310541478926e-01 -4.447282803644846405e-01 -4.068335959410733782e-01 -3.975983787551402027e-01 -3.797807215626476940e-01 -3.522140404176810069e-01 -3.384977747050125774e-01 -3.242690648785614971e-01 -3.027369650057752937e-01 -2.947877360082060694e-01 -2.815065016750225579e-01 -2.608525234092280431e-01 -2.556318662198993619e-01 -2.443326697894366017e-01 -2.069349070252715916e-01 -1.814207380671788161e-01 -1.787324256829873337e-01 -1.573432575132976685e-01 -1.462068249811615261e-01 -1.217885123977352352e-01 -1.138634443689663794e-01 -8.419304240007760565e-02 -6.948361480511623667e-02 -4.507027680975043971e-02 -3.216551842193005051e-02 -1.591712727322510540e-02 -8.550205722585118434e-03 8.550205722584957105e-03 1.591712727322512275e-02 3.216551842193009908e-02 4.507027680975071726e-02 6.948361480511625055e-02 8.419304240007796647e-02 1.138634443689661019e-01 1.217885123977360817e-01 1.462068249811632192e-01 1.573432575132968914e-01 1.787324256829873337e-01 1.814207380671786218e-01 2.069349070252713974e-01 2.443326697894386834e-01 2.556318662199003611e-01 2.608525234092325396e-01 2.815065016750212257e-01 2.947877360082035714e-01 3.027369650057757933e-01 3.242690648785612750e-01 3.384977747050159080e-01 3.522140404176809514e-01 3.797807215626535227e-01 3.975983787551366500e-01 4.068335959410729341e-01 4.447282803644880822e-01 4.498867310541486142e-01 4.720142168435938479e-01 4.786472915714912735e-01 4.972130214363251199e-01 5.161357263455906841e-01 5.377132689883644678e-01 5.503387525881809905e-01 5.572752168943309048e-01 5.718690951910589959e-01 5.782589775623259154e-01 5.985800782856635083e-01 6.133870196592272617e-01 6.172111727322137087e-01 6.489866506396025914e-01 6.546468706949176708e-01 6.640465651693456817e-01 6.933538491702205819e-01 7.088198915480887763e-01 7.539070039790837230e-01 7.572750322336601059e-01 7.593557960157991671e-01 7.789855918787528255e-01 7.871720522733703929e-01 7.898545435801598291e-01
-7.891330569384743532e-01 -7.855992359869065078e-01 -7.793116999192575278e-01 -7.580986345589733055e-01 -7.569174467031598574e-01 -7.539059264879640621e-01 -7.078995039104692966e-01 -6.941017286952114729e-01 -6.645861634459117040e-01 -6.569500671425848592e-01 -6.457004958114267446e-01 -6.158845271629164175e-01 -6.115414984286556832e-01 -5.985785126013971613e-01 -5.758782632639678489e-01 -5.725334471067404785e-01 -5.553729045681669030e-01 -5.501343762405022098e-01 -5.360117842424090284e-01 -5.157219440242878372e-01 -4.962715081473753620e-01 -4.791431698926674754e-01 -4.722761877448177215e-01 -4.492297765757059524e-01 -4.460357725213421887e-01 -4.051122425461957666e-01 -3.945971289370923674e-01 -3.779833158383578695e-01 -3.507668512610181977e-01 -3.366538511953039992e-01 -3.223893276675797170e-01 -3.018631763007961766e-01 -2.917878156117024169e-01 -2.822047794453589886e-01 -2.591219417612194431e-01 -2.556631355143932360e-01 -2.427638764428418361e-01 -2.064532155575666827e-01 -1.801709615491419170e-01 -1.772614285711514304e-01 -1.562237019032322594e-01 -1.450641371570742522e-01 -1.213335233787603828e-01 -1.135314718877378781e-01 -8.377363174211246988e-02 -6.837048225454694927e-02 -4.417281828790187159e-02 -3.151483031392176420e-02 -1.593458997100948363e-02 -8.487746999511196905e-03 8.487746999511247212e-03 1.593458997100934138e-02 3.151483031392197237e-02 4.417281828790184384e-02 6.837048225454626926e-02 8.377363174211226171e-02 1.135314718877378087e-01 1.213335233787585787e-01 1.450641371570742244e-01 1.562237019032314267e-01 1.772614285711547888e-01 1.801709615491413063e-01 2.064532155575671546e-01 2.427638764428434459e-01 2.556631355143915707e-01 2.591219417612182774e-01 2.822047794453605984e-01 2.917878156117036381e-01 3.018631763007951774e-01 3.223893276675795505e-01 3.366538511952997248e-01 3.507668512610144229e-01 3.779833158383595904e-01 3.945971289370918123e-01 4.051122425461891052e-01 4.460357725213385804e-01 4.492297765757069516e-01 4.722761877448234391e-01 4.791431698926705285e-01 4.962715081473795253e-01 5.157219440242893915e-01 5.360117842424120260e-01 5.501343762405112026e-01 5.553729045681722321e-01 5.725334471067410336e-01 5.758782632639575239e-01 5.985785126013964952e-01 6.115414984286559053e-01 6.158845271629118656e-01 6.457004958114236359e-01 6.569500671425754224e-01 6.645861634458987144e-01 6.941017286952068099e-01 7.078995039104756248e-01 7.539059264879581779e-01 7.569174467031556386e-01 7.580986345589748598e-01 7.793116999192585270e-01 7.855992359869068409e-01 7.891330569384743532e-01
-7.887100170054097692e-01 -7.837472356006837115e-01 -7.795176966657555440e-01 -7.577515922409939764e-01 -7.557065856577256380e-01 -7.538257191049861916e-01 -7.066903704914174744e-01 -6.947430424304902319e-01 -6.651643471338298808e-01 -6.592531105488894649e-01 -6.423660954819212510e-01 -6.146425442426721730e-01 -6.096579402838613326e-01 -5.984846824181095926e-01 -5.738830764405220553e-01 -5.729440764168027833e-01 -5.533842585391296476e-01 -5.499245160901780061e-01 -5.342868845009541845e-01 -5.152734009556603212e-01 -4.951750938409375524e-01 -4.796972477803658763e-01 -4.725694654465959488e-01 -4.484857753322541440e-01 -4.472824910226409489e-01 -4.033777899801362365e-01 -3.915567968408366073e-01 -3.761420962965414949e-01 -3.493726316191390624e-01 -3.348135097876507871e-01 -3.205221456408311465e-01 -3.009478795763373959e-01 -2.888081755162414388e-01 -2.829198211012756703e-01 -2.574164099530426575e-01 -2.556897209295826423e-01 -2.411556174799660557e-01 -2.060757518973201086e-01 -1.790832032113832406e-01 -1.756119941269336515e-01 -1.550636178777749230e-01 -1.439086475246408592e-01 -1.208941620662225408e-01 -1.131504590485173656e-01 -8.337700373153580924e-02 -6.725966056911485136e-02 -4.332382741266034565e-02 -3.088130881207618722e-02 -1.595190076730522780e-02 -8.424946784707959199e-03 8.424946784707953995e-03 1.595190076730531800e-02 3.088130881207589579e-02 4.332382741266042198e-02 6.725966056911453217e-02 8.337700373153579536e-02 1.131504590485181150e-01 1.208941620662212918e-01 1.439086475246408037e-01 1.550636178777740903e-01 1.756119941269337903e-01 1.790832032113842398e-01 2.060757518973199698e-01 2.411556174799646957e-01 2.556897209295839191e-01 2.574164099530428240e-01 2.829198211012755593e-01 2.888081755162428266e-01 3.009478795763401160e-01 3.205221456408268721e-01 3.348135097876492883e-01 3.493726316191387293e-01 3.761420962965479342e-01 3.915567968408359412e-01 4.033777899801395117e-01 4.472824910226363970e-01 4.484857753322528118e-01 4.725694654465985578e-01 4.796972477803698176e-01 4.951750938409397174e-01 5.152734009556602102e-01 5.342868845009586254e-01 5.499245160901751195e-01 5.533842585391266500e-01 5.729440764168012290e-01 5.738830764405197238e-01 5.984846824181035974e-01 6.096579402838604445e-01 6.146425442426766139e-01 6.423660954819229163e-01 6.592531105488894649e-01 6.651643471338344327e-01 6.947430424304936736e-01 7.066903704914204720e-01 7.538257191049887451e-01 7.557065856577287466e-01 7.577515922409957527e-01 7.795176966657531015e-01 7.837472356006873753e-01 7.887100170054103243e-01
-7.884867235724785095e-01 -7.818679036217992540e-01 -7.795541721315195627e-01 -7.576384207516192459e-01 -7.543060410568277474e-01 -7.536643659986922428e-01 -7.051957004615886371e-01 -6.952678764796215161e-01 -6.657737973916032503e-01 -6.615459315494341963e-01 -6.389862540049041639e-01 -6.135333193655019279e-01 -6.077506430153704065e-01 -5.982523004260523747e-01 -5.746065564524058811e-01 -5.706649305502085046e-01 -5.514706412967265159e-01 -5.496833873003598159e-01 -5.325114026641408760e-01 -5.148019027922879909e-01 -4.939151362328266792e-01 -4.803082004546892492e-01 -4.728849378155583483e-01 -4.486719999737350251e-01 -4.474322359801528037e-01 -4.016299418114441799e-01 -3.884912482872991402e-01 -3.742622905483832252e-01 -3.480322222390930254e-01 -3.329807809440447075e-01 -3.186742974627861380e-01 -2.999867804670103832e-01 -2.858601746570376134e-01 -2.836418074763346064e-01 -2.557662509024010711e-01 -2.556690736550970011e-01 -2.395161641201845604e-01 -2.058003331492042065e-01 -1.780693059939231215e-01 -1.738796825799811541e-01 -1.538631866424985672e-01 -1.427437171798547066e-01 -1.204703132427455831e-01 -1.127154952301896440e-01 -8.300129943809290978e-02 -6.615099981502484128e-02 -4.252733967791181430e-02 -3.026138656028406690e-02 -1.596907820090762500e-02 -8.361495852473659410e-03 8.361495852473662879e-03 1.596907820090750010e-02 3.026138656028379281e-02 4.252733967791182124e-02 6.615099981502432780e-02 8.300129943809289590e-02 1.127154952301902824e-01 1.204703132427447781e-01 1.427437171798533466e-01 1.538631866424977623e-01 1.738796825799814871e-01 1.780693059939217615e-01 2.058003331492051224e-01 2.395161641201828950e-01 2.556690736550976673e-01 2.557662509023997943e-01 2.836418074763323860e-01 2.858601746570376689e-01 2.999867804670069416e-01 3.186742974627860825e-01 3.329807809440452071e-01 3.480322222390838105e-01 3.742622905483868334e-01 3.884912482872958095e-01 4.016299418114512854e-01 4.474322359801555793e-01 4.486719999737352471e-01 4.728849378155630667e-01 4.803082004546900818e-01 4.939151362328231820e-01 5.148019027922932089e-01 5.325114026641495357e-01 5.496833873003617033e-01 5.514706412967252946e-01 5.706649305502117242e-01 5.746065564524104330e-01 5.982523004260487109e-01 6.077506430153685191e-01 6.135333193655070350e-01 6.389862540048988349e-01 6.615459315494275350e-01 6.657737973916076912e-01 6.952678764796246247e-01 7.051957004615907465e-01 7.536643659986873578e-01 7.543060410568210861e-01 7.576384207516193570e-01 7.795541721315182304e-01 7.818679036217973666e-01 7.884867235724787315e-01
-7.884391756506076154e-01 -7.802024992849520002e-01 -7.792514829429383338e-01 -7.575679180178377381e-01 -7.534280992875723726e-01 -7.528795715596571236e-01 -7.034341190471277150e-01 -6.956632221681479100e-01 -6.664088897705364722e-01 -6.638168470896935736e-01 -6.355632943493186859e-01 -6.126047311545008700e-01 -6.058352584300775723e-01 -5.978380329354072709e-01 -5.756529819045448360e-01 -5.680282374408088808e-01 -5.500162490513808011e-01 -5.491175551446766390e-01 -5.306511532407891529e-01 -5.143232297292880117e-01 -4.924876295621734568e-01 -4.809711821496152062e-01 -4.732151312260497455e-01 -4.498129660118581619e-01 -4.464426775791295876e-01 -3.998701937338689505e-01 -3.854113490019383526e-01 -3.723495801049120368e-01 -3.467465968882237903e-01 -3.311592885588787727e-01 -3.168518716650655653e-01 -2.989760761615188889e-01 -2.844354307268091575e-01 -2.828809314113511220e-01 -2.556949441462706418e-01 -2.540659141577656377e-01 -2.378530452647306670e-01 -2.056225200962866484e-01 -1.770796352328624368e-01 -1.721230508275417570e-01 -1.526227749244450926e-01 -1.415728602157035609e-01 -1.200599030445863302e-01 -1.122231958781561567e-01 -8.264451230772033863e-02 -6.504439847590140489e-02 -4.178727840430453838e-02 -2.965157039667941710e-02 -1.598608427182108410e-02 -8.297051232092860287e-03 8.297051232092952228e-03 1.598608427182116390e-02 2.965157039667984384e-02 4.178727840430433021e-02 6.504439847590177959e-02 8.264451230772040802e-02 1.122231958781548661e-01 1.200599030445869964e-01 1.415728602157015625e-01 1.526227749244446485e-01 1.721230508275417292e-01 1.770796352328609380e-01 2.056225200962846222e-01 2.378530452647278637e-01 2.540659141577663593e-01 2.556949441462693651e-01 2.828809314113528983e-01 2.844354307268089355e-01 2.989760761615203322e-01 3.168518716650651212e-01 3.311592885588772739e-01 3.467465968882237903e-01 3.723495801049087617e-01 3.854113490019363542e-01 3.998701937338682844e-01 4.464426775791297541e-01 4.498129660118537210e-01 4.732151312260489684e-01 4.809711821496160389e-01 4.924876295621739564e-01 5.143232297292836819e-01 5.306511532407904852e-01 5.491175551446729752e-01 5.500162490513798019e-01 5.680282374408121004e-01 5.756529819045460572e-01 5.978380329354182621e-01 6.058352584300785715e-01 6.126047311545065321e-01 6.355632943493138010e-01 6.638168470896941287e-01 6.664088897705324754e-01 6.956632221681504635e-01 7.034341190471253835e-01 7.528795715596561244e-01 7.534280992875710403e-01 7.575679180178379601e-01 7.792514829429399992e-01 7.802024992849548868e-01 7.884391756506096138e-01
-7.885550448217590880e-01 -7.794408422299297090e-01 -7.779525218669743891e-01 -7.575510921302599510e-01 -7.531067675465521472e-01 -7.514018294107533968e-01 -7.014461856380974636e-01 -6.959064594489081657e-01 -6.670727120412254241e-01 -6.660435088706538886e-01 -6.320994444966206993e-01 -6.118933055478588123e-01 -6.039302496272994647e-01 -5.972133319015885400e-01 -5.766993818237916569e-01 -5.653138802480899283e-01 -5.495795222994156459e-01 -5.477238354354320160e-01 -5.286744656383348673e-01 -5.138543513417995756e-01 -4.908962732020493158e-01 -4.816761556789982412e-01 -4.735546878697961537e-01 -4.509041346259925476e-01 -4.453004593077532491e-01 -3.981010052209859040e-01 -3.823262417997629337e-01 -3.704101011973772728e-01 -3.455167570925124498e-01 -3.293521794367430533e-01 -3.150600796726616970e-01 -2.979127381406233011e-01 -2.851748033060217402e-01 -2.799983942249217872e-01 -2.556527065395808873e-01 -2.524180747089068699e-01 -2.361738518784967100e-01 -2.055356472011937996e-01 -1.760928399547173895e-01 -1.703737109653096216e-01 -1.513428733166596873e-01 -1.403997099494404821e-01 -1.196587290849274038e-01 -1.116718788747390889e-01 -8.230450813572415258e-02 -6.393981190477826537e-02 -4.110728958904363850e-02 -2.904862431638700199e-02 -1.600281369074810223e-02 -8.231234525155941770e-03 8.231234525156007689e-03 1.600281369074798427e-02 2.904862431638731771e-02 4.110728958904375646e-02 6.393981190477843191e-02 8.230450813572469382e-02 1.116718788747410596e-01 1.196587290849266683e-01 1.403997099494407041e-01 1.513428733166610196e-01 1.703737109653103710e-01 1.760928399547196099e-01 2.055356472011951874e-01 2.361738518784960994e-01 2.524180747089118659e-01 2.556527065395794440e-01 2.799983942249227309e-01 2.851748033060224619e-01 2.979127381406246888e-01 3.150600796726596986e-01 3.293521794367447186e-01 3.455167570925133380e-01 3.704101011973802149e-01 3.823262417997602691e-01 3.981010052209894012e-01 4.453004593077511397e-01 4.509041346259941019e-01 4.735546878697999285e-01 4.816761556790029597e-01 4.908962732020571429e-01 5.138543513418100117e-01 5.286744656383374208e-01 5.477238354354252436e-01 5.495795222994097617e-01 5.653138802480882630e-01 5.766993818237884373e-01 5.972133319015890951e-01 6.039302496272938026e-01 6.118933055478552596e-01 6.320994444966185899e-01 6.660435088706482265e-01 6.670727120412228706e-01 6.959064594489097200e-01 7.014461856380947991e-01 7.514018294107565055e-01 7.531067675465566991e-01 7.575510921302617273e-01 7.779525218669763875e-01 7.794408422299314854e-01 7.885550448217506503e-01
-7.888117187393004492e-01 -7.789545437955061047e-01 -7.763111380132328154e-01 -7.576142437984697553e-01 -7.527081775756828685e-01 -7.498143639154150053e-01 -6.993271333254856836e-01 -6.959328886537119452e-01 -6.683018673720412250e-01 -6.676650964228147966e-01 -6.285969885040332272e-01 -6.114125431078659689e-01 -6.020596616491931119e-01 -5.963763531893458980e-01 -5.776823496564216232e-01 -5.625517858396639204e-01 -5.493624626313874382e-01 -5.463203723907260612e-01 -5.265627893843308760e-01 -5.134098559737830803e-01 -4.891597510911134816e-01 -4.824015495192378045e-01 -4.739005784530432308e-01 -4.518920568037623764e-01 -4.440401419502159608e-01 -3.963253426803503565e-01 -3.792441583563511687e-01 -3.684504664970550403e-01 -3.443435614994879157e-01 -3.275620837480777148e-01 -3.133030835515198675e-01 -2.967948588845407132e-01 -2.859379000561865225e-01 -2.771368265783631379e-01 -2.555717530978877661e-01 -2.507809095043873615e-01 -2.344868601430460386e-01 -2.055308166937284964e-01 -1.751014622238113716e-01 -1.686504713128347543e-01 -1.500240415538030003e-01 -1.392279622991753341e-01 -1.192605690297907917e-01 -1.110614920412831969e-01 -8.197904709138661983e-02 -6.283726157314252492e-02 -4.049056544809264552e-02 -2.844976384678380918e-02 -1.601908499627624494e-02 -8.163630056739772448e-03 8.163630056739798468e-03 1.601908499627617902e-02 2.844976384678359060e-02 4.049056544809258307e-02 6.283726157314219185e-02 8.197904709138661983e-02 1.110614920412817258e-01 1.192605690297889182e-01 1.392279622991743071e-01 1.500240415538020844e-01 1.686504713128355037e-01 1.751014622238113161e-01 2.055308166937301617e-01 2.344868601430457333e-01 2.507809095043854186e-01 2.555717530978863783e-01 2.771368265783601958e-01 2.859379000561859119e-01 2.967948588845381042e-01 3.133030835515201451e-01 3.275620837480756609e-01 3.443435614994830307e-01 3.684504664970495447e-01 3.792441583563535557e-01 3.963253426803527435e-01 4.440401419502171820e-01 4.518920568037659291e-01 4.739005784530446741e-01 4.824015495192325864e-01 4.891597510911131486e-01 5.134098559737838574e-01 5.265627893843337626e-01 5.463203723907268383e-01 5.493624626313878823e-01 5.625517858396618109e-01 5.776823496564207350e-01 5.963763531893431225e-01 6.020596616491894482e-01 6.114125431078683004e-01 6.285969885040333383e-01 6.676650964228137974e-01 6.683018673720403369e-01 6.959328886537115011e-01 6.993271333254893474e-01 7.498143639154163376e-01 7.527081775756880866e-01 7.576142437984697553e-01 7.763111380132320383e-01 7.789545437955047724e-01 7.888117187393098861e-01
-7.891776446166998138e-01 -7.783822892800121851e-01 -7.747105607674507066e-01 -7.577710816088852885e-01 -7.522320933845778601e-01 -7.480814763885937912e-01 -6.974510055370354289e-01 -6.954145046870785496e-01 -6.703823814621469035e-01 -6.683605809675227105e-01 -6.250584764633935198e-01 -6.111487922887026691e-01 -6.002587395052837449e-01 -5.953543386876698484e-01 -5.785437929118162348e-01 -5.597731797486735772e-01 -5.491455875252341245e-01 -5.451069550637519523e-01 -5.243191996975802294e-01 -5.129975454284950720e-01 -4.873442373592883903e-01 -4.830820012785055351e-01 -4.742518908464387617e-01 -4.527470410211606455e-01 -4.426710529451622356e-01 -3.945464300116439671e-01 -3.761729705169941651e-01 -3.664778128205856689e-01 -3.432274965509305997e-01 -3.257910957848054179e-01 -3.115839024770064580e-01 -2.956220426563537784e-01 -2.867067798207729168e-01 -2.743164021529239660e-01 -2.554440506181873127e-01 -2.491493570129338642e-01 -2.328016227730494159e-01 -2.055967799412292407e-01 -1.741045526447459746e-01 -1.669664268062145962e-01 -1.486668757617335135e-01 -1.380612854700530578e-01 -1.188575358597635662e-01 -1.103933350426136994e-01 -8.166580786840536843e-02 -6.173684553756959154e-02 -3.993967868894716944e-02 -2.785283747543906493e-02 -1.603463436579087228e-02 -8.093783254889151679e-03 8.093783254889113515e-03 1.603463436579106657e-02 2.785283747543919677e-02 3.993967868894708617e-02 6.173684553756891846e-02 8.166580786840531292e-02 1.103933350426137272e-01 1.188575358597644960e-01 1.380612854700539460e-01 1.486668757617328751e-01 1.669664268062159007e-01 1.741045526447445868e-01 2.055967799412290464e-01 2.328016227730494159e-01 2.491493570129347523e-01 2.554440506181837600e-01 2.743164021529245766e-01 2.867067798207746376e-01 2.956220426563528902e-01 3.115839024770084564e-01 3.257910957848039746e-01 3.432274965509312659e-01 3.664778128205868346e-01 3.761729705169949978e-01 3.945464300116466316e-01 4.426710529451572396e-01 4.527470410211612561e-01 4.742518908464358751e-01 4.830820012785047024e-01 4.873442373592918875e-01 5.129975454284962932e-01 5.243191996975818947e-01 5.451069550637516192e-01 5.491455875252359009e-01 5.597731797486805716e-01 5.785437929118137923e-01 5.953543386876695154e-01 6.002587395052790820e-01 6.111487922887007818e-01 6.250584764633975166e-01 6.683605809675261522e-01 6.703823814621439059e-01 6.954145046870818803e-01 6.974510055370382045e-01 7.480814763885970109e-01 7.522320933845748625e-01 7.577710816088861767e-01 7.747105607674515948e-01 7.783822892800156268e-01 7.891776446166953729e-01
-7.896193032057970962e-01 -7.777136440337074630e-01 -7.731777647037071377e-01 -7.580158188409941156e-01 -7.516791358638862386e-01 -7.461874404348731726e-01 -6.965853731472213539e-01 -6.936554906517197194e-01 -6.723539658630681703e-01 -6.690317409126042003e-01 -6.214872795578809672e-01 -6.110675677594897826e-01 -5.985843843160028044e-01 -5.941903562723309662e-01 -5.792159645242951349e-01 -5.570363819697078389e-01 -5.488512912616760886e-01 -5.440887376874916637e-01 -5.219744345949288711e-01 -5.126115983644169427e-01 -4.858087085011444373e-01 -4.833626162826292760e-01 -4.746089830785590880e-01 -4.534403002455786313e-01 -4.412002502208016708e-01 -3.927676153043433427e-01 -3.731205970296086472e-01 -3.644998815307508577e-01 -3.421683950599241353e-01 -3.240407626228352100e-01 -3.099044912798207263e-01 -2.943959342489452791e-01 -2.874745509690851408e-01 -2.715457534983420906e-01 -2.552618679107340194e-01 -2.475172929404954036e-01 -2.311296374728778746e-01 -2.057196252468626585e-01 -1.731042662083475403e-01 -1.653320392337929712e-01 -1.472720156962228355e-01 -1.369031823779594537e-01 -1.184405907195418967e-01 -1.096696775484301140e-01 -8.136241401759176928e-02 -6.063875068393758533e-02 -3.945645261929659614e-02 -2.725646729781733280e-02 -1.604911287483666224e-02 -8.021199865589311723e-03 8.021199865589330805e-03 1.604911287483676632e-02 2.725646729781752362e-02 3.945645261929643655e-02 6.063875068393762696e-02 8.136241401759163050e-02 1.096696775484318903e-01 1.184405907195410501e-01 1.369031823779598700e-01 1.472720156962231131e-01 1.653320392337936928e-01 1.731042662083469297e-01 2.057196252468647679e-01 2.311296374728779857e-01 2.475172929404972910e-01 2.552618679107326871e-01 2.715457534983422572e-01 2.874745509690842526e-01 2.943959342489432807e-01 3.099044912798195606e-01 3.240407626228410942e-01 3.421683950599244128e-01 3.644998815307521900e-01 3.731205970296097019e-01 3.927676153043441198e-01 4.412002502208052790e-01 4.534403002455826281e-01 4.746089830785602537e-01 4.833626162826361039e-01 4.858087085011512096e-01 5.126115983644218277e-01 5.219744345949292041e-01 5.440887376874937731e-01 5.488512912616732020e-01 5.570363819697022878e-01 5.792159645242935806e-01 5.941903562723306331e-01 5.985843843160065791e-01 6.110675677594937794e-01 6.214872795578870734e-01 6.690317409126042003e-01 6.723539658630646176e-01 6.936554906517207186e-01 6.965853731472224641e-01 7.461874404348722845e-01 7.516791358638854614e-01 7.580158188409920061e-01 7.731777647037071377e-01 7.777136440337060197e-01 7.896193032057917671e-01
-7.901058511567825571e-01 -7.769631463626108792e-01 -7.717119410637978127e-01 -7.583218207154011070e-01 -7.510503521372881020e-01 -7.441339328329299452e-01 -6.961430360836593501e-01 -6.913684764637476610e-01 -6.740883531771441062e-01 -6.696950714554034123e-01 -6.178898906767311683e-01 -6.111231039994549086e-01 -5.971287798709866701e-01 -5.929180259612834014e-01 -5.796185897321647351e-01 -5.544788998720513451e-01 -5.483359649979634431e-01 -5.432409168316577608e-01 -5.195978295375943690e-01 -5.122172238177440384e-01 -4.856572345011623271e-01 -4.821457684666121124e-01 -4.749717755849696132e-01 -4.539430109259813273e-01 -4.396342809884780656e-01 -3.909923026902263343e-01 -3.700953317896069628e-01 -3.625251402117476429e-01 -3.411651085048901799e-01 -3.223120664426917248e-01 -3.082661189246382882e-01 -2.931215181934922476e-01 -2.882319888257856566e-01 -2.688338152340807863e-01 -2.550174482199786818e-01 -2.458778071017791722e-01 -2.294851826869976075e-01 -2.058821925501933270e-01 -1.721042139160376128e-01 -1.637564351432956866e-01 -1.458402116984771901e-01 -1.357567902419029859e-01 -1.180001173153266275e-01 -1.088933817906276164e-01 -8.106646246188843608e-02 -5.954326754410520228e-02 -3.904188823408381165e-02 -2.666012466211123422e-02 -1.606208784149991756e-02 -7.945346818445267120e-03 7.945346818445326101e-03 1.606208784149997307e-02 2.666012466211137300e-02 3.904188823408379777e-02 5.954326754410512595e-02 8.106646246188804750e-02 1.088933817906290874e-01 1.180001173153275157e-01 1.357567902419025141e-01 1.458402116984771346e-01 1.637564351432954923e-01 1.721042139160356699e-01 2.058821925501955197e-01 2.294851826870007716e-01 2.458778071017823086e-01 2.550174482199777382e-01 2.688338152340841170e-01 2.882319888257842688e-01 2.931215181934885838e-01 3.082661189246306832e-01 3.223120664426907811e-01 3.411651085048908461e-01 3.625251402117494748e-01 3.700953317896091277e-01 3.909923026902284993e-01 4.396342809884880021e-01 4.539430109259913748e-01 4.749717755849724998e-01 4.821457684666170529e-01 4.856572345011621050e-01 5.122172238177424841e-01 5.195978295376039169e-01 5.432409168316677528e-01 5.483359649979672179e-01 5.544788998720551199e-01 5.796185897321656233e-01 5.929180259612847337e-01 5.971287798709820072e-01 6.111231039994565739e-01 6.178898906767343879e-01 6.696950714554040784e-01 6.740883531771495463e-01 6.913684764637473279e-01 6.961430360836632358e-01 7.441339328329275027e-01 7.510503521372942082e-01 7.583218207154045487e-01 7.717119410638024757e-01 7.769631463626169854e-01 7.901058511567842224e-01
-7.906103821214848226e-01 -7.761447593017178903e-01 -7.703196097724074320e-01 -7.586389002309976703e-01 -7.503474364291812249e-01 -7.419336479324195599e-01 -6.956639887082228801e-01 -6.892580111551231958e-01 -6.753581359510186788e-01 -6.703464489582178221e-01 -6.142953882705580737e-01 -6.112483087249754865e-01 -5.960166162942661661e-01 -5.915430202079996480e-01 -5.796697040527816203e-01 -5.524145585938281533e-01 -5.472808075000019645e-01 -5.425289883795942902e-01 -5.173350295537942900e-01 -5.117081548399016189e-01 -4.863234171852744980e-01 -4.800055652123334515e-01 -4.753370096568313996e-01 -4.542275568124532481e-01 -4.379794085851523855e-01 -3.892239202770282902e-01 -3.671061313837363782e-01 -3.605629558139463176e-01 -3.402151378286256134e-01 -3.206053846217202241e-01 -3.066702297495742524e-01 -2.918137938045600177e-01 -2.889591097869119718e-01 -2.661909123057263349e-01 -2.547027897855367318e-01 -2.442233648269458712e-01 -2.278863861254229184e-01 -2.060631523428690937e-01 -1.711085996087253480e-01 -1.622478883354210033e-01 -1.443724707688940068e-01 -1.346246015500910109e-01 -1.175264922086178832e-01 -1.080676030653707764e-01 -8.077555409695477695e-02 -5.845080886683456933e-02 -3.869615813621184175e-02 -2.606412755832640538e-02 -1.607304873229186554e-02 -7.865655734409008476e-03 7.865655734408996333e-03 1.607304873229187248e-02 2.606412755832603761e-02 3.869615813621184175e-02 5.845080886683487464e-02 8.077555409695495736e-02 1.080676030653693886e-01 1.175264922086162178e-01 1.346246015500906501e-01 1.443724707688953113e-01 1.622478883354211698e-01 1.711085996087271244e-01 2.060631523428675949e-01 2.278863861254263323e-01 2.442233648269450663e-01 2.547027897855367873e-01 2.661909123057293325e-01 2.889591097869113612e-01 2.918137938045584634e-01 3.066702297495710883e-01 3.206053846217251646e-01 3.402151378286291106e-01 3.605629558139435975e-01 3.671061313837334916e-01 3.892239202770294559e-01 4.379794085851499985e-01 4.542275568124538587e-01 4.753370096568340086e-01 4.800055652123338956e-01 4.863234171852795495e-01 5.117081548399076141e-01 5.173350295537973986e-01 5.425289883795932910e-01 5.472808075000024086e-01 5.524145585938318170e-01 5.796697040527859501e-01 5.915430202079987598e-01 5.960166162942726054e-01 6.112483087249801494e-01 6.142953882705569635e-01 6.703464489582146024e-01 6.753581359510172355e-01 6.892580111551191990e-01 6.956639887082201046e-01 7.419336479324155631e-01 7.503474364291817800e-01 7.586389002309942287e-01 7.703196097724065439e-01 7.761447593017096747e-01 7.906103821214810479e-01
-7.911092950129795520e-01 -7.752688097723653415e-01 -7.690347815937320641e-01 -7.588841684093345918e-01 -7.495727488672936367e-01 -7.396044598818898308e-01 -6.950644798557820137e-01 -6.878524433349294531e-01 -6.757396391386737422e-01 -6.709768457149470899e-01 -6.117740404361383666e-01 -6.103406710350282038e-01 -5.953513966200656427e-01 -5.900627161323740433e-01 -5.793147216740297534e-01 -5.511590516678368523e-01 -5.453660881701881680e-01 -5.419150772098495494e-01 -5.154925405480899059e-01 -5.108194662480716186e-01 -4.871414190755781193e-01 -4.776164351601132063e-01 -4.756937984289080767e-01 -4.542693250755435730e-01 -4.362416135618036872e-01 -3.874659071592485571e-01 -3.641628822050873016e-01 -3.586238292815389084e-01 -3.393142275956024245e-01 -3.189204114765827325e-01 -3.051200901125231679e-01 -2.905881694785799607e-01 -2.895328332348541256e-01 -2.636294471344776680e-01 -2.543091858689609519e-01 -2.425460805439005607e-01 -2.263565138408938360e-01 -2.062357554570060370e-01 -1.701217353724873427e-01 -1.608138906524539113e-01 -1.428702986978414302e-01 -1.335080931185195496e-01 -1.170106217824443684e-01 -1.071955958521629421e-01 -8.048732624367284372e-02 -5.736193375675248396e-02 -3.841866152625517811e-02 -2.546956177931718537e-02 -1.608141790366649990e-02 -7.781530181192865443e-03 7.781530181193056263e-03 1.608141790366648255e-02 2.546956177931711252e-02 3.841866152625501851e-02 5.736193375675224804e-02 8.048732624367287147e-02 1.071955958521631919e-01 1.170106217824437439e-01 1.335080931185206043e-01 1.428702986978407641e-01 1.608138906524531897e-01 1.701217353724858716e-01 2.062357554570086460e-01 2.263565138408947242e-01 2.425460805439020318e-01 2.543091858689645046e-01 2.636294471344755586e-01 2.895328332348507949e-01 2.905881694785774627e-01 3.051200901125244447e-01 3.189204114765851195e-01 3.393142275956043674e-01 3.586238292815360218e-01 3.641628822050911873e-01 3.874659071592466697e-01 4.362416135618128465e-01 4.542693250755543977e-01 4.756937984289003607e-01 4.776164351601071001e-01 4.871414190755810614e-01 5.108194662480718407e-01 5.154925405480881295e-01 5.419150772098554336e-01 5.453660881701877239e-01 5.511590516678340768e-01 5.793147216740318628e-01 5.900627161323693803e-01 5.953513966200697505e-01 6.103406710350375297e-01 6.117740404361401430e-01 6.709768457149488663e-01 6.757396391386781831e-01 6.878524433349311185e-01 6.950644798557816806e-01 7.396044598818912741e-01 7.495727488672943029e-01 7.588841684093399209e-01 7.690347815937298437e-01 7.752688097723675620e-01 7.911092950129819945e-01
-7.915810737161858013e-01 -7.743422374906338002e-01 -7.679406866736758763e-01 -7.589267540130608669e-01 -7.487291998743996757e-01 -7.371653892363561056e-01 -6.943233790648088988e-01 -6.876143364729788710e-01 -6.748302837323726378e-01 -6.715580983498220524e-01 -6.119031963545329411e-01 -6.067973423091232998e-01 -5.951452968855883707e-01 -5.885042107578036807e-01 -5.785572993405935227e-01 -5.505046842649373717e-01 -5.428138538727487195e-01 -5.413443904407976293e-01 -5.144185484324110824e-01 -5.092471805952804020e-01 -4.879866172153188297e-01 -4.760362227187984741e-01 -4.750943029083096181e-01 -4.540482864375545713e-01 -4.344265676243787566e-01 -3.857217093053352253e-01 -3.612766551071645571e-01 -3.567196954946085241e-01 -3.384559331406654104e-01 -3.172560285907556898e-01 -3.036238011704037731e-01 -2.905571224397048291e-01 -2.888271054787509007e-01 -2.611650477269424342e-01 -2.538260917497290325e-01 -2.408382062734890638e-01 -2.249252408525185265e-01 -2.063664709440952982e-01 -1.691477546940057253e-01 -1.594609973227441302e-01 -1.413360518781545117e-01 -1.324072552917114065e-01 -1.164444359147803060e-01 -1.062806185114783392e-01 -8.019948654587578940e-02 -5.627738023034148385e-02 -3.820811956817508903e-02 -2.487814232033740483e-02 -1.608656620283925587e-02 -7.692357804138044708e-03 7.692357804138100219e-03 1.608656620283951955e-02 2.487814232033758871e-02 3.820811956817509597e-02 5.627738023034144221e-02 8.019948654587598369e-02 1.062806185114794216e-01 1.164444359147807639e-01 1.324072552917113510e-01 1.413360518781525688e-01 1.594609973227451571e-01 1.691477546940058085e-01 2.063664709440932166e-01 2.249252408525209412e-01 2.408382062734898965e-01 2.538260917497294211e-01 2.611650477269457093e-01 2.888271054787521219e-01 2.905571224397053287e-01 3.036238011703986661e-01 3.172560285907552458e-01 3.384559331406664651e-01 3.567196954946089127e-01 3.612766551071701082e-01 3.857217093053342816e-01 4.344265676243741492e-01 4.540482864375631755e-01 4.750943029083062319e-01 4.760362227187994733e-01 4.879866172153229376e-01 5.092471805952769603e-01 5.144185484324115265e-01 5.413443904407931884e-01 5.428138538727467211e-01 5.505046842649359284e-01 5.785572993405957432e-01 5.885042107578009052e-01 5.951452968855862613e-01 6.067973423091205243e-01 6.119031963545270569e-01 6.715580983498271594e-01 6.748302837323736370e-01 6.876143364729756513e-01 6.943233790648130066e-01 7.371653892363599914e-01 7.487291998743926813e-01 7.589267540130593126e-01 7.679406866736775417e-01 7.743422374906390182e-01 7.915810737161835808e-01
-7.920051065444876359e-01 -7.733694572443299275e-01 -7.671712330406947888e-01 -7.585903435333656297e-01 -7.478201011820888588e-01 -7.346342899814871652e-01 -6.934340950767652334e-01 -6.884412621568586355e-01 -6.730775553348032902e-01 -6.717613443974250753e-01 -6.121807554533007512e-01 -6.031010775258071055e-01 -5.953231859560007555e-01 -5.869205604386616981e-01 -5.774593103585736742e-01 -5.500900808807341891e-01 -5.409843274338913544e-01 -5.397816514739268712e-01 -5.139973729679205849e-01 -5.071571427200926019e-01 -4.888137749553428946e-01 -4.763005419015339803e-01 -4.725149682748617241e-01 -4.535497568698029780e-01 -4.325396183974739017e-01 -3.839947780568132574e-01 -3.584599486108460686e-01 -3.548642686902158672e-01 -3.376311878604316141e-01 -3.156101192401686295e-01 -3.021998317146264434e-01 -2.911061268831455218e-01 -2.874312713900735727e-01 -2.588192200000745680e-01 -2.532382843481788548e-01 -2.390929522006874086e-01 -2.236291304609926145e-01 -2.064142296365469864e-01 -1.681904352320829632e-01 -1.581945531745356515e-01 -1.397734108866435787e-01 -1.313200197694043558e-01 -1.158213257187326595e-01 -1.053259124882114650e-01 -7.990984770526998737e-02 -5.519811075262881506e-02 -3.806268053556427500e-02 -2.429204048306349978e-02 -1.608783314636577644e-02 -7.597528362671182242e-03 7.597528362671093771e-03 1.608783314636607828e-02 2.429204048306356570e-02 3.806268053556428194e-02 5.519811075262891220e-02 7.990984770526989023e-02 1.053259124882125752e-01 1.158213257187332978e-01 1.313200197694048277e-01 1.397734108866434122e-01 1.581945531745354294e-01 1.681904352320821028e-01 2.064142296365505391e-01 2.236291304609943908e-01 2.390929522006853269e-01 2.532382843481801316e-01 2.588192200000719034e-01 2.874312713900727956e-01 2.911061268831452442e-01 3.021998317146215030e-01 3.156101192401693512e-01 3.376311878604318917e-01 3.548642686902169219e-01 3.584599486108467903e-01 3.839947780568124802e-01 4.325396183974762332e-01 4.535497568697983151e-01 4.725149682748601698e-01 4.763005419015357012e-01 4.888137749553398415e-01 5.071571427200921578e-01 5.139973729679158110e-01 5.397816514739253169e-01 5.409843274338929087e-01 5.500900808807331899e-01 5.774593103585711207e-01 5.869205604386578123e-01 5.953231859559988681e-01 6.031010775258055512e-01 6.121807554532950890e-01 6.717613443974296272e-01 6.730775553348039564e-01 6.884412621568556379e-01 6.934340950767696743e-01 7.346342899814933824e-01 7.478201011820885258e-01 7.585903435333679612e-01 7.671712330406981195e-01 7.733694572443331472e-01 7.920051065444904115e-01
-7.923607742149498812e-01 -7.723532295323930486e-01 -7.668369802914736244e-01 -7.577294141988988319e-01 -7.468490297507991427e-01 -7.320267673392854002e-01 -6.923971552963417153e-01 -6.898784052336649486e-01 -6.730166375391709588e-01 -6.695143851603276852e-01 -6.124711410270898826e-01 -5.993733852144423890e-01 -5.957796312260719152e-01 -5.853663020896515690e-01 -5.761085593212862399e-01 -5.497312653908053015e-01 -5.404604442905907025e-01 -5.367978752396643793e-01 -5.139055988928301621e-01 -5.049344143420126940e-01 -4.895862368521266550e-01 -4.764539652166162598e-01 -4.698891370546947055e-01 -4.527641411253581771e-01 -4.305857897945870594e-01 -3.822885673179645671e-01 -3.557269406360407671e-01 -3.530733354570325666e-01 -3.368279428406490972e-01 -3.139793384150216249e-01 -3.008869713558396941e-01 -2.915758438264812735e-01 -2.859578021375407397e-01 -2.566259849393228154e-01 -2.525188108410756360e-01 -2.373057943038195672e-01 -2.225096194055545540e-01 -2.063318508205125301e-01 -1.672530837379477275e-01 -1.570183771851980381e-01 -1.381879897871051421e-01 -1.302415893102251698e-01 -1.151364975909976995e-01 -1.043347286057315776e-01 -7.961636222766976800e-02 -5.412537820903713659e-02 -3.798000057727103640e-02 -2.371370388162387377e-02 -1.608455103819590726e-02 -7.496458464726572443e-03 7.496458464726526473e-03 1.608455103819598705e-02 2.371370388162390500e-02 3.798000057727108497e-02 5.412537820903682434e-02 7.961636222766936555e-02 1.043347286057305368e-01 1.151364975909979910e-01 1.302415893102255307e-01 1.381879897871057250e-01 1.570183771851977050e-01 1.672530837379444246e-01 2.063318508205168877e-01 2.225096194055544152e-01 2.373057943038218709e-01 2.525188108410766907e-01 2.566259849393217607e-01 2.859578021375398516e-01 2.915758438264856589e-01 3.008869713558405823e-01 3.139793384150213473e-01 3.368279428406533160e-01 3.530733354570325111e-01 3.557269406360416553e-01 3.822885673179625687e-01 4.305857897945887802e-01 4.527641411253610082e-01 4.698891370546962043e-01 4.764539652166207007e-01 4.895862368521300412e-01 5.049344143420149145e-01 5.139055988928359353e-01 5.367978752396674880e-01 5.404604442905909245e-01 5.497312653908079660e-01 5.761085593212881273e-01 5.853663020896513469e-01 5.957796312260723592e-01 5.993733852144408347e-01 6.124711410270839984e-01 6.695143851603226892e-01 6.730166375391707367e-01 6.898784052336663919e-01 6.923971552963499310e-01 7.320267673392851782e-01 7.468490297508058040e-01 7.577294141988969445e-01 7.668369802914771771e-01 7.723532295323976005e-01 7.923607742149508804e-01
-7.926268965168401515e-01 -7.712954545400440010e-01 -7.669178015135652560e-01 -7.563371388471704648e-01 -7.458197157565457092e-01 -7.293558627030809483e-01 -6.916645223182119606e-01 -6.911563958701500976e-01 -6.735166591743216857e-01 -6.662734337373839022e-01 -6.127502201926274816e-01 -5.964212182291757092e-01 -5.956278591334286387e-01 -5.838879213821448477e-01 -5.745866303593327729e-01 -5.493441348762928556e-01 -5.399798139478628745e-01 -5.337194642079535756e-01 -5.139626783013242495e-01 -5.028381026045120050e-01 -4.902602499062567176e-01 -4.764175769935476978e-01 -4.672482229131354470e-01 -4.516860485940232262e-01 -4.285697952860708093e-01 -3.806065269576238697e-01 -3.530939782016891959e-01 -3.513645789343715631e-01 -3.360310446205677648e-01 -3.123588738858418257e-01 -2.997590249473218171e-01 -2.918435754623711076e-01 -2.844460623819036194e-01 -2.546458778634835829e-01 -2.516143729592931200e-01 -2.354765144655335540e-01 -2.216059958736927016e-01 -2.060718856324617876e-01 -1.663384549683883662e-01 -1.559344691031058217e-01 -1.365880938385954091e-01 -1.291636780196378786e-01 -1.143872034011123862e-01 -1.033103768350601415e-01 -7.931715613688086752e-02 -5.306082475000618859e-02 -3.795726646439790547e-02 -2.314569226828221832e-02 -1.607607200888025445e-02 -7.388623406305933755e-03 7.388623406305826202e-03 1.607607200888003240e-02 2.314569226828230158e-02 3.795726646439804425e-02 5.306082475000602205e-02 7.931715613688083977e-02 1.033103768350605162e-01 1.143872034011138711e-01 1.291636780196371015e-01 1.365880938385962973e-01 1.559344691031065155e-01 1.663384549683862013e-01 2.060718856324614268e-01 2.216059958736895652e-01 2.354765144655323605e-01 2.516143729592936196e-01 2.546458778634838049e-01 2.844460623819021761e-01 2.918435754623700529e-01 2.997590249473219282e-01 3.123588738858360525e-01 3.360310446205702628e-01 3.513645789343711190e-01 3.530939782016894180e-01 3.806065269576220378e-01 4.285697952860706983e-01 4.516860485940232262e-01 4.672482229131260101e-01 4.764175769935505289e-01 4.902602499062556629e-01 5.028381026045138924e-01 5.139626783013160338e-01 5.337194642079500229e-01 5.399798139478618753e-01 5.493441348762918564e-01 5.745866303593331059e-01 5.838879213821490666e-01 5.956278591334294159e-01 5.964212182291733777e-01 6.127502201926275927e-01 6.662734337373897864e-01 6.735166591743194653e-01 6.911563958701465449e-01 6.916645223182170676e-01 7.293558627030783947e-01 7.458197157565412683e-01 7.563371388471652468e-01 7.669178015135672544e-01 7.712954545400432238e-01 7.926268965168351555e-01
-7.927815938832353249e-01 -7.701982708867054495e-01 -7.672873318293926825e-01 -7.545194520616481659e-01 -7.447359541121061355e-01 -7.266322023328191104e-01 -6.935004631963629373e-01 -6.898576046157579578e-01 -6.740324514871992578e-01 -6.627442157402202438e-01 -6.130033178319095333e-01 -5.971743417118878794e-01 -5.918765494746462963e-01 -5.825242183922867412e-01 -5.729546109536663989e-01 -5.488826746777875076e-01 -5.394939526708160127e-01 -5.306370464050125246e-01 -5.140742899766262974e-01 -5.010552547658765343e-01 -4.907801060756258882e-01 -4.760968684055931766e-01 -4.646175407500101051e-01 -4.503136291980969763e-01 -4.264960602503568010e-01 -3.789520908805517618e-01 -3.505830883586194546e-01 -3.497537925012688675e-01 -3.352226725570271459e-01 -3.107422639952939769e-01 -2.989290614333433016e-01 -2.917766380241790247e-01 -2.829046440318082056e-01 -2.529676574584357462e-01 -2.504429054054284620e-01 -2.336124893677840320e-01 -2.209419228893722831e-01 -2.055976877679168147e-01 -1.654486863293837540e-01 -1.549427884743358741e-01 -1.349856035547839506e-01 -1.280737017814108092e-01 -1.135728097116568414e-01 -1.022562819799071182e-01 -7.901056041495453652e-02 -5.200663475182833173e-02 -3.799112647813635002e-02 -2.259054473768015367e-02 -1.606179662305903810e-02 -7.273596002937273049e-03 7.273596002937315549e-03 1.606179662305917341e-02 2.259054473767997326e-02 3.799112647813634308e-02 5.200663475182829704e-02 7.901056041495499449e-02 1.022562819799081313e-01 1.135728097116572993e-01 1.280737017814105594e-01 1.349856035547819799e-01 1.549427884743349304e-01 1.654486863293816445e-01 2.055976877679153159e-01 2.209419228893687026e-01 2.336124893677782033e-01 2.504429054054277404e-01 2.529676574584346915e-01 2.829046440318098155e-01 2.917766380241766933e-01 2.989290614333436902e-01 3.107422639952949761e-01 3.352226725570299215e-01 3.497537925012645932e-01 3.505830883586191771e-01 3.789520908805528165e-01 4.264960602503617415e-01 4.503136291980997519e-01 4.646175407500028331e-01 4.760968684055961186e-01 4.907801060756240008e-01 5.010552547658739808e-01 5.140742899766229668e-01 5.306370464050115254e-01 5.394939526708231181e-01 5.488826746777915044e-01 5.729546109536759468e-01 5.825242183922856309e-01 5.918765494746479616e-01 5.971743417118874353e-01 6.130033178319100884e-01 6.627442157402277934e-01 6.740324514872119144e-01 6.898576046157619546e-01 6.935004631963606059e-01 7.266322023328227742e-01 7.447359541121101323e-01 7.545194520616450573e-01 7.672873318293874645e-01 7.701982708867036731e-01 7.927815938832316611e-01
-7.928024915877290857e-01 -7.690703806818633970e-01 -7.678059493099177457e-01 -7.523935625685139739e-01 -7.436015373076382273e-01 -7.238644972073675632e-01 -6.954322896244249375e-01 -6.883834185426979113e-01 -6.745261255435688330e-01 -6.590421626736339134e-01 -6.132190351766541037e-01 -5.979907821199185181e-01 -5.881288790519222376e-01 -5.813074127267904290e-01 -5.712513232846947453e-01 -5.483185848726229716e-01 -5.389916733749902100e-01 -5.276142843579155750e-01 -5.141648952431741026e-01 -4.997360730122561434e-01 -4.910892430940043685e-01 -4.753904286022792580e-01 -4.620188681570857048e-01 -4.486489833349950884e-01 -4.243687501435770559e-01 -3.773286588847840628e-01 -3.483784404784776578e-01 -3.480970048978201392e-01 -3.343838327734837135e-01 -3.091213707893604723e-01 -2.984946767202634188e-01 -2.912617141861086334e-01 -2.813367166940692332e-01 -2.516105245829736714e-01 -2.489907296733849806e-01 -2.317345365678719904e-01 -2.205081513593475928e-01 -2.048955648371677540e-01 -1.645852354519471428e-01 -1.540411393177597843e-01 -1.333968157639056629e-01 -1.269540910359985286e-01 -1.126946913474546064e-01 -1.011760335295598390e-01 -7.869513877282709180e-02 -5.096577909492520236e-02 -3.807748830270563795e-02 -2.205068623002089112e-02 -1.604120253172682670e-02 -7.151091680786584269e-03 7.151091680786584269e-03 1.604120253172705221e-02 2.205068623002105072e-02 3.807748830270549917e-02 5.096577909492517461e-02 7.869513877282678649e-02 1.011760335295597696e-01 1.126946913474562856e-01 1.269540910359991115e-01 1.333968157639060792e-01 1.540411393177602839e-01 1.645852354519455329e-01 2.048955648371707239e-01 2.205081513593459275e-01 2.317345365678706026e-01 2.489907296733893938e-01 2.516105245829738934e-01 2.813367166940681230e-01 2.912617141861092995e-01 2.984946767202623641e-01 3.091213707893621376e-01 3.343838327734815485e-01 3.480970048978206943e-01 3.483784404784780464e-01 3.773286588847877820e-01 4.243687501435849385e-01 4.486489833349971423e-01 4.620188681570897016e-01 4.753904286022804238e-01 4.910892430940069220e-01 4.997360730122504813e-01 5.141648952431744357e-01 5.276142843579122443e-01 5.389916733749910982e-01 5.483185848726220835e-01 5.712513232846960776e-01 5.813074127267898739e-01 5.881288790519251242e-01 5.979907821199212936e-01 6.132190351766557690e-01 6.590421626736298055e-01 6.745261255435690551e-01 6.883834185426924712e-01 6.954322896244169439e-01 7.238644972073690065e-01 7.436015373076417800e-01 7.523935625685108652e-01 7.678059493099168575e-01 7.690703806818646182e-01 7.928024915877289747e-01
-7.926662152847686604e-01 -7.684680945743503910e-01 -7.678160280318876429e-01 -7.500476155481405893e-01 -7.424202080185410280e-01 -7.210605374202037066e-01 -6.973852311119158598e-01 -6.867735266990702137e-01 -6.749865217292019270e-01 -6.552181019507092863e-01 -6.133878141390872729e-01 -5.988348912947063507e-01 -5.844018836423126029e-01 -5.802627312519079705e-01 -5.694950337665083406e-01 -5.476359140291946481e-01 -5.384701926746137124e-01 -5.247450697115991769e-01 -5.141390935795630002e-01 -4.989455244698607350e-01 -4.911705510059673485e-01 -4.742172221481966154e-01 -4.594679818926817871e-01 -4.466998595321742260e-01 -4.221918020881931244e-01 -3.757395719453061056e-01 -3.469943604709180285e-01 -3.459193520912396957e-01 -3.334974142245243356e-01 -3.074866426292885979e-01 -2.984370096362649605e-01 -2.903025726774513537e-01 -2.797432019940943593e-01 -2.504460518880071151e-01 -2.473902787950399695e-01 -2.298886594770917779e-01 -2.202461924490377310e-01 -2.039796957705065916e-01 -1.637488113508229759e-01 -1.532251746684376026e-01 -1.318426826997865231e-01 -1.257822664535184487e-01 -1.117559689331535239e-01 -1.000734226407526961e-01 -7.836971026688693831e-02 -4.994241751148225522e-02 -3.821112005141515111e-02 -2.152837492689601076e-02 -1.601387180106867217e-02 -7.021018438244379552e-03 7.021018438244527003e-03 1.601387180106871727e-02 2.152837492689600035e-02 3.821112005141506784e-02 4.994241751148241482e-02 7.836971026688688280e-02 1.000734226407524186e-01 1.117559689331525108e-01 1.257822664535183654e-01 1.318426826997871892e-01 1.532251746684360760e-01 1.637488113508246412e-01 2.039796957705020952e-01 2.202461924490358713e-01 2.298886594770931380e-01 2.473902787950426896e-01 2.504460518880113340e-01 2.797432019940911396e-01 2.903025726774499660e-01 2.984370096362647384e-01 3.074866426292863220e-01 3.334974142245232254e-01 3.459193520912393627e-01 3.469943604709158635e-01 3.757395719453052174e-01 4.221918020881892941e-01 4.466998595321686194e-01 4.594679818926785120e-01 4.742172221481998351e-01 4.911705510059766744e-01 4.989455244698578484e-01 5.141390935795638883e-01 5.247450697115976226e-01 5.384701926746064959e-01 5.476359140291920946e-01 5.694950337665006801e-01 5.802627312519067493e-01 5.844018836423132690e-01 5.988348912947099034e-01 6.133878141390884942e-01 6.552181019507081761e-01 6.749865217292042585e-01 6.867735266990782073e-01 6.973852311119201897e-01 7.210605374201988216e-01 7.424202080185327013e-01 7.500476155481405893e-01 7.678160280318933051e-01 7.684680945743539437e-01 7.926662152847706588e-01
-7.923353860460404796e-01 -7.689969024227092387e-01 -7.666299802923720597e-01 -7.475449278584070933e-01 -7.411956303603040030e-01 -7.182294020566770687e-01 -6.993294000463319282e-01 -6.850378997306668660e-01 -6.754061393741046526e-01 -6.513004337172751956e-01 -6.135013540015454847e-01 -5.996815822336731827e-01 -5.807215699509413742e-01 -5.794068707037796084e-01 -5.676836903441115911e-01 -5.468305688400274533e-01 -5.379329610249873328e-01 -5.221964191783826648e-01 -5.138428050636540956e-01 -4.985986997044702385e-01 -4.910809625255930233e-01 -4.725484845635158360e-01 -4.569718952862758532e-01 -4.444816964987207686e-01 -4.199689582724698278e-01 -3.741880810393855006e-01 -3.458358495198153304e-01 -3.438496936509095603e-01 -3.325528027925562791e-01 -3.058278694362396855e-01 -2.986319581551979407e-01 -2.890076870135300235e-01 -2.781236414509712374e-01 -2.493448289191659284e-01 -2.457735133611147482e-01 -2.281705469427883770e-01 -2.200298933339497609e-01 -2.028858909354786799e-01 -1.629392927862350349e-01 -1.524885178548404108e-01 -1.303472576417304685e-01 -1.245324325771221124e-01 -1.107611413635325864e-01 -9.895246274799024411e-02 -7.803336527558157876e-02 -4.894258105847674317e-02 -3.838493957122773165e-02 -2.102568741516981990e-02 -1.597951620565498179e-02 -6.883529669487016382e-03 6.883529669486913166e-03 1.597951620565478750e-02 2.102568741517009052e-02 3.838493957122771777e-02 4.894258105847713175e-02 7.803336527558143998e-02 9.895246274798959185e-02 1.107611413635334607e-01 1.245324325771224455e-01 1.303472576417318840e-01 1.524885178548398279e-01 1.629392927862349516e-01 2.028858909354782636e-01 2.200298933339480956e-01 2.281705469427877386e-01 2.457735133611134992e-01 2.493448289191703970e-01 2.781236414509749011e-01 2.890076870135299125e-01 2.986319581551957758e-01 3.058278694362401295e-01 3.325528027925618857e-01 3.438496936509105595e-01 3.458358495198199933e-01 3.741880810393846679e-01 4.199689582724693282e-01 4.444816964987210461e-01 4.569718952862769634e-01 4.725484845635144482e-01 4.910809625255971866e-01 4.985986997044630220e-01 5.138428050636537625e-01 5.221964191783947662e-01 5.379329610249866667e-01 5.468305688400323383e-01 5.676836903441101478e-01 5.794068707037759447e-01 5.807215699509413742e-01 5.996815822336719615e-01 6.135013540015440414e-01 6.513004337172703107e-01 6.754061393741039865e-01 6.850378997306656448e-01 6.993294000463350368e-01 7.182294020566907244e-01 7.411956303603054463e-01 7.475449278584072044e-01 7.666299802923771667e-01 7.689969024227096828e-01 7.923353860460427001e-01
-7.915552078025712701e-01 -7.694500391127578887e-01 -7.653726659207508165e-01 -7.449340816335551230e-01 -7.399313780025101872e-01 -7.153876836257352378e-01 -7.012346640742959103e-01 -6.831886802303753781e-01 -6.757764801035637259e-01 -6.473070358787493817e-01 -6.135523044346017363e-01 -6.005122491027701237e-01 -5.787490392785801241e-01 -5.771280371433925582e-01 -5.657914553783389700e-01 -5.459111349785645828e-01 -5.373886249866896003e-01 -5.202271641737660213e-01 -5.130557791207112084e-01 -4.984865504558056437e-01 -4.909066677583779348e-01 -4.704179367486872043e-01 -4.545277845028858899e-01 -4.420182430118634875e-01 -4.177038001745919660e-01 -3.726773101077109351e-01 -3.448629804413686495e-01 -3.419507663430179090e-01 -3.315508563482839621e-01 -3.041359627548160804e-01 -2.989501280106220404e-01 -2.874888255086954780e-01 -2.764766397894204975e-01 -2.482462198802924125e-01 -2.442026330497107378e-01 -2.267629603427157858e-01 -2.196393449149185439e-01 -2.016596406064186386e-01 -1.621556312840262692e-01 -1.518229842983294664e-01 -1.289330124581143378e-01 -1.231804822930571697e-01 -1.097156794148546333e-01 -9.781739285408957985e-02 -7.768547345075985100e-02 -4.797535838868932645e-02 -3.858877758194004942e-02 -2.054453489512855432e-02 -1.593800105392051414e-02 -6.739077329712042826e-03 6.739077329712016805e-03 1.593800105392048291e-02 2.054453489512866188e-02 3.858877758194004248e-02 4.797535838868900726e-02 7.768547345076035060e-02 9.781739285409025986e-02 1.097156794148537312e-01 1.231804822930560317e-01 1.289330124581154757e-01 1.518229842983267464e-01 1.621556312840274627e-01 2.016596406064159464e-01 2.196393449149193211e-01 2.267629603427162299e-01 2.442026330497101549e-01 2.482462198802914966e-01 2.764766397894241057e-01 2.874888255086961997e-01 2.989501280106215408e-01 3.041359627548178013e-01 3.315508563482844617e-01 3.419507663430179645e-01 3.448629804413707589e-01 3.726773101077136552e-01 4.177038001745885798e-01 4.420182430118599348e-01 4.545277845028842245e-01 4.704179367486822083e-01 4.909066677583788230e-01 4.984865504558025351e-01 5.130557791207116525e-01 5.202271641737670205e-01 5.373886249866871578e-01 5.459111349785630285e-01 5.657914553783410794e-01 5.771280371433961109e-01 5.787490392785836768e-01 6.005122491027691245e-01 6.135523044346081756e-01 6.473070358787477163e-01 6.757764801035618385e-01 6.831886802303700490e-01 7.012346640742948001e-01 7.153876836257335725e-01 7.399313780025116305e-01 7.449340816335539017e-01 7.653726659207573668e-01 7.694500391127632177e-01 7.915552078025769323e-01
-7.901686171977403417e-01 -7.696994145273626797e-01 -7.640716270078496963e-01 -7.422552626430204414e-01 -7.386309333147579315e-01 -7.125832051962519564e-01 -7.030424735253927304e-01 -6.812457273438512484e-01 -6.760823059491604115e-01 -6.432501567030709522e-01 -6.135340870798794422e-01 -6.013123583488145796e-01 -5.782847453530227666e-01 -5.736912898280458473e-01 -5.637613489473110029e-01 -5.448996751230811286e-01 -5.368491409693409988e-01 -5.190033021176965189e-01 -5.116971065852744527e-01 -4.983527527523938239e-01 -4.906883029291246312e-01 -4.679005119033088911e-01 -4.521246995137500058e-01 -4.393396307991155325e-01 -4.153997830787293233e-01 -3.712102142514577818e-01 -3.440735036580738204e-01 -3.402328851797640774e-01 -3.305069049983574980e-01 -3.024088596335366419e-01 -2.992936599369248052e-01 -2.858190249771822566e-01 -2.748001983142878135e-01 -2.471294451882706800e-01 -2.426997805445388623e-01 -2.259097535138351320e-01 -2.187956351286795831e-01 -2.003462966408196266e-01 -1.613957423614105213e-01 -1.512188792786887115e-01 -1.276137121208929526e-01 -1.217112948332355477e-01 -1.086256418410124075e-01 -9.667266431876281318e-02 -7.732568246755462671e-02 -4.705497826459652949e-02 -3.880723171357562673e-02 -2.008670059144188752e-02 -1.588936998278558596e-02 -6.588462552978545557e-03 6.588462552978429330e-03 1.588936998278561719e-02 2.008670059144188058e-02 3.880723171357577245e-02 4.705497826459656419e-02 7.732568246755523733e-02 9.667266431876199440e-02 1.086256418410103952e-01 1.217112948332344929e-01 1.276137121208937852e-01 1.512188792786879621e-01 1.613957423614114373e-01 2.003462966408226797e-01 2.187956351286784451e-01 2.259097535138357982e-01 2.426997805445411105e-01 2.471294451882718179e-01 2.748001983142839832e-01 2.858190249771821456e-01 2.992936599369251383e-01 3.024088596335381407e-01 3.305069049983568319e-01 3.402328851797677967e-01 3.440735036580758743e-01 3.712102142514589476e-01 4.153997830787307666e-01 4.393396307991175864e-01 4.521246995137464531e-01 4.679005119033040061e-01 4.906883029291253528e-01 4.983527527523937128e-01 5.116971065852768952e-01 5.190033021176988504e-01 5.368491409693432193e-01 5.448996751230874569e-01 5.637613489473042305e-01 5.736912898280460693e-01 5.782847453530223225e-01 6.013123583488159118e-01 6.135340870798776658e-01 6.432501567030707301e-01 6.760823059491574138e-01 6.812457273438463634e-01 7.030424735253902879e-01 7.125832051962515123e-01 7.386309333147550449e-01 7.422552626430255485e-01 7.640716270078482530e-01 7.696994145273640120e-01 7.901686171977403417e-01
-7.880894998567513632e-01 -7.696064527669150834e-01 -7.627287079364479805e-01 -7.395434804933180839e-01 -7.372976666115225175e-01 -7.100302774019583429e-01 -7.045287888186972936e-01 -6.792636781249523636e-01 -6.762743063793181797e-01 -6.391387873640145267e-01 -6.134407908075572013e-01 -6.020698490272379244e-01 -5.780054735655821840e-01 -5.705086112989189440e-01 -5.615010004011736777e-01 -5.438321884618700919e-01 -5.363263162965823394e-01 -5.183440818734661448e-01 -5.101014440588126364e-01 -4.979193580126314855e-01 -4.904063545969277182e-01 -4.650809259686765063e-01 -4.497472816382526717e-01 -4.364786014562652139e-01 -4.130602706587957473e-01 -3.697895347995443505e-01 -3.434570711066922133e-01 -3.386997571422329378e-01 -3.294498447680495046e-01 -3.007094487972326036e-01 -2.995315306230485475e-01 -2.840403285121971266e-01 -2.730919972669784701e-01 -2.459907837900633110e-01 -2.412708578108904434e-01 -2.256988391305592145e-01 -2.173812864767422359e-01 -1.989863274622430123e-01 -1.606563982077283959e-01 -1.506653421544470461e-01 -1.263892894580520010e-01 -1.201239708271826107e-01 -1.074973560017913748e-01 -9.552291309420149479e-02 -7.695390670912603814e-02 -4.620435774959389535e-02 -3.901605061957028747e-02 -1.965388563081100701e-02 -1.583387525595117071e-02 -6.432880580680949700e-03 6.432880580681009548e-03 1.583387525595120540e-02 1.965388563081088905e-02 3.901605061957042625e-02 4.620435774959389535e-02 7.695390670912617692e-02 9.552291309420224419e-02 1.074973560017920826e-01 1.201239708271820694e-01 1.263892894580530557e-01 1.506653421544484894e-01 1.606563982077294506e-01 1.989863274622406530e-01 2.173812864767431241e-01 2.256988391305599084e-01 2.412708578108921365e-01 2.459907837900666139e-01 2.730919972669785256e-01 2.840403285121975152e-01 2.995315306230463825e-01 3.007094487972314378e-01 3.294498447680454523e-01 3.386997571422330489e-01 3.434570711066962101e-01 3.697895347995474036e-01 4.130602706587919171e-01 4.364786014562676564e-01 4.497472816382546146e-01 4.650809259686737862e-01 4.904063545969329918e-01 4.979193580126325958e-01 5.101014440588114152e-01 5.183440818734708078e-01 5.363263162965836717e-01 5.438321884618693147e-01 5.615010004011710132e-01 5.705086112989226077e-01 5.780054735655857368e-01 6.020698490272361481e-01 6.134407908075574234e-01 6.391387873640080874e-01 6.762743063793186238e-01 6.792636781249535849e-01 7.045287888187015124e-01 7.100302774019568997e-01 7.372976666115228506e-01 7.395434804933136430e-01 7.627287079364507560e-01 7.696064527669218558e-01 7.880894998567491427e-01
-7.854185794941237475e-01 -7.689936606649173667e-01 -7.613437614192378744e-01 -7.368305096529761400e-01 -7.359344148327657820e-01 -7.088756597779505286e-01 -7.045373465814818159e-01 -6.775948366575156312e-01 -6.760060479369033315e-01 -6.349799707716765607e-01 -6.132671142353536275e-01 -6.027740138057812169e-01 -5.778951262443637882e-01 -5.676886528411622113e-01 -5.589055082495818505e-01 -5.427587509287535861e-01 -5.358266779664947466e-01 -5.179449983118237233e-01 -5.087656295182357846e-01 -4.969179446371881359e-01 -4.900030249368986790e-01 -4.620337358096006097e-01 -4.473795669639424322e-01 -4.334667335260063425e-01 -4.106885695924542001e-01 -3.684177534182609404e-01 -3.429959471599182130e-01 -3.373513109713829339e-01 -3.284175946576572969e-01 -3.000806596599273623e-01 -2.985721531445870158e-01 -2.821772468344189155e-01 -2.713496342043575926e-01 -2.448342508896336200e-01 -2.399161551421095939e-01 -2.259663156033360487e-01 -2.155353928882360326e-01 -1.976143626284466159e-01 -1.599331492466594673e-01 -1.501507038678750461e-01 -1.252470887381964548e-01 -1.184306422855879587e-01 -1.063371812955595797e-01 -9.437291996393991356e-02 -7.657030542170129017e-02 -4.546032986153503846e-02 -3.917684138649221021e-02 -1.924774849859479595e-02 -1.577201950090903471e-02 -6.273956619202347186e-03 6.273956619202414840e-03 1.577201950090917348e-02 1.924774849859480289e-02 3.917684138649234898e-02 4.546032986153489969e-02 7.657030542170190079e-02 9.437291996394002458e-02 1.063371812955595380e-01 1.184306422855879309e-01 1.252470887381983700e-01 1.501507038678734918e-01 1.599331492466597171e-01 1.976143626284462829e-01 2.155353928882370318e-01 2.259663156033366316e-01 2.399161551421105654e-01 2.448342508896316494e-01 2.713496342043569820e-01 2.821772468344225238e-01 2.985721531445844623e-01 3.000806596599298048e-01 3.284175946576547989e-01 3.373513109713854874e-01 3.429959471599233201e-01 3.684177534182626057e-01 4.106885695924456514e-01 4.334667335260100618e-01 4.473795669639437644e-01 4.620337358095955582e-01 4.900030249369003998e-01 4.969179446371898567e-01 5.087656295182300115e-01 5.179449983118229461e-01 5.358266779664925261e-01 5.427587509287509215e-01 5.589055082495838489e-01 5.676886528411578814e-01 5.778951262443632331e-01 6.027740138057816610e-01 6.132671142353521843e-01 6.349799707716834440e-01 6.760060479369068842e-01 6.775948366575204052e-01 7.045373465814771530e-01 7.088756597779517499e-01 7.359344148327618962e-01 7.368305096529709219e-01 7.613437614192409830e-01 7.689936606649191431e-01 7.854185794941241916e-01
-7.827667901725081645e-01 -7.676840101043290732e-01 -7.599158890017754242e-01 -7.345517959595130320e-01 -7.341372820073183147e-01 -7.098798821286457228e-01 -7.022980768191822154e-01 -6.771666280029139395e-01 -6.743564387276625993e-01 -6.307796531233040849e-01 -6.130083403478978621e-01 -6.034146237795274814e-01 -5.779343420905412865e-01 -5.652849478513619630e-01 -5.559233768630997830e-01 -5.417425804882505247e-01 -5.353459650463827657e-01 -5.176177700209306787e-01 -5.079572553556032100e-01 -4.952388892719347679e-01 -4.893936922430441872e-01 -4.588174339504372812e-01 -4.450074598421265293e-01 -4.303320241193464013e-01 -4.082879642448016266e-01 -3.670970479248708562e-01 -3.426684632659426355e-01 -3.361850398245659344e-01 -3.274511470956760206e-01 -3.001869026211125835e-01 -2.967148937813332554e-01 -2.802451339914094897e-01 -2.695708185227033704e-01 -2.436681715117853253e-01 -2.386357093286196329e-01 -2.265079350197441166e-01 -2.134390296907497653e-01 -1.962599228949996333e-01 -1.592203201544317159e-01 -1.496628204857652911e-01 -1.241679779155427654e-01 -1.166503779273192487e-01 -1.051513535496675922e-01 -9.322756151890032594e-02 -7.617525033313835015e-02 -4.487767766069621772e-02 -3.923297830868762576e-02 -1.886992339106881300e-02 -1.570461374127264664e-02 -6.113768860606861276e-03 6.113768860606855204e-03 1.570461374127295889e-02 1.886992339106851463e-02 3.923297830868747310e-02 4.487767766069639119e-02 7.617525033313742033e-02 9.322756151889954879e-02 1.051513535496682028e-01 1.166503779273193736e-01 1.241679779155413638e-01 1.496628204857662625e-01 1.592203201544308833e-01 1.962599228950029639e-01 2.134390296907481277e-01 2.265079350197413410e-01 2.386357093286166908e-01 2.436681715117837987e-01 2.695708185226981524e-01 2.802451339914069361e-01 2.967148937813344767e-01 3.001869026211127500e-01 3.274511470956764647e-01 3.361850398245620486e-01 3.426684632659382501e-01 3.670970479248686913e-01 4.082879642447997948e-01 4.303320241193440143e-01 4.450074598421297489e-01 4.588174339504350607e-01 4.893936922430442982e-01 4.952388892719375990e-01 5.079572553555992132e-01 5.176177700209318999e-01 5.353459650463830988e-01 5.417425804882454177e-01 5.559233768630953421e-01 5.652849478513656267e-01 5.779343420905395101e-01 6.034146237795260381e-01 6.130083403478967519e-01 6.307796531233078596e-01 6.743564387276712591e-01 6.771666280029167151e-01 7.022980768191846579e-01 7.098798821286416150e-01 7.341372820073195360e-01 7.345517959595089241e-01 7.599158890017778667e-01 7.676840101043240772e-01 7.827667901725080535e-01
-7.801830238240171633e-01 -7.655988562935200914e-01 -7.584435625751129173e-01 -7.331389753164997414e-01 -7.315034699646116856e-01 -7.114865731638454482e-01 -6.993577464641299590e-01 -6.771658627484129500e-01 -6.721454414625602780e-01 -6.265434287632890564e-01 -6.126603331375622963e-01 -6.039810788304881273e-01 -5.781024791382103345e-01 -5.632549388512581023e-01 -5.525997061098298913e-01 -5.408546607666018247e-01 -5.348672901744845332e-01 -5.172834187564745445e-01 -5.076122958075122149e-01 -4.930628760616818651e-01 -4.884466587149950967e-01 -4.554760036046762717e-01 -4.426196258097510605e-01 -4.270980231873418576e-01 -4.058617514238265223e-01 -3.658292528202357063e-01 -3.424521452892693718e-01 -3.351966819354600946e-01 -3.265893500445108955e-01 -3.002106924010027877e-01 -2.947506713188680072e-01 -2.782545697168557486e-01 -2.677535265798998143e-01 -2.425044177193425854e-01 -2.374334652176481875e-01 -2.271835561692049643e-01 -2.112057942930445908e-01 -1.949484638457433250e-01 -1.585111449616372625e-01 -1.491893406791506838e-01 -1.231322672559296838e-01 -1.148032722150771068e-01 -1.039458955306507282e-01 -9.209175444672135225e-02 -7.576928320867665212e-02 -4.452024876575995382e-02 -3.911844201494960732e-02 -1.852200814436022469e-02 -1.563285025573916617e-02 -5.954854216425302903e-03 5.954854216425391374e-03 1.563285025573918005e-02 1.852200814436038775e-02 3.911844201494975304e-02 4.452024876575967627e-02 7.576928320867716560e-02 9.209175444672249022e-02 1.039458955306512278e-01 1.148032722150767321e-01 1.231322672559311687e-01 1.491893406791488241e-01 1.585111449616375678e-01 1.949484638457453511e-01 2.112057942930463672e-01 2.271835561692066296e-01 2.374334652176467442e-01 2.425044177193454442e-01 2.677535265799034780e-01 2.782545697168593568e-01 2.947506713188685623e-01 3.002106924010067845e-01 3.265893500445146147e-01 3.351966819354586513e-01 3.424521452892733131e-01 3.658292528202395921e-01 4.058617514238297419e-01 4.270980231873378608e-01 4.426196258097492842e-01 4.554760036046740512e-01 4.884466587149928762e-01 4.930628760616803663e-01 5.076122958075075520e-01 5.172834187564685493e-01 5.348672901744871977e-01 5.408546607666044892e-01 5.525997061098326668e-01 5.632549388512566590e-01 5.781024791382108896e-01 6.039810788304872391e-01 6.126603331375621853e-01 6.265434287632850596e-01 6.721454414625642748e-01 6.771658627484018478e-01 6.993577464641291819e-01 7.114865731638503332e-01 7.315034699646141281e-01 7.331389753164979650e-01 7.584435625751104748e-01 7.655988562935193142e-01 7.801830238240095028e-01
-7.775053766843451619e-01 -7.628168430737705119e-01 -7.569245347435024085e-01 -7.317101994903734141e-01 -7.289412898509283201e-01 -7.131952463797941455e-01 -6.962071018693032354e-01 -6.771685969617160517e-01 -6.698042326327908746e-01 -6.222775933485241717e-01 -6.122195474315176300e-01 -6.044612259285057076e-01 -5.783791009745766765e-01 -5.615049731396425381e-01 -5.490357539178591928e-01 -5.401568077979165272e-01 -5.343694923223786253e-01 -5.169303888490709431e-01 -5.075016970407140171e-01 -4.907901211822552345e-01 -4.869284410552865983e-01 -4.520426593281726690e-01 -4.402072413068583434e-01 -4.237840289683861283e-01 -4.034132750301738235e-01 -3.646158276297553069e-01 -3.423256063942374250e-01 -3.343803285344812970e-01 -3.258651174079890689e-01 -3.000836659971587994e-01 -2.927306634683092823e-01 -2.762136187247209440e-01 -2.658961282267542359e-01 -2.413597006408576551e-01 -2.363225952352336345e-01 -2.278927539494527144e-01 -2.088981552865608049e-01 -1.937020979285779265e-01 -1.577981191316020493e-01 -1.487178611818343321e-01 -1.221228021244838008e-01 -1.129073762011355286e-01 -1.027265722289538857e-01 -9.097039531580167204e-02 -7.535306428102128695e-02 -4.442664084983016098e-02 -3.879209942515841891e-02 -1.820552627402057672e-02 -1.555837410121103416e-02 -5.800191281418389140e-03 5.800191281418284189e-03 1.555837410121104110e-02 1.820552627402058019e-02 3.879209942515837728e-02 4.442664084983021650e-02 7.535306428102152287e-02 9.097039531580214389e-02 1.027265722289551764e-01 1.129073762011352788e-01 1.221228021244852024e-01 1.487178611818324170e-01 1.577981191316034371e-01 1.937020979285763722e-01 2.088981552865635527e-01 2.278927539494544352e-01 2.363225952352347448e-01 2.413597006408584322e-01 2.658961282267520154e-01 2.762136187247249963e-01 2.927306634683124464e-01 3.000836659971579112e-01 3.258651174079899571e-01 3.343803285344820742e-01 3.423256063942412553e-01 3.646158276297568057e-01 4.034132750301702708e-01 4.237840289683828532e-01 4.402072413068505163e-01 4.520426593281736682e-01 4.869284410552935927e-01 4.907901211822575105e-01 5.075016970407143502e-01 5.169303888490703880e-01 5.343694923223796245e-01 5.401568077979147509e-01 5.490357539178618573e-01 5.615049731396394295e-01 5.783791009745715694e-01 6.044612259285068179e-01 6.122195474315095254e-01 6.222775933485209521e-01 6.698042326327906526e-01 6.771685969617152745e-01 6.962071018693064550e-01 7.131952463798002517e-01 7.289412898509278760e-01 7.317101994903677520e-01 7.569245347435032967e-01 7.628168430737690686e-01 7.775053766843451619e-01
-7.745933960267370466e-01 -7.595068833189870805e-01 -7.553556216522557820e-01 -7.302673706401646703e-01 -7.264739163390095955e-01 -7.149068790137494966e-01 -6.929345388833579866e-01 -6.771148683204720742e-01 -6.674004956327226346e-01 -6.179916457141914066e-01 -6.116830336453771277e-01 -6.048387564898349833e-01 -5.787448021451654379e-01 -5.599506821800470657e-01 -5.453450282184899578e-01 -5.396636099200082803e-01 -5.338462884580467138e-01 -5.165941171232267815e-01 -5.073929872635650762e-01 -4.887906603322015320e-01 -4.846106630344380051e-01 -4.485435563302062056e-01 -4.377630932039059397e-01 -4.204057812387763104e-01 -4.009459600414558844e-01 -3.634578357072433263e-01 -3.422692867944013284e-01 -3.337282811441766306e-01 -3.253027434930212958e-01 -2.997786222642243592e-01 -2.906752970438858386e-01 -2.741290745232800030e-01 -2.639975016006225195e-01 -2.402600299791695371e-01 -2.353335989830528940e-01 -2.285357964065452274e-01 -2.065528727121872521e-01 -1.925397416571479892e-01 -1.570736435331859526e-01 -1.482359255412346033e-01 -1.211257110135928183e-01 -1.109780124020688374e-01 -1.014988666968555803e-01 -8.986829750610741963e-02 -7.492731290008357303e-02 -4.457902952239172628e-02 -3.826885247423728043e-02 -1.792189149078612584e-02 -1.548331295080317832e-02 -5.653153831132112957e-03 5.653153831132271684e-03 1.548331295080348190e-02 1.792189149078590726e-02 3.826885247423721798e-02 4.457902952239180261e-02 7.492731290008412814e-02 8.986829750610847434e-02 1.014988666968549696e-01 1.109780124020674635e-01 1.211257110135921106e-01 1.482359255412347698e-01 1.570736435331854530e-01 1.925397416571495157e-01 2.065528727121896668e-01 2.285357964065424241e-01 2.353335989830524499e-01 2.402600299791700367e-01 2.639975016006181896e-01 2.741290745232842774e-01 2.906752970438800654e-01 2.997786222642271348e-01 3.253027434930190198e-01 3.337282811441780184e-01 3.422692867943996631e-01 3.634578357072421051e-01 4.009459600414563840e-01 4.204057812387755333e-01 4.377630932039061062e-01 4.485435563302080930e-01 4.846106630344402255e-01 4.887906603321999222e-01 5.073929872635640770e-01 5.165941171232250051e-01 5.338462884580437162e-01 5.396636099200137204e-01 5.453450282184932885e-01 5.599506821800498413e-01 5.787448021451632174e-01 6.048387564898360935e-01 6.116830336453717987e-01 6.179916457141845232e-01 6.674004956327236338e-01 6.771148683204716301e-01 6.929345388833567654e-01 7.149068790137581564e-01 7.264739163390067089e-01 7.302673706401580089e-01 7.553556216522535616e-01 7.595068833189850821e-01 7.745933960267363805e-01
-7.714006449450380165e-01 -7.558308635254810115e-01 -7.537319707252722045e-01 -7.288146832927649976e-01 -7.241253102919218421e-01 -7.165822013180245253e-01 -6.895636079152955844e-01 -6.769849434481788331e-01 -6.649621276733896913e-01 -6.137077355963602709e-01 -6.110482735168012436e-01 -6.050839000523298150e-01 -5.791814533183353708e-01 -5.585367695389060749e-01 -5.417746291701286410e-01 -5.391883520589184631e-01 -5.333184062440037287e-01 -5.163395698827817348e-01 -5.070914890442589362e-01 -4.870085262546968163e-01 -4.816400764221329678e-01 -4.450009971682763465e-01 -4.352802903035608573e-01 -4.169762840988837094e-01 -3.984633445734917512e-01 -3.623559348326050866e-01 -3.422654583518621174e-01 -3.332309891805225743e-01 -3.249160566798948158e-01 -2.992808517072457763e-01 -2.886041887807158646e-01 -2.720072679780732861e-01 -2.620571594937660120e-01 -2.392517717443135294e-01 -2.345202168465570225e-01 -2.289822006112448571e-01 -2.041949172750374686e-01 -1.914765475832360120e-01 -1.563310033415203915e-01 -1.477308344105757454e-01 -1.201300706811754271e-01 -1.090282340847876785e-01 -1.002679493963433005e-01 -8.879012637755900883e-02 -7.449274206937959997e-02 -4.492063147940387330e-02 -3.760216075292706350e-02 -1.767243220213810320e-02 -1.541019641352302412e-02 -5.517427245818527955e-03 5.517427245818467239e-03 1.541019641352333117e-02 1.767243220213769034e-02 3.760216075292717453e-02 4.492063147940414392e-02 7.449274206937997467e-02 8.879012637755946680e-02 1.002679493963444385e-01 1.090282340847881365e-01 1.201300706811763985e-01 1.477308344105756344e-01 1.563310033415201694e-01 1.914765475832350405e-01 2.041949172750355535e-01 2.289822006112471886e-01 2.345202168465596038e-01 2.392517717443172487e-01 2.620571594937644022e-01 2.720072679780742853e-01 2.886041887807201944e-01 2.992808517072488295e-01 3.249160566798897087e-01 3.332309891805253499e-01 3.422654583518635607e-01 3.623559348326084728e-01 3.984633445734860335e-01 4.169762840988832653e-01 4.352802903035623561e-01 4.450009971682791221e-01 4.816400764221369646e-01 4.870085262546914318e-01 5.070914890442623779e-01 5.163395698827818459e-01 5.333184062440078366e-01 5.391883520589192402e-01 5.417746291701330819e-01 5.585367695389092946e-01 5.791814533183370362e-01 6.050839000523355882e-01 6.110482735168049073e-01 6.137077355963637126e-01 6.649621276733951314e-01 6.769849434481786110e-01 6.895636079152941411e-01 7.165822013180260797e-01 7.241253102919149587e-01 7.288146832927608898e-01 7.537319707252732037e-01 7.558308635254847863e-01 7.714006449450429015e-01
-7.679438869936043854e-01 -7.520864385045858969e-01 -7.518666011370636060e-01 -7.273568904111330502e-01 -7.219535590498151745e-01 -7.181596265999201645e-01 -6.861039820091699992e-01 -6.767656481462299700e-01 -6.625104895003118832e-01 -6.103180579280776952e-01 -6.095167070648724872e-01 -6.050926617923177986e-01 -5.796719402196321980e-01 -5.572337760606568269e-01 -5.400383454279700235e-01 -5.370340009116082447e-01 -5.328141565749024977e-01 -5.162258497014921010e-01 -5.064535487247245893e-01 -4.852033600846381023e-01 -4.783158568955446222e-01 -4.414363435019429405e-01 -4.327505942238726866e-01 -4.135065882528009551e-01 -3.959691075520543335e-01 -3.613103780966940848e-01 -3.422978736764983876e-01 -3.328772188757948558e-01 -3.247076783803907740e-01 -2.985862709646981417e-01 -2.865384225800694518e-01 -2.698547596703635421e-01 -2.600754208409708501e-01 -2.384245045053626222e-01 -2.339245505158353278e-01 -2.290754663022006032e-01 -2.018448960804337111e-01 -1.905224008292032423e-01 -1.555656524133013641e-01 -1.471892695221627967e-01 -1.191273027482874919e-01 -1.070696411841601386e-01 -9.903860732580621606e-02 -8.774033328300258339e-02 -7.404998875154596150e-02 -4.539320333486710629e-02 -3.684653482217603582e-02 -1.745855332894808570e-02 -1.534167853407478709e-02 -5.396880447425787992e-03 5.396880447425752431e-03 1.534167853407458586e-02 1.745855332894853326e-02 3.684653482217607745e-02 4.539320333486697445e-02 7.404998875154671090e-02 8.774033328300240298e-02 9.903860732580663240e-02 1.070696411841603191e-01 1.191273027482891017e-01 1.471892695221614367e-01 1.555656524133018914e-01 1.905224008292048243e-01 2.018448960804360426e-01 2.290754663022023241e-01 2.339245505158346061e-01 2.384245045053640655e-01 2.600754208409662982e-01 2.698547596703642082e-01 2.865384225800660101e-01 2.985862709646994184e-01 3.247076783803932720e-01 3.328772188757908590e-01 3.422978736764962782e-01 3.613103780966978595e-01 3.959691075520531678e-01 4.135065882528073389e-01 4.327505942238735748e-01 4.414363435019372783e-01 4.783158568955382939e-01 4.852033600846402117e-01 5.064535487247242562e-01 5.162258497014958758e-01 5.328141565749004993e-01 5.370340009116059132e-01 5.400383454279698014e-01 5.572337760606557167e-01 5.796719402196317539e-01 6.050926617923184647e-01 6.095167070648702667e-01 6.103180579280746976e-01 6.625104895003137706e-01 6.767656481462319684e-01 6.861039820091697772e-01 7.181596265999229400e-01 7.219535590498189492e-01 7.273568904111334943e-01 7.518666011370628288e-01 7.520864385045850087e-01 7.679438869936070500e-01
-7.642650038417309055e-01 -7.503080674274419382e-01 -7.477939113486086198e-01 -7.258996887307411772e-01 -7.206346112459496300e-01 -7.189596942732041640e-01 -6.825649655986066877e-01 -6.764423143402137351e-01 -6.600661862360266419e-01 -6.094820140588208535e-01 -6.063903856547407933e-01 -6.038936124481636414e-01 -5.801993095658894983e-01 -5.560318381221707185e-01 -5.399573742540091370e-01 -5.335545258349002617e-01 -5.321798610874441948e-01 -5.162582621732791921e-01 -5.054104512195909393e-01 -4.832528310199139532e-01 -4.748038538770140704e-01 -4.378730355298274257e-01 -4.301622039707359013e-01 -4.100064871013492929e-01 -3.934670874775250127e-01 -3.603210182256195160e-01 -3.423513016578484391e-01 -3.326544239330967989e-01 -3.246697937591072614e-01 -2.977005368132321084e-01 -2.845002097342421710e-01 -2.676791208603051531e-01 -2.580536826891556279e-01 -2.379310993509629046e-01 -2.334495760399664388e-01 -2.287363862819915550e-01 -1.995245374587047704e-01 -1.896789031987294594e-01 -1.547766537674820919e-01 -1.465968014400877983e-01 -1.181106317198032385e-01 -1.051132636431048595e-01 -9.781508370268099384e-02 -8.672308875361221803e-02 -7.359954193255152655e-02 -4.595289035645740150e-02 -3.604168279126977043e-02 -1.728210008604753184e-02 -1.527999460114859778e-02 -5.295388216057287344e-03 5.295388216057358467e-03 1.527999460114869840e-02 1.728210008604768103e-02 3.604168279126962471e-02 4.595289035645726272e-02 7.359954193255165145e-02 8.672308875361273151e-02 9.781508370267996688e-02 1.051132636431031664e-01 1.181106317198036271e-01 1.465968014400875485e-01 1.547766537674829246e-01 1.896789031987319296e-01 1.995245374587044096e-01 2.287363862819904725e-01 2.334495760399677988e-01 2.379310993509664851e-01 2.580536826891519642e-01 2.676791208603068739e-01 2.845002097342431147e-01 2.977005368132360497e-01 3.246697937591003225e-01 3.326544239330987418e-01 3.423513016578493828e-01 3.603210182256209593e-01 3.934670874775272886e-01 4.100064871013450740e-01 4.301622039707346801e-01 4.378730355298287580e-01 4.748038538770055772e-01 4.832528310199095678e-01 5.054104512195868315e-01 5.162582621732718646e-01 5.321798610874427515e-01 5.335545258349020381e-01 5.399573742540081378e-01 5.560318381221677209e-01 5.801993095658908306e-01 6.038936124481618650e-01 6.063903856547382398e-01 6.094820140588210755e-01 6.600661862360237553e-01 6.764423143402139571e-01 6.825649655986066877e-01 7.189596942732003892e-01 7.206346112459508513e-01 7.258996887307416213e-01 7.477939113486047340e-01 7.503080674274391626e-01 7.642650038417240221e-01
-7.604128275179024010e-01 -7.484820234105813430e-01 -7.435678349089951400e-01 -7.244536004308788080e-01 -7.217109148538950469e-01 -7.174282955932741457e-01 -6.789765283388495831e-01 -6.759796393098472800e-01 -6.576505663019371895e-01 -6.085477918202680803e-01 -6.056906144593655617e-01 -6.001094529759186669e-01 -5.807447443045287150e-01 -5.549365696303358853e-01 -5.401147526815384126e-01 -5.323557325957795072e-01 -5.292471090716079907e-01 -5.163598150014665489e-01 -5.039693795589148539e-01 -4.811188115369238183e-01 -4.711788799101813141e-01 -4.343399982828628492e-01 -4.274968842810620839e-01 -4.064851437568175463e-01 -3.909612843091766488e-01 -3.593872992085652696e-01 -3.424110827326942719e-01 -3.325492009756226275e-01 -3.247863491116557144e-01 -2.966369867481268296e-01 -2.825120813028403344e-01 -2.654899741853731232e-01 -2.559949004505172043e-01 -2.379099827907753262e-01 -2.328506885149134176e-01 -2.280463206648895569e-01 -1.972637888992407329e-01 -1.889332390657683658e-01 -1.539679629792483351e-01 -1.459374674835726415e-01 -1.170746850335668970e-01 -1.031705030289709196e-01 -9.660074737858821703e-02 -8.574221527557179812e-02 -7.314167045475335194e-02 -4.656900011365752712e-02 -3.521373216903238290e-02 -1.714591796571035553e-02 -1.522616139629878046e-02 -5.216603915882663325e-03 5.216603915882563579e-03 1.522616139629885679e-02 1.714591796571014737e-02 3.521373216903217473e-02 4.656900011365751324e-02 7.314167045475372664e-02 8.574221527557179812e-02 9.660074737858831417e-02 1.031705030289711278e-01 1.170746850335673550e-01 1.459374674835711982e-01 1.539679629792476967e-01 1.889332390657659788e-01 1.972637888992396504e-01 2.280463206648872532e-01 2.328506885149164152e-01 2.379099827907773801e-01 2.559949004505190362e-01 2.654899741853745110e-01 2.825120813028393352e-01 2.966369867481298828e-01 3.247863491116554369e-01 3.325492009756267353e-01 3.424110827326948825e-01 3.593872992085703211e-01 3.909612843091741508e-01 4.064851437568202663e-01 4.274968842810592529e-01 4.343399982828619055e-01 4.711788799101740421e-01 4.811188115369265939e-01 5.039693795589129666e-01 5.163598150014611088e-01 5.292471090716086568e-01 5.323557325957825048e-01 5.401147526815467392e-01 5.549365696303312223e-01 5.807447443045292701e-01 6.001094529759160023e-01 6.056906144593618979e-01 6.085477918202674141e-01 6.576505663019408532e-01 6.759796393098463918e-01 6.789765283388472517e-01 7.174282955932742567e-01 7.217109148538967123e-01 7.244536004308823607e-01 7.435678349090014683e-01 7.484820234105807879e-01 7.604128275178937413e-01
-7.564389892771332669e-01 -7.465638067814128753e-01 -7.392546432026124714e-01 -7.233513951888150828e-01 -7.228168449407267326e-01 -7.155900286314417214e-01 -6.759179677312551204e-01 -6.747937916996402663e-01 -6.552860279330161575e-01 -6.075147865663490521e-01 -6.053309097987965570e-01 -5.958271587171768413e-01 -5.812819661634248680e-01 -5.539663334458877486e-01 -5.403250898124885016e-01 -5.321326725477200092e-01 -5.255846448939861526e-01 -5.163439600007010410e-01 -5.021806187309358904e-01 -4.787973531555807516e-01 -4.674780758750691212e-01 -4.308748429916473555e-01 -4.247271354796994802e-01 -4.029516960376557932e-01 -3.884558307041858782e-01 -3.585082040842330620e-01 -3.424627833486120210e-01 -3.325477117267942040e-01 -3.250359600759039069e-01 -2.954137647376820497e-01 -2.805960054364715628e-01 -2.633004988316672845e-01 -2.539045203033816756e-01 -2.383171003247735176e-01 -2.320080072816435024e-01 -2.271399613314332711e-01 -1.951147200862350661e-01 -1.882446814889156828e-01 -1.531490641609667691e-01 -1.451937649916432149e-01 -1.160152247101059325e-01 -1.012542708950545517e-01 -9.539745329989522682e-02 -8.480112075790072201e-02 -7.267635261876151387e-02 -4.721919464473710998e-02 -3.438003126086692368e-02 -1.705445181642009644e-02 -1.517909151098150583e-02 -5.163690776935824997e-03 5.163690776935752139e-03 1.517909151098151450e-02 1.705445181642000624e-02 3.438003126086695838e-02 4.721919464473738753e-02 7.267635261876233266e-02 8.480112075790166570e-02 9.539745329989524070e-02 1.012542708950543852e-01 1.160152247101060158e-01 1.451937649916418827e-01 1.531490641609669912e-01 1.882446814889143505e-01 1.951147200862319853e-01 2.271399613314313282e-01 2.320080072816425865e-01 2.383171003247765984e-01 2.539045203033841736e-01 2.633004988316668959e-01 2.805960054364729506e-01 2.954137647376815501e-01 3.250359600759010759e-01 3.325477117267887639e-01 3.424627833486126871e-01 3.585082040842335060e-01 3.884558307041812153e-01 4.029516960376550716e-01 4.247271354796983700e-01 4.308748429916440803e-01 4.674780758750651799e-01 4.787973531555820839e-01 5.021806187309335590e-01 5.163439600006962671e-01 5.255846448939863746e-01 5.321326725477226738e-01 5.403250898124849488e-01 5.539663334458836408e-01 5.812819661634196500e-01 5.958271587171757311e-01 6.053309097988015530e-01 6.075147865663474978e-01 6.552860279330207094e-01 6.747937916996407104e-01 6.759179677312594503e-01 7.155900286314423875e-01 7.228168449407269547e-01 7.233513951888130844e-01 7.392546432026102510e-01 7.465638067814148737e-01 7.564389892771394841e-01
-7.524034469207420139e-01 -7.445246354976519099e-01 -7.348958636142685075e-01 -7.246264113648829275e-01 -7.215227443877215707e-01 -7.138154165033734344e-01 -6.749766718452466785e-01 -6.712940524039837653e-01 -6.529956827736945746e-01 -6.063857351920811656e-01 -6.048625183399933825e-01 -5.915216259047046954e-01 -5.817561716783041792e-01 -5.531488084421292140e-01 -5.405207234217145329e-01 -5.320592370658613346e-01 -5.224069932313321063e-01 -5.157660033688246104e-01 -5.001039571629307678e-01 -4.762981488238056671e-01 -4.637224149654581851e-01 -4.275236717053996216e-01 -4.218166597154577868e-01 -3.994159053894398292e-01 -3.859549092104226364e-01 -3.576821056425674716e-01 -3.424920198417738537e-01 -3.326359933899864507e-01 -3.253946166915543392e-01 -2.940510016324545117e-01 -2.787725440745397743e-01 -2.611297439171877954e-01 -2.517924972937065076e-01 -2.389758276539869775e-01 -2.309697704034941457e-01 -2.261076418980317027e-01 -1.931807664424806670e-01 -1.875156884954561620e-01 -1.523343800512574064e-01 -1.443475222398093727e-01 -1.149289783913337443e-01 -9.938057007836491319e-02 -9.420436683698317493e-02 -8.390273532790903932e-02 -7.220320961666036597e-02 -4.788577341771949047e-02 -3.355285739804586553e-02 -1.701399399509502183e-02 -1.513503645721383031e-02 -5.139029745628618563e-03 5.139029745628805913e-03 1.513503645721400379e-02 1.701399399509506000e-02 3.355285739804585166e-02 4.788577341771929619e-02 7.220320961666122639e-02 8.390273532790941402e-02 9.420436683698281410e-02 9.938057007836506584e-02 1.149289783913347851e-01 1.443475222398075131e-01 1.523343800512564628e-01 1.875156884954564396e-01 1.931807664424812498e-01 2.261076418980338121e-01 2.309697704034945898e-01 2.389758276539898918e-01 2.517924972937076178e-01 2.611297439171921808e-01 2.787725440745414396e-01 2.940510016324525133e-01 3.253946166915547278e-01 3.326359933899844523e-01 3.424920198417705786e-01 3.576821056425672496e-01 3.859549092104181400e-01 3.994159053894369982e-01 4.218166597154546227e-01 4.275236717054036739e-01 4.637224149654545213e-01 4.762981488238071104e-01 5.001039571629294356e-01 5.157660033688209467e-01 5.224069932313272213e-01 5.320592370658622228e-01 5.405207234217157541e-01 5.531488084421277707e-01 5.817561716783000714e-01 5.915216259046987002e-01 6.048625183399952698e-01 6.063857351920790562e-01 6.529956827736854708e-01 6.712940524039873180e-01 6.749766718452419045e-01 7.138154165033717691e-01 7.215227443877240132e-01 7.246264113648887006e-01 7.348958636142740586e-01 7.445246354976496894e-01 7.524034469207426801e-01
-7.483932819264329517e-01 -7.423068418943965519e-01 -7.306133038954955028e-01 -7.258634604097581322e-01 -7.201066627472426651e-01 -7.121232783556016299e-01 -6.741599509213057617e-01 -6.674713465423328662e-01 -6.508024129449037076e-01 -6.051678061972347589e-01 -6.042144455922366930e-01 -5.874395494986058841e-01 -5.819597189132581505e-01 -5.525145998230853728e-01 -5.406606439074741477e-01 -5.320858715772748271e-01 -5.204978806896038979e-01 -5.138150854391628775e-01 -4.977926967074828846e-01 -4.736362254038936626e-01 -4.599251222473071388e-01 -4.243311969011671070e-01 -4.187304486213605514e-01 -3.958889370104970995e-01 -3.834625762960537920e-01 -3.569064386167864478e-01 -3.424845419462236862e-01 -3.328001202389052615e-01 -3.258375591449771402e-01 -2.925686782634369099e-01 -2.770601108996987860e-01 -2.590064414385232494e-01 -2.496783020521957386e-01 -2.397205341965205905e-01 -2.298010913812398026e-01 -2.249943828293120840e-01 -1.916500776195717015e-01 -1.865590473518457804e-01 -1.515410944807857596e-01 -1.433819655567708240e-01 -1.138135395246722553e-01 -9.757082103731035128e-02 -9.301596222860712693e-02 -8.304945671178909361e-02 -7.172144515989943570e-02 -4.855338240681519868e-02 -3.274169901308721792e-02 -1.703201528580580715e-02 -1.508795890218589744e-02 -5.143930914498297084e-03 5.143930914498358667e-03 1.508795890218598071e-02 1.703201528580572041e-02 3.274169901308701669e-02 4.855338240681529582e-02 7.172144515989950508e-02 8.304945671178799727e-02 9.301596222860761265e-02 9.757082103731139211e-02 1.138135395246724912e-01 1.433819655567696860e-01 1.515410944807885629e-01 1.865590473518465020e-01 1.916500776195717848e-01 2.249943828293128056e-01 2.298010913812404687e-01 2.397205341965214787e-01 2.496783020521908258e-01 2.590064414385253588e-01 2.770601108996961770e-01 2.925686782634366323e-01 3.258375591449715336e-01 3.328001202389026525e-01 3.424845419462211882e-01 3.569064386167842273e-01 3.834625762960548467e-01 3.958889370104966554e-01 4.187304486213657140e-01 4.243311969011598350e-01 4.599251222473109135e-01 4.736362254038997688e-01 4.977926967074877140e-01 5.138150854391551059e-01 5.204978806895992349e-01 5.320858715772682768e-01 5.406606439074750359e-01 5.525145998230952538e-01 5.819597189132588166e-01 5.874395494986059951e-01 6.042144455922336954e-01 6.051678061972378675e-01 6.508024129449073714e-01 6.674713465423287584e-01 6.741599509213000996e-01 7.121232783556028512e-01 7.201066627472432202e-01 7.258634604097572440e-01 7.306133038954936154e-01 7.423068418943962188e-01 7.483932819264254022e-01
-7.445645221347646503e-01 -7.397851642138718598e-01 -7.281510296656870107e-01 -7.251958053284892625e-01 -7.186981999212740391e-01 -7.104982514019331230e-01 -6.732259533827852360e-01 -6.635678782210721049e-01 -6.487272165814041980e-01 -6.038868679064482992e-01 -6.033375651237872228e-01 -5.847816595473364076e-01 -5.806927362346883115e-01 -5.520870757763967074e-01 -5.407261739098803144e-01 -5.321909321835115447e-01 -5.197726343971944551e-01 -5.105183662856996873e-01 -4.952900013400710622e-01 -4.708282180649246418e-01 -4.560953532513136732e-01 -4.213211213811806632e-01 -4.154545684679976647e-01 -3.923843901958493086e-01 -3.809824297940163085e-01 -3.561770847626625769e-01 -3.424266998796779427e-01 -3.330262045816967942e-01 -3.263401264117739009e-01 -2.909853527556097719e-01 -2.754743813975832345e-01 -2.569757197721267428e-01 -2.476055538326685512e-01 -2.404032599653085911e-01 -2.285364740331526368e-01 -2.238196091903706664e-01 -1.907083120232883344e-01 -1.851857708894037724e-01 -1.507857403361818616e-01 -1.422846757280690766e-01 -1.126673144730439974e-01 -9.585491401445300763e-02 -9.181921123029188059e-02 -8.224311311994378371e-02 -7.122979443201679639e-02 -4.920767894676077864e-02 -3.195458849986914512e-02 -1.711530852186638960e-02 -1.503114188487014551e-02 -5.178380305724251259e-03 5.178380305724299831e-03 1.503114188487036235e-02 1.711530852186649368e-02 3.195458849986927696e-02 4.920767894676087578e-02 7.122979443201557515e-02 8.224311311994413065e-02 9.181921123029081200e-02 9.585491401445170312e-02 1.126673144730432063e-01 1.422846757280688823e-01 1.507857403361805848e-01 1.851857708894021071e-01 1.907083120232875573e-01 2.238196091903672524e-01 2.285364740331535249e-01 2.404032599653084246e-01 2.476055538326694117e-01 2.569757197721226349e-01 2.754743813975853994e-01 2.909853527556094388e-01 3.263401264117729572e-01 3.330262045816935745e-01 3.424266998796800521e-01 3.561770847626676284e-01 3.809824297940126447e-01 3.923843901958486424e-01 4.154545684680019946e-01 4.213211213811781097e-01 4.560953532513176700e-01 4.708282180649325244e-01 4.952900013400761137e-01 5.105183662857000204e-01 5.197726343971942331e-01 5.321909321835127660e-01 5.407261739098784270e-01 5.520870757764059222e-01 5.806927362346879784e-01 5.847816595473405155e-01 6.033375651237851134e-01 6.038868679064441913e-01 6.487272165814008673e-01 6.635678782210757687e-01 6.732259533827845699e-01 7.104982514019334561e-01 7.186981999212770367e-01 7.251958053284872641e-01 7.281510296656897863e-01 7.397851642138744133e-01 7.445645221347682030e-01
-7.411576806086296321e-01 -7.367584249846569344e-01 -7.290241098493231986e-01 -7.211186358910581795e-01 -7.172982345769456369e-01 -7.089042626503763156e-01 -6.721516130363016650e-01 -6.596102393236354944e-01 -6.467866419022281210e-01 -6.026215803369884272e-01 -6.021438647610274364e-01 -5.844744626815998600e-01 -5.770198024960606631e-01 -5.518715453602472953e-01 -5.407244152830956718e-01 -5.323606430662953803e-01 -5.194047850316086956e-01 -5.066405708472434544e-01 -4.926297995042681621e-01 -4.678906101216224189e-01 -4.522400013918758677e-01 -4.184852379525895172e-01 -4.120071960377830189e-01 -3.889197410341105887e-01 -3.785170239705296646e-01 -3.554873537406618156e-01 -3.423064465773693055e-01 -3.333002307822128807e-01 -3.268776544119916250e-01 -2.893176238413455170e-01 -2.740278898819819564e-01 -2.551110045781979085e-01 -2.456907108257851136e-01 -2.408127695805078461e-01 -2.271880653939258310e-01 -2.225894658019996197e-01 -1.903206139164116961e-01 -1.834239417158318175e-01 -1.500808409911029706e-01 -1.410502610875247198e-01 -1.114895028091311829e-01 -9.427315088907571583e-02 -9.059177655222122594e-02 -8.148495644623407475e-02 -7.072648697968991760e-02 -4.983456873720607666e-02 -3.119888236218549410e-02 -1.726766800109968969e-02 -1.495934484177675883e-02 -5.240851724277836854e-03 5.240851724277790884e-03 1.495934484177685597e-02 1.726766800109952316e-02 3.119888236218587574e-02 4.983456873720639585e-02 7.072648697969094456e-02 8.148495644623322820e-02 9.059177655222142023e-02 9.427315088907664564e-02 1.114895028091306001e-01 1.410502610875248308e-01 1.500808409911044694e-01 1.834239417158300689e-01 1.903206139164096700e-01 2.225894658019987316e-01 2.271880653939249151e-01 2.408127695805079016e-01 2.456907108257890548e-01 2.551110045781986857e-01 2.740278898819807352e-01 2.893176238413422974e-01 3.268776544119897931e-01 3.333002307822129917e-01 3.423064465773716925e-01 3.554873537406591510e-01 3.785170239705260564e-01 3.889197410341119765e-01 4.120071960377835740e-01 4.184852379525846877e-01 4.522400013918693729e-01 4.678906101216203650e-01 4.926297995042550615e-01 5.066405708472426772e-01 5.194047850316110271e-01 5.323606430662957134e-01 5.407244152830922301e-01 5.518715453602546228e-01 5.770198024960603300e-01 5.844744626815957522e-01 6.021438647610245498e-01 6.026215803369888713e-01 6.467866419022261226e-01 6.596102393236387140e-01 6.721516130362938934e-01 7.089042626503757605e-01 7.172982345769481904e-01 7.211186358910554040e-01 7.290241098493237537e-01 7.367584249846598210e-01 7.411576806086321856e-01
-7.382801892747619110e-01 -7.332027972596992793e-01 -7.301149861822826548e-01 -7.167679567910352212e-01 -7.158843880250437275e-01 -7.072700646640506239e-01 -6.709276253905460674e-01 -6.556167969102058013e-01 -6.449887353271337442e-01 -6.013605951034620700e-01 -6.006474664747128989e-01 -5.847594355807997912e-01 -5.726847138593257336e-01 -5.518502430765268585e-01 -5.406854621053596155e-01 -5.325876238250429884e-01 -5.189774673194657018e-01 -5.025393073066225513e-01 -4.898386364845201402e-01 -4.648389339828548072e-01 -4.483646897247960950e-01 -4.157952890434671867e-01 -4.084268738629714957e-01 -3.855183926946660899e-01 -3.760669134185978812e-01 -3.548264827000475186e-01 -3.421150213914880833e-01 -3.336077051500759838e-01 -3.274245622229432495e-01 -2.875801003179604964e-01 -2.727298176020995224e-01 -2.535312968620400120e-01 -2.442311290164221882e-01 -2.405333270239574939e-01 -2.257555317113524307e-01 -2.213029395058314641e-01 -1.903106533759234831e-01 -1.814405072127955598e-01 -1.494331365735638573e-01 -1.396813565966104898e-01 -1.102801048664026062e-01 -9.287098923661636640e-02 -8.930725798593217024e-02 -8.077570030744901652e-02 -7.020923050015066835e-02 -5.041979798198518992e-02 -3.048172734141239501e-02 -1.748851907720685300e-02 -1.487011044547375573e-02 -5.328204416032023515e-03 5.328204416032070352e-03 1.487011044547377307e-02 1.748851907720656504e-02 3.048172734141237766e-02 5.041979798198505808e-02 7.020923050014937772e-02 8.077570030744865570e-02 8.930725798593196207e-02 9.287098923661608885e-02 1.102801048664019123e-01 1.396813565966124326e-01 1.494331365735623862e-01 1.814405072127958929e-01 1.903106533759234276e-01 2.213029395058313253e-01 2.257555317113538740e-01 2.405333270239606580e-01 2.442311290164252136e-01 2.535312968620388463e-01 2.727298176020994114e-01 2.875801003179607740e-01 3.274245622229423058e-01 3.336077051500768720e-01 3.421150213914845306e-01 3.548264827000454646e-01 3.760669134185959384e-01 3.855183926946651463e-01 4.084268738629714957e-01 4.157952890434654103e-01 4.483646897247964835e-01 4.648389339828565281e-01 4.898386364845171426e-01 5.025393073066283245e-01 5.189774673194679222e-01 5.325876238250403238e-01 5.406854621053581722e-01 5.518502430765209743e-01 5.726847138593239572e-01 5.847594355808031219e-01 6.006474664747112335e-01 6.013605951034556307e-01 6.449887353271342993e-01 6.556167969102083548e-01 6.709276253905435139e-01 7.072700646640482924e-01 7.158843880250480574e-01 7.167679567910372196e-01 7.301149861822857634e-01 7.332027972596960597e-01 7.382801892747600236e-01
-7.357991643504959711e-01 -7.313612890266679711e-01 -7.290633673812045856e-01 -7.145238159380989940e-01 -7.124857889250165721e-01 -7.054405121749122154e-01 -6.695487436866892628e-01 -6.516138607238147751e-01 -6.433250746652509067e-01 -6.000268494203635505e-01 -5.989432988900234012e-01 -5.850988529394237636e-01 -5.682041945903119062e-01 -5.519863455451101686e-01 -5.406496482359882672e-01 -5.328685076252290820e-01 -5.183259722380622048e-01 -4.983306030072223169e-01 -4.869373884174148515e-01 -4.616874778612753416e-01 -4.444743810992732302e-01 -4.132218123962542733e-01 -4.047537680473144439e-01 -3.822124545027410503e-01 -3.736292731127069389e-01 -3.541777017671453032e-01 -3.418493931794356344e-01 -3.339330821743148880e-01 -3.279527012935272712e-01 -2.857856797454466080e-01 -2.715859357644688221e-01 -2.524044162546488779e-01 -2.433933832465259850e-01 -2.392446549570247938e-01 -2.242313058937142889e-01 -2.199550850550966719e-01 -1.905455749012690825e-01 -1.793570657353547870e-01 -1.488439552267623311e-01 -1.381875113317929393e-01 -1.090399582569433201e-01 -9.168130743497979185e-02 -8.795272032916531812e-02 -8.011561203927446140e-02 -6.967522547662724497e-02 -5.094879783668324752e-02 -2.981034849435265643e-02 -1.777308893160480310e-02 -1.476362721256907137e-02 -5.435674522203592582e-03 5.435674522203478957e-03 1.476362721256904882e-02 1.777308893160456024e-02 2.981034849435259745e-02 5.094879783668327528e-02 6.967522547662628740e-02 8.011561203927394792e-02 8.795272032916469362e-02 9.168130743497897306e-02 1.090399582569425013e-01 1.381875113317930226e-01 1.488439552267624144e-01 1.793570657353525943e-01 1.905455749012696931e-01 2.199550850550963665e-01 2.242313058937172865e-01 2.392446549570265701e-01 2.433933832465236813e-01 2.524044162546466019e-01 2.715859357644687666e-01 2.857856797454481068e-01 3.279527012935267716e-01 3.339330821743199951e-01 3.418493931794395757e-01 3.541777017671493000e-01 3.736292731127031086e-01 3.822124545027407727e-01 4.047537680473093369e-01 4.132218123962555500e-01 4.444743810992707322e-01 4.616874778612728991e-01 4.869373884174281186e-01 4.983306030072196524e-01 5.183259722380587631e-01 5.328685076252335229e-01 5.406496482359844924e-01 5.519863455451069489e-01 5.682041945903136826e-01 5.850988529394290927e-01 5.989432988900248445e-01 6.000268494203625513e-01 6.433250746652476870e-01 6.516138607238155522e-01 6.695487436866882636e-01 7.054405121749045549e-01 7.124857889250175713e-01 7.145238159380964404e-01 7.290633673811973692e-01 7.313612890266606437e-01 7.357991643504920853e-01
-7.339504386565843808e-01 -7.317813305495539655e-01 -7.251229152766758279e-01 -7.130933059840072197e-01 -7.087015495048347713e-01 -7.030727815964634697e-01 -6.680123661689273407e-01 -6.476600093563903426e-01 -6.417469479074858763e-01 -5.986527640705400222e-01 -5.970366466731130695e-01 -5.853688685590519025e-01 -5.636735766133362802e-01 -5.522319822114062360e-01 -5.406512577823459065e-01 -5.331991958883438576e-01 -5.173771999115536202e-01 -4.940580942624003269e-01 -4.839426241953441732e-01 -4.584492645303147595e-01 -4.405738077597281532e-01 -4.107432305067441614e-01 -4.010206872517224630e-01 -3.790458895971839381e-01 -3.711964467021665603e-01 -3.535161581761038785e-01 -3.415153696808830852e-01 -3.342589014583305929e-01 -3.284289844655285950e-01 -2.839460262071279995e-01 -2.705986224321699218e-01 -2.518737238074623686e-01 -2.426346839343208328e-01 -2.373688218949088491e-01 -2.226034793773176146e-01 -2.185390227041126010e-01 -1.909514631872446522e-01 -1.772349530312234966e-01 -1.483109772433942875e-01 -1.365827959412312942e-01 -1.077708138114450570e-01 -9.070831915326550698e-02 -8.654432489197297351e-02 -7.950464721465511087e-02 -6.912122334322744199e-02 -5.140674538835633689e-02 -2.919224115113644089e-02 -1.811338011438665130e-02 -1.464185584781159226e-02 -5.556957291367931040e-03 5.556957291368101910e-03 1.464185584781174491e-02 1.811338011438666865e-02 2.919224115113619455e-02 5.140674538835628138e-02 6.912122334322691464e-02 7.950464721465512474e-02 8.654432489197252942e-02 9.070831915326471595e-02 1.077708138114454595e-01 1.365827959412316828e-01 1.483109772433945928e-01 1.772349530312227750e-01 1.909514631872464285e-01 2.185390227041129341e-01 2.226034793773167542e-01 2.373688218949097373e-01 2.426346839343177519e-01 2.518737238074603146e-01 2.705986224321693112e-01 2.839460262071270558e-01 3.284289844655285950e-01 3.342589014583319806e-01 3.415153696808814199e-01 3.535161581761027128e-01 3.711964467021659497e-01 3.790458895971835496e-01 4.010206872517261822e-01 4.107432305067459932e-01 4.405738077597334823e-01 4.584492645303186453e-01 4.839426241953453389e-01 4.940580942624009375e-01 5.173771999115551745e-01 5.331991958883423033e-01 5.406512577823416876e-01 5.522319822114045706e-01 5.636735766133383896e-01 5.853688685590499041e-01 5.970366466731108490e-01 5.986527640705422426e-01 6.417469479074879857e-01 6.476600093563921190e-01 6.680123661689273407e-01 7.030727815964582517e-01 7.087015495048368807e-01 7.130933059840148802e-01 7.251229152766766051e-01 7.317813305495542986e-01 7.339504386565832705e-01
-7.340294546947189191e-01 -7.303389492787073500e-01 -7.212177014041485368e-01 -7.116184166894047314e-01 -7.057035961185385009e-01 -6.997548769078387743e-01 -6.663182305929553628e-01 -6.439521326333197404e-01 -6.400595900338322819e-01 -5.973153553305894370e-01 -5.949133822943053485e-01 -5.854928290514026523e-01 -5.591392889711147562e-01 -5.525271516925099879e-01 -5.407076296142353522e-01 -5.335697095914356813e-01 -5.161056127678473882e-01 -4.897415188606456526e-01 -4.808676331224832623e-01 -4.551361751460256677e-01 -4.366678276029228867e-01 -4.083461793050737754e-01 -3.972529019337420753e-01 -3.760761799264991101e-01 -3.687559986810023949e-01 -3.528074275420020056e-01 -3.411308905030106531e-01 -3.345645554349428452e-01 -3.288124540806818819e-01 -2.820722435349393709e-01 -2.697668137475981998e-01 -2.519217520090736295e-01 -2.416014776395902230e-01 -2.353040104229573437e-01 -2.208583748403975255e-01 -2.170472651822579202e-01 -1.914847875410796152e-01 -1.751041189544875198e-01 -1.478301984326853835e-01 -1.348833566097106529e-01 -1.064754734615685761e-01 -8.993423260397384600e-02 -8.511994901341220221e-02 -7.894256915777031480e-02 -6.854364148758680664e-02 -5.177884152428290088e-02 -2.863532278030064132e-02 -1.849900659923746360e-02 -1.450780405216375857e-02 -5.684373190362816165e-03 5.684373190362858666e-03 1.450780405216372908e-02 1.849900659923760585e-02 2.863532278030052683e-02 5.177884152428283843e-02 6.854364148758686215e-02 7.894256915777006500e-02 8.511994901341243813e-02 8.993423260397334640e-02 1.064754734615676462e-01 1.348833566097120962e-01 1.478301984326857721e-01 1.751041189544901844e-01 1.914847875410799205e-01 2.170472651822582533e-01 2.208583748403999125e-01 2.353040104229597029e-01 2.416014776395895569e-01 2.519217520090727969e-01 2.697668137475973116e-01 2.820722435349397594e-01 3.288124540806800500e-01 3.345645554349390705e-01 3.411308905030097649e-01 3.528074275420100547e-01 3.687559986809955670e-01 3.760761799264966121e-01 3.972529019337426859e-01 4.083461793050761623e-01 4.366678276029265504e-01 4.551361751460314964e-01 4.808676331224795431e-01 4.897415188606453196e-01 5.161056127678383953e-01 5.335697095914343491e-01 5.407076296142350191e-01 5.525271516925108761e-01 5.591392889711138681e-01 5.854928290514054279e-01 5.949133822943064587e-01 5.973153553305917685e-01 6.400595900338335031e-01 6.439521326333217388e-01 6.663182305929522542e-01 6.997548769078284492e-01 7.057035961185376127e-01 7.116184166894029550e-01 7.212177014041483147e-01 7.303389492787033532e-01 7.340294546947165877e-01
-7.348205364750662882e-01 -7.281734771779246884e-01 -7.175700355996041946e-01 -7.100689543276228477e-01 -7.032292981559705725e-01 -6.956288008469433404e-01 -6.644682747084120766e-01 -6.411452477798176286e-01 -6.376033761320687443e-01 -5.961048005358139390e-01 -5.925741187420693334e-01 -5.853897515356736303e-01 -5.547945854640188301e-01 -5.526603603281433630e-01 -5.408152027859749467e-01 -5.339608436671846592e-01 -5.145161146360704985e-01 -4.853912980930176202e-01 -4.777231751738085785e-01 -4.517591493924754120e-01 -4.327617766629433538e-01 -4.060228711493012455e-01 -3.934710449387129882e-01 -3.733700605238647885e-01 -3.662957569805412872e-01 -3.520081516154904833e-01 -3.407280762580773836e-01 -3.348246165626078130e-01 -3.290516613485018338e-01 -2.801758879576657923e-01 -2.690856397631394281e-01 -2.523825302377864510e-01 -2.403450450601774258e-01 -2.331924269832487129e-01 -2.189841102064830070e-01 -2.154722918882647220e-01 -1.921155675224129056e-01 -1.729800214100745415e-01 -1.473973547179237009e-01 -1.331056506322684518e-01 -1.051580319065308355e-01 -8.933668979943527877e-02 -8.372081087350662087e-02 -7.842891199859454432e-02 -6.793874448687853285e-02 -5.205081927381222107e-02 -2.814808395261503282e-02 -1.891754869970170214e-02 -1.436522238748249095e-02 -5.809117456021571993e-03 5.809117456021537299e-03 1.436522238748228798e-02 1.891754869970144193e-02 2.814808395261493915e-02 5.205081927381213780e-02 6.793874448687874101e-02 7.842891199859398921e-02 8.372081087350725925e-02 8.933668979943656940e-02 1.051580319065311409e-01 1.331056506322660093e-01 1.473973547179212029e-01 1.729800214100740974e-01 1.921155675224114068e-01 2.154722918882655824e-01 2.189841102064827849e-01 2.331924269832472973e-01 2.403450450601757882e-01 2.523825302377865620e-01 2.690856397631426478e-01 2.801758879576649597e-01 3.290516613484999464e-01 3.348246165626119764e-01 3.407280762580795486e-01 3.520081516154929258e-01 3.662957569805424529e-01 3.733700605238638448e-01 3.934710449387065490e-01 4.060228711493005793e-01 4.327617766629386908e-01 4.517591493924730250e-01 4.777231751738117427e-01 4.853912980930158438e-01 5.145161146360691662e-01 5.339608436671819947e-01 5.408152027859746136e-01 5.526603603281424748e-01 5.547945854640241592e-01 5.853897515356748515e-01 5.925741187420715539e-01 5.961048005358151602e-01 6.376033761320669679e-01 6.411452477798208482e-01 6.644682747084103003e-01 6.956288008469411199e-01 7.032292981559755685e-01 7.100689543276176297e-01 7.175700355996048607e-01 7.281734771779169169e-01 7.348205364750673985e-01
-7.356320436590421119e-01 -7.259811916641860652e-01 -7.143518308687306639e-01 -7.084272419706471036e-01 -7.007012157268760477e-01 -6.911063701241799695e-01 -6.624664765960427415e-01 -6.395420414526954422e-01 -6.340659421841140508e-01 -5.951114933343305546e-01 -5.900388388850665855e-01 -5.849714088216156904e-01 -5.535063970314823001e-01 -5.497683369306903822e-01 -5.409412987255106664e-01 -5.343416971549704853e-01 -5.126313676000264774e-01 -4.810137721212416340e-01 -4.745179936872253590e-01 -4.483284273078906312e-01 -4.288618763731642525e-01 -4.037683017744306824e-01 -3.896944519608814272e-01 -3.709887131831320350e-01 -3.638161697450724152e-01 -3.510717890448751821e-01 -3.403507244229915796e-01 -3.350065593248686691e-01 -3.290849483624731509e-01 -2.782707552807696105e-01 -2.685452277700088874e-01 -2.530831845210000930e-01 -2.390111682836287832e-01 -2.310847360637497960e-01 -2.169757672907955404e-01 -2.138058503475633310e-01 -1.928196212634384343e-01 -1.708711348087395276e-01 -1.470086708548567489e-01 -1.312654770131192750e-01 -1.038242978521241727e-01 -8.889678916271104292e-02 -8.238248732153136134e-02 -7.796250199654819468e-02 -6.730289079629478421e-02 -5.220968717254105551e-02 -2.773974607016993499e-02 -1.935453184576037267e-02 -1.421855641528876543e-02 -5.921607852175264121e-03 5.921607852175144425e-03 1.421855641528897533e-02 1.935453184576053920e-02 2.773974607017006683e-02 5.220968717254120817e-02 6.730289079629511728e-02 7.796250199654812529e-02 8.238248732153133358e-02 8.889678916271152864e-02 1.038242978521258797e-01 1.312654770131173598e-01 1.470086708548554166e-01 1.708711348087388893e-01 1.928196212634358808e-01 2.138058503475611383e-01 2.169757672907967339e-01 2.310847360637498793e-01 2.390111682836292828e-01 2.530831845210054221e-01 2.685452277700141055e-01 2.782707552807680007e-01 3.290849483624744831e-01 3.350065593248650608e-01 3.403507244229957429e-01 3.510717890448736278e-01 3.638161697450750243e-01 3.709887131831287044e-01 3.896944519608820934e-01 4.037683017744245206e-01 4.288618763731643635e-01 4.483284273078895210e-01 4.745179936872274684e-01 4.810137721212447981e-01 5.126313676000271435e-01 5.343416971549703742e-01 5.409412987255122207e-01 5.497683369306900492e-01 5.535063970314820780e-01 5.849714088216201313e-01 5.900388388850686949e-01 5.951114933343314428e-01 6.340659421841154941e-01 6.395420414526929997e-01 6.624664765960409651e-01 6.911063701241768609e-01 7.007012157268762698e-01 7.084272419706461044e-01 7.143518308687296647e-01 7.259811916641848439e-01 7.356320436590402245e-01
-7.363747106366052009e-01 -7.238740179080085380e-01 -7.116747700642581664e-01 -7.066894191993210450e-01 -6.977671163638328178e-01 -6.864010700957224875e-01 -6.603186518338435285e-01 -6.384601710070521019e-01 -6.301168290878282896e-01 -5.943971783303988454e-01 -5.873536530663943100e-01 -5.841601978186760080e-01 -5.537374073676438746e-01 -5.455171193366361582e-01 -5.409399265524728051e-01 -5.346599346482874271e-01 -5.104815858743011470e-01 -4.766135020458746041e-01 -4.712590794298423535e-01 -4.448538190531278191e-01 -4.249757588435301714e-01 -4.015778745576860653e-01 -3.859447446133046911e-01 -3.689664957505854326e-01 -3.613420919849898993e-01 -3.499641584104341563e-01 -3.400424538636195870e-01 -3.350668964144965511e-01 -3.288481162367021260e-01 -2.763766287253581200e-01 -2.681274202719529653e-01 -2.539069930465387981e-01 -2.377127139191211047e-01 -2.290010546742566322e-01 -2.148422223820010968e-01 -2.120360561942232769e-01 -1.935745655967675005e-01 -1.687823056993607296e-01 -1.466611005536287704e-01 -1.293776028251917287e-01 -1.024825331485085672e-01 -8.859796283642083770e-02 -8.113550507991033889e-02 -7.753998321683977513e-02 -6.663282867410409704e-02 -5.224467833631281366e-02 -2.742035097819462558e-02 -1.979329525672476192e-02 -1.407290249636251357e-02 -6.011962057615585948e-03 6.011962057615555591e-03 1.407290249636245806e-02 1.979329525672517825e-02 2.742035097819477824e-02 5.224467833631301489e-02 6.663282867410337540e-02 7.753998321683885919e-02 8.113550507991079686e-02 8.859796283642114301e-02 1.024825331485075403e-01 1.293776028251925614e-01 1.466611005536290757e-01 1.687823056993630055e-01 1.935745655967708867e-01 2.120360561942214450e-01 2.148422223820018184e-01 2.290010546742552722e-01 2.377127139191206606e-01 2.539069930465425173e-01 2.681274202719528543e-01 2.763766287253625609e-01 3.288481162367073440e-01 3.350668964145016027e-01 3.400424538636195315e-01 3.499641584104338787e-01 3.613420919849936186e-01 3.689664957505883192e-01 3.859447446133005832e-01 4.015778745576833453e-01 4.249757588435263966e-01 4.448538190531272085e-01 4.712590794298540664e-01 4.766135020458789340e-01 5.104815858743066981e-01 5.346599346482867610e-01 5.409399265524683642e-01 5.455171193366351590e-01 5.537374073676437636e-01 5.841601978186758970e-01 5.873536530663947541e-01 5.943971783304009548e-01 6.301168290878325084e-01 6.384601710070555436e-01 6.603186518338473032e-01 6.864010700957179356e-01 6.977671163638287100e-01 7.066894191993197127e-01 7.116747700642589436e-01 7.238740179080064285e-01 7.363747106366050899e-01
-7.370200001619647834e-01 -7.219062521448768033e-01 -7.095381685124527715e-01 -7.048290278537083786e-01 -6.943349700808978398e-01 -6.815969135299341231e-01 -6.580322348945549793e-01 -6.375780136671129750e-01 -6.260636051700335658e-01 -5.939603504471228090e-01 -5.846586217086132686e-01 -5.828537602378133231e-01 -5.539644696691509163e-01 -5.426757164229342179e-01 -5.396330786695310300e-01 -5.347732817238276537e-01 -5.080978078822742106e-01 -4.721947256768021517e-01 -4.679515390809351194e-01 -4.413450024642736058e-01 -4.211131892464382576e-01 -3.994452965207695994e-01 -3.822506667831794824e-01 -3.672966683414823352e-01 -3.589174179121500941e-01 -3.486924377960976540e-01 -3.398251715503735615e-01 -3.349426435283553438e-01 -3.282914047418989401e-01 -2.745283744159778272e-01 -2.677969726616489798e-01 -2.547840374503084759e-01 -2.365189284197836417e-01 -2.269500136939110457e-01 -2.126145386682949390e-01 -2.101412863641828888e-01 -1.943569024690505742e-01 -1.667163680720752661e-01 -1.463522647636951723e-01 -1.274557455873511214e-01 -1.011447644316767203e-01 -8.842195731155316762e-02 -8.001020553970751570e-02 -7.715225709939117771e-02 -6.592600922905116068e-02 -5.214831788568220772e-02 -2.720053299764433122e-02 -2.021513747744298206e-02 -1.393377662823959418e-02 -6.070639585635257372e-03 6.070639585635259107e-03 1.393377662823947795e-02 2.021513747744300288e-02 2.720053299764451857e-02 5.214831788568250609e-02 6.592600922905131333e-02 7.715225709939135812e-02 8.001020553970801530e-02 8.842195731155408356e-02 1.011447644316778166e-01 1.274557455873510103e-01 1.463522647636962548e-01 1.667163680720747665e-01 1.943569024690503244e-01 2.101412863641811679e-01 2.126145386682940785e-01 2.269500136939111845e-01 2.365189284197828645e-01 2.547840374503081429e-01 2.677969726616498125e-01 2.745283744159812689e-01 3.282914047418949433e-01 3.349426435283500703e-01 3.398251715503707304e-01 3.486924377960980981e-01 3.589174179121486508e-01 3.672966683414816691e-01 3.822506667831814253e-01 3.994452965207689887e-01 4.211131892464345938e-01 4.413450024642746605e-01 4.679515390809322328e-01 4.721947256767957679e-01 5.080978078822704358e-01 5.347732817238359804e-01 5.396330786695310300e-01 5.426757164229368824e-01 5.539644696691541359e-01 5.828537602378109916e-01 5.846586217086147119e-01 5.939603504471173689e-01 6.260636051700290139e-01 6.375780136671087561e-01 6.580322348945577549e-01 6.815969135299376758e-01 6.943349700808887359e-01 7.048290278537078235e-01 7.095381685124523274e-01 7.219062521448829095e-01 7.370200001619556796e-01
-7.375488779369019365e-01 -7.201136367300657870e-01 -7.078702962434916257e-01 -7.027673793477215991e-01 -6.904918808313077472e-01 -6.767303894162040034e-01 -6.556160885422560591e-01 -6.367910057554787562e-01 -6.219971619171916766e-01 -5.937391318766617188e-01 -5.824236038256287440e-01 -5.806849715844069060e-01 -5.540986461959264142e-01 -5.423837270808387068e-01 -5.368243098346553444e-01 -5.337496080931650733e-01 -5.055084548360999630e-01 -4.677632942319656650e-01 -4.645974286437088430e-01 -4.378118579647839459e-01 -4.172870854766000392e-01 -3.973604896945340248e-01 -3.786564775187815091e-01 -3.659279837375235545e-01 -3.565818491115053113e-01 -3.473408894453282603e-01 -3.396801070931498301e-01 -3.345360979597193918e-01 -3.273969684944391667e-01 -2.727999761158231284e-01 -2.674776332679211222e-01 -2.556721569551636541e-01 -2.354671117285243864e-01 -2.249382530240986444e-01 -2.103529663118874904e-01 -2.080838218642637183e-01 -1.951384980419375859e-01 -1.646750150866588547e-01 -1.460802285165065661e-01 -1.255127390845815483e-01 -9.982912757499758094e-02 -8.834434011914152340e-02 -7.904479564414411408e-02 -7.677723430475454081e-02 -6.518087469327558947e-02 -5.191745175258539319e-02 -2.709048113725459964e-02 -2.060030728986775306e-02 -1.380660715313231438e-02 -6.089253651055092850e-03 6.089253651055126677e-03 1.380660715313224325e-02 2.060030728986783632e-02 2.709048113725449902e-02 5.191745175258533768e-02 6.518087469327590866e-02 7.677723430475538735e-02 7.904479564414490511e-02 8.834434011914112095e-02 9.982912757499852463e-02 1.255127390845824920e-01 1.460802285165043735e-01 1.646750150866597984e-01 1.951384980419362258e-01 2.080838218642649673e-01 2.103529663118883508e-01 2.249382530241023359e-01 2.354671117285230542e-01 2.556721569551640427e-01 2.674776332679186797e-01 2.727999761158231840e-01 3.273969684944361691e-01 3.345360979597143958e-01 3.396801070931499966e-01 3.473408894453283158e-01 3.565818491115030908e-01 3.659279837375223332e-01 3.786564775187830079e-01 3.973604896945356901e-01 4.172870854765911575e-01 4.378118579647816144e-01 4.645974286437047351e-01 4.677632942319741027e-01 5.055084548360974095e-01 5.337496080931707354e-01 5.368243098346547892e-01 5.423837270808375965e-01 5.540986461959255260e-01 5.806849715844079052e-01 5.824236038256285219e-01 5.937391318766638282e-01 6.219971619171926758e-01 6.367910057554805325e-01 6.556160885422548379e-01 6.767303894162058908e-01 6.904918808313036394e-01 7.027673793477233755e-01 7.078702962434949564e-01 7.201136367300701169e-01 7.375488779369003822e-01
-7.379428466464976744e-01 -7.185124473952678725e-01 -7.065770352686365774e-01 -7.004316672837519464e-01 -6.863778658704876579e-01 -6.718203075257378476e-01 -6.530803858258410477e-01 -6.360429001548995043e-01 -6.179619856662402766e-01 -5.936484739500129670e-01 -5.806808774871706769e-01 -5.777508758889012830e-01 -5.540924758135842287e-01 -5.425925417146112428e-01 -5.360846741634911483e-01 -5.300316697576287206e-01 -5.027381169762352719e-01 -4.633324602110291401e-01 -4.611904612185227514e-01 -4.342648583467962897e-01 -4.135149409138723087e-01 -3.953073127909865758e-01 -3.752388194908466978e-01 -3.647601871341558111e-01 -3.543523295998963207e-01 -3.460818524473371904e-01 -3.395476548663035610e-01 -3.337077102023628394e-01 -3.261818734312617596e-01 -2.713587148313847397e-01 -2.669979943881002904e-01 -2.565448129919130071e-01 -2.345727105368068666e-01 -2.229771564650281368e-01 -2.081344273802971934e-01 -2.058241322892587766e-01 -1.958797427778215250e-01 -1.626593656390603604e-01 -1.458431782148943701e-01 -1.235607856770937207e-01 -9.856399603364073003e-02 -8.832921957518971579e-02 -7.829313330921200409e-02 -7.637215671977352904e-02 -6.439708029815353896e-02 -5.155402960129672196e-02 -2.709755256954710090e-02 -2.093040930566877553e-02 -1.369598985975049171e-02 -6.061483374924787719e-03 6.061483374924640267e-03 1.369598985975051079e-02 2.093040930566837654e-02 2.709755256954684763e-02 5.155402960129702727e-02 6.439708029815399692e-02 7.637215671977337639e-02 7.829313330921261471e-02 8.832921957518972966e-02 9.856399603364103534e-02 1.235607856770943730e-01 1.458431782148937317e-01 1.626593656390607212e-01 1.958797427778208311e-01 2.058241322892584435e-01 2.081344273802964162e-01 2.229771564650290250e-01 2.345727105368043408e-01 2.565448129919112863e-01 2.669979943881020112e-01 2.713587148313848507e-01 3.261818734312565971e-01 3.337077102023609521e-01 3.395476548663061145e-01 3.460818524473378566e-01 3.543523295998940448e-01 3.647601871341530355e-01 3.752388194908491958e-01 3.953073127909849105e-01 4.135149409138700327e-01 4.342648583467964007e-01 4.611904612185258601e-01 4.633324602110343582e-01 5.027381169762297208e-01 5.300316697576231695e-01 5.360846741634917034e-01 5.425925417146119090e-01 5.540924758135861161e-01 5.777508758889029483e-01 5.806808774871720091e-01 5.936484739500124119e-01 6.179619856662305066e-01 6.360429001548995043e-01 6.530803858258430461e-01 6.718203075257320744e-01 6.863778658704905444e-01 7.004316672837553881e-01 7.065770352686391309e-01 7.185124473952650970e-01 7.379428466464980074e-01
-7.381809511712271732e-01 -7.170984724251781017e-01 -7.055563149006461865e-01 -6.978071305157684812e-01 -6.821133982235387805e-01 -6.668783804669545789e-01 -6.504365978679392812e-01 -6.352883640143487387e-01 -6.139955659612821304e-01 -5.936075068359584206e-01 -5.790426470947195314e-01 -5.745652295082076533e-01 -5.538999129270542054e-01 -5.428905247680100299e-01 -5.358898264046739746e-01 -5.255134611971827852e-01 -4.998075207139943688e-01 -4.589528385096354191e-01 -4.576863954143663427e-01 -4.307155379187071476e-01 -4.098206780447189446e-01 -3.932610362230736789e-01 -3.721397999197955664e-01 -3.636251941142222277e-01 -3.522271631918629242e-01 -3.451083873390859980e-01 -3.393478653005184142e-01 -3.323177156353472883e-01 -3.246852049733872092e-01 -2.704682179488098748e-01 -2.660887306029765531e-01 -2.573843611109041252e-01 -2.338367206050907809e-01 -2.210879916047113758e-01 -2.060041870837931444e-01 -2.033830758065427735e-01 -1.965093533359976441e-01 -1.606704595252466394e-01 -1.456389921374649510e-01 -1.216117531736037732e-01 -9.739466299437847530e-02 -8.832215866512851954e-02 -7.780457712350394295e-02 -7.589363196901373343e-02 -6.357561773573575103e-02 -5.106544525763492826e-02 -2.722270792717133500e-02 -2.119204886978110977e-02 -1.360488295324451327e-02 -5.983915098223892802e-03 5.983915098223815607e-03 1.360488295324456184e-02 2.119204886978089813e-02 2.722270792717132806e-02 5.106544525763462294e-02 6.357561773573582042e-02 7.589363196901421915e-02 7.780457712350492827e-02 8.832215866512936608e-02 9.739466299437819774e-02 1.216117531736043283e-01 1.456389921374647012e-01 1.606704595252462509e-01 1.965093533359996425e-01 2.033830758065431898e-01 2.060041870837919786e-01 2.210879916047091831e-01 2.338367206050877278e-01 2.573843611109061791e-01 2.660887306029763866e-01 2.704682179488099303e-01 3.246852049733893741e-01 3.323177156353513961e-01 3.393478653005159162e-01 3.451083873390879964e-01 3.522271631918637569e-01 3.636251941142195632e-01 3.721397999197922357e-01 3.932610362230767320e-01 4.098206780447238851e-01 4.307155379187077027e-01 4.576863954143632895e-01 4.589528385096319218e-01 4.998075207139951459e-01 5.255134611971807868e-01 5.358898264046801918e-01 5.428905247680121393e-01 5.538999129270549826e-01 5.745652295082062100e-01 5.790426470947244164e-01 5.936075068359576434e-01 6.139955659612758021e-01 6.352883640143557331e-01 6.504365978679376159e-01 6.668783804669509152e-01 6.821133982235415560e-01 6.978071305157713677e-01 7.055563149006457424e-01 7.170984724251755482e-01 7.381809511712246197e-01
-7.382380542273816459e-01 -7.158514725237530296e-01 -7.047207023803309101e-01 -6.949182115890975009e-01 -6.777896349069965076e-01 -6.619135858130433814e-01 -6.476975832331328675e-01 -6.344820507646680152e-01 -6.101433387961775479e-01 -5.935417882893254671e-01 -5.774708978096312340e-01 -5.712796974693666874e-01 -5.534727179243291717e-01 -5.432126401929185944e-01 -5.356145275891903701e-01 -5.208393824026633645e-01 -4.967339854460783299e-01 -4.548604217283327977e-01 -4.538552893411125222e-01 -4.271770707479473628e-01 -4.062366119030823564e-01 -3.911859272720998870e-01 -3.696009436569457907e-01 -3.622676009327963076e-01 -3.502118541513715155e-01 -3.444895734806776577e-01 -3.390078471062749621e-01 -3.303187597730807834e-01 -3.229523733530409446e-01 -2.701921559190685884e-01 -2.646806187181156567e-01 -2.581769654536618663e-01 -2.332513584802913542e-01 -2.193061183845959883e-01 -2.039552228141928991e-01 -2.009497208814391145e-01 -1.968304851159686786e-01 -1.587098713536439498e-01 -1.454646195678511444e-01 -1.196775110827505845e-01 -9.639117545616703031e-02 -8.824235880264640064e-02 -7.756692690220412523e-02 -7.535478622249611180e-02 -6.271882493765289224e-02 -5.046433423684247577e-02 -2.745745562961155253e-02 -2.137999754849374129e-02 -1.353400748495064455e-02 -5.856578211576532640e-03 5.856578211576542181e-03 1.353400748495066884e-02 2.137999754849353312e-02 2.745745562961167049e-02 5.046433423684228842e-02 6.271882493765258693e-02 7.535478622249611180e-02 7.756692690220383379e-02 8.824235880264660881e-02 9.639117545616605887e-02 1.196775110827499183e-01 1.454646195678523657e-01 1.587098713536436445e-01 1.968304851159694280e-01 2.009497208814401137e-01 2.039552228141918444e-01 2.193061183845966822e-01 2.332513584802922701e-01 2.581769654536612557e-01 2.646806187181129366e-01 2.701921559190694211e-01 3.229523733530387242e-01 3.303187597730788960e-01 3.390078471062729082e-01 3.444895734806774357e-01 3.502118541513713490e-01 3.622676009327943647e-01 3.696009436569449580e-01 3.911859272721002201e-01 4.062366119030837441e-01 4.271770707479494167e-01 4.538552893411099687e-01 4.548604217283332418e-01 4.967339854460791071e-01 5.208393824026699148e-01 5.356145275891854851e-01 5.432126401929141535e-01 5.534727179243335016e-01 5.712796974693655772e-01 5.774708978096291245e-01 5.935417882893181396e-01 6.101433387961772148e-01 6.344820507646738994e-01 6.476975832331328675e-01 6.619135858130422712e-01 6.777896349069969517e-01 6.949182115890909506e-01 7.047207023803291337e-01 7.158514725237551390e-01 7.382380542273820900e-01
-7.380835088074356731e-01 -7.147426511239955982e-01 -7.040079955769799058e-01 -6.917998686009168008e-01 -6.734797805451298025e-01 -6.569345117532221501e-01 -6.448776493997046000e-01 -6.335731582328534284e-01 -6.064740115465564463e-01 -5.933679680842488535e-01 -5.760106303431985486e-01 -5.679499314078892969e-01 -5.527633675645708955e-01 -5.435309937865120400e-01 -5.351419945139939127e-01 -5.161038539628882704e-01 -4.935320061823592064e-01 -4.512136517879064557e-01 -4.495446560315671802e-01 -4.236649871639040499e-01 -4.028042080842307859e-01 -3.890343800028207011e-01 -3.678581564289942207e-01 -3.604620603816054425e-01 -3.483762088056225892e-01 -3.440671053185565542e-01 -3.384699982987407485e-01 -3.277904040266654828e-01 -3.210258111228802558e-01 -2.703153855892453383e-01 -2.629926303249680575e-01 -2.589015165687487685e-01 -2.328042423858505128e-01 -2.176846235289843223e-01 -2.019706517814850444e-01 -1.992671718523859881e-01 -1.960863199286356773e-01 -1.567807134457217255e-01 -1.453150490876267964e-01 -1.177703300147501242e-01 -9.564658421567005797e-02 -8.798458359295407982e-02 -7.751959811412985346e-02 -7.481257370527313877e-02 -6.183028978420809785e-02 -4.976788583605665228e-02 -2.778361704308481006e-02 -2.149751929316179311e-02 -1.348168103646380823e-02 -5.682990489250682245e-03 5.682990489250516579e-03 1.348168103646376313e-02 2.149751929316196658e-02 2.778361704308481353e-02 4.976788583605665228e-02 6.183028978420861133e-02 7.481257370527284734e-02 7.751959811412925672e-02 8.798458359295487086e-02 9.564658421566962776e-02 1.177703300147504711e-01 1.453150490876279344e-01 1.567807134457184504e-01 1.960863199286352609e-01 1.992671718523847113e-01 2.019706517814846558e-01 2.176846235289869314e-01 2.328042423858486254e-01 2.589015165687489906e-01 2.629926303249700559e-01 2.703153855892483914e-01 3.210258111228854738e-01 3.277904040266635399e-01 3.384699982987394162e-01 3.440671053185551109e-01 3.483762088056250872e-01 3.604620603816044433e-01 3.678581564289896133e-01 3.890343800028233656e-01 4.028042080842291761e-01 4.236649871639048270e-01 4.495446560315680129e-01 4.512136517879009601e-01 4.935320061823662563e-01 5.161038539628859390e-01 5.351419945139958001e-01 5.435309937865114849e-01 5.527633675645714506e-01 5.679499314078854111e-01 5.760106303431935526e-01 5.933679680842479653e-01 6.064740115465521164e-01 6.335731582328566480e-01 6.448776493997055992e-01 6.569345117532213729e-01 6.734797805451300245e-01 6.917998686009132481e-01 7.040079955769835696e-01 7.147426511239990399e-01 7.380835088074313433e-01
-7.376802904284243123e-01 -7.137412023299928299e-01 -7.033765270455475394e-01 -6.884854515848967127e-01 -6.692512059465918206e-01 -6.519513783020128850e-01 -6.419920355387384037e-01 -6.325014707541369852e-01 -6.031075223840893784e-01 -5.929620335656677899e-01 -5.747084453317167219e-01 -5.646149895544634312e-01 -5.517323141464304248e-01 -5.438214605452219574e-01 -5.344142729697362038e-01 -5.113328145980179373e-01 -4.902138031403868723e-01 -4.477044412344397539e-01 -4.450686518693548477e-01 -4.201980404476656217e-01 -3.995704326981665000e-01 -3.867510803946369036e-01 -3.668565655488733035e-01 -3.583043311567509215e-01 -3.469962313106333962e-01 -3.433925406769399724e-01 -3.376792010938824418e-01 -3.248686710101111319e-01 -3.189419127075322491e-01 -2.706555438299332317e-01 -2.613049767393655354e-01 -2.594438846232657303e-01 -2.324811619143003771e-01 -2.162955517504849545e-01 -2.000886007376831144e-01 -1.987640698726409472e-01 -1.937605777023074238e-01 -1.548895844294893298e-01 -1.451813347147415945e-01 -1.159034013023282211e-01 -9.524264302822385564e-02 -8.745360283400289980e-02 -7.761315228864952565e-02 -7.430902631627418764e-02 -6.091468059755708597e-02 -4.899687578837547824e-02 -2.817626259849757495e-02 -2.155345377378089025e-02 -1.344414563994112202e-02 -5.469694166544337988e-03 5.469694166544462020e-03 1.344414563994127815e-02 2.155345377378073066e-02 2.817626259849747086e-02 4.899687578837563784e-02 6.091468059755709985e-02 7.430902631627399335e-02 7.761315228864951177e-02 8.745360283400283041e-02 9.524264302822531281e-02 1.159034013023287485e-01 1.451813347147410116e-01 1.548895844294905233e-01 1.937605777023075626e-01 1.987640698726408639e-01 2.000886007376836140e-01 2.162955517504859537e-01 2.324811619143005992e-01 2.594438846232665075e-01 2.613049767393674783e-01 2.706555438299316774e-01 3.189419127075294735e-01 3.248686710101131303e-01 3.376792010938818311e-01 3.433925406769428590e-01 3.469962313106357277e-01 3.583043311567554179e-01 3.668565655488739141e-01 3.867510803946333509e-01 3.995704326981618371e-01 4.201980404476610698e-01 4.450686518693532379e-01 4.477044412344435842e-01 4.902138031403844298e-01 5.113328145980131634e-01 5.344142729697359817e-01 5.438214605452305062e-01 5.517323141464296476e-01 5.646149895544597674e-01 5.747084453317157227e-01 5.929620335656655694e-01 6.031075223840915989e-01 6.325014707541387615e-01 6.419920355387370714e-01 6.519513783020075559e-01 6.692512059465868246e-01 6.884854515848943812e-01 7.033765270455426544e-01 7.137412023299931629e-01 7.376802904284274209e-01
-7.369852800947721549e-01 -7.128181664877124568e-01 -7.027978887591519452e-01 -6.850034279944083870e-01 -6.651740781899322386e-01 -6.469791410855783020e-01 -6.390539388290646938e-01 -6.311953987097292940e-01 -6.002558992325551790e-01 -5.921146472202679645e-01 -5.735938055346971876e-01 -5.613122906686087710e-01 -5.503578164960173380e-01 -5.440534673822796652e-01 -5.333865719533646965e-01 -5.065366746796124975e-01 -4.867897850806198190e-01 -4.442242240541803278e-01 -4.405422374852396850e-01 -4.167991774398526750e-01 -3.965753011907483527e-01 -3.842873029034430954e-01 -3.663150708416395007e-01 -3.561363604509315550e-01 -3.464403297142904514e-01 -3.419174582973674159e-01 -3.365847723269398406e-01 -3.216753867156246782e-01 -3.167310518206755687e-01 -2.711178649318292666e-01 -2.607234959319546519e-01 -2.587769540371183119e-01 -2.322676783280168689e-01 -2.152225741304927553e-01 -1.988859269500319049e-01 -1.978029037140356661e-01 -1.908516916207662062e-01 -1.530508182267540374e-01 -1.450463384039434311e-01 -1.140915867103461240e-01 -9.519151354555797917e-02 -8.662250127408213651e-02 -7.781970757972475616e-02 -7.386160347038960017e-02 -5.997755397438524205e-02 -4.817469182495637964e-02 -2.860761086889976670e-02 -2.155821760591046521e-02 -1.341625724415767412e-02 -5.225447995853613366e-03 5.225447995853635917e-03 1.341625724415781984e-02 2.155821760591028480e-02 2.860761086889976670e-02 4.817469182495625474e-02 5.997755397438506164e-02 7.386160347038971119e-02 7.781970757972360431e-02 8.662250127408230305e-02 9.519151354555639710e-02 1.140915867103457909e-01 1.450463384039432091e-01 1.530508182267529549e-01 1.908516916207651237e-01 1.978029037140349999e-01 1.988859269500317661e-01 2.152225741304919227e-01 2.322676783280163970e-01 2.587769540371175903e-01 2.607234959319540413e-01 2.711178649318314315e-01 3.167310518206764014e-01 3.216753867156258440e-01 3.365847723269358993e-01 3.419174582973699694e-01 3.464403297142910620e-01 3.561363604509306113e-01 3.663150708416390566e-01 3.842873029034418186e-01 3.965753011907438008e-01 4.167991774398501215e-01 4.405422374852387413e-01 4.442242240541791065e-01 4.867897850806229831e-01 5.065366746796193809e-01 5.333865719533652516e-01 5.440534673822807754e-01 5.503578164960238883e-01 5.613122906686047742e-01 5.735938055346986308e-01 5.921146472202617472e-01 6.002558992325596199e-01 6.311953987097327357e-01 6.390539388290608080e-01 6.469791410855731950e-01 6.651740781899323496e-01 6.850034279944127169e-01 7.027978887591499468e-01 7.128181664877116797e-01 7.369852800947689353e-01
-7.359520424208796374e-01 -7.119479035135211076e-01 -7.022517593886699050e-01 -6.813770930830690409e-01 -6.613255070428133431e-01 -6.420447410545718769e-01 -6.360635573337503068e-01 -6.295761199545882869e-01 -5.981710749210406020e-01 -5.905797765112280606e-01 -5.726720013293935541e-01 -5.580853157306642220e-01 -5.486465617395407390e-01 -5.441767901274334740e-01 -5.320211940375285664e-01 -5.017207649401834724e-01 -4.832689201214446229e-01 -4.407562430171734214e-01 -4.359891220591588512e-01 -4.134964221649934379e-01 -3.938311362267815641e-01 -3.816266031487389743e-01 -3.659947293156270987e-01 -3.542381989021396449e-01 -3.464734024054684780e-01 -3.397216637708408427e-01 -3.351609339334843951e-01 -3.182985869912126065e-01 -3.144184390114438954e-01 -2.716485433710885133e-01 -2.612024608487178434e-01 -2.569838362245260299e-01 -2.321498945271925074e-01 -2.145375469116508060e-01 -1.982760798044461148e-01 -1.960173388411854123e-01 -1.877605323547486549e-01 -1.512965003981129597e-01 -1.448747289293297880e-01 -1.123526032978899303e-01 -9.542609571256367718e-02 -8.554230917126856570e-02 -7.812210754624389353e-02 -7.347421018297091433e-02 -5.902519139261788728e-02 -4.732658233354965216e-02 -2.904961476976357024e-02 -2.152097205856058973e-02 -1.339230574525204255e-02 -4.960324454013023687e-03 4.960324454012990728e-03 1.339230574525194541e-02 2.152097205856067300e-02 2.904961476976366738e-02 4.732658233354988808e-02 5.902519139261812320e-02 7.347421018297119188e-02 7.812210754624457354e-02 8.554230917126830203e-02 9.542609571256459311e-02 1.123526032978891254e-01 1.448747289293308704e-01 1.512965003981142087e-01 1.877605323547474336e-01 1.960173388411862450e-01 1.982760798044456152e-01 2.145375469116498068e-01 2.321498945271961434e-01 2.569838362245244201e-01 2.612024608487192867e-01 2.716485433710875697e-01 3.144184390114399541e-01 3.182985869912160481e-01 3.351609339334881144e-01 3.397216637708396769e-01 3.464734024054713091e-01 3.542381989021397004e-01 3.659947293156249892e-01 3.816266031487434707e-01 3.938311362267812310e-01 4.134964221649964355e-01 4.359891220591580185e-01 4.407562430171743650e-01 4.832689201214457886e-01 5.017207649401818070e-01 5.320211940375275672e-01 5.441767901274328079e-01 5.486465617395385186e-01 5.580853157306667756e-01 5.726720013293955525e-01 5.905797765112257292e-01 5.981710749210380484e-01 6.295761199545867326e-01 6.360635573337520832e-01 6.420447410545777611e-01 6.613255070428160076e-01 6.813770930830679307e-01 7.022517593886716814e-01 7.119479035135255485e-01 7.359520424208704226e-01
-7.345372698173004977e-01 -7.111081480956572554e-01 -7.017227917259730718e-01 -6.776252471729692362e-01 -6.577869815997409164e-01 -6.372088074200614738e-01 -6.329755131441410221e-01 -6.275744826671389998e-01 -5.968385038586131452e-01 -5.883771762647831416e-01 -5.719249986735660540e-01 -5.549988069726861095e-01 -5.466598155024859906e-01 -5.440766425552248098e-01 -5.302895778003382521e-01 -4.968883901224907529e-01 -4.796590252188641657e-01 -4.373008390641375809e-01 -4.314167457502729452e-01 -4.103231894171678884e-01 -3.913065256640312350e-01 -3.788134462076177544e-01 -3.657309123186583411e-01 -3.527354615746495226e-01 -3.467268107872363281e-01 -3.370764680361401644e-01 -3.334142397394544433e-01 -3.147991314462612600e-01 -3.120245229205675375e-01 -2.722101267409038905e-01 -2.617712711211615528e-01 -2.550552006284339535e-01 -2.321147009681334139e-01 -2.142672773188375179e-01 -1.973878245205712145e-01 -1.941776352092851043e-01 -1.845793484377243054e-01 -1.496997024225535378e-01 -1.445897899303771328e-01 -1.107090190617969760e-01 -9.584885588460534400e-02 -8.429388599951705141e-02 -7.850446059887612738e-02 -7.314492915597382849e-02 -5.806450107211848927e-02 -4.647922963428537807e-02 -2.947467954924034433e-02 -2.144853023408147680e-02 -1.336676424712451676e-02 -4.684916185294080333e-03 4.684916185294082935e-03 1.336676424712437451e-02 2.144853023408132414e-02 2.947467954924025066e-02 4.647922963428529480e-02 5.806450107211906519e-02 7.314492915597393952e-02 7.850446059887546124e-02 8.429388599951741223e-02 9.584885588460598238e-02 1.107090190617965320e-01 1.445897899303778544e-01 1.496997024225559247e-01 1.845793484377247773e-01 1.941776352092893232e-01 1.973878245205735737e-01 2.142672773188375457e-01 2.321147009681338858e-01 2.550552006284361184e-01 2.617712711211628296e-01 2.722101267409022252e-01 3.120245229205655391e-01 3.147991314462597057e-01 3.334142397394560531e-01 3.370764680361439947e-01 3.467268107872361060e-01 3.527354615746455813e-01 3.657309123186563982e-01 3.788134462076207520e-01 3.913065256640341771e-01 4.103231894171598393e-01 4.314167457502718905e-01 4.373008390641357490e-01 4.796590252188690506e-01 4.968883901224881994e-01 5.302895778003379190e-01 5.440766425552282515e-01 5.466598155024873229e-01 5.549988069726826678e-01 5.719249986735661651e-01 5.883771762647894699e-01 5.968385038586140334e-01 6.275744826671414422e-01 6.329755131441411331e-01 6.372088074200608077e-01 6.577869815997412495e-01 6.776252471729679039e-01 7.017227917259725167e-01 7.111081480956511491e-01 7.345372698172923931e-01
-7.327088437065907289e-01 -7.102794148464128821e-01 -7.011987950092294364e-01 -6.737631152297587356e-01 -6.546322775977730934e-01 -6.326311212447596199e-01 -6.296216814777511050e-01 -6.251579815864037881e-01 -5.959273415288921516e-01 -5.858373762985538136e-01 -5.713183409978893623e-01 -5.521806688288254383e-01 -5.447310031384963169e-01 -5.433043344124791618e-01 -5.281768631210442821e-01 -4.920419706168809304e-01 -4.759669897001585492e-01 -4.338634874331389613e-01 -4.268285827781919117e-01 -4.073170962696615605e-01 -3.889308779686723727e-01 -3.759796667586249863e-01 -3.653626188971566546e-01 -3.516284782538998122e-01 -3.470257961196849261e-01 -3.341461092960750778e-01 -3.313560839294383831e-01 -3.112243210654190295e-01 -3.095620106867426613e-01 -2.727720562898908740e-01 -2.623290130265468756e-01 -2.531035517076421493e-01 -2.321497093384007337e-01 -2.143788385891934878e-01 -1.961532247991090994e-01 -1.923673632457726379e-01 -1.813417936603788916e-01 -1.484086221918448079e-01 -1.440393496667580209e-01 -1.091916944272013773e-01 -9.636726775939458145e-02 -8.295906437488745344e-02 -7.893902539393042594e-02 -7.286969290207344352e-02 -5.710300133229398445e-02 -4.566056351057674184e-02 -2.985519719491147236e-02 -2.134543084574342525e-02 -1.333486225309114988e-02 -4.409745051205836083e-03 4.409745051205920217e-03 1.333486225309114120e-02 2.134543084574359872e-02 2.985519719491148624e-02 4.566056351057710960e-02 5.710300133229382485e-02 7.286969290207331862e-02 7.893902539393041207e-02 8.295906437488738405e-02 9.636726775939473411e-02 1.091916944272011553e-01 1.440393496667585482e-01 1.484086221918455295e-01 1.813417936603765046e-01 1.923673632457718330e-01 1.961532247991101818e-01 2.143788385891956527e-01 2.321497093383969867e-01 2.531035517076415942e-01 2.623290130265478193e-01 2.727720562898906520e-01 3.095620106867393306e-01 3.112243210654168091e-01 3.313560839294401039e-01 3.341461092960720247e-01 3.470257961196885343e-01 3.516284782538997566e-01 3.653626188971601518e-01 3.759796667586244867e-01 3.889308779686759254e-01 4.073170962696602837e-01 4.268285827781906350e-01 4.338634874331422364e-01 4.759669897001548300e-01 4.920419706168837615e-01 5.281768631210440601e-01 5.433043344124794949e-01 5.447310031384984264e-01 5.521806688288248832e-01 5.713183409978930261e-01 5.858373762985633615e-01 5.959273415288944831e-01 6.251579815864010126e-01 6.296216814777501058e-01 6.326311212447550680e-01 6.546322775977739816e-01 6.737631152297610670e-01 7.011987950092354316e-01 7.102794148464164348e-01 7.327088437065921722e-01
-7.304487970530115781e-01 -7.094441619247652264e-01 -7.006696560256693296e-01 -6.698032282040801144e-01 -6.519074954678145684e-01 -6.285920362924809490e-01 -6.257060859580738654e-01 -6.223378484916104458e-01 -5.951342088055004975e-01 -5.832519392349562182e-01 -5.708096367747098610e-01 -5.498947640692840588e-01 -5.433302083568625207e-01 -5.411303221317057544e-01 -5.256856981061877043e-01 -4.871835574615746567e-01 -4.721989472033415458e-01 -4.304523929565137741e-01 -4.222269960822302437e-01 -4.045159810540401302e-01 -3.866173102911186765e-01 -3.733849742923698867e-01 -3.646464131464850489e-01 -3.508642323336186308e-01 -3.472621330222991354e-01 -3.311269479850224018e-01 -3.289377065780916265e-01 -3.076613823810521731e-01 -3.069905930223956747e-01 -2.733066931611348171e-01 -2.628582513198687853e-01 -2.511527037925468941e-01 -2.322429860706744509e-01 -2.147994783126989105e-01 -1.946247653237419550e-01 -1.906038937905000230e-01 -1.780655247888940085e-01 -1.475915756854812022e-01 -1.430508862447454621e-01 -1.078454346116172330e-01 -9.689519253052297776e-02 -8.167255162517905731e-02 -7.932594623506357412e-02 -7.264384689823072394e-02 -5.614888698597773203e-02 -4.489949197293004179e-02 -3.016287544798595260e-02 -2.121448728374510095e-02 -1.329296385473404535e-02 -4.144867521079819046e-03 4.144867521079846802e-03 1.329296385473427433e-02 2.121448728374517728e-02 3.016287544798595260e-02 4.489949197293031935e-02 5.614888698597788469e-02 7.264384689823044639e-02 7.932594623506387943e-02 8.167255162518019529e-02 9.689519253052304715e-02 1.078454346116173995e-01 1.430508862447468776e-01 1.475915756854822014e-01 1.780655247888925374e-01 1.906038937904984409e-01 1.946247653237423436e-01 2.147994783126971341e-01 2.322429860706728133e-01 2.511527037925440631e-01 2.628582513198706727e-01 2.733066931611323747e-01 3.069905930223995605e-01 3.076613823810500081e-01 3.289377065780961784e-01 3.311269479850204034e-01 3.472621330222984137e-01 3.508642323336204627e-01 3.646464131464856595e-01 3.733849742923708859e-01 3.866173102911183990e-01 4.045159810540419620e-01 4.222269960822299661e-01 4.304523929565124973e-01 4.721989472033421564e-01 4.871835574615717146e-01 5.256856981061769352e-01 5.411303221317068646e-01 5.433302083568632979e-01 5.498947640692832817e-01 5.708096367747114153e-01 5.832519392349548859e-01 5.951342088055098234e-01 6.223378484916164410e-01 6.257060859580744205e-01 6.285920362924806160e-01 6.519074954678215628e-01 6.698032282040755625e-01 7.006696560256666650e-01 7.094441619247658926e-01 7.304487970530098018e-01
-7.277496068261076756e-01 -7.085858562387640225e-01 -7.001266762859333914e-01 -6.657561792458045469e-01 -6.496142984578390234e-01 -6.250460579984974396e-01 -6.213175286782994799e-01 -6.191236134848916439e-01 -5.942764025784064152e-01 -5.807735920991029532e-01 -5.703547048448057710e-01 -5.484199535825067251e-01 -5.414071334948067360e-01 -5.383184745714131303e-01 -5.228365561739278800e-01 -4.823151104301654502e-01 -4.683604076893840840e-01 -4.270780540817734616e-01 -4.176143168266288064e-01 -4.019503162278239006e-01 -3.842882237359637743e-01 -3.714174223525877894e-01 -3.632272538529303096e-01 -3.504037689033207559e-01 -3.473229069440524897e-01 -3.282809324639949233e-01 -3.260259949938709712e-01 -3.046966183547890616e-01 -3.037634705664166712e-01 -2.737872176967193760e-01 -2.633500315367541256e-01 -2.492140636058166048e-01 -2.323826077282550306e-01 -2.154488932214793373e-01 -1.928749089447792109e-01 -1.888967903425294581e-01 -1.747621093908357792e-01 -1.472254453679682495e-01 -1.416431995668030464e-01 -1.067362251033802251e-01 -9.734037317492742758e-02 -8.099403467669706591e-02 -7.912593241641967257e-02 -7.246259851576984656e-02 -5.521117556424962741e-02 -4.422494727134160253e-02 -3.036880756526016967e-02 -2.105740414695319446e-02 -1.323877491465073192e-02 -3.899615933891762039e-03 3.899615933891756835e-03 1.323877491465079263e-02 2.105740414695311466e-02 3.036880756526016273e-02 4.422494727134158171e-02 5.521117556424995354e-02 7.246259851576994371e-02 7.912593241641965869e-02 8.099403467669817613e-02 9.734037317492730268e-02 1.067362251033809328e-01 1.416431995668018529e-01 1.472254453679698871e-01 1.747621093908341972e-01 1.888967903425284589e-01 1.928749089447799880e-01 2.154488932214777830e-01 2.323826077282548641e-01 2.492140636058127467e-01 2.633500315367502398e-01 2.737872176967189874e-01 3.037634705664147838e-01 3.046966183547881180e-01 3.260259949938707491e-01 3.282809324639966442e-01 3.473229069440507133e-01 3.504037689033221992e-01 3.632272538529252581e-01 3.714174223525887331e-01 3.842882237359713793e-01 4.019503162278224018e-01 4.176143168266311934e-01 4.270780540817746274e-01 4.683604076893840840e-01 4.823151104301642289e-01 5.228365561739262146e-01 5.383184745714111319e-01 5.414071334948070691e-01 5.484199535825036165e-01 5.703547048448044388e-01 5.807735920991018430e-01 5.942764025784122994e-01 6.191236134848920880e-01 6.213175286782984807e-01 6.250460579985025467e-01 6.496142984578396895e-01 6.657561792457972194e-01 7.001266762859300608e-01 7.085858562387601367e-01 7.277496068261078976e-01
-7.246138680439320190e-01 -7.076879214222308034e-01 -6.995621457121187214e-01 -6.616312539065422049e-01 -6.477099054661525912e-01 -6.217190923336576303e-01 -6.169237324544185608e-01 -6.154360890150392116e-01 -5.932322792381743426e-01 -5.784699508231048171e-01 -5.699100218255920280e-01 -5.476127864892120778e-01 -5.387299568996836152e-01 -5.352275896282786549e-01 -5.196637655293278035e-01 -4.774386818508005725e-01 -4.644563583302925847e-01 -4.237534127705422371e-01 -4.129937263116993384e-01 -3.996332812071295981e-01 -3.818940386145768251e-01 -3.702890835581474915e-01 -3.609321823064976509e-01 -3.502238153416062372e-01 -3.470933342618444106e-01 -3.256775697623203736e-01 -3.226552127876415321e-01 -3.021362260879363881e-01 -3.001106112036520113e-01 -2.741861900655336304e-01 -2.637945572023689400e-01 -2.472964835137688444e-01 -2.325559629894097813e-01 -2.162586911743707152e-01 -1.909679846605562004e-01 -1.872533451913501734e-01 -1.714402545058107685e-01 -1.471388818299872170e-01 -1.399833482550826014e-01 -1.059519140670502901e-01 -9.759794458845409693e-02 -8.134156677195460150e-02 -7.793292356073930338e-02 -7.232054886767654012e-02 -5.429993345745837141e-02 -4.366347634997892052e-02 -3.044514568807159607e-02 -2.087530375382875419e-02 -1.317140905543809186e-02 -3.682401652658424344e-03 3.682401652658373603e-03 1.317140905543795308e-02 2.087530375382857725e-02 3.044514568807160301e-02 4.366347634997889970e-02 5.429993345745880162e-02 7.232054886767698421e-02 7.793292356073869276e-02 8.134156677195336638e-02 9.759794458845469367e-02 1.059519140670504428e-01 1.399833482550842390e-01 1.471388818299885493e-01 1.714402545058125171e-01 1.872533451913491187e-01 1.909679846605560338e-01 2.162586911743708262e-01 2.325559629894132507e-01 2.472964835137667905e-01 2.637945572023699947e-01 2.741861900655339079e-01 3.001106112036540652e-01 3.021362260879388861e-01 3.226552127876440301e-01 3.256775697623221499e-01 3.470933342618436890e-01 3.502238153416096789e-01 3.609321823064956525e-01 3.702890835581513218e-01 3.818940386145756594e-01 3.996332812071300422e-01 4.129937263117003932e-01 4.237534127705387399e-01 4.644563583302970811e-01 4.774386818507957986e-01 5.196637655293270264e-01 5.352275896282785439e-01 5.387299568996840593e-01 5.476127864892121888e-01 5.699100218255938044e-01 5.784699508231054832e-01 5.932322792381761190e-01 6.154360890150403218e-01 6.169237324544167844e-01 6.217190923336554098e-01 6.477099054661555888e-01 6.616312539065389853e-01 6.995621457121251607e-01 7.076879214222381309e-01 7.246138680439317969e-01
-7.210599696689803384e-01 -7.067324369388484628e-01 -6.989690502549916751e-01 -6.574369684602204833e-01 -6.461241676732595307e-01 -6.185593643947959741e-01 -6.127940215728621132e-01 -6.112200247307416623e-01 -5.918987178072420141e-01 -5.763637501349652137e-01 -5.694318286447919153e-01 -5.471027001039218129e-01 -5.355811933126705116e-01 -5.319266893098587579e-01 -5.162089707768080515e-01 -4.725565680553394654e-01 -4.604913395689124167e-01 -4.204942327753819487e-01 -4.083708752981610735e-01 -3.975522408363661997e-01 -3.794233474263155048e-01 -3.697785868798637576e-01 -3.580310849436792453e-01 -3.502498341120822700e-01 -3.465126755267607939e-01 -3.231931700272388519e-01 -3.190304807729036352e-01 -2.996214918836137553e-01 -2.964268617657687677e-01 -2.744743783226681888e-01 -2.641781450961023237e-01 -2.454095812814678090e-01 -2.327485723433632137e-01 -2.171768335340025780e-01 -1.889534713811342193e-01 -1.856795664660834955e-01 -1.681071777267658662e-01 -1.472053495611711227e-01 -1.381937524136161999e-01 -1.055733952206280579e-01 -9.757530420585114328e-02 -8.202012446299537796e-02 -7.645143833107496956e-02 -7.220939048772109792e-02 -5.342658742369117697e-02 -4.323496814081446982e-02 -3.036875681909811595e-02 -2.066913683277690761e-02 -1.309133152607371356e-02 -3.500515691574133080e-03 3.500515691573881545e-03 1.309133152607350366e-02 2.066913683277705333e-02 3.036875681909801533e-02 4.323496814081477513e-02 5.342658742369083003e-02 7.220939048772143098e-02 7.645143833107494180e-02 8.202012446299621062e-02 9.757530420585130981e-02 1.055733952206282661e-01 1.381937524136163109e-01 1.472053495611685137e-01 1.681071777267643119e-01 1.856795664660846890e-01 1.889534713811335531e-01 2.171768335340057976e-01 2.327485723433641573e-01 2.454095812814704736e-01 2.641781450961001032e-01 2.744743783226703537e-01 2.964268617657719873e-01 2.996214918836173635e-01 3.190304807729069103e-01 3.231931700272401287e-01 3.465126755267628478e-01 3.502498341120798275e-01 3.580310849436800780e-01 3.697785868798618147e-01 3.794233474263175587e-01 3.975522408363729721e-01 4.083708752981599632e-01 4.204942327753798392e-01 4.604913395689151367e-01 4.725565680553404646e-01 5.162089707768066082e-01 5.319266893098613114e-01 5.355811933126682911e-01 5.471027001039207027e-01 5.694318286447934696e-01 5.763637501349624381e-01 5.918987178072429023e-01 6.112200247307427725e-01 6.127940215728637785e-01 6.185593643947921993e-01 6.461241676732670802e-01 6.574369684602209274e-01 6.989690502549927853e-01 7.067324369388453542e-01 7.210599696689820037e-01
-7.171230082000413786e-01 -7.056983414307644864e-01 -6.983408479289868742e-01 -6.531815695112560549e-01 -6.447805288734750340e-01 -6.156262979442331806e-01 -6.087460068808291380e-01 -6.067860863413313544e-01 -5.901771899521022213e-01 -5.744529012715635652e-01 -5.688724716445870966e-01 -5.466595442580708397e-01 -5.321470985136913523e-01 -5.284433367531417014e-01 -5.125147755557067919e-01 -4.676714612314201713e-01 -4.564695006937510846e-01 -4.173195409183522719e-01 -4.037586297547525738e-01 -3.956637170371785639e-01 -3.769055951163599594e-01 -3.695786311545299907e-01 -3.549054966551463686e-01 -3.503589502640485631e-01 -3.455445453527414834e-01 -3.207642080209417434e-01 -3.152814764683565807e-01 -2.971423845118235652e-01 -2.927616237053982107e-01 -2.746196942080228465e-01 -2.644807616366400271e-01 -2.435666810054269715e-01 -2.329418714356193965e-01 -2.181649909964888667e-01 -1.868677430556965335e-01 -1.841803758744069430e-01 -1.647693570471898128e-01 -1.473616657756187109e-01 -1.363337970961249479e-01 -1.056118919294145309e-01 -9.725245532150531003e-02 -8.280748835371645744e-02 -7.492265252053446900e-02 -7.210790398977905136e-02 -5.260432365015943468e-02 -4.294740547442785911e-02 -3.012591269172378017e-02 -2.044000348981149517e-02 -1.300019002924322591e-02 -3.359881429971839275e-03 3.359881429971695293e-03 1.300019002924337162e-02 2.044000348981140844e-02 3.012591269172380445e-02 4.294740547442749828e-02 5.260432365015941386e-02 7.210790398977906523e-02 7.492265252053451063e-02 8.280748835371723460e-02 9.725245532150487981e-02 1.056118919294155301e-01 1.363337970961238099e-01 1.473616657756209869e-01 1.647693570471900348e-01 1.841803758744069430e-01 1.868677430556946462e-01 2.181649909964908374e-01 2.329418714356195907e-01 2.435666810054272213e-01 2.644807616366359748e-01 2.746196942080236236e-01 2.927616237053982107e-01 2.971423845118233431e-01 3.152814764683561921e-01 3.207642080209439639e-01 3.455445453527417610e-01 3.503589502640473419e-01 3.549054966551482559e-01 3.695786311545269931e-01 3.769055951163622353e-01 3.956637170371807843e-01 4.037586297547574032e-01 4.173195409183508287e-01 4.564695006937528610e-01 4.676714612314229469e-01 5.125147755557050155e-01 5.284433367531413683e-01 5.321470985136826926e-01 5.466595442580679531e-01 5.688724716445909824e-01 5.744529012715633431e-01 5.901771899521048859e-01 6.067860863413346850e-01 6.087460068808294711e-01 6.156262979442359562e-01 6.447805288734772544e-01 6.531815695112521691e-01 6.983408479289907600e-01 7.056983414307713698e-01 7.171230082000390471e-01
-7.128477077697545905e-01 -7.045587457659370223e-01 -6.976712548797846525e-01 -6.488736053592558672e-01 -6.436097401124815098e-01 -6.129770076976188697e-01 -6.046649542029284286e-01 -6.023783589753017864e-01 -5.879830349234868025e-01 -5.727223263644581897e-01 -5.681744369779527792e-01 -5.461712394587249220e-01 -5.285130769218255864e-01 -5.247924008650795002e-01 -5.086203864461307234e-01 -4.627866239825919048e-01 -4.523946380701070469e-01 -4.142519386284353455e-01 -3.991970007398408793e-01 -3.938799659464381486e-01 -3.744145857241566455e-01 -3.694929622018855997e-01 -3.519215429341503443e-01 -3.503810143957936107e-01 -3.440887494136913860e-01 -3.183859883139662506e-01 -3.114706093055726321e-01 -2.947106468970849824e-01 -2.891500165167306680e-01 -2.745858525276340667e-01 -2.646727874476633158e-01 -2.417897762685291552e-01 -2.331086307134589697e-01 -2.191943518075126496e-01 -1.847377060071652144e-01 -1.827596057419576536e-01 -1.614331074587859460e-01 -1.475759831826895796e-01 -1.344319389389619646e-01 -1.059870828137687709e-01 -9.670258207081670887e-02 -8.365468544213926216e-02 -7.348995888206005800e-02 -7.191678904302717390e-02 -5.184854241670273922e-02 -4.279310192328612816e-02 -2.971551983483356613e-02 -2.018942494133567356e-02 -1.290054155709204411e-02 -3.264736209179647849e-03 3.264736209179626598e-03 1.290054155709169890e-02 2.018942494133536825e-02 2.971551983483349674e-02 4.279310192328625306e-02 5.184854241670271147e-02 7.191678904302739594e-02 7.348995888205978044e-02 8.365468544213983115e-02 9.670258207081637580e-02 1.059870828137691734e-01 1.344319389389612152e-01 1.475759831826889967e-01 1.614331074587854742e-01 1.827596057419582365e-01 1.847377060071655197e-01 2.191943518075143427e-01 2.331086307134620228e-01 2.417897762685317919e-01 2.646727874476593745e-01 2.745858525276357320e-01 2.891500165167281700e-01 2.947106468970882576e-01 3.114706093055705782e-01 3.183859883139621982e-01 3.440887494136949387e-01 3.503810143957948875e-01 3.519215429341505663e-01 3.694929622018893189e-01 3.744145857241537589e-01 3.938799659464425340e-01 3.991970007398422671e-01 4.142519386284392313e-01 4.523946380701084902e-01 4.627866239825897954e-01 5.086203864461287250e-01 5.247924008650788341e-01 5.285130769218258084e-01 5.461712394587232566e-01 5.681744369779568871e-01 5.727223263644573015e-01 5.879830349234851372e-01 6.023783589752956802e-01 6.046649542029259861e-01 6.129770076976230886e-01 6.436097401124789563e-01 6.488736053592520925e-01 6.976712548797832092e-01 7.045587457659423514e-01 7.128477077697543685e-01
-7.082800375434792350e-01 -7.032768185678787143e-01 -6.969539397004482773e-01 -6.445235414770342786e-01 -6.425538867198078430e-01 -6.106346601332316437e-01 -6.006323197710313755e-01 -5.980443658878697999e-01 -5.852764380402696309e-01 -5.711498879200044287e-01 -5.672644991257904667e-01 -5.455741982245146948e-01 -5.247255148511895673e-01 -5.209824485685424778e-01 -5.045595521268253503e-01 -4.579061060808426453e-01 -4.482702192015927123e-01 -4.113174424405753871e-01 -3.948849271868345445e-01 -3.919466185026681537e-01 -3.721197051881988682e-01 -3.693351099229629231e-01 -3.507301303452616259e-01 -3.488229934429736834e-01 -3.419924514035612151e-01 -3.160762802974242947e-01 -3.076346573523976446e-01 -2.923379998967031157e-01 -2.856423067291788964e-01 -2.743290205004592086e-01 -2.647103630946763819e-01 -2.401199561012468120e-01 -2.332029613819180391e-01 -2.202417554949539225e-01 -1.825841479936624878e-01 -1.814198246553237748e-01 -1.581053547384804192e-01 -1.478293521752254147e-01 -1.325039903526510632e-01 -1.065842981559161351e-01 -9.603436772205753424e-02 -8.453800784394131795e-02 -7.266615321212108181e-02 -7.113943314366319437e-02 -5.117722434616451405e-02 -4.274880330140404250e-02 -2.914858498813453769e-02 -1.991960615389554851e-02 -1.279549601098241458e-02 -3.217241712232957532e-03 3.217241712233019982e-03 1.279549601098252561e-02 1.991960615389557279e-02 2.914858498813450646e-02 4.274880330140436863e-02 5.117722434616481936e-02 7.113943314366305559e-02 7.266615321212202550e-02 8.453800784394070733e-02 9.603436772205681260e-02 1.065842981559160518e-01 1.325039903526481488e-01 1.478293521752257200e-01 1.581053547384805025e-01 1.814198246553237748e-01 1.825841479936617107e-01 2.202417554949551992e-01 2.332029613819158187e-01 2.401199561012463957e-01 2.647103630946724961e-01 2.743290205004562110e-01 2.856423067291801732e-01 2.923379998967043369e-01 3.076346573523961458e-01 3.160762802974258490e-01 3.419924514035619367e-01 3.488229934429781243e-01 3.507301303452590724e-01 3.693351099229658097e-01 3.721197051881988127e-01 3.919466185026688199e-01 3.948849271868347111e-01 4.113174424405777740e-01 4.482702192015897147e-01 4.579061060808494177e-01 5.045595521268270156e-01 5.209824485685451423e-01 5.247255148511852374e-01 5.455741982245119193e-01 5.672644991257964620e-01 5.711498879200093137e-01 5.852764380402718514e-01 5.980443658878662472e-01 6.006323197710285999e-01 6.106346601332335311e-01 6.425538867198059556e-01 6.445235414770376092e-01 6.969539397004487213e-01 7.032768185678796025e-01 7.082800375434779028e-01
-7.034625481145265757e-01 -7.017997039864469766e-01 -6.961817581787196341e-01 -6.415806715278270511e-01 -6.401299654130857553e-01 -6.085861586417772306e-01 -5.967872987556923636e-01 -5.937468300263453180e-01 -5.820999923718264135e-01 -5.696984373488372944e-01 -5.660562291500529364e-01 -5.448218104285076357e-01 -5.208169753218284681e-01 -5.170189948416318293e-01 -5.003601809344048190e-01 -4.530350232360464968e-01 -4.440993982454853328e-01 -4.085442773871919564e-01 -3.917820319869773638e-01 -3.888499358470025036e-01 -3.706139043760802720e-01 -3.685417391775009932e-01 -3.506156544072676629e-01 -3.464067863088762245e-01 -3.392110692201734112e-01 -3.138617970034996985e-01 -3.038018994306735387e-01 -2.900296848422656004e-01 -2.823275669656692966e-01 -2.737864744258147187e-01 -2.645293720442498664e-01 -2.386382682599351712e-01 -2.331403207522390053e-01 -2.212861302723736767e-01 -1.804277240496483803e-01 -1.801586967792568328e-01 -1.547958271194580238e-01 -1.481061619444312416e-01 -1.305611951289013528e-01 -1.073074649504764805e-01 -9.533938523927423803e-02 -8.543662550519075249e-02 -7.253099922328373750e-02 -6.970581708639982110e-02 -5.061079595420543698e-02 -4.277975573993723218e-02 -2.844414566963444219e-02 -1.963372311849741897e-02 -1.268831682867058337e-02 -3.217045251432130298e-03 3.217045251432194049e-03 1.268831682867066490e-02 1.963372311849730448e-02 2.844414566963425137e-02 4.277975573993725300e-02 5.061079595420566596e-02 6.970581708639995988e-02 7.253099922328457017e-02 8.543662550519122434e-02 9.533938523927452946e-02 1.073074649504760086e-01 1.305611951289016581e-01 1.481061619444298816e-01 1.547958271194561364e-01 1.801586967792571381e-01 1.804277240496492962e-01 2.212861302723731771e-01 2.331403207522396159e-01 2.386382682599361149e-01 2.645293720442465912e-01 2.737864744258184935e-01 2.823275669656718501e-01 2.900296848422655449e-01 3.038018994306695419e-01 3.138617970035053051e-01 3.392110692201687483e-01 3.464067863088747257e-01 3.506156544072679959e-01 3.685417391775006601e-01 3.706139043760794949e-01 3.888499358470016709e-01 3.917820319869781409e-01 4.085442773871943989e-01 4.440993982454911060e-01 4.530350232360510487e-01 5.003601809344013773e-01 5.170189948416322734e-01 5.208169753218250264e-01 5.448218104285049712e-01 5.660562291500506049e-01 5.696984373488369613e-01 5.820999923718300773e-01 5.937468300263410992e-01 5.967872987556926967e-01 6.085861586417746771e-01 6.401299654130813144e-01 6.415806715278291605e-01 6.961817581787241860e-01 7.017997039864519726e-01 7.034625481145275749e-01
-7.000557166454782765e-01 -6.984323804955319126e-01 -6.953423580117994440e-01 -6.406346447668036515e-01 -6.357270721717730444e-01 -6.067875173648756837e-01 -5.932196336354579325e-01 -5.894700920379924991e-01 -5.785905817087815262e-01 -5.682885038792184762e-01 -5.644650652798381962e-01 -5.438715924186455775e-01 -5.168129838437395263e-01 -5.129071980305179856e-01 -4.960448642208127867e-01 -4.481799183142235465e-01 -4.398850360494460099e-01 -4.059598686296315706e-01 -3.898921959083498368e-01 -3.845423764129658473e-01 -3.702243628013276999e-01 -3.668267854679682638e-01 -3.503903690612168442e-01 -3.441028121164847464e-01 -3.359070532193592085e-01 -3.117726071146984523e-01 -2.999996743770452223e-01 -2.877788420847430806e-01 -2.793743557695172464e-01 -2.728470855458515754e-01 -2.640404149079019214e-01 -2.374845703397531205e-01 -2.327808080575100580e-01 -2.223041763279775818e-01 -1.789954344088176830e-01 -1.782641766589144749e-01 -1.515321613212337881e-01 -1.483760152648035124e-01 -1.286142175086246731e-01 -1.080885450869439462e-01 -9.468409279359030206e-02 -8.632546397900534019e-02 -7.257798126416049878e-02 -6.813072690116991903e-02 -5.017061753688824288e-02 -4.284598509508812797e-02 -2.762419331497587352e-02 -1.933625719494162093e-02 -1.258203783025309795e-02 -3.260832526757332598e-03 3.260832526757530356e-03 1.258203783025324887e-02 1.933625719494187767e-02 2.762419331497560984e-02 4.284598509508767000e-02 5.017061753688813186e-02 6.813072690116984964e-02 7.257798126416027673e-02 8.632546397900538182e-02 9.468409279358985797e-02 1.080885450869437797e-01 1.286142175086253947e-01 1.483760152648038733e-01 1.515321613212346208e-01 1.782641766589155574e-01 1.789954344088192650e-01 2.223041763279798300e-01 2.327808080575065053e-01 2.374845703397546748e-01 2.640404149079003671e-01 2.728470855458519084e-01 2.793743557695164137e-01 2.877788420847464668e-01 2.999996743770463881e-01 3.117726071146971201e-01 3.359070532193619285e-01 3.441028121164864673e-01 3.503903690612212851e-01 3.668267854679685969e-01 3.702243628013273113e-01 3.845423764129583533e-01 3.898921959083486155e-01 4.059598686296368442e-01 4.398850360494488410e-01 4.481799183142259335e-01 4.960448642208221126e-01 5.129071980305213163e-01 5.168129838437416357e-01 5.438715924186561246e-01 5.644650652798423041e-01 5.682885038792192534e-01 5.785905817087838576e-01 5.894700920379901676e-01 5.932196336354559341e-01 6.067875173648780152e-01 6.357270721717707129e-01 6.406346447668090915e-01 6.953423580117978897e-01 6.984323804955302473e-01 7.000557166454810520e-01
-6.979455148594710945e-01 -6.944765694964621927e-01 -6.931671098230068884e-01 -6.397036389172477966e-01 -6.313170897457663910e-01 -6.051745936662629166e-01 -5.899339204633101685e-01 -5.852895207611860107e-01 -5.749583497859247494e-01 -5.667722205174229311e-01 -5.624140915166691013e-01 -5.426794203569639263e-01 -5.127328492752524225e-01 -5.086540382094493218e-01 -4.916317417587819927e-01 -4.433492228468890461e-01 -4.356297552683425223e-01 -4.035855464666405767e-01 -3.882211976228649997e-01 -3.800011395622175936e-01 -3.701081320109981254e-01 -3.650544941386177356e-01 -3.499599742543681447e-01 -3.417425185045113722e-01 -3.322906027422276032e-01 -3.098376926241843132e-01 -2.962589602171261105e-01 -2.855641061382459545e-01 -2.770348203273310661e-01 -2.713474296290398491e-01 -2.631328527763828196e-01 -2.367801840093434196e-01 -2.320123467476994938e-01 -2.232625364113678679e-01 -1.779053360548609186e-01 -1.761310255154920068e-01 -1.490358246480286974e-01 -1.479165748432045568e-01 -1.266759117180126237e-01 -1.088780267339914259e-01 -9.412232779444283659e-02 -8.716923190179692860e-02 -7.269352893751565570e-02 -6.653647662381279027e-02 -4.987484942820294420e-02 -4.290955069939923761e-02 -2.670991963592622698e-02 -1.903337999991750948e-02 -1.247916461247528842e-02 -3.341924591318614756e-03 3.341924591318668532e-03 1.247916461247547924e-02 1.903337999991746438e-02 2.670991963592632412e-02 4.290955069939881433e-02 4.987484942820271522e-02 6.653647662381216576e-02 7.269352893751548916e-02 8.716923190179806658e-02 9.412232779444110187e-02 1.088780267339904961e-01 1.266759117180129568e-01 1.479165748432033911e-01 1.490358246480289472e-01 1.761310255154916737e-01 1.779053360548608076e-01 2.232625364113719202e-01 2.320123467476981616e-01 2.367801840093464727e-01 2.631328527763798220e-01 2.713474296290396270e-01 2.770348203273286791e-01 2.855641061382479529e-01 2.962589602171274428e-01 3.098376926241851459e-01 3.322906027422292685e-01 3.417425185045158686e-01 3.499599742543674785e-01 3.650544941386213438e-01 3.701081320109997352e-01 3.800011395622142629e-01 3.882211976228651662e-01 4.035855464666421311e-01 4.356297552683411345e-01 4.433492228468877694e-01 4.916317417587855454e-01 5.086540382094508761e-01 5.127328492752565303e-01 5.426794203569661468e-01 5.624140915166654375e-01 5.667722205174193784e-01 5.749583497859267478e-01 5.852895207611862327e-01 5.899339204633123890e-01 6.051745936662615843e-01 6.313170897457611730e-01 6.397036389172553461e-01 6.931671098230074435e-01 6.944765694964621927e-01 6.979455148594700953e-01
-6.953695013178329276e-01 -6.933979892324002581e-01 -6.878041717938738753e-01 -6.387647560317263329e-01 -6.269242223028381744e-01 -6.036747726667601732e-01 -5.869020751844538086e-01 -5.813481023999834685e-01 -5.714728674530672459e-01 -5.649093949174797125e-01 -5.598318971639214547e-01 -5.411969175771887963e-01 -5.085895774543175429e-01 -5.042694067911693834e-01 -4.871353982045189546e-01 -4.385538258937395351e-01 -4.313360972818744976e-01 -4.014296845243094936e-01 -3.865452592001059062e-01 -3.755245055689372391e-01 -3.698978211414336026e-01 -3.635179492660217671e-01 -3.492685174924997082e-01 -3.392092184803415233e-01 -3.285005162358884401e-01 -3.080796486196416550e-01 -2.926175268940304219e-01 -2.833583584045086257e-01 -2.754007390008663680e-01 -2.692822359781859576e-01 -2.617036118031193515e-01 -2.364560409237809746e-01 -2.309396912022336212e-01 -2.240984286147754967e-01 -1.768984460058990182e-01 -1.740298736924130174e-01 -1.491509820232831129e-01 -1.448842724100354029e-01 -1.247644655523816870e-01 -1.096338090843934493e-01 -9.371039998623263700e-02 -8.791517097831771932e-02 -7.285347041716196126e-02 -6.495797716568740832e-02 -4.973119386737884923e-02 -4.294236661771024671e-02 -2.571995900946481492e-02 -1.873336048504937665e-02 -1.238152143643117715e-02 -3.449979626497805610e-03 3.449979626498015511e-03 1.238152143643126216e-02 1.873336048504951890e-02 2.571995900946481145e-02 4.294236661771032304e-02 4.973119386737874514e-02 6.495797716568690872e-02 7.285347041716154493e-02 8.791517097831819116e-02 9.371039998623206801e-02 1.096338090843927415e-01 1.247644655523807433e-01 1.448842724100372348e-01 1.491509820232836681e-01 1.740298736924125456e-01 1.768984460058974362e-01 2.240984286147768290e-01 2.309396912022363413e-01 2.364560409237844996e-01 2.617036118031198511e-01 2.692822359781856800e-01 2.754007390008649803e-01 2.833583584045087367e-01 2.926175268940313101e-01 3.080796486196437645e-01 3.285005162358927699e-01 3.392092184803423005e-01 3.492685174924985980e-01 3.635179492660154943e-01 3.698978211414324924e-01 3.755245055689340750e-01 3.865452592001010768e-01 4.014296845243106038e-01 4.313360972818768846e-01 4.385538258937403122e-01 4.871353982045206199e-01 5.042694067911759337e-01 5.085895774543219838e-01 5.411969175771901286e-01 5.598318971639197894e-01 5.649093949174727181e-01 5.714728674530658026e-01 5.813481023999802488e-01 5.869020751844507000e-01 6.036747726667598402e-01 6.269242223028373973e-01 6.387647560317314399e-01 6.878041717938777611e-01 6.933979892323988148e-01 6.953695013178299300e-01
-6.923811520882733328e-01 -6.903661252639061718e-01 -6.822758290940896808e-01 -6.378012958771106522e-01 -6.225792982828972644e-01 -6.022136123376566896e-01 -5.841046681174433264e-01 -5.777970068574519447e-01 -5.684449692582738134e-01 -5.623582695870296133e-01 -5.566889580528239234e-01 -5.393711126378215592e-01 -5.043906011974178538e-01 -4.997658532612015425e-01 -4.825676568657911170e-01 -4.338077334621263659e-01 -4.270069138895830618e-01 -3.994818075245561428e-01 -3.848212667251574848e-01 -3.718951953992753467e-01 -3.687934202182032717e-01 -3.622654458877145323e-01 -3.482747896688445088e-01 -3.364665477663565940e-01 -3.246125429544622909e-01 -3.065086710900539746e-01 -2.891208527185901711e-01 -2.811611435419311134e-01 -2.741877851404849187e-01 -2.669332689273548609e-01 -2.597189780969006989e-01 -2.363226519749264121e-01 -2.298641684382848327e-01 -2.246669944482467818e-01 -1.759717133204599382e-01 -1.719750802950916480e-01 -1.494490811397103935e-01 -1.417097379373950528e-01 -1.229085543025410093e-01 -1.103107733437902888e-01 -9.351488765416193782e-02 -8.849025084828775201e-02 -7.304774272988930062e-02 -6.342012710823109745e-02 -4.972860566363390689e-02 -4.293260269688654179e-02 -2.467012179798698177e-02 -1.844691527429147965e-02 -1.229027955579457473e-02 -3.570873558434117107e-03 3.570873558434401601e-03 1.229027955579435616e-02 1.844691527429124026e-02 2.467012179798682911e-02 4.293260269688644465e-02 4.972860566363390689e-02 6.342012710822993171e-02 7.304774272988884265e-02 8.849025084828772425e-02 9.351488765415977289e-02 1.103107733437905663e-01 1.229085543025416338e-01 1.417097379373963850e-01 1.494490811397092833e-01 1.719750802950912871e-01 1.759717133204585227e-01 2.246669944482465042e-01 2.298641684382859152e-01 2.363226519749275778e-01 2.597189780968975903e-01 2.669332689273578030e-01 2.741877851404845301e-01 2.811611435419322791e-01 2.891208527185906707e-01 3.065086710900535860e-01 3.246125429544630681e-01 3.364665477663604798e-01 3.482747896688458966e-01 3.622654458877113681e-01 3.687934202182035492e-01 3.718951953992740700e-01 3.848212667251550423e-01 3.994818075245542000e-01 4.270069138895787320e-01 4.338077334621268100e-01 4.825676568657927823e-01 4.997658532612048732e-01 5.043906011974180759e-01 5.393711126378221143e-01 5.566889580528242565e-01 5.623582695870313897e-01 5.684449692582754787e-01 5.777970068574522777e-01 5.841046681174497657e-01 6.022136123376512495e-01 6.225792982828950439e-01 6.378012958771057672e-01 6.822758290940841297e-01 6.903661252639077262e-01 6.923811520882734438e-01
-6.888648071855114630e-01 -6.841985853019487696e-01 -6.766156380794204894e-01 -6.367995733172964190e-01 -6.183267139482292452e-01 -6.007144062253325645e-01 -5.815312184084028280e-01 -5.747273397860310773e-01 -5.659990268149514003e-01 -5.589157905438518759e-01 -5.530462608987457562e-01 -5.371468606930934753e-01 -5.001393091134923585e-01 -4.951574402575121270e-01 -4.779382339080647246e-01 -4.291287686200529472e-01 -4.226462299006655821e-01 -3.977107111710536658e-01 -3.830514098774693288e-01 -3.707670174889430847e-01 -3.651412429662005965e-01 -3.612659907118516700e-01 -3.469576604422956456e-01 -3.335293303520582286e-01 -3.206685582454011363e-01 -3.051172841402824409e-01 -2.858200729623354142e-01 -2.790641829022736942e-01 -2.729696019267007778e-01 -2.645279277404002927e-01 -2.572669170335484812e-01 -2.362302937001219127e-01 -2.291946280953517934e-01 -2.246657895831713214e-01 -1.751219448015349789e-01 -1.699815897772408990e-01 -1.497495494914523606e-01 -1.385774365809382402e-01 -1.211570125324775427e-01 -1.108480196121715833e-01 -9.359096587452565841e-02 -8.882539461830482597e-02 -7.326907404925459000e-02 -6.195270044466365256e-02 -4.983191503952160567e-02 -4.288579137946104541e-02 -2.357388385664655611e-02 -1.818735186923774172e-02 -1.220616306445725108e-02 -3.686867787427311645e-03 3.686867787427361084e-03 1.220616306445725108e-02 1.818735186923765498e-02 2.357388385664652836e-02 4.288579137946103848e-02 4.983191503952096729e-02 6.195270044466287540e-02 7.326907404925486755e-02 8.882539461830511740e-02 9.359096587452409022e-02 1.108480196121721661e-01 1.211570125324791247e-01 1.385774365809396003e-01 1.497495494914525549e-01 1.699815897772415929e-01 1.751219448015337021e-01 2.246657895831723484e-01 2.291946280953496562e-01 2.362302937001218017e-01 2.572669170335474265e-01 2.645279277404003482e-01 2.729696019267018881e-01 2.790641829022744713e-01 2.858200729623355252e-01 3.051172841402809977e-01 3.206685582454057437e-01 3.335293303520586727e-01 3.469576604422978661e-01 3.612659907118503932e-01 3.651412429662043713e-01 3.707670174889428072e-01 3.830514098774671639e-01 3.977107111710580511e-01 4.226462299006660817e-01 4.291287686200534468e-01 4.779382339080671671e-01 4.951574402575075196e-01 5.001393091134880287e-01 5.371468606930942524e-01 5.530462608987498641e-01 5.589157905438575380e-01 5.659990268149522885e-01 5.747273397860344080e-01 5.815312184084048264e-01 6.007144062253281236e-01 6.183267139482301333e-01 6.367995733172964190e-01 6.766156380794259295e-01 6.841985853019454389e-01 6.888648071855140165e-01
-6.849581389491007366e-01 -6.777989659542660306e-01 -6.708368588808562016e-01 -6.357478659427959755e-01 -6.142315101565847257e-01 -5.990922265569472716e-01 -5.791664346348136538e-01 -5.721265321410818894e-01 -5.639080761363653993e-01 -5.547507539642969610e-01 -5.490370251514744560e-01 -5.344731864478899919e-01 -4.958367035142485224e-01 -4.904584739563505047e-01 -4.732552599094544954e-01 -4.245392520793833668e-01 -4.182609354345788177e-01 -3.960672087351197468e-01 -3.812562062893191106e-01 -3.704406221504656926e-01 -3.610096834427832801e-01 -3.600862581969021536e-01 -3.453166738134436642e-01 -3.304405800206440813e-01 -3.166939939381445690e-01 -3.038773766871238902e-01 -2.827768821385978626e-01 -2.772758582380150383e-01 -2.713044484286045166e-01 -2.621188046413058803e-01 -2.545291918118542385e-01 -2.360796829191525448e-01 -2.291841979586158873e-01 -2.238806561237567383e-01 -1.743452848676383116e-01 -1.680662321846913276e-01 -1.500308933929659638e-01 -1.355152307765228603e-01 -1.195952838731095536e-01 -1.111506399343123314e-01 -9.392548522508215036e-02 -8.891328613769261535e-02 -7.351028797265846126e-02 -6.059907522251919976e-02 -4.998018083213360413e-02 -4.281945825861888794e-02 -2.244313835972936572e-02 -1.797027201068066363e-02 -1.212977470928709375e-02 -3.777233133407944914e-03 3.777233133407880295e-03 1.212977470928715794e-02 1.797027201068052832e-02 2.244313835972945592e-02 4.281945825861864507e-02 4.998018083213335433e-02 6.059907522251945650e-02 7.351028797265828085e-02 8.891328613769169942e-02 9.392548522508138709e-02 1.111506399343136497e-01 1.195952838731104001e-01 1.355152307765253028e-01 1.500308933929658251e-01 1.680662321846917162e-01 1.743452848676389777e-01 2.238806561237599857e-01 2.291841979586158873e-01 2.360796829191506296e-01 2.545291918118530727e-01 2.621188046413009953e-01 2.713044484286051827e-01 2.772758582380142611e-01 2.827768821385935882e-01 3.038773766871257775e-01 3.166939939381421265e-01 3.304405800206433597e-01 3.453166738134467728e-01 3.600862581969025422e-01 3.610096834427857782e-01 3.704406221504665808e-01 3.812562062893189441e-01 3.960672087351218562e-01 4.182609354345799280e-01 4.245392520793814239e-01 4.732552599094567714e-01 4.904584739563473961e-01 4.958367035142529633e-01 5.344731864478899919e-01 5.490370251514758992e-01 5.547507539642992924e-01 5.639080761363655103e-01 5.721265321410798910e-01 5.791664346348152081e-01 5.990922265569472716e-01 6.142315101565826163e-01 6.357478659428010825e-01 6.708368588808555355e-01 6.777989659542722478e-01 6.849581389491041783e-01
-6.807368674772062977e-01 -6.713332610361565367e-01 -6.649494250473557688e-01 -6.346356204396687017e-01 -6.103854518203772894e-01 -5.972474085164102275e-01 -5.769804428928012596e-01 -5.699032440020300738e-01 -5.619189494475529401e-01 -5.501231009345463052e-01 -5.447965071369436085e-01 -5.313142017531414796e-01 -4.914826778610463798e-01 -4.856826219427978764e-01 -4.685256911067914865e-01 -4.200666864362195274e-01 -4.138637459293444398e-01 -3.944886257838005617e-01 -3.794606947783213946e-01 -3.701708003384344137e-01 -3.600188426510901318e-01 -3.557726415548977394e-01 -3.433655278352433227e-01 -3.272587813997570039e-01 -3.127066244404763662e-01 -3.027397275033473223e-01 -2.801196456773686894e-01 -2.758291582855213475e-01 -2.689393761683444017e-01 -2.596952447537723141e-01 -2.517082825097583521e-01 -2.357936304893517576e-01 -2.295718643310899199e-01 -2.225631327349704147e-01 -1.736372333745853924e-01 -1.662484783585222725e-01 -1.502780962957025457e-01 -1.325480671548583955e-01 -1.183568091391376670e-01 -1.110773196643005251e-01 -9.442403938987416201e-02 -8.882095348765509102e-02 -7.376340966242693475e-02 -5.942548223949706970e-02 -5.008532861177519835e-02 -4.275519398276374922e-02 -2.128903981332190207e-02 -1.781252870137573288e-02 -1.206191590407901075e-02 -3.819553366268498007e-03 3.819553366268513186e-03 1.206191590407935249e-02 1.781252870137559757e-02 2.128903981332211717e-02 4.275519398276311778e-02 5.008532861177501100e-02 5.942548223949731950e-02 7.376340966242740660e-02 8.882095348765506326e-02 9.442403938987342649e-02 1.110773196643019545e-01 1.183568091391379307e-01 1.325480671548584788e-01 1.502780962957044053e-01 1.662484783585214676e-01 1.736372333745842544e-01 2.225631327349735233e-01 2.295718643310953877e-01 2.357936304893500368e-01 2.517082825097593513e-01 2.596952447537707598e-01 2.689393761683472328e-01 2.758291582855157964e-01 2.801196456773644150e-01 3.027397275033474333e-01 3.127066244404777540e-01 3.272587813997581141e-01 3.433655278352417128e-01 3.557726415548971843e-01 3.600188426510878559e-01 3.701708003384337475e-01 3.794606947783205619e-01 3.944886257838010057e-01 4.138637459293465493e-01 4.200666864362176955e-01 4.685256911067994801e-01 4.856826219427972657e-01 4.914826778610421054e-01 5.313142017531394812e-01 5.447965071369421652e-01 5.501231009345481926e-01 5.619189494475534952e-01 5.699032440020337376e-01 5.769804428928021478e-01 5.972474085164140023e-01 6.103854518203759572e-01 6.346356204396738088e-01 6.649494250473536594e-01 6.713332610361575359e-01 6.807368674772102946e-01
-6.762574988575194013e-01 -6.648222746414514939e-01 -6.589612253200457515e-01 -6.334526684061935198e-01 -6.068994754885997933e-01 -5.950723862075220083e-01 -5.749281512133000982e-01 -5.679445830396079309e-01 -5.599034684562271824e-01 -5.452158009947665196e-01 -5.404097542683250488e-01 -5.276621512706232142e-01 -4.870767938100005745e-01 -4.808425248716780009e-01 -4.637556351390811349e-01 -4.157446811322305646e-01 -4.094778093810146902e-01 -3.929011400385036268e-01 -3.776856985005896394e-01 -3.698404351251543543e-01 -3.594894121529648157e-01 -3.510407418008810176e-01 -3.411244748751443012e-01 -3.240536678423618921e-01 -3.087215727886684080e-01 -3.016342894892090620e-01 -2.781689874392830331e-01 -2.742284129695465311e-01 -2.660069483535671964e-01 -2.572525959724356048e-01 -2.489922143132779764e-01 -2.353196730325609887e-01 -2.299987993769621875e-01 -2.210032157964422761e-01 -1.729927092196519023e-01 -1.645510286631279295e-01 -1.504753440581603208e-01 -1.297069392411458466e-01 -1.175681719685213039e-01 -1.104946684986651551e-01 -9.496870404470114657e-02 -8.863064190026133382e-02 -7.401930659989257311e-02 -5.852505858532744409e-02 -5.003364528326491312e-02 -4.271272552848177223e-02 -2.012324928848283068e-02 -1.772994616257014475e-02 -1.200370709496696373e-02 -3.791880088053735387e-03 3.791880088054026387e-03 1.200370709496725863e-02 1.772994616256989842e-02 2.012324928848254965e-02 4.271272552848171672e-02 5.003364528326512128e-02 5.852505858532736083e-02 7.401930659989386374e-02 8.863064190026120892e-02 9.496870404470160454e-02 1.104946684986645167e-01 1.175681719685213317e-01 1.297069392411457633e-01 1.504753440581601820e-01 1.645510286631295949e-01 1.729927092196527072e-01 2.210032157964381960e-01 2.299987993769610495e-01 2.353196730325613495e-01 2.489922143132794474e-01 2.572525959724374922e-01 2.660069483535670298e-01 2.742284129695453654e-01 2.781689874392830331e-01 3.016342894892101723e-01 3.087215727886662986e-01 3.240536678423612260e-01 3.411244748751440237e-01 3.510407418008807956e-01 3.594894121529669251e-01 3.698404351251546873e-01 3.776856985005910272e-01 3.929011400385091779e-01 4.094778093810154118e-01 4.157446811322301761e-01 4.637556351390821341e-01 4.808425248716786116e-01 4.870767938099941352e-01 5.276621512706208827e-01 5.404097542683183875e-01 5.452158009947605244e-01 5.599034684562244069e-01 5.679445830396070427e-01 5.749281512133020966e-01 5.950723862075204540e-01 6.068994754885954634e-01 6.334526684061925206e-01 6.589612253200434200e-01 6.648222746414468309e-01 6.762574988575176249e-01
-6.715614431547272112e-01 -6.582754149359222318e-01 -6.528786417420255894e-01 -6.321881522499362971e-01 -6.038601464874652214e-01 -5.924945146630853365e-01 -5.729555817446334576e-01 -5.661506537284868301e-01 -5.578040192964839328e-01 -5.401578105898281468e-01 -5.358949628554010580e-01 -5.235450479962464598e-01 -4.826186696359011097e-01 -4.759497814927912129e-01 -4.589506136019759763e-01 -4.116144592713300576e-01 -4.051430119135063790e-01 -3.912181305985011903e-01 -3.759440533583899291e-01 -3.693978983620543333e-01 -3.590192909336187288e-01 -3.462644556739175039e-01 -3.386159569222705334e-01 -3.209077171065389256e-01 -3.047563248376279343e-01 -3.004681996894364437e-01 -2.771137698822333517e-01 -2.720244339671067380e-01 -2.627599342998255261e-01 -2.548036330729335774e-01 -2.465424502010972740e-01 -2.347119483291346675e-01 -2.301352181676212250e-01 -2.193296266775272563e-01 -1.724061140921845925e-01 -1.629999256392059281e-01 -1.506047412090117388e-01 -1.270326852830458708e-01 -1.172095100041433552e-01 -1.094166453741368672e-01 -9.545537691815209058e-02 -8.840028143307866737e-02 -7.426755592076136891e-02 -5.799469564608188132e-02 -4.971121925609141984e-02 -4.270727412152226787e-02 -1.896300438266467631e-02 -1.773061586110519922e-02 -1.195629584692773500e-02 -3.675623928611558133e-03 3.675623928611660048e-03 1.195629584692760143e-02 1.773061586110544902e-02 1.896300438266458610e-02 4.270727412152221236e-02 4.971121925609193332e-02 5.799469564608206174e-02 7.426755592075964807e-02 8.840028143307913922e-02 9.545537691815270120e-02 1.094166453741378248e-01 1.172095100041430776e-01 1.270326852830450659e-01 1.506047412090115722e-01 1.629999256392047624e-01 1.724061140921825941e-01 2.193296266775283665e-01 2.301352181676213082e-01 2.347119483291335018e-01 2.465424502010981345e-01 2.548036330729364640e-01 2.627599342998276910e-01 2.720244339671065714e-01 2.771137698822291329e-01 3.004681996894374429e-01 3.047563248376242151e-01 3.209077171065376488e-01 3.386159569222731980e-01 3.462644556739199464e-01 3.590192909336193949e-01 3.693978983620535006e-01 3.759440533583919275e-01 3.912181305984990809e-01 4.051430119135063790e-01 4.116144592713308348e-01 4.589506136019761984e-01 4.759497814927896031e-01 4.826186696359040518e-01 5.235450479962506787e-01 5.358949628554035005e-01 5.401578105898319215e-01 5.578040192964844879e-01 5.661506537284861640e-01 5.729555817446289057e-01 5.924945146630854476e-01 6.038601464874674418e-01 6.321881522499411821e-01 6.528786417420244792e-01 6.582754149359213436e-01 6.715614431547247687e-01
-6.666782342622377122e-01 -6.517027662675888289e-01 -6.467069127155934405e-01 -6.308284358696710781e-01 -6.012636642941784348e-01 -5.895408547684480860e-01 -5.710083277864256290e-01 -5.644427796501080286e-01 -5.555836738066777247e-01 -5.350553471029282360e-01 -5.312117253691120977e-01 -5.190212033125214397e-01 -4.781081365939360284e-01 -4.710151496912781122e-01 -4.541157799677307816e-01 -4.077265085222435137e-01 -4.009226811475785635e-01 -3.893370216328994604e-01 -3.742406272485810370e-01 -3.687944931435677143e-01 -3.585522283883599282e-01 -3.414657473973224389e-01 -3.358630458176240507e-01 -3.179189289513836281e-01 -3.008520485648709664e-01 -2.991074577432178416e-01 -2.765764813528935884e-01 -2.694222527667766709e-01 -2.593950332563394467e-01 -2.523718920769703056e-01 -2.444461549846152215e-01 -2.342765648588744642e-01 -2.295051472899864997e-01 -2.175917121419577438e-01 -1.718713852721475699e-01 -1.616233909660687029e-01 -1.506469600687545540e-01 -1.245787235495736112e-01 -1.171134497620374970e-01 -1.080057538478599727e-01 -9.579169393358333284e-02 -8.816336849111593155e-02 -7.449647157854455415e-02 -5.787377253242471237e-02 -4.906537981733091053e-02 -4.274914862244598435e-02 -1.800658628555860258e-02 -1.763796218736420410e-02 -1.191999110547550984e-02 -3.458556762542411810e-03 3.458556762542368008e-03 1.191999110547549770e-02 1.763796218736413471e-02 1.800658628555843258e-02 4.274914862244616476e-02 4.906537981733038317e-02 5.787377253242512870e-02 7.449647157854473456e-02 8.816336849111712504e-02 9.579169393358352713e-02 1.080057538478617074e-01 1.171134497620381770e-01 1.245787235495741108e-01 1.506469600687561361e-01 1.616233909660678425e-01 1.718713852721489854e-01 2.175917121419602140e-01 2.295051472899844458e-01 2.342765648588740757e-01 2.444461549846153325e-01 2.523718920769729701e-01 2.593950332563417782e-01 2.694222527667756717e-01 2.765764813528903132e-01 2.991074577432156212e-01 3.008520485648694676e-01 3.179189289513825178e-01 3.358630458176262712e-01 3.414657473973214952e-01 3.585522283883599282e-01 3.687944931435621632e-01 3.742406272485812035e-01 3.893370216328990718e-01 4.009226811475756769e-01 4.077265085222439023e-01 4.541157799677337237e-01 4.710151496912788893e-01 4.781081365939421901e-01 5.190212033125217728e-01 5.312117253691116536e-01 5.350553471029320107e-01 5.555836738066808334e-01 5.644427796501113592e-01 5.710083277864251849e-01 5.895408547684414247e-01 6.012636642941768805e-01 6.308284358696780725e-01 6.467069127155924413e-01 6.517027662675834998e-01 6.666782342622320501e-01
-6.616294405075701102e-01 -6.451225419273056705e-01 -6.404504312811120093e-01 -6.293515946948639028e-01 -5.990080821195854499e-01 -5.863431025243819317e-01 -5.690390074855896652e-01 -5.627610814873278411e-01 -5.532031082332028449e-01 -5.299962098642615471e-01 -5.262936736563667006e-01 -5.141627471275369565e-01 -4.735452812290999458e-01 -4.660488506643974405e-01 -4.492561078879664938e-01 -4.041392844177785215e-01 -3.969039020382381100e-01 -3.871464796915872197e-01 -3.725717735323824109e-01 -3.679708397757689431e-01 -3.580474951546943063e-01 -3.366525047300127360e-01 -3.328887440474431747e-01 -3.151965684624168373e-01 -2.977139356450980712e-01 -2.967472972335316039e-01 -2.762141570700740734e-01 -2.666611962647503775e-01 -2.560831416248989245e-01 -2.499746345582764262e-01 -2.426460245302771157e-01 -2.342683653897937313e-01 -2.278109170589803223e-01 -2.158085542707962046e-01 -1.713820323601711326e-01 -1.604480558811575419e-01 -1.505844626116739637e-01 -1.224111171214035260e-01 -1.171131482390554424e-01 -1.064254040789749528e-01 -9.588770239891100666e-02 -8.793834837001578142e-02 -7.469331500533900325e-02 -5.811043318467317559e-02 -4.813780962645807654e-02 -4.284424554735186130e-02 -1.811462865296581057e-02 -1.660943083439203258e-02 -1.189255994229772295e-02 -3.136909051192025670e-03 3.136909051191910745e-03 1.189255994229775071e-02 1.660943083439215054e-02 1.811462865296591812e-02 4.284424554735126456e-02 4.813780962645840961e-02 5.811043318467284252e-02 7.469331500533835100e-02 8.793834837001685001e-02 9.588770239891233893e-02 1.064254040789751748e-01 1.171131482390549705e-01 1.224111171214026517e-01 1.505844626116747131e-01 1.604480558811559598e-01 1.713820323601681628e-01 2.158085542707951776e-01 2.278109170589870947e-01 2.342683653897924823e-01 2.426460245302811403e-01 2.499746345582759266e-01 2.560831416248979808e-01 2.666611962647484346e-01 2.762141570700714643e-01 2.967472972335316039e-01 2.977139356450983487e-01 3.151965684624151720e-01 3.328887440474395665e-01 3.366525047300096829e-01 3.580474951546972484e-01 3.679708397757674998e-01 3.725717735323831881e-01 3.871464796915918827e-01 3.969039020382379990e-01 4.041392844177804644e-01 4.492561078879691028e-01 4.660488506644021589e-01 4.735452812291046643e-01 5.141627471275403982e-01 5.262936736563695872e-01 5.299962098642611030e-01 5.532031082332039551e-01 5.627610814873301726e-01 5.690390074855892211e-01 5.863431025243843742e-01 5.990080821195834515e-01 6.293515946948718964e-01 6.404504312811155620e-01 6.451225419273070028e-01 6.616294405075689999e-01
-6.564315266268331284e-01 -6.385811294588771281e-01 -6.341130823291014629e-01 -6.277079488477034230e-01 -5.969590474189534479e-01 -5.830658314141541343e-01 -5.670132866760846380e-01 -5.610601438579869704e-01 -5.506137380027419370e-01 -5.250204332295848042e-01 -5.211050916365957963e-01 -5.090390393674095737e-01 -4.689304433555497309e-01 -4.610609150341741791e-01 -4.443765620577213582e-01 -4.009081828085752086e-01 -3.931733682643062666e-01 -3.845713273774519769e-01 -3.709136970446972326e-01 -3.668597640541857441e-01 -3.574669352684795576e-01 -3.318308029933336178e-01 -3.297145377379858133e-01 -3.128386055478412087e-01 -2.956190131571477808e-01 -2.930356229203818219e-01 -2.758561892191718212e-01 -2.638357706742500697e-01 -2.530407205754471867e-01 -2.475769548775860474e-01 -2.409653277958001827e-01 -2.344826156613822044e-01 -2.253071589999163515e-01 -2.139862641076727967e-01 -1.709311542484476254e-01 -1.594915991470751415e-01 -1.504080962417209399e-01 -1.206011533987223633e-01 -1.171042505170808434e-01 -1.047790720733374759e-01 -9.565624838557187926e-02 -8.773503093076101544e-02 -7.484476019982207184e-02 -5.860733112516338522e-02 -4.701833358076080299e-02 -4.299449770518280756e-02 -1.842837695223759759e-02 -1.552180802756820098e-02 -1.186540506584854091e-02 -2.715757811688574927e-03 2.715757811688581432e-03 1.186540506584845764e-02 1.552180802756803965e-02 1.842837695223755942e-02 4.299449770518251612e-02 4.701833358076034503e-02 5.860733112516316318e-02 7.484476019982060080e-02 8.773503093076125137e-02 9.565624838557225396e-02 1.047790720733379893e-01 1.171042505170798720e-01 1.206011533987201428e-01 1.504080962417211342e-01 1.594915991470733374e-01 1.709311542484448221e-01 2.139862641076702710e-01 2.253071589999168789e-01 2.344826156613801504e-01 2.409653277958009043e-01 2.475769548775867968e-01 2.530407205754456323e-01 2.638357706742483488e-01 2.758561892191723763e-01 2.930356229203839868e-01 2.956190131571502788e-01 3.128386055478468153e-01 3.297145377379853692e-01 3.318308029933324521e-01 3.574669352684841650e-01 3.668597640541830240e-01 3.709136970446982873e-01 3.845713273774499230e-01 3.931733682643036021e-01 4.009081828085732657e-01 4.443765620577229125e-01 4.610609150341709039e-01 4.689304433555531726e-01 5.090390393674073533e-01 5.211050916365939090e-01 5.250204332295824727e-01 5.506137380027404937e-01 5.610601438579874145e-01 5.670132866760884127e-01 5.830658314141539122e-01 5.969590474189564455e-01 6.277079488477044222e-01 6.341130823291128982e-01 6.385811294588783493e-01 6.564315266268375693e-01
-6.510977490715288418e-01 -6.322509656883648077e-01 -6.276996540065498120e-01 -6.257214779131308191e-01 -5.950040793644476578e-01 -5.798422760460604231e-01 -5.649144099285076104e-01 -5.593055614048630941e-01 -5.477604270139034837e-01 -5.201026057054598528e-01 -5.156730838078668056e-01 -5.037076383298203508e-01 -4.642642057484342444e-01 -4.560615444895758097e-01 -4.394822617215594640e-01 -3.980606211998942157e-01 -3.897632477023511011e-01 -3.816663304877844221e-01 -3.691895471762025593e-01 -3.654090206214543612e-01 -3.567675719854033756e-01 -3.270199334432980498e-01 -3.263474580781530743e-01 -3.108922071468296910e-01 -2.931486260900879603e-01 -2.893951052207137109e-01 -2.753798901809322852e-01 -2.609860274844401085e-01 -2.505582659849564520e-01 -2.450413754925906962e-01 -2.392999839939033146e-01 -2.345710369897812952e-01 -2.223281398739024306e-01 -2.121239379143475545e-01 -1.705114326760005516e-01 -1.587536715715331392e-01 -1.501251397045491598e-01 -1.192032352024605946e-01 -1.170364627590100431e-01 -1.031233352509709350e-01 -9.502835627819261610e-02 -8.755716113846841175e-02 -7.493770221122748876e-02 -5.927658826026256655e-02 -4.579112035225576388e-02 -4.319674511222755531e-02 -1.884332576478364718e-02 -1.450995631164672672e-02 -1.181242083728833644e-02 -2.207713563658795456e-03 2.207713563658772037e-03 1.181242083728835553e-02 1.450995631164671805e-02 1.884332576478371657e-02 4.319674511222759000e-02 4.579112035225612470e-02 5.927658826026258043e-02 7.493770221122707242e-02 8.755716113846885584e-02 9.502835627819296305e-02 1.031233352509711848e-01 1.170364627590096823e-01 1.192032352024594566e-01 1.501251397045511027e-01 1.587536715715320568e-01 1.705114326759968046e-01 2.121239379143465553e-01 2.223281398739041792e-01 2.345710369897801295e-01 2.392999839939016493e-01 2.450413754925930832e-01 2.505582659849553417e-01 2.609860274844386097e-01 2.753798901809297317e-01 2.893951052207155983e-01 2.931486260900864060e-01 3.108922071468326886e-01 3.263474580781537959e-01 3.270199334432986604e-01 3.567675719854019323e-01 3.654090206214549719e-01 3.691895471762041137e-01 3.816663304877887519e-01 3.897632477023523223e-01 3.980606211998943267e-01 4.394822617215651817e-01 4.560615444895795845e-01 4.642642057484399620e-01 5.037076383298233484e-01 5.156730838078650292e-01 5.201026057054554119e-01 5.477604270139047049e-01 5.593055614048606516e-01 5.649144099285019482e-01 5.798422760460565373e-01 5.950040793644392201e-01 6.257214779131325955e-01 6.276996540065480357e-01 6.322509656883712470e-01 6.510977490715256222e-01
-6.456394242711067655e-01 -6.269942333451145045e-01 -6.225400917322868599e-01 -6.212027481838996446e-01 -5.930631640690684492e-01 -5.767518797805523123e-01 -5.627441056240098938e-01 -5.574719938432353139e-01 -5.445902462669004462e-01 -5.151885455833251637e-01 -5.100557751291234787e-01 -4.982125209662713883e-01 -4.595473931733141115e-01 -4.510614797472997095e-01 -4.345786454236077456e-01 -3.955712602527315935e-01 -3.866317069576344356e-01 -3.786712070780811068e-01 -3.672448246924335802e-01 -3.636029463608946299e-01 -3.558925465497178586e-01 -3.229053082304400024e-01 -3.221286882014715580e-01 -3.093281291536985611e-01 -2.902495247421626456e-01 -2.860149719481130393e-01 -2.746343267720257053e-01 -2.581358421984346618e-01 -2.488158587748759143e-01 -2.422680696605772344e-01 -2.379535014418158734e-01 -2.339648670105495820e-01 -2.190824689957688032e-01 -2.102152019231540714e-01 -1.701150978666513547e-01 -1.582112573041663250e-01 -1.497627108294101450e-01 -1.182180646613899266e-01 -1.169074092862085190e-01 -1.014864306669101962e-01 -9.397885544460343743e-02 -8.740150391479792336e-02 -7.496047511569130239e-02 -6.005543118326785862e-02 -4.453699476215858960e-02 -4.342481858654555910e-02 -1.934213442334203892e-02 -1.366858097925735364e-02 -1.165723651727395074e-02 -1.630671768662526194e-03 1.630671768662459191e-03 1.165723651727406177e-02 1.366858097925729813e-02 1.934213442334179259e-02 4.342481858654580196e-02 4.453699476215836756e-02 6.005543118326776841e-02 7.496047511569225996e-02 8.740150391479682701e-02 9.397885544460249374e-02 1.014864306669108762e-01 1.169074092862095043e-01 1.182180646613919112e-01 1.497627108294093679e-01 1.582112573041672132e-01 1.701150978666520763e-01 2.102152019231551261e-01 2.190824689957692750e-01 2.339648670105509420e-01 2.379535014418117378e-01 2.422680696605801487e-01 2.488158587748753592e-01 2.581358421984387141e-01 2.746343267720255943e-01 2.860149719481145381e-01 2.902495247421699176e-01 3.093281291537034461e-01 3.221286882014748332e-01 3.229053082304410571e-01 3.558925465497155827e-01 3.636029463608977941e-01 3.672448246924350790e-01 3.786712070780753336e-01 3.866317069576351573e-01 3.955712602527357014e-01 4.345786454236092999e-01 4.510614797473012083e-01 4.595473931733154993e-01 4.982125209662667809e-01 5.100557751291222575e-01 5.151885455833217220e-01 5.445902462668996691e-01 5.574719938432350919e-01 5.627441056240066741e-01 5.767518797805563091e-01 5.930631640690665618e-01 6.212027481839020870e-01 6.225400917322884142e-01 6.269942333451138383e-01 6.456394242711093190e-01
-6.400668558900820537e-01 -6.239277809315687540e-01 -6.170308477906685241e-01 -6.146440934236244713e-01 -5.910794715585390158e-01 -5.738210336645107601e-01 -5.605166591193967429e-01 -5.555423059739202918e-01 -5.410639236157812615e-01 -5.102342916196898059e-01 -5.043035757989974277e-01 -4.925859616430170451e-01 -4.547810902998316029e-01 -4.460723692904883797e-01 -4.296716445571095999e-01 -3.933642714952280683e-01 -3.837198597913353826e-01 -3.759136368078914159e-01 -3.649249812968300977e-01 -3.614335126428188660e-01 -3.547593796422539025e-01 -3.192529092199587470e-01 -3.173236500592934162e-01 -3.080543869842063409e-01 -2.869922327993010835e-01 -2.831051977318537749e-01 -2.733933549922578643e-01 -2.553049482153265659e-01 -2.476886213068841269e-01 -2.394974530864057427e-01 -2.372824229494036319e-01 -2.320838745270636105e-01 -2.156965495450749448e-01 -2.082469227989465210e-01 -1.697338599893201960e-01 -1.578235606861057294e-01 -1.493616229292036857e-01 -1.175963574827012248e-01 -1.167320240865138137e-01 -9.988218893498509998e-02 -9.254615197760504564e-02 -8.725109988173802844e-02 -7.490447475130054822e-02 -6.090066142603388355e-02 -4.390807522427042642e-02 -4.306041358333825148e-02 -1.990882738111883488e-02 -1.316306447297561910e-02 -1.124985157825636982e-02 -1.005527350700641254e-03 1.005527350700638001e-03 1.124985157825636288e-02 1.316306447297555318e-02 1.990882738111878977e-02 4.306041358333830005e-02 4.390807522427074561e-02 6.090066142603372396e-02 7.490447475130126986e-02 8.725109988173761211e-02 9.254615197760403256e-02 9.988218893498604367e-02 1.167320240865151459e-01 1.175963574827017799e-01 1.493616229292023811e-01 1.578235606861069229e-01 1.697338599893210564e-01 2.082469227989480198e-01 2.156965495450765269e-01 2.320838745270675796e-01 2.372824229494035764e-01 2.394974530864088513e-01 2.476886213068844045e-01 2.553049482153301186e-01 2.733933549922556439e-01 2.831051977318558843e-01 2.869922327993020827e-01 3.080543869842083393e-01 3.173236500592925835e-01 3.192529092199614671e-01 3.547593796422491841e-01 3.614335126428172562e-01 3.649249812968317075e-01 3.759136368078951351e-01 3.837198597913329401e-01 3.933642714952259034e-01 4.296716445571118204e-01 4.460723692904844939e-01 4.547810902998350446e-01 4.925859616430208199e-01 5.043035757989932089e-01 5.102342916196911382e-01 5.410639236157726017e-01 5.555423059739216241e-01 5.605166591193966319e-01 5.738210336645086507e-01 5.910794715585356851e-01 6.146440934236215847e-01 6.170308477906687461e-01 6.239277809315659784e-01 6.400668558900861616e-01
-6.343901581821818070e-01 -6.216686383834094665e-01 -6.105943449598232320e-01 -6.080174706322142297e-01 -5.890073589191124892e-01 -5.710340174430753590e-01 -5.582469367234039748e-01 -5.535064980038129079e-01 -5.371649087028803615e-01 -5.052142657057838715e-01 -4.984499421110810680e-01 -4.868513225143452083e-01 -4.499666863171091213e-01 -4.411071255360079491e-01 -4.247678724243146298e-01 -3.913425254044035628e-01 -3.809954195381602959e-01 -3.736021789042964780e-01 -3.623149046541969676e-01 -3.588009964648728456e-01 -3.532532645451221254e-01 -3.154937803378574102e-01 -3.125603703100620079e-01 -3.069334387815482734e-01 -2.834862022009612681e-01 -2.808724867788640611e-01 -2.714183889820001583e-01 -2.525154446814090736e-01 -2.469328151162568930e-01 -2.381679593922824412e-01 -2.356562875821415215e-01 -2.292914593994002381e-01 -2.122607492059885026e-01 -2.061940597000076481e-01 -1.693587972335525160e-01 -1.575432244354218470e-01 -1.489641480956500341e-01 -1.173847237088004869e-01 -1.163974971316403262e-01 -9.832146557342390236e-02 -9.084717200132200188e-02 -8.704782989507967028e-02 -7.476609148557604445e-02 -6.178038644581827776e-02 -4.421442049361173909e-02 -4.181458032457056884e-02 -2.052663358367861485e-02 -1.303044804316378161e-02 -1.056861819702986996e-02 -3.543735931123384347e-04 3.543735931122656848e-04 1.056861819702993067e-02 1.303044804316384232e-02 2.052663358367872240e-02 4.181458032457024965e-02 4.421442049361190563e-02 6.178038644581868716e-02 7.476609148557729345e-02 8.704782989507832414e-02 9.084717200132239046e-02 9.832146557342397175e-02 1.163974971316396739e-01 1.173847237088019579e-01 1.489641480956498953e-01 1.575432244354221523e-01 1.693587972335527936e-01 2.061940597000083142e-01 2.122607492059897516e-01 2.292914593994016537e-01 2.356562875821421321e-01 2.381679593922818305e-01 2.469328151162558660e-01 2.525154446814114606e-01 2.714183889819982709e-01 2.808724867788607860e-01 2.834862022009637106e-01 3.069334387815455534e-01 3.125603703100610642e-01 3.154937803378562999e-01 3.532532645451218478e-01 3.588009964648717354e-01 3.623149046541967455e-01 3.736021789042940910e-01 3.809954195381632935e-01 3.913425254044073376e-01 4.247678724243102999e-01 4.411071255360087262e-01 4.499666863171050690e-01 4.868513225143465961e-01 4.984499421110783479e-01 5.052142657057886455e-01 5.371649087028731451e-01 5.535064980038142401e-01 5.582469367234089708e-01 5.710340174430734717e-01 5.890073589191107128e-01 6.080174706322164502e-01 6.105943449598262296e-01 6.216686383834103546e-01 6.343901581821834723e-01
-6.286203226825686219e-01 -6.194926544008872993e-01 -6.039685768366918062e-01 -6.013326301794943429e-01 -5.867996643636836929e-01 -5.683487396745323661e-01 -5.559393560351885144e-01 -5.513590246748133472e-01 -5.329012456935479092e-01 -5.001159234900834916e-01 -4.925156850954981458e-01 -4.810255506473423148e-01 -4.451059568583352055e-01 -4.361802343644324287e-01 -4.198748345569887630e-01 -3.894152916954224941e-01 -3.784421960884375435e-01 -3.717106496265720761e-01 -3.598426436973928277e-01 -3.554813012167223341e-01 -3.512536765896209223e-01 -3.116325292343183340e-01 -3.081482872212119584e-01 -3.055823920984205855e-01 -2.800944718337445849e-01 -2.790352408692680641e-01 -2.686990633044817334e-01 -2.498073224070950504e-01 -2.463441629948438238e-01 -2.382022406783850244e-01 -2.328452187505114512e-01 -2.260271981525658891e-01 -2.088642273995616194e-01 -2.040072571644744870e-01 -1.689801866435921840e-01 -1.573260010187670643e-01 -1.486038352092644843e-01 -1.175712581920400623e-01 -1.158381064866957494e-01 -9.681770362710388766e-02 -8.918021303828128910e-02 -8.656308746720307867e-02 -7.454882715047921049e-02 -6.266763880772004136e-02 -4.461610964295564113e-02 -4.054168812303545616e-02 -2.117765746155175419e-02 -1.311913165005738381e-02 -9.780608970707786384e-03 -3.007131512392224046e-04 3.007131512392836078e-04 9.780608970708060471e-03 1.311913165005730401e-02 2.117765746155172296e-02 4.054168812303541453e-02 4.461610964295574522e-02 6.266763880772058259e-02 7.454882715047907171e-02 8.656308746720289826e-02 8.918021303828035928e-02 9.681770362710459543e-02 1.158381064866970261e-01 1.175712581920396460e-01 1.486038352092630133e-01 1.573260010187668978e-01 1.689801866435914901e-01 2.040072571644729049e-01 2.088642273995613696e-01 2.260271981525643070e-01 2.328452187505128113e-01 2.382022406783865509e-01 2.463441629948404654e-01 2.498073224070963827e-01 2.686990633044852861e-01 2.790352408692685082e-01 2.800944718337463057e-01 3.055823920984186981e-01 3.081482872212131796e-01 3.116325292343193332e-01 3.512536765896204782e-01 3.554813012167223896e-01 3.598426436973929388e-01 3.717106496265714655e-01 3.784421960884402081e-01 3.894152916954263244e-01 4.198748345569931484e-01 4.361802343644373137e-01 4.451059568583405901e-01 4.810255506473463671e-01 4.925156850954925392e-01 5.001159234900809381e-01 5.329012456935520170e-01 5.513590246748155677e-01 5.559393560351837404e-01 5.683487396745300346e-01 5.867996643636854692e-01 6.013326301794951201e-01 6.039685768366861440e-01 6.194926544008899638e-01 6.286203226825685109e-01
-6.227719660335464535e-01 -6.172504623952170810e-01 -5.973381576415099925e-01 -5.946068518979051865e-01 -5.843859993244900908e-01 -5.657112491301986568e-01 -5.535844024259897189e-01 -5.490944453889958776e-01 -5.282998004120594837e-01 -4.949340976917410706e-01 -4.865139590989063789e-01 -4.751210848353069061e-01 -4.402012015187771743e-01 -4.313079456374008802e-01 -4.150011644094425134e-01 -3.875093792011590210e-01 -3.760398340877091350e-01 -3.700831031724291509e-01 -3.577715808082124749e-01 -3.514632880544734106e-01 -3.487083334298178849e-01 -3.076858783251938956e-01 -3.058277069470701215e-01 -3.021937135659922835e-01 -2.785636078043788877e-01 -2.756625925972567281e-01 -2.654753804722054800e-01 -2.473563315767113302e-01 -2.456478584546057942e-01 -2.383903497047807352e-01 -2.299369791124300511e-01 -2.224873443517797200e-01 -2.056264418936884497e-01 -2.015932890076378159e-01 -1.685872566388646188e-01 -1.571350753570321668e-01 -1.483013442208146182e-01 -1.179979169740446726e-01 -1.151431644802055065e-01 -9.538693281215471220e-02 -8.818941677465298723e-02 -8.521239438029790114e-02 -7.426557910237767401e-02 -6.353545264055955599e-02 -4.506230809221303812e-02 -3.930460111049745991e-02 -2.184201437530065501e-02 -1.333086156404948014e-02 -8.999206578359498360e-03 -9.383806466363042329e-04 9.383806466362711648e-04 8.999206578359172232e-03 1.333086156404948361e-02 2.184201437530033929e-02 3.930460111049757094e-02 4.506230809221311445e-02 6.353545264056058295e-02 7.426557910237867322e-02 8.521239438029851176e-02 8.818941677465357010e-02 9.538693281215472608e-02 1.151431644802056870e-01 1.179979169740462824e-01 1.483013442208127308e-01 1.571350753570335268e-01 1.685872566388663951e-01 2.015932890076418960e-01 2.056264418936897265e-01 2.224873443517806082e-01 2.299369791124292184e-01 2.383903497047809295e-01 2.456478584546055999e-01 2.473563315767128845e-01 2.654753804722045363e-01 2.756625925972590041e-01 2.785636078043812747e-01 3.021937135659931162e-01 3.058277069470715093e-01 3.076858783251945062e-01 3.487083334298201054e-01 3.514632880544731330e-01 3.577715808082122528e-01 3.700831031724254871e-01 3.760398340877116330e-01 3.875093792011591320e-01 4.150011644094455665e-01 4.313079456374016019e-01 4.402012015187788951e-01 4.751210848353035199e-01 4.865139590989061014e-01 4.949340976917473434e-01 5.282998004120598168e-01 5.490944453889937682e-01 5.535844024259878315e-01 5.657112491301991009e-01 5.843859993244956419e-01 5.946068518979066297e-01 5.973381576415073280e-01 6.172504623952204117e-01 6.227719660335460095e-01
-6.168876977247575999e-01 -6.148670191253609030e-01 -5.908525405940623365e-01 -5.878872102781200759e-01 -5.816086546005680979e-01 -5.630643333707650022e-01 -5.511621605293444137e-01 -5.467028983268007458e-01 -5.233969987846565086e-01 -4.896674682911918985e-01 -4.804534627632863208e-01 -4.691472232072444459e-01 -4.352554709509045550e-01 -4.265082096485904861e-01 -4.101568849598982713e-01 -3.855689421873007561e-01 -3.737577252505521197e-01 -3.685691898626540786e-01 -3.559897498596740206e-01 -3.470065496003266747e-01 -3.456565840790885580e-01 -3.048120659988156622e-01 -3.036089023588726676e-01 -2.975668472014309507e-01 -2.776860451977878896e-01 -2.717659958309042723e-01 -2.619852893071936140e-01 -2.459915924825060163e-01 -2.439562407428784718e-01 -2.385498819173588747e-01 -2.270424725402754307e-01 -2.187760625927206715e-01 -2.026862744724285958e-01 -1.988325310709067040e-01 -1.681678290005234611e-01 -1.569412837623909429e-01 -1.480650206204154884e-01 -1.185747119690652857e-01 -1.143524143006684340e-01 -9.404807409375907923e-02 -8.783940645509825951e-02 -8.307042666745355353e-02 -7.394128253410482687e-02 -6.435222544235183473e-02 -4.554020135758255622e-02 -3.812917322058536479e-02 -2.249607866308880877e-02 -1.362971384411939060e-02 -8.274687702072994547e-03 -1.538219366557906816e-03 1.538219366557882096e-03 8.274687702072951179e-03 1.362971384411935417e-02 2.249607866308888857e-02 3.812917322058526765e-02 4.554020135758252152e-02 6.435222544235297271e-02 7.394128253410457707e-02 8.307042666745340087e-02 8.783940645509843992e-02 9.404807409376016170e-02 1.143524143006684063e-01 1.185747119690666873e-01 1.480650206204141561e-01 1.569412837623905543e-01 1.681678290005229615e-01 1.988325310709051497e-01 2.026862744724266807e-01 2.187760625927150926e-01 2.270424725402744315e-01 2.385498819173585694e-01 2.439562407428757240e-01 2.459915924825090416e-01 2.619852893071943356e-01 2.717659958309028290e-01 2.776860451977936073e-01 2.975668472014307286e-01 3.036089023588720570e-01 3.048120659988147185e-01 3.456565840790881694e-01 3.470065496003272854e-01 3.559897498596745202e-01 3.685691898626508589e-01 3.737577252505507319e-01 3.855689421873004785e-01 4.101568849598942190e-01 4.265082096485874330e-01 4.352554709509063868e-01 4.691472232072393389e-01 4.804534627632824906e-01 4.896674682911832943e-01 5.233969987846573968e-01 5.467028983268007458e-01 5.511621605293383075e-01 5.630643333707565645e-01 5.816086546005659885e-01 5.878872102781196318e-01 5.908525405940607822e-01 6.148670191253589046e-01 6.168876977247571558e-01
-6.125504751168399098e-01 -6.107518754774556857e-01 -5.848518610149162633e-01 -5.813363785233339742e-01 -5.779911641784121201e-01 -5.603490316910170188e-01 -5.486478653698227959e-01 -5.441666234505027067e-01 -5.182307246986089799e-01 -4.843166245380287060e-01 -4.743402775197749222e-01 -4.631110846143444149e-01 -4.302729495115125702e-01 -4.218001313785634254e-01 -4.053536880978795276e-01 -3.835520784326345023e-01 -3.715593958842395850e-01 -3.670604520710826213e-01 -3.543218778820427795e-01 -3.426289727702767629e-01 -3.418925217083771395e-01 -3.038488364301624167e-01 -2.995159919854025743e-01 -2.928274761514112479e-01 -2.768821761820022820e-01 -2.678130730636109624e-01 -2.583718413517019918e-01 -2.453534693386040799e-01 -2.416129327649980951e-01 -2.385937993707894222e-01 -2.241656471928167027e-01 -2.149579749025103959e-01 -2.000775612446414886e-01 -1.957073145349158549e-01 -1.677078010122712848e-01 -1.567216361881866582e-01 -1.478935928096916930e-01 -1.192479208060498314e-01 -1.134881746336680042e-01 -9.282759197526210815e-02 -8.764488944987498809e-02 -8.063644049246193601e-02 -7.361601168830286812e-02 -6.507663768615989941e-02 -4.603870728425280695e-02 -3.704387304261775454e-02 -2.310972801893700426e-02 -1.400049633373609201e-02 -7.635693529139049238e-03 -2.080381843279990178e-03 2.080381843280028776e-03 7.635693529139061381e-03 1.400049633373604691e-02 2.310972801893692447e-02 3.704387304261767128e-02 4.603870728425288328e-02 6.507663768616116229e-02 7.361601168830242403e-02 8.063644049246146417e-02 8.764488944987591790e-02 9.282759197526253836e-02 1.134881746336674768e-01 1.192479208060528151e-01 1.478935928096893337e-01 1.567216361881871023e-01 1.677078010122730334e-01 1.957073145349139398e-01 2.000775612446413498e-01 2.149579749025077036e-01 2.241656471928205885e-01 2.385937993707917537e-01 2.416129327650009539e-01 2.453534693386039134e-01 2.583718413516988832e-01 2.678130730636144041e-01 2.768821761820061678e-01 2.928274761514106372e-01 2.995159919854029629e-01 3.038488364301639155e-01 3.418925217083748080e-01 3.426289727702725996e-01 3.543218778820347858e-01 3.670604520710807339e-01 3.715593958842397515e-01 3.835520784326328925e-01 4.053536880978780288e-01 4.218001313785639250e-01 4.302729495115112379e-01 4.631110846143461357e-01 4.743402775197759214e-01 4.843166245380318147e-01 5.182307246986096461e-01 5.441666234505017075e-01 5.486478653698216856e-01 5.603490316910175739e-01 5.779911641784087895e-01 5.813363785233305325e-01 5.848518610149134878e-01 6.107518754774561298e-01 6.125504751168401318e-01
-6.098823994844109198e-01 -6.047839222034108175e-01 -5.799965469777068616e-01 -5.752197334992606992e-01 -5.726441210289234807e-01 -5.574994495188591026e-01 -5.460160121766397534e-01 -5.414571188769300436e-01 -5.128354219241935130e-01 -4.788830425952027570e-01 -4.681789263549513969e-01 -4.570182870853367607e-01 -4.252596278131386964e-01 -4.172025896527033484e-01 -4.006052022328172035e-01 -3.814281737307592679e-01 -3.694099206367967292e-01 -3.654775867282000767e-01 -3.526414778132446748e-01 -3.388818238734234711e-01 -3.370864859935792102e-01 -3.028573375086580644e-01 -2.953433616161548758e-01 -2.881388952030881079e-01 -2.759999440368627321e-01 -2.638929023136154517e-01 -2.547156146337870575e-01 -2.447097206439313999e-01 -2.396341220947534878e-01 -2.381481543751438057e-01 -2.212997337364560613e-01 -2.110757210751315338e-01 -1.976893220228318482e-01 -1.923441964570038742e-01 -1.671903930061410526e-01 -1.564576147271038165e-01 -1.477792280433091465e-01 -1.199790499699304458e-01 -1.125724717336633041e-01 -9.176779197732837234e-02 -8.740304426791169201e-02 -7.809855435481613539e-02 -7.334696122792853934e-02 -6.565322158414449438e-02 -4.654489490891125514e-02 -3.608665181496161639e-02 -2.364288265550095955e-02 -1.443271860561416708e-02 -7.105511638850716370e-03 -2.544627198588865664e-03 2.544627198588840945e-03 7.105511638850703360e-03 1.443271860561417923e-02 2.364288265550084506e-02 3.608665181496157476e-02 4.654489490891152575e-02 6.565322158414363396e-02 7.334696122792930262e-02 7.809855435481619090e-02 8.740304426791072057e-02 9.176779197732837234e-02 1.125724717336644698e-01 1.199790499699306401e-01 1.477792280433095351e-01 1.564576147271032058e-01 1.671903930061408305e-01 1.923441964570034302e-01 1.976893220228308212e-01 2.110757210751292579e-01 2.212997337364559780e-01 2.381481543751426677e-01 2.396341220947525441e-01 2.447097206439280970e-01 2.547156146337855032e-01 2.638929023136136753e-01 2.759999440368630652e-01 2.881388952030892181e-01 2.953433616161565967e-01 3.028573375086578978e-01 3.370864859935772118e-01 3.388818238734198629e-01 3.526414778132509475e-01 3.654775867282003543e-01 3.694099206368006705e-01 3.814281737307561038e-01 4.006052022328201456e-01 4.172025896527090660e-01 4.252596278131355323e-01 4.570182870853341517e-01 4.681789263549513969e-01 4.788830425952002035e-01 5.128354219241952894e-01 5.414571188769318200e-01 5.460160121766496344e-01 5.574994495188529964e-01 5.726441210289238137e-01 5.752197334992611433e-01 5.799965469777077498e-01 6.047839222034085971e-01 6.098823994844079222e-01
-6.070825149550236333e-01 -5.987656738451075933e-01 -5.762102952983156889e-01 -5.691817474382719899e-01 -5.660635359958907653e-01 -5.544300646787082565e-01 -5.432426390627198565e-01 -5.385314472789743956e-01 -5.072400983906325544e-01 -4.733685580962331829e-01 -4.619730128147177539e-01 -4.508734368432864015e-01 -4.202245541055741329e-01 -4.127315113709187910e-01 -3.959271677002944578e-01 -3.791769883920217410e-01 -3.672824764429990507e-01 -3.637528600602852324e-01 -3.508638702602383530e-01 -3.351309470782317113e-01 -3.320244543586884367e-01 -3.017687059688866635e-01 -2.911114206052062836e-01 -2.836457322244379520e-01 -2.748658540932319427e-01 -2.601002516232824857e-01 -2.510712361699262707e-01 -2.438674918268895764e-01 -2.390172708711935934e-01 -2.362910165443709576e-01 -2.184392088197532888e-01 -2.071594080538780025e-01 -1.954065179033820099e-01 -1.888749803768058344e-01 -1.665950520851461059e-01 -1.561337891482394435e-01 -1.477101507423830840e-01 -1.207390041279083476e-01 -1.116280888875614274e-01 -9.092642644952000919e-02 -8.699726104838985397e-02 -7.553966721219999847e-02 -7.320124248659513888e-02 -6.601449026758408889e-02 -4.704221148748036901e-02 -3.530823016670005948e-02 -2.404318643129801578e-02 -1.491535729596511067e-02 -6.706853311248948089e-03 -2.909937215154324939e-03 2.909937215154344888e-03 6.706853311249025285e-03 1.491535729596505690e-02 2.404318643129812680e-02 3.530823016670008724e-02 4.704221148748051473e-02 6.601449026758401950e-02 7.320124248659533317e-02 7.553966721219988745e-02 8.699726104839007601e-02 9.092642644952127207e-02 1.116280888875621075e-01 1.207390041279077231e-01 1.477101507423828342e-01 1.561337891482401652e-01 1.665950520851482985e-01 1.888749803768065838e-01 1.954065179033829258e-01 2.071594080538779470e-01 2.184392088197533721e-01 2.362910165443713462e-01 2.390172708711950089e-01 2.438674918268900760e-01 2.510712361699267148e-01 2.601002516232830963e-01 2.748658540932338856e-01 2.836457322244352319e-01 2.911114206052065057e-01 3.017687059688871076e-01 3.320244543586902131e-01 3.351309470782307676e-01 3.508638702602400739e-01 3.637528600602841777e-01 3.672824764430007716e-01 3.791769883920190765e-01 3.959271677002952905e-01 4.127315113709235650e-01 4.202245541055703026e-01 4.508734368432856243e-01 4.619730128147177539e-01 4.733685580962323503e-01 5.072400983906321104e-01 5.385314472789725082e-01 5.432426390627234092e-01 5.544300646787108100e-01 5.660635359958925417e-01 5.691817474382724340e-01 5.762102952983189086e-01 5.987656738451097027e-01 6.070825149550197475e-01
-6.040612965410546709e-01 -5.927707317690004141e-01 -5.727309193978763480e-01 -5.632022556835279969e-01 -5.591485732397577513e-01 -5.510132718068422308e-01 -5.403067869940632040e-01 -5.353265542532799071e-01 -5.014681170375786534e-01 -4.677751037261929645e-01 -4.557256363576306923e-01 -4.446804941606815054e-01 -4.151823195562463487e-01 -4.083950576434439150e-01 -3.913373317921475247e-01 -3.767892005624828844e-01 -3.651613903599400524e-01 -3.618191814061695322e-01 -3.489283982202401879e-01 -3.313367365634540818e-01 -3.268559572002865954e-01 -3.005415451576269326e-01 -2.868284561991306658e-01 -2.796912888796951324e-01 -2.731114904682886979e-01 -2.565763176479877727e-01 -2.474929281042131946e-01 -2.426536373870871177e-01 -2.387426990935342663e-01 -2.340327356128608371e-01 -2.155815837606359087e-01 -2.032330101112608256e-01 -1.931658261797084553e-01 -1.853822401824494481e-01 -1.658958695874001577e-01 -1.557368372779691368e-01 -1.476725864778297148e-01 -1.215051027863505162e-01 -1.106772974130259407e-01 -9.033822259393486931e-02 -8.635810362916028493e-02 -7.334507003890405885e-02 -7.291242365695134453e-02 -6.609906304043078329e-02 -4.750840707130396523e-02 -3.476857093691043676e-02 -2.425014505840616258e-02 -1.543524167220608305e-02 -6.458464481435497069e-03 -3.158572299639554170e-03 3.158572299639631799e-03 6.458464481435520488e-03 1.543524167220595815e-02 2.425014505840611401e-02 3.476857093691013145e-02 4.750840707130410401e-02 6.609906304043119962e-02 7.291242365695187189e-02 7.334507003890580745e-02 8.635810362916061800e-02 9.033822259393657628e-02 1.106772974130244142e-01 1.215051027863517930e-01 1.476725864778300756e-01 1.557368372779703025e-01 1.658958695873988254e-01 1.853822401824510580e-01 1.931658261797121745e-01 2.032330101112616028e-01 2.155815837606360752e-01 2.340327356128574232e-01 2.387426990935340720e-01 2.426536373870880614e-01 2.474929281042156370e-01 2.565763176479896046e-01 2.731114904682866995e-01 2.796912888796965757e-01 2.868284561991308323e-01 3.005415451576263774e-01 3.268559572002857072e-01 3.313367365634535822e-01 3.489283982202376344e-01 3.618191814061746392e-01 3.651613903599419397e-01 3.767892005624843832e-01 3.913373317921497452e-01 4.083950576434363655e-01 4.151823195562422408e-01 4.446804941606811723e-01 4.557256363576315250e-01 4.677751037261832501e-01 5.014681170375746566e-01 5.353265542532834598e-01 5.403067869940638701e-01 5.510132718068404545e-01 5.591485732397610819e-01 5.632022556835293292e-01 5.727309193978743496e-01 5.927707317690001920e-01 6.040612965410547819e-01
-6.006454275144326171e-01 -5.868539298932671233e-01 -5.691670709948613016e-01 -5.575839932794217635e-01 -5.521896212817954952e-01 -5.470485879960557130e-01 -5.371916663076822251e-01 -5.317528236963773303e-01 -4.955378103137385026e-01 -4.621045897444768236e-01 -4.494396908448158867e-01 -4.384430624244204378e-01 -4.101583037326752557e-01 -4.041854418087411083e-01 -3.868546906811641262e-01 -3.742674152273860466e-01 -3.630373190210339218e-01 -3.596104390982162724e-01 -3.467872623799407306e-01 -3.275523487932088806e-01 -3.216141638567018290e-01 -2.991387485949326130e-01 -2.825034642142845720e-01 -2.768289805739239107e-01 -2.701606895916336404e-01 -2.535172111279429541e-01 -2.440583837349123986e-01 -2.408637875112739357e-01 -2.383308983122431612e-01 -2.317851811329109391e-01 -2.127273103242359187e-01 -1.993197476909156773e-01 -1.909357880475723579e-01 -1.819196955958798101e-01 -1.650593933507023547e-01 -1.552549134113437312e-01 -1.476520509377122758e-01 -1.222590465460767911e-01 -1.097404881317906589e-01 -8.996273701611676166e-02 -8.550022406478045844e-02 -7.352519352398520502e-02 -7.055475017159452966e-02 -6.587529320490057017e-02 -4.791252776316885786e-02 -3.451974025283830599e-02 -2.421305598162166312e-02 -1.597661972110293177e-02 -6.362078935382127834e-03 -3.288449105457031708e-03 3.288449105457045586e-03 6.362078935382241458e-03 1.597661972110301851e-02 2.421305598162161454e-02 3.451974025283838926e-02 4.791252776316899664e-02 6.587529320490020934e-02 7.055475017159495987e-02 7.352519352398592667e-02 8.550022406477961190e-02 8.996273701611751106e-02 1.097404881317888686e-01 1.222590465460770548e-01 1.476520509377124146e-01 1.552549134113450080e-01 1.650593933507022992e-01 1.819196955958756468e-01 1.909357880475712754e-01 1.993197476909183141e-01 2.127273103242373065e-01 2.317851811329091072e-01 2.383308983122431057e-01 2.408637875112714655e-01 2.440583837349107610e-01 2.535172111279460627e-01 2.701606895916336959e-01 2.768289805739250209e-01 2.825034642142885688e-01 2.991387485949320579e-01 3.216141638567038830e-01 3.275523487932054945e-01 3.467872623799339027e-01 3.596104390982171606e-01 3.630373190210345880e-01 3.742674152273900989e-01 3.868546906811639041e-01 4.041854418087384437e-01 4.101583037326767545e-01 4.384430624244242680e-01 4.494396908448163308e-01 4.621045897444763240e-01 4.955378103137394463e-01 5.317528236963754429e-01 5.371916663076845566e-01 5.470485879960677034e-01 5.521896212817938299e-01 5.575839932794208753e-01 5.691670709948593032e-01 5.868539298932650139e-01 6.006454275144289534e-01
-5.961788326398674842e-01 -5.810811353740134022e-01 -5.653500212830491201e-01 -5.525352989021130590e-01 -5.454856009545226980e-01 -5.422099657615004897e-01 -5.338833987279614224e-01 -5.276943527778616971e-01 -4.894633431613215069e-01 -4.563588626855062391e-01 -4.431181077799339896e-01 -4.321646335453367405e-01 -4.051999584715847980e-01 -4.000648214529091140e-01 -3.824975058421532514e-01 -3.716260584188488814e-01 -3.608949469011173417e-01 -3.570725932882134468e-01 -3.444006668981710040e-01 -3.238334649379832619e-01 -3.163160559344692091e-01 -2.975246314886538235e-01 -2.781565236837653665e-01 -2.749341108867311423e-01 -2.661063426032838075e-01 -2.510908073083272241e-01 -2.409406065243699102e-01 -2.385072381795223240e-01 -2.373801346847054239e-01 -2.295934933167882719e-01 -2.098793220932944903e-01 -1.954489139201866787e-01 -1.886947513689910816e-01 -1.785323308596888925e-01 -1.640420033254259835e-01 -1.546772885465309277e-01 -1.476340953197556871e-01 -1.229854503979790070e-01 -1.088350014472459909e-01 -8.971158662229683500e-02 -8.449247131643822240e-02 -7.394026151640942235e-02 -6.835151248541827818e-02 -6.531720364196058615e-02 -4.821061219358921401e-02 -3.457925871985274152e-02 -2.391912893021725522e-02 -1.652056611383676682e-02 -6.390473913360571016e-03 -3.324122767787275699e-03 3.324122767787333812e-03 6.390473913360556271e-03 1.652056611383680845e-02 2.391912893021713032e-02 3.457925871985250560e-02 4.821061219358913769e-02 6.531720364196021145e-02 6.835151248541872226e-02 7.394026151640996358e-02 8.449247131643790321e-02 8.971158662229714031e-02 1.088350014472445337e-01 1.229854503979778274e-01 1.476340953197557704e-01 1.546772885465314828e-01 1.640420033254288701e-01 1.785323308596911129e-01 1.886947513689916089e-01 1.954489139201876224e-01 2.098793220932936021e-01 2.295934933167882719e-01 2.373801346847074778e-01 2.385072381795209639e-01 2.409406065243675787e-01 2.510908073083267245e-01 2.661063426032803103e-01 2.749341108867282002e-01 2.781565236837670319e-01 2.975246314886526022e-01 3.163160559344746492e-01 3.238334649379889796e-01 3.444006668981688946e-01 3.570725932882125031e-01 3.608949469011163980e-01 3.716260584188482152e-01 3.824975058421568042e-01 4.000648214529107238e-01 4.051999584715879621e-01 4.321646335453370735e-01 4.431181077799365431e-01 4.563588626855023533e-01 4.894633431613234498e-01 5.276943527778620302e-01 5.338833987279636428e-01 5.422099657615012669e-01 5.454856009545216988e-01 5.525352989021090622e-01 5.653500212830464555e-01 5.810811353740160667e-01 5.961788326398685944e-01
-5.899769111571308011e-01 -5.755231972254531980e-01 -5.611809476980652578e-01 -5.480383999833903230e-01 -5.395526622319845034e-01 -5.361203805517711363e-01 -5.303562929780106794e-01 -5.230317318944650573e-01 -4.832555523095054539e-01 -4.505397077637108838e-01 -4.367640841139810992e-01 -4.258488145708189676e-01 -4.003975297658376453e-01 -3.959429160503715739e-01 -3.782795775925082427e-01 -3.688883956733576275e-01 -3.587071899178649326e-01 -3.541718277090926681e-01 -3.417362007724942807e-01 -3.202315722782036467e-01 -3.109728222552189947e-01 -2.956666920411375465e-01 -2.740583489861068145e-01 -2.731245441427588849e-01 -2.615497052366056452e-01 -2.492803811381703316e-01 -2.388737563316645496e-01 -2.358806571418338438e-01 -2.348563576542104514e-01 -2.274634725410109304e-01 -2.070424988586929138e-01 -1.916693210378032086e-01 -1.864105112637663708e-01 -1.752664961375735575e-01 -1.627881709318287073e-01 -1.539942010748684142e-01 -1.476046241174986395e-01 -1.236707600363153303e-01 -1.079741804944359951e-01 -8.950928772605558359e-02 -8.339760335115584122e-02 -7.446108772029870482e-02 -6.661244546692300650e-02 -6.431260642242764280e-02 -4.834053214860620229e-02 -3.491831405161091584e-02 -2.340840011555689673e-02 -1.704277566779915237e-02 -6.496082329403113538e-03 -3.307454200079796951e-03 3.307454200079746644e-03 6.496082329403018128e-03 1.704277566779939523e-02 2.340840011555708061e-02 3.491831405161107543e-02 4.834053214860632025e-02 6.431260642242700443e-02 6.661244546692306201e-02 7.446108772029878808e-02 8.339760335115492529e-02 8.950928772605548644e-02 1.079741804944353151e-01 1.236707600363157883e-01 1.476046241174980844e-01 1.539942010748713841e-01 1.627881709318300119e-01 1.752664961375766106e-01 1.864105112637639561e-01 1.916693210378037915e-01 2.070424988586944126e-01 2.274634725410107916e-01 2.348563576542096187e-01 2.358806571418352871e-01 2.388737563316654655e-01 2.492803811381702761e-01 2.615497052366056452e-01 2.731245441427580523e-01 2.740583489861052602e-01 2.956666920411374355e-01 3.109728222552188837e-01 3.202315722782071439e-01 3.417362007724930595e-01 3.541718277090953326e-01 3.587071899178649881e-01 3.688883956733582381e-01 3.782795775925076320e-01 3.959429160503762368e-01 4.003975297658330379e-01 4.258488145708180794e-01 4.367640841139798225e-01 4.505397077637130487e-01 4.832555523095144467e-01 5.230317318944618377e-01 5.303562929780151203e-01 5.361203805517711363e-01 5.395526622319852805e-01 5.480383999833901010e-01 5.611809476980651468e-01 5.755231972254547523e-01 5.899769111571280256e-01
-5.829637104790723612e-01 -5.702316194708144659e-01 -5.566096207863169276e-01 -5.438782116268501277e-01 -5.342346960857783378e-01 -5.293183542804741348e-01 -5.264596088156889842e-01 -5.176938459999973485e-01 -4.769226624476656240e-01 -4.446488766892472411e-01 -4.303813253063040745e-01 -4.194995554583377251e-01 -3.958938146603163677e-01 -3.916676226338684508e-01 -3.742050148065323989e-01 -3.660798431285225418e-01 -3.564431541269825754e-01 -3.508920763407956112e-01 -3.387706954789325708e-01 -3.167892822041679102e-01 -3.055931654079678261e-01 -2.935408895865855294e-01 -2.721284386190526705e-01 -2.691575980626895181e-01 -2.568073492308390882e-01 -2.478935376840587512e-01 -2.378491185183884138e-01 -2.323488481840570163e-01 -2.315754315861389134e-01 -2.253912237482423309e-01 -2.042230962288650031e-01 -1.880805401200794924e-01 -1.840062186958615342e-01 -1.721703382658568982e-01 -1.612339656562862822e-01 -1.531968684379236278e-01 -1.475498487478074106e-01 -1.243024163530177389e-01 -1.071666713303324192e-01 -8.930981369489725263e-02 -8.225776833830573953e-02 -7.502179638450540144e-02 -6.548476705265286746e-02 -6.286138157663560821e-02 -4.821942016533577180e-02 -3.547864353059419079e-02 -2.276389967076207499e-02 -1.750717604795260646e-02 -6.631505218077492041e-03 -3.276809375143836453e-03 3.276809375143754487e-03 6.631505218077466020e-03 1.750717604795265156e-02 2.276389967076199172e-02 3.547864353059419773e-02 4.821942016533534853e-02 6.286138157663519188e-02 6.548476705265389441e-02 7.502179638450535981e-02 8.225776833830514279e-02 8.930981369489765509e-02 1.071666713303322943e-01 1.243024163530171422e-01 1.475498487478078824e-01 1.531968684379253487e-01 1.612339656562862267e-01 1.721703382658565928e-01 1.840062186958607848e-01 1.880805401200827121e-01 2.042230962288637264e-01 2.253912237482438297e-01 2.315754315861417723e-01 2.323488481840593201e-01 2.378491185183879697e-01 2.478935376840553650e-01 2.568073492308401984e-01 2.691575980626883524e-01 2.721284386190573890e-01 2.935408895865858625e-01 3.055931654079680482e-01 3.167892822041696865e-01 3.387706954789238556e-01 3.508920763407967214e-01 3.564431541269812431e-01 3.660798431285246513e-01 3.742050148065351745e-01 3.916676226338650091e-01 3.958938146603169783e-01 4.194995554583362818e-01 4.303813253063046296e-01 4.446488766892466304e-01 4.769226624476639587e-01 5.176938459999943509e-01 5.264596088156827669e-01 5.293183542804724695e-01 5.342346960857725646e-01 5.438782116268463529e-01 5.566096207863173717e-01 5.702316194708205721e-01 5.829637104790706958e-01
-5.757296809536636140e-01 -5.652047912539164276e-01 -5.516543471170253232e-01 -5.398258503868041958e-01 -5.291167298769512417e-01 -5.235924659604116460e-01 -5.209540331424985515e-01 -5.117015257899281133e-01 -4.704708615660398996e-01 -4.386881313642453373e-01 -4.239743329899786084e-01 -4.131213950953477321e-01 -3.917989589754297119e-01 -3.871127268027047541e-01 -3.702632386818562327e-01 -3.632189845642485038e-01 -3.540768476861936853e-01 -3.472323421810515343e-01 -3.354928245367848061e-01 -3.135334854066013643e-01 -3.001855610021469389e-01 -2.911390953948631566e-01 -2.705475070860190456e-01 -2.647246277925389690e-01 -2.520164293116540222e-01 -2.467111506549065081e-01 -2.369744432135254264e-01 -2.284120763837610424e-01 -2.281102753196549426e-01 -2.233674771720898511e-01 -2.014281434819681915e-01 -1.848726914217910799e-01 -1.813190651547941235e-01 -1.692795783954892386e-01 -1.593239665520055082e-01 -1.522775932914306740e-01 -1.474558145329697978e-01 -1.248681634838261639e-01 -1.064160313413028830e-01 -8.908912727721675362e-02 -8.110636517250122135e-02 -7.556405589344022955e-02 -6.470700856119027122e-02 -6.136439902207085906e-02 -4.775373418986406104e-02 -3.619763920310120620e-02 -2.210187915622824698e-02 -1.785074889473061560e-02 -6.759691774822445751e-03 -3.256965892930212964e-03 3.256965892930245923e-03 6.759691774822463098e-03 1.785074889473060519e-02 2.210187915622820187e-02 3.619763920310106742e-02 4.775373418986437329e-02 6.136439902207117825e-02 6.470700856119109001e-02 7.556405589344021567e-02 8.110636517250070787e-02 8.908912727721715608e-02 1.064160313413033548e-01 1.248681634838253313e-01 1.474558145329691594e-01 1.522775932914308128e-01 1.593239665520090331e-01 1.692795783954906541e-01 1.813190651547944565e-01 1.848726914217920791e-01 2.014281434819692185e-01 2.233674771720918217e-01 2.281102753196553590e-01 2.284120763837622359e-01 2.369744432135294232e-01 2.467111506549035937e-01 2.520164293116549104e-01 2.647246277925396907e-01 2.705475070860202669e-01 2.911390953948644333e-01 3.001855610021454956e-01 3.135334854066033072e-01 3.354928245367820860e-01 3.472323421810526445e-01 3.540768476861963499e-01 3.632189845642513348e-01 3.702632386818551224e-01 3.871127268027032553e-01 3.917989589754336532e-01 4.131213950953436798e-01 4.239743329899806623e-01 4.386881313642418956e-01 4.704708615660385118e-01 5.117015257899301117e-01 5.209540331425019932e-01 5.235924659604079823e-01 5.291167298769515748e-01 5.398258503868083036e-01 5.516543471170254342e-01 5.652047912539144292e-01 5.757296809536646132e-01
-5.684369999538191331e-01 -5.603736337969278392e-01 -5.464077919182306342e-01 -5.357216838264258207e-01 -5.240207498646218820e-01 -5.192433900334278984e-01 -5.136893927835859408e-01 -5.051525967367677117e-01 -4.639047500222490683e-01 -4.326592987106703259e-01 -4.175487713020682445e-01 -4.067197404427813634e-01 -3.880653575900497310e-01 -3.823068205471027436e-01 -3.664270712189556245e-01 -3.603097787691313392e-01 -3.515881637218142286e-01 -3.432079308633214088e-01 -3.319047070641559793e-01 -3.104686149052032773e-01 -2.947620438797324272e-01 -2.884739774732043016e-01 -2.688254200034227992e-01 -2.602532317986658295e-01 -2.473974274964327313e-01 -2.454373423415604771e-01 -2.359919682400616059e-01 -2.247972689767661902e-01 -2.241037396839223872e-01 -2.213720845186777642e-01 -1.986648105877996395e-01 -1.822063903415588604e-01 -1.782188169302257874e-01 -1.665886935212799735e-01 -1.570436334082966623e-01 -1.512297774059824795e-01 -1.473071033213266268e-01 -1.253554171455119881e-01 -1.057207178054719865e-01 -8.883729222882352783e-02 -7.998806768426469649e-02 -7.602201881143742790e-02 -6.410177503610370309e-02 -6.010024762212805294e-02 -4.687457365783731511e-02 -3.702067659231340208e-02 -2.157963509221799692e-02 -1.796247484697520089e-02 -6.853127033732427098e-03 -3.260220691041183783e-03 3.260220691041235824e-03 6.853127033732449649e-03 1.796247484697524252e-02 2.157963509221782344e-02 3.702067659231369351e-02 4.687457365783693347e-02 6.010024762212741456e-02 6.410177503610460514e-02 7.602201881143737239e-02 7.998806768426400260e-02 8.883729222882447152e-02 1.057207178054718894e-01 1.253554171455112942e-01 1.473071033213282366e-01 1.512297774059815636e-01 1.570436334082958019e-01 1.665886935212802789e-01 1.782188169302243996e-01 1.822063903415601371e-01 1.986648105877983350e-01 2.213720845186782915e-01 2.241037396839197504e-01 2.247972689767659682e-01 2.359919682400654084e-01 2.454373423415585620e-01 2.473974274964312048e-01 2.602532317986668842e-01 2.688254200034220776e-01 2.884739774732033024e-01 2.947620438797301512e-01 3.104686149052057198e-01 3.319047070641516495e-01 3.432079308633245729e-01 3.515881637218132294e-01 3.603097787691315612e-01 3.664270712189527934e-01 3.823068205471052972e-01 3.880653575900503416e-01 4.067197404427804197e-01 4.175487713020682445e-01 4.326592987106703259e-01 4.639047500222532316e-01 5.051525967367664904e-01 5.136893927835930462e-01 5.192433900334294528e-01 5.240207498646189954e-01 5.357216838264249326e-01 5.464077919182269705e-01 5.603736337969260628e-01 5.684369999538203544e-01
-5.611740257699728840e-01 -5.556127558073717942e-01 -5.410056625474369829e-01 -5.314630912779262362e-01 -5.188150620479711206e-01 -5.148778919179786140e-01 -5.060730919692013607e-01 -4.981671039218605324e-01 -4.572276870214619371e-01 -4.265643344322877506e-01 -4.111119570265474032e-01 -4.003011902850251436e-01 -3.845580137599111104e-01 -3.773666704420705620e-01 -3.626560336307400600e-01 -3.573378061640023473e-01 -3.489591812891472133e-01 -3.388497830050932746e-01 -3.280213758238718635e-01 -3.075741538155928323e-01 -2.893529633191412875e-01 -2.855672910373852069e-01 -2.668907857845526643e-01 -2.557784678405506940e-01 -2.449002177738135444e-01 -2.421159564163909150e-01 -2.347705285392183983e-01 -2.213856507450765176e-01 -2.199938283169377284e-01 -2.192059406388799647e-01 -1.959397473712042037e-01 -1.799827451731682015e-01 -1.748356375736101476e-01 -1.640325398191173345e-01 -1.544453126373726004e-01 -1.500470291290567637e-01 -1.470831097267858711e-01 -1.257506235102767433e-01 -1.050744914488576515e-01 -8.855382416743307061e-02 -7.900394759610700202e-02 -7.627740313451669696e-02 -6.364644045361958491e-02 -5.911409417376400910e-02 -4.558698740760670082e-02 -3.789878926296647715e-02 -2.135469469190906175e-02 -1.772238515724971694e-02 -6.890373521637141452e-03 -3.290231103078368989e-03 3.290231103078361183e-03 6.890373521637129309e-03 1.772238515724967531e-02 2.135469469190901318e-02 3.789878926296635919e-02 4.558698740760690205e-02 5.911409417376403685e-02 6.364644045362045921e-02 7.627740313451772391e-02 7.900394759610702977e-02 8.855382416743405594e-02 1.050744914488579429e-01 1.257506235102760772e-01 1.470831097267852050e-01 1.500470291290568192e-01 1.544453126373723229e-01 1.640325398191177231e-01 1.748356375736083990e-01 1.799827451731703387e-01 1.959397473712041204e-01 2.192059406388830456e-01 2.199938283169389219e-01 2.213856507450777111e-01 2.347705285392159003e-01 2.421159564163917477e-01 2.449002177738145436e-01 2.557784678405484735e-01 2.668907857845512210e-01 2.855672910373850959e-01 2.893529633191408990e-01 3.075741538155903343e-01 3.280213758238775257e-01 3.388497830050917758e-01 3.489591812891477685e-01 3.573378061640006265e-01 3.626560336307399490e-01 3.773666704420702844e-01 3.845580137599101667e-01 4.003011902850270864e-01 4.111119570265514001e-01 4.265643344322860298e-01 4.572276870214624922e-01 4.981671039218536490e-01 5.060730919691970309e-01 5.148778919179776148e-01 5.188150620479676789e-01 5.314630912779231275e-01 5.410056625474380931e-01 5.556127558073701289e-01 5.611740257699726619e-01
-5.540999301597606674e-01 -5.507030630825298090e-01 -5.355796849048416464e-01 -5.269850555620803068e-01 -5.133913404721862639e-01 -5.102664401702586838e-01 -4.983067941202048989e-01 -4.908474495936874793e-01 -4.504420578914916651e-01 -4.204053947014151360e-01 -4.046735384259118606e-01 -3.938739075105165965e-01 -3.811639241468416373e-01 -3.723899271137131040e-01 -3.589049986346100618e-01 -3.542699597225187347e-01 -3.461699992160526818e-01 -3.341994313462579025e-01 -3.238681778978766412e-01 -3.048085081951217856e-01 -2.841300749237096190e-01 -2.823210296641158745e-01 -2.646954253418057346e-01 -2.513377794613462779e-01 -2.436386531511159359e-01 -2.378121529591560035e-01 -2.330292236423063545e-01 -2.180506148933920585e-01 -2.176095246479250456e-01 -2.152201840758634632e-01 -1.932584010163628241e-01 -1.780258956289480499e-01 -1.713743381346772843e-01 -1.615072808106897684e-01 -1.516519879740186871e-01 -1.487164898012532654e-01 -1.467442375510858987e-01 -1.260385478240256540e-01 -1.044671952539982657e-01 -8.824489689280851090e-02 -7.838541653677719157e-02 -7.608434595224228270e-02 -6.336183997634470266e-02 -5.832469219041801906e-02 -4.399626943807254109e-02 -3.876784558789569957e-02 -2.143492149156386167e-02 -1.715388297965879383e-02 -6.854011719489886204e-03 -3.344603081628138089e-03 3.344603081628080843e-03 6.854011719489960797e-03 1.715388297965882158e-02 2.143492149156387902e-02 3.876784558789563018e-02 4.399626943807251334e-02 5.832469219041867131e-02 6.336183997634513287e-02 7.608434595224294883e-02 7.838541653677727483e-02 8.824489689280905214e-02 1.044671952539996257e-01 1.260385478240258483e-01 1.467442375510868702e-01 1.487164898012533765e-01 1.516519879740209908e-01 1.615072808106908231e-01 1.713743381346767569e-01 1.780258956289507699e-01 1.932584010163657939e-01 2.152201840758633800e-01 2.176095246479250456e-01 2.180506148933943344e-01 2.330292236423096852e-01 2.378121529591530336e-01 2.436386531511169906e-01 2.513377794613480543e-01 2.646954253418034586e-01 2.823210296641161521e-01 2.841300749237088419e-01 3.048085081951216746e-01 3.238681778978747539e-01 3.341994313462595123e-01 3.461699992160527928e-01 3.542699597225185681e-01 3.589049986346122267e-01 3.723899271137109945e-01 3.811639241468431916e-01 3.938739075105184839e-01 4.046735384259138035e-01 4.204053947014192438e-01 4.504420578914901108e-01 4.908474495936797632e-01 4.983067941202057871e-01 5.102664401702579067e-01 5.133913404721852647e-01 5.269850555620807508e-01 5.355796849048434227e-01 5.507030630825274775e-01 5.540999301597603344e-01
-5.477459449225839938e-01 -5.450641108201087492e-01 -5.302185956936252831e-01 -5.222567421921122666e-01 -5.076848486970646501e-01 -5.053197164454603652e-01 -4.904254448238891118e-01 -4.832677194245679764e-01 -4.435494821549881839e-01 -4.141849149521865114e-01 -3.982464612103992496e-01 -3.874480275006434993e-01 -3.778056492623791396e-01 -3.674404678631188470e-01 -3.551371384509068863e-01 -3.510543416067172795e-01 -3.431959468234924149e-01 -3.293023542126076175e-01 -3.194772672574845984e-01 -3.021169472872985984e-01 -2.800553305986218655e-01 -2.778551711258657186e-01 -2.622033064892357324e-01 -2.470252391335318320e-01 -2.422627819749067213e-01 -2.344553802930225139e-01 -2.300456710050405862e-01 -2.157311445173120679e-01 -2.146926049194955444e-01 -2.107595921144351792e-01 -1.906243210358493645e-01 -1.762372931478417837e-01 -1.679554620743554938e-01 -1.589137020508093190e-01 -1.489429015446255000e-01 -1.471768800484721529e-01 -1.461507191651106041e-01 -1.262014443794798602e-01 -1.038857930049989775e-01 -8.792106836382651558e-02 -7.822330889952179567e-02 -7.533933531034482656e-02 -6.326363119059207063e-02 -5.761627807319731620e-02 -4.238677388997382639e-02 -3.942628080449793460e-02 -2.169413306931376739e-02 -1.641024257603819134e-02 -6.731196636259826997e-03 -3.415343103671684023e-03 3.415343103671661038e-03 6.731196636259741128e-03 1.641024257603810807e-02 2.169413306931370494e-02 3.942628080449808725e-02 4.238677388997402762e-02 5.761627807319694150e-02 6.326363119059127960e-02 7.533933531034449349e-02 7.822330889952172628e-02 8.792106836382677926e-02 1.038857930049991718e-01 1.262014443794808594e-01 1.461507191651083004e-01 1.471768800484701545e-01 1.489429015446235849e-01 1.589137020508096243e-01 1.679554620743520243e-01 1.762372931478392024e-01 1.906243210358496143e-01 2.107595921144351792e-01 2.146926049194961827e-01 2.157311445173094588e-01 2.300456710050410858e-01 2.344553802930205988e-01 2.422627819749064715e-01 2.470252391335285291e-01 2.622033064892329568e-01 2.778551711258683277e-01 2.800553305986188124e-01 3.021169472872997641e-01 3.194772672574866523e-01 3.293023542126106151e-01 3.431959468234968003e-01 3.510543416067170019e-01 3.551371384509058871e-01 3.674404678631185139e-01 3.778056492623810825e-01 3.874480275006432217e-01 3.982464612104013590e-01 4.141849149521815154e-01 4.435494821549887945e-01 4.832677194245709740e-01 4.904254448238922204e-01 5.053197164454605872e-01 5.076848486970662044e-01 5.222567421921150421e-01 5.302185956936197320e-01 5.450641108201083052e-01 5.477459449225832167e-01
-5.424008711079914002e-01 -5.383736826965764832e-01 -5.249465354418757501e-01 -5.172837669591798804e-01 -5.017060564883202289e-01 -4.999297149708826216e-01 -4.824393162043743577e-01 -4.754777964874016827e-01 -4.365509786278101712e-01 -4.079056942016288101e-01 -3.918483784124484059e-01 -3.810360607089711138e-01 -3.744265631638917791e-01 -3.625575347520770819e-01 -3.513381908924197439e-01 -3.476196032962015070e-01 -3.400065928950347649e-01 -3.242029412662168486e-01 -3.148846934114213347e-01 -2.994389661678628634e-01 -2.768546471798948305e-01 -2.725176201867285375e-01 -2.593964843910335216e-01 -2.432097211754461197e-01 -2.403409695496094289e-01 -2.321228116630047189e-01 -2.257605048237701084e-01 -2.138201108164544950e-01 -2.114488035459278215e-01 -2.062369334281476396e-01 -1.880384550963860868e-01 -1.745649850242215195e-01 -1.646397095897361162e-01 -1.561890214488234896e-01 -1.470868034086275922e-01 -1.455624064646392490e-01 -1.444612333723264697e-01 -1.262180929996193912e-01 -1.033155149982866866e-01 -8.759465493865062347e-02 -7.822108200924830779e-02 -7.432796658049715954e-02 -6.334180357217902846e-02 -5.690300439697394685e-02 -4.177987583221569323e-02 -3.893320069504774272e-02 -2.202536678398943695e-02 -1.562135953558031927e-02 -6.518136813102442043e-03 -3.486439810347021721e-03 3.486439810347012613e-03 6.518136813102474135e-03 1.562135953558048233e-02 2.202536678398963471e-02 3.893320069504790926e-02 4.177987583221585283e-02 5.690300439697453666e-02 6.334180357217947255e-02 7.432796658049696525e-02 7.822108200924784982e-02 8.759465493865091490e-02 1.033155149982869780e-01 1.262180929996175593e-01 1.444612333723282460e-01 1.455624064646391103e-01 1.470868034086288134e-01 1.561890214488247386e-01 1.646397095897346452e-01 1.745649850242221024e-01 1.880384550963850043e-01 2.062369334281448086e-01 2.114488035459261839e-01 2.138201108164559938e-01 2.257605048237670553e-01 2.321228116630051908e-01 2.403409695496104004e-01 2.432097211754451760e-01 2.593964843910321894e-01 2.725176201867298698e-01 2.768546471798926656e-01 2.994389661678628078e-01 3.148846934114213347e-01 3.242029412662171817e-01 3.400065928950375405e-01 3.476196032962022842e-01 3.513381908924164132e-01 3.625575347520770264e-01 3.744265631638887259e-01 3.810360607089696705e-01 3.918483784124544567e-01 4.079056942016321408e-01 4.365509786278088389e-01 4.754777964873999618e-01 4.824393162043640326e-01 4.999297149708860633e-01 5.017060564883228935e-01 5.172837669591789922e-01 5.249465354418767493e-01 5.383736826965777045e-01 5.424008711079942868e-01
-5.373230950694105612e-01 -5.313505111122355240e-01 -5.197286655719867143e-01 -5.120978174900386870e-01 -4.955641941248103977e-01 -4.939329655572044508e-01 -4.743517439345662501e-01 -4.675103703730530413e-01 -4.294471006039251582e-01 -4.015709814211037010e-01 -3.855037653662376496e-01 -3.746532267543860040e-01 -3.709793968993385094e-01 -3.577570789083991953e-01 -3.475194951994627357e-01 -3.438839119710050407e-01 -3.365667656735611413e-01 -3.189421861892589583e-01 -3.101293245082681338e-01 -2.967116887850227425e-01 -2.738235676931536910e-01 -2.670665471746045960e-01 -2.562830695928509095e-01 -2.406318427504080815e-01 -2.371668693585871346e-01 -2.299132284679230309e-01 -2.209922404010627173e-01 -2.119126505497932467e-01 -2.082563675938569614e-01 -2.016820760952467151e-01 -1.854984061178659993e-01 -1.729725536391490959e-01 -1.614528423534569435e-01 -1.533232684118826794e-01 -1.461132848637304305e-01 -1.440012120800691076e-01 -1.415541523631275722e-01 -1.260627787078678896e-01 -1.027409766341664948e-01 -8.727629835081859855e-02 -7.817348642282774540e-02 -7.324752260944411564e-02 -6.356215229569928127e-02 -5.614457106516934637e-02 -4.239467921106586379e-02 -3.713123550064403172e-02 -2.236997777909403504e-02 -1.486201742047851826e-02 -6.230978724367429618e-03 -3.526505443174278616e-03 3.526505443174247825e-03 6.230978724367478190e-03 1.486201742047865530e-02 2.236997777909395871e-02 3.713123550064434397e-02 4.239467921106576664e-02 5.614457106516978352e-02 6.356215229569997516e-02 7.324752260944289439e-02 7.817348642282685722e-02 8.727629835081822385e-02 1.027409766341665642e-01 1.260627787078666406e-01 1.415541523631271836e-01 1.440012120800683582e-01 1.461132848637301807e-01 1.533232684118823741e-01 1.614528423534548063e-01 1.729725536391521212e-01 1.854984061178655830e-01 2.016820760952441893e-01 2.082563675938574888e-01 2.119126505497908874e-01 2.209922404010589980e-01 2.299132284679204496e-01 2.371668693585838317e-01 2.406318427504079704e-01 2.562830695928496882e-01 2.670665471746069275e-01 2.738235676931532470e-01 2.967116887850175244e-01 3.101293245082696881e-01 3.189421861892562937e-01 3.365667656735634727e-01 3.438839119710058734e-01 3.475194951994627912e-01 3.577570789084018599e-01 3.709793968993393420e-01 3.746532267543923878e-01 3.855037653662409247e-01 4.015709814211040340e-01 4.294471006039226602e-01 4.675103703730477678e-01 4.743517439345641407e-01 4.939329655572073929e-01 4.955641941248181137e-01 5.120978174900409075e-01 5.197286655719877135e-01 5.313505111122347468e-01 5.373230950694151131e-01
-5.321806266626120108e-01 -5.243066002824767757e-01 -5.144999528620590734e-01 -5.067331450108190083e-01 -4.892983304866659333e-01 -4.872723437777732314e-01 -4.661633257727130220e-01 -4.593866706392628063e-01 -4.222380519267884269e-01 -3.951845570737232971e-01 -3.792471764135199042e-01 -3.683186035948119996e-01 -3.674170975793638605e-01 -3.530284859941363873e-01 -3.436898362788284311e-01 -3.397895703257952094e-01 -3.328403145495357762e-01 -3.135576759578973527e-01 -3.052545716667524611e-01 -2.938681241186407167e-01 -2.708741424850600321e-01 -2.616237740151060032e-01 -2.528978930378838474e-01 -2.386584961743398459e-01 -2.334803710667879284e-01 -2.273273596826579368e-01 -2.160758609111481654e-01 -2.099898565238209336e-01 -2.051173119330982342e-01 -1.971098756636368299e-01 -1.829975251519668777e-01 -1.714284333601031052e-01 -1.583956495180993129e-01 -1.503769382077276284e-01 -1.452709459526661528e-01 -1.422652709674496474e-01 -1.384033714347469857e-01 -1.257045045085546098e-01 -1.021471935312687068e-01 -8.697095431674312094e-02 -7.800745380189413880e-02 -7.216840533294746618e-02 -6.388001948066572566e-02 -5.533195252416313326e-02 -4.327123104251416608e-02 -3.502545570750772996e-02 -2.269382623056307932e-02 -1.417091554635874565e-02 -5.924441509049915844e-03 -3.474530949437255791e-03 3.474530949437218495e-03 5.924441509049880282e-03 1.417091554635866585e-02 2.269382623056308279e-02 3.502545570750757731e-02 4.327123104251421465e-02 5.533195252416289039e-02 6.388001948066583668e-02 7.216840533294754945e-02 7.800745380189325062e-02 8.697095431674299604e-02 1.021471935312698587e-01 1.257045045085544710e-01 1.384033714347491506e-01 1.422652709674493421e-01 1.452709459526675406e-01 1.503769382077288219e-01 1.583956495181009505e-01 1.714284333601054089e-01 1.829975251519692370e-01 1.971098756636388560e-01 2.051173119330960970e-01 2.099898565238185189e-01 2.160758609111494144e-01 2.273273596826581866e-01 2.334803710667909538e-01 2.386584961743408173e-01 2.528978930378840695e-01 2.616237740151046154e-01 2.708741424850623636e-01 2.938681241186388293e-01 3.052545716667552922e-01 3.135576759578995176e-01 3.328403145495377746e-01 3.397895703257907130e-01 3.436898362788259886e-01 3.530284859941361653e-01 3.674170975793617511e-01 3.683186035948110004e-01 3.792471764135195156e-01 3.951845570737251290e-01 4.222380519267884824e-01 4.593866706392661925e-01 4.661633257727138546e-01 4.872723437777695121e-01 4.892983304866629357e-01 5.067331450108167878e-01 5.144999528620605167e-01 5.243066002824731120e-01 5.321806266626111226e-01
-5.268818595847963859e-01 -5.173095237447812300e-01 -5.091934149052385061e-01 -5.012088131304723859e-01 -4.827685303352921009e-01 -4.800970716442342079e-01 -4.578733213098551968e-01 -4.511203932367739977e-01 -4.149237934663449479e-01 -3.887507975833062734e-01 -3.731282090745776658e-01 -3.636945868549076311e-01 -3.620449649075409004e-01 -3.483353751101427309e-01 -3.398179404406536097e-01 -3.353358832413540491e-01 -3.287975812874951997e-01 -3.080851540111661513e-01 -3.003138532826938323e-01 -2.908299990655277556e-01 -2.679691999051883600e-01 -2.562599183374289491e-01 -2.492863195564169743e-01 -2.366075009609651947e-01 -2.300731104357714996e-01 -2.240890579062401189e-01 -2.111087309769895393e-01 -2.080376582067881841e-01 -2.020253317248714986e-01 -1.925339451271126934e-01 -1.805234756612785763e-01 -1.699034791637018260e-01 -1.554549989904439877e-01 -1.475510199819077550e-01 -1.441805866054831076e-01 -1.404165139060159218e-01 -1.351999767403957720e-01 -1.251071237645445811e-01 -1.015204802656215627e-01 -8.667447011003727442e-02 -7.769993476754424866e-02 -7.111863411454397155e-02 -6.425143272807584682e-02 -5.447104493419229615e-02 -4.418364695003058201e-02 -3.287873137400780521e-02 -2.296924029814233215e-02 -1.356315217998721630e-02 -5.698642332719138989e-03 -3.236206970194762788e-03 3.236206970194793146e-03 5.698642332719330676e-03 1.356315217998718160e-02 2.296924029814241541e-02 3.287873137400793705e-02 4.418364695003074855e-02 5.447104493419298310e-02 6.425143272807558315e-02 7.111863411454297235e-02 7.769993476754397110e-02 8.667447011003777402e-02 1.015204802656222011e-01 1.251071237645428047e-01 1.351999767403957442e-01 1.404165139060173373e-01 1.441805866054831076e-01 1.475510199819091983e-01 1.554549989904441820e-01 1.699034791637016595e-01 1.805234756612796587e-01 1.925339451271119717e-01 2.020253317248715541e-01 2.080376582067884061e-01 2.111087309769870968e-01 2.240890579062374266e-01 2.300731104357710277e-01 2.366075009609635849e-01 2.492863195564150314e-01 2.562599183374311140e-01 2.679691999051890261e-01 2.908299990655328626e-01 3.003138532826902241e-01 3.080851540111637643e-01 3.287975812874938675e-01 3.353358832413547153e-01 3.398179404406542758e-01 3.483353751101384566e-01 3.620449649075376253e-01 3.636945868549105176e-01 3.731282090745760560e-01 3.887507975833101037e-01 4.149237934663449479e-01 4.511203932367751634e-01 4.578733213098547528e-01 4.800970716442342634e-01 4.827685303352853285e-01 5.012088131304703875e-01 5.091934149052391723e-01 5.173095237447816741e-01 5.268818595847969410e-01
-5.213865834048411196e-01 -5.103667201380011065e-01 -5.037531320841761584e-01 -4.955257289170685864e-01 -4.758736093169912973e-01 -4.725363159279495351e-01 -4.494802253298547656e-01 -4.427202381374510387e-01 -4.075041492707656143e-01 -3.822747030025621662e-01 -3.672175265984286563e-01 -3.597346380576198488e-01 -3.558626386493049520e-01 -3.436246533635654021e-01 -3.358380775756272252e-01 -3.305575152737211808e-01 -3.244258222254842172e-01 -3.025613543706906494e-01 -2.953792537010944130e-01 -2.874961465687491113e-01 -2.650675304369136120e-01 -2.510943134437704227e-01 -2.454591384757187078e-01 -2.342788781315189028e-01 -2.270176436099972384e-01 -2.202024519893278909e-01 -2.062277610566068398e-01 -2.059503176305020333e-01 -1.989660390167651838e-01 -1.879719283012801223e-01 -1.780553006988793707e-01 -1.683708351295930827e-01 -1.526177897605852929e-01 -1.453448864711570920e-01 -1.423619820904069300e-01 -1.384660675991349899e-01 -1.319917357360176624e-01 -1.242315498089882342e-01 -1.008492563147489057e-01 -8.637230369728801649e-02 -7.725145923802283210e-02 -7.011136935990772145e-02 -6.463663203109404343e-02 -5.357444060272516240e-02 -4.507820852531425199e-02 -3.078571884588411633e-02 -2.316086599438281837e-02 -1.303771557794903592e-02 -5.635154680260103313e-03 -2.747490802259041753e-03 2.747490802259050426e-03 5.635154680260094640e-03 1.303771557794906888e-02 2.316086599438271429e-02 3.078571884588426552e-02 4.507820852531381484e-02 5.357444060272440606e-02 6.463663203109432098e-02 7.011136935990788799e-02 7.725145923802355374e-02 8.637230369728887691e-02 1.008492563147486420e-01 1.242315498089884562e-01 1.319917357360181898e-01 1.384660675991357670e-01 1.423619820904062083e-01 1.453448864711582023e-01 1.526177897605855982e-01 1.683708351295944705e-01 1.780553006988817299e-01 1.879719283012833420e-01 1.989660390167679038e-01 2.059503176305016170e-01 2.062277610566069785e-01 2.202024519893272525e-01 2.270176436099987372e-01 2.342788781315231772e-01 2.454591384757184025e-01 2.510943134437708113e-01 2.650675304369169427e-01 2.874961465687523310e-01 2.953792537010973551e-01 3.025613543706917596e-01 3.244258222254848834e-01 3.305575152737235123e-01 3.358380775756266146e-01 3.436246533635641809e-01 3.558626386493073390e-01 3.597346380576200153e-01 3.672175265984293224e-01 3.822747030025580584e-01 4.075041492707685564e-01 4.427202381374519269e-01 4.494802253298623151e-01 4.725363159279523106e-01 4.758736093169891879e-01 4.955257289170700852e-01 5.037531320841776017e-01 5.103667201380029939e-01 5.213865834048458936e-01
-5.156693174313259354e-01 -5.034606030724750880e-01 -4.981354688709828116e-01 -4.896717584127633360e-01 -4.685845813339876154e-01 -4.646587133434442740e-01 -4.409820373932124005e-01 -4.341915283538200221e-01 -3.999789225944805904e-01 -3.757618592898833709e-01 -3.616042953302301410e-01 -3.554575113609519943e-01 -3.497861422217646288e-01 -3.388402986984539456e-01 -3.316769824336690542e-01 -3.254804251266410486e-01 -3.197377265660281687e-01 -2.970284706856946011e-01 -2.905416378583810522e-01 -2.837379140618896400e-01 -2.621250807760102108e-01 -2.463511632650909056e-01 -2.413233195909665341e-01 -2.315794898278953351e-01 -2.240654639199223808e-01 -2.159004269568692014e-01 -2.040217686493565330e-01 -2.011689166068889034e-01 -1.959072889917635174e-01 -1.834534522160325420e-01 -1.755563812040298599e-01 -1.668060445028406724e-01 -1.498822343366963128e-01 -1.438952676655812224e-01 -1.397677154541747124e-01 -1.363691551853748740e-01 -1.287977426015542715e-01 -1.230410592420307786e-01 -1.001247708915472961e-01 -8.604099031634444839e-02 -7.667721904198934735e-02 -6.915373349968183259e-02 -6.499808951359412057e-02 -5.266008048834754790e-02 -4.592725013051233290e-02 -2.884121543272721508e-02 -2.320280329310022219e-02 -1.258469411209735267e-02 -5.722243145076620109e-03 -2.045427309456050464e-03 2.045427309456015769e-03 5.722243145076649599e-03 1.258469411209736134e-02 2.320280329310022219e-02 2.884121543272716651e-02 4.592725013051267985e-02 5.266008048834729116e-02 6.499808951359435649e-02 6.915373349968099992e-02 7.667721904198862570e-02 8.604099031634492023e-02 1.001247708915467965e-01 1.230410592420293769e-01 1.287977426015540217e-01 1.363691551853757344e-01 1.397677154541743239e-01 1.438952676655818053e-01 1.498822343366958965e-01 1.668060445028415884e-01 1.755563812040285554e-01 1.834534522160348735e-01 1.959072889917605753e-01 2.011689166068891532e-01 2.040217686493585592e-01 2.159004269568688683e-01 2.240654639199219367e-01 2.315794898278979164e-01 2.413233195909645634e-01 2.463511632650941252e-01 2.621250807760119317e-01 2.837379140618893625e-01 2.905416378583813297e-01 2.970284706856929913e-01 3.197377265660262813e-01 3.254804251266433801e-01 3.316769824336698869e-01 3.388402986984514476e-01 3.497861422217669047e-01 3.554575113609550474e-01 3.616042953302306961e-01 3.757618592898852028e-01 3.999789225944816451e-01 4.341915283538205217e-01 4.409820373932013537e-01 4.646587133434390005e-01 4.685845813339895582e-01 4.896717584127595613e-01 4.981354688709829226e-01 5.034606030724717574e-01 5.156693174313269346e-01
-5.097100089506042542e-01 -4.965592943554644201e-01 -4.923059653817467018e-01 -4.836273932568660450e-01 -4.609064981763578706e-01 -4.565047823763596635e-01 -4.323764020408092934e-01 -4.255372500611908082e-01 -3.923480344642111817e-01 -3.692182998129459048e-01 -3.563520979139009892e-01 -3.507982596478352866e-01 -3.438323667200636757e-01 -3.339354733857775592e-01 -3.272638542701852282e-01 -3.201072738833012354e-01 -3.147713620175994209e-01 -2.915410255073738188e-01 -2.858624729856790170e-01 -2.794406222141946894e-01 -2.590991094752341239e-01 -2.422667464322766917e-01 -2.367453722582603948e-01 -2.284696142368930760e-01 -2.209798527628896170e-01 -2.113808907444693352e-01 -2.019144994074560384e-01 -1.963475008935063881e-01 -1.927606601953787413e-01 -1.790386794143957461e-01 -1.729563019977787552e-01 -1.651868479547554946e-01 -1.472645840733850797e-01 -1.426684228595583581e-01 -1.370814309470504144e-01 -1.339994517588374567e-01 -1.256285709860492372e-01 -1.215084780852483393e-01 -9.934168733340893731e-02 -8.565142503009516572e-02 -7.600230030350300925e-02 -6.825317707715916615e-02 -6.529418129851005670e-02 -5.175553683653798948e-02 -4.670263335990861020e-02 -2.721080323886983926e-02 -2.295139481462456568e-02 -1.219221274323108693e-02 -5.903264187184354035e-03 -1.214553066519562805e-03 1.214553066519415787e-03 5.903264187184348831e-03 1.219221274323098285e-02 2.295139481462456915e-02 2.721080323886991559e-02 4.670263335990851306e-02 5.175553683653794090e-02 6.529418129850997343e-02 6.825317707715865267e-02 7.600230030350391131e-02 8.565142503009601227e-02 9.934168733341022794e-02 1.215084780852487001e-01 1.256285709860487099e-01 1.339994517588376788e-01 1.370814309470503867e-01 1.426684228595608839e-01 1.472645840733872169e-01 1.651868479547528301e-01 1.729563019977758687e-01 1.790386794143937477e-01 1.927606601953781307e-01 1.963475008935081922e-01 2.019144994074563992e-01 2.113808907444706675e-01 2.209798527628900611e-01 2.284696142368927707e-01 2.367453722582626985e-01 2.422667464322754982e-01 2.590991094752326251e-01 2.794406222141931906e-01 2.858624729856805158e-01 2.915410255073757062e-01 3.147713620175952021e-01 3.201072738833019571e-01 3.272638542701812869e-01 3.339354733857769486e-01 3.438323667200619549e-01 3.507982596478341764e-01 3.563520979139004341e-01 3.692182998129438509e-01 3.923480344642136797e-01 4.255372500611915298e-01 4.323764020408088493e-01 4.565047823763618839e-01 4.609064981763587587e-01 4.836273932568663225e-01 4.923059653817494774e-01 4.965592943554626992e-01 5.097100089506105824e-01
-5.034904552402814648e-01 -4.896232716265890295e-01 -4.862357977960951039e-01 -4.773693926954419853e-01 -4.528593748884024439e-01 -4.481010599321099130e-01 -4.236606879388389313e-01 -4.167587320442675547e-01 -3.846117021047292250e-01 -3.626502353335006035e-01 -3.514121265260281013e-01 -3.457917022875431345e-01 -3.380123329386981457e-01 -3.288788968556645709e-01 -3.225306407664758068e-01 -3.144293029709047671e-01 -3.095806723222501722e-01 -2.861728568259641059e-01 -2.812731015330344753e-01 -2.745976848288169125e-01 -2.559499077722433569e-01 -2.388010139808633692e-01 -2.318248757475262767e-01 -2.249539847112237700e-01 -2.176111384733739607e-01 -2.067529237412210896e-01 -1.997277473619583354e-01 -1.919280085901307054e-01 -1.892456327850561004e-01 -1.748592629009591559e-01 -1.701099621031365305e-01 -1.634925380917915672e-01 -1.448038776666250582e-01 -1.413932261387876865e-01 -1.346688280388601000e-01 -1.312453574665449485e-01 -1.224971154457184935e-01 -1.196190523960575791e-01 -9.849834050387905326e-02 -8.517249755110947729e-02 -7.525902811962960348e-02 -6.743158138365816512e-02 -6.546334645259639651e-02 -5.091402194203938081e-02 -4.735449246982557231e-02 -2.613323987922787708e-02 -2.219028037347916052e-02 -1.185191671349718201e-02 -6.130773020975308248e-03 -3.286084623983584084e-04 3.286084623984225931e-04 6.130773020975113959e-03 1.185191671349729303e-02 2.219028037347920562e-02 2.613323987922812688e-02 4.735449246982576660e-02 5.091402194203928366e-02 6.546334645259639651e-02 6.743158138365783205e-02 7.525902811962977002e-02 8.517249755110840870e-02 9.849834050387956674e-02 1.196190523960567742e-01 1.224971154457185490e-01 1.312453574665448930e-01 1.346688280388607384e-01 1.413932261387871037e-01 1.448038776666255023e-01 1.634925380917917337e-01 1.701099621031361697e-01 1.748592629009579347e-01 1.892456327850544073e-01 1.919280085901288457e-01 1.997277473619601951e-01 2.067529237412214227e-01 2.176111384733728782e-01 2.249539847112231872e-01 2.318248757475287192e-01 2.388010139808682264e-01 2.559499077722474647e-01 2.745976848288170236e-01 2.812731015330349194e-01 2.861728568259629402e-01 3.095806723222541135e-01 3.144293029709062659e-01 3.225306407664744746e-01 3.288788968556686232e-01 3.380123329386954811e-01 3.457917022875452995e-01 3.514121265260317650e-01 3.626502353334992712e-01 3.846117021047335549e-01 4.167587320442672771e-01 4.236606879388394309e-01 4.481010599321130772e-01 4.528593748884015002e-01 4.773693926954402644e-01 4.862357977960954925e-01 4.896232716265868090e-01 5.034904552402797995e-01
-4.969913956158905077e-01 -4.826105370742314604e-01 -4.798988525578550268e-01 -4.708725471826257225e-01 -4.444688458463741387e-01 -4.394654856315141078e-01 -4.148320361881959739e-01 -4.078560997763575613e-01 -3.767706826098387585e-01 -3.560636593968161123e-01 -3.466276667138745160e-01 -3.405617966455644074e-01 -3.323274756290327536e-01 -3.236533430074978179e-01 -3.174180110433975077e-01 -3.084429759810544680e-01 -3.042231170443849275e-01 -2.810040555546383101e-01 -2.765781835501325836e-01 -2.693210059361405562e-01 -2.526404916169822101e-01 -2.357144465449520498e-01 -2.268482905889549206e-01 -2.210292578433688537e-01 -2.138769058739212747e-01 -2.020869538941709176e-01 -1.974295886482334006e-01 -1.882869682125359601e-01 -1.849886992648855921e-01 -1.711319262150077514e-01 -1.667838982385027868e-01 -1.617024603496144408e-01 -1.425629851670415504e-01 -1.399552873846567902e-01 -1.324912211208415236e-01 -1.281951446824626251e-01 -1.194336520214213521e-01 -1.173603031974833899e-01 -9.759633302927968324e-02 -8.457434376112922536e-02 -7.448600786011976005e-02 -6.676281083233825964e-02 -6.538471206362216070e-02 -5.026638702416708765e-02 -4.775724472394245190e-02 -2.561322628662342227e-02 -2.094220791855809505e-02 -1.156308109719295790e-02 -6.368248404343952382e-03 -5.536212934789741047e-04 5.536212934788610224e-04 6.368248404343952382e-03 1.156308109719301862e-02 2.094220791855822689e-02 2.561322628662349166e-02 4.775724472394263231e-02 5.026638702416707377e-02 6.538471206362178600e-02 6.676281083233892577e-02 7.448600786012002373e-02 8.457434376112836494e-02 9.759633302927891996e-02 1.173603031974825434e-01 1.194336520214229758e-01 1.281951446824630414e-01 1.324912211208440216e-01 1.399552873846559575e-01 1.425629851670426329e-01 1.617024603496146351e-01 1.667838982385024260e-01 1.711319262150114984e-01 1.849886992648850093e-01 1.882869682125368205e-01 1.974295886482344276e-01 2.020869538941726107e-01 2.138769058739205808e-01 2.210292578433662725e-01 2.268482905889547818e-01 2.357144465449493853e-01 2.526404916169794346e-01 2.693210059361408337e-01 2.765781835501354702e-01 2.810040555546382546e-01 3.042231170443882582e-01 3.084429759810536908e-01 3.174180110433921231e-01 3.236533430074985396e-01 3.323274756290320320e-01 3.405617966455656842e-01 3.466276667138737388e-01 3.560636593968144470e-01 3.767706826098443096e-01 4.078560997763588936e-01 4.148320361881923102e-01 4.394654856315169944e-01 4.444688458463749159e-01 4.708725471826238906e-01 4.798988525578561370e-01 4.826105370742316270e-01 4.969913956158912294e-01
-4.901798140449614705e-01 -4.754801351371913398e-01 -4.732694283592209228e-01 -4.641102251311663984e-01 -4.357608752527454277e-01 -4.306100576208007902e-01 -4.058873926065364457e-01 -3.988285878869962109e-01 -3.688266207924777995e-01 -3.494639539869083822e-01 -3.418414769617665327e-01 -3.352130951162438643e-01 -3.267640452110149862e-01 -3.182460379655253635e-01 -3.118907202834118597e-01 -3.021586775058456853e-01 -2.987503832786488345e-01 -2.760502541990588199e-01 -2.716262550213482396e-01 -2.637426232314188934e-01 -2.491351954933713198e-01 -2.328037832681562891e-01 -2.220837145505901999e-01 -2.166317499544297975e-01 -2.097565645225904774e-01 -1.974972010131216260e-01 -1.949217589032935516e-01 -1.851379830078711541e-01 -1.802833723481937211e-01 -1.679200086342233500e-01 -1.628970005903157825e-01 -1.597904864793217028e-01 -1.405944540578324686e-01 -1.382891197610922329e-01 -1.303826724842492568e-01 -1.250044438150483272e-01 -1.164879117326743513e-01 -1.147161696063073999e-01 -9.663906484324608082e-02 -8.383136347228781204e-02 -7.372720534887647337e-02 -6.633213063467714721e-02 -6.491838878622738229e-02 -5.005443740513793732e-02 -4.767495840590484091e-02 -2.537309581301618044e-02 -1.952123662221978348e-02 -1.133631270355382747e-02 -6.579962878622832440e-03 -1.378507702314201106e-03 1.378507702314222139e-03 6.579962878622852389e-03 1.133631270355385003e-02 1.952123662221977307e-02 2.537309581301643718e-02 4.767495840590479234e-02 5.005443740513772916e-02 6.491838878622789577e-02 6.633213063467764681e-02 7.372720534887611255e-02 8.383136347228753449e-02 9.663906484324559509e-02 1.147161696063083991e-01 1.164879117326751840e-01 1.250044438150489934e-01 1.303826724842496454e-01 1.382891197610914835e-01 1.405944540578329960e-01 1.597904864793231738e-01 1.628970005903163376e-01 1.679200086342232112e-01 1.802833723481945816e-01 1.851379830078693223e-01 1.949217589032916087e-01 1.974972010131238465e-01 2.097565645225897557e-01 2.166317499544281322e-01 2.220837145505883126e-01 2.328037832681550956e-01 2.491351954933735124e-01 2.637426232314163399e-01 2.716262550213527915e-01 2.760502541990629277e-01 2.987503832786497782e-01 3.021586775058464625e-01 3.118907202834132475e-01 3.182460379655281391e-01 3.267640452110118221e-01 3.352130951162416994e-01 3.418414769617686977e-01 3.494639539869092149e-01 3.688266207924781326e-01 3.988285878869954892e-01 4.058873926065331705e-01 4.306100576207991248e-01 4.357608752527438178e-01 4.641102251311698401e-01 4.732694283592214224e-01 4.754801351371908957e-01 4.901798140449620811e-01
-4.821058068666227991e-01 -4.681936294791744224e-01 -4.663204523602589302e-01 -4.570541742267474339e-01 -4.267588726244928576e-01 -4.215424466857239927e-01 -3.968235320005342737e-01 -3.896747637980707002e-01 -3.607825626453277090e-01 -3.428559275627319769e-01 -3.369448581601579562e-01 -3.297849152793282945e-01 -3.212897450403200406e-01 -3.126377423157505886e-01 -3.059513464773477298e-01 -2.956023270316415763e-01 -2.932012016279150757e-01 -2.712022869072148179e-01 -2.664269226915894628e-01 -2.579605235366123628e-01 -2.453976201364767296e-01 -2.299376749017517652e-01 -2.176559136059098010e-01 -2.117229848652928403e-01 -2.052845152205227397e-01 -1.935193661031097689e-01 -1.916729024022162386e-01 -1.821359238279872672e-01 -1.754942167267748709e-01 -1.649754341163679472e-01 -1.587386267137236850e-01 -1.576586013999300706e-01 -1.388520641487021035e-01 -1.364223183895742486e-01 -1.282382836364354961e-01 -1.217593006938729183e-01 -1.136580404566034652e-01 -1.117300552339456354e-01 -9.562893798223676134e-02 -8.292535095233954934e-02 -7.302739242617338478e-02 -6.598108931592150395e-02 -6.416494287723110979e-02 -5.025860308902581342e-02 -4.713244907457039140e-02 -2.521606123787817691e-02 -1.817182777375882588e-02 -1.119640973800301378e-02 -6.726541860753524824e-03 -2.088105402028151043e-03 2.088105402028153212e-03 6.726541860753520487e-03 1.119640973800303113e-02 1.817182777375892302e-02 2.521606123787802078e-02 4.713244907457032895e-02 5.025860308902626444e-02 6.416494287723115142e-02 6.598108931592172599e-02 7.302739242617345417e-02 8.292535095233913300e-02 9.562893798223646991e-02 1.117300552339453301e-01 1.136580404566042007e-01 1.217593006938759159e-01 1.282382836364364398e-01 1.364223183895727221e-01 1.388520641487003826e-01 1.576586013999277669e-01 1.587386267137220752e-01 1.649754341163684190e-01 1.754942167267754261e-01 1.821359238279872950e-01 1.916729024022166827e-01 1.935193661031108792e-01 2.052845152205220458e-01 2.117229848652901480e-01 2.176559136059080246e-01 2.299376749017512100e-01 2.453976201364755083e-01 2.579605235366106974e-01 2.664269226915896294e-01 2.712022869072170383e-01 2.932012016279187949e-01 2.956023270316386342e-01 3.059513464773476188e-01 3.126377423157544744e-01 3.212897450403194854e-01 3.297849152793284055e-01 3.369448581601572901e-01 3.428559275627326430e-01 3.607825626453242673e-01 3.896747637980686463e-01 3.968235320005267242e-01 4.215424466857251029e-01 4.267588726244905262e-01 4.570541742267473229e-01 4.663204523602589857e-01 4.681936294791694264e-01 4.821058068666171925e-01
-4.720849202273915690e-01 -4.607143521415438259e-01 -4.590219763635021710e-01 -4.496738264191278978e-01 -4.174824074543658781e-01 -4.122670787394984715e-01 -3.876370793058889763e-01 -3.803926970279368214e-01 -3.526437326586306931e-01 -3.362454944890131969e-01 -3.318630878472735857e-01 -3.242694079885144465e-01 -3.158565647854986169e-01 -3.068014524903688311e-01 -2.996373489144888991e-01 -2.888321417538414759e-01 -2.875768321212593959e-01 -2.663010164371218957e-01 -2.610736167625376525e-01 -2.520453744877772517e-01 -2.413879189078795007e-01 -2.270320822438811059e-01 -2.134747371327186116e-01 -2.064053889261094898e-01 -2.005284977316563466e-01 -1.905505497560721628e-01 -1.872822300301043852e-01 -1.791595210564182472e-01 -1.707865656827012302e-01 -1.620283063060665996e-01 -1.557379292420159045e-01 -1.540667761888945275e-01 -1.372116921428974401e-01 -1.344386453120798297e-01 -1.260194197039894715e-01 -1.184930111206459191e-01 -1.108663119088229981e-01 -1.085226594825718371e-01 -9.456339136330285666e-02 -8.184860783992005395e-02 -7.242028059319148559e-02 -6.551186484586800363e-02 -6.327317008452519598e-02 -5.059461113042538344e-02 -4.641733652577001434e-02 -2.506042220074867002e-02 -1.703174511685170631e-02 -1.117902549311566678e-02 -6.775889400366386962e-03 -2.611328087140983231e-03 2.611328087141010987e-03 6.775889400366355737e-03 1.117902549311547943e-02 1.703174511685149814e-02 2.506042220074875676e-02 4.641733652576972985e-02 5.059461113042526548e-02 6.327317008452433555e-02 6.551186484586862813e-02 7.242028059319133293e-02 8.184860783991849964e-02 9.456339136330245421e-02 1.085226594825714347e-01 1.108663119088236365e-01 1.184930111206449199e-01 1.260194197039894715e-01 1.344386453120786917e-01 1.372116921428966074e-01 1.540667761888948606e-01 1.557379292420150441e-01 1.620283063060670159e-01 1.707865656827030065e-01 1.791595210564185803e-01 1.872822300301032195e-01 1.905505497560719963e-01 2.005284977316539874e-01 2.064053889261123487e-01 2.134747371327193333e-01 2.270320822438846309e-01 2.413879189078769194e-01 2.520453744877744207e-01 2.610736167625385407e-01 2.663010164371233945e-01 2.875768321212615608e-01 2.888321417538398106e-01 2.996373489144892321e-01 3.068014524903663887e-01 3.158565647854947867e-01 3.242694079885143910e-01 3.318630878472742518e-01 3.362454944890146957e-01 3.526437326586323029e-01 3.803926970279357667e-01 3.876370793058880326e-01 4.122670787395031344e-01 4.174824074543644903e-01 4.496738264191310619e-01 4.590219763635036143e-01 4.607143521415459353e-01 4.720849202273885159e-01
-4.619048809109646547e-01 -4.530052368579295385e-01 -4.513383963990384995e-01 -4.419352546400673876e-01 -4.079469072334308555e-01 -4.027858883075741692e-01 -3.783245310426385788e-01 -3.709800981909735507e-01 -3.444187310416526038e-01 -3.296460457149489320e-01 -3.265291600721013654e-01 -3.186352784157789331e-01 -3.104084647443948186e-01 -3.007106209543572439e-01 -2.930034772458252057e-01 -2.823092803704373988e-01 -2.814632365421688154e-01 -2.612280061681676036e-01 -2.556400208737176771e-01 -2.460591810887488018e-01 -2.370594758825602666e-01 -2.240308314010736324e-01 -2.093707050710972850e-01 -2.008299912517719221e-01 -1.955699192273703257e-01 -1.877390896042593349e-01 -1.825871203639860552e-01 -1.761571494917265335e-01 -1.662944315595044076e-01 -1.588776291724905976e-01 -1.533379691972554248e-01 -1.496558121687255327e-01 -1.355804187864696198e-01 -1.323682831147445227e-01 -1.237275391512930173e-01 -1.152151598316373954e-01 -1.080575575485673845e-01 -1.051915779683986474e-01 -9.343032069979068099e-02 -8.060630822160072539e-02 -7.191301248988325734e-02 -6.485821518386836182e-02 -6.228499277539940870e-02 -5.091408119601298354e-02 -4.567815436941404655e-02 -2.487508263846176237e-02 -1.618356174322534147e-02 -1.131376251229477409e-02 -6.735259432971085584e-03 -2.860417315376428612e-03 2.860417315376330601e-03 6.735259432971025736e-03 1.131376251229498572e-02 1.618356174322524432e-02 2.487508263846170686e-02 4.567815436941442125e-02 5.091408119601328885e-02 6.228499277539928380e-02 6.485821518386845896e-02 7.191301248988350714e-02 8.060630822160005926e-02 9.343032069979165244e-02 1.051915779683983976e-01 1.080575575485704237e-01 1.152151598316390191e-01 1.237275391512957373e-01 1.323682831147452166e-01 1.355804187864686761e-01 1.496558121687244780e-01 1.533379691972554804e-01 1.588776291724895706e-01 1.662944315595067946e-01 1.761571494917252845e-01 1.825871203639855278e-01 1.877390896042578361e-01 1.955699192273745446e-01 2.008299912517695351e-01 2.093707050710960360e-01 2.240308314010718838e-01 2.370594758825602111e-01 2.460591810887464148e-01 2.556400208737194535e-01 2.612280061681665488e-01 2.814632365421687044e-01 2.823092803704398412e-01 2.930034772458255388e-01 3.007106209543575215e-01 3.104084647443910994e-01 3.186352784157774898e-01 3.265291600720993115e-01 3.296460457149517076e-01 3.444187310416587655e-01 3.709800981909704976e-01 3.783245310426415764e-01 4.027858883075720042e-01 4.079469072334296342e-01 4.419352546400675541e-01 4.513383963990373338e-01 4.530052368579295385e-01 4.619048809109638221e-01
-4.516493645647600697e-01 -4.450277894752452390e-01 -4.432205532596462105e-01 -4.338000025025418038e-01 -3.981638774240285339e-01 -3.930988498704313661e-01 -3.688822800042052541e-01 -3.614344462589624274e-01 -3.361213865224650932e-01 -3.230933033434638668e-01 -3.208564517513536885e-01 -3.128413161938735643e-01 -3.048891523463275188e-01 -2.943468923386623470e-01 -2.861047015342862987e-01 -2.765805407811493533e-01 -2.743434340313652409e-01 -2.559194482146059380e-01 -2.501581999088045016e-01 -2.400675063436695233e-01 -2.323571083291631478e-01 -2.208937145278424830e-01 -2.052163513324644084e-01 -1.950998315259887816e-01 -1.905074896176560950e-01 -1.847885206604630848e-01 -1.778443767239823725e-01 -1.730943037108829130e-01 -1.621553388807279450e-01 -1.553672246506100363e-01 -1.507580602371168532e-01 -1.452286693109968441e-01 -1.339105859697984346e-01 -1.301807798669538940e-01 -1.213810814250106396e-01 -1.119263295071921543e-01 -1.052193638899743822e-01 -1.017938509446871254e-01 -9.220324854578278162e-02 -7.921734537760580230e-02 -7.148049322386086646e-02 -6.402502350259628439e-02 -6.120177015003201715e-02 -5.116177628319047016e-02 -4.496584231014110616e-02 -2.465093086465067890e-02 -1.566249839015979028e-02 -1.160386744124906715e-02 -6.668154730016456061e-03 -2.755559862024619094e-03 2.755559862024619094e-03 6.668154730016394478e-03 1.160386744124898561e-02 1.566249839015978682e-02 2.465093086465068237e-02 4.496584231014170985e-02 5.116177628319078935e-02 6.120177015003226695e-02 6.402502350259660358e-02 7.148049322386039461e-02 7.921734537760528883e-02 9.220324854578161589e-02 1.017938509446889295e-01 1.052193638899754785e-01 1.119263295071913772e-01 1.213810814250117359e-01 1.301807798669534222e-01 1.339105859697980461e-01 1.452286693109972882e-01 1.507580602371172418e-01 1.553672246506102583e-01 1.621553388807285279e-01 1.730943037108843563e-01 1.778443767239839823e-01 1.847885206604612529e-01 1.905074896176544852e-01 1.950998315259876714e-01 2.052163513324616051e-01 2.208937145278424830e-01 2.323571083291617045e-01 2.400675063436698564e-01 2.501581999088038910e-01 2.559194482146086580e-01 2.743434340313655739e-01 2.765805407811485206e-01 2.861047015342873534e-01 2.943468923386639013e-01 3.048891523463220787e-01 3.128413161938756182e-01 3.208564517513539105e-01 3.230933033434635337e-01 3.361213865224633723e-01 3.614344462589629270e-01 3.688822800042062533e-01 3.930988498704328094e-01 3.981638774240235934e-01 4.338000025025382511e-01 4.432205532596459330e-01 4.450277894752506791e-01 4.516493645647573496e-01
-4.413906576799169756e-01 -4.367435470226405103e-01 -4.345922444285510999e-01 -4.252243810736658358e-01 -3.881413421622603721e-01 -3.832043539488410033e-01 -3.593066461346058338e-01 -3.517531207414308358e-01 -3.277735599858584981e-01 -3.166375835751479850e-01 -3.147394914628907081e-01 -3.068418597595752861e-01 -2.992467687347206140e-01 -2.877023441910885326e-01 -2.789877770837245197e-01 -2.709472670750095458e-01 -2.669267488336424243e-01 -2.503519445812495969e-01 -2.446285201974311152e-01 -2.341367825892702592e-01 -2.272255412920765050e-01 -2.175889325987203637e-01 -2.009346124113374210e-01 -1.892715317315933066e-01 -1.855113472976248346e-01 -1.815259617579403351e-01 -1.731071837124507073e-01 -1.699388719919882051e-01 -1.584231083521590033e-01 -1.514792203000339954e-01 -1.478853797417623572e-01 -1.408694224036604881e-01 -1.321738061191351787e-01 -1.278167450431948737e-01 -1.189988221888428066e-01 -1.086255372497019339e-01 -1.023619978458935598e-01 -9.837293961833760980e-02 -9.083552049746326795e-02 -7.771370720576099844e-02 -7.107528153591749498e-02 -6.304434018100574244e-02 -6.001812341825277231e-02 -5.131089569152118973e-02 -4.429730164747392590e-02 -2.439120118264146569e-02 -1.545321607037523741e-02 -1.202690451977089098e-02 -6.640929558549515076e-03 -2.292210495804733895e-03 2.292210495804746905e-03 6.640929558549456962e-03 1.202690451977073138e-02 1.545321607037528772e-02 2.439120118264162529e-02 4.429730164747458510e-02 5.131089569152211954e-02 6.001812341825298741e-02 6.304434018100596449e-02 7.107528153591669007e-02 7.771370720576066538e-02 9.083552049746193569e-02 9.837293961833790124e-02 1.023619978458946977e-01 1.086255372497020449e-01 1.189988221888408637e-01 1.278167450431951235e-01 1.321738061191357616e-01 1.408694224036614040e-01 1.478853797417619409e-01 1.514792203000340232e-01 1.584231083521603634e-01 1.699388719919878443e-01 1.731071837124494861e-01 1.815259617579423057e-01 1.855113472976222533e-01 1.892715317315962764e-01 2.009346124113385035e-01 2.175889325987222511e-01 2.272255412920772821e-01 2.341367825892707033e-01 2.446285201974321422e-01 2.503519445812511512e-01 2.669267488336432570e-01 2.709472670750088241e-01 2.789877770837250193e-01 2.877023441910919188e-01 2.992467687347195593e-01 3.068418597595743980e-01 3.147394914628910967e-01 3.166375835751497059e-01 3.277735599858606630e-01 3.517531207414306138e-01 3.593066461346040574e-01 3.832043539488409478e-01 3.881413421622577631e-01 4.252243810736613394e-01 4.345922444285523212e-01 4.367435470226408434e-01 4.413906576799167536e-01
-4.312134280830817734e-01 -4.281145373785023578e-01 -4.253518348717171826e-01 -4.161606666945140143e-01 -3.778843346070295817e-01 -3.730994729078063177e-01 -3.495939170321937794e-01 -3.419335565065160787e-01 -3.194089897191823013e-01 -3.102173048601912231e-01 -3.081762903910042484e-01 -3.005878300688200611e-01 -2.934351612527140718e-01 -2.807779972601906482e-01 -2.716898040040602313e-01 -2.652885691235853938e-01 -2.593269414789040050e-01 -2.445295881033897889e-01 -2.390293286708595755e-01 -2.283065943143007814e-01 -2.216409424267873907e-01 -2.140868867184854141e-01 -1.964801906037813850e-01 -1.833774148454919151e-01 -1.809391012755344752e-01 -1.776163022390624402e-01 -1.684003431839216081e-01 -1.666526556153970773e-01 -1.549939569731746125e-01 -1.474559765296577785e-01 -1.445375702906798732e-01 -1.366407754599539004e-01 -1.303436038611999748e-01 -1.252063941879019426e-01 -1.165909755527755609e-01 -1.053148824237071790e-01 -9.951014412584373303e-02 -9.497760646365892290e-02 -8.925174136945869530e-02 -7.613972202068156059e-02 -7.064042385264618362e-02 -6.194951768743215542e-02 -5.873370462394725267e-02 -5.134336664908482895e-02 -4.367407130382139346e-02 -2.410827526030797155e-02 -1.550111337373235622e-02 -1.255180519551089488e-02 -6.672430397192234859e-03 -1.569072394565967487e-03 1.569072394566019312e-03 6.672430397192317258e-03 1.255180519551084804e-02 1.550111337373208734e-02 2.410827526030784318e-02 4.367407130382104652e-02 5.134336664908491915e-02 5.873370462394723879e-02 6.194951768743193338e-02 7.064042385264593382e-02 7.613972202068151895e-02 8.925174136945838999e-02 9.497760646365896453e-02 9.951014412584262281e-02 1.053148824237079006e-01 1.165909755527755332e-01 1.252063941879023867e-01 1.303436038612014736e-01 1.366407754599528179e-01 1.445375702906807058e-01 1.474559765296568348e-01 1.549939569731733913e-01 1.666526556153983818e-01 1.684003431839212195e-01 1.776163022390637725e-01 1.809391012755333650e-01 1.833774148454888897e-01 1.964801906037811075e-01 2.140868867184869684e-01 2.216409424267886674e-01 2.283065943143032794e-01 2.390293286708570497e-01 2.445295881033902607e-01 2.593269414789051153e-01 2.652885691235832843e-01 2.716898040040577889e-01 2.807779972601910368e-01 2.934351612527119624e-01 3.005878300688205051e-01 3.081762903910066909e-01 3.102173048601905569e-01 3.194089897191826899e-01 3.419335565065139693e-01 3.495939170321926137e-01 3.730994729078093153e-01 3.778843346070245857e-01 4.161606666945114053e-01 4.253518348717185149e-01 4.281145373785021357e-01 4.312134280830818844e-01
-4.211380868242119990e-01 -4.190951175862590028e-01 -4.154336897417251206e-01 -4.065626325281601061e-01 -3.673953529888610570e-01 -3.627801474933375347e-01 -3.397404024656662247e-01 -3.319734430368188050e-01 -3.110767763462562452e-01 -3.036347447138018074e-01 -3.012905212323850335e-01 -2.940262327305514511e-01 -2.874127345743482387e-01 -2.735812653720789966e-01 -2.642402646966203195e-01 -2.595583921596122945e-01 -2.515685301976995913e-01 -2.384744500031069359e-01 -2.333234620376460899e-01 -2.225556542819029371e-01 -2.156523501912037122e-01 -2.103496460553084813e-01 -1.918265991881935029e-01 -1.774605507861925502e-01 -1.769850128077060381e-01 -1.728765869066602734e-01 -1.637648648930335182e-01 -1.631616991959554952e-01 -1.517002020921068284e-01 -1.436344985453632539e-01 -1.405103479029873592e-01 -1.326122824542815548e-01 -1.283831131155118155e-01 -1.222816854446168028e-01 -1.141561782110086659e-01 -1.020037349558017975e-01 -9.669943386787253903e-02 -9.167474379937681772e-02 -8.733904472298952004e-02 -7.455353686939361624e-02 -7.011235899047491005e-02 -6.076447433764993467e-02 -5.735763080873768766e-02 -5.124367378380769583e-02 -4.308745340419306569e-02 -2.382275619615027012e-02 -1.573451830060116838e-02 -1.314990735628170093e-02 -6.766190326819863758e-03 -7.263571608821005679e-04 7.263571608820542725e-04 6.766190326819886310e-03 1.314990735628183624e-02 1.573451830060113021e-02 2.382275619615029094e-02 4.308745340419360692e-02 5.124367378380816074e-02 5.735763080873790276e-02 6.076447433765027467e-02 7.011235899047511821e-02 7.455353686939431013e-02 8.733904472298981148e-02 9.167474379937715079e-02 9.669943386787439865e-02 1.020037349558013395e-01 1.141561782110094569e-01 1.222816854446185514e-01 1.283831131155117877e-01 1.326122824542823320e-01 1.405103479029874147e-01 1.436344985453644751e-01 1.517002020921073835e-01 1.631616991959544960e-01 1.637648648930351003e-01 1.728765869066579974e-01 1.769850128077057050e-01 1.774605507861917175e-01 1.918265991881915322e-01 2.103496460553110625e-01 2.156523501912020191e-01 2.225556542819017991e-01 2.333234620376449242e-01 2.384744500031022452e-01 2.515685301976992583e-01 2.595583921596097965e-01 2.642402646966207636e-01 2.735812653720777199e-01 2.874127345743479056e-01 2.940262327305504519e-01 3.012905212323828130e-01 3.036347447138028066e-01 3.110767763462546354e-01 3.319734430368207478e-01 3.397404024656668353e-01 3.627801474933426973e-01 3.673953529888634995e-01 4.065626325281559983e-01 4.154336897417220120e-01 4.190951175862586142e-01 4.211380868242114994e-01
-4.110305486540809516e-01 -4.095881000061489807e-01 -4.048725360808930751e-01 -3.963969566234206154e-01 -3.566747491268167369e-01 -3.522413156948712154e-01 -3.297425088177858288e-01 -3.218709974101957583e-01 -3.028373949623570649e-01 -2.967267678815023735e-01 -2.941651329667651082e-01 -2.871015294372936122e-01 -2.811396107810530398e-01 -2.661237091838441482e-01 -2.566661663458705833e-01 -2.537085728729575607e-01 -2.436656335806598184e-01 -2.322183140338703322e-01 -2.274640635428935853e-01 -2.168111761983528285e-01 -2.094137196099630782e-01 -2.062859091163803948e-01 -1.869591929781437567e-01 -1.733728833027076699e-01 -1.714423429035654145e-01 -1.677289306557830373e-01 -1.596149214341358591e-01 -1.589924584853749934e-01 -1.484100560446598716e-01 -1.399828275645584041e-01 -1.359407521551455333e-01 -1.288677728025460489e-01 -1.262196241378893413e-01 -1.189973344646678283e-01 -1.116812818250568079e-01 -9.871456132730996313e-02 -9.396346323933217615e-02 -8.853531199904723925e-02 -8.497110109156122415e-02 -7.303144192330414397e-02 -6.941385345678895147e-02 -5.950474600835547329e-02 -5.590956458928244416e-02 -5.099613454077689401e-02 -4.251972958952024428e-02 -2.356357905310925774e-02 -1.608340323291189422e-02 -1.379532539413993834e-02 -6.945236671202057073e-03 -1.093823546197339453e-04 1.093823546197491105e-04 6.945236671202033654e-03 1.379532539413994008e-02 1.608340323291188034e-02 2.356357905310933407e-02 4.251972958952017489e-02 5.099613454077727565e-02 5.590956458928242334e-02 5.950474600835536226e-02 6.941385345678932617e-02 7.303144192330385254e-02 8.497110109156172375e-02 8.853531199904665638e-02 9.396346323933334188e-02 9.871456132730993538e-02 1.116812818250572242e-01 1.189973344646673564e-01 1.262196241378885642e-01 1.288677728025451330e-01 1.359407521551442011e-01 1.399828275645587650e-01 1.484100560446622863e-01 1.589924584853757705e-01 1.596149214341365807e-01 1.677289306557822601e-01 1.714423429035663582e-01 1.733728833027094185e-01 1.869591929781459216e-01 2.062859091163781744e-01 2.094137196099621068e-01 2.168111761983555486e-01 2.274640635428932245e-01 2.322183140338736906e-01 2.436656335806596796e-01 2.537085728729579492e-01 2.566661663458697507e-01 2.661237091838445923e-01 2.811396107810535394e-01 2.871015294372896709e-01 2.941651329667626658e-01 2.967267678815002641e-01 3.028373949623567318e-01 3.218709974101960358e-01 3.297425088177816099e-01 3.522413156948701607e-01 3.566747491268151271e-01 3.963969566234210595e-01 4.048725360808913543e-01 4.095881000061452615e-01 4.110305486540793418e-01
-4.007445672519045488e-01 -3.992699434280658211e-01 -3.937245240125874512e-01 -3.856562299370686064e-01 -3.457210423589306969e-01 -3.414769990842422831e-01 -3.195968417312916032e-01 -3.116253514442222095e-01 -2.947338921729225625e-01 -2.894063410060389030e-01 -2.868244401598257776e-01 -2.797644572218392356e-01 -2.745726010331086542e-01 -2.584196396394402573e-01 -2.490197645816644989e-01 -2.476593488672656496e-01 -2.356300242902236997e-01 -2.257932809751543590e-01 -2.214022663969408278e-01 -2.109917449567075276e-01 -2.034451543148626529e-01 -2.014434630206372034e-01 -1.818713311101436414e-01 -1.696955860176066200e-01 -1.654525992909787468e-01 -1.625433203956139772e-01 -1.556009486163935640e-01 -1.543987396707857673e-01 -1.450374558110366641e-01 -1.362810134779292581e-01 -1.311207182476913646e-01 -1.255429474170138560e-01 -1.236767837744953830e-01 -1.153602485833484098e-01 -1.091409947913522804e-01 -9.549267651915631372e-02 -9.129826994275200280e-02 -8.554252924286571969e-02 -8.212689174635570688e-02 -7.165940508938585529e-02 -6.845710318307364484e-02 -5.818352053896978793e-02 -5.442115172003818280e-02 -5.058191007803929107e-02 -4.194390610504651618e-02 -2.336877082934839950e-02 -1.648838121881281843e-02 -1.446074200666021964e-02 -7.247433539425713472e-03 -8.406810882747192638e-04 8.406810882746870630e-04 7.247433539425659696e-03 1.446074200666005831e-02 1.648838121881272822e-02 2.336877082934832664e-02 4.194390610504650230e-02 5.058191007803927025e-02 5.442115172003794688e-02 5.818352053897080794e-02 6.845710318307365871e-02 7.165940508938563325e-02 8.212689174635617873e-02 8.554252924286755155e-02 9.129826994275129504e-02 9.549267651915674393e-02 1.091409947913516282e-01 1.153602485833471608e-01 1.236767837744951470e-01 1.255429474170134396e-01 1.311207182476902267e-01 1.362810134779280924e-01 1.450374558110382739e-01 1.543987396707864057e-01 1.556009486163940359e-01 1.625433203956141437e-01 1.654525992909779419e-01 1.696955860176077580e-01 1.818713311101416430e-01 2.014434630206388688e-01 2.034451543148644292e-01 2.109917449567076664e-01 2.214022663969423821e-01 2.257932809751558578e-01 2.356300242902227005e-01 2.476593488672666210e-01 2.490197645816650540e-01 2.584196396394395356e-01 2.745726010331076550e-01 2.797644572218400683e-01 2.868244401598237237e-01 2.894063410060395136e-01 2.947338921729227290e-01 3.116253514442252626e-01 3.195968417312926579e-01 3.414769990842425607e-01 3.457210423589292536e-01 3.856562299370666080e-01 3.937245240125888945e-01 3.992699434280645443e-01 4.007445672519031610e-01
-3.903313086207087501e-01 -3.879039676594585595e-01 -3.819815755244387878e-01 -3.743626621642256458e-01 -3.345311635640293990e-01 -3.304803574233506347e-01 -3.093003488602939499e-01 -3.012371064199724779e-01 -2.867372376298558678e-01 -2.816665590231101635e-01 -2.792701096181506304e-01 -2.719952719566694488e-01 -2.676550281862909442e-01 -2.504859633149782439e-01 -2.417945434968830909e-01 -2.408843475696353376e-01 -2.274748468729911322e-01 -2.192186091427618111e-01 -2.150986617755235308e-01 -2.050320945636079362e-01 -1.984500643976863932e-01 -1.951647857539909048e-01 -1.765619972937497451e-01 -1.658935918833331635e-01 -1.594699442143011348e-01 -1.575049623116991371e-01 -1.512493343832663761e-01 -1.497366852150514016e-01 -1.415229080035462772e-01 -1.324225426624544844e-01 -1.262232497613751947e-01 -1.226999077972759228e-01 -1.205863836640833076e-01 -1.114419491742021234e-01 -1.064937197929721746e-01 -9.241603218129976205e-02 -8.861935142390152398e-02 -8.255948758291707656e-02 -7.895668779024064832e-02 -7.047239176184244558e-02 -6.719933764193249115e-02 -5.681699030182552762e-02 -5.294346784286892843e-02 -4.997145052109144836e-02 -4.132301269216265976e-02 -2.328613622358024354e-02 -1.690188245170186690e-02 -1.511324253076888613e-02 -7.700664241609625829e-03 -1.408369107850340014e-03 1.408369107850326353e-03 7.700664241609534756e-03 1.511324253076881501e-02 1.690188245170206466e-02 2.328613622358030252e-02 4.132301269216281242e-02 4.997145052109128877e-02 5.294346784286883822e-02 5.681699030182452148e-02 6.719933764193219972e-02 7.047239176184193210e-02 7.895668779024082873e-02 8.255948758291654921e-02 8.861935142390110764e-02 9.241603218129898489e-02 1.064937197929731044e-01 1.114419491742007079e-01 1.205863836640849868e-01 1.226999077972764918e-01 1.262232497613731130e-01 1.324225426624534296e-01 1.415229080035474429e-01 1.497366852150513461e-01 1.512493343832677639e-01 1.575049623116969444e-01 1.594699442142995249e-01 1.658935918833313872e-01 1.765619972937518822e-01 1.951647857539933195e-01 1.984500643976872536e-01 2.050320945636082137e-01 2.150986617755260288e-01 2.192186091427627548e-01 2.274748468729933804e-01 2.408843475696334779e-01 2.417945434968857554e-01 2.504859633149767451e-01 2.676550281862909997e-01 2.719952719566683941e-01 2.792701096181496312e-01 2.816665590231124394e-01 2.867372376298534808e-01 3.012371064199693138e-01 3.093003488602958928e-01 3.304803574233493579e-01 3.345311635640303982e-01 3.743626621642256458e-01 3.819815755244390099e-01 3.879039676594596142e-01 3.903313086207069182e-01
-3.796345470126608057e-01 -3.760276319871653228e-01 -3.696243570930602407e-01 -3.625571081703839460e-01 -3.231006379593869826e-01 -3.192437195277216810e-01 -2.988505203120050968e-01 -2.907091136985569535e-01 -2.787336897240998423e-01 -2.735618975466307390e-01 -2.714935123875649170e-01 -2.638434685623443077e-01 -2.602942786270135977e-01 -2.423440137515667225e-01 -2.352399967555307836e-01 -2.330942644540415776e-01 -2.192196346649003258e-01 -2.124843404139428737e-01 -2.085361036747038765e-01 -1.988847377386629145e-01 -1.936294365348395774e-01 -1.882702702612544798e-01 -1.710340890485234910e-01 -1.619186110643714982e-01 -1.536003633011487624e-01 -1.526009360480188870e-01 -1.466159053521209898e-01 -1.448841563077352956e-01 -1.378180182967593537e-01 -1.283833656878245189e-01 -1.213637304891532903e-01 -1.200207223895387032e-01 -1.171073696019811067e-01 -1.073680874703080296e-01 -1.036658036101091446e-01 -8.957054716046654319e-02 -8.578353147822609381e-02 -7.947984257643925243e-02 -7.563478219958323645e-02 -6.939966634256940214e-02 -6.569365061629468816e-02 -5.542634602019897577e-02 -5.156331903892515112e-02 -4.910890007466227336e-02 -4.061055599030383850e-02 -2.337135884095832214e-02 -1.728580697457497012e-02 -1.571320456991230977e-02 -8.298925854571551075e-03 -1.802137036654601543e-03 1.802137036654662475e-03 8.298925854571681179e-03 1.571320456991235140e-02 1.728580697457495624e-02 2.337135884095805152e-02 4.061055599030381769e-02 4.910890007466281459e-02 5.156331903892524132e-02 5.542634602019867046e-02 6.569365061629495184e-02 6.939966634256887479e-02 7.563478219958282012e-02 7.947984257643764261e-02 8.578353147822573299e-02 8.957054716046668197e-02 1.036658036101092140e-01 1.073680874703071969e-01 1.171073696019803434e-01 1.200207223895381758e-01 1.213637304891534430e-01 1.283833656878229090e-01 1.378180182967603251e-01 1.448841563077352401e-01 1.466159053521215450e-01 1.526009360480191923e-01 1.536003633011494562e-01 1.619186110643695831e-01 1.710340890485236576e-01 1.882702702612550349e-01 1.936294365348371627e-01 1.988847377386620818e-01 2.085361036747047092e-01 2.124843404139429570e-01 2.192196346648991601e-01 2.330942644540433539e-01 2.352399967555327265e-01 2.423440137515644188e-01 2.602942786270121545e-01 2.638434685623416986e-01 2.714935123875630851e-01 2.735618975466293512e-01 2.787336897241002309e-01 2.907091136985571200e-01 2.988505203120052633e-01 3.192437195277233464e-01 3.231006379593884259e-01 3.625571081703847787e-01 3.696243570930609623e-01 3.760276319871673767e-01 3.796345470126625821e-01
-3.685192443141689367e-01 -3.638956384977159453e-01 -3.566922424755508692e-01 -3.502823123323811072e-01 -3.114237155573716942e-01 -3.077585968956334517e-01 -2.882456735382670776e-01 -2.800475008460293069e-01 -2.705876715634680796e-01 -2.651391457208160940e-01 -2.634748568571568805e-01 -2.554621499786821626e-01 -2.523325447540358257e-01 -2.340252595812709613e-01 -2.284949095572848810e-01 -2.250972468551127037e-01 -2.109000105652388268e-01 -2.055379548508208254e-01 -2.017241371131990868e-01 -1.925181472932406268e-01 -1.885920131434512537e-01 -1.811509487149829956e-01 -1.652930462112951193e-01 -1.577432499015561373e-01 -1.484192333619688553e-01 -1.472147055961285922e-01 -1.419303542049716871e-01 -1.396540701707302823e-01 -1.338757544454387549e-01 -1.241796901064010639e-01 -1.172618810788364913e-01 -1.166507264076684924e-01 -1.133029750029604932e-01 -1.033257132527409944e-01 -1.005121924798313554e-01 -8.695816160625166602e-02 -8.271198731081740030e-02 -7.628555275248591339e-02 -7.227354552951392730e-02 -6.832893301688586218e-02 -6.402085716734345899e-02 -5.403820075962345593e-02 -5.038696824215699310e-02 -4.792438506262630682e-02 -3.975517862877769870e-02 -2.367860161919387030e-02 -1.760964638963790838e-02 -1.621959862316679421e-02 -9.001170074468623286e-03 -2.053791558120312676e-03 2.053791558120288390e-03 9.001170074468637164e-03 1.621959862316673523e-02 1.760964638963774878e-02 2.367860161919414438e-02 3.975517862877778197e-02 4.792438506262667458e-02 5.038696824215683351e-02 5.403820075962328245e-02 6.402085716734406962e-02 6.832893301688582055e-02 7.227354552951366362e-02 7.628555275248635748e-02 8.271198731081839950e-02 8.695816160625094438e-02 1.005121924798330346e-01 1.033257132527413552e-01 1.133029750029592858e-01 1.166507264076696582e-01 1.172618810788372129e-01 1.241796901064020214e-01 1.338757544454378667e-01 1.396540701707308929e-01 1.419303542049734634e-01 1.472147055961285644e-01 1.484192333619684390e-01 1.577432499015563316e-01 1.652930462112942867e-01 1.811509487149817743e-01 1.885920131434521974e-01 1.925181472932417093e-01 2.017241371131994199e-01 2.055379548508212140e-01 2.109000105652376056e-01 2.250972468551148131e-01 2.284949095572860467e-01 2.340252595812722103e-01 2.523325447540357147e-01 2.554621499786832173e-01 2.634748568571547156e-01 2.651391457208175373e-01 2.705876715634686902e-01 2.800475008460331927e-01 2.882456735382650237e-01 3.077585968956341733e-01 3.114237155573721938e-01 3.502823123323809962e-01 3.566922424755509802e-01 3.638956384977167779e-01 3.685192443141682705e-01
-3.569293694542736151e-01 -3.514694092934795289e-01 -3.432604310888691668e-01 -3.375716496922941956e-01 -2.994934566322663416e-01 -2.960156866090072891e-01 -2.774853648813659368e-01 -2.692627760497270373e-01 -2.621932869126928911e-01 -2.563998685995997340e-01 -2.551824144162808117e-01 -2.470162524306045715e-01 -2.436234759609231804e-01 -2.255849360750946941e-01 -2.213934501573693037e-01 -2.169778639162964207e-01 -2.025846513761745127e-01 -1.982777353925448405e-01 -1.946883246480525520e-01 -1.859279834427577660e-01 -1.832290434363846587e-01 -1.738857104597099912e-01 -1.593457150178104742e-01 -1.533468680269118312e-01 -1.437789972418852535e-01 -1.413974487853697781e-01 -1.373019163038706192e-01 -1.340299057438052166e-01 -1.296441714186029881e-01 -1.198524550758831020e-01 -1.142989179670560046e-01 -1.122034678776133304e-01 -1.091116314895771849e-01 -9.952790581341360021e-02 -9.683680241237198338e-02 -8.446699900944318329e-02 -7.944646784363512682e-02 -7.300036636947797308e-02 -6.896304786105847406e-02 -6.715601809473732697e-02 -6.222113433333038152e-02 -5.269329100958986684e-02 -4.942214923425024276e-02 -4.643056391390986554e-02 -3.871258239567174075e-02 -2.424165708079085643e-02 -1.785126703765385278e-02 -1.660206410855646561e-02 -9.751878696706557312e-03 -2.212166646469988004e-03 2.212166646469972391e-03 9.751878696706467106e-03 1.660206410855664602e-02 1.785126703765382503e-02 2.424165708079112705e-02 3.871258239567174769e-02 4.643056391390978921e-02 4.942214923425058276e-02 5.269329100959026929e-02 6.222113433332925048e-02 6.715601809473682737e-02 6.896304786105887652e-02 7.300036636947737634e-02 7.944646784363548764e-02 8.446699900944303063e-02 9.683680241237210828e-02 9.952790581341355858e-02 1.091116314895783090e-01 1.122034678776143157e-01 1.142989179670563099e-01 1.198524550758838514e-01 1.296441714186040151e-01 1.340299057438051611e-01 1.373019163038707025e-01 1.413974487853697504e-01 1.437789972418829776e-01 1.533468680269119977e-01 1.593457150178122783e-01 1.738857104597072156e-01 1.832290434363844089e-01 1.859279834427572942e-01 1.946883246480503593e-01 1.982777353925457842e-01 2.025846513761739021e-01 2.169778639162935896e-01 2.213934501573679159e-01 2.255849360750967203e-01 2.436234759609237077e-01 2.470162524306053209e-01 2.551824144162814778e-01 2.563998685996001226e-01 2.621932869126926136e-01 2.692627760497278699e-01 2.774853648813674356e-01 2.960156866090065120e-01 2.994934566322657865e-01 3.375716496922947507e-01 3.432604310888714982e-01 3.514694092934780301e-01 3.569293694542740591e-01
-3.448306253548661937e-01 -3.386603587087879674e-01 -3.293918588761352573e-01 -3.244455893333964003e-01 -2.873017773166246513e-01 -2.840048722906938217e-01 -2.665709973269796418e-01 -2.583702651408720796e-01 -2.534784253157783551e-01 -2.473190399458657096e-01 -2.465711429644303898e-01 -2.384617243966917211e-01 -2.342305730739724645e-01 -2.171216950502506127e-01 -2.138088590750955587e-01 -2.087322027330092422e-01 -1.943788426928792223e-01 -1.905661008406626111e-01 -1.874518388404285973e-01 -1.791973197038913279e-01 -1.773970479145976775e-01 -1.665032263214320518e-01 -1.531994621125191691e-01 -1.487111140688916477e-01 -1.391460675022981597e-01 -1.356129606648082409e-01 -1.326718139700444887e-01 -1.281417247799471193e-01 -1.250632697879908994e-01 -1.154596975068873654e-01 -1.110928925726408223e-01 -1.079225473427321558e-01 -1.046190590264065856e-01 -9.592121585682270024e-02 -9.268361892099007127e-02 -8.196129607593011235e-02 -7.606496177496600841e-02 -6.965824210020432616e-02 -6.622050076268064245e-02 -6.536666052056233633e-02 -6.029099773613915553e-02 -5.148161134707007758e-02 -4.852317695511564055e-02 -4.472309286612035500e-02 -3.746283843319162671e-02 -2.505632706828247666e-02 -1.799747384296663394e-02 -1.685123734208241950e-02 -1.049995668904408520e-02 -2.321467929150583965e-03 2.321467929150600445e-03 1.049995668904418235e-02 1.685123734208249582e-02 1.799747384296665823e-02 2.505632706828241768e-02 3.746283843319197365e-02 4.472309286612032031e-02 4.852317695511512707e-02 5.148161134707071596e-02 6.029099773613864899e-02 6.536666052056221143e-02 6.622050076268035101e-02 6.965824210020489515e-02 7.606496177496531452e-02 8.196129607593018174e-02 9.268361892098991861e-02 9.592121585682371332e-02 1.046190590264052672e-01 1.079225473427309345e-01 1.110928925726398231e-01 1.154596975068879483e-01 1.250632697879911770e-01 1.281417247799477577e-01 1.326718139700450994e-01 1.356129606648094343e-01 1.391460675022977989e-01 1.487111140688910926e-01 1.531994621125192524e-01 1.665032263214296093e-01 1.773970479145987600e-01 1.791973197038905230e-01 1.874518388404279590e-01 1.905661008406626666e-01 1.943788426928788615e-01 2.087322027330075214e-01 2.138088590750972240e-01 2.171216950502473653e-01 2.342305730739727976e-01 2.384617243966917766e-01 2.465711429644286967e-01 2.473190399458642941e-01 2.534784253157795209e-01 2.583702651408721351e-01 2.665709973269767552e-01 2.840048722906937662e-01 2.873017773166262612e-01 3.244455893333954566e-01 3.293918588761354238e-01 3.386603587087886891e-01 3.448306253548653610e-01
-3.321942557377130512e-01 -3.253953269904499845e-01 -3.151240364350880174e-01 -3.109123659163907094e-01 -2.748394580924506392e-01 -2.717152387801481384e-01 -2.555067451749087892e-01 -2.473878534784496042e-01 -2.443926079519920802e-01 -2.379295823933779142e-01 -2.375273272607208996e-01 -2.296304071446211292e-01 -2.243272235439392748e-01 -2.087370809146747164e-01 -2.056244618685522385e-01 -2.003361470311474934e-01 -1.863387844181044473e-01 -1.823297443576966659e-01 -1.800193229927797844e-01 -1.725869781454758278e-01 -1.707946561041268074e-01 -1.590199069084398953e-01 -1.468616785082574039e-01 -1.438179853508306794e-01 -1.343939651619763531e-01 -1.299517838554746230e-01 -1.279632811885850485e-01 -1.221138644011129926e-01 -1.200655016405672570e-01 -1.110647316609306157e-01 -1.075925459453860589e-01 -1.036044489442606437e-01 -1.000467014925165987e-01 -9.222152102621135328e-02 -8.830817081865280360e-02 -7.933136983098841577e-02 -7.262563079616293771e-02 -6.630241521462204579e-02 -6.465075709985967922e-02 -6.237587560992575997e-02 -5.819464838635833581e-02 -5.057437185206048458e-02 -4.744305187313663935e-02 -4.287973149812489976e-02 -3.602539641312522273e-02 -2.607625683156051394e-02 -1.804022589376417726e-02 -1.697626289700405675e-02 -1.120517470870244572e-02 -2.413025613438036111e-03 2.413025613438043483e-03 1.120517470870247521e-02 1.697626289700411573e-02 1.804022589376417032e-02 2.607625683156045149e-02 3.602539641312497987e-02 4.287973149812492057e-02 4.744305187313647282e-02 5.057437185206030417e-02 5.819464838635837051e-02 6.237587560992606528e-02 6.465075709985934616e-02 6.630241521462167109e-02 7.262563079616204953e-02 7.933136983098780515e-02 8.830817081865288687e-02 9.222152102621096470e-02 1.000467014925178477e-01 1.036044489442624061e-01 1.075925459453856009e-01 1.110647316609290336e-01 1.200655016405673403e-01 1.221138644011132007e-01 1.279632811885858257e-01 1.299517838554746507e-01 1.343939651619749376e-01 1.438179853508297357e-01 1.468616785082570431e-01 1.590199069084407557e-01 1.707946561041269462e-01 1.725869781454765772e-01 1.800193229927793959e-01 1.823297443576967214e-01 1.863387844181021991e-01 2.003361470311472436e-01 2.056244618685506287e-01 2.087370809146743833e-01 2.243272235439395523e-01 2.296304071446225725e-01 2.375273272607210939e-01 2.379295823933781640e-01 2.443926079519916084e-01 2.473878534784502703e-01 2.555067451749075680e-01 2.717152387801480273e-01 2.748394580924503616e-01 3.109123659163885445e-01 3.151240364350853529e-01 3.253953269904477641e-01 3.321942557377112748e-01
-3.189897602129630472e-01 -3.116232532615999529e-01 -3.004756287058460429e-01 -2.969694904368045951e-01 -2.620961162665034760e-01 -2.591351340537020320e-01 -2.443010169202958770e-01 -2.363276099004416042e-01 -2.348970114567714984e-01 -2.284646279365303845e-01 -2.277505653908178107e-01 -2.203908519577371383e-01 -2.140301842399594257e-01 -2.003710892574278590e-01 -1.968951879458090692e-01 -1.917481189279027776e-01 -1.783768844359295835e-01 -1.736795492534496665e-01 -1.723517618170254950e-01 -1.660672695426604617e-01 -1.634250497149582204e-01 -1.514486252297728985e-01 -1.403404101842645468e-01 -1.386480335321607360e-01 -1.294671731181361862e-01 -1.244367015516268660e-01 -1.231150470261512808e-01 -1.160592773019221841e-01 -1.145834945838595659e-01 -1.067052696171499476e-01 -1.037649902998553919e-01 -9.909967262379275332e-02 -9.557022845225429664e-02 -8.822784714794169869e-02 -8.388945404372386005e-02 -7.648458843103977944e-02 -6.916681151051605470e-02 -6.326778840528667069e-02 -6.273552345383766327e-02 -5.946430344182833394e-02 -5.587716040528026284e-02 -5.006548492540308093e-02 -4.599355444734892079e-02 -4.094568360458984702e-02 -3.447522393151844500e-02 -2.720502764915152735e-02 -1.797270999953446552e-02 -1.699071644294504121e-02 -1.183702477658559078e-02 -2.505305266971737457e-03 2.505305266971776922e-03 1.183702477658562721e-02 1.699071644294517652e-02 1.797270999953448287e-02 2.720502764915145102e-02 3.447522393151759151e-02 4.094568360459015927e-02 4.599355444734878201e-02 5.006548492540308093e-02 5.587716040528009631e-02 5.946430344182727229e-02 6.273552345383814899e-02 6.326778840528617109e-02 6.916681151051509713e-02 7.648458843104033456e-02 8.388945404372268044e-02 8.822784714794140726e-02 9.557022845225471297e-02 9.909967262379093533e-02 1.037649902998558499e-01 1.067052696171490733e-01 1.145834945838594965e-01 1.160592773019218510e-01 1.231150470261508506e-01 1.244367015516247843e-01 1.294671731181358809e-01 1.386480335321629287e-01 1.403404101842629925e-01 1.514486252297714275e-01 1.634250497149576931e-01 1.660672695426604339e-01 1.723517618170279098e-01 1.736795492534509988e-01 1.783768844359291394e-01 1.917481189279029996e-01 1.968951879458107623e-01 2.003710892574280811e-01 2.140301842399623955e-01 2.203908519577383873e-01 2.277505653908176719e-01 2.284646279365309951e-01 2.348970114567713874e-01 2.363276099004422426e-01 2.443010169202958770e-01 2.591351340537035863e-01 2.620961162665020883e-01 2.969694904368023747e-01 3.004756287058473196e-01 3.116232532615981765e-01 3.189897602129648235e-01
-3.051514097459027686e-01 -2.973102213197508781e-01 -2.854553608332803805e-01 -2.826042635033258477e-01 -2.490601451433678559e-01 -2.462523597983312940e-01 -2.329688802473620091e-01 -2.251807883377160147e-01 -2.249580750241628735e-01 -2.187356420028608028e-01 -2.173973412255072735e-01 -2.106479755712737378e-01 -2.034006693947898181e-01 -1.918309673547299588e-01 -1.878212735767490205e-01 -1.829081431458394469e-01 -1.703653342119173242e-01 -1.650147003166616000e-01 -1.641623680594410106e-01 -1.593283208748962065e-01 -1.555809929231209143e-01 -1.438020025079928821e-01 -1.336587008669750110e-01 -1.331658584026508829e-01 -1.243336502175885205e-01 -1.190390231029732349e-01 -1.180821764055935419e-01 -1.100410058154072529e-01 -1.086245978152342168e-01 -1.023465543883513434e-01 -9.961932657185809670e-02 -9.434563336597867611e-02 -9.125961132314355795e-02 -8.386171168229678008e-02 -7.953987521195615695e-02 -7.332957053271851877e-02 -6.571841240335486722e-02 -6.138362547194569502e-02 -5.954007594516998181e-02 -5.688004010119053488e-02 -5.330581910668676093e-02 -4.977123200329684749e-02 -4.418975549434411842e-02 -3.895157208860779846e-02 -3.302095324535583160e-02 -2.820998330908259383e-02 -1.779064239777350398e-02 -1.689816156596881183e-02 -1.237169764563926869e-02 -2.606389453623836599e-03 2.606389453623911192e-03 1.237169764563928430e-02 1.689816156596894020e-02 1.779064239777366357e-02 2.820998330908291302e-02 3.302095324535651855e-02 3.895157208860784703e-02 4.418975549434463884e-02 4.977123200329715974e-02 5.330581910668698298e-02 5.688004010119099285e-02 5.954007594517008589e-02 6.138362547194593788e-02 6.571841240335535295e-02 7.332957053271897674e-02 7.953987521195676758e-02 8.386171168229715478e-02 9.125961132314411306e-02 9.434563336597932837e-02 9.961932657185898488e-02 1.023465543883515100e-01 1.086245978152344110e-01 1.100410058154083909e-01 1.180821764055937917e-01 1.190390231029718471e-01 1.243336502175893116e-01 1.331658584026501335e-01 1.336587008669767596e-01 1.438020025079930486e-01 1.555809929231190269e-01 1.593283208748969837e-01 1.641623680594418710e-01 1.650147003166606008e-01 1.703653342119151037e-01 1.829081431458386697e-01 1.878212735767481600e-01 1.918309673547297090e-01 2.034006693947913447e-01 2.106479755712739321e-01 2.173973412255060522e-01 2.187356420028602755e-01 2.249580750241611249e-01 2.251807883377142105e-01 2.329688802473618703e-01 2.462523597983318213e-01 2.490601451433669677e-01 2.826042635033272354e-01 2.854553608332789372e-01 2.973102213197476584e-01 3.051514097459038788e-01
-2.902685775218348252e-01 -2.824336288317473298e-01 -2.700698547718654585e-01 -2.677921944007313759e-01 -2.357186379239341045e-01 -2.330547152174520242e-01 -2.215362588211820805e-01 -2.145489494985683976e-01 -2.138995220688606202e-01 -2.086034610922287980e-01 -2.066201052896259049e-01 -2.003229867544500387e-01 -1.924737259038254433e-01 -1.829657297515679126e-01 -1.785725653233293519e-01 -1.737429154733182990e-01 -1.622302343801101110e-01 -1.567676700345680407e-01 -1.550878650849677465e-01 -1.522289395160310588e-01 -1.473853322658466303e-01 -1.360939597496913234e-01 -1.274459326715871865e-01 -1.267302363049747915e-01 -1.189760840083939064e-01 -1.136751590721332694e-01 -1.128465281900861428e-01 -1.039949588495343163e-01 -1.023597152889411527e-01 -9.787475251656603537e-02 -9.520028937376502631e-02 -8.933941630480263241e-02 -8.707749492713434680e-02 -7.914982440781791195e-02 -7.533898600175838178e-02 -6.978469923075183989e-02 -6.231432757137158468e-02 -5.940097563877662357e-02 -5.631911584057756187e-02 -5.488925832297542051e-02 -5.053231997161312938e-02 -4.922901739875588933e-02 -4.210404757585749919e-02 -3.692838850477082185e-02 -3.230498131709572812e-02 -2.839460688360577120e-02 -1.749741028293192238e-02 -1.668397737356073704e-02 -1.278945064044737477e-02 -2.716600520956019213e-03 2.716600520956018779e-03 1.278945064044735916e-02 1.668397737356081684e-02 1.749741028293198136e-02 2.839460688360567406e-02 3.230498131709574894e-02 3.692838850477073859e-02 4.210404757585727020e-02 4.922901739875638893e-02 5.053231997161310857e-02 5.488925832297573276e-02 5.631911584057729125e-02 5.940097563877669989e-02 6.231432757137170958e-02 6.978469923075096559e-02 7.533898600175718829e-02 7.914982440781916095e-02 8.707749492713338924e-02 8.933941630480246587e-02 9.520028937376438793e-02 9.787475251656632680e-02 1.023597152889415135e-01 1.039949588495329702e-01 1.128465281900854489e-01 1.136751590721334221e-01 1.189760840083942256e-01 1.267302363049742364e-01 1.274459326715864649e-01 1.360939597496923503e-01 1.473853322658471299e-01 1.522289395160309200e-01 1.550878650849679685e-01 1.567676700345679019e-01 1.622302343801096114e-01 1.737429154733193815e-01 1.785725653233290189e-01 1.829657297515674685e-01 1.924737259038252490e-01 2.003229867544501497e-01 2.066201052896232127e-01 2.086034610922270771e-01 2.138995220688611476e-01 2.145489494985672874e-01 2.215362588211807759e-01 2.330547152174516357e-01 2.357186379239337992e-01 2.677921944007328747e-01 2.700698547718684006e-01 2.824336288317444432e-01 2.902685775218354913e-01
-2.742215143858712234e-01 -2.669767867713107035e-01 -2.543311566207400176e-01 -2.524930771968558196e-01 -2.220573897100465155e-01 -2.195316318565984637e-01 -2.100472130915878866e-01 -2.036366094914454361e-01 -2.024119790301149302e-01 -1.980361793946701643e-01 -1.954869606876398214e-01 -1.893608504482466037e-01 -1.812765469607705293e-01 -1.736809194737458095e-01 -1.692603958170704193e-01 -1.641860605311158128e-01 -1.539413274035898449e-01 -1.484424401524759296e-01 -1.457414268874262508e-01 -1.446232910757467849e-01 -1.388831156114869736e-01 -1.283397342561617138e-01 -1.213273651501511202e-01 -1.197102938743059841e-01 -1.133918465939965092e-01 -1.082399752325164527e-01 -1.073990236457545294e-01 -9.788285888511248645e-02 -9.597969363121219843e-02 -9.313033603447673503e-02 -9.053953167518508094e-02 -8.411805426616687786e-02 -8.291630227098266415e-02 -7.417609108694528386e-02 -7.129839054715880753e-02 -6.582862456183741218e-02 -5.901681604713367862e-02 -5.716231247327981796e-02 -5.400122142664145336e-02 -5.313732813747628486e-02 -4.797966580536221909e-02 -4.745754114972865895e-02 -3.979285094946312384e-02 -3.496920022853308024e-02 -3.269725573222471982e-02 -2.720954999208251984e-02 -1.710767072428124105e-02 -1.631495754268180373e-02 -1.307273745808714902e-02 -2.830749011776405831e-03 2.830749011776502976e-03 1.307273745808732943e-02 1.631495754268186618e-02 1.710767072428116473e-02 2.720954999208254760e-02 3.269725573222476839e-02 3.496920022853334392e-02 3.979285094946301282e-02 4.745754114972879772e-02 4.797966580536171949e-02 5.313732813747634037e-02 5.400122142664193908e-02 5.716231247327964449e-02 5.901681604713361617e-02 6.582862456183669053e-02 7.129839054715769731e-02 7.417609108694636633e-02 8.291630227098337191e-02 8.411805426616617010e-02 9.053953167518559442e-02 9.313033603447591624e-02 9.597969363121117148e-02 9.788285888511119581e-02 1.073990236457548625e-01 1.082399752325179237e-01 1.133918465939935116e-01 1.197102938743056094e-01 1.213273651501506484e-01 1.283397342561624632e-01 1.388831156114878340e-01 1.446232910757451473e-01 1.457414268874260843e-01 1.484424401524774839e-01 1.539413274035908996e-01 1.641860605311152022e-01 1.692603958170707246e-01 1.736809194737464479e-01 1.812765469607738045e-01 1.893608504482456878e-01 1.954869606876372956e-01 1.980361793946702753e-01 2.024119790301137645e-01 2.036366094914433267e-01 2.100472130915894131e-01 2.195316318565989633e-01 2.220573897100485417e-01 2.524930771968550980e-01 2.543311566207399066e-01 2.669767867713129239e-01 2.742215143858707238e-01
-2.572980793462645854e-01 -2.509236473985901883e-01 -2.382582174130720154e-01 -2.366515498586901356e-01 -2.080614669997654098e-01 -2.056800887167726521e-01 -1.985746069337652742e-01 -1.921924900521772006e-01 -1.906335796210953393e-01 -1.870215028439501936e-01 -1.840214957365544080e-01 -1.777540214825444331e-01 -1.698437880184590354e-01 -1.639012453805258340e-01 -1.599584652498754478e-01 -1.542059297310788835e-01 -1.454870992523111528e-01 -1.398805398320712989e-01 -1.371359211519368182e-01 -1.356377134094463865e-01 -1.300979224807426449e-01 -1.205527219043810855e-01 -1.148614822761469256e-01 -1.125677766525739060e-01 -1.075920841973403291e-01 -1.026434812210417352e-01 -1.017014978009452286e-01 -9.176527089059054176e-02 -8.968781344725114402e-02 -8.787341726317322854e-02 -8.562974682617599531e-02 -7.894854104601231604e-02 -7.844024630107727936e-02 -6.902845367675482235e-02 -6.733029609342039423e-02 -6.153502519522161679e-02 -5.595952803896454830e-02 -5.455603540459254969e-02 -5.397261497958435322e-02 -5.009388252476542486e-02 -4.569452363734460842e-02 -4.447195626786552836e-02 -3.734411685521018404e-02 -3.403623161194312130e-02 -3.227119921086898241e-02 -2.538871331309693752e-02 -1.663620517797638476e-02 -1.575587635462042529e-02 -1.320487934825500739e-02 -2.939978632129446219e-03 2.939978632129505200e-03 1.320487934825493453e-02 1.575587635462043223e-02 1.663620517797630843e-02 2.538871331309690976e-02 3.227119921086883669e-02 3.403623161194321151e-02 3.734411685521014240e-02 4.447195626786568795e-02 4.569452363734421985e-02 5.009388252476500158e-02 5.397261497958484588e-02 5.455603540459264683e-02 5.595952803896499933e-02 6.153502519522154046e-02 6.733029609341989463e-02 6.902845367675394805e-02 7.844024630107708507e-02 7.894854104601241318e-02 8.562974682617555122e-02 8.787341726317261792e-02 8.968781344725043625e-02 9.176527089059004216e-02 1.017014978009453119e-01 1.026434812210414577e-01 1.075920841973397463e-01 1.125677766525749190e-01 1.148614822761476612e-01 1.205527219043811549e-01 1.300979224807446988e-01 1.356377134094464976e-01 1.371359211519365962e-01 1.398805398320710491e-01 1.454870992523111806e-01 1.542059297310797716e-01 1.599584652498753645e-01 1.639012453805260283e-01 1.698437880184593129e-01 1.777540214825439335e-01 1.840214957365529369e-01 1.870215028439503324e-01 1.906335796210960609e-01 1.921924900521779500e-01 1.985746069337653019e-01 2.056800887167716807e-01 2.080614669997642163e-01 2.366515498586895805e-01 2.382582174130725705e-01 2.509236473985911875e-01 2.572980793462650295e-01
-2.397156276889478299e-01 -2.342532278688126968e-01 -2.218512398134038499e-01 -2.202241823971017309e-01 -1.937198331871694268e-01 -1.915372344716685937e-01 -1.872151702423731634e-01 -1.801838452003381996e-01 -1.785063423186362963e-01 -1.755597487687025338e-01 -1.721859492703211869e-01 -1.655461466571533369e-01 -1.582410570400318850e-01 -1.535487122151734662e-01 -1.507374883087197193e-01 -1.438097744932639310e-01 -1.368566511706583444e-01 -1.310377146274752380e-01 -1.288023661457947111e-01 -1.257672132363945594e-01 -1.210448591772330662e-01 -1.127347696533074622e-01 -1.080194940861913117e-01 -1.054474382043747160e-01 -1.015573962315589052e-01 -9.677354500039161977e-02 -9.570065304946406837e-02 -8.574518380297432851e-02 -8.367644321626759030e-02 -8.189746656861890406e-02 -8.040733261533973553e-02 -7.445751526810691356e-02 -7.295819238326561873e-02 -6.381522059706855321e-02 -6.326686198732595079e-02 -5.702294253554144460e-02 -5.429399806698754355e-02 -5.319320178067357685e-02 -5.155017754524111179e-02 -4.703994027981657500e-02 -4.322745783522639884e-02 -4.130536802838573329e-02 -3.524451707867131550e-02 -3.360791620243662459e-02 -3.031417525088898196e-02 -2.337426312848463195e-02 -1.607551812631021274e-02 -1.499758622993721535e-02 -1.316890438406321910e-02 -3.033239749595880667e-03 3.033239749595860717e-03 1.316890438406310114e-02 1.499758622993728474e-02 1.607551812631034110e-02 2.337426312848476032e-02 3.031417525088936013e-02 3.360791620243643030e-02 3.524451707867110040e-02 4.130536802838560145e-02 4.322745783522587149e-02 4.703994027981661663e-02 5.155017754524132689e-02 5.319320178067337562e-02 5.429399806698657210e-02 5.702294253554052866e-02 6.326686198732629773e-02 6.381522059706822014e-02 7.295819238326596567e-02 7.445751526810612253e-02 8.040733261533924980e-02 8.189746656861957019e-02 8.367644321626679926e-02 8.574518380297369013e-02 9.570065304946266671e-02 9.677354500039180019e-02 1.015573962315581003e-01 1.054474382043752018e-01 1.080194940861910202e-01 1.127347696533099047e-01 1.210448591772332050e-01 1.257672132363953366e-01 1.288023661457962654e-01 1.310377146274749605e-01 1.368566511706566236e-01 1.438097744932652355e-01 1.507374883087177209e-01 1.535487122151741879e-01 1.582410570400311633e-01 1.655461466571551965e-01 1.721859492703226857e-01 1.755597487687029223e-01 1.785063423186365461e-01 1.801838452003391711e-01 1.872151702423723307e-01 1.915372344716681496e-01 1.937198331871689827e-01 2.202241823971026746e-01 2.218512398134060148e-01 2.342532278688133351e-01 2.397156276889499393e-01
-2.215724730328260395e-01 -2.169335346085836946e-01 -2.050587293911026177e-01 -2.032145028742551873e-01 -1.791016383258941247e-01 -1.776160751262269299e-01 -1.756404680086078585e-01 -1.675782681870915669e-01 -1.660579554850816486e-01 -1.636518396991251678e-01 -1.599025932894159174e-01 -1.528033336384215235e-01 -1.466266701840548137e-01 -1.426215131829232374e-01 -1.416009066462257382e-01 -1.330224395841159979e-01 -1.280054351062339391e-01 -1.218713646145955370e-01 -1.201324993294250326e-01 -1.156256893711321565e-01 -1.117357690927658076e-01 -1.048596578989565015e-01 -1.007820691946780256e-01 -9.874695834093527580e-02 -9.504822158384926278e-02 -9.047079641184874177e-02 -8.935405858497187659e-02 -7.982528155498190559e-02 -7.774705204459150809e-02 -7.571067807426061502e-02 -7.461998485743522036e-02 -6.982673768198588427e-02 -6.720344826797394755e-02 -5.923237398167049278e-02 -5.838187577340713669e-02 -5.436780168519585871e-02 -5.240773310121966955e-02 -5.060140055700255990e-02 -4.833826793017764051e-02 -4.393608585294257046e-02 -4.088078910607543387e-02 -3.799636865344618170e-02 -3.401927761928988381e-02 -3.128977830053682879e-02 -2.815415621627096257e-02 -2.129338660390119042e-02 -1.540195836816575341e-02 -1.405639843568767117e-02 -1.294589467122975006e-02 -3.098423387301134195e-03 3.098423387301183201e-03 1.294589467122981771e-02 1.405639843568779780e-02 1.540195836816577249e-02 2.129338660390120430e-02 2.815415621627103196e-02 3.128977830053634307e-02 3.401927761928940502e-02 3.799636865344624415e-02 4.088078910607646083e-02 4.393608585294307700e-02 4.833826793017765439e-02 5.060140055700237949e-02 5.240773310121944750e-02 5.436780168519641382e-02 5.838187577340749751e-02 5.923237398167100626e-02 6.720344826797319815e-02 6.982673768198609243e-02 7.461998485743505383e-02 7.571067807426021257e-02 7.774705204459136931e-02 7.982528155498211375e-02 8.935405858497179332e-02 9.047079641184882504e-02 9.504822158384922115e-02 9.874695834093538682e-02 1.007820691946794273e-01 1.048596578989555855e-01 1.117357690927675423e-01 1.156256893711306299e-01 1.201324993294251159e-01 1.218713646145939133e-01 1.280054351062335505e-01 1.330224395841155816e-01 1.416009066462265709e-01 1.426215131829215166e-01 1.466266701840552855e-01 1.528033336384208574e-01 1.599025932894171942e-01 1.636518396991262225e-01 1.660579554850820094e-01 1.675782681870909563e-01 1.756404680086078030e-01 1.776160751262261250e-01 1.791016383258953737e-01 2.032145028742576576e-01 2.050587293911035891e-01 2.169335346085842775e-01 2.215724730328255676e-01
-2.029133213455134033e-01 -1.989166076351416290e-01 -1.878088607156357392e-01 -1.856478444255041105e-01 -1.672306624870438796e-01 -1.636657862370513306e-01 -1.616131319896962348e-01 -1.543828414478551625e-01 -1.536156638980112621e-01 -1.511837756200937744e-01 -1.470848105847301357e-01 -1.395932955008581944e-01 -1.357063557957530475e-01 -1.326098917810028532e-01 -1.305716394432575866e-01 -1.218753718666959612e-01 -1.187741051100067030e-01 -1.123362465671628591e-01 -1.110424220583023230e-01 -1.052549114506767108e-01 -1.021878185627443647e-01 -9.688708230058717952e-02 -9.313228127742836926e-02 -9.281861540646951791e-02 -8.772514494139968533e-02 -8.361626419461302973e-02 -8.262812944397564252e-02 -7.383879501146349555e-02 -7.188192944235378967e-02 -6.976244788368402006e-02 -6.811864943047474252e-02 -6.478932419926536346e-02 -6.130140137442108283e-02 -5.484869692325747975e-02 -5.410254653137332864e-02 -5.269233981656976790e-02 -4.824547016181614245e-02 -4.759123191788964397e-02 -4.491332492059711690e-02 -4.075525241753355510e-02 -3.845498686526130361e-02 -3.458317708078493397e-02 -3.204902949812218210e-02 -2.842788716187299308e-02 -2.591307898409657071e-02 -1.919480266473015326e-02 -1.459675521208119060e-02 -1.296299022593527632e-02 -1.250760299127546930e-02 -3.123200081638501970e-03 3.123200081638518449e-03 1.250760299127536522e-02 1.296299022593524683e-02 1.459675521208114723e-02 1.919480266473015673e-02 2.591307898409625152e-02 2.842788716187278839e-02 3.204902949812161311e-02 3.458317708078545438e-02 3.845498686526085952e-02 4.075525241753410327e-02 4.491332492059681158e-02 4.759123191788884599e-02 4.824547016181530285e-02 5.269233981656975402e-02 5.410254653137379355e-02 5.484869692325752832e-02 6.130140137442001425e-02 6.478932419926586306e-02 6.811864943047506171e-02 6.976244788368332617e-02 7.188192944235331783e-02 7.383879501146357882e-02 8.262812944397548987e-02 8.361626419461241910e-02 8.772514494139924124e-02 9.281861540646978159e-02 9.313228127742879947e-02 9.688708230058704074e-02 1.021878185627440316e-01 1.052549114506760308e-01 1.110424220583029337e-01 1.123362465671612909e-01 1.187741051100071055e-01 1.218753718666956976e-01 1.305716394432580862e-01 1.326098917810029088e-01 1.357063557957522149e-01 1.395932955008577780e-01 1.470848105847292475e-01 1.511837756200928307e-01 1.536156638980119560e-01 1.543828414478561895e-01 1.616131319896980667e-01 1.636657862370522465e-01 1.672306624870427971e-01 1.856478444255074134e-01 1.878088607156351841e-01 1.989166076351423229e-01 2.029133213455130424e-01
-1.837658502861592991e-01 -1.801426330054679004e-01 -1.700751962124856798e-01 -1.675363145208156601e-01 -1.589828017411929195e-01 -1.482324656976458377e-01 -1.473091427359800032e-01 -1.422516671221881190e-01 -1.403221994807032358e-01 -1.378180015941640468e-01 -1.336543469532716910e-01 -1.269805483071859420e-01 -1.256958926417363342e-01 -1.213439402764491110e-01 -1.181303066616392200e-01 -1.104471445724751894e-01 -1.088105468196326892e-01 -1.024002166399184816e-01 -1.014162756874708859e-01 -9.465827902280592177e-02 -9.248211361844392575e-02 -8.915169879187490043e-02 -8.674869942476311213e-02 -8.504513202635555214e-02 -7.974135369830126496e-02 -7.621483507770408783e-02 -7.548743121661584399e-02 -6.763004787471987855e-02 -6.620591704278462608e-02 -6.367644192816152016e-02 -6.138934314799204817e-02 -5.913604128009886801e-02 -5.527814121125605717e-02 -5.207186053417277999e-02 -5.011223073449064952e-02 -4.772955678099238125e-02 -4.524982363756078346e-02 -4.311382269644006837e-02 -4.108575575861181384e-02 -3.744965546487785679e-02 -3.551687866965703988e-02 -3.111406823775380442e-02 -2.927586138698016344e-02 -2.544809979378429357e-02 -2.358521319659922719e-02 -1.710366102663535282e-02 -1.365129749873421339e-02 -1.192993360380334780e-02 -1.164455321190932362e-02 -3.095625311643211957e-03 3.095625311643235809e-03 1.164455321190941382e-02 1.192993360380337035e-02 1.365129749873442676e-02 1.710366102663543261e-02 2.358521319659921678e-02 2.544809979378424847e-02 2.927586138697998996e-02 3.111406823775389463e-02 3.551687866965716478e-02 3.744965546487769720e-02 4.108575575861159179e-02 4.311382269643989490e-02 4.524982363756131082e-02 4.772955678099291554e-02 5.011223073449137810e-02 5.207186053417414001e-02 5.527814121125761843e-02 5.913604128009954802e-02 6.138934314799249226e-02 6.367644192816182547e-02 6.620591704278407097e-02 6.763004787472043366e-02 7.548743121661587174e-02 7.621483507770485111e-02 7.974135369830169517e-02 8.504513202635617664e-02 8.674869942476425011e-02 8.915169879187370694e-02 9.248211361844380085e-02 9.465827902280644912e-02 1.014162756874706223e-01 1.024002166399201469e-01 1.088105468196335912e-01 1.104471445724754530e-01 1.181303066616399139e-01 1.213439402764477787e-01 1.256958926417361400e-01 1.269805483071859142e-01 1.336543469532701922e-01 1.378180015941637693e-01 1.403221994807015427e-01 1.422516671221887297e-01 1.473091427359811134e-01 1.482324656976460875e-01 1.589828017411915873e-01 1.675363145208147997e-01 1.700751962124838201e-01 1.801426330054682057e-01 1.837658502861574117e-01
-1.642024611699531289e-01 -1.605792624796003598e-01 -1.540409356440477218e-01 -1.518501903912690409e-01 -1.488586159346845517e-01 -1.392442493108905777e-01 -1.319734316368858518e-01 -1.286906267060797526e-01 -1.256923973951097340e-01 -1.235409668975943620e-01 -1.195497189479729910e-01 -1.167325274590042955e-01 -1.117155850388219379e-01 -1.088776501180528655e-01 -1.050942355720861504e-01 -9.895287089727766716e-02 -9.765232451797886681e-02 -9.204207802226149759e-02 -9.113029511030533436e-02 -8.405129148005444084e-02 -8.359951087873014608e-02 -8.151418069283279666e-02 -7.849812073408134194e-02 -7.648600539409590449e-02 -7.129851266434925061e-02 -6.835898793869839285e-02 -6.788456536376924477e-02 -6.120042756150718966e-02 -6.036125249531834602e-02 -5.727183169421313363e-02 -5.466258927098103376e-02 -5.277923497676566961e-02 -4.921541846326112774e-02 -4.837615564927186251e-02 -4.511598776883683076e-02 -4.335481695359477000e-02 -4.092624850819699678e-02 -3.868904219464989330e-02 -3.673107195881835513e-02 -3.391051171871979630e-02 -3.202875315324778954e-02 -2.760754919986380118e-02 -2.603090263408565710e-02 -2.243613715174587464e-02 -2.113596554390182597e-02 -1.503604220614298236e-02 -1.256012120982927249e-02 -1.101388153168186140e-02 -1.030981099875774229e-02 -3.004583200315672810e-03 3.004583200315637248e-03 1.030981099875770586e-02 1.101388153168196896e-02 1.256012120982923953e-02 1.503604220614297021e-02 2.113596554390173576e-02 2.243613715174597872e-02 2.603090263408574037e-02 2.760754919986363118e-02 3.202875315324798383e-02 3.391051171872019876e-02 3.673107195881875064e-02 3.868904219465020555e-02 4.092624850819685106e-02 4.335481695359508225e-02 4.511598776883742057e-02 4.837615564927211925e-02 4.921541846326177999e-02 5.277923497676473286e-02 5.466258927098034681e-02 5.727183169421321690e-02 6.036125249531776316e-02 6.120042756150580882e-02 6.788456536376930028e-02 6.835898793869839285e-02 7.129851266435088819e-02 7.648600539409516896e-02 7.849812073408121704e-02 8.151418069283226930e-02 8.359951087873106201e-02 8.405129148005550943e-02 9.113029511030482088e-02 9.204207802226102575e-02 9.765232451797746516e-02 9.895287089727770879e-02 1.050942355720852484e-01 1.088776501180521022e-01 1.117155850388207999e-01 1.167325274590036710e-01 1.195497189479717143e-01 1.235409668975943898e-01 1.256923973951092344e-01 1.286906267060805298e-01 1.319734316368867122e-01 1.392442493108906332e-01 1.488586159346841631e-01 1.518501903912700124e-01 1.540409356440501365e-01 1.605792624796002765e-01 1.642024611699539338e-01
-1.486481481680341499e-01 -1.436650982136017662e-01 -1.401087152140575165e-01 -1.393641126256132678e-01 -1.307290988450266200e-01 -1.295265255133624394e-01 -1.153507378654603649e-01 -1.126219712454284150e-01 -1.102728814096973348e-01 -1.084695924939376999e-01 -1.047340940305830498e-01 -1.038489393348866752e-01 -9.718409873598111981e-02 -9.569493188321784305e-02 -9.156217630725230205e-02 -8.716526391870572932e-02 -8.545468901706916587e-02 -8.122648566563986372e-02 -8.015375480228224825e-02 -7.672193948697930699e-02 -7.270417510140883555e-02 -7.142135122152663829e-02 -6.892728829821127834e-02 -6.741187971214883390e-02 -6.245214021347574723e-02 -6.014623237520045490e-02 -5.976947814119712432e-02 -5.457198667666436631e-02 -5.362619869018777491e-02 -5.049286513179984670e-02 -4.789882935055271573e-02 -4.588760487929991611e-02 -4.350145662532237112e-02 -4.266912532959779569e-02 -3.975866418258389157e-02 -3.906063273533801755e-02 -3.559734171734302288e-02 -3.420139963973833214e-02 -3.199609313675848277e-02 -3.006422592038065708e-02 -2.814152183962245063e-02 -2.404292171567405309e-02 -2.252739536755495042e-02 -1.945889705928251223e-02 -1.850194685823334725e-02 -1.300545130943847258e-02 -1.130665716991931594e-02 -9.880420266520027403e-03 -8.865059075069601363e-03 -2.840140320767855532e-03 2.840140320767850328e-03 8.865059075069629119e-03 9.880420266520044750e-03 1.130665716991933502e-02 1.300545130943852115e-02 1.850194685823320848e-02 1.945889705928276203e-02 2.252739536755453756e-02 2.404292171567424738e-02 2.814152183962204470e-02 3.006422592038071606e-02 3.199609313675928768e-02 3.420139963973869990e-02 3.559734171734318942e-02 3.906063273533786490e-02 3.975866418258445362e-02 4.266912532959796223e-02 4.350145662532251684e-02 4.588760487929956222e-02 4.789882935055257002e-02 5.049286513179988833e-02 5.362619869018835778e-02 5.457198667666440101e-02 5.976947814119713820e-02 6.014623237520113491e-02 6.245214021347601091e-02 6.741187971214727959e-02 6.892728829821048731e-02 7.142135122152676319e-02 7.270417510140939066e-02 7.672193948697830779e-02 8.015375480228283112e-02 8.122648566563925310e-02 8.545468901706852749e-02 8.716526391870617341e-02 9.156217630725239920e-02 9.569493188321581689e-02 9.718409873598067572e-02 1.038489393348855094e-01 1.047340940305826196e-01 1.084695924939365758e-01 1.102728814096971960e-01 1.126219712454277072e-01 1.153507378654606286e-01 1.295265255133621063e-01 1.307290988450252600e-01 1.393641126256149332e-01 1.401087152140580439e-01 1.436650982136010446e-01 1.486481481680326233e-01
-1.272607423050065856e-01 -1.266504360429823450e-01 -1.222396474799112426e-01 -1.188649329348014094e-01 -1.116938087813435926e-01 -1.097155163743913087e-01 -9.810374502418357789e-02 -9.572390850063956791e-02 -9.402274948684730127e-02 -9.261416819458417882e-02 -8.930223983663933274e-02 -8.906701752428158869e-02 -8.223734373651978014e-02 -8.177385520391144968e-02 -7.756670953635447230e-02 -7.466720655088558700e-02 -7.265026603940308303e-02 -6.999335117053917532e-02 -6.852771726368479810e-02 -6.763130942611587926e-02 -6.136617369176231712e-02 -6.065698646373122310e-02 -5.864383136831657906e-02 -5.777899463500618671e-02 -5.319952376851883047e-02 -5.154496295682165635e-02 -5.117040842236405401e-02 -4.716628580159696466e-02 -4.615568993483663840e-02 -4.330194451408839879e-02 -4.092214848336286903e-02 -3.868695660505263451e-02 -3.725551138047819566e-02 -3.628372065023017373e-02 -3.416561158298650480e-02 -3.394018205602081228e-02 -3.004991112623746352e-02 -2.942026405156638463e-02 -2.705548824702707494e-02 -2.589244730142160195e-02 -2.395155732627262529e-02 -2.038785548234741535e-02 -1.888460443466459873e-02 -1.655274156554618903e-02 -1.563386761354951249e-02 -1.102574812092309633e-02 -9.852756797619289034e-03 -8.530522309157365091e-03 -7.361538800843830423e-03 -2.593875126741405392e-03 2.593875126741379371e-03 7.361538800843800932e-03 8.530522309157365091e-03 9.852756797619259543e-03 1.102574812092314317e-02 1.563386761354930085e-02 1.655274156554623760e-02 1.888460443466459179e-02 2.038785548234762351e-02 2.395155732627237549e-02 2.589244730142145623e-02 2.705548824702626309e-02 2.942026405156624239e-02 3.004991112623747740e-02 3.394018205602103433e-02 3.416561158298631745e-02 3.628372065023031251e-02 3.725551138047784178e-02 3.868695660505261369e-02 4.092214848336275107e-02 4.330194451408793388e-02 4.615568993483674942e-02 4.716628580159595852e-02 5.117040842236495607e-02 5.154496295682144819e-02 5.319952376851859455e-02 5.777899463500648508e-02 5.864383136831691906e-02 6.065698646373080677e-02 6.136617369176166487e-02 6.763130942611679519e-02 6.852771726368472871e-02 6.999335117053889777e-02 7.265026603940295813e-02 7.466720655088636416e-02 7.756670953635423638e-02 8.177385520391099172e-02 8.223734373651994667e-02 8.906701752428196339e-02 8.930223983664049847e-02 9.261416819458424821e-02 9.402274948684755107e-02 9.572390850063948464e-02 9.810374502418277298e-02 1.097155163743915862e-01 1.116938087813439812e-01 1.188649329348013123e-01 1.222396474799113814e-01 1.266504360429818732e-01 1.272607423050060027e-01
-1.043798102415118695e-01 -1.036994250584872546e-01 -1.002140720483203906e-01 -9.681033730329559328e-02 -9.116340810657923288e-02 -8.921976658905370061e-02 -8.017272112785847615e-02 -7.819334792418081159e-02 -7.689626437257555958e-02 -7.593893072065982519e-02 -7.339512357340541304e-02 -7.281372508581258896e-02 -6.723716055218419141e-02 -6.669764505035151447e-02 -6.311176831813709864e-02 -6.137324505363574156e-02 -5.933122206716129332e-02 -5.820557090011133777e-02 -5.641083704563749912e-02 -5.604649520266989648e-02 -4.976584639414273481e-02 -4.942216944088013292e-02 -4.782022155488891563e-02 -4.753483270270096595e-02 -4.351999497839266484e-02 -4.244724657547000596e-02 -4.210955889086368670e-02 -3.885337574364480101e-02 -3.811330948829591558e-02 -3.566453931306090563e-02 -3.359387314025249344e-02 -3.128826559677270330e-02 -3.039891402330582859e-02 -2.968613040374408832e-02 -2.845219223453947580e-02 -2.783280427901200019e-02 -2.457097236096393578e-02 -2.410626794294406378e-02 -2.196746529871167891e-02 -2.138868194564256045e-02 -1.951185985905715820e-02 -1.661743935958968563e-02 -1.516595047124929749e-02 -1.362961486492245133e-02 -1.259803313313614080e-02 -9.090773768624956994e-03 -8.163579809020216072e-03 -7.002506107105107257e-03 -5.832176629299247808e-03 -2.259239845134822060e-03 2.259239845134814254e-03 5.832176629299329340e-03 7.002506107105172309e-03 8.163579809020297604e-03 9.090773768624960463e-03 1.259803313313607488e-02 1.362961486492237154e-02 1.516595047124922636e-02 1.661743935958953644e-02 1.951185985905695697e-02 2.138868194564282066e-02 2.196746529871131809e-02 2.410626794294388683e-02 2.457097236096390108e-02 2.783280427901190651e-02 2.845219223453953825e-02 2.968613040374374831e-02 3.039891402330573145e-02 3.128826559677283514e-02 3.359387314025242405e-02 3.566453931306164810e-02 3.811330948829549925e-02 3.885337574364514795e-02 4.210955889086393650e-02 4.244724657546992269e-02 4.351999497839282444e-02 4.753483270270029981e-02 4.782022155488905441e-02 4.942216944088024394e-02 4.976584639414326910e-02 5.604649520266968138e-02 5.641083704563798484e-02 5.820557090011169860e-02 5.933122206716154312e-02 6.137324505363595667e-02 6.311176831813775090e-02 6.669764505035243041e-02 6.723716055218449672e-02 7.281372508581299141e-02 7.339512357340587101e-02 7.593893072066000560e-02 7.689626437257544855e-02 7.819334792418071445e-02 8.017272112785939209e-02 8.921976658905343693e-02 9.116340810657924676e-02 9.681033730329419162e-02 1.002140720483211955e-01 1.036994250584865468e-01 1.043798102415112589e-01
-8.002080735046941673e-02 -7.936430463049874706e-02 -7.699040004718504804e-02 -7.392785911287617917e-02 -6.971175807152027448e-02 -6.804244194515957078e-02 -6.148139787008190943e-02 -5.998669182540960348e-02 -5.890031607291959515e-02 -5.838929319910629578e-02 -5.652236329792620362e-02 -5.575272227958232019e-02 -5.177006678680115548e-02 -5.080755252677528200e-02 -4.818859971630060079e-02 -4.725802680254933413e-02 -4.553229511584959421e-02 -4.520731667644267704e-02 -4.358126651552282627e-02 -4.309204361338695582e-02 -3.792224541802581561e-02 -3.768268675497505465e-02 -3.672488273863892122e-02 -3.645515113357871567e-02 -3.338760245490206280e-02 -3.278489188909666785e-02 -3.252137969823531288e-02 -2.983498221608125653e-02 -2.950077866979884320e-02 -2.754752878313337233e-02 -2.585183756920800963e-02 -2.372976707478479177e-02 -2.315646925678668117e-02 -2.282876273952402432e-02 -2.213075628485674379e-02 -2.133196201402277198e-02 -1.902469729580388152e-02 -1.836755654398726165e-02 -1.673434062589332708e-02 -1.654242080305456941e-02 -1.486325670032475829e-02 -1.271249579185756290e-02 -1.140574865946106069e-02 -1.057027673400819275e-02 -9.486380753352213063e-03 -7.120516709399180369e-03 -6.272900173111270634e-03 -5.343664495316767342e-03 -4.306640892163892710e-03 -1.832002860861950411e-03 1.832002860861928293e-03 4.306640892163872761e-03 5.343664495316724841e-03 6.272900173111270634e-03 7.120516709399192512e-03 9.486380753352138470e-03 1.057027673400811468e-02 1.140574865946112140e-02 1.271249579185756463e-02 1.486325670032490921e-02 1.654242080305457288e-02 1.673434062589340340e-02 1.836755654398744206e-02 1.902469729580378785e-02 2.133196201402261932e-02 2.213075628485633786e-02 2.282876273952410759e-02 2.315646925678653198e-02 2.372976707478465994e-02 2.585183756920799575e-02 2.754752878313324743e-02 2.950077866979906177e-02 2.983498221608125653e-02 3.252137969823568064e-02 3.278489188909685520e-02 3.338760245490185463e-02 3.645515113357866710e-02 3.672488273863903918e-02 3.768268675497515874e-02 3.792224541802583643e-02 4.309204361338647704e-02 4.358126651552333281e-02 4.520731667644280888e-02 4.553229511585003830e-02 4.725802680254932026e-02 4.818859971630069100e-02 5.080755252677570527e-02 5.177006678680109303e-02 5.575272227958243121e-02 5.652236329792637015e-02 5.838929319910590721e-02 5.890031607291899146e-02 5.998669182540938838e-02 6.148139787008084084e-02 6.804244194516041733e-02 6.971175807152069082e-02 7.392785911287591549e-02 7.699040004718514518e-02 7.936430463049898298e-02 8.002080735046983306e-02
-5.463511400263570961e-02 -5.390516520392785171e-02 -5.251745007402069954e-02 -5.019212525078469572e-02 -4.737440864620499903e-02 -4.614441075774632084e-02 -4.194695034109661297e-02 -4.096990694477851969e-02 -4.010560798473023630e-02 -3.989124820657524717e-02 -3.867009997299235280e-02 -3.793341018037151013e-02 -3.545440769447523455e-02 -3.440585608503210491e-02 -3.277644393951966578e-02 -3.229277702572240505e-02 -3.122000569844965434e-02 -3.091629290280583156e-02 -2.987351448825161307e-02 -2.939749581259479619e-02 -2.575022027487188989e-02 -2.549112223954938874e-02 -2.518079518881439008e-02 -2.472383637000113640e-02 -2.277557192915218368e-02 -2.251310372484017705e-02 -2.233400300362073029e-02 -2.030845169204067296e-02 -2.028094849771962596e-02 -1.891877691303288367e-02 -1.767813059490255453e-02 -1.602475263444041315e-02 -1.567017541104543180e-02 -1.559797783697041036e-02 -1.524369075008864642e-02 -1.451004701664115187e-02 -1.311403838666948263e-02 -1.245315612944010095e-02 -1.139125178249321586e-02 -1.129833521540635558e-02 -1.004282599001655660e-02 -8.654618151255464090e-03 -7.625929724142084011e-03 -7.300451757690262430e-03 -6.340868677129401533e-03 -4.996322114216356081e-03 -4.256512604481548639e-03 -3.599646681714772922e-03 -2.811418683135518629e-03 -1.310811049198714164e-03 1.310811049198702021e-03 2.811418683135532941e-03 3.599646681714752106e-03 4.256512604481501802e-03 4.996322114216308376e-03 6.340868677129542913e-03 7.300451757690250287e-03 7.625929724142079674e-03 8.654618151255425926e-03 1.004282599001645425e-02 1.129833521540640241e-02 1.139125178249330260e-02 1.245315612944022238e-02 1.311403838666951212e-02 1.451004701664101136e-02 1.524369075008873489e-02 1.559797783697039995e-02 1.567017541104542486e-02 1.602475263444065948e-02 1.767813059490272107e-02 1.891877691303298081e-02 2.028094849771957739e-02 2.030845169204068684e-02 2.233400300362060886e-02 2.251310372484045114e-02 2.277557192915231205e-02 2.472383637000124743e-02 2.518079518881444906e-02 2.549112223954929507e-02 2.575022027487177539e-02 2.939749581259437292e-02 2.987351448825117592e-02 3.091629290280540135e-02 3.122000569844919984e-02 3.229277702572259934e-02 3.277644393951959639e-02 3.440585608503253512e-02 3.545440769447535945e-02 3.793341018037126727e-02 3.867009997299252627e-02 3.989124820657523329e-02 4.010560798473040284e-02 4.096990694477842254e-02 4.194695034109671705e-02 4.614441075774651513e-02 4.737440864620499903e-02 5.019212525078544512e-02 5.251745007401995013e-02 5.390516520392819866e-02 5.463511400263562634e-02
-2.799700868708981244e-02 -2.745604969841696288e-02 -2.681074672996134126e-02 -2.556502798146851121e-02 -2.414228437532246405e-02 -2.348037836111882548e-02 -2.148287571107721644e-02 -2.100932061087135497e-02 -2.053681651990873352e-02 -2.039261237808353416e-02 -1.983062455974892932e-02 -1.935319278795307255e-02 -1.821830794604551579e-02 -1.747968229810100901e-02 -1.677978020855717609e-02 -1.650369611651943472e-02 -1.602921392504546433e-02 -1.582904989453294206e-02 -1.534281316596400498e-02 -1.501836830962439452e-02 -1.312757706474695224e-02 -1.294932718590923945e-02 -1.292983575387002954e-02 -1.256764835383410508e-02 -1.165742244988874320e-02 -1.159574130598938282e-02 -1.150115330350971916e-02 -1.047319545355672628e-02 -1.033126112939571246e-02 -9.746783108179358016e-03 -9.065238355181980817e-03 -8.165009515888544539e-03 -8.005469351611891812e-03 -7.907540607664669680e-03 -7.845221295982432452e-03 -7.397945356705229111e-03 -6.779185077360409817e-03 -6.353205865113253394e-03 -5.856115608270499352e-03 -5.734534392034904005e-03 -5.081461334907028983e-03 -4.424068599609256962e-03 -3.852027986855742579e-03 -3.759532254856162974e-03 -3.176882106137586797e-03 -2.637862188737389799e-03 -2.159496566484699759e-03 -1.808769088862914208e-03 -1.369462061608262655e-03 -6.979035820239842813e-04 6.979035820239903529e-04 1.369462061608269811e-03 1.808769088862917460e-03 2.159496566484710601e-03 2.637862188737429697e-03 3.176882106137589399e-03 3.759532254856145627e-03 3.852027986855773804e-03 4.424068599609233543e-03 5.081461334907010768e-03 5.734534392034901402e-03 5.856115608270471597e-03 6.353205865113302833e-03 6.779185077360487012e-03 7.397945356705297633e-03 7.845221295982463677e-03 7.907540607664728660e-03 8.005469351611933446e-03 8.165009515888719746e-03 9.065238355182105717e-03 9.746783108179408323e-03 1.033126112939576277e-02 1.047319545355666556e-02 1.150115330350972437e-02 1.159574130598948170e-02 1.165742244988870850e-02 1.256764835383400274e-02 1.292983575386988729e-02 1.294932718590913884e-02 1.312757706474703551e-02 1.501836830962442401e-02 1.534281316596381069e-02 1.582904989453277900e-02 1.602921392504540882e-02 1.650369611651940349e-02 1.677978020855713098e-02 1.747968229810090146e-02 1.821830794604544293e-02 1.935319278795297193e-02 1.983062455974902993e-02 2.039261237808357233e-02 2.053681651990879251e-02 2.100932061087135497e-02 2.148287571107726154e-02 2.348037836111873181e-02 2.414228437532257160e-02 2.556502798146847652e-02 2.681074672996133085e-02 2.745604969841733065e-02 2.799700868708986101e-02
-2.750104695450959097e-07 -2.680570305084585315e-07 -2.615366079302710587e-07 -2.496120123781118706e-07 -2.357308335311179654e-07 -2.290648624901349490e-07 -2.110130898408425825e-07 -2.066203052351188773e-07 -2.019550016295035982e-07 -1.995771795332981658e-07 -1.947014660003929841e-07 -1.891980267259845668e-07 -1.794673791830603899e-07 -1.702442640174710112e-07 -1.650577080840667173e-07 -1.613658096054457164e-07 -1.572490201272607187e-07 -1.553950436715777683e-07 -1.508995689666009147e-07 -1.467958566499032277e-07 -1.284014550129302447e-07 -1.275171715507644875e-07 -1.257213492336091590e-07 -1.223904088920184142e-07 -1.144911708031480219e-07 -1.144295882883748027e-07 -1.133800932214363095e-07 -1.035533579089254848e-07 -1.006999793784329448e-07 -9.624681347784926783e-08 -8.909249712058083526e-08 -8.043191446921329984e-08 -7.818930941345779404e-08 -7.696998102339148080e-08 -7.661449956984000964e-08 -7.229788384880152793e-08 -6.713027978601463845e-08 -6.233748737660875914e-08 -5.764696177309434688e-08 -5.566392795602671953e-08 -4.922624551515114704e-08 -4.338301566446290356e-08 -3.813989975864600580e-08 -3.631640787323049819e-08 -3.049511485539660951e-08 -2.671347137688748224e-08 -2.096010441551952355e-08 -1.734534691990666115e-08 -1.272230108113226638e-08 -7.060011295961224800e-09 7.060011295961202466e-09 1.272230108113225977e-08 1.734534691990658174e-08 2.096010441551936804e-08 2.671347137688728702e-08 3.049511485539633158e-08 3.631640787323093494e-08 3.813989975864590653e-08 4.338301566446273813e-08 4.922624551515114042e-08 5.566392795602646145e-08 5.764696177309368513e-08 6.233748737660889148e-08 6.713027978601424141e-08 7.229788384880191174e-08 7.661449956984010229e-08 7.696998102339190432e-08 7.818930941345743670e-08 8.043191446921262486e-08 8.909249712057908825e-08 9.624681347784921489e-08 1.006999793784327199e-07 1.035533579089255245e-07 1.133800932214370242e-07 1.144295882883744322e-07 1.144911708031469367e-07 1.223904088920177260e-07 1.257213492336091590e-07 1.275171715507640904e-07 1.284014550129291859e-07 1.467958566499046570e-07 1.508995689666008882e-07 1.553950436715780065e-07 1.572490201272618833e-07 1.613658096054444194e-07 1.650577080840652086e-07 1.702442640174692112e-07 1.794673791830620046e-07 1.891980267259848050e-07 1.947014660003943341e-07 1.995771795332999128e-07 2.019550016295052658e-07 2.066203052351188773e-07 2.110130898408441443e-07 2.290648624901354254e-07 2.357308335311184419e-07 2.496120123781115530e-07 2.615366079302717998e-07 2.680570305084592197e-07 2.750104695450954332e-07
