9.999999854169880908e-01 9.999999869806799335e-01 9.999999889980519807e-01 9.999999915804960171e-01 9.999999950313788188e-01 9.999999997839384980e-01 9.999999935418207864e-01 9.999999840599504974e-01 9.999999705126954019e-01 9.999999511398126595e-01 9.999999235475405257e-01 9.999998846661112273e-01 9.999998310704774074e-01 9.999997604906785131e-01 9.999996768878957054e-01 9.999996067806038447e-01 9.999996524155132516e-01 6.467650291931755814e-03 9.999981984979772198e-01 9.999935450816368476e-01 9.887536293823788736e-01 9.997552447850441837e-01 9.998524929995706856e-01 9.998701520570552059e-01 2.895419896698231497e-03 9.998490104052365490e-01 9.998176021332082497e-01 9.997624008326346789e-01 9.996487501255986174e-01 9.992840181515716402e-01 9.994615876759648243e-01 9.998787856882016545e-01 9.999909922738449142e-01 9.999196308803263156e-01 9.998767573288657173e-01 9.998653713276295374e-01 9.999024238030200795e-01 9.999888274662473986e-01 9.997924185637169225e-01 9.995235573095292425e-01 9.992570566149195921e-01 9.991480167579389615e-01 9.994207157964141164e-01 9.997436862076636288e-01 9.984556890700673204e-01 9.973102096235946235e-01 9.976221884316982536e-01 9.980012970466093369e-01 9.856572021530290995e-01 9.616395774256598639e-01 9.235785849933894065e-01 8.634673522547839930e-01 7.229667573657168056e-01 -3.892371437984006310e-01 7.730803740275459246e-01 9.043070513835721469e-01 8.458885836226612831e-01 9.152502123902792608e-01 9.325242351962483855e-01 9.633964737278000179e-01 9.454040082126915490e-01 9.419137069938189333e-01 9.304816131301156812e-01 8.962939156953144693e-01 6.683391679405196184e-01 8.421505390690127157e-01 9.387891727917273554e-01 9.627259985758456207e-01 9.711977816791569351e-01 9.777134038760365575e-01 9.814297215146564612e-01 9.837800685904204423e-01 9.854730415036941915e-01 9.871352875336624200e-01 9.898034474531154370e-01 9.960928496253351749e-01 9.928983467191067058e-01 9.904257536455591815e-01 9.037971557792426891e-01 9.035225037674544657e-01 8.386987885475293281e-01 8.120425802050845743e-01 9.637463670681415406e-01 9.867917286047929171e-01 9.958224049690792556e-01 9.984290486410387633e-01 9.921475011478811945e-01 9.766160115066337966e-01 8.624594612664304716e-01 9.778620652782374911e-01 9.868691971673806407e-01 9.900478616411383381e-01 9.914870917467161204e-01 9.920901577626908274e-01 9.921222856476492602e-01 9.915940017847246768e-01 9.902718692279902646e-01 9.873615553004642109e-01 9.796324182924133206e-01 9.305480215666213084e-01 9.579150597974369630e-01 9.835434846381179153e-01 9.894568457755207325e-01 9.918973974434116547e-01 9.930735909880586965e-01 9.936026250721692321e-01 9.936921079709666316e-01 9.933729470339193179e-01 9.925207969149033582e-01 9.907095568668089491e-01 9.864601561751246139e-01 9.706836285280857624e-01 9.021903713463854668e-01 9.815705083912434903e-01 9.895685197343342399e-01 9.924254656462861979e-01 9.937601911042841518e-01 9.944129893982465163e-01 9.946697160725765929e-01 9.946352731727324814e-01 9.943245458226797062e-01 9.936731553120339289e-01 9.924912487199938349e-01 9.902886696094188590e-01 9.855504897716483859e-01 9.706445772423949458e-01 -8.335656021699218432e-02 9.678604485965333071e-01 9.818514737825808636e-01 9.859369345425834652e-01 9.872233707661692836e-01 9.869446999581001911e-01 9.850162341002656197e-01 9.799026156922318043e-01 9.631670392270382797e-01 -1.280099768092635981e-01 9.638812888753734986e-01 9.815126752557516987e-01 9.870128720591017091e-01 9.894177184565072780e-01 9.905032007426737284e-01 9.908140443629191996e-01 9.905103071024897732e-01 9.895419809957330948e-01 9.876214957050675203e-01 9.839861877868757434e-01 9.765415771005830914e-01 9.580160763074773156e-01 8.861739196469863300e-01 3.363673518854798927e-01
9.999997512048229842e-01 9.999999852338772310e-01 9.999999875199868660e-01 9.999999904462953948e-01 9.999999943565300864e-01 9.999999997415509601e-01 9.999999926962158669e-01 9.999999819531241174e-01 9.999999666044503410e-01 9.999999446565436267e-01 9.999999133986272604e-01 9.999998693552852869e-01 9.999998086514595430e-01 9.999997287197308626e-01 9.999996340565122654e-01 9.999995546761579757e-01 9.999996063704360560e-01 6.292154426983016975e-03 9.999974354497300766e-01 9.999888341767453337e-01 9.907335492983508907e-01 9.997302713402463903e-01 9.998336387852650997e-01 9.998531160190512468e-01 2.953348513511120082e-03 9.998289950357676092e-01 9.997934032240595181e-01 9.997309000971184023e-01 9.996023297065388391e-01 9.991901782000012222e-01 9.993884331788889241e-01 9.998624353602438841e-01 9.999897825184640432e-01 9.999088418310987381e-01 9.998602255355905077e-01 9.998473200527654425e-01 9.998893417375941395e-01 9.999873383998034715e-01 9.997646230765049324e-01 9.994597664869625531e-01 9.991576002813145063e-01 9.990339718301183281e-01 9.993431628528458566e-01 9.997093572782913551e-01 9.982490129560471770e-01 9.969504318728094061e-01 9.973040534797490420e-01 9.977337305420534985e-01 9.837504886515888725e-01 9.566089927513768965e-01 9.137740410408551339e-01 8.465594479096791858e-01 6.915027881912214625e-01 -4.396710540832998726e-01 7.465808124294174286e-01 8.921869935373680782e-01 8.270407403056034834e-01 9.044426956882416491e-01 9.238298826634286920e-01 9.585840971331589522e-01 9.383118492185293924e-01 9.343807910466896960e-01 9.215203213105526148e-01 8.831720795151096759e-01 6.315821506741149394e-01 8.230153743828422241e-01 9.308969879581329154e-01 9.578486498008518257e-01 9.674081563654819416e-01 9.747691676709695496e-01 9.789706991155510130e-01 9.816290492188292083e-01 9.835444451570289903e-01 9.854256163998346141e-01 9.884463000169199098e-01 9.955710067835297217e-01 9.919523683681837900e-01 9.891550867433180905e-01 8.915840306802528259e-01 8.913321677238952301e-01 8.191922503188265869e-01 7.892507475176947507e-01 9.589764435197484227e-01 9.850330805036834336e-01 9.952635396902101972e-01 9.982185905138311055e-01 9.910991658464251008e-01 9.735192503388324647e-01 8.456030690892609725e-01 9.749366817943513341e-01 9.851241162986134059e-01 9.887225291586977383e-01 9.903523367356096285e-01 9.910353143383509034e-01 9.910716004234966237e-01 9.904730668749299749e-01 9.889754108924024845e-01 9.856796273635585193e-01 9.769323787122846658e-01 9.215702690093292571e-01 9.524259295127774916e-01 9.813615824477424088e-01 9.880536338717621492e-01 9.908172562053073618e-01 9.921494795993431870e-01 9.927487271335468932e-01 9.928500071106649560e-01 9.924882833217421041e-01 9.915227026338914174e-01 9.894707475307540356e-01 9.846583209010941751e-01 9.668120260415425937e-01 8.899107540791165727e-01 9.791306063452661634e-01 9.881801207501760276e-01 9.914153350406667009e-01 9.929272401549074090e-01 9.936667711445589246e-01 9.939575709918865298e-01 9.939184312584610215e-01 9.935661956139288931e-01 9.928279194512609207e-01 9.914885403053058655e-01 9.889929744118909349e-01 9.836265201627963917e-01 9.667617942607500403e-01 -1.300459599707959324e-01 9.636446367122791790e-01 9.794472036018069261e-01 9.840680970168550479e-01 9.855233386861027567e-01 9.852070099075617149e-01 9.830228769208081419e-01 9.772342527887245556e-01 9.583116964193402199e-01 -2.080840830695946664e-01 9.591596579012195978e-01 9.790650466906248850e-01 9.852862379338860332e-01 9.880078903518022537e-01 9.892364295400445373e-01 9.895877536515863548e-01 9.892427841246650422e-01 9.881446398940436637e-01 9.859673159261792552e-01 9.818465934944400342e-01 9.734102397031174636e-01 9.524310293952245043e-01 8.712907164457699416e-01 3.363607650440017527e-01
9.999999809915931515e-01 9.999999832519207432e-01 9.999999858424021282e-01 9.999999891581164979e-01 9.999999935885017788e-01 9.999999996896593579e-01 9.999999917426981577e-01 9.999999795717071649e-01 9.999999621837041275e-01 9.999999373209830233e-01 9.999999019142714607e-01 9.999998520296293769e-01 9.999997832835872957e-01 9.999996927747315523e-01 9.999995856062904309e-01 9.999994957453198774e-01 9.999995542209029198e-01 6.267784238047214955e-03 9.999968247658281850e-01 9.999848769211040489e-01 9.932245351173109027e-01 9.997035486633115697e-01 9.998125069448743352e-01 9.998338967193890481e-01 9.994048453541658494e-01 9.998063551661801052e-01 9.997660256606201168e-01 9.996952685687195972e-01 9.995498682495829179e-01 9.990843858258651178e-01 9.993052256841129521e-01 9.998438618752110152e-01 9.999884096519112697e-01 9.998965990353030353e-01 9.998414696280011338e-01 9.998268423568726915e-01 9.998745014691058364e-01 9.999856517694286628e-01 9.997331019351766157e-01 9.993874267242813803e-01 9.990448197697623378e-01 9.989046505396299569e-01 9.992552184043581587e-01 9.996704244862835154e-01 9.980146638830690309e-01 9.965425376359772214e-01 9.969433464114465515e-01 9.974303142076296202e-01 9.815920923479032334e-01 9.509336228138571823e-01 9.027718418278061208e-01 8.277445671687426731e-01 6.571588386415787575e-01 -4.872927687204431924e-01 7.174811955393614049e-01 8.786284622656292953e-01 8.061268902585699836e-01 8.923326289543027645e-01 9.140632625301899905e-01 9.531509602721401908e-01 9.303292666200443373e-01 9.259055866588850048e-01 9.114528407914640473e-01 8.684962109557433640e-01 5.916672507259790326e-01 8.018263716537005203e-01 9.220300983065173872e-01 9.523483070391687288e-01 9.631293067202479907e-01 9.714415026106667517e-01 9.761898201503709238e-01 9.791955774344429653e-01 9.813620116584281794e-01 9.834904259851415809e-01 9.869095485084961039e-01 9.949795894102446692e-01 9.908809846330439708e-01 9.877172887175723615e-01 8.779135692463607699e-01 8.777025671142273389e-01 7.976037842468437500e-01 7.640110324383573293e-01 9.535907838187489549e-01 9.830415121964682923e-01 9.946299065247373727e-01 9.979798899694806158e-01 9.899111898344241656e-01 9.700170694443750463e-01 8.268906511210765142e-01 9.716301032979794972e-01 9.831488318070938925e-01 9.872215997130293630e-01 9.890669264539087013e-01 9.898402897652186505e-01 9.898812507460448273e-01 9.892031891117942788e-01 9.875069094877473308e-01 9.837751801439367227e-01 9.738780837133119705e-01 9.114774606108815291e-01 9.462415038131160028e-01 9.788933112419041516e-01 9.864647409627583796e-01 9.895936879546758380e-01 9.911024417929088504e-01 9.917811375020677556e-01 9.918957435027465630e-01 9.914858005716583600e-01 9.903917752890026849e-01 9.880673516870835948e-01 9.826181171689138960e-01 9.624365962443827138e-01 8.762021941751826359e-01 9.763714846085220778e-01 9.866079866713547419e-01 9.902709643267805228e-01 9.919833624557233831e-01 9.928210600650566597e-01 9.931504145016655238e-01 9.931059242091117012e-01 9.927066441422890408e-01 9.918699310423935156e-01 9.903521937938107866e-01 9.875249178625690183e-01 9.814477189519591471e-01 9.623720361879494201e-01 -1.747013857347413657e-01 9.588881782375457963e-01 9.767279338027433644e-01 9.819527700889724153e-01 9.835984727734308208e-01 9.832393416635775152e-01 9.807659928481770040e-01 9.742146193179627156e-01 9.528270072118174561e-01 -2.887764467147307945e-01 9.538369920242497635e-01 9.762971684362505842e-01 9.833316504711967498e-01 9.864111060037867862e-01 9.878012300922804911e-01 9.881981372389588847e-01 9.878062489463642626e-01 9.865608397819664033e-01 9.840923383568543903e-01 9.794215185273410507e-01 9.698619297567746544e-01 9.461077074493471351e-01 8.545121318315910264e-01 3.363549553883531940e-01
9.999999783457207414e-01 9.999999810029321923e-01 9.999999839380888655e-01 9.999999876947248678e-01 9.999999927140160727e-01 9.999999996259009150e-01 9.999999906683098017e-01 9.999999768810158285e-01 9.999999571848172675e-01 9.999999290233644311e-01 9.999998889220959031e-01 9.999998324290318985e-01 9.999997545867033155e-01 9.999996521187386467e-01 9.999995308167414221e-01 9.999994291151625969e-01 9.999994951850508240e-01 6.296046591066140063e-03 9.999962724985498319e-01 9.999813305186804335e-01 9.981708690765188630e-01 9.996751132665604445e-01 9.997888597855133508e-01 9.998122295562822393e-01 9.998058010953438934e-01 9.997807552195919767e-01 9.997350614604340047e-01 9.996549784090729140e-01 9.994906088384717391e-01 9.989652350221621679e-01 9.992105710506807847e-01 9.998227588560869572e-01 9.999868515290670778e-01 9.998827052053885778e-01 9.998201886479216594e-01 9.998036104547586289e-01 9.998576655298011540e-01 9.999837416413146496e-01 9.996973547994529863e-01 9.993053902836321889e-01 9.989169274546365607e-01 9.987580039294526868e-01 9.991554876981257882e-01 9.996262687677488490e-01 9.977489330916597954e-01 9.960800940023343264e-01 9.965343683502498884e-01 9.970862359229603067e-01 9.791492992063588474e-01 9.445349670112437312e-01 8.904419002466824606e-01 8.068555072412628704e-01 6.198292276635184450e-01 -5.319874172653553668e-01 6.856433951360247914e-01 8.634863142585376128e-01 7.829805428041265447e-01 8.787832162894341215e-01 9.031051272107366579e-01 9.470201441324584968e-01 9.213529202747590130e-01 9.163796819321128329e-01 9.001558902541946239e-01 8.521103159125597015e-01 5.485250136590319459e-01 7.784292149410148021e-01 9.120797431634923846e-01 9.461493360913515449e-01 9.583006946494975198e-01 9.676820248736390795e-01 9.730460153806794743e-01 9.764433555401665910e-01 9.788929536862988057e-01 9.813004462931745886e-01 9.851697162626886772e-01 9.943093566819304341e-01 9.896677422762663046e-01 9.860908010633792076e-01 8.626365577914596461e-01 8.624903835915893602e-01 7.737798627342645785e-01 7.361391963249583892e-01 9.475132100108867306e-01 9.807865269079414361e-01 9.939115013499322249e-01 9.977091433777466323e-01 9.885650624377521067e-01 9.660577111845827236e-01 8.061708354432953749e-01 9.678941656694572959e-01 9.809134618455226384e-01 9.855220627830837410e-01 9.876110311917440931e-01 9.884865945313688895e-01 9.885328050617744333e-01 9.877647294326479255e-01 9.858437431224503777e-01 9.816191461959408171e-01 9.704240899448478563e-01 9.001434693038558033e-01 9.392793983857751217e-01 9.761019089636625568e-01 9.846659014868708315e-01 9.882078079919568436e-01 9.899162301769406369e-01 9.906847994427921966e-01 9.908144510177726572e-01 9.903498866214484053e-01 9.891104395551011397e-01 9.864776729185927850e-01 9.803084113412103839e-01 9.574938675202487870e-01 8.609278385737247907e-01 9.732524479844790743e-01 9.848281021920319844e-01 9.889746473050929909e-01 9.909138605992279247e-01 9.918626405225305920e-01 9.922356087077461861e-01 9.921850194652079846e-01 9.917324229692195958e-01 9.907841967513705272e-01 9.890644730258364437e-01 9.858617169992320850e-01 9.789807157457925957e-01 9.574109602136464670e-01 -2.171262698417872894e-01 9.535251671440010401e-01 9.736533826794151469e-01 9.795589690398133209e-01 9.814194259239091833e-01 9.810116302235711849e-01 9.782112126466518953e-01 9.707983238937305526e-01 9.466343841939167669e-01 -3.694551414554337887e-01 9.478412598981263981e-01 9.731682088816899778e-01 9.811194682514238208e-01 9.846028198488477878e-01 9.861753635341620194e-01 9.866235504033296078e-01 9.861782477627911714e-01 9.847657700622963750e-01 9.819671643049071585e-01 9.766729832034506398e-01 9.658414117946793054e-01 9.389498516168682807e-01 8.356108092916355590e-01 3.363498312151425029e-01
9.999999647828534677e-01 9.999999784506408140e-01 9.999999817760596432e-01 9.999999860318580236e-01 9.999999917177699871e-01 9.999999995472961256e-01 9.999999894587726645e-01 9.999999738423149820e-01 9.999999515342030687e-01 9.999999196404293356e-01 9.999998742284382791e-01 9.999998102612235318e-01 9.999997221337617592e-01 9.999996061489576649e-01 9.999994688796876030e-01 9.999993538069820165e-01 9.999994283832952524e-01 6.151516638587753959e-03 9.999957253215814301e-01 9.999779165400148884e-01 9.957305503781510581e-01 9.996450812825878884e-01 9.997624456350283628e-01 9.997878224166288907e-01 9.997802771071223615e-01 9.997518193232142192e-01 9.997000532220939872e-01 9.996094386800327136e-01 9.994237092226383457e-01 9.988311962749006900e-01 9.991028877256894480e-01 9.997987769918228462e-01 9.999850829684399089e-01 9.998669359403017376e-01 9.997960404782501032e-01 9.997772518636030004e-01 9.998385640709624989e-01 9.999815787671948453e-01 9.996568139171413403e-01 9.992123548599036731e-01 9.987718952833465336e-01 9.985917076051229468e-01 9.990423881831431707e-01 9.995761873924684515e-01 9.974476139300434419e-01 9.955558088078774182e-01 9.960706571033517420e-01 9.966960351142124530e-01 9.763852864544357857e-01 9.373261112493915803e-01 8.766443144383030406e-01 7.837224740954397140e-01 5.794401255988245181e-01 -5.736968125692533116e-01 6.509492493225047527e-01 8.466074543971735533e-01 7.574365291899454178e-01 8.636486183271810946e-01 8.908264475520005776e-01 9.401059954933645990e-01 9.112697723425029483e-01 9.056847539367703925e-01 8.874960075824165351e-01 8.338500465232515646e-01 5.021291205027502702e-01 7.526741652425970042e-01 9.009281429136244412e-01 9.391678820403638328e-01 9.528550173522026823e-01 9.634366782880292579e-01 9.694932718166817676e-01 9.733316438010258809e-01 9.761004241544400939e-01 9.788227432426557240e-01 9.832003405304845511e-01 9.935498504595582370e-01 9.882940779361368833e-01 9.842514032363941512e-01 8.455949575525967266e-01 8.455449372909615846e-01 7.475723658543175221e-01 7.054564038542555648e-01 9.406590377741568254e-01 9.782337346425171720e-01 9.930969811214321874e-01 9.974020309336303347e-01 9.870398447444435064e-01 9.615831802485824698e-01 7.832930625692895443e-01 9.636750406216856302e-01 9.783843827693703421e-01 9.835979646775271368e-01 9.859622599840294210e-01 9.869533400395537059e-01 9.870054373573640127e-01 9.861355022727120723e-01 9.839603745438392224e-01 9.791787662627271516e-01 9.665194159408841967e-01 8.874312333624723159e-01 9.314490220350011285e-01 9.729461256495833821e-01 9.826297649978162907e-01 9.866382906034792954e-01 9.885724795931433162e-01 9.894426851331168393e-01 9.895893140106617469e-01 9.890628830039338570e-01 9.876588239833553606e-01 9.846772030762200867e-01 9.776941167452787296e-01 9.519129568352983073e-01 8.439452971964208627e-01 9.697279130717959550e-01 9.828133977822736123e-01 9.875063802362988863e-01 9.897021111760619938e-01 9.907765555970072802e-01 9.911988455642991580e-01 9.911412996120051444e-01 9.906282817011112796e-01 9.895537430788184929e-01 9.876053092430828739e-01 9.839776188070481489e-01 9.761878786373815453e-01 9.518065765880416862e-01 -2.571765339133906259e-01 9.474826090380573662e-01 9.701783947213390435e-01 9.768507071402254827e-01 9.789531300702263295e-01 9.784899854456254875e-01 9.753198174458563852e-01 9.669343493884167140e-01 9.396462583232829680e-01 -4.494886749418700589e-01 9.410930262156136372e-01 9.696324305075484373e-01 9.786163235717109110e-01 9.825553336377297331e-01 9.843336987284677653e-01 9.848395107448458807e-01 9.843333672146418190e-01 9.827313388656510051e-01 9.795585016622189167e-01 9.735579870112135437e-01 9.612862160582084092e-01 9.308490303866281401e-01 8.143359794083233627e-01 3.363453116421591393e-01
9.999999723423547149e-01 9.999999755537921642e-01 9.999999793209964905e-01 9.999999841417750446e-01 9.999999905821156387e-01 9.999999994500674561e-01 9.999999880984354883e-01 9.999999704124252764e-01 9.999999451494648861e-01 9.999999090339556362e-01 9.999998576159928598e-01 9.999997851982290742e-01 9.999996854456730810e-01 9.999995541896179452e-01 9.999993988899380515e-01 9.999992687252057255e-01 9.999993528264269349e-01 5.266250875738518258e-03 9.999951522079135735e-01 9.999743408288246371e-01 9.968190137384435046e-01 9.996125411634000368e-01 9.997330014531972120e-01 9.997603542548680888e-01 9.997514705260157619e-01 9.997191273012029367e-01 9.996604890890089523e-01 9.995579892355340723e-01 9.993482354795938383e-01 9.986806225940128012e-01 9.989803879644610918e-01 9.997715180357304998e-01 9.999830753338657674e-01 9.998490359313310094e-01 9.997686361184939807e-01 9.997473432113137548e-01 9.998168903716208034e-01 9.999791301913835140e-01 9.996108350056684966e-01 9.991068426779453615e-01 9.986074223372071179e-01 9.984031245988131964e-01 9.989141240923143927e-01 9.995193825563118972e-01 9.971059348429397451e-01 9.949614161702231563e-01 9.955448848521740723e-01 9.962535146466656721e-01 9.732586471528738015e-01 9.292111439605413858e-01 8.612298063120915614e-01 7.581764034530894536e-01 5.359571163331993127e-01 -6.124139122889872278e-01 6.133074512769352005e-01 8.278322388502327156e-01 7.293351313622301602e-01 8.467748070338522171e-01 8.770885614573517008e-01 9.323133214063736851e-01 8.999568087323024379e-01 8.936923666004331634e-01 8.733296831786074854e-01 8.135442490318411934e-01 4.525040870488052924e-01 7.244206602998395361e-01 8.884486042732676614e-01 9.313111844170527398e-01 9.467176538328938573e-01 9.586451906418164137e-01 9.654801209991634714e-01 9.698147795162246343e-01 9.729430629698619937e-01 9.760202980902218384e-01 9.809716160646764216e-01 9.926892378003733253e-01 9.867390612653784698e-01 9.821719171431269046e-01 8.266231391720650912e-01 8.267096942293058470e-01 7.188433225778844138e-01 6.717947182124340832e-01 9.329343830019014572e-01 9.753443835313742039e-01 9.921734845872349773e-01 9.970536454875615906e-01 9.853118583213350545e-01 9.565285958704141667e-01 7.581113193146536977e-01 9.589126876543235811e-01 9.755237993042981115e-01 9.814200525377937412e-01 9.840953436419181966e-01 9.852169385760964904e-01 9.852756268808088302e-01 9.842904576001794137e-01 9.818279922269430582e-01 9.764171501924649998e-01 9.621069492251382860e-01 8.731927220987572014e-01 9.226511882034756917e-01 9.693797406701557540e-01 9.803255283993050906e-01 9.848610664530984549e-01 9.870504395147363663e-01 9.880355441570105590e-01 9.882013176022631518e-01 9.876048231299676683e-01 9.860144693617379774e-01 9.826382716425779984e-01 9.747357238730290918e-01 9.456148681230729380e-01 8.251084933639590835e-01 9.657469053016692895e-01 9.805333852438375963e-01 9.858435744795671640e-01 9.883293184615246085e-01 9.895458816884853404e-01 9.900239292585456541e-01 9.899584422236226144e-01 9.893769552267916989e-01 9.881593587204370310e-01 9.859520003943714750e-01 9.818435248363118761e-01 9.730268007539230046e-01 9.454784856775133584e-01 -2.947590865153394968e-01 9.406799212037489921e-01 9.662524288656855198e-01 9.737875368005254328e-01 9.761623554249843071e-01 9.756362351858912652e-01 9.720482258537612719e-01 9.625654233396251369e-01 9.317652847747218692e-01 -5.282656055356386160e-01 9.335050306419568900e-01 9.656386847763457348e-01 9.757846902255342680e-01 9.802374113367030573e-01 9.822478486554260257e-01 9.828183349354705500e-01 9.822428510173436544e-01 9.804257448473778780e-01 9.768286553042327958e-01 9.700278540480407052e-01 9.561257147124658795e-01 9.216832078161133479e-01 7.904121217436580471e-01 3.363413253298898065e-01
9.999999674010484618e-01 9.999999722653929446e-01 9.999999765326247347e-01 9.999999819927258837e-01 9.999999892866643370e-01 9.999999993294254041e-01 9.999999865702409174e-01 9.999999665433402241e-01 9.999999379385496878e-01 9.999998970492054440e-01 9.999998388412677519e-01 9.999997568725006447e-01 9.999996439860444619e-01 9.999994954843045569e-01 9.999993198346174283e-01 9.999991726436511241e-01 9.999992673822024614e-01 3.395961313604716706e-03 9.999945200608256757e-01 9.978770077530524363e-01 9.998276384734934297e-01 9.995828636222660046e-01 9.997002539005336308e-01 9.997294741227410464e-01 9.997189807704527365e-01 9.996822105555028815e-01 9.996157975307936594e-01 9.994998945385121791e-01 9.992631564808713840e-01 9.985117644703839224e-01 9.988410616407321641e-01 9.997405280741087363e-01 9.999807960610075375e-01 9.998287146310471663e-01 9.997375331503614015e-01 9.997134031700259937e-01 9.997922957082745476e-01 9.999763588225005773e-01 9.995586869010761877e-01 9.989871767610563058e-01 9.984208980179967163e-01 9.981892632261885057e-01 9.987686575646249620e-01 9.994549483985715188e-01 9.967184833258366794e-01 9.942875468981727805e-01 9.949487421335972970e-01 9.957516405368643797e-01 9.697228713937049438e-01 9.200846254918885192e-01 8.440405574742810835e-01 7.300531100086614655e-01 4.893926052918212699e-01 -6.481761768004261626e-01 5.726608588599434446e-01 8.069964716852268127e-01 6.985270146878055364e-01 8.280009049194649862e-01 8.617436379729828122e-01 9.235365464405087543e-01 8.872809490446683656e-01 8.802639864234499401e-01 8.575038165701549531e-01 7.910171462432414868e-01 3.997321688626881975e-01 6.935426908546187263e-01 8.745059082096794389e-01 9.224768681383612723e-01 9.398061251452598519e-01 9.532405128896135338e-01 9.609490982761587086e-01 9.658416619920850987e-01 9.693745073501458531e-01 9.728515494720781920e-01 9.784500028491788237e-01 9.917141339222073082e-01 9.849791107270265966e-01 9.798218882053257861e-01 8.055496873901235588e-01 8.058243656465260418e-01 6.874704144693248864e-01 6.350035329517843552e-01 9.242354869401737671e-01 9.720748429040072525e-01 9.911264289743445532e-01 9.966584112415304286e-01 9.833543360911878306e-01 9.508215066315466313e-01 7.304886431580458472e-01 9.535402870172430267e-01 9.722892764075171668e-01 9.789553811232876157e-01 9.819817825136297751e-01 9.832507689735099365e-01 9.833168232875489911e-01 9.822013267427373018e-01 9.794141120790876842e-01 9.732927941562516949e-01 9.571228134857538983e-01 8.572691978834545701e-01 9.127778380734753449e-01 9.653510467105991255e-01 9.777185313120201338e-01 9.828489861473056477e-01 9.853266750400291318e-01 9.864416217735852976e-01 9.866289676704013134e-01 9.859531388011426589e-01 9.841520024159554625e-01 9.803296553001573654e-01 9.713887839342757458e-01 9.385117715940828331e-01 8.042701265148011203e-01 9.612525284105450929e-01 9.779537566301224061e-01 9.839607362622976305e-01 9.867742383368007797e-01 9.881514750962968607e-01 9.886925311283175644e-01 9.886179717407470591e-01 9.879589014118757007e-01 9.865793045189203969e-01 9.840788734222348788e-01 9.794265717572792074e-01 9.694497337514356161e-01 9.383370809941561363e-01 -3.298284718066488153e-01 9.330284746394920115e-01 9.618190153705675760e-01 9.703240500832464033e-01 9.730052263787843936e-01 9.724074223862269051e-01 9.683474313375390885e-01 9.576273372703271169e-01 9.228835459776185690e-01 -6.052128499343571999e-01 9.249818445965118929e-01 9.611298792630545984e-01 9.725824115105522472e-01 9.776138526605980816e-01 9.798857646771936825e-01 9.805287314830544165e-01 9.798741688585742571e-01 9.778129947633918961e-01 9.737349525339047407e-01 9.660274957886869629e-01 9.502800869597549660e-01 9.113151744022830458e-01 7.635378740275667875e-01 3.363378093589008966e-01
9.999999652123072735e-01 9.999999685319242992e-01 9.999999733649554967e-01 9.999999795483413001e-01 9.999999878078246196e-01 9.999999991792988263e-01 9.999999848557091786e-01 9.999999621818370654e-01 9.999999297988104718e-01 9.999998835132035691e-01 9.999998176318800613e-01 9.999997248728978994e-01 9.999995971540334150e-01 9.999994291878399055e-01 9.999992305856927333e-01 9.999990642018882214e-01 9.999991708518279898e-01 1.657724047954499055e-03 9.999938516513605657e-01 9.989572932645994774e-01 9.998114412305153520e-01 9.995482626342838683e-01 9.996639358380868812e-01 9.996948008810262465e-01 9.996823650476890366e-01 9.996405479517566084e-01 9.995653420744596840e-01 9.994343376326401129e-01 9.991673398057746569e-01 9.983227978552497994e-01 9.986826661274537109e-01 9.997052900612467541e-01 9.999782081237615916e-01 9.998056413142673016e-01 9.997022282807439542e-01 9.996748843913086935e-01 9.997643834928072737e-01 9.999732229715022624e-01 9.994995398151397259e-01 9.988514539976484086e-01 9.982093602831584311e-01 9.979467292746903029e-01 9.986036758375251843e-01 9.993818562271588046e-01 9.962791196345442968e-01 9.935235818301474398e-01 9.942728062909045317e-01 9.951824277383019002e-01 9.657257836727066724e-01 9.098311460787720240e-01 8.249115345961064438e-01 6.991983011884644883e-01 4.398125839992970687e-01 -6.810583601189289515e-01 5.289939014282809548e-01 7.839340915753356676e-01 6.648789285314191666e-01 8.071611034927971273e-01 8.446355391218339781e-01 9.136588351300930499e-01 8.730992094695078087e-01 8.652512859369217990e-01 8.398565818078143064e-01 7.660912525516549998e-01 3.439588710272750149e-01 6.599348799865447646e-01 8.589570557808504647e-01 9.125522069011279269e-01 9.320295900217213658e-01 9.471482523769471085e-01 9.558361790420086823e-01 9.613552065716461925e-01 9.653428670834122149e-01 9.692698980319460755e-01 9.755977963441780920e-01 9.906094034322043829e-01 9.829876802972075112e-01 9.771672439190037807e-01 7.821998730121400012e-01 7.827276860522951463e-01 6.533531537038850256e-01 5.949568566436640449e-01 9.144480876288888505e-01 9.683760355297033051e-01 9.899392794232522164e-01 9.962099907756830630e-01 9.811370313688628775e-01 9.443811751509372243e-01 7.003023837040615041e-01 9.474836642994839409e-01 9.686332327410599463e-01 9.761668802052669847e-01 9.795894562034780373e-01 9.810248049804445314e-01 9.810990741272459514e-01 9.798362289011099957e-01 9.766821368456329866e-01 9.697590523505567051e-01 9.514957004822915954e-01 8.394918598521664554e-01 9.017119213842671455e-01 9.608023040037525497e-01 9.747698129426818348e-01 9.805714472696245299e-01 9.833747334955498243e-01 9.846363438675880264e-01 9.848479773677751847e-01 9.840823317503426537e-01 9.820427714240497208e-01 9.777161443330573132e-01 9.676033438624279670e-01 9.305062793765720430e-01 7.812848174772478727e-01 9.561814125430689870e-01 9.750359448750013369e-01 9.818291107163739095e-01 9.850128693500934673e-01 9.865716874235863632e-01 9.871839139022651199e-01 9.870989800610620035e-01 9.863520057489868487e-01 9.847889872529848043e-01 9.819569054791522644e-01 9.766896636658970454e-01 9.654029653866564864e-01 9.302827304070229175e-01 -3.623821375870261430e-01 9.244312069589548653e-01 9.568151864190697076e-01 9.664093385838774530e-01 9.694346924224181983e-01 9.687552539913495409e-01 9.641623882490938380e-01 9.520482166865249507e-01 9.128817755688294344e-01 -6.798115455619750946e-01 9.154196431906687081e-01 9.560424232312921822e-01 9.689621879140568605e-01 9.746450224612996927e-01 9.772112848425315024e-01 9.779353449135262943e-01 9.771905321817628831e-01 9.748523604437279166e-01 9.702290958037965707e-01 9.614945815294422271e-01 9.436591617196544712e-01 8.995908368335922001e-01 7.333853088828192757e-01 3.363347082323367987e-01
9.999999597045123867e-01 9.999999642923826926e-01 9.999999697654816666e-01 9.999999767668862338e-01 9.999999861181967376e-01 9.999999989919761134e-01 9.999999829350364466e-01 9.999999572691484762e-01 9.999999206160791188e-01 9.999998682330737410e-01 9.999997936837277113e-01 9.999996887402298196e-01 9.999995442801475898e-01 9.999993543578097333e-01 9.999991298843395882e-01 9.999989418786232598e-01 9.999990618147478472e-01 6.163217986789381675e-04 9.999931135368903545e-01 9.995899284430437293e-01 9.997961629043261578e-01 9.995125227641533661e-01 9.996237784757090461e-01 9.996559239135688335e-01 9.996411360956122261e-01 9.995935618840497972e-01 9.995084161849338011e-01 9.993604146067150973e-01 9.990595499974633809e-01 9.981118707260735468e-01 9.985027279254456989e-01 9.996652156799230582e-01 9.999752694364071326e-01 9.997794394545934660e-01 9.996621488376561393e-01 9.996311643040692863e-01 9.997327025728710570e-01 9.999696758600051805e-01 9.994324520226651742e-01 9.986975145915278906e-01 9.979694482897468744e-01 9.976716717857256889e-01 9.984165539825204938e-01 9.992989377026966213e-01 9.957808788906997721e-01 9.926574859278076701e-01 9.935063923342819514e-01 9.945368099918686644e-01 9.612089372687442346e-01 8.983250166560770023e-01 8.036724016554994687e-01 6.654734434717239910e-01 3.873421901079728280e-01 -7.111651977366785227e-01 4.823396604459700976e-01 7.584806365326985933e-01 6.282800691278596084e-01 7.840872551925738287e-01 8.256011697280639661e-01 9.025511801319643368e-01 8.572591939664475635e-01 8.484968156386070159e-01 8.202187960455861182e-01 7.385911080901318426e-01 2.853964407089458755e-01 6.235191158407416001e-01 8.416524550580203323e-01 9.014133485628305076e-01 9.232884040013067395e-01 9.402861155009436533e-01 9.500702009222232736e-01 9.562917731011559841e-01 9.607901678288548464e-01 9.652231748145019274e-01 9.723726592120640611e-01 9.893579374652170522e-01 9.807349155730634704e-01 9.741699319170445959e-01 7.563988822877627527e-01 7.572609441735868030e-01 6.164195682052063807e-01 5.515612758614280020e-01 9.034468737066915223e-01 9.641928171623854738e-01 9.885932875145506671e-01 9.957011786123103336e-01 9.786257808022746918e-01 9.371178437211337142e-01 6.674501483660144618e-01 9.406607214330677813e-01 9.645023969116748308e-01 9.730128808402280782e-01 9.768821926286430646e-01 9.785052033840696550e-01 9.785886115898032589e-01 9.771592352959640460e-01 9.735908705356410842e-01 9.657635621554643279e-01 9.451461742965225898e-01 8.196829655266139047e-01 8.893274904995057684e-01 9.556691706520216156e-01 9.714356294546875326e-01 9.779939823018374279e-01 9.811647735928027414e-01 9.825919653364371120e-01 9.828309167961428727e-01 9.819636067238528554e-01 9.796544401894934362e-01 9.747580625694098888e-01 9.633233317290330611e-01 9.214907386799106037e-01 7.560129860636354282e-01 9.504631502175588942e-01 9.717366450883636597e-01 9.794162873438437833e-01 9.830181076516276706e-01 9.847820464000418550e-01 9.854746217528330687e-01 9.853778121951917157e-01 9.845312491223620066e-01 9.827605931705609699e-01 9.795532997303274536e-01 9.735909518612874125e-01 9.608261390152662562e-01 9.212049530460221236e-01 -3.924548043074217452e-01 9.147823424825665128e-01 9.511708883588009256e-01 9.619864140274013709e-01 9.653979533055347950e-01 9.646255003300009401e-01 9.594313459338141836e-01 9.457477458303231721e-01 9.016286348342832380e-01 -7.516095938727610504e-01 9.047061379895082744e-01 9.503056609154201251e-01 9.648710250468611749e-01 9.712863335493090444e-01 9.741836323713121137e-01 9.749982465157496225e-01 9.741503510353031192e-01 9.714977681774871199e-01 9.662564341771785470e-01 9.563586059685189600e-01 9.361611260240420007e-01 8.863373661615325805e-01 6.995997262256373750e-01 3.363319730027338750e-01
9.999999543825025539e-01 9.999999594771858957e-01 9.999999656741479503e-01 9.999999736004230311e-01 9.999999841859308347e-01 9.999999987576509985e-01 9.999999807871755575e-01 9.999999517406112925e-01 9.999999102637159298e-01 9.999998509941765423e-01 9.999997666580143774e-01 9.999996479628878721e-01 9.999994846183252184e-01 9.999992699458103429e-01 9.999990163333600801e-01 9.999988039891767322e-01 9.999989387136793972e-01 9.999994901142179593e-01 9.999923000642931825e-01 9.998781430326757480e-01 9.997813235618184802e-01 9.994759066992611185e-01 9.988740735360664980e-01 9.996124052355007672e-01 9.995947606349966374e-01 9.995406147690572007e-01 9.994442385862390976e-01 9.992771300340194118e-01 9.989384503825048389e-01 9.978771756035073048e-01 9.982985650801465827e-01 9.996196366935728994e-01 9.999719321895722546e-01 9.997496803380030439e-01 9.996166430839971140e-01 9.995815346210624730e-01 9.996967395750020469e-01 9.999656651071252567e-01 9.993563547868608010e-01 9.985229074403477734e-01 9.976973487401767926e-01 9.973597216131333543e-01 9.982043125911957970e-01 9.992048657044236837e-01 9.952158600569634972e-01 9.916756207051353744e-01 9.926373838973978625e-01 9.938044914136885399e-01 9.561069682202630871e-01 8.854301469359006083e-01 7.801501165495928758e-01 6.287624034053109767e-01 3.321694710968930986e-01 -7.386243612515531742e-01 4.327861141350954899e-01 7.304775552118822901e-01 5.886489137358352774e-01 7.586122244941296833e-01 8.044724100122636612e-01 8.900714525114520326e-01 8.395999992908491638e-01 8.298351348232648750e-01 7.984158910459220326e-01 7.083478949572843408e-01 2.243247637850067366e-01 5.842514990509173334e-01 8.224376372677149050e-01 8.889244802311997429e-01 9.134737777290642402e-01 9.325633804952381256e-01 9.435722846982749212e-01 9.505805771083619682e-01 9.556517677849084569e-01 9.606530762724784234e-01 9.687271143642690596e-01 9.879404042128480112e-01 9.781872782133352873e-01 9.707875409214490325e-01 7.279758766066010134e-01 7.292723168140805567e-01 5.766331359487548713e-01 5.047643157309426032e-01 8.910950664109055230e-01 9.594633025333488829e-01 9.870671947404030533e-01 9.951237792151413908e-01 9.757820167630142372e-01 9.289319966917077842e-01 6.318562846156849933e-01 9.329808940762982505e-01 9.598372293128671906e-01 9.694465994653695962e-01 9.738192940890785243e-01 9.756538490753801085e-01 9.757473955392536036e-01 9.741298880738264998e-01 9.700939856085331048e-01 9.612476228603529238e-01 9.379859593257326988e-01 7.976575350191174030e-01 8.754900729236083645e-01 9.498801178691351765e-01 9.676669317530568470e-01 9.750778051137003466e-01 9.786631540896298942e-01 9.802771785640757018e-01 9.805468223198336997e-01 9.795644624785451171e-01 9.769505367584355726e-01 9.714107377844581892e-01 9.584858927619743785e-01 9.113465707491728018e-01 7.283254776006220510e-01 9.440197332099241612e-01 9.680072963648904683e-01 9.766857642109773030e-01 9.807593624080647166e-01 9.827548984710700042e-01 9.835381323479066573e-01 9.834277130045998572e-01 9.824683344939815210e-01 9.804626768343343013e-01 9.768310111396439899e-01 9.700832578331642919e-01 9.556515139480310506e-01 9.109816160227908188e-01 -4.201123848806552208e-01 9.039672642384679602e-01 9.448083870416025265e-01 9.569915927478187534e-01 9.608358388497361124e-01 9.599573446980358415e-01 9.540851318615415355e-01 9.386363543353861694e-01 8.889800826052896010e-01 -8.202303482981148086e-01 8.927207252526577763e-01 9.438413056168291071e-01 9.602496439377516957e-01 9.674876811076741356e-01 9.707568605566481157e-01 9.716723665962847534e-01 9.707066257476940629e-01 9.676971129076880063e-01 9.617551441906466714e-01 9.505398424964607296e-01 9.276710869665317771e-01 8.713612086019848491e-01 6.618001400677833157e-01 3.363295604976748177e-01
9.999999482660941741e-01 9.999999540069181014e-01 9.999999610222449764e-01 9.999999699938023623e-01 9.999999819738899509e-01 9.999999984638605621e-01 9.999999783901026840e-01 9.999999455254449110e-01 9.999998986017376579e-01 9.999998315583731312e-01 9.999997361782877459e-01 9.999996019722061646e-01 9.999994173398222275e-01 9.999991747887153615e-01 9.999988883852880539e-01 9.999986486700690458e-01 9.999987998149106883e-01 9.999994370271235722e-01 9.999914061529278086e-01 9.999901673582164419e-01 9.997666554170117070e-01 9.994387319262680869e-01 9.974003816716641158e-01 9.995637835194428611e-01 9.995426589243944226e-01 9.994810063226522434e-01 9.993719494386616997e-01 9.991833940620865606e-01 9.988026100873924618e-01 9.976170573832785493e-01 9.980673444754366574e-01 9.995677961319646698e-01 9.999681421220147914e-01 9.997158758375338516e-01 9.995649692059069835e-01 9.995251893855208181e-01 9.996559101563881056e-01 9.999611322086124909e-01 9.992700353165074878e-01 9.983248509472535392e-01 9.973887351595130957e-01 9.970059218620986874e-01 9.979635697529782856e-01 9.990981325671135505e-01 9.945751000785229001e-01 9.905625323188299580e-01 9.916520416884223588e-01 9.929737771263031920e-01 9.503469138406180905e-01 8.710001762328604125e-01 7.541723017527578454e-01 5.889787023393668886e-01 2.745467870187243697e-01 -7.635799495793376135e-01 3.804809799348185528e-01 6.997773997948495417e-01 5.459402377430845332e-01 7.305740645879242878e-01 7.810787246883265089e-01 8.760634033943053289e-01 8.199536278374118803e-01 8.090944988513992797e-01 7.742705873109798631e-01 6.752049599236824573e-01 1.610892047851660569e-01 5.421292707017548729e-01 8.011555904525055061e-01 8.749368921873860172e-01 9.024675787115591374e-01 9.238804273618603791e-01 9.362552714913497942e-01 9.441430956234564409e-01 9.498557559626342739e-01 9.554945709277248289e-01 9.646080003798539471e-01 9.863349701876231723e-01 9.753071382550105861e-01 9.669729097249301075e-01 6.967689246805518488e-01 6.986220173506697551e-01 5.339996151939192526e-01 4.545628030925603635e-01 8.772441867716609387e-01 9.541181384239308949e-01 9.853368962183518542e-01 9.944684669503248697e-01 9.725622246013161387e-01 9.197136413032106494e-01 5.934786640718565653e-01 9.243446615543310374e-01 9.545713146302864383e-01 9.654155797439846198e-01 9.703550185258301708e-01 9.724278545511313432e-01 9.725326101227053099e-01 9.707026714471893580e-01 9.661394413306667595e-01 9.561455296591550024e-01 9.299172282141693335e-01 7.732257465335007351e-01 8.600573967699799427e-01 9.433558427575621241e-01 9.634088048732162290e-01 9.717793141478796581e-01 9.758319790223702883e-01 9.776566786002377496e-01 9.779607619134842444e-01 9.768482369943447541e-01 9.738899533120377594e-01 9.676239199042462324e-01 9.530206778802043921e-01 8.999436923574493097e-01 6.981089072852646460e-01 9.367650081457395972e-01 9.637935252026740285e-01 9.735964684573957806e-01 9.782021282371169413e-01 9.804590092820860692e-01 9.813444667891788598e-01 9.812184306984268467e-01 9.801312679662207428e-01 9.778597005217057880e-01 9.737482174245700728e-01 9.661134353715219447e-01 9.498031671561431022e-01 8.994781831916972559e-01 -4.454458421316934147e-01 8.918625917027591665e-01 9.376416821631917697e-01 9.513538496232104569e-01 9.556821454966911711e-01 9.546826844276934398e-01 9.480463867745888562e-01 9.306143769052305226e-01 8.747788905583028241e-01 -8.853772731666113005e-01 8.793349134522597810e-01 9.365628924920416098e-01 9.550318578670103919e-01 9.631928277370073177e-01 9.668792405923650746e-01 9.679068630878973067e-01 9.668062668142122229e-01 9.633914890276157328e-01 9.566553099751564648e-01 9.439481699198694065e-01 9.180594750536137383e-01 8.544459696109022451e-01 6.195806705727655572e-01 3.363274326392854396e-01
9.999999430298556202e-01 9.999999477908637635e-01 9.999999557310319531e-01 9.999999658834747285e-01 9.999999794386453811e-01 9.999999980947489320e-01 9.999999757211768259e-01 9.999999385466440405e-01 9.999998854759986067e-01 9.999998096622599864e-01 9.999997018274318084e-01 9.999995501379441709e-01 9.999993415267175445e-01 9.999990676000772849e-01 9.999987443319915403e-01 9.999984738672486051e-01 9.999986431930274478e-01 9.999993807596034845e-01 9.999904274140042348e-01 9.999684673559955383e-01 9.997520562370731945e-01 9.994013329613136154e-01 9.967555187329848465e-01 9.995095806837168695e-01 9.994842059434999593e-01 9.994139721072496929e-01 9.992906079508476758e-01 9.990780220798918254e-01 9.986505183915721506e-01 9.973301676142862782e-01 9.978061954433525838e-01 9.995088399325015027e-01 9.999638377369705067e-01 9.996774702850527161e-01 9.995062828318266313e-01 9.994612113786990326e-01 9.996095490168905862e-01 9.999560120306359989e-01 9.991721175417762613e-01 9.981001887423016639e-01 9.970386992814503913e-01 9.966046492417912628e-01 9.976904865981351955e-01 9.989770253433702951e-01 9.938484313056927810e-01 9.893007123820886095e-01 9.905347865285293318e-01 9.920313798082281975e-01 9.438475037975605497e-01 8.548789339288065392e-01 7.255714600669003200e-01 5.460731267590592797e-01 2.147893845705870219e-01 -7.861866911829649140e-01 3.256345789666285073e-01 6.662498854689541394e-01 5.001519246835788302e-01 6.998210531056137107e-01 7.552505330952863360e-01 8.603555949118636414e-01 7.981470070790906979e-01 7.860992030112547990e-01 7.476063622495748850e-01 6.390242119162159451e-01 9.609512371853502766e-02 4.971972948547959681e-01 7.776497920564066080e-01 8.592878718388504700e-01 8.901423303166938750e-01 9.141283594350003705e-01 9.280231994885823621e-01 9.368924841478880605e-01 9.433223439905453755e-01 9.496752855834453833e-01 9.599558920050049737e-01 9.845169894621111917e-01 9.720523347352171273e-01 9.626737315438055331e-01 6.626308026008158603e-01 6.651882161514190983e-01 4.885733281858159471e-01 4.010107265351634531e-01 8.617340774015460614e-01 9.480797264544188474e-01 9.833750593175984989e-01 9.937246250876146103e-01 9.689173401423858412e-01 9.093416358787450582e-01 5.523154404897624437e-01 9.146431428953398779e-01 9.486307329626721963e-01 9.608610934552641591e-01 9.664380149052882452e-01 9.687790118585211108e-01 9.688961116991784417e-01 9.668264331258934474e-01 9.616688527103468553e-01 9.503838667561174125e-01 9.208319118483614396e-01 7.461961289547531795e-01 8.428805515468497100e-01 9.360086959408548957e-01 9.585998718951230790e-01 9.680495511231402839e-01 9.726285968396629622e-01 9.746906817377684051e-01 9.750333529427348545e-01 9.737736032293345945e-01 9.704263938505020004e-01 9.633411450217118643e-01 9.468490889803123922e-01 8.871400665363686766e-01 6.652716282142350224e-01 9.286041743381585611e-01 9.590345533190562932e-01 9.701022311911166041e-01 9.753075112323374984e-01 9.778591180094934332e-01 9.788597530446904171e-01 9.787157724350827870e-01 9.774838893338047008e-01 9.749115191252164525e-01 9.702577302399401082e-01 9.616216681036796610e-01 9.431961389735700196e-01 8.865470579148372332e-01 -4.685652910257849801e-01 8.783365275218754098e-01 9.295759519456011644e-01 9.449941501563583479e-01 9.498629339054954768e-01 9.487253868341541940e-01 9.412287575942084317e-01 9.215712022000237535e-01 8.588543683820888397e-01 -9.468347383299620112e-01 8.644131024636253491e-01 9.283752737090473772e-01 9.491439226254620998e-01 9.583387394343381160e-01 9.624925893363071028e-01 9.636444213923122115e-01 9.623893360819872900e-01 9.585143290006714611e-01 9.508778917105523698e-01 9.364817595756586011e-01 9.071802772744970156e-01 8.353501905483909917e-01 5.725130840090518758e-01 3.363255558410975232e-01
9.999999330499228511e-01 9.999999407253048478e-01 9.999999497102097790e-01 9.999999611960787016e-01 9.999999765293086096e-01 9.999999976301392479e-01 9.999999727576872610e-01 9.999999307209898047e-01 9.999998707175721258e-01 9.999997850156203683e-01 9.999996631448954121e-01 9.999994917638902470e-01 9.999992561657862211e-01 9.999989469621767268e-01 9.999985822954167158e-01 9.999982773339246567e-01 9.999984667168989594e-01 9.999993218607610146e-01 9.999893593149348225e-01 9.999462258444272722e-01 9.997374464480165424e-01 9.993633400811783307e-01 9.994203085411803578e-01 9.998836626457986432e-01 9.994187348989377329e-01 9.993386840139578675e-01 9.991991922203382614e-01 9.989597382116166546e-01 9.984806091479557777e-01 9.970156768588624985e-01 9.975124112909721230e-01 9.994418100944796324e-01 9.999589494826045533e-01 9.996338314024753036e-01 9.994396229485167371e-01 9.993885567049839436e-01 9.995568985102520898e-01 9.999502323533240311e-01 9.990610404975936998e-01 9.978453397744712072e-01 9.966416736853737079e-01 9.961495253106285030e-01 9.973807056159720297e-01 9.988395977179826968e-01 9.930243201280568588e-01 9.878703283093791532e-01 9.892679537450491667e-01 9.909621985141323641e-01 9.365184357465312637e-01 8.369013174171888725e-01 6.941900741332435176e-01 5.000413315329154118e-01 1.532708448345606878e-01 -8.066049488143024471e-01 2.685201990861105781e-01 6.297887332848122188e-01 4.513310840716670547e-01 6.662175713580354985e-01 7.268234046998441888e-01 8.427602215450777923e-01 7.740047134916420157e-01 7.606726788416200424e-01 7.182517844423448317e-01 5.996932880795547982e-01 2.979906167515958965e-02 4.495535947997606474e-01 7.517680051865684998e-01 8.417993184018306430e-01 8.763614718314639562e-01 9.031887596393091133e-01 9.187708503797430426e-01 9.287330268740984218e-01 9.359632679885994122e-01 9.431148826230385529e-01 9.547044906396868758e-01 9.824586580821643711e-01 9.683757062599475107e-01 9.578321637790155885e-01 6.254355925394106119e-01 6.288736190642417734e-01 4.404623869269425063e-01 3.442259965898901708e-01 8.443932614946005888e-01 9.412614010017116284e-01 9.811506911564206179e-01 9.928801603752642757e-01 9.647920829148082245e-01 8.976831028874805440e-01 5.084113642331805627e-01 9.037578209873106116e-01 9.419334211981237326e-01 9.557175035836193988e-01 9.620107127710340045e-01 9.646531957759356679e-01 9.647838265537931335e-01 9.624437549777180578e-01 9.566168108215574728e-01 9.438807662681081290e-01 9.106110607830317782e-01 7.163796444984557032e-01 8.238056716630015597e-01 9.277421471101103823e-01 9.531716676000306920e-01 9.638336150882965692e-01 9.690050512325154575e-01 9.713343943982564177e-01 9.717202289047822683e-01 9.702940119092764437e-01 9.665077666658460354e-01 9.584990442568586122e-01 9.398834882808754232e-01 8.727814406099922984e-01 6.297501517498081958e-01 9.194333542513775104e-01 9.536625749034309818e-01 9.661512155883364983e-01 9.720317053074407632e-01 9.749154413804248520e-01 9.760457382391307668e-01 9.758811070674856536e-01 9.744853469254471934e-01 9.715728052574965634e-01 9.663063416441534104e-01 9.565406994444732858e-01 9.357355283591687334e-01 8.720270732484358689e-01 -4.895945683352955213e-01 8.632495455011862662e-01 9.205070560442325522e-01 9.378247733579380130e-01 9.432957948504957502e-01 9.420005062295606635e-01 9.335360574201376771e-01 9.113844334558871552e-01 8.410223770681267697e-01 -9.955544609295930991e-01 8.478137937996228501e-01 9.191741865617181206e-01 9.425038705758013169e-01 9.528548745607851034e-01 9.575315348317596786e-01 9.588204805687854382e-01 9.573882021434462208e-01 9.529904405291603764e-01 9.443335707701051573e-01 9.280256091857490564e-01 8.948690893300642601e-01 8.138050487299006708e-01 5.201507519310039074e-01 3.363239004826099610e-01
9.999999246707810263e-01 9.999999326915450792e-01 9.999999428560382153e-01 9.999999558467895788e-01 9.999999731860419461e-01 9.999999970443512742e-01 9.999999694776802173e-01 9.999999219593819211e-01 9.999998541423059661e-01 9.999997573000772855e-01 9.999996196241666135e-01 9.999994260839999427e-01 9.999991601430384680e-01 9.999988113191535799e-01 9.999984002191132371e-01 9.999980565875934424e-01 9.999982680321142237e-01 9.999992611003837295e-01 9.999882020220097756e-01 9.999410820356632312e-01 9.997230923161346539e-01 9.993267938172053499e-01 9.993580569751804310e-01 9.993824995989906146e-01 9.993455439522089812e-01 9.992542535683138771e-01 9.990966023709322297e-01 9.988271842878670981e-01 9.982912986427594504e-01 9.966735539148565692e-01 9.971837830450581697e-01 9.993656410634093046e-01 9.999533989342973550e-01 9.995842403056344194e-01 9.993638961104795992e-01 9.993060373800899399e-01 9.994970956855150357e-01 9.999437135166227009e-01 9.989350341235859743e-01 9.975562422513807315e-01 9.961913448304792196e-01 9.956333165734707613e-01 9.970292809071251705e-01 9.986836381726105216e-01 9.920896845855944335e-01 9.862489197671971963e-01 9.878315153458903097e-01 9.897490655043078567e-01 9.282596525241909591e-01 8.168946846897083836e-01 6.598865796367323622e-01 4.509309723934185055e-01 9.041534152668448399e-02 -8.249965512209435081e-01 2.094715563199626152e-01 5.903191269138489128e-01 3.995789179214988551e-01 6.296507450908098713e-01 6.956431101947863072e-01 8.230717599419132835e-01 7.473524895516467925e-01 7.326414247417180059e-01 6.860457525500952558e-01 5.571332902948487042e-01 -3.730311599161086761e-02 3.993534004334445275e-01 7.233668742938307306e-01 8.222759120606607519e-01 8.609799533641920855e-01 8.909336340369521379e-01 9.083834037168326825e-01 9.195596489914222849e-01 9.276812227052168014e-01 9.357244444917336423e-01 9.487799925743644058e-01 9.801286308861009156e-01 9.642245947871564971e-01 9.523844563681003184e-01 5.850859284341670685e-01 5.896125039092877662e-01 3.898323168674024952e-01 2.843954570242450131e-01 8.250397349222529098e-01 9.335665712614880096e-01 9.786286481295930484e-01 9.919212890566073693e-01 9.601242209191206411e-01 8.845929744843770148e-01 4.618631632224169947e-01 8.915604463686063186e-01 9.343885409048429125e-01 9.499115952243918359e-01 9.570086675380563568e-01 9.599897181673454627e-01 9.601350979261207286e-01 9.574902731277669110e-01 9.509101572718464679e-01 9.365451432858635794e-01 8.991242961119076949e-01 6.835947283719021605e-01 8.026762303543478749e-01 9.184503184066804549e-01 9.470479900697695852e-01 9.590700330724750700e-01 9.649074821835120774e-01 9.675374296518773898e-01 9.679714519607734990e-01 9.663570781994716974e-01 9.620755192426504454e-01 9.530265979484807692e-01 9.320263830101612745e-01 8.567013421909748239e-01 5.915157613951828042e-01 9.091392749238380588e-01 9.476021112663715051e-01 9.616852981020680424e-01 9.683254159288010587e-01 9.715831232140890172e-01 9.728592449819665200e-01 9.726708098098019173e-01 9.710895112734596601e-01 9.677924091100825743e-01 9.618341010709136052e-01 9.507949930181363030e-01 9.273155471357281687e-01 8.557431961177078827e-01 -5.086664126525164420e-01 8.464554998111738504e-01 9.103211322550547324e-01 9.297486430495747189e-01 9.358890944563008629e-01 9.344134718413300567e-01 9.248614065727575051e-01 8.999190911539491911e-01 8.210857231407499013e-01 -9.449967215565561185e-01 8.293913151822447372e-01 9.088459331855530676e-01 9.350208433032197730e-01 9.466624302192306883e-01 9.519227186268700569e-01 9.533623814833518395e-01 9.517266028525579458e-01 9.467349326302674228e-01 9.369214593193236906e-01 9.184499094523946860e-01 8.809409784951175437e-01 7.895120266619660709e-01 4.620343227378386208e-01 3.363224404350297347e-01
9.999999140233690742e-01 9.999999235535919073e-01 9.999999350492134731e-01 9.999999497372995538e-01 9.999999693382831678e-01 9.999999963047156992e-01 9.999999658610774222e-01 9.999999121674287839e-01 9.999998355508239456e-01 9.999997261681929928e-01 9.999995707108164655e-01 9.999993522591348327e-01 9.999990522392545600e-01 9.999986589717635432e-01 9.999981958643944235e-01 9.999978089612591159e-01 9.999980445536661433e-01 9.999991996872661382e-01 9.999869532209012535e-01 9.999356649894364235e-01 9.997088608094085727e-01 9.992909253633017741e-01 9.992912811468074308e-01 9.993086934012334055e-01 9.992639073182946197e-01 9.991597392289385260e-01 9.989816683992477353e-01 9.986789364272476988e-01 9.980810408704718917e-01 9.963049107651795744e-01 9.968191220529618590e-01 9.992791620344186887e-01 9.999470980434307377e-01 9.995278806824877682e-01 9.992778589018401769e-01 9.992123017781570082e-01 9.994291575898068825e-01 9.999363682478914495e-01 9.987920923358821756e-01 9.972282909650663774e-01 9.956805556979250182e-01 9.950478224258080262e-01 9.966305994998060358e-01 9.985066339878402308e-01 9.910296885858047577e-01 9.844110576352780306e-01 9.862027660682801677e-01 9.883724560904781908e-01 9.189606441358849631e-01 7.946808646809647714e-01 6.225421354521121220e-01 3.988478210759523468e-01 2.668692379571743767e-02 -8.415214262568435633e-01 1.488771474314381782e-01 5.478055123087407496e-01 3.450537391507347840e-01 5.900376813733989589e-01 6.615715079062349790e-01 8.010653555744022825e-01 7.180216217739507911e-01 7.018398258735019102e-01 6.508436270882841379e-01 5.113067892051887942e-01 -1.046905320466992029e-01 3.468111711218332949e-01 6.923173122184925754e-01 8.005025935776355350e-01 8.438452483455856079e-01 8.772256054713064577e-01 8.967362465547198402e-01 9.092575278281622708e-01 9.183693569238378096e-01 9.274058870685514266e-01 9.421004463957236563e-01 9.774915981274276966e-01 9.595403280171268534e-01 9.462606156950916780e-01 5.415206394201168560e-01 5.473779182818873101e-01 3.369075534377170000e-01 2.217775036096947261e-01 8.034822995816655045e-01 9.248878412108645364e-01 9.757690797197369204e-01 9.908322893788679142e-01 9.548437633177550010e-01 8.699137296077137371e-01 4.128234602669098585e-01 8.779131823967210035e-01 9.258958746863216183e-01 9.433618831216391554e-01 9.513598651856592925e-01 9.547206350453218970e-01 9.548819833820890723e-01 9.518939494723093198e-01 9.444672181562135949e-01 9.282759221490534118e-01 8.862293978869892896e-01 6.476733099676280636e-01 7.793360250640563036e-01 9.080176235898711479e-01 9.401442422334623794e-01 9.536900905036849174e-01 9.602754768284961218e-01 9.632431693742397050e-01 9.637308686294697724e-01 9.619039097185926313e-01 9.570639142085357598e-01 9.468443376862685223e-01 9.231696017916591890e-01 8.387214171577134225e-01 5.505809707844501188e-01 8.975991076808575997e-01 9.407693545801157908e-01 9.566394042004512377e-01 9.641332288827042518e-01 9.678116254495492399e-01 9.692515668235187620e-01 9.690356434177750389e-01 9.672443219742430376e-01 9.635126475894773002e-01 9.567735184395431691e-01 9.442998231853322322e-01 9.178185476219735683e-01 8.375065266781682727e-01 -5.259183285795709928e-01 8.278032402722821370e-01 8.988943314172155308e-01 9.206586912943915957e-01 9.275412146020572957e-01 9.258592611349393264e-01 9.150863744504544872e-01 8.870268974619340829e-01 7.988350410970357363e-01 -9.024833977527363382e-01 8.089981417567403410e-01 8.972672196472476491e-01 9.265944431278027027e-01 9.396735535869945588e-01 9.455839356720634470e-01 9.471884334003383143e-01 9.453186081433780918e-01 9.396520208117068451e-01 9.285276617499116369e-01 9.076082294453705623e-01 8.651881518755464295e-01 7.621406156141746768e-01 3.976994089664472321e-01 3.363211526549078068e-01
9.999999014588262236e-01 9.999999131554646592e-01 9.999999261522887206e-01 9.999999427534523866e-01 9.999999649025992365e-01 9.999999953696406818e-01 9.999999618912014387e-01 9.999999012465525805e-01 9.999998147289488326e-01 9.999996912431672325e-01 9.999995158012653373e-01 9.999992693749837347e-01 9.999989311272660109e-01 9.999984880746992655e-01 9.999979668079684858e-01 9.999975315628438777e-01 9.999977934529525880e-01 9.999991392341803786e-01 9.999856141931608988e-01 9.999300045101112699e-01 9.996948909134635297e-01 9.992561002376519896e-01 9.992202157862767331e-01 9.992274961726449467e-01 9.991730921579339286e-01 9.990541591875291560e-01 9.988531645597527042e-01 9.985135319093885187e-01 9.978484046001545593e-01 9.959123897958721550e-01 9.964190302471772620e-01 9.991811092443105835e-01 9.999399485602022963e-01 9.994638273953013741e-01 9.991800987235847087e-01 9.991058128595745602e-01 9.993519646788506794e-01 9.999281017875782940e-01 9.986299433176096807e-01 9.968562676825106772e-01 9.951011974149096551e-01 9.943837500716641298e-01 9.961782928745626098e-01 9.983057306795533048e-01 9.898275102997190489e-01 9.823279617971286681e-01 9.843559690819977392e-01 9.868101556069222013e-01 9.084998053833563958e-01 7.700788889120486758e-01 5.820680296471177906e-01 3.439602690989186917e-01 -3.742367594896962163e-02 -8.563349754450773066e-01 8.717153565965128637e-02 5.022593585784598247e-01 2.879715574784153520e-01 5.473330392307436121e-01 6.244931769336236060e-01 7.764948199110911498e-01 6.858542127995104210e-01 6.681158759193708274e-01 6.125241746291752998e-01 4.622256832735680554e-01 -1.718332213960549193e-01 2.922001271912402776e-01 6.585106105501806750e-01 7.762410070285393759e-01 8.247988730682472847e-01 8.619184304426417143e-01 8.836949957969564284e-01 8.977018486574193101e-01 9.079108671681088705e-01 9.180514304162181727e-01 9.345751155646693231e-01 9.745078196227251466e-01 9.542576885194853364e-01 9.393841251617005561e-01 4.947224353309396250e-01 5.021886433035013253e-01 2.819703687912369361e-01 1.567017456734384473e-01 7.795225557029571428e-01 9.151061272420712989e-01 9.725267978399554369e-01 9.895952146313286013e-01 9.488720783646475976e-01 8.534753943790855946e-01 3.615027045284951446e-01 8.626690639951798412e-01 9.163452798097382335e-01 9.359779087325219571e-01 9.449839927566474618e-01 9.487700100480400689e-01 9.489485056160640308e-01 9.455742989701463319e-01 9.371970062439233251e-01 9.189612748633481099e-01 8.717720906779350409e-01 6.084677787797743154e-01 7.536329190333754813e-01 8.963185600845453571e-01 9.323667801346009476e-01 9.476171271199940183e-01 9.550413712345333650e-01 9.583880710625027888e-01 9.589354068616451343e-01 9.568683743033564726e-01 9.513992463854085146e-01 9.398635014115992448e-01 9.131934854285718162e-01 8.186522070232569170e-01 5.070053934640842419e-01 8.846805232831400634e-01 9.330715170846612949e-01 9.509408021135175026e-01 9.593929226179086500e-01 9.635440569541707800e-01 9.651677979758102044e-01 9.649200704048288557e-01 9.628910620540334087e-01 9.586685174168415591e-01 9.510486897783345661e-01 9.369602975395434630e-01 9.071140444507472811e-01 8.171146897157803846e-01 -5.414891534691470554e-01 8.071388189059184315e-01 8.860927447042356020e-01 9.104372849968715986e-01 9.181398102948196138e-01 9.162215789009447997e-01 9.040801491964680636e-01 8.725456932814509292e-01 7.740502843374601483e-01 -8.664989399472232678e-01 7.864878881167207680e-01 8.843052121803596233e-01 9.171141304481421619e-01 9.317905297967254974e-01 9.384232149834073056e-01 9.402068968505986613e-01 9.380674769612638020e-01 9.316337016761249146e-01 9.190236752747161786e-01 8.953355074778268641e-01 8.473774298203113897e-01 7.313261434018681895e-01 3.266865868076336832e-01 3.363200168163861803e-01
9.999998891633051779e-01 9.999999013180330687e-01 9.999999160066621595e-01 9.999999347623952373e-01 9.999999597799920092e-01 9.999999941862394159e-01 9.999999575568987442e-01 9.999998890956440789e-01 9.999997914489019424e-01 9.999996521194047805e-01 9.999994542427774746e-01 9.999991764415573359e-01 9.999987953715154809e-01 9.999982966373870408e-01 9.999977104457556942e-01 9.999972212923127213e-01 9.999975116524905117e-01 9.999990818909596513e-01 9.999841885970960353e-01 9.999241397495715056e-01 9.996813088881161269e-01 9.992227018044839149e-01 9.991452662303688115e-01 9.991385978731334161e-01 9.990723829839109893e-01 9.989365115713981780e-01 9.987098325982897151e-01 9.983295095902215976e-01 9.975921765162745203e-01 9.955005300015478120e-01 9.959869439380726330e-01 9.990701541847095690e-01 9.999318418007837606e-01 9.993910349939424398e-01 9.990690131736431612e-01 9.989848242244881993e-01 9.992642422228650290e-01 9.999188124838401803e-01 9.984460171321551947e-01 9.964342645373449603e-01 9.944440895545574310e-01 9.936305758216775752e-01 9.956651379252474676e-01 9.980776865119131980e-01 9.884640823553670907e-01 9.799670741741591806e-01 9.822619568804191736e-01 9.850368765461625653e-01 8.967438890845821353e-01 7.429085402035682240e-01 5.384134613416534654e-01 2.865016318673065943e-01 -1.014139529254915878e-01 -8.695861094335414210e-01 2.482389104189339918e-02 4.537463881902510376e-01 2.286037188809258158e-01 5.015365679858281300e-01 5.843226227681911356e-01 7.490900767283814599e-01 6.507093287360448119e-01 6.313377529576916780e-01 5.709971572880593316e-01 4.099583988732504736e-01 -2.382086470887726237e-01 2.358489595338633116e-01 6.218651292720327461e-01 7.492244252935108539e-01 8.036785053120062416e-01 8.448579219660838913e-01 8.691158012539437205e-01 8.847577610829299166e-01 8.961787359573847311e-01 9.075431634155145533e-01 9.261038678268267432e-01 9.711326147098011674e-01 9.483043811760960562e-01 9.316717480991525413e-01 4.447251736000367717e-01 4.541154395259025534e-01 2.253569359499362212e-01 8.956530586037993180e-02 7.529576755682225730e-01 9.040898008332717284e-01 9.688505618127269958e-01 9.881895594902250224e-01 9.421209352841761753e-01 8.350958909321259949e-01 3.081686631338392268e-01 8.456728520506083813e-01 9.056162360534079081e-01 9.276595448273289302e-01 9.377916846389434680e-01 9.420531409110884935e-01 9.422498625150262930e-01 9.384415802347674251e-01 9.289984045224630727e-01 9.084778998129156014e-01 8.555860984861334284e-01 5.658587768848933885e-01 7.254233753320417089e-01 8.832177110644457985e-01 9.236122905635368863e-01 9.407658074238549606e-01 9.491295062608207100e-01 9.529009197954400046e-01 9.535143139707360493e-01 9.511763073223028497e-01 9.449990029890773524e-01 9.319851504103063844e-01 9.019661225966099094e-01 7.962944753302418910e-01 4.609005306635416965e-01 8.702420298842402646e-01 9.244062079028528833e-01 9.445083607979776197e-01 9.540347240070132795e-01 9.587164370012845049e-01 9.605460926740501115e-01 9.602614909134120635e-01 9.579635542937203763e-01 9.531868273018384574e-01 9.445743429151085557e-01 9.286703163007682393e-01 8.950577593705125734e-01 7.943527307914312052e-01 -5.555163038746111503e-01 7.843083664788395026e-01 8.717725879470495931e-01 8.989557553615051821e-01 9.075611131021084077e-01 9.053720697028085906e-01 8.916987709633698023e-01 8.562990515473762887e-01 7.465029545298275115e-01 -8.358709692075299014e-01 7.617190275309168035e-01 8.698178788044597098e-01 9.064587019028328418e-01 9.229049631128657394e-01 9.303378475059419506e-01 9.323148826010491108e-01 9.298644032501736101e-01 9.225582878589846381e-01 9.082646174489490409e-01 8.814458356825554119e-01 8.272475315735933199e-01 6.966678475771077572e-01 2.485539748664245263e-01 3.363190149912945737e-01
9.999998740942737108e-01 9.999998878352714948e-01 9.999999044290167616e-01 9.999999256091359756e-01 9.999999538526693765e-01 9.999999926872482625e-01 9.999999528553150663e-01 9.999998756135640710e-01 9.999997654714123385e-01 9.999996083642752609e-01 9.999993853349652406e-01 9.999990723948944948e-01 9.999986434308892891e-01 9.999980825295181619e-01 9.999974240031446193e-01 9.999968748557449549e-01 9.999971958252602544e-01 9.999990304506202188e-01 9.999826830756354257e-01 9.999181196179676157e-01 9.996682387275966919e-01 9.991911187318673893e-01 9.990670347405282703e-01 9.990418182927438551e-01 9.989611155666635600e-01 9.988058043725002166e-01 9.985504166593984765e-01 9.981254676074340360e-01 9.973114936838932687e-01 9.950759932628898685e-01 9.955303590886607212e-01 9.989449559861407479e-01 9.999226590216858668e-01 9.993083269997684592e-01 9.989427886052490990e-01 9.988473542489375578e-01 9.991645396762155462e-01 9.999083931036057971e-01 9.982374110233909192e-01 9.959556008011543060e-01 9.936988493621561336e-01 9.927763926831130181e-01 9.950829467771852288e-01 9.978188218385063424e-01 9.869178017043722662e-01 9.772915837486322310e-01 9.798876827543812063e-01 9.830238175825206648e-01 8.835476055042146282e-01 7.129947951481115931e-01 4.915733316555068178e-01 2.267697374845775438e-01 -1.647853173851791253e-01 -8.814158538291444467e-01 -3.767561960126158960e-02 4.023926874872668091e-01 1.672712104025373403e-01 4.527001479983560062e-01 5.410117813950682253e-01 7.185538713267833888e-01 6.124699328951203059e-01 5.914011231305995597e-01 5.262112988944814829e-01 3.546358402237295704e-01 -3.033177225603481686e-01 1.781355864974846215e-01 5.823333324210566708e-01 7.191505122306665054e-01 7.803207904874644996e-01 8.258833688040823073e-01 8.528460078989908988e-01 8.702806026895015812e-01 8.830356711429733219e-01 8.957527480491628280e-01 9.165766199650846602e-01 9.673158071793963586e-01 9.416005147951719279e-01 9.230334433867437571e-01 3.916201577806604495e-01 4.032860282985061828e-01 1.674504479764633014e-01 2.082559011330532145e-02 7.235840781700212387e-01 8.916938930171389721e-01 9.646822678478538249e-01 9.865918708666636672e-01 9.344914707847820079e-01 8.145818330510649075e-01 2.531431532491047465e-01 8.267623736485306685e-01 8.935775340745005790e-01 9.182963319261977508e-01 9.296837591557194358e-01 9.344757592598172957e-01 9.346916059147211131e-01 9.303959610458737428e-01 9.197593497664213746e-01 8.966903776535535275e-01 8.374935545232733425e-01 5.197635998994091233e-01 6.945777763922932335e-01 8.685700253602639531e-01 9.137672277948100108e-01 9.330413789777688427e-01 9.424554434254184265e-01 9.467020278470968941e-01 9.473883366718793830e-01 9.447446602899506329e-01 9.377709717402100686e-01 9.230992616745022916e-01 8.893426703857667537e-01 7.714412021113304929e-01 4.124329585573320855e-01 8.541336711137998972e-01 9.146608665808574345e-01 9.372517818768020259e-01 9.479805091960478158e-01 9.532568912541625750e-01 9.553168500608363312e-01 9.549894011962487550e-01 9.523872743674326458e-01 9.469852450865429150e-01 9.372548025530246241e-01 9.193114776456157156e-01 8.814907277054193635e-01 7.689946446038862238e-01 -5.681336510040349008e-01 7.591617019662313393e-01 8.557807181618702907e-01 8.860740798360449144e-01 8.956693184732874569e-01 8.931696000521790468e-01 8.777844750630228177e-01 8.380961647689758598e-01 7.159592031247277166e-01 -8.096785977719286320e-01 7.345593648377352070e-01 8.536546948200868234e-01 8.944958937297016188e-01 9.128969746035352495e-01 9.212133719003252619e-01 9.233971693656822799e-01 9.205871477539244729e-01 9.122887954044199832e-01 8.960872695450118330e-01 8.657300292637135630e-01 8.045061907371141574e-01 6.577273546743221955e-01 1.628926026893318113e-01 3.363181313675326911e-01
9.999998568816451661e-01 9.999998724698971886e-01 9.999998912070251489e-01 9.999999151124249197e-01 9.999999469800451291e-01 9.999999907872170191e-01 9.999999477955719973e-01 9.999998607026403530e-01 9.999997365493078494e-01 9.999995595214536959e-01 9.999993083334680621e-01 9.999989561018032269e-01 9.999984736658291684e-01 9.999978434927763171e-01 9.999971045537789927e-01 9.999964887694194893e-01 9.999968424001193235e-01 9.999989884619691072e-01 9.999811046967346240e-01 9.999120014264725187e-01 9.996558084360154250e-01 9.991618987983210687e-01 9.989863428944851798e-01 9.989371576662338104e-01 9.988387224927959274e-01 9.986610978294868657e-01 9.983737131725723968e-01 9.979001423780137214e-01 9.970060059926750817e-01 9.946474812283191413e-01 9.950618777541132554e-01 9.988042487067189112e-01 9.999122727949782963e-01 9.992143873881369487e-01 9.987993789519775678e-01 9.986911589082678731e-01 9.990512081267621802e-01 9.998967332178433365e-01 9.980008531785512504e-01 9.954127341269245477e-01 9.928537510706679781e-01 9.918077450034973319e-01 9.944224452469209163e-01 9.975249632230461794e-01 9.851642075804162291e-01 9.742599010600001552e-01 9.771957183055632878e-01 9.807381545949334090e-01 8.687534307751837437e-01 6.801732035187576519e-01 4.415955732489408314e-01 1.651234316060414820e-01 -2.270585304202885901e-01 -8.919564330672858921e-01 -9.983076983565936091e-02 3.483890379979081575e-01 1.043354054819021215e-01 4.009337883929544599e-01 4.945574406440629844e-01 6.845575615575533179e-01 5.710504293674639742e-01 5.482369505175531676e-01 4.781622500019140909e-01 2.964554636986425074e-01 -3.666993093665374959e-01 1.194780738348569238e-01 5.399088400531334431e-01 6.856710776175045652e-01 7.545649112182520879e-01 8.048295454987874908e-01 8.347252651459418082e-01 8.541164675114047977e-01 8.683343138673206285e-01 8.825413194812797846e-01 9.058728745273750826e-01 9.630011256551775922e-01 9.340581189568402110e-01 9.133724285796139819e-01 3.355608619880528498e-01 3.498882414524303597e-01 1.086714619284171457e-01 -4.901034585002952970e-02 6.912021105181578307e-01 8.777594088534290684e-01 9.599560304802771116e-01 9.847752924569730393e-01 9.258730836041603185e-01 7.917298789785625068e-01 1.967958907795832324e-01 8.057704430675747265e-01 8.800871611159648555e-01 9.077668784811897540e-01 9.205504656898780835e-01 9.259332188286568677e-01 9.261688030991017673e-01 9.213266756247392442e-01 9.093560416929732382e-01 8.834506515998655773e-01 8.173058645080482076e-01 4.701448746372214882e-01 6.609864628347760229e-01 8.522214535000994795e-01 9.027073475610869480e-01 9.243389371785744046e-01 9.349251503021697163e-01 9.397023871964597097e-01 9.404688469223357883e-01 9.374805952010524246e-01 9.296123052601424908e-01 9.130838150386834107e-01 8.751648107917913144e-01 7.438803697347931010e-01 3.618254230761131507e-01 8.361981702291869656e-01 9.037122907279323547e-01 9.290708198387231942e-01 9.411429536979935007e-01 9.470847795049529561e-01 9.494018213402385387e-01 9.490244683242130552e-01 9.460783764140755503e-01 9.399712570265786882e-01 9.289828765733398885e-01 9.087519434309968558e-01 8.662385171343967016e-01 7.408056748667478653e-01 -5.794699578749133995e-01 7.315567101196772670e-01 8.379555671652927362e-01 8.716407772465001313e-01 8.823161050208407907e-01 8.794596570976503935e-01 8.621652035489801857e-01 8.177321002651097848e-01 6.821839334461204940e-01 -7.871887405628936740e-01 7.048912453044772208e-01 8.356577996974015043e-01 8.810821654215484910e-01 9.016344474499885520e-01 9.109225345416314124e-01 9.133249467747868167e-01 9.100985551177070976e-01 9.006711777586822176e-01 8.823079269176937744e-01 8.479529759460573413e-01 7.788271329006322130e-01 6.140277757026214589e-01 6.934469455671080085e-02 3.363173520020352747e-01
9.999998373994035683e-01 9.999998549481746712e-01 9.999998760943238363e-01 9.999999030597638283e-01 9.999999389938201144e-01 9.999999883776219400e-01 9.999999424035862505e-01 9.999998442734937543e-01 9.999997044315143135e-01 9.999995051164114468e-01 9.999992224564611121e-01 9.999988263684892464e-01 9.999982843510597519e-01 9.999975771605069674e-01 9.999967490492247535e-01 9.999960594733677821e-01 9.999964475840177336e-01 9.999989603496316493e-01 9.999794729869080356e-01 9.999058571864648526e-01 9.996441421700615892e-01 9.991349900038430931e-01 9.989042375758269143e-01 9.988248606116664208e-01 9.987047924915979369e-01 9.985015622685167180e-01 9.981786393407066083e-01 9.976525126225610496e-01 9.966760643545490295e-01 9.942251781909194897e-01 9.945993065045060089e-01 9.986469760731541134e-01 9.999005499551053555e-01 9.991077565443103881e-01 9.986364866838562948e-01 9.985137044444412080e-01 9.989223761848410321e-01 9.998837231736733555e-01 9.977326663652815730e-01 9.947971684762357825e-01 9.918955779039282383e-01 9.907094522783731483e-01 9.936731403425698161e-01 9.971913826375996548e-01 9.831756269718306962e-01 9.708250809595818653e-01 9.741436928254669780e-01 9.781424518097906473e-01 8.521917004998416090e-01 6.442961969870758532e-01 3.885874621279437613e-01 1.019758462039614538e-01 -2.877878884677125826e-01 -9.013307437101134578e-01 -1.611545678411384075e-01 2.919927763187018521e-01 4.018518942910274949e-02 3.464099927699091364e-01 4.450080933254305093e-01 6.467358788702218808e-01 5.264045380945510111e-01 5.018194851696320402e-01 4.269000681466978420e-01 2.356828772611020695e-01 -4.279423261808246171e-01 6.032309917420849987e-02 4.946330729452245722e-01 6.483777586005899929e-01 7.262569721758287411e-01 7.815294058732790150e-01 8.145871778045173928e-01 8.361032069260222466e-01 8.519177938640852821e-01 8.677596492891198610e-01 8.938613945731006538e-01 9.581255617778472455e-01 9.255807233484549812e-01 9.025854290715905615e-01 2.767654708476897651e-01 2.941708093895502030e-01 4.946590136420395828e-02 -1.193993883108719761e-01 6.556218129455305688e-01 8.621128138097322591e-01 9.545971419305282479e-01 9.827090296464758845e-01 9.161422641028486025e-01 7.663287606364183047e-01 1.395355731255171761e-01 7.825274576940961513e-01 8.649924521850910208e-01 8.959383657046104954e-01 9.102707695769849394e-01 9.163096932157857033e-01 9.165652009361300312e-01 9.111111970629151013e-01 8.976522116956789921e-01 8.685976912509090209e-01 7.948251338876827221e-01 4.170190634904176741e-01 6.245663501466085510e-01 8.340100276445699956e-01 8.902973860910092796e-01 9.145427217317843027e-01 9.264341695981895830e-01 9.318027837841744709e-01 9.326569205263189888e-01 9.292805325670241423e-01 9.204085548358343916e-01 9.018039019194888928e-01 8.592604071541161126e-01 7.133986598076946795e-01 3.093554382987859785e-01 8.162726121447336780e-01 8.914263046712781469e-01 9.198545104655034832e-01 9.334246391936480425e-01 9.401097564281808427e-01 9.427131372951262911e-01 9.422775178446329836e-01 9.389426279166783740e-01 9.320410382957523554e-01 9.196386689072112430e-01 8.968452867892434677e-01 8.491106237108970722e-01 7.095455313476983772e-01 -5.896478034088870057e-01 7.013644803033097785e-01 8.181285847579247150e-01 8.554930887005340878e-01 8.673403455291673891e-01 8.640739227024748503e-01 8.446543577151151005e-01 7.949885323730729869e-01 6.449460136722028336e-01 -7.678109203656588999e-01 6.726174222171915629e-01 8.156636992358939908e-01 8.660627306257817626e-01 8.889723606345595330e-01 8.993242471276455818e-01 9.019544953438616286e-01 8.982449597209518632e-01 8.875324038530284509e-01 8.667200512021697723e-01 8.278507682310731752e-01 7.498469684800095347e-01 5.650536904110291525e-01 3.237511590497446634e-02 3.363166645903782337e-01
9.999998138964892869e-01 9.999998349537820852e-01 9.999998588044139991e-01 9.999998892013872709e-01 9.999999296919723779e-01 9.999999853208029199e-01 9.999999367283117779e-01 9.999998262515835679e-01 9.999996688717763815e-01 9.999994446645429358e-01 9.999991268948105194e-01 9.999986819542887595e-01 9.999980736954450222e-01 9.999972810874062645e-01 9.999963543617527151e-01 9.999955833046216824e-01 9.999960073814744277e-01 9.999989515191980427e-01 9.999778028594634716e-01 9.998997615065724487e-01 9.996333786125465304e-01 9.991110355772352403e-01 9.988219978994717918e-01 9.982431221333756266e-01 9.985591451605591029e-01 9.983265544216899379e-01 9.979643237947756207e-01 9.973819309565060687e-01 9.963229226678627093e-01 9.938196770821791093e-01 9.941638001298878091e-01 9.984724855635833674e-01 9.998873569123237770e-01 9.989868351906289190e-01 9.984515489247621778e-01 9.983121418831247817e-01 9.987759250661807364e-01 9.998692603842064264e-01 9.974287338112264312e-01 9.940993626401999350e-01 9.908094715537205666e-01 9.894644263028710141e-01 9.928231781851564186e-01 9.968127325925095761e-01 9.809207887028179584e-01 9.669341945517808679e-01 9.706836712097524078e-01 9.751939787087628986e-01 8.336810788667903260e-01 6.052402496247776265e-01 3.327203050603195766e-01 3.778454884174158729e-02 -3.465732948617109566e-01 -9.096521357704802080e-01 -2.211838960337201565e-01 2.335264984102291552e-01 -2.477948796085191127e-02 2.893659141210159769e-01 3.924696490440600649e-01 6.046807356668567612e-01 4.785331145640681072e-01 4.521739926885153249e-01 3.725356428257192709e-01 1.726504655337979810e-01 -4.866948558819028103e-01 1.132591560994628639e-03 4.466009886178913812e-01 6.067823353154281341e-01 6.952552135321222737e-01 7.558175426061939373e-01 7.922615957950435162e-01 8.160719585101992024e-01 8.336207212514192832e-01 8.512486507097440924e-01 8.804000730813963393e-01 9.526186912184803068e-01 9.160630340620323775e-01 8.905631539922852502e-01 2.155166862364807367e-01 2.364413628174694693e-01 -9.708609371886552791e-03 -1.897781690663474796e-01 6.166697994039657127e-01 8.445657700198089257e-01 9.485208937284848041e-01 9.803577181673749363e-01 9.051613706498047307e-01 7.381621119798452701e-01 8.179857267147093436e-02 7.568647542636298686e-01 8.481305864471584410e-01 8.826662083424754446e-01 8.987117104715819371e-01 9.054774116964892094e-01 9.057524198012719685e-01 8.996144563641850223e-01 8.844984952578922588e-01 8.519574124923081637e-01 7.698462780021655405e-01 3.604642366311486823e-01 5.852678932223618347e-01 8.137674801479335418e-01 8.763909429045785293e-01 9.035254780290734589e-01 9.168667919018477219e-01 9.228928870465757939e-01 9.238423797646038160e-01 9.200291658024964958e-01 9.100326926805857308e-01 8.891108916326059264e-01 8.414434390178847645e-01 6.797861657908172983e-01 2.553511363056943928e-01 7.941907563407323289e-01 8.776576267521316588e-01 9.094804344557367859e-01 9.247171288187080451e-01 9.322307693847405874e-01 9.351522562374959824e-01 9.346484328154053278e-01 9.308742526799363981e-01 9.230782365737736361e-01 9.090883290767947100e-01 8.834293520323653892e-01 8.299001266561345513e-01 6.749726673926441656e-01 -5.987829179207271313e-01 6.684751419946752815e-01 7.961262876891598284e-01 8.374575288807042384e-01 8.505680823964577586e-01 8.468300954310535866e-01 8.250508793252665507e-01 7.696350759111999507e-01 6.040246760925749303e-01 -7.510645820909181980e-01 6.376674316906698614e-01 7.935056086669203257e-01 8.492719147941966140e-01 8.747522631224688983e-01 8.862625742332259637e-01 8.891258221085078794e-01 8.848544892274409213e-01 8.726783827243811409e-01 8.490917250318347209e-01 8.051276317851689956e-01 7.171620826430555873e-01 5.102523719418481374e-01 1.424557498434516900e-01 3.363160582841726587e-01
9.999997897365209276e-01 9.999998121205493362e-01 9.999998390034494644e-01 9.999998732430065429e-01 9.999999188313304366e-01 9.999999814423113920e-01 9.999999308497523609e-01 9.999998065859060370e-01 9.999996296372760662e-01 9.999993776828263181e-01 9.999990208268358938e-01 9.999985215917562842e-01 9.999978398707215499e-01 9.999969527913795675e-01 9.999959173432452220e-01 9.999950565296003013e-01 9.999955176458372730e-01 9.998690435951325117e-01 9.999761160073076249e-01 9.998937997759533847e-01 9.996236507515552372e-01 9.990903403732031007e-01 9.987411095630448488e-01 9.963482698099421775e-01 9.984019216902167981e-01 9.981357146869362928e-01 9.977302222214601279e-01 9.970882829397504921e-01 9.959489309355280540e-01 9.934405861873055743e-01 9.937756869686846795e-01 9.982807874023656991e-01 9.998725683800389064e-01 9.988499014818561506e-01 9.982417334639813733e-01 9.980832866807886061e-01 9.986094642318659176e-01 9.998532589685680261e-01 9.970844711061828125e-01 9.933086457861818319e-01 9.895787871634058597e-01 9.880534889269696475e-01 9.918591952244688592e-01 9.963829789188497488e-01 9.783644098380649412e-01 9.625276545536373130e-01 9.667614686167973481e-01 9.718439152405803361e-01 8.130295075868984034e-01 5.629137237350909651e-01 2.742318990404672974e-01 -2.696102013056116478e-02 -4.030695817358408428e-01 -9.170244295773496424e-01 -2.794925549546840582e-01 1.733729610899770179e-01 -9.016761947646644015e-02 2.301027980753253821e-01 3.371093755225080257e-01 5.579345439781909777e-01 4.274914235142882046e-01 3.993836918263378721e-01 3.152454446278052935e-01 1.077527181631602743e-01 -5.426699336783994410e-01 -5.763062803324359162e-02 3.959653613517626902e-01 5.602902035143684234e-01 6.614360116334001560e-01 7.275344742523325303e-01 7.675776353834524723e-01 7.938493024175872215e-01 8.132707123587735731e-01 8.328403157084920405e-01 8.653360651729351538e-01 9.464019662378339026e-01 9.053907494857791338e-01 8.771910392384106858e-01 1.521583885080250442e-01 1.770613975501475756e-01 -6.839722741894097013e-02 -2.595800953680028611e-01 5.741972166243584086e-01 8.249152187774885236e-01 9.416312432517304210e-01 9.776806756789652164e-01 8.927773705853222497e-01 7.070122144069583836e-01 2.403585997896453066e-02 7.286187912069176376e-01 8.293295195657616192e-01 8.677939343388227922e-01 8.857278799101698796e-01 8.932959705987661980e-01 8.935892132993867865e-01 8.866881493206493214e-01 8.697319640191651935e-01 8.333429405009460389e-01 7.421599373323561899e-01 3.006264713907687014e-01 5.430820728012547560e-01 7.913214981007793414e-01 8.608306378040173623e-01 8.911479261060011314e-01 9.060952593391131682e-01 9.128503342210589899e-01 9.139028168581072586e-01 9.095984606180971266e-01 8.983441494439206032e-01 8.748417023274931426e-01 8.215143095770783832e-01 6.428421959786938533e-01 2.001843239400736829e-01 7.697860678245116439e-01 8.622500044683270026e-01 8.978140516880450672e-01 9.149000282499077930e-01 9.233350010558333265e-01 9.266088352603785161e-01 9.260249651302212559e-01 9.217546834842977876e-01 9.129526744652969317e-01 8.971827548428177312e-01 8.683251685813724308e-01 8.083837023069265770e-01 6.368497464264883945e-01 -6.069838584363047573e-01 6.328042589359713643e-01 7.717730082496896404e-01 8.173509035878240292e-01 8.318128539396183463e-01 8.275320478328132001e-01 8.031397645394677820e-01 7.414313575986287708e-01 5.592171224703729182e-01 -7.365550475908460015e-01 6.000042372955236569e-01 7.690165272480981029e-01 8.305339316411023409e-01 8.588019538258351293e-01 8.715657942251308077e-01 8.746612796423423042e-01 8.697352825200098669e-01 8.558917444294641408e-01 8.291629188627278602e-01 7.794526792127942638e-01 6.803256445098766481e-01 4.490367056167379745e-01 2.609630664582173742e-01 3.363155235140093402e-01
9.999997608045504416e-01 9.999997860237825886e-01 9.999998163015159092e-01 9.999998548369308793e-01 9.999999061185026461e-01 9.999999765214018232e-01 9.999999248892221804e-01 9.999997852603020876e-01 9.999995865220462354e-01 9.999993037057772760e-01 9.999989034389242804e-01 9.999983440146665847e-01 9.999975810511030350e-01 9.999965898100727779e-01 9.999954349027454503e-01 9.999944755673446650e-01 9.999949741406575221e-01 6.903752564420453496e-04 9.999744392547939009e-01 9.998880636033353753e-01 9.996150922680638873e-01 9.990731880564105438e-01 9.986632264360991718e-01 9.958954157280753838e-01 9.982336900888947318e-01 9.979290863956069568e-01 9.974762588777554839e-01 9.967721688160297022e-01 9.955576848391832767e-01 9.930952427707290253e-01 9.934494069718430298e-01 9.980728675704463315e-01 9.998560807807362893e-01 9.986951486940085498e-01 9.980039517973673391e-01 9.978236086340359634e-01 9.984203098612959293e-01 9.998356641866241734e-01 9.966948099392880511e-01 9.924131501059213489e-01 9.881849665387251180e-01 9.864552021141289595e-01 9.907661678144606965e-01 9.958953342236197548e-01 9.754667620722925481e-01 9.575385032151698672e-01 9.623159026076437694e-01 9.680364239732314191e-01 7.900357513562720202e-01 5.172651294993052540e-01 2.134262304211239358e-01 -9.175414121818989410e-02 -4.569927218759908261e-01 -9.235421053302507177e-01 -3.357019409872316618e-01 1.119655631012716340e-01 -1.556209871928881383e-01 1.689823654031295530e-01 2.791574288169133555e-01 5.059842140012923428e-01 3.733952924846113408e-01 3.435952982107253195e-01 2.552739831738934373e-01 4.143818502527331360e-02 -5.956479979126689805e-01 -1.155172689989256013e-01 3.429390612126019255e-01 5.081654703757838565e-01 6.247005537627828842e-01 6.965317859061239680e-01 7.403675109078767802e-01 7.692601426862367697e-01 7.906905516746077778e-01 8.123591827963239087e-01 8.485062632238594693e-01 9.393879935917355262e-01 8.934405673142790105e-01 8.623502940845014786e-01 8.708894847414599960e-02 1.164381844302300184e-01 -1.261622500045426198e-01 -3.282524825948461289e-01 5.280886570404293989e-01 8.029439260925519406e-01 9.338193061353817770e-01 9.746310099425226081e-01 8.788205711385361774e-01 6.726647605369500127e-01 -3.330103515544746706e-02 6.976361895191702800e-01 8.084094518150363173e-01 8.511533589322706206e-01 8.711610753671717999e-01 8.796117684203607068e-01 8.799208404118059601e-01 8.721701840277349405e-01 8.531758870640301362e-01 8.125553177933195759e-01 7.115563147056155335e-01 2.377242036497610178e-01 4.980469840627165801e-01 7.664987071361561988e-01 8.434486245436512153e-01 8.772583908440682032e-01 8.939790362148483105e-01 9.015398363970256179e-01 9.027026221237416381e-01 8.978466656906849419e-01 8.851879031999509984e-01 8.588182367076969692e-01 7.992606360229533857e-01 6.023821929217175741e-01 1.442609455353236758e-01 7.428955377459088849e-01 8.450366985691777355e-01 8.847081516115614663e-01 9.038400568808196978e-01 9.132967696357300325e-01 9.169595315171222838e-01 9.162814635726626022e-01 9.114512299330401746e-01 9.015189818304744085e-01 8.837562727241067284e-01 8.513359746202373568e-01 7.843221183230820737e-01 5.949503943922982430e-01 -6.143519591546933167e-01 5.942995573755947003e-01 7.448944252066070915e-01 7.949818984145258227e-01 8.108764717231022878e-01 8.059704218754630833e-01 7.786931305035202922e-01 7.101299695832693493e-01 5.103472763284050417e-01 -7.239555528204860702e-01 5.596308159492313639e-01 7.420331201247661879e-01 8.096641819135603768e-01 8.409354474868301343e-01 8.550455904695285492e-01 8.583642078692571564e-01 8.526736491743136526e-01 8.369294975490109145e-01 8.066425927819054209e-01 7.504565419617297284e-01 6.388449145529208062e-01 3.807903913982459976e-01 3.878110723631099654e-01 3.363150518395757738e-01
9.999997276079570785e-01 9.999997561699567328e-01 9.999997902422396168e-01 9.999998335713974340e-01 9.999998911987065808e-01 9.999999702791038114e-01 9.999999190223022305e-01 9.999997623081405829e-01 9.999995393642485686e-01 9.999992223067626362e-01 9.999987739531835951e-01 9.999981479955748487e-01 9.999972954658121749e-01 9.999961897745566208e-01 9.999949041053474152e-01 9.999938370163751200e-01 9.999943726254102438e-01 1.049093964106780812e-03 9.999728041511504184e-01 9.998826491341581413e-01 9.996078347339273362e-01 9.990598339818526075e-01 9.985901093791869076e-01 9.964552541724029933e-01 9.980555601849467884e-01 9.977072554211472433e-01 9.972029913778677201e-01 9.964350961306601695e-01 9.951540871211660422e-01 9.927879754258114309e-01 9.931903787373865811e-01 9.978510132489417650e-01 9.998378316371059338e-01 9.985207535951899915e-01 9.977348995607868698e-01 9.975292397813915191e-01 9.982054697528677245e-01 9.998164736596270030e-01 9.962542023284224335e-01 9.913997757590785609e-01 9.866074488747428317e-01 9.846457282086016338e-01 9.895272682904400208e-01 9.953421969263959168e-01 9.721832314617722126e-01 9.518916789634999098e-01 9.572779873836483322e-01 9.637075628612002953e-01 7.644916652906025289e-01 4.682914123731525269e-01 1.506700278019634520e-01 -1.560865429260484549e-01 -5.081228573027189999e-01 -9.292906116717759568e-01 -3.894888302127090252e-01 4.977374081587297022e-02 -2.208428542625592572e-01 1.064200055650167537e-01 2.189053707319527642e-01 4.482581680412361380e-01 3.164255255395960753e-01 2.850225511073114504e-01 1.929334339019184996e-01 -2.580172605059134761e-02 -6.454762484951305224e-01 -1.721051127704918970e-01 2.877948510843650332e-01 4.494863655188807705e-01 5.849819866904416577e-01 6.626780982816143917e-01 7.104712297684632194e-01 7.421313998622693919e-01 7.657010904574600429e-01 7.896244400950921394e-01 8.297382064520960609e-01 9.314798185214933079e-01 8.800804434534220677e-01 8.459192787820328796e-01 2.075125125478606558e-02 5.501387421006782158e-02 -1.825964253644997426e-01 -3.952726508150476992e-01 4.782717911990272408e-01 7.784216300870135941e-01 9.249616539193262765e-01 9.711545500164096012e-01 8.631033750032930385e-01 6.349147056731448968e-01 -8.977411097651544214e-02 6.637796150184019917e-01 7.851849371959227497e-01 8.325651416556915096e-01 8.548402010888975777e-01 8.642576252646961832e-01 8.645786091453954159e-01 8.558843352730043375e-01 8.346398061029467463e-01 7.893847735240311358e-01 6.778300342588207128e-01 1.720498877875813459e-01 4.502535292948180445e-01 7.391284642670863381e-01 8.240675551248795028e-01 8.616926594759471980e-01 8.803641932931631775e-01 8.888123425150035173e-01 8.900920494995400167e-01 8.846173703863638993e-01 8.703936677242942732e-01 8.408470579434146330e-01 7.744586486230541356e-01 5.582457255112506234e-01 8.800940068160024998e-02 7.133643371060307548e-01 8.258414085468716026e-01 8.700024768842918865e-01 8.913901620389471647e-01 9.019764057509145339e-01 9.060667454635489282e-01 9.052775279067535319e-01 8.998156724438346465e-01 8.886151762978096169e-01 8.686253319458602240e-01 8.322464232692453612e-01 7.574613511100486418e-01 5.490672827522247168e-01 -6.209815009814507736e-01 5.529476698337347784e-01 7.153219369683927464e-01 7.701533482997932056e-01 7.875503616145088648e-01 7.819237804143834847e-01 7.514719689555013904e-01 6.754804486365977301e-01 4.572755197078430256e-01 -7.129936408080628230e-01 5.165962700270161356e-01 7.124004559299401684e-01 7.864711867427064407e-01 8.209533228017595885e-01 8.364964460047769057e-01 8.400176530455586432e-01 8.334322118299499760e-01 8.155205986366385051e-01 7.812056758341677787e-01 7.177279677387401469e-01 5.921791100050824985e-01 3.048762077734765152e-01 5.227318077792287854e-01 3.363146358163877636e-01
9.999996898665647338e-01 9.999997219844090068e-01 9.999997602902083171e-01 9.999998089576028759e-01 9.999998736420797618e-01 9.999999623635387191e-01 9.999999134951851332e-01 9.999997378310475638e-01 9.999994880684385246e-01 9.999991331258454297e-01 9.999986316636761963e-01 9.999979323948170462e-01 9.999969814667654111e-01 9.999957505025544036e-01 9.999943222947554888e-01 9.999931378136355242e-01 9.999937089671426804e-01 9.999992563043015315e-01 9.999712463486144509e-01 9.930029620665270507e-01 9.996020047157857524e-01 9.990504933083057537e-01 9.985235466700331797e-01 9.894419621904113615e-01 9.978692990428954523e-01 9.974715040386881171e-01 9.969117905438524829e-01 9.960796622120871024e-01 9.947442742681816830e-01 9.925201019002372060e-01 9.929954712192917698e-01 9.976190653774104078e-01 9.998178258556803533e-01 9.983249882473287373e-01 9.974311387488645764e-01 9.971960114888084314e-01 9.979616400717333802e-01 9.997957680704355754e-01 9.957566578394552170e-01 9.902542102287766879e-01 9.848236471460397601e-01 9.825987466305161622e-01 9.881237398143324357e-01 9.947151034338570508e-01 9.684638927457577262e-01 9.455032875959515914e-01 9.515700803713842415e-01 9.587840059728253150e-01 7.361853119970694914e-01 4.160457690280711107e-01 8.638600044622235519e-02 -2.194642413937355763e-01 -5.563043318718948749e-01 -9.343467479437026491e-01 -4.405900178073136053e-01 -1.271762071286818181e-02 -2.856339318632820645e-01 4.287492511175067939e-02 1.567011521482163383e-01 3.841305141398544953e-01 2.568299676095767148e-01 2.239471429486516452e-01 1.286000465421336114e-01 -9.344659007880572188e-02 -6.920653589263543459e-01 -2.270108278010770642e-01 2.308623531256205619e-01 3.830904179500055906e-01 5.422527407219306372e-01 6.258657712520423466e-01 6.777421621017971631e-01 7.122965784681347667e-01 7.381249721503664318e-01 7.644527679288161126e-01 8.088515264272528871e-01 9.225702449710055930e-01 8.651701724846968533e-01 8.277752250385205235e-01 -4.638021486442634594e-02 -6.747683444848447988e-03 -2.373344103436239305e-01 -4.601619568317356634e-01 4.247273615172491579e-01 7.511069514143291492e-01 9.149183950061564596e-01 9.671885572705434253e-01 8.454191065462562937e-01 5.935732253091322574e-01 -1.449721109324014490e-01 6.269344177412293773e-01 7.594677382133717680e-01 8.118398270251566684e-01 8.365815000440257609e-01 8.470526611872699618e-01 8.473796650035749778e-01 8.376401871891016038e-01 8.139200253430515231e-01 7.636126822724820240e-01 6.407860894685442066e-01 1.039684334177936320e-01 3.998496694427880471e-01 7.090475136023985936e-01 8.025020982042415651e-01 8.442741459464793152e-01 8.650829647612543472e-01 8.745043087102958301e-01 8.759063629745177382e-01 8.697386569887235463e-01 8.537752417779198577e-01 8.207193983966887263e-01 7.468753375163420527e-01 5.103054177955103077e-01 3.186738739219963090e-02 6.810513036402158216e-01 8.044797414440519878e-01 8.535235904783495808e-01 8.773887197630301227e-01 8.892191335251697915e-01 8.937773249225092753e-01 8.928566049183533915e-01 8.866828007169283987e-01 8.740612197922824622e-01 8.515872612013448695e-01 8.108220646374098006e-01 7.275344911662386949e-01 4.990215102648699053e-01 -6.269600533405044196e-01 5.087804836655980267e-01 6.828978994548975390e-01 7.426652959803110576e-01 7.616175909160546320e-01 7.551604456667930787e-01 7.212287319102668182e-01 6.372344122364008712e-01 3.999091268601934757e-01 -7.034407236414167430e-01 4.710009820088793542e-01 6.799776061042638320e-01 7.607592718472834248e-01 7.986435659903284856e-01 8.156953340442515410e-01 8.193832372912619455e-01 8.117480919785442506e-01 7.913634904027716521e-01 7.524899944114175065e-01 6.808105221286021580e-01 5.397382054582978705e-01 2.206483890947338322e-01 6.652466816728945798e-01 3.363142688783378187e-01
9.999996468038132580e-01 9.999996827966215474e-01 9.999997258159024627e-01 9.999997804139630908e-01 9.999998529269786829e-01 9.999999523316548400e-01 9.999999086450827024e-01 9.999997120225185832e-01 9.999994326341993256e-01 9.999990359053402278e-01 9.999984759827679204e-01 9.999976962226773125e-01 9.999966376134162838e-01 9.999952701132254207e-01 9.999936872411342437e-01 9.999923754024601097e-01 9.999929792803858852e-01 9.999994644997091120e-01 9.999698049417987678e-01 9.936536481407578503e-01 9.995977210752911013e-01 9.990453530742522403e-01 9.984652598409676783e-01 9.923408280700140027e-01 9.976774316428759226e-01 9.972239666307439743e-01 9.966050193819279146e-01 9.957096955082809231e-01 9.943353749698621291e-01 9.922905111126455457e-01 9.928560609989557362e-01 9.973824705724533279e-01 9.997961685657464903e-01 9.981063895309688627e-01 9.970892405301660100e-01 9.968195361791672982e-01 9.976852217357776720e-01 9.997737548857241752e-01 9.951958312066472301e-01 9.889610330972237184e-01 9.828090296330250775e-01 9.802854637360788326e-01 9.865348074136034429e-01 9.940047045593141117e-01 9.642531298868823875e-01 9.382799165600220759e-01 9.451049991554438812e-01 9.531815314296173680e-01 7.049050478114269325e-01 3.606443958041063991e-01 2.104286529399774022e-02 -2.814224609583140246e-01 -6.014431210187395349e-01 -9.387790817381934660e-01 -4.888038342849291840e-01 -7.503622131397473527e-02 -3.499405888637758810e-01 -2.116231208816963041e-02 9.294012869211819294e-02 3.129391729285755375e-01 1.949226891433852860e-01 1.607165892629978388e-01 6.270717396836537894e-02 -1.609626528103209608e-01 -7.353841133137920538e-01 -2.798993971547645843e-01 1.725220335401909666e-01 3.075104947327828020e-01 4.965316304747759979e-01 5.860181627820345573e-01 6.420534380585337653e-01 6.796012352336828766e-01 7.077912525087245443e-01 7.366620165142673260e-01 7.856600365093308058e-01 9.125412348967594234e-01 8.485623669628268306e-01 8.077962880221378761e-01 -1.138145709466578531e-01 -6.837565561410398340e-02 -2.900617702095668604e-01 -5.224969508402917961e-01 3.674990510046263203e-01 7.207502491537467471e-01 9.035310162985420446e-01 9.626601601092211746e-01 8.255409678886733715e-01 5.484757245682296833e-01 -1.985220495285854314e-01 5.870158600878061517e-01 7.310705216289190567e-01 7.887794799968942394e-01 8.161892158029924182e-01 8.278025233608516942e-01 8.281271134100874898e-01 8.172334620908117131e-01 7.908006331580056392e-01 7.350143481822819513e-01 6.002468962469961200e-01 3.391208252311225108e-02 3.470426896598522992e-01 6.761055176588655069e-01 7.785611209154917889e-01 8.248144557019986278e-01 8.479535510777245211e-01 8.584371337232932220e-01 8.599651206099656608e-01 8.530224089972099355e-01 8.351300974988957737e-01 7.982116126010592172e-01 7.162714947036455948e-01 4.584765659814989402e-01 -2.373190048441586528e-02 6.458352016323364309e-01 7.807613317184424195e-01 8.350850707066421741e-01 8.616588783295049403e-01 8.748539936446405596e-01 8.799212579100478271e-01 8.788445511718898651e-01 8.718689249021521759e-01 8.576575914907631493e-01 8.324191551323271154e-01 7.868092214376524174e-01 6.942646208616849446e-01 4.446731499077478111e-01 -6.323689508504628520e-01 4.618806062211818775e-01 6.474816968303843678e-01 7.123189360756088107e-01 7.328557084013693768e-01 7.254411646915666090e-01 6.877108987935114381e-01 5.951519545790798782e-01 3.382129673891637878e-01 -6.951039841771851080e-01 4.230002924396107367e-01 6.446440524002897687e-01 7.323321154836397451e-01 7.737830395832793196e-01 7.924018189661730105e-01 7.962002760626588627e-01 7.873312255398590143e-01 7.641236959992860900e-01 7.200932642236208547e-01 6.391996099330405912e-01 4.808832200929052392e-01 1.274705888259131947e-01 8.146509951470678468e-01 3.363139452340260793e-01
9.999995975063850073e-01 9.999996378225730620e-01 9.999996860775262064e-01 9.999997472470424364e-01 9.999998284195278364e-01 9.999999396268346441e-01 9.999999049255301475e-01 9.999996851974505274e-01 9.999993731915073347e-01 9.999989305346073110e-01 9.999983064991335713e-01 9.999974387165935230e-01 9.999962627765562884e-01 9.999947471648814590e-01 9.999929973140436745e-01 9.999915479250511829e-01 9.999921800988889053e-01 9.999997479753225393e-01 9.999685218466652925e-01 9.960262988516864757e-01 9.995950911092491564e-01 9.990445319762869536e-01 9.984168076475966602e-01 9.972242614954748285e-01 9.974833056831247102e-01 9.969677669902161643e-01 9.962861860991686358e-01 9.953303169836893449e-01 9.939350981962379317e-01 9.920964977346056202e-01 9.927614397176016681e-01 9.971479964421130493e-01 9.997731016239415069e-01 9.978639988830910745e-01 9.967060110572352194e-01 9.963953537517451498e-01 9.973723670286887000e-01 9.997508295712029813e-01 9.945651835517581585e-01 9.875039477667046928e-01 9.805373593750565941e-01 9.776747647215183745e-01 9.847376484177807754e-01 9.932007817658429216e-01 9.594893471394103646e-01 9.301180465330701752e-01 9.377851367445423358e-01 9.468032253867569858e-01 6.704446744134895386e-01 3.022715108344136703e-01 -4.485744019446927244e-02 -3.415387086849013820e-01 -6.435021876930261397e-01 -9.426483686674129725e-01 -5.339887929765777530e-01 -1.367602533163566336e-01 -4.139244702648826602e-01 -8.518413926767486044e-02 2.805169324582566445e-02 2.340284424001398134e-01 1.310799141794445344e-01 9.573877078755398118e-02 -4.264959180555796467e-03 -2.278193743979755603e-01 -7.754525897025761338e-01 -3.304907418024090049e-01 1.131963014033706277e-01 2.209057089748085456e-01 4.478902427799237307e-01 5.430971666244794882e-01 6.033050494441892786e-01 6.439093193359660683e-01 6.745409452663614358e-01 7.060757940942475885e-01 7.599745742789354441e-01 9.012634466540173639e-01 8.301039175957944938e-01 7.858638866278070401e-01 -1.810612010041433573e-01 -1.294075671308425324e-01 -3.405211683862737759e-01 -5.819171361845957291e-01 3.067026234337077994e-01 6.870976224803668764e-01 8.906199632500658714e-01 9.574844387878695962e-01 8.032211993609273959e-01 4.994907507562771354e-01 -2.500984087535197409e-01 5.439766675374386740e-01 6.998114692634253009e-01 7.631800336118996775e-01 7.934567970218170396e-01 8.063000679751007871e-01 8.066105820958314743e-01 7.944468506524513529e-01 7.650551878648174098e-01 7.033627507354598407e-01 5.560603945430218076e-01 -3.762834016641183194e-02 2.920989952035751291e-01 6.401714185505833488e-01 7.520506431354919696e-01 8.031144580865968718e-01 8.287802565973418911e-01 8.404168366361549625e-01 8.420716684882232350e-01 8.342638538149745875e-01 8.142393048745374395e-01 7.730862056448469799e-01 6.824057995761791950e-01 4.027270678858902997e-01 -7.837332291066120837e-02 6.076216169572150605e-01 7.544927197525694851e-01 8.144881333864135708e-01 8.440081156121616024e-01 8.586928593020722866e-01 8.643103939391088009e-01 8.630481989632771134e-01 8.551704008077546382e-01 8.391839340080865517e-01 8.108769794112231644e-01 7.599354040722907655e-01 6.573688644327149166e-01 3.859327018162876932e-01 -6.372838765203230338e-01 4.123854109730240025e-01 6.089565409838056942e-01 6.789215174835316891e-01 7.010405205709999699e-01 6.925227441419503638e-01 6.506656689604091159e-01 5.490093574751847560e-01 2.722199089704758213e-01 -6.878200293713332414e-01 3.728061945855569714e-01 6.063067722435405704e-01 7.009972592609485798e-01 7.461397209989314439e-01 7.663587078981124456e-01 7.701852712495871334e-01 7.598629296417381829e-01 7.334316006891370421e-01 6.835703246065250038e-01 5.923401484737256251e-01 4.149288086373118523e-01 2.474156932449126864e-02 9.700662965017907702e-01 3.363136597753627055e-01
9.999995408348467674e-01 9.999995861436095090e-01 9.999996401990962624e-01 9.999997086284730941e-01 9.999997993487743653e-01 9.999999235514497320e-01 9.999999029375428172e-01 9.999996578286101112e-01 9.999993100451117778e-01 9.999988171052792696e-01 9.999981230489856099e-01 9.999971594348191495e-01 9.999958562621863445e-01 9.999941808157657430e-01 9.999922516798165351e-01 9.999906544376124806e-01 9.999913085772003107e-01 9.999998807212092666e-01 9.999674405113263553e-01 9.989188315655949113e-01 9.995942075161367013e-01 9.990481032983165033e-01 9.983794926726395902e-01 9.974187993720586842e-01 9.999430831036580924e-01 9.967071089254995186e-01 9.959600374864669980e-01 9.949478817598410574e-01 9.935511937549736938e-01 9.919345541974751157e-01 9.927011781754990771e-01 9.969230410220406569e-01 9.997490368389458926e-01 9.975976758959708146e-01 9.962788227742259695e-01 9.959191662738398065e-01 9.970190697593376283e-01 9.997276595979904812e-01 9.938582462280860508e-01 9.858661923540296135e-01 9.779811577433541459e-01 9.747335681892606019e-01 9.827074506359152473e-01 9.922923239101909543e-01 9.541048286102807863e-01 9.209036319688191918e-01 9.295016148265849987e-01 9.395373375049056452e-01 6.326097077110202083e-01 2.411819799675207210e-01 -1.107946850724755572e-01 -3.994432788932730238e-01 -6.824953572272024482e-01 -9.460079446264283431e-01 -5.760597950902978104e-01 -1.975696690204016281e-01 -4.780687703659552978e-01 -1.486813007589485869e-01 -3.751909596931563701e-02 1.468313531705478514e-01 6.573253496049855094e-02 2.947313795208074752e-02 -7.180232454713227075e-02 -2.935057425011715071e-01 -8.123344957657092635e-01 -3.785633878366197469e-01 5.333808593846187801e-02 1.209955229854179082e-01 3.964580561977459339e-01 4.971106497518518186e-01 5.614314405938353181e-01 6.051102831197702203e-01 6.382334698342828627e-01 6.725290060573075879e-01 7.316066989345252347e-01 8.885959953684527957e-01 8.096380164671903579e-01 7.618652482709686868e-01 -2.476468501575294079e-01 -1.894043002197434711e-01 -3.885156599350403916e-01 -6.381291278805721889e-01 2.425336452507222684e-01 6.498962698212886746e-01 8.759819382241269548e-01 9.515620627325146463e-01 7.781905358079140855e-01 4.465295454761685767e-01 -2.994296065301044751e-01 4.978145313340728850e-01 6.655198416265323269e-01 7.348344661520297416e-01 7.681687689512797235e-01 7.823266184914950960e-01 7.826073465537384255e-01 7.690514754398442010e-01 7.364492121405559200e-01 6.684333782761260334e-01 5.081090475371826676e-01 -1.101155526588022959e-01 2.353410831121055813e-01 6.011405069721862393e-01 7.227776640223906313e-01 7.789659853288742886e-01 8.073540675935271249e-01 8.202340708757976939e-01 8.220129351772165194e-01 8.132414376378515053e-01 7.908679104416546091e-01 7.450935875228567040e-01 6.450400859669284115e-01 3.430871581066773923e-01 -1.316722222706691592e-01 5.663502573670894380e-01 7.254810876546797793e-01 7.915227946544838300e-01 8.242280984858156856e-01 8.405296119565176527e-01 8.467372486447867219e-01 8.452539773373964893e-01 8.363622277606063138e-01 8.183978508140463681e-01 7.866950106034563683e-01 7.299104431333766074e-01 6.165638173988040593e-01 3.227730502984768601e-01 -6.417755317314447483e-01 3.604891274277576274e-01 5.672368065344515209e-01 6.422922367610893746e-01 6.659509126436485849e-01 6.561627887918105584e-01 6.098459045217702323e-01 4.986080997505895063e-01 2.020402230744128003e-01 -6.814498727467247496e-01 3.206866116136133371e-01 5.649077798166922681e-01 6.665716535809680376e-01 7.154758665975400334e-01 7.372934215973012684e-01 7.410319459168643874e-01 7.289948899968494711e-01 6.988806160298357550e-01 6.424308912376163194e-01 5.396254057362448453e-01 3.411493895545573141e-01 8.806817993340100570e-02 8.843037991113777974e-01 3.363134079969517520e-01
9.999994758928659744e-01 9.999995266809902361e-01 9.999995871440852113e-01 9.999996635670191925e-01 9.999997647764671260e-01 9.999999032333728444e-01 9.999999034677055088e-01 9.999996305912864925e-01 9.999992437284264124e-01 9.999986959784243901e-01 9.999979258017287487e-01 9.999968583674900824e-01 9.999954179555616829e-01 9.999935710065169792e-01 9.999914505188870484e-01 9.999896951424412928e-01 9.999903627218352797e-01 9.999994088502055511e-01 9.999666045698122341e-01 9.998638000928125047e-01 9.995951445911980260e-01 9.990560814722513339e-01 9.947906009775501213e-01 9.941523537436097735e-01 9.944415172804873526e-01 9.964472861570419226e-01 9.956325543942411427e-01 9.945697717395294291e-01 9.931908716649213709e-01 9.918009675845154138e-01 9.926662725644669338e-01 9.967146195776844797e-01 9.997245741306666211e-01 9.973084687313777952e-01 9.958060655832416952e-01 9.953871841218787653e-01 9.966213137570500979e-01 9.997052968747445201e-01 9.930690201752401247e-01 9.840311893172031255e-01 9.751124671755481144e-01 9.714274506096277628e-01 9.804175882918443330e-01 9.912676899341702486e-01 9.480258153039712310e-01 9.105119379316259920e-01 9.201335260447455200e-01 9.312547062321314684e-01 5.912247439964722906e-01 1.777009315056112815e-01 -1.762465201249934499e-01 -4.548267329083506283e-01 -7.184803037422877736e-01 -9.489040618418442818e-01 -6.149824210202459174e-01 -2.573136117259144928e-01 -5.433419574271156627e-01 -2.111580538712427846e-01 -1.033362532088721586e-01 5.101293231231460168e-02 -6.446798620203764109e-04 -3.758113523719249643e-02 -1.393722842370164194e-01 -3.575452943119100668e-01 -8.461291989040999884e-01 -4.239552760597620762e-01 -6.582489360661429936e-03 5.010470719376694873e-03 3.424257121400808845e-01 4.481193149150219379e-01 5.164092709592058572e-01 5.631267721124132430e-01 5.987539047700449757e-01 6.358743336254627510e-01 7.003733274400519848e-01 8.743865485797454040e-01 7.870068183508973636e-01 7.356960266604227749e-01 -3.131321489074227471e-01 -2.479638403694453819e-01 -4.339092476397025111e-01 -6.909073068807445317e-01 1.752730665108195030e-01 6.089014183939458480e-01 8.593869021388600427e-01 9.447763495460504979e-01 7.501580683816015949e-01 3.895558444941851772e-01 -3.463015987684136543e-01 4.485790925700101628e-01 6.280424780971047838e-01 7.035369156044731787e-01 7.401034039581658730e-01 7.556539357996882034e-01 7.558841576570826115e-01 7.408091346945763211e-01 7.047436473815973379e-01 6.300102508734528595e-01 4.563194738806124473e-01 -1.829807373753327415e-01 1.771415290350970284e-01 5.589419843549419120e-01 6.905549393413107362e-01 7.521542851826740206e-01 7.834537932186936837e-01 7.976645879646977466e-01 7.995596381107202832e-01 7.897171525264848890e-01 7.647659113673483944e-01 7.139747214250563578e-01 6.039459031653863219e-01 2.796583234511367810e-01 -1.832849889406697741e-01 5.220023265948304791e-01 6.935389301052417022e-01 7.659697003399897897e-01 8.020949516786722855e-01 8.201395634020474112e-01 8.269739658603326715e-01 8.252266601103993571e-01 8.151968003121984330e-01 7.950339601138797230e-01 7.595857605703912885e-01 6.964285527160481992e-01 5.715725581570930691e-01 2.552413748433488561e-01 -6.459103813635951319e-01 3.064424951780516659e-01 5.222756064394267206e-01 6.022690967128463413e-01 6.273747932798687810e-01 6.161256569165308727e-01 5.650174118701004611e-01 4.437850526586764599e-01 1.278692089065390503e-01 -6.758749390219158659e-01 2.669619591684512239e-01 5.204317995955453080e-01 6.288882656697818430e-01 6.815522620748402094e-01 7.049202851087277288e-01 7.084120357311107785e-01 6.943488049921154870e-01 6.600260160614145333e-01 5.961382533038093179e-01 4.803978015282847625e-01 2.587907128873651041e-01 2.113641589658327991e-01 7.699880254309016125e-01 3.363131859249749445e-01
9.999994013275825822e-01 9.999994581653025572e-01 9.999995256835100266e-01 9.999996108747812862e-01 9.999997235604451973e-01 9.999998775854250788e-01 9.999999075343304344e-01 9.999996044172714260e-01 9.999991750684441572e-01 9.999985678646503562e-01 9.999977153609627134e-01 9.999965360652925961e-01 9.999949484842280967e-01 9.999929186606868470e-01 9.999905952566321421e-01 9.999886716280913523e-01 9.999893416457409367e-01 9.999988239918581323e-01 9.999660562235522798e-01 9.998622949524447190e-01 9.995979545552641232e-01 9.990684187929589344e-01 9.900575573431218412e-01 9.932876030889116192e-01 9.920642142057486401e-01 9.961945777424641157e-01 9.953108147377124348e-01 9.942040344212627057e-01 9.928602882983067479e-01 9.916921962422331482e-01 9.926494597523739527e-01 9.965282890859685772e-01 9.997004895970085236e-01 9.969989880639218427e-01 9.952877088424376684e-01 9.947965973271233331e-01 9.961752923802333903e-01 9.996853234097305974e-01 9.921925416236420103e-01 9.819834902577423419e-01 9.719039831823867992e-01 9.677216001896861153e-01 9.778399385573501856e-01 9.901148852659278354e-01 9.411728692645914274e-01 8.988077265234375446e-01 9.095473225913162096e-01 9.218056505324664363e-01 5.461417972562688794e-01 1.122198714853004792e-01 -2.407048885883076861e-01 -5.074441951138781715e-01 -7.515511919300473798e-01 -9.513761382813811229e-01 -6.507658756549392631e-01 -3.160884498797992825e-01 -6.114320634408382249e-01 -2.721461477162192555e-01 -1.690072653999459273e-01 -5.329992339713457428e-02 -6.754680687348313395e-02 -1.048994628116974026e-01 -2.064399735898395927e-01 -4.195089293998438551e-01 -8.769638987453092227e-01 -4.665620184245349855e-01 -6.609251772876301168e-02 -1.303230228416430436e-01 2.860458890761868322e-01 3.962424402870217133e-01 4.682649282285794023e-01 5.179226009252272389e-01 5.560208606516742202e-01 5.959895701736213081e-01 6.661023608958012154e-01 8.584719099430115907e-01 7.620547978854279592e-01 7.072628089296366660e-01 -3.771266422692539089e-01 -3.047330148098813529e-01 -4.766250568951487243e-01 -7.400913170246842254e-01 1.052899792195374218e-01 5.638850236036125896e-01 8.405747740894879971e-01 9.369895683019731081e-01 7.188116398525742357e-01 3.285954031687583488e-01 -3.905587219787731712e-01 3.963778564581499353e-01 5.872511440843308783e-01 6.690878169282621357e-01 7.090363238076192731e-01 7.260470459420554912e-01 7.261999235747953474e-01 7.094754839848803618e-01 6.696994175207393596e-01 5.878931914800347158e-01 4.006723221790018941e-01 -2.556403855461412133e-01 1.179140723121051976e-01 5.135466999202407123e-01 6.552067514496537903e-01 7.224613561656406668e-01 7.568479077641430131e-01 7.724702853235634326e-01 7.744670363903161103e-01 7.634374601746395372e-01 7.356699900428934624e-01 6.794648469547643899e-01 5.589124386694696023e-01 2.126206872047112784e-01 -2.329172228303588721e-01 4.746075398156487379e-01 6.584897019594875278e-01 7.376027563150577837e-01 7.773700643356161732e-01 7.972792341826493434e-01 8.047715357000410075e-01 8.027083389009528336e-01 7.914029243970875926e-01 7.688033452333135065e-01 7.292405761163770483e-01 6.591715759958507448e-01 5.221334237224335428e-01 1.834703296432299291e-01 -6.497514700656806808e-01 2.505496260886083126e-01 4.740722071517214364e-01 5.587166265078342686e-01 5.851161946919810619e-01 5.721897069939356761e-01 5.159675928107861909e-01 3.844236293828474649e-01 4.999222604885304733e-02 -6.709938657609840762e-01 2.119988926893369985e-01 4.729136483833725757e-01 5.878037161863031157e-01 6.441337169603437163e-01 6.689439740712113114e-01 6.719771160548899669e-01 6.555170174552774620e-01 6.163848773633181510e-01 5.441095768390012966e-01 4.139529296529148583e-01 1.670898596542764181e-01 3.453538362429568465e-01 6.707885304443702568e-01 3.363129900544712392e-01
4.926678276973310013e-12 9.999993790994714526e-01 9.999994543574560746e-01 9.999995491263595770e-01 9.999996743104273556e-01 9.999998452563616524e-01 9.999999164430484200e-01 9.999995805595118803e-01 9.999991052628437460e-01 9.999984339181501314e-01 9.999974928809688413e-01 9.999961937845762705e-01 9.999944493968110359e-01 9.999922258967572919e-01 9.999896887971779780e-01 9.999875871050897258e-01 9.999882458365010329e-01 9.999981146577699986e-01 9.999658344765427476e-01 9.998617084305556624e-01 9.996026640034856303e-01 9.990850033573602795e-01 9.983421532067358051e-01 9.975515134448298404e-01 9.967775406875221123e-01 9.959560050579778778e-01 9.950027049449728933e-01 9.938588980676503759e-01 9.925641935642162128e-01 9.916050671307014008e-01 9.926451114826778666e-01 9.963673520414750850e-01 9.996776807926833763e-01 9.966736823030802883e-01 9.947259190985722199e-01 9.941461601223914313e-01 9.956777022291022350e-01 9.996700319899285425e-01 9.912256304452476963e-01 9.797100466917120221e-01 9.683305911683928180e-01 9.635821219551881089e-01 9.749453364532725264e-01 9.888219755396272515e-01 9.334615701660525788e-01 8.856458672810227917e-01 8.975963997836188257e-01 9.110161978979056663e-01 4.972493357066093411e-01 4.518900352778752044e-02 -3.036916584054255575e-01 -5.571165897385076393e-01 -7.818314388452485275e-01 -9.534568847776135891e-01 -6.834551531795794999e-01 -3.742919730309148818e-01 -6.850064281824295165e-01 -3.312165141277588765e-01 -2.342350611529331050e-01 -1.651809640305140214e-01 -1.344548202403698656e-01 -1.719477823943294792e-01 -2.724848042809003834e-01 -4.790248309224424128e-01 -9.049862832248942723e-01 -5.063330495229146910e-01 -1.247308788965273418e-01 -2.887449202796653069e-01 2.276313270727461369e-01 3.416619143243938006e-01 4.170812792144486525e-01 4.695106151637593594e-01 5.099946827242807235e-01 5.527856448486231367e-01 6.286393036278717927e-01 8.406792930792010843e-01 7.346328294926769420e-01 6.764852772624642130e-01 -4.393016035589429880e-01 -3.594167099589505310e-01 -5.166416200559315053e-01 -7.855809281861064752e-01 3.304100147193704540e-02 5.146464050322744344e-01 8.192518405392050784e-01 9.280382436035083948e-01 6.838189186512898532e-01 2.637446096060440670e-01 -4.321020859002772663e-01 3.413804416559863553e-01 5.430505437081238895e-01 6.313001092300446482e-01 6.747451572849136880e-01 6.932680747875465954e-01 6.933094057446712588e-01 6.748043170991893103e-01 6.310832378760845573e-01 5.419063404860055000e-01 3.412118697168098902e-01 -3.275139766520260287e-01 5.810214901046402425e-02 4.649746386429892686e-01 6.165756591417558274e-01 6.896702870324247225e-01 7.272972455046843310e-01 7.444009935867460515e-01 7.464763893514044790e-01 7.341349831647088209e-01 7.033061979583457024e-01 6.412984649255796255e-01 5.097558034771787483e-01 1.422381204988643344e-01 -2.803291944055021911e-01 4.242502608934031194e-01 6.201744304154708232e-01 7.061926963875301277e-01 7.498015843896209676e-01 7.716866264318784641e-01 7.798593980134229664e-01 7.774177529245110962e-01 7.646852467488924887e-01 7.393935858666613736e-01 6.953311540782731726e-01 6.178137038668023440e-01 4.680106900628367428e-01 1.076877069454709734e-01 -6.533593129227313057e-01 1.931619057423632491e-01 4.226787842148286289e-01 5.115342638771277484e-01 5.390034926865476805e-01 5.241558516208143503e-01 4.625154157727166537e-01 3.204655199050799319e-01 -3.121361212869910862e-02 -6.667199355609922939e-01 1.562013780501069482e-01 4.224448157215532351e-01 5.432068306695887472e-01 6.029959478968310860e-01 6.290643930655096527e-01 6.313618297641556687e-01 6.120646036936895351e-01 5.674377747596384136e-01 4.857188537936271144e-01 3.395488123534015634e-01 6.530841572170413556e-02 4.899485264445457844e-01 5.576981956735896917e-01 3.363128172940284544e-01
9.999992168028635220e-01 9.999992877139851633e-01 9.999993714284598489e-01 9.999994766094060239e-01 9.999996153345904748e-01 9.999998045719675765e-01 9.999999318532410975e-01 9.999995606687493988e-01 9.999990359702878306e-01 9.999982958449900039e-01 9.999972601980762210e-01 9.999958336466019393e-01 9.999939233521405457e-01 9.999914962423426257e-01 9.999887357462934334e-01 9.999864466205377056e-01 9.999870774232902937e-01 9.999972709768989443e-01 9.999659733123617000e-01 9.998620827001716282e-01 9.996092706664624350e-01 9.991056580752987193e-01 9.983551848590945799e-01 9.975061744485157478e-01 9.966460118812555669e-01 9.957389472602711233e-01 9.947164879199100751e-01 9.935422283587358461e-01 9.923057881338456232e-01 9.915368510024012982e-01 9.926489704542384995e-01 9.962325845878152730e-01 9.996570677408724848e-01 9.963388673769056902e-01 9.941256076793184571e-01 9.934368270299345216e-01 9.951260924513317674e-01 9.996626372747146050e-01 9.901678012648780225e-01 9.772017719799298563e-01 9.643712561340022082e-01 9.589776253595184707e-01 9.717041097972217711e-01 9.873776441684382066e-01 9.248035165271383251e-01 8.708723757703389357e-01 8.841208819449283274e-01 8.986834868835561485e-01 4.444815586992631462e-01 -2.289430524485028956e-02 -3.647725856121898924e-01 -6.037291826132858974e-01 -8.094669686443460854e-01 -9.551722646065661237e-01 -7.131229873320709123e-01 -4.325610521971873235e-01 -7.677980428450584816e-01 -3.879876950428275961e-01 -2.989060681049393042e-01 -2.824756557660677014e-01 -2.008532659443289237e-01 -2.381990985945118822e-01 -3.370160069336596287e-01 -5.357851045242895127e-01 -9.303579039928282501e-01 -5.432661965895606571e-01 -1.820620555568353838e-01 -4.743467598331961299e-01 1.675497068413631385e-01 2.846240067398982942e-01 3.630030829491301403e-01 4.179599412932010760e-01 4.606855854801515937e-01 5.062150606375801498e-01 5.878548104194318835e-01 8.208285438945599477e-01 7.046029688501002086e-01 6.432977470239521489e-01 -4.994001849840087326e-01 -4.117843414608612918e-01 -5.539878296640768918e-01 -8.273288849384088373e-01 -4.093404183266752261e-02 4.610249291223861290e-01 7.950869135296325663e-01 9.177271218161451305e-01 6.448293108423976960e-01 1.951774678960595533e-01 -4.708859678786783132e-01 2.838205796203602249e-01 4.953867098729700102e-01 5.900065027479566293e-01 6.370153542338807817e-01 6.570812332553207513e-01 6.569680879298148701e-01 6.365531010507555765e-01 5.886747747175845591e-01 4.919078221763442671e-01 2.780547160759300751e-01 -3.980413050049055879e-01 -1.834523129558187542e-03 4.133016416008210014e-01 5.745301404212460605e-01 6.535707023129693205e-01 6.945587071160782555e-01 7.131971789935963590e-01 7.153173058903327108e-01 7.015311615135034762e-01 6.673937990723253222e-01 5.992157651539801178e-01 4.563295900166234320e-01 6.886038579474197674e-02 -3.253385612222001178e-01 3.710741851133125824e-01 5.784592063400938455e-01 6.715117171530541329e-01 7.191267726457958309e-01 7.430821623166984358e-01 7.519455993488350920e-01 7.490501509767660826e-01 7.347242959390429817e-01 7.064696108262742413e-01 6.575122714239531874e-01 5.720279962376983995e-01 4.090072317106286937e-01 2.822376289485222303e-02 -6.567928706613123113e-01 1.346690017052961930e-01 3.682059456332431591e-01 4.606650916744671198e-01 4.888986246378567713e-01 4.718573550715843834e-01 4.045225548867665277e-01 2.519224998929269765e-01 -1.152816690493313478e-01 -6.629790145752106900e-01 9.999947909505590982e-02 3.691786785833088835e-01 4.950278987603921044e-01 5.579339724073695272e-01 5.849833121733899466e-01 5.861890018733295626e-01 5.635335986600417124e-01 5.126332325147817670e-01 4.203041528649148484e-01 2.564236385506411531e-01 -4.721385039310163623e-02 6.446725695946049495e-01 5.460544187329626764e-01 3.363126649169611015e-01
9.999991029979280466e-01 9.999991819123204007e-01 9.999992748248258678e-01 9.999993912647867633e-01 9.999995445751529433e-01 9.999997534644358144e-01 9.999999558570067393e-01 9.999995468834717016e-01 9.999989694146882435e-01 9.999981560255727375e-01 9.999970199751506694e-01 9.999954588063942884e-01 9.999933743106154127e-01 9.999907348373030525e-01 9.999877426052480311e-01 9.999852572312980525e-01 9.999858404219128527e-01 9.999962854156491110e-01 9.999664999191575365e-01 9.998634417371000671e-01 9.996177406545988520e-01 9.991301409398922750e-01 9.983802829450123539e-01 9.974843340619099497e-01 9.965429895247429615e-01 9.955506414370537405e-01 9.944602686198084074e-01 9.932610122635110450e-01 9.920867825972395915e-01 9.914852638400857288e-01 9.926578601279659742e-01 9.961225086642016002e-01 9.996394666203063384e-01 9.960023599110144898e-01 9.934947010609904705e-01 9.926723035461180178e-01 9.945192128125306397e-01 9.996675022075718342e-01 9.890222503733192561e-01 9.744552348357150562e-01 9.600110461250924709e-01 9.538808560694745919e-01 9.680865334283819124e-01 9.857718615510406845e-01 9.151074471210998151e-01 8.543257229503514738e-01 8.689475148098444457e-01 8.845701486664561131e-01 3.878272351204748447e-01 -9.150072071775815219e-02 -4.235689532918168743e-01 -6.472279702254533085e-01 -8.346202446172680256e-01 -9.565412253598070125e-01 -7.398622450158397479e-01 -4.914630053009109156e-01 -8.641852300890041638e-01 -4.421300907549602366e-01 -3.632559236154795923e-01 -4.014117616984509418e-01 -2.662489386188601759e-01 -3.031495549266390865e-01 -3.995862405203346457e-01 -5.895490494932782433e-01 -9.532484128116263111e-01 -5.774012027378048195e-01 -2.376884540550989466e-01 -6.912937848977511734e-01 1.062152848082143081e-01 2.254384087027871686e-01 3.062404745518821914e-01 3.634020528631722868e-01 4.081612207434828221e-01 4.562803650803194944e-01 5.436530127009892022e-01 7.987356193905463808e-01 6.718438460490581132e-01 6.076497775041402871e-01 -5.572447572224336065e-01 -4.616736487413237722e-01 -5.887371302295950626e-01 -8.653323808599631128e-01 -1.160201684699982833e-01 4.029147642588225553e-01 7.677073215882195267e-01 9.058213223730836594e-01 6.014768775036369863e-01 1.231502131691272761e-01 -5.069127374691428933e-01 2.239953569259482136e-01 4.442553701048360670e-01 5.450677182675398580e-01 5.956472180191956234e-01 6.172590780666419308e-01 6.169383649198437736e-01 5.944898997179295375e-01 5.422752119805505089e-01 4.378003634983925751e-01 2.113968677870722568e-01 -4.666982955135476896e-01 -6.143449972449149810e-02 3.586647735312347707e-01 5.289729485187438796e-01 6.139653801982911663e-01 6.583901363607418400e-01 6.785937536454208496e-01 6.807111947180223277e-01 6.653400986446983412e-01 6.276504997971718014e-01 5.529706588081678698e-01 3.985364999752992188e-01 -7.078243490310756093e-03 -3.678205240412972254e-01 3.152849822101257415e-01 5.332433776146967563e-01 6.333392897203431460e-01 6.850754090019762765e-01 7.111704981232703782e-01 7.207177204011692151e-01 7.172779176231668385e-01 7.011773977395204804e-01 6.696756843117868119e-01 6.154261006537001810e-01 5.214950714890433936e-01 3.449791437723058185e-01 -5.448456457526344027e-02 -6.601106258738423938e-01 7.548730651295504357e-02 3.108264203654371172e-01 4.061045106086917933e-01 4.347070813754160823e-01 4.151707127606888981e-01 3.419054245818071158e-01 1.788876715480710311e-01 -2.016622577507979630e-01 -6.597079031396015925e-01 4.383649304711158962e-02 3.133337842307371002e-01 4.432483369112270033e-01 5.087721061759473695e-01 5.364131565480355635e-01 5.360773063918745640e-01 5.094503628319889676e-01 4.513964940206521281e-01 3.471818436901547567e-01 1.638272366487070197e-01 -1.709748365199276199e-01 8.087947172673300988e-01 4.362450090496161614e-01 3.363125305183049529e-01
2.542966173733275311e-11 9.999990592040790549e-01 9.999991620713710727e-01 9.999992906137117332e-01 9.999994595305233824e-01 9.999996893877249882e-01 9.999999910726227181e-01 9.999995419347588177e-01 9.999989085042391146e-01 9.999980176505912643e-01 9.999967758563250708e-01 9.999950736252463113e-01 9.999928077171634788e-01 9.999899486097857393e-01 9.999867179145053298e-01 9.999840281121159524e-01 9.999845409310625932e-01 9.999951534771628348e-01 9.999674330815108148e-01 9.998657895986305943e-01 9.996280064577960367e-01 9.991581467332444344e-01 9.969669547003457977e-01 9.974864856208719432e-01 9.964723789582428104e-01 9.953976235362045344e-01 9.908341522852249783e-01 9.930209502212310468e-01 9.919076048282151614e-01 9.914484276590919132e-01 9.926694216871270182e-01 9.960340218418773928e-01 9.996254694417723297e-01 9.956726388387494575e-01 9.928438770203413810e-01 9.918592886622170646e-01 9.938572506512104443e-01 9.996903511322604574e-01 9.877967311612434465e-01 9.714741315112395137e-01 9.552428070774464652e-01 9.482698680006619307e-01 9.640628825357334675e-01 9.839965645592247956e-01 9.042800184335778590e-01 8.358379525943089305e-01 8.518893623874720378e-01 8.683974442226291002e-01 3.273371992312376078e-01 -1.600873832344766878e-01 -4.797665485714117661e-01 -6.876145707927411310e-01 -8.574652898720878103e-01 -9.575751227417507172e-01 -7.637798043279111493e-01 -5.509504586762324907e-01 -9.781400923144615289e-01 -4.933650760298002313e-01 -4.281928027269172876e-01 -5.165975457301866802e-01 -3.301903664323910248e-01 -3.663330151446191341e-01 -4.598025071316133028e-01 -6.401432558190931488e-01 -9.738307238679311251e-01 -6.088126968527712846e-01 -2.912608802225267746e-01 -9.428312179457778441e-01 4.407737611829033036e-02 1.644742418268155815e-01 2.470699759554642605e-01 3.060350510596075990e-01 3.525531043217461358e-01 4.030421684682353733e-01 4.959803757925007051e-01 7.742176326900207517e-01 6.362564885257577796e-01 5.695055529479410295e-01 -6.127415702214884519e-01 -5.089921641243839723e-01 -6.210014842133178004e-01 -8.996237597380791762e-01 -1.915386927402958073e-01 3.402816189175092987e-01 7.366948850775036917e-01 8.920359925385183963e-01 5.533844247418857609e-01 4.800288029617258423e-02 -5.402268557954960082e-01 1.622613454186420390e-01 3.897097787830853255e-01 4.963815155104415733e-01 5.504641604223695639e-01 5.735901384074461040e-01 5.729971699756145620e-01 5.484017831232472773e-01 4.917172106915769780e-01 3.795425412130070675e-01 1.415184951417973458e-01 -5.330103052829102683e-01 -1.202493749801088613e-01 3.012657319805830958e-01 4.798498943030625186e-01 5.706780552300948495e-01 6.185565144710346575e-01 6.403251985829312432e-01 6.423760487483800574e-01 6.252738448009899086e-01 5.837993023602412457e-01 5.023405389920591047e-01 3.363407103203158721e-01 -8.506420823229705885e-02 -4.077057860758708796e-01 2.571503686470187344e-01 4.844681613017884358e-01 5.914692236769060196e-01 6.473744611131314608e-01 6.756434696481041779e-01 6.858448526912583887e-01 6.817522692003478157e-01 6.636808111964733747e-01 6.286389282288964431e-01 5.687085645608377371e-01 4.659143598558665444e-01 2.758521938558077258e-01 -1.398931601585621243e-01 -6.633717819442740415e-01 1.604639444539116694e-02 2.507763420237613117e-01 3.479083333163484060e-01 3.763883406127626063e-01 3.540273408609100336e-01 2.746477099672403610e-01 1.015453987299596711e-01 -2.897333207778425845e-01 -6.568530235940434059e-01 -1.184474831149388840e-02 2.551947045435873918e-01 3.879103668559097384e-01 4.553756345494185398e-01 4.830884518580381148e-01 4.806524314391250052e-01 4.493376226110783467e-01 3.831450976360232241e-01 2.656721251036988085e-01 6.107447711534653989e-02 -3.061888000570723856e-01 9.828123123642005243e-01 4.136966254804368970e-01 3.363124119768570175e-01
6.605145535844177467e-11 9.999989166220981662e-01 9.999990302040601131e-01 9.999991716685321386e-01 9.999993571607161957e-01 9.999996092159633143e-01 9.999999592448612917e-01 9.999995492678399600e-01 9.999988569658496695e-01 9.999978848694741629e-01 9.999965326282882483e-01 9.999946838391550186e-01 9.999922306629226432e-01 9.999891464065298052e-01 9.999856723240131418e-01 9.999827705729597005e-01 9.999831872470672511e-01 9.999938743109539896e-01 9.999687818664022565e-01 9.998691092897903365e-01 9.996399658832928470e-01 9.991893103565172574e-01 9.869063733542726702e-01 9.975120882535563061e-01 9.964366789168018768e-01 9.952851859877835938e-01 9.823599304519454734e-01 9.928262075933156350e-01 9.917676811961563255e-01 9.914248099657160251e-01 9.926818927063110198e-01 9.959631248883606958e-01 9.996153651839929655e-01 9.953576253274071250e-01 9.921855560564527554e-01 9.910071329572555099e-01 9.931417934547971393e-01 9.997384292199130718e-01 9.865040142615579821e-01 9.682699451383670608e-01 9.500676710481777976e-01 9.421278905035388451e-01 9.596025571210456961e-01 9.820461429164293321e-01 8.922253458552600325e-01 8.152346478666977481e-01 8.327446495805723714e-01 8.498369305723326717e-01 2.631294359454421361e-01 -2.281189980483298574e-01 -5.331220049837727126e-01 -7.249403279381640974e-01 -8.781838598469834389e-01 -9.582767347567995309e-01 -7.849941259042727548e-01 -6.099295760585410342e-01 -9.061398169838227323e-01 -5.414581718967771407e-01 -4.958414269147391473e-01 -6.218982662070269285e-01 -3.922889470468419182e-01 -4.273333111418328167e-01 -5.173338920620770276e-01 -6.874589440014673425e-01 -9.922771102826917211e-01 -6.376030245357946491e-01 -3.424876602309767093e-01 -8.169475413681356324e-01 -1.839413361835555080e-02 1.021529695529384968e-01 1.858326113582523809e-01 2.461255879626029486e-01 2.940612926370353986e-01 3.466261426579773652e-01 4.448347334136347198e-01 7.470996166438241826e-01 5.977702749346417432e-01 5.288417709076895790e-01 -6.658830810660508748e-01 -5.537169445798552081e-01 -6.509255873503460021e-01 -9.302609667106050972e-01 -2.667614015247319892e-01 2.731812254889139369e-01 7.015821290986464787e-01 8.760224779343782631e-01 5.001689222838965332e-01 -2.984269633734161487e-02 -5.709084615394878215e-01 9.902748599562426202e-02 3.318674214976397585e-01 4.438922172162950153e-01 5.013221055780963109e-01 5.258879461490013618e-01 5.249451150497088658e-01 4.981047623288992199e-01 4.368761543188381946e-01 3.171602033669764231e-01 6.878570724751295606e-02 -5.965621608763753692e-01 -1.778578083053485026e-01 2.413717351428157909e-01 4.271586552598617414e-01 5.235623452627988783e-01 5.748375947062188684e-01 5.981322094563042979e-01 6.000328159357397606e-01 5.810493853611305992e-01 5.355772178961174523e-01 4.471378351400302487e-01 2.697805123065427080e-01 -1.645137357856084614e-01 -4.449767969095738129e-01 1.969972044740588568e-01 4.321252797363108744e-01 5.457180076433848503e-01 6.057542400350123257e-01 6.361844786142366592e-01 6.469809819870834255e-01 6.421064214326256403e-01 6.218535409591252616e-01 5.829748978743879428e-01 5.169982830429910026e-01 4.050183380814493805e-01 2.016398378981193451e-01 -2.273543076060314250e-01 -6.666376089270925620e-01 -4.322572125966658158e-02 1.883536694616004536e-01 2.861997240467055725e-01 3.139663104826977968e-01 2.884256953082157127e-01 2.028128749524180929e-01 2.017916392307203891e-02 -3.788148788426469182e-01 -6.543693780750269307e-01 -6.661548138180935219e-02 1.951101231042954298e-01 3.291262812902722157e-01 3.976642395783409611e-01 4.247806175433153641e-01 4.195631489622789201e-01 3.827335825614415210e-01 3.073152619845191391e-01 1.751427633585294075e-01 -5.236818018433440219e-02 -4.526602087656767526e-01 8.493194673837209940e-01 3.903466184797875771e-01 3.363123074216754493e-01
9.999986428185159149e-01 9.999987506186155395e-01 9.999988756635452836e-01 9.999990308222799218e-01 9.999992337714511681e-01 9.999995091205006181e-01 9.999998910721760170e-01 9.999995731833151158e-01 9.999988194964941624e-01 9.999977629504152032e-01 9.999962963840133279e-01 9.999942967146583372e-01 9.999916520118209418e-01 9.999883390581614240e-01 9.999846185666934062e-01 9.999814979595098574e-01 9.999817898597194166e-01 9.999924511529290072e-01 9.999705447336897368e-01 9.998733623442972451e-01 9.996534821801260629e-01 9.992232119186368333e-01 9.863546073457065688e-01 9.975596400372797046e-01 9.964367533684014289e-01 9.952169292021939562e-01 9.939387457680513016e-01 9.926793322627515126e-01 9.916657208252771527e-01 9.914131509749537496e-01 9.926939251778290618e-01 9.959055436239667713e-01 9.996091214641056322e-01 9.950633605626114653e-01 9.915321295347313546e-01 9.901266809134824376e-01 9.923753321959085660e-01 9.998205672921669507e-01 9.851615454664159888e-01 9.648610006808832074e-01 9.444932747161560727e-01 9.354407240638524801e-01 9.546715413371534842e-01 9.799174083983617223e-01 8.788418705194297464e-01 7.923321037952066881e-01 8.112935566605854465e-01 8.285004905606843106e-01 1.953907178390301980e-01 -2.950908267534002039e-01 -5.834669095319858778e-01 -7.593003551724041289e-01 -8.969629123362053980e-01 -9.586387616417686441e-01 -8.036419487244678139e-01 -6.664005183167113211e-01 -9.113895199823229820e-01 -5.862096017856089913e-01 -5.698875666178219168e-01 -7.122413809899540427e-01 -4.522449103204006504e-01 -4.857935829091147295e-01 -5.719159593446578871e-01 -7.314471157819493197e-01 -9.913197985139453605e-01 -6.638952521702532472e-01 -3.911449753078382052e-01 -7.029071394894157443e-01 -8.072628477252624668e-02 3.893842677440846611e-02 1.229289025106132943e-01 1.840079652610591143e-01 2.329567281020437364e-01 2.872283919506349315e-01 3.902740432033879880e-01 7.172225709061063048e-01 5.563485795632193698e-01 4.856438614605849691e-01 -7.167483987048482996e-01 -5.958933457203731132e-01 -6.786817400215596763e-01 -9.573181771065751855e-01 -3.409264680500427858e-01 2.017791466147678403e-01 6.618491318425759884e-01 8.573495570458458115e-01 4.414483830249813501e-01 -1.098887206502219271e-01 -5.990669893176969740e-01 3.474486371959703557e-02 2.709149554572325980e-01 3.876003220693971518e-01 4.481198754716166355e-01 4.740014362894361399e-01 4.726171542557962568e-01 4.434552131593387791e-01 3.776824631602812565e-01 2.507574912559635272e-01 -6.351150489897692576e-03 -6.570044924028575206e-01 -2.338779499970185249e-01 1.793134430226950293e-01 3.709571060893491201e-01 4.725116520237708784e-01 5.270370592643385255e-01 5.517700701163900101e-01 5.534136224213220823e-01 5.323976147578972640e-01 4.827460628883333826e-01 3.872233486265903579e-01 1.989806379952584192e-01 -2.447853873482192244e-01 -4.796628171961875853e-01 1.352054082152614467e-01 3.762651223133537948e-01 4.959343843866979573e-01 5.599562780054213595e-01 5.924746952196811023e-01 6.037702375592001180e-01 5.979607569909349829e-01 5.753034241303784935e-01 5.322958737124803275e-01 4.599487798730819699e-01 3.385901721728353797e-01 1.224623931344535621e-01 -3.161243322163968528e-01 -6.699729573614026101e-01 -1.019176074610019939e-01 1.239134863444397022e-01 2.211744100971242133e-01 2.475392848409021795e-01 2.184433507713443856e-01 1.265560422778974070e-01 -6.482337650014860508e-02 -4.681864147968229362e-01 -6.522196998080578290e-01 -1.200735556958484607e-01 1.334880770989027299e-01 2.670869150013819859e-01 3.356273597690239696e-01 3.613171500718204143e-01 3.525044747088823538e-01 3.092219407119770058e-01 2.234054760048105326e-01 7.508128843245263917e-02 -1.767549886811134174e-01 -6.098939239594258765e-01 6.754988015030354287e-01 3.683048721344103216e-01 3.363122152025773137e-01
9.999984398729433455e-01 9.999985569327730639e-01 9.999986941602503343e-01 9.999988637098573552e-01 9.999990848699727986e-01 9.999993844191730208e-01 9.999997994596961925e-01 9.999996190026286813e-01 9.999988019344412393e-01 9.999976584526065748e-01 9.999960746859519745e-01 9.999939211845967346e-01 9.999910824793705189e-01 9.999875393620552000e-01 9.999835713146812965e-01 9.999802254127058143e-01 9.999803612886464244e-01 9.999908915091869632e-01 9.999727091990521233e-01 9.998784892687112569e-01 9.996683855544009623e-01 9.992593837014357439e-01 9.977450117935924290e-01 9.976268265442903571e-01 9.932513766592323545e-01 9.951944655156943487e-01 9.938619532604263673e-01 9.925813042372542139e-01 9.915999499760306257e-01 9.914123807371124641e-01 9.927044341077135847e-01 9.958571509414273493e-01 9.996064201875580757e-01 9.947929543348690284e-01 9.908937084169038290e-01 9.892282597905257546e-01 9.915601718694728728e-01 9.999471335794567484e-01 9.837899453431639962e-01 9.612691145778545776e-01 9.385284920054820512e-01 9.281903871941102890e-01 9.492273527803694044e-01 9.776086254570620637e-01 8.640145989298215756e-01 7.669293286742264737e-01 7.872911044147895554e-01 8.039287589813666202e-01 1.243742115220929367e-01 -3.605525869817005069e-01 -6.307104046749159032e-01 -7.908282497429466318e-01 -9.139935331314817946e-01 -9.586417889428261452e-01 -8.199080218107267504e-01 -7.181917967833424399e-01 -9.276590343966331087e-01 -6.275016905524510857e-01 -6.539870773180870289e-01 -7.853161881245369624e-01 -5.098867634177284280e-01 -5.414224639262701366e-01 -6.233519313931995542e-01 -7.721121615392513293e-01 -9.771055593695496810e-01 -6.878265419452433971e-01 -4.370973805867324757e-01 -7.103048689050922571e-01 -1.424646487610917722e-01 -2.467551660654199175e-02 5.881078032124754246e-02 1.200801236827255813e-01 1.695807738159397782e-01 2.251186035797583251e-01 3.324243210466717446e-01 6.844507514648570101e-01 5.119935031151712224e-01 4.399005023785315660e-01 -7.655022465731611270e-01 -6.356337687198141406e-01 -7.044657235640975346e-01 -9.808769395833931704e-01 -4.132549330385296149e-01 1.263712429760207034e-01 6.169215996588464090e-01 8.354775756319309243e-01 3.768503021914409445e-01 -1.915710403640447090e-01 -6.248351817064973224e-01 -3.010619506800717854e-02 2.071107720570205535e-01 3.275716980311416671e-01 3.908102860901390141e-01 4.178265983399364059e-01 4.158947010645343556e-01 3.843626586256990163e-01 3.141346417465239460e-01 1.805268000180567933e-01 -8.336292030908838691e-02 -7.140562493509835518e-01 -2.879775806796336379e-01 1.154796614004538341e-01 3.113705873601898544e-01 4.174697836272083240e-01 4.749932256239380313e-01 5.010189449809051565e-01 5.022721209731356717e-01 4.790745826291066267e-01 4.251055365127880403e-01 3.225212625785402465e-01 1.241636049350405419e-01 -3.251953243855913445e-01 -5.118343380756855687e-01 7.219874073513023183e-02 3.170038593073424837e-01 4.420100421303702620e-01 5.097431728718228028e-01 5.442015336719190355e-01 5.558545991233452277e-01 5.489306885461998631e-01 5.236362764326132346e-01 4.762227151380737378e-01 3.972447496913112386e-01 2.664851877448715101e-01 3.856682685388478776e-02 -4.053749006128423149e-01 -6.734479453223148893e-01 -1.596487290159443462e-01 5.786021312288781165e-02 1.531036860392663013e-01 1.772889067407427410e-01 1.442485264320287897e-01 4.613460501925634866e-02 -1.529687199293496280e-01 -5.571060493921605739e-01 -6.503736822830773479e-01 -1.718539894198873597e-01 7.078865522269921218e-02 2.020691439034264791e-01 2.693419376722629988e-01 2.926068964167220510e-01 2.792514323758829575e-01 2.284789334371457037e-01 1.310469885429093040e-01 -3.479268330882964722e-02 -3.119233801253356586e-01 -7.786876029633571505e-01 9.540547663111105248e-01 3.483719591514072289e-01 3.363121338640718272e-01
8.386842636260175557e-09 9.999983304182035182e-01 9.999984804998619525e-01 9.999986650298304802e-01 9.999989049819762998e-01 9.999992293875831217e-01 9.999996783371637443e-01 9.999996932663002269e-01 9.999988114569943187e-01 9.999975794146982455e-01 9.999958767292793649e-01 9.999935679601704708e-01 9.999905346555723051e-01 9.999867619711342304e-01 9.999825469043719384e-01 9.999789694683026697e-01 9.999789157193389455e-01 9.999892069947591278e-01 9.999752521707642172e-01 9.998844109914365452e-01 9.996844762581333921e-01 9.992973190758323021e-01 9.986469235316409732e-01 9.977107168506337276e-01 9.965392846273600780e-01 9.952173027803182803e-01 9.938362692042609359e-01 9.925316585944142789e-01 9.915682648555472767e-01 9.914215236210647264e-01 9.927124658662845880e-01 9.958141860652433008e-01 9.996067213498402992e-01 9.945460878911343006e-01 9.902759368312842314e-01 9.883190872906333357e-01 9.906967596710237745e-01 9.998701120517625718e-01 9.824102127462780443e-01 9.575133825102832841e-01 9.321738828085091022e-01 9.203440750941773718e-01 9.432107597929579867e-01 9.751171769920408128e-01 8.476005925722367440e-01 7.387921012298594992e-01 7.604536812146313052e-01 7.755784320996795822e-01 5.039367815968576192e-02 -4.241316299900794728e-01 -6.748412157831589209e-01 -8.196921963102486997e-01 -9.294714964439833027e-01 -9.582520765357265269e-01 -8.341124186400955542e-01 -7.637862485363247078e-01 -9.408691454976700896e-01 -6.669492019859394327e-01 -7.472794654277398196e-01 -8.418411035862688463e-01 -5.652468200443078183e-01 -5.939972241218011151e-01 -6.715110365342257248e-01 -8.095045839609001925e-01 -9.648254530297448728e-01 -7.095419760330547998e-01 -4.803619623506057978e-01 -7.332421283617694963e-01 -2.032038043349764511e-01 -8.817886185972723112e-02 -6.029249863910693397e-03 5.479649068129748002e-02 1.043416385371606081e-01 1.606404717471502652e-01 2.714861554986801040e-01 6.486725294975930201e-01 4.647489046158338466e-01 3.915965985807690064e-01 -8.123925964016747159e-01 -6.731174317207254676e-01 -7.284940024297380523e-01 -9.989829322270915579e-01 -4.829665749228879701e-01 4.740381020239100435e-02 5.661709865628865579e-01 8.097222124054418435e-01 3.060217191639298395e-01 -2.742720592732022511e-01 -6.483637654680342033e-01 -9.503099647632866354e-02 1.407846717810841419e-01 2.639457794352423337e-01 3.294115838703669530e-01 3.573191666923958842e-01 3.547190396788847955e-01 3.208036778751730544e-01 2.463126094680209710e-01 1.067569841350699544e-01 -1.616506913206139651e-01 -7.675035779147392212e-01 -3.398815166379627883e-01 5.030884072889354325e-02 2.485974990188962452e-01 3.584419476539463245e-01 4.185912636543360765e-01 4.456962579682626213e-01 4.463962391042943789e-01 4.208752978258588073e-01 3.625087381958786437e-01 2.530356167542472945e-01 4.565938814317769406e-02 -4.050341967639667362e-01 -5.415973417612057750e-01 8.432802113430917096e-03 2.545289108838214021e-01 3.838912292419085492e-01 4.549106581085087253e-01 4.910699639844077202e-01 5.028848288384460963e-01 4.946381339433487678e-01 4.664691244574032392e-01 4.144013491003934457e-01 3.286233313738290418e-01 1.886565539579010409e-01 -4.965349918822715286e-02 -4.942071931451060274e-01 -6.771397829093093179e-01 -2.160821045632828064e-01 -9.362857487228102085e-03 8.233495042657903995e-02 1.034877257922097032e-01 6.611057095533939831e-02 -3.808303849783892941e-02 -2.436595928421553259e-01 -6.448302399286159892e-01 -6.488070736460783694e-01 -2.216366405716434229e-01 7.514979982690783537e-03 1.344427068454006058e-01 1.989936408102738197e-01 2.186743300501922949e-01 1.997091250819035269e-01 1.403467981226464989e-01 3.011336636069268657e-02 -1.543777246241658241e-01 -4.573817780099302399e-01 -9.711541308202669143e-01 4.453324004227652289e-01 3.306912397229916922e-01 3.363120621223968931e-01
4.380883167394939552e-09 9.999980648132851258e-01 9.999982283519733839e-01 9.999984283099282445e-01 9.999986874128056202e-01 9.999990370157975095e-01 9.999995202672300465e-01 9.999998039797528548e-01 9.999988568181249482e-01 9.999975355705922331e-01 9.999957135133675790e-01 9.999932496239659629e-01 9.999900229736088386e-01 9.999860231881662065e-01 9.999815629279635854e-01 9.999777474859455895e-01 9.999774684008608805e-01 9.999874127414637437e-01 9.999781410719399410e-01 9.998910314509040775e-01 9.997015293993694041e-01 9.993364833977329553e-01 9.987182779841425884e-01 9.978079777409164519e-01 9.966355008207863353e-01 9.952829024046512263e-01 9.938602538101014572e-01 9.925286195833178393e-01 9.915682888329589995e-01 9.914395843652560325e-01 9.927170750321103743e-01 9.957733147817413588e-01 9.996093250398575547e-01 9.943191212070943141e-01 9.896784442807720072e-01 9.874006465957532175e-01 9.897816378349043598e-01 9.996181896049869398e-01 9.810398907314793471e-01 9.536013804069365385e-01 9.254080247942704229e-01 9.118384007883811870e-01 9.365339885817695054e-01 9.724355943061619989e-01 8.294061934786115531e-01 7.076269403589129370e-01 7.304367245656291363e-01 7.428098149577399001e-01 -2.618285389968236579e-02 -4.855521622267180981e-01 -7.159298729279250928e-01 -8.460931190936143986e-01 -9.435995756583375194e-01 -9.574209198624723527e-01 -8.469277545086623116e-01 -8.027019396082730740e-01 -9.516191951410752914e-01 -7.484426631142485631e-01 -8.394403205623262032e-01 -8.844314446351057013e-01 -6.187332845645509005e-01 -6.433643658778077645e-01 -7.163246021996905188e-01 -8.437134662197471879e-01 -9.542144273374132402e-01 -7.291887840159964052e-01 -5.213678515462031315e-01 -7.568914187348414480e-01 -2.626447111933801759e-01 -1.510599345434723850e-01 -7.107104706486552792e-02 -1.134204675475186837e-02 3.770764232393314375e-02 9.420904747862414441e-02 2.077391841985460064e-01 6.097827761519591938e-01 4.147007588112858745e-01 3.407051663064322167e-01 -8.577466331793929255e-01 -7.085923043022049894e-01 -7.510025989010742364e-01 -9.824970359618766524e-01 -5.492942206247319881e-01 -3.450813551745331165e-02 5.089176577595779793e-01 7.792028820416997403e-01 2.286409461882489558e-01 -3.573361030604439992e-01 -6.698169727354752467e-01 -1.595363941662175933e-01 7.233433826734016192e-02 1.969421822111529219e-01 2.640187766013732396e-01 2.925080528207634756e-01 2.891057828300195864e-01 2.528366120402396056e-01 1.743907759875977515e-01 2.983916165113924615e-02 -2.405580337873964858e-01 -8.171954764046510666e-01 -3.893760920945534276e-01 -1.572230929970921953e-02 1.829126487580392812e-01 2.955056836615329585e-01 3.577768178362704110e-01 3.856712989647426704e-01 3.856235999242059731e-01 3.576503702452294986e-01 2.948802381297177533e-01 1.788679418360062945e-01 -3.608720724613109082e-02 -4.835843122045562770e-01 -5.690878087759424497e-01 -5.561911707513440828e-02 1.891022310839439169e-01 3.215910474076389969e-01 3.953021893648313578e-01 4.328173670184383703e-01 4.445356285779906713e-01 4.347278092917493120e-01 4.034488577587881375e-01 3.465252365869518902e-01 2.539014780327848997e-01 1.051854848336628567e-01 -1.416399000832019583e-01 -5.816679241708236914e-01 -6.811346066627711471e-01 -2.709343845342224721e-01 -7.728583204807802642e-02 9.289884201941486092e-03 2.650514719910185626e-02 -1.559097561879693554e-02 -1.256111511675789272e-01 -3.362009243415867710e-01 -7.306329319359056162e-01 -6.475002110553662593e-01 -2.691500383276355102e-01 -5.579595103448559829e-02 6.467756464111225345e-02 1.249039013011838117e-01 1.397078475185447866e-01 1.139880158346341932e-01 4.494587366689432872e-02 -7.912669212988768241e-02 -2.830956565051548357e-01 -6.138213389082827209e-01 -8.032748168186026883e-01 4.077708799575346377e-01 3.151481482685543623e-01 3.363119988452612508e-01
1.430261354485781004e-07 9.999977524266780993e-01 9.999979299347122597e-01 9.999981455888671267e-01 9.999984239255965690e-01 9.999987986833200893e-01 9.999993161199122182e-01 9.999999609333474204e-01 9.999989486516530635e-01 9.999975386167299085e-01 9.999955980437600367e-01 9.999929807245073743e-01 9.999895636433276946e-01 9.999853406837192482e-01 9.999806377067400609e-01 9.999765769103972080e-01 9.999760347735714427e-01 9.999855262951270474e-01 9.999813358507049221e-01 9.998982414496822013e-01 9.997193015914052072e-01 9.993763268767636987e-01 9.987919897550172621e-01 9.979150814258246349e-01 9.967555637793532597e-01 9.953868832942615041e-01 9.939305779865096335e-01 9.925691975225404695e-01 9.915973321924039796e-01 9.914654078293256845e-01 9.927171985030541768e-01 9.957315839090954412e-01 9.996134099260447492e-01 9.941056216040309312e-01 9.890942495246385358e-01 9.864666291751610361e-01 9.888053737758418782e-01 9.992827941694751859e-01 9.796888768448400731e-01 9.495189362879077333e-01 9.181711681740160058e-01 9.025601804375168458e-01 9.290658524612628311e-01 9.695460048349546778e-01 8.091561987505978548e-01 6.730453184066047534e-01 6.968022976053983575e-01 7.048773794109075563e-01 -1.049339230634316056e-01 -5.446439197002573840e-01 -7.541307486343367117e-01 -8.702651966585142063e-01 -9.565912325290832907e-01 -9.560918796357690264e-01 -8.597836672257366253e-01 -8.353307960224397588e-01 -9.605089744732533408e-01 -8.577049238927534347e-01 -9.104254556703738066e-01 -9.162239951529733695e-01 -6.715593089722330378e-01 -6.894386258203359930e-01 -7.577806031366899342e-01 -8.748592594498247887e-01 -9.450468821706404787e-01 -7.469107968398190911e-01 -5.623055776150330809e-01 -7.793404123455701660e-01 -3.207549590462638323e-01 -2.128192127312991677e-01 -1.357809674044088422e-01 -7.780046719266814348e-02 -2.980243436726261533e-02 2.630488139789344954e-02 1.415439267560203440e-01 5.676288822152361080e-01 3.619736767343159078e-01 2.871789118672991026e-01 -9.019639616398117399e-01 -7.423803309516985305e-01 -7.722481039823827498e-01 -9.696249477312977039e-01 -6.114960860223297434e-01 -1.185669055498379532e-01 4.444379928604929031e-01 7.427680810660881594e-01 1.444310397043809813e-01 -4.400860612701905095e-01 -6.893689993251982395e-01 -2.231466774208172299e-01 2.218587365081172488e-03 1.268652290957577589e-01 1.948143874737766346e-01 2.235091649478535558e-01 2.191600591178454738e-01 1.806166626154210308e-01 9.865028198312497665e-02 -4.973038675558411753e-02 -3.193855805128070213e-01 -8.630368127032528314e-01 -4.363107687940150914e-01 -8.211244546768099728e-02 1.146679229213339868e-01 2.288212696499533627e-01 2.925708763171873117e-01 3.208821770952218766e-01 3.198598900583649596e-01 2.893257639000455517e-01 2.222367642097188567e-01 1.002356722251514787e-01 -1.205119371568453696e-01 -5.601356509063052380e-01 -5.944667705296335924e-01 -1.194814181693188704e-01 1.210610311346705936e-01 2.552021796501561801e-01 3.308264082646784621e-01 3.692328370651293268e-01 3.805263270682734400e-01 3.688899117351281953e-01 3.342780036763727258e-01 2.723654514593821241e-01 1.730106111037152949e-01 1.631607432938829427e-02 -2.366511843818737415e-01 -6.667662351036877100e-01 -6.855290061406132951e-01 -3.239824326292676804e-01 -1.454248835923561967e-01 -6.553908284987361443e-02 -5.318808992682354242e-02 -1.003589737657710201e-01 -2.158432046880216781e-01 -4.298098406330855270e-01 -8.138238475055082910e-01 -6.464351263129852754e-01 -3.141700794460512980e-01 -1.185798672623560174e-01 -6.645341380488221580e-03 4.756738220237140963e-02 5.613028870115881197e-02 2.251626901967553745e-02 -5.716821620504008300e-02 -1.958688050155514837e-01 -4.203631982128676614e-01 -7.931602222016255199e-01 -9.268674480699240492e-01 3.730292911855405125e-01 3.015401093970747071e-01 3.363119430339596705e-01
2.759277124187237695e-01 9.999973836948288231e-01 9.999975755720116322e-01 9.999978069709829498e-01 9.999981042922257979e-01 9.999985037073614302e-01 9.999990546221905197e-01 9.999998238571840004e-01 9.999990998865702085e-01 9.999976025778135602e-01 9.999955456116196295e-01 9.999927779191989385e-01 9.999891745967961487e-01 9.999847331844535780e-01 9.999797896872079095e-01 9.999754743857840467e-01 9.999746293051200441e-01 9.999835659291818057e-01 9.999847919795324946e-01 9.999059239085643647e-01 9.997375395555485600e-01 9.994162994185865623e-01 9.988665627692795423e-01 9.980284898228181101e-01 9.968939366406549540e-01 9.955233327522245990e-01 9.940421794432018343e-01 9.926492240227335895e-01 9.916522608124260785e-01 9.914975040152385066e-01 9.927115161239721264e-01 9.956863136332105846e-01 9.996180385995432349e-01 9.938970242465808846e-01 9.885100287495585114e-01 9.855018039892244897e-01 9.877508138920558789e-01 9.988479645805341534e-01 9.783557688779600525e-01 9.452202057962795223e-01 9.103486375927010155e-01 8.923261809544429379e-01 9.206149975645187000e-01 9.664134488723251648e-01 7.864579683275133570e-01 6.345231867311280638e-01 6.589785080821762842e-01 6.609280610859241678e-01 -1.853713194817124266e-01 -6.013283316044784055e-01 -7.896799002448043892e-01 -8.924776260193718613e-01 -9.686732533226216635e-01 -9.542362573885229127e-01 -8.750137311635886039e-01 -8.625315836876733533e-01 -9.679881141481897489e-01 -9.383780455456025571e-01 -9.503920381289615582e-01 -9.400387688387805696e-01 -7.267392253806451707e-01 -7.322020536248464717e-01 -7.959174586069840407e-01 -9.030874143842757551e-01 -9.371279169543205168e-01 -7.628428233051947061e-01 -6.143040357774167681e-01 -8.000626127288301692e-01 -3.784394796226816515e-01 -2.729812875897322799e-01 -1.996260892208458482e-01 -1.440233862584069657e-01 -9.763138370026895607e-02 -4.253494105425799365e-02 7.334038556810433540e-02 5.219115826428843974e-01 3.067222678262616631e-01 2.309427288615327201e-01 -9.455051073279348017e-01 -7.748867106207242283e-01 -7.925115632567527602e-01 -9.600653328815905718e-01 -6.688666935503013722e-01 -2.037869116609880848e-01 3.719752930773113087e-01 6.988857808830365448e-01 5.317522230376090647e-02 -5.218399641249000798e-01 -7.072013961117380454e-01 -2.854183212638038980e-01 -6.905226539552174192e-02 5.410606426694007653e-02 1.220782144458227580e-01 1.505392558740653031e-01 1.450920831912984044e-01 1.044109452256413578e-01 1.948985156921804324e-02 -1.313504920469105997e-01 -3.974068288866920429e-01 -9.049793940020968153e-01 -4.805971054096350725e-01 -1.483505091900303441e-01 4.429009470606077442e-02 1.586411780735160482e-01 2.230857115460543605e-01 2.513552353213485691e-01 2.491004582629449404e-01 2.159259290062220948e-01 1.447105197862568193e-01 1.749091311963549625e-02 -2.069294899064994531e-01 -6.339993812384272509e-01 -6.179160721187761940e-01 -1.826916756603786940e-01 5.081586467116972622e-02 1.849099049892912461e-01 2.614779782611950654e-01 3.001821011009858653e-01 3.106487789203634664e-01 2.968911904341738905e-01 2.587497171781648619e-01 1.918102421063359320e-01 8.603968121222711762e-02 -7.750554592390242192e-02 -3.337495033714441561e-01 -7.484910487684172109e-01 -6.904305463633555462e-01 -3.750653199331963616e-01 -2.132932554928468616e-01 -1.415926760293140241e-01 -1.350163594577074577e-01 -1.875731060267265826e-01 -3.080520297805453556e-01 -5.236303519043117305e-01 -8.937673336952048908e-01 -6.455894560435118112e-01 -3.565113707437269630e-01 -1.802447695750126200e-01 -7.881431862407679845e-02 -3.229204724920380076e-02 -3.129704895609440596e-02 -7.380388594618883524e-02 -1.648455006574340853e-01 -3.189877670879960325e-01 -5.693928074518382898e-01 -9.005524370639540477e-01 -4.782484224435107345e-01 3.412306024868440035e-01 2.896463193240720324e-01 3.363118938076213871e-01
4.289762800596605796e-07 9.999969465418139247e-01 9.999971530533199315e-01 9.999973999823559279e-01 9.999977156442286796e-01 9.999981386895343549e-01 9.999987217055829047e-01 9.999995355100281813e-01 9.999993263571166358e-01 9.999977443561306467e-01 9.999955742386475999e-01 9.999926602565402112e-01 9.999888755384370720e-01 9.999842202224332732e-01 9.999790368390456541e-01 9.999744547704111364e-01 9.999732640259387795e-01 9.999815483024331320e-01 9.999884645641555769e-01 9.999139607005247399e-01 9.997559908610016421e-01 9.994558675655303981e-01 9.989406042217882087e-01 9.981448067507288080e-01 9.970447593913900342e-01 9.956851857718467258e-01 9.941884543549506237e-01 9.927633283432828470e-01 9.917292879590738908e-01 9.915338321924166420e-01 9.926982889821067690e-01 9.956349571532320253e-01 9.996221296865872574e-01 9.936831756665527315e-01 9.879068656143036309e-01 9.844817810212763698e-01 9.865918484079385653e-01 9.982953546886272900e-01 9.770254811255091321e-01 9.406197132802223138e-01 9.017566115879984689e-01 8.808648242103631620e-01 9.109130791474372435e-01 9.629788239393899385e-01 7.607666823409230394e-01 5.913672500672680910e-01 6.162181018606153193e-01 6.100142016749350304e-01 -2.669051705705711153e-01 -6.555655583473919412e-01 -8.228758413963712659e-01 -9.130316245415341925e-01 -9.800776540307876150e-01 -9.519752965366045094e-01 -8.940915476192813349e-01 -8.852783517842086614e-01 -9.743852457050081739e-01 -9.692963082593751833e-01 -9.698169637909781482e-01 -9.580962606883840493e-01 -7.900090544212939880e-01 -7.717063999091787752e-01 -8.308179425277480989e-01 -9.285633628276783735e-01 -9.302853770254878585e-01 -7.771046315480008015e-01 -6.954602602120858457e-01 -8.188738234268105876e-01 -4.412376577940167466e-01 -3.311036853139385228e-01 -2.620873461032182106e-01 -2.094492363842999916e-01 -1.651972215232105634e-01 -1.117285911676112464e-01 3.642787639953143624e-03 4.720753075096145723e-01 2.491159375890681371e-01 1.718888486862483744e-01 -9.888730299035085602e-01 -8.066125734393385649e-01 -8.121065368388767913e-01 -9.536110404340398805e-01 -7.207485266398627743e-01 -2.890064820747448304e-01 2.907508321114176120e-01 6.454805575901665371e-01 -4.526524323120305338e-02 -6.019262808285956723e-01 -7.235012646335613473e-01 -3.459525353799939862e-01 -1.409281582226163121e-01 -2.085765378994603250e-02 4.619583370596181543e-02 7.392950816500318267e-02 6.723278710877220177e-02 2.461308242797743268e-02 -6.256520018260228189e-02 -2.143185134878070330e-01 -4.738838785453933777e-01 -9.430118535539411262e-01 -5.222054127705777482e-01 -2.139307335119020603e-01 -2.772405571784489903e-02 8.531830234643140998e-02 1.495417579387448848e-01 1.772270618059370306e-01 1.734554430521995372e-01 1.376005659548443227e-01 6.257508570376121848e-02 -6.886088420625023632e-02 -2.945347741727671886e-01 -7.045178506599870660e-01 -6.396348337016861674e-01 -2.448149063504622414e-01 -2.115355136837085773e-02 1.110054855676963909e-01 1.873625076154102898e-01 2.256395465790591859e-01 2.348045628808102803e-01 2.186168032027021313e-01 1.767943447381420397e-01 1.049159193628952658e-01 -6.712738936081747917e-03 -1.755890093935064400e-01 -4.317914208201470427e-01 -8.258298998405815272e-01 -6.959558582223145384e-01 -4.240801244629242017e-01 -2.804077460343801786e-01 -2.182469322696801162e-01 -2.182957140895371850e-01 -2.764867345646426777e-01 -4.013953992479680766e-01 -6.167553147298306948e-01 -9.699067723313994360e-01 -6.449236201041870231e-01 -3.960069889251697228e-01 -2.401559643135703082e-01 -1.509484605004114688e-01 -1.136352267601341837e-01 -1.213299305545253171e-01 -1.734342562869239102e-01 -2.764727011131170031e-01 -4.495245838130076943e-01 -7.781722199549467867e-01 -8.828944041900119721e-01 -4.127300466158178582e-01 3.130293348569324619e-01 2.792555646416030601e-01 3.363118503893200995e-01
1.591720969350065677e-06 9.999964254280303555e-01 9.999966466812181265e-01 9.999969086114691708e-01 9.999972415030854433e-01 9.999976865360398204e-01 9.999982995213353432e-01 9.999991552997546940e-01 9.999996477506621906e-01 9.999979846147232232e-01 9.999957054445589577e-01 9.999926497603179865e-01 9.999886882649302589e-01 9.999838221049189846e-01 9.999783961916438590e-01 9.999735301390089148e-01 9.999719467711253307e-01 9.999794853743092515e-01 9.999923137476812718e-01 9.999222413775683549e-01 9.997744172109681582e-01 9.994945340372967113e-01 9.990128552688370966e-01 9.982608968286269535e-01 9.972021795272590916e-01 9.958646404245365957e-01 9.943614876804914848e-01 9.929048843225963816e-01 9.918237150005255742e-01 9.915715459844313129e-01 9.926751724891583750e-01 9.955749471717145749e-01 9.996244021828407655e-01 9.934526353474333327e-01 9.872610598741118348e-01 9.833733612061938967e-01 9.852926968053237200e-01 9.976031756761101210e-01 9.756684592367557141e-01 9.355875025042532656e-01 8.921326006109380202e-01 8.678031082247331662e-01 8.996003468480384679e-01 9.591523641171794123e-01 7.313610986419071258e-01 5.427057300515149008e-01 5.675704508358156986e-01 5.511299675483595228e-01 -3.487891526689331778e-01 -7.072517762721148848e-01 -8.540147391751330419e-01 -9.322326040297290728e-01 -9.909912002823871857e-01 -9.499071903086780955e-01 -9.148374074891750807e-01 -9.044669444119265433e-01 -9.799443323868407552e-01 -9.802224044488576649e-01 -9.795448680716890566e-01 -9.720335418558441187e-01 -8.637199563938926516e-01 -8.080863495565988597e-01 -8.626041785546375573e-01 -9.514693968083760556e-01 -9.243618896428219545e-01 -7.897950273291163281e-01 -7.914723491958806090e-01 -8.357154998251067335e-01 -5.254173871237431959e-01 -3.867811969950777362e-01 -3.226704327628501234e-01 -2.735237740538391527e-01 -2.319076047380921046e-01 -1.806638109105982715e-01 -6.697034860389176891e-02 4.172778075122975938e-01 1.893157983747865147e-01 1.098769098621852902e-01 -9.684410830131154890e-01 -8.381660558409710360e-01 -8.313937068214868331e-01 -9.501345530587521626e-01 -7.665493960998457368e-01 -3.729331930906829018e-01 1.999618295799177881e-01 5.796897101416756959e-01 -1.509297262998433031e-01 -6.796973553743970164e-01 -7.384599396037967445e-01 -4.044046681507863505e-01 -2.128319780053285204e-01 -9.746407520035264838e-02 -3.233415037840828982e-02 -5.861289943769275833e-03 -1.395073431080108214e-02 -5.824302047005693733e-02 -1.468561223603951638e-01 -2.978365769066337876e-01 -5.480818784387802012e-01 -9.771492131968601003e-01 -5.611593992539690712e-01 -2.783663420931638544e-01 -1.008146758452940911e-01 9.312940107352901328e-03 7.228539949121588759e-02 9.876926901892538191e-02 9.317871677901770622e-02 5.465520373546486899e-02 -2.372626677787260246e-02 -1.581428482137759439e-01 -3.824068714591528084e-01 -7.710706250688798002e-01 -6.598363422908941622e-01 -3.054551562511136908e-01 -9.430379722649630259e-02 3.390041096992753300e-02 1.087265627346501867e-01 1.457291397993495385e-01 1.530538247764110793e-01 1.341254559229111964e-01 8.853968477353775512e-02 1.197012605936212740e-02 -1.046782363322440179e-01 -2.769579304132571695e-01 -5.294285279485958506e-01 -8.977931197809960739e-01 -7.022234862939584765e-01 -4.709688228872839777e-01 -3.462868328211882174e-01 -2.948108821927785672e-01 -3.022302159656836129e-01 -3.662286275198657348e-01 -4.949320958447491758e-01 -7.082630770833771017e-01 -9.598710114543642646e-01 -6.443543415522936524e-01 -4.324685691746895100e-01 -2.975945779827156579e-01 -2.219264345153064422e-01 -1.949830597218181472e-01 -2.120915142666200959e-01 -2.743116376604147755e-01 -3.922551598420899177e-01 -6.223469373151112594e-01 -9.266850489145012082e-01 -5.820564320625924992e-01 -3.686927650014476532e-01 2.883875417963281951e-01 2.701762564023388324e-01 3.363118120937793054e-01
2.351249704873788482e-01 9.999957999006020559e-01 9.999960358167631069e-01 9.999963118392914962e-01 9.999966602880361322e-01 9.999971249404018270e-01 9.999977649016544845e-01 9.999986591093578125e-01 9.999999108591857144e-01 9.999983492555667430e-01 9.999959656114593143e-01 9.999927726001851536e-01 9.999886375417530449e-01 9.999835603782215587e-01 9.999778837423873856e-01 9.999727089250460832e-01 9.999706791570480702e-01 9.999773804446183689e-01 9.999963117502495002e-01 9.999306744173109829e-01 9.997926112314773350e-01 9.995318612810967229e-01 9.990822215849936017e-01 9.983739764495591640e-01 9.973606362924981594e-01 9.960535860390262730e-01 9.945523405092586700e-01 9.930659823792608032e-01 9.919296675898557902e-01 9.916067210032748491e-01 9.926390173961157082e-01 9.955035493086155096e-01 9.996233013843429660e-01 9.931927514334291107e-01 9.865447768185984234e-01 9.821352107189150749e-01 9.838077346029587833e-01 9.967450418257590705e-01 9.742415380888903575e-01 9.299484388582754946e-01 8.811334365698683113e-01 8.526633623411439267e-01 8.862177415355678711e-01 9.548088076246528111e-01 6.973428092046471960e-01 4.875262320549973993e-01 5.118886151508620364e-01 4.832820887907898766e-01 -4.300645702097748435e-01 -7.560884597056306555e-01 -8.832425609159801905e-01 -9.502881798306638261e-01 -9.986192679925611770e-01 -9.495819963448188794e-01 -9.334448461066358060e-01 -9.208480156563093599e-01 -9.848528700655828638e-01 -9.852539778364872713e-01 -9.847923882733450318e-01 -9.830209843349085874e-01 -9.309306558938905685e-01 -8.416052499776590645e-01 -8.914349230974866201e-01 -9.720041343872355410e-01 -9.192058771243627469e-01 -8.009927380827966958e-01 -8.763462054584166827e-01 -8.505790073247599947e-01 -6.341703873417553483e-01 -4.396439963438453780e-01 -3.809135573341297376e-01 -3.357120023304057677e-01 -2.971743239499621270e-01 -2.487147338532504082e-01 -1.378720900177152486e-01 3.565108321532149960e-01 1.274427826066717728e-01 4.474159405408663359e-02 -9.283678737451975804e-01 -8.702554447055962372e-01 -8.508063239759097174e-01 -9.495732249751731580e-01 -8.057759454396704601e-01 -4.542560701475368279e-01 9.873028802491079503e-02 4.974974918130276591e-01 -2.637317336725515382e-01 -7.545418651672993748e-01 -7.522715473158481103e-01 -4.604897135258364527e-01 -2.841716832714432650e-01 -1.750706326770998245e-01 -1.128937821827799975e-01 -8.823395216924453943e-02 -9.784014518812950145e-02 -1.434705437365904335e-01 -2.325862764500516711e-01 -3.810201678015915916e-01 -6.192813241179948580e-01 -9.926315276186976622e-01 -5.975289488302016894e-01 -3.412004096760652416e-01 -1.743666799052192296e-01 -6.880111683848130766e-02 -8.192220484678517864e-03 1.641619340993431125e-02 8.700793955850700742e-03 -3.241448133430570311e-02 -1.135503671770606848e-01 -2.494899966438389738e-01 -4.695155322319283231e-01 -8.330771301186541411e-01 -6.787447030629982780e-01 -3.642627347821744688e-01 -1.680327731060918539e-01 -4.585750034940488246e-02 2.599398127148722093e-02 6.077596781871089093e-02 6.567773181181794928e-02 4.371943211076394220e-02 -5.614577028631319473e-03 -8.643412358643348670e-02 -2.069549729083811629e-01 -3.803166979950124427e-01 -6.251266337570023923e-01 -9.634525505964713910e-01 -7.093361090543717218e-01 -5.156915288978332068e-01 -4.104354741693248543e-01 -3.705172299935280966e-01 -3.859101565938779510e-01 -4.558172013004648249e-01 -5.876614450719412908e-01 -7.972870496376793792e-01 -9.015194346098864830e-01 -6.437011110763508626e-01 -4.656116818368503663e-01 -3.516713287345783479e-01 -2.902686541020916278e-01 -2.742810546843650332e-01 -3.011972042119670512e-01 -3.767033971668321546e-01 -5.751606879048567489e-01 -9.589782850878082465e-01 -9.589759341462968933e-01 -4.398228476445501522e-01 -3.297325905774544652e-01 2.669905105265927281e-01 2.622388794615615470e-01 3.363117783165900931e-01
2.013536056471100204e-05 9.999950423316001924e-01 9.999952926029542777e-01 9.999955813295030582e-01 9.999959429584407422e-01 9.999964239688519108e-01 9.999970868865662998e-01 9.999980149077513092e-01 9.999993164652615230e-01 9.999988719487812316e-01 9.999963884255422819e-01 9.999930613467964413e-01 9.999887530372127964e-01 9.999834592622576235e-01 9.999775151442593657e-01 9.999719954785483145e-01 9.999694543584384254e-01 9.999752230833682809e-01 9.999995477877271499e-01 9.999392022881136155e-01 9.998104189214841453e-01 9.995675024522910901e-01 9.991478102577433518e-01 9.984816895404864390e-01 9.975151006594747960e-01 9.962440343749214833e-01 9.947514254035494385e-01 9.932375082210784800e-01 9.920399123107617179e-01 9.916341303763297477e-01 9.925857112809254312e-01 9.954177625580479249e-01 9.996169228408862129e-01 9.928896739719434983e-01 9.857267147350714520e-01 9.807190671339559573e-01 9.820823048244575748e-01 9.956892238669491357e-01 9.726908074953010130e-01 9.234883560238645872e-01 8.683470895840894599e-01 8.348794368366236895e-01 8.702141133405202345e-01 9.497865581758999642e-01 6.576791701382428412e-01 4.247881445215037077e-01 4.479021594858300093e-01 4.056112636160447149e-01 -5.095356269347615097e-01 -8.015012485842388790e-01 -9.103388232553034642e-01 -9.670689759165974619e-01 -9.894864283765001378e-01 -9.529094636763324466e-01 -9.482476908578972852e-01 -9.350279261504009787e-01 -9.892626435180198463e-01 -9.880250821781912940e-01 -9.878040795709791544e-01 -9.918870014412239922e-01 -9.699082934064980899e-01 -8.728095084702360840e-01 -9.175068370700805165e-01 -9.903855478387393330e-01 -9.146600944003663303e-01 -8.108183459049430608e-01 -9.281086132466010996e-01 -8.634653070520306173e-01 -7.618669441111598495e-01 -4.893465727706188817e-01 -4.363915532679152331e-01 -3.955080786607960142e-01 -3.604277437321483646e-01 -3.152620115803491663e-01 -2.084109527031434983e-01 2.888448577060411249e-01 6.353698586501316248e-02 -2.368963989858197464e-02 -8.903950556623121404e-01 -9.036232103686298034e-01 -8.708935597148322882e-01 -9.519084737333254331e-01 -8.381060045257773261e-01 -5.318925063987466340e-01 -1.408155259767567696e-02 3.931889477282398682e-01 -3.834244928530822771e-01 -8.258999268453500742e-01 -7.651304366546851643e-01 -5.139835428885204394e-01 -3.543502783113964827e-01 -2.529574762497803220e-01 -1.947397991835712883e-01 -1.724364104107612705e-01 -1.836514434692376185e-01 -2.302187736957586051e-01 -3.188194725602159219e-01 -4.629088307421913018e-01 -6.867881406950208101e-01 -9.672353468776557772e-01 -6.314208461995894917e-01 -4.020122679180443415e-01 -2.477168544379016180e-01 -1.483306786136924793e-01 -9.123522489830046545e-02 -6.920460233285855023e-02 -7.933467501317199855e-02 -1.228854284511231437e-01 -2.060234455087236738e-01 -3.418355524571787263e-01 -5.547309270989434493e-01 -8.899979866841306597e-01 -6.965899341049118787e-01 -4.209351265067063363e-01 -2.416818319806111337e-01 -1.275647682817706019e-01 -6.019066952472227477e-02 -2.863106446033601010e-02 -2.674569948939902603e-02 -5.197235639465387635e-02 -1.049128573463574549e-01 -1.893222252799973138e-01 -3.122543821753577253e-01 -4.840440362502748672e-01 -7.172224182683317739e-01 -9.784605725546527966e-01 -7.173419177486042297e-01 -5.581778476151411095e-01 -4.723106216469033503e-01 -4.445059575487280146e-01 -4.683217061718676910e-01 -5.442079606473787523e-01 -6.786178028879567004e-01 -8.831607357993822571e-01 -8.529752037534840126e-01 -6.425779003742125850e-01 -4.949166322359607184e-01 -4.011664377496372280e-01 -3.539763041521505338e-01 -3.490604471629175087e-01 -3.953559769084553643e-01 -6.515250121907724123e-01 -9.716229126612913047e-01 -9.343214143182164699e-01 -5.386741034361434144e-01 -3.869260841149771424e-01 -2.957543869269616543e-01 2.484506389668089399e-01 2.552952783804512960e-01 3.363117485246404081e-01
2.072384899098431724e-05 9.999941143096024998e-01 9.999943783198890213e-01 9.999946777133836839e-01 9.999950491993623292e-01 9.999955421240589448e-01 9.999962226525678233e-01 9.999971785437525851e-01 9.999985238054355241e-01 9.999995985226903805e-01 9.999970192534445301e-01 9.999935592039934651e-01 9.999890732158075446e-01 9.999835489194999205e-01 9.999773079233652551e-01 9.999713905672154013e-01 9.999682548411686911e-01 9.999729825239054293e-01 9.999952368527067481e-01 9.999478230303301407e-01 9.998277724845805459e-01 9.996012476086064691e-01 9.992089863702321439e-01 9.985821928375939738e-01 9.976612982198492796e-01 9.964285713574460024e-01 9.949490239878601150e-01 9.934094533294314244e-01 9.921459140085874262e-01 9.916472283528585674e-01 9.925102056233974235e-01 9.953143666788381028e-01 9.996029689122839512e-01 9.925286869056397787e-01 9.847736072388642015e-01 9.790727269913550579e-01 9.800560976776876432e-01 9.943993789180339826e-01 9.709583094044936802e-01 9.159749652940245568e-01 8.533342979852326371e-01 8.138544365265601988e-01 8.509881408036017447e-01 9.438969287821782350e-01 6.113274585141937889e-01 3.536479460007051490e-01 3.744030080576369879e-01 3.175989055486088120e-01 -5.857981192288609362e-01 -8.427045500900003372e-01 -9.346103010253344889e-01 -9.818353664939639680e-01 -9.830089311720768830e-01 -9.595838258589844960e-01 -9.595800944123462628e-01 -9.474971280117898687e-01 -9.933058729712933577e-01 -9.897001926513955272e-01 -9.895968238963223085e-01 -9.992211173572700389e-01 -9.869519824993535639e-01 -9.031102156341656029e-01 -9.410624423469452493e-01 -9.931877285718798687e-01 -9.105455736936287625e-01 -8.201166059167918077e-01 -9.528754181266090306e-01 -8.743531363912143695e-01 -8.988997355631292985e-01 -5.355405440249273452e-01 -4.887167810399727363e-01 -4.524437714319828885e-01 -4.211322726798232274e-01 -3.797186298233370394e-01 -2.779457523929986240e-01 2.137149799709522902e-01 -2.490240339315769394e-03 -9.556734969504795951e-02 -8.539569462302893932e-01 -9.388411642470224638e-01 -8.923892888388240685e-01 -9.571250126335092423e-01 -8.635552912999088226e-01 -6.055045756898040921e-01 -1.403566770055722779e-01 2.585357408298449289e-01 -5.095532114166867466e-01 -8.932884227930825149e-01 -7.772262702025314329e-01 -5.647205449058791960e-01 -4.227727488144207291e-01 -3.303298974502597019e-01 -2.769977003155726369e-01 -2.575518797612399435e-01 -2.704220962230644010e-01 -3.174650267300984652e-01 -4.044822630477501457e-01 -5.424796402669399553e-01 -7.499428761265456433e-01 -9.464767317905640187e-01 -6.629667494553000973e-01 -4.604178152342708885e-01 -3.201583152850724923e-01 -2.284566504043162860e-01 -1.760021533242558389e-01 -1.572401196143784208e-01 -1.700326643452926278e-01 -2.157697122130707024e-01 -3.000134280437756762e-01 -4.339039406395500675e-01 -6.368394691020609066e-01 -9.413394821597211859e-01 -7.135992026618745987e-01 -4.752092446029818618e-01 -3.145322296680892471e-01 -2.103388306864815982e-01 -1.489128247501848579e-01 -1.215691034056505249e-01 -1.232593470225131216e-01 -1.519098052713157010e-01 -2.081677593685074823e-01 -2.952849544144186544e-01 -4.188918400749075954e-01 -5.862530829134684485e-01 -8.040572222207619246e-01 -9.320029513662626552e-01 -7.261551994032098278e-01 -5.982417423266487289e-01 -5.312608104155419619e-01 -5.158085203560264231e-01 -5.483972833164126870e-01 -6.304287292459216374e-01 -7.671008633866365223e-01 -9.657496875666423675e-01 -8.115617744576113513e-01 -6.401473673257597197e-01 -5.193267994646887376e-01 -4.441979048964915799e-01 -4.117158018809508602e-01 -5.267871395311746197e-01 -8.518112642819297697e-01 -9.724746907436335741e-01 -9.337530979703164702e-01 -6.996444423615257868e-01 -4.534994797329055527e-01 -3.416486166743765152e-01 -2.663890946560380502e-01 2.323887094045954949e-01 2.492167360366520368e-01 3.363117222477410295e-01
1.224960476603936853e-03 9.999929607626176775e-01 9.999932374246298661e-01 9.999935444843310872e-01 9.999939211138073603e-01 9.999944197856908135e-01 9.999951106636192355e-01 9.999960865869031990e-01 9.999974678987483268e-01 9.999994053122710502e-01 9.999979230263532637e-01 9.999943278714147343e-01 9.999896528810365837e-01 9.999838722054856799e-01 9.999772866978321462e-01 9.999708939119774653e-01 9.999670504550738359e-01 9.999705987705493904e-01 9.999906738031825171e-01 9.999566239486884500e-01 9.998447437352269151e-01 9.996331024359026429e-01 9.992654782280934178e-01 9.986743006751879204e-01 9.977959874249807681e-01 9.966009101791561964e-01 9.951360701408099585e-01 9.935716828177626470e-01 9.922384549088333339e-01 9.916387109375448539e-01 9.924070871001746674e-01 9.951903629962388642e-01 9.995788177615585468e-01 9.920956891982936066e-01 9.836545732333263903e-01 9.771481515699288467e-01 9.776731738419995876e-01 9.928390993850719770e-01 9.689978213240373339e-01 9.072132764337782485e-01 8.357370608951291135e-01 7.891088647732489303e-01 8.280091918800549511e-01 9.369595909851822224e-01 5.575182847068888004e-01 2.738651292933001469e-01 2.906300054216015560e-01 2.194423654430879000e-01 -6.573006743047312694e-01 -8.789106032193877427e-01 -9.551519984327612178e-01 -9.934485846891156768e-01 -9.802136747496928981e-01 -9.671211731726034877e-01 -9.683519983080506321e-01 -9.586671251096072766e-01 -9.971098467040614421e-01 -9.907391251908793661e-01 -9.906639285435966391e-01 -9.945773625047726885e-01 -9.946444195248915765e-01 -9.368719168384070928e-01 -9.624090226125001646e-01 -9.787491911458617855e-01 -9.066395200072902005e-01 -8.414346589912395924e-01 -9.651244925587788570e-01 -8.831627038906983973e-01 -9.788175884293447426e-01 -5.778122642246478202e-01 -5.375395457992390158e-01 -5.060979506256590987e-01 -4.788061873828002857e-01 -4.415662521002935437e-01 -3.458951616572086829e-01 1.311889679377190310e-01 -7.090864203155629319e-02 -1.709807776242193156e-01 -8.183030311822009351e-01 -9.758823669655621869e-01 -9.162907380665946677e-01 -9.651079191716038785e-01 -8.828954209024783006e-01 -6.765206956641907077e-01 -2.837611421152895219e-01 8.153638598334170262e-02 -6.413785867112654637e-01 -9.563460316681501316e-01 -7.887369064910607630e-01 -6.125919098893072290e-01 -4.888518875787184470e-01 -4.063205066344066640e-01 -3.586569004287884499e-01 -3.424895358162504122e-01 -3.570023902515740977e-01 -4.040126268912159202e-01 -4.883733076655630834e-01 -6.186661739213586975e-01 -8.081325347084443722e-01 -9.297945132218208286e-01 -6.923070291645707641e-01 -5.160622357224042833e-01 -3.909407015829413079e-01 -3.082268925458003794e-01 -2.614461471219094446e-01 -2.465816649558473239e-01 -2.622120326941350110e-01 -3.097835465322107962e-01 -3.941130934927062346e-01 -5.242184196918764361e-01 -7.145726462090207232e-01 -9.866690134518970590e-01 -7.299805824801113285e-01 -5.268426163301039855e-01 -3.857941722145117880e-01 -2.930929083844353578e-01 -2.389410188418935876e-01 -2.167190507071103389e-01 -2.224626255145503995e-01 -2.545915900191230152e-01 -3.137427986434793148e-01 -4.025154459737704249e-01 -5.249033973303917078e-01 -6.850090704321565305e-01 -8.842773356566038245e-01 -8.957850028411937782e-01 -7.353919397309728323e-01 -6.354292056814675460e-01 -5.864305985073935412e-01 -5.833630993849645563e-01 -6.252042933327165430e-01 -7.139935229984074594e-01 -8.533557400018498829e-01 -9.555939027499560368e-01 -7.739514876945743360e-01 -6.341701446872818337e-01 -5.366960964772340414e-01 -6.087135362588983467e-01 -7.957522793398005279e-01 -9.793025073811694181e-01 -9.469598378338955902e-01 -9.492324796999763725e-01 -8.254419702366890821e-01 -5.267157891534239855e-01 -3.982671344216906495e-01 -3.026348442550064188e-01 -2.411004869057063738e-01 2.184622962246177691e-01 2.438917142691863771e-01 3.363116990711506604e-01
2.096620982079354763e-06 9.999915002182354629e-01 9.999917876291657404e-01 9.999920977766509900e-01 9.999924725907298750e-01 9.999929680641583829e-01 9.999936589201845472e-01 9.999946439035445334e-01 9.999960509168595024e-01 9.999980401582961864e-01 9.999991986077814143e-01 9.999954622153269801e-01 9.999905776780734223e-01 9.999844982064112209e-01 9.999774944567824120e-01 9.999705111685408543e-01 9.999657980061185114e-01 9.999679702179710139e-01 9.999856927148244035e-01 9.999658390867800506e-01 9.998616401858063663e-01 9.996634381317058837e-01 9.993175961055349443e-01 9.987577975923144225e-01 9.979174625277489330e-01 9.967567754179424977e-01 9.953055167123830982e-01 9.937156484373987908e-01 9.923095089391139600e-01 9.916024945858142869e-01 9.922725399285080572e-01 9.950443934187883643e-01 9.995418920940243313e-01 9.915816587672863225e-01 9.823528045360436778e-01 9.749222746153601848e-01 9.749078682822167607e-01 9.909854048631859813e-01 9.668119501778403846e-01 8.971792090165972011e-01 8.155327902538854756e-01 7.606213725530907022e-01 8.011144991421141892e-01 9.289043250447686084e-01 4.963638097661284831e-01 1.865235956973649023e-01 1.970221218985505895e-01 1.127872750616961961e-01 -7.223613866084783730e-01 -9.095251060494151663e-01 -9.713558469295675568e-01 -9.987370792966944189e-01 -9.805249058203335810e-01 -9.738564618767725500e-01 -9.753917434716893320e-01 -9.689115659553696469e-01 -9.991867901585701484e-01 -9.913424669244336185e-01 -9.912539625000088561e-01 -9.892100797287183278e-01 -9.986196102074063052e-01 -9.770512963154692754e-01 -9.819511772540309158e-01 -9.659051604353696696e-01 -9.026678473115674617e-01 -9.137029559648800481e-01 -9.718558218250544778e-01 -8.897001499056550466e-01 -9.938502489081695312e-01 -6.331123194980935454e-01 -5.825582390791014253e-01 -5.561133196754628472e-01 -5.330529073833946141e-01 -5.004094424465431734e-01 -4.118065384423330033e-01 4.217176816756406516e-02 -1.422247171011264966e-01 -2.499139462308983539e-01 -7.819838338233894293e-01 -9.865956023259897512e-01 -9.437848300045399430e-01 -9.753261521429690273e-01 -8.988191530093480042e-01 -7.498663829931618841e-01 -4.514744684471292957e-01 -1.558672692646760616e-01 -7.777273339892550874e-01 -9.853263033491346246e-01 -7.998271845560089854e-01 -6.575612281845388818e-01 -5.520243941911145980e-01 -4.799977586039023136e-01 -4.385721684474295778e-01 -4.259832977527046038e-01 -4.420574654700544781e-01 -4.885020142109775532e-01 -5.691868311526109281e-01 -6.903895333816207902e-01 -8.608118901350879648e-01 -9.167349933567999765e-01 -7.195683743655455489e-01 -5.686043084451984919e-01 -4.592660951923466239e-01 -3.865510639991681652e-01 -3.463021720597378450e-01 -3.358458363844939454e-01 -3.543865378595290605e-01 -4.033375152928461715e-01 -4.866503637176464725e-01 -6.111393087627121634e-01 -7.866628485688261785e-01 -9.749878287416103850e-01 -7.458944397135993665e-01 -5.755825647964266656e-01 -4.545917518903303534e-01 -3.745216762064761951e-01 -3.287086879096827174e-01 -3.123561314121320875e-01 -3.225356982123234184e-01 -3.581447834887248605e-01 -4.197410502184859560e-01 -5.091280564917211038e-01 -6.285185456810797877e-01 -7.789557053734920133e-01 -9.575511069373366935e-01 -8.669515895671325856e-01 -7.439906205645231418e-01 -6.687025097085275149e-01 -6.366069966144772829e-01 -6.462704031697520390e-01 -6.990867372963412985e-01 -7.975628251199405883e-01 -9.436110011493823446e-01 -8.791057574410541253e-01 -7.820595313142993943e-01 -8.359955326441343981e-01 -9.177464502848831085e-01 -9.639425997756054798e-01 -9.874518929308021553e-01 -9.295901151979583110e-01 -9.580899224147170212e-01 -8.719501304260616203e-01 -6.040459985125093967e-01 -4.630844886420175666e-01 -3.514018988098570051e-01 -2.691623858246883216e-01 -2.193342304806538134e-01 2.063725769423724321e-01 2.392236338796799866e-01 3.363116786290751836e-01
9.999877767663293282e-01 9.999896085340049812e-01 9.999899032334783611e-01 9.999902090776310315e-01 9.999905711749024206e-01 9.999910496116090064e-01 9.999917245065312876e-01 9.999927017610242830e-01 9.999941187148466692e-01 9.999961478430272610e-01 9.999989946116126793e-01 9.999971180237617885e-01 9.999919922686777429e-01 9.999855494821427992e-01 9.999780165730766113e-01 9.999702709766681297e-01 9.999644454982343778e-01 9.999649362385412132e-01 9.999799912933903245e-01 9.999759550336513314e-01 9.998791923576604290e-01 9.996932997665420872e-01 9.993667134793330353e-01 9.988341657565403819e-01 9.980266753842997884e-01 9.968956994592880205e-01 9.954551035942994508e-01 9.938382073299567576e-01 9.923569536774758948e-01 9.915390326690004530e-01 9.921096396369809556e-01 9.948804642112012431e-01 9.994907574403133488e-01 9.909940595394348684e-01 9.808940728196132719e-01 9.724463376957143135e-01 9.718256765357240479e-01 9.888618180646332467e-01 9.645352648177302202e-01 8.863181099380058603e-01 7.935871796536949629e-01 7.295609652816580359e-01 7.711849462890816298e-01 9.200305563540650544e-01 4.301266497795712129e-01 9.533446898345748766e-02 9.667209787540502475e-02 2.212464660429555151e-03 -7.790201232131676035e-01 -9.341389508814154086e-01 -9.831235617096366619e-01 -9.944607507839750005e-01 -9.825768903668476995e-01 -9.795393568629511272e-01 -9.813410245455483905e-01 -9.786175615910587267e-01 -9.954259394528579552e-01 -9.915881666533341576e-01 -9.914855287540523809e-01 -9.843857398334291409e-01 -9.990270890015672256e-01 -9.976610105610388413e-01 -9.998177856992228607e-01 -9.541472430831049456e-01 -8.987039472897671022e-01 -9.624698036768059017e-01 -9.758149554503534606e-01 -8.935533393288608295e-01 -9.982499581570449809e-01 -7.517569730057251931e-01 -6.235834868560582445e-01 -6.022337846149724561e-01 -5.836162297098227425e-01 -5.560537820022025679e-01 -4.754554420548921523e-01 -5.153353114145115682e-02 -2.172500709642486705e-01 -3.322069434397804666e-01 -7.417604327970416245e-01 -9.526621222693100188e-01 -9.753182513538700693e-01 -9.857063079731951394e-01 -9.193093146943830396e-01 -8.355023176398479468e-01 -6.560192327213130170e-01 -4.834162891503472337e-01 -9.167110497420065673e-01 -9.355214754838603319e-01 -8.106915093438377129e-01 -6.997597088629495810e-01 -6.118228160879670696e-01 -5.504066267197714746e-01 -5.154877491873171014e-01 -5.066125400546759305e-01 -5.240940291531442918e-01 -5.694495574373713564e-01 -6.455645546176300709e-01 -7.566147704348963332e-01 -9.075463331199294936e-01 -9.068965328501373824e-01 -7.448326760263673796e-01 -6.176936646646243867e-01 -5.242850883329186473e-01 -4.622065454956632569e-01 -4.290960507226228016e-01 -4.233872602891734505e-01 -4.447874563677172155e-01 -4.945783162611999684e-01 -5.757584011710300542e-01 -6.929642859812215061e-01 -8.519528438568276796e-01 -9.450528842121801443e-01 -7.614075346844578762e-01 -6.211295317201260824e-01 -5.199634885355006730e-01 -4.531398772676755171e-01 -4.164031036330909652e-01 -4.065317764225263586e-01 -4.215907670135387586e-01 -4.609435877589331265e-01 -5.249791185927472625e-01 -6.145321480602333741e-01 -7.299196788096894428e-01 -8.693750237056283581e-01 -9.739436417904593357e-01 -8.410364705950802433e-01 -7.490372321126675947e-01 -6.954573954218444820e-01 -7.000376063180555608e-01 -7.803731517310180665e-01 -9.017893601966059380e-01 -9.746787758229498166e-01 -9.668827660736591945e-01 -9.633183167260718216e-01 -9.617625534731338854e-01 -9.607195102741736825e-01 -9.545096680404558942e-01 -9.729765014666524880e-01 -9.751673166518970426e-01 -9.510667179565125418e-01 -8.947583859715430021e-01 -6.849461021326213039e-01 -5.357476626599917413e-01 -4.107512697077925212e-01 -3.113623103048231422e-01 -2.404922863205284922e-01 -2.005816444001778387e-01 1.958627389805285834e-01 2.351288450575644284e-01 3.363116605988875629e-01
9.999859120038219196e-01 9.999870922649153338e-01 9.999873876225016112e-01 9.999876764175413824e-01 9.999880075020864956e-01 9.999884458429205703e-01 9.999890781338574008e-01 9.999900192444136637e-01 9.999914187263068133e-01 9.999934655188047472e-01 9.999963869806053340e-01 9.999995652094970655e-01 9.999941559114141620e-01 9.999872577738949664e-01 9.999790325204112040e-01 9.999702656395167422e-01 9.999629502290473537e-01 9.999612543603652037e-01 9.999730386346953326e-01 9.999879164145271115e-01 9.998989393492067057e-01 9.997250719409911390e-01 9.994163566269450572e-01 9.989083036053151288e-01 9.981299006724361211e-01 9.970251362958610919e-01 9.955935439154177669e-01 9.939503277282039084e-01 9.923957555767773941e-01 9.914682520161567369e-01 9.919411941861068227e-01 9.947167519583663964e-01 9.994278685997378675e-01 9.903829431897929192e-01 9.794097943814725760e-01 9.699523083878608398e-01 9.687127173061563790e-01 9.866101050312675591e-01 9.626033096227016861e-01 8.761484225380430368e-01 7.727515238605728864e-01 6.997352934950510361e-01 7.415544289700156666e-01 9.115977611065481101e-01 3.657449930255808890e-01 9.002199848885337682e-03 -1.934381491258258456e-03 -1.017490628692636206e-01 -8.245496871300284081e-01 -9.522313926628992453e-01 -9.905501733009287602e-01 -9.930847467249916960e-01 -9.855648090858223354e-01 -9.845428425066873324e-01 -9.867282475685733578e-01 -9.882681243465936127e-01 -9.913574951897378140e-01 -9.914706114386244717e-01 -9.913908631393465454e-01 -9.798275409269340264e-01 -9.974512487883047118e-01 -9.975551021820635578e-01 -9.835945638769960642e-01 -9.430258352743142725e-01 -9.061652851072333759e-01 -9.774552642043742301e-01 -9.781305999147140717e-01 -8.938633577540253672e-01 -9.993822671045945460e-01 -8.756294364703962607e-01 -6.609626216420190215e-01 -6.443890031263787010e-01 -6.304767216018967169e-01 -6.085982383503969473e-01 -5.370112914966104212e-01 -1.474174431345179059e-01 -2.972200712348184171e-01 -4.175334541744546990e-01 -6.897180381249019554e-01 -9.239502301225168690e-01 -9.922771923543624029e-01 -9.887644990913829757e-01 -9.639074597119317023e-01 -9.455394872558424701e-01 -9.152552328422489669e-01 -9.609820624536770106e-01 -9.473573979074136897e-01 -8.941724946914242356e-01 -8.217446461001440827e-01 -7.399027702601528311e-01 -6.682059924554817343e-01 -6.167536873867501823e-01 -5.881439134432274729e-01 -5.828841192493816603e-01 -6.015461361531256879e-01 -6.453484563650441208e-01 -7.162102170120913103e-01 -8.164641987379352983e-01 -9.481019022753333081e-01 -8.998555016167739673e-01 -7.680959457409524127e-01 -6.629504179883418669e-01 -5.851108566910161457e-01 -5.338813795512304949e-01 -5.082097347410848842e-01 -5.073878173849922790e-01 -5.314862826185723366e-01 -5.815561266206236146e-01 -6.595914179992256043e-01 -7.681779385527479631e-01 -9.096332729718541454e-01 -9.222296842126602723e-01 -7.764327779711800437e-01 -6.631440893973481465e-01 -5.809852160863360204e-01 -5.275615150273924581e-01 -5.004874926774489641e-01 -4.981052003658177907e-01 -5.200786040329301585e-01 -5.670704808955060461e-01 -6.378828568327107318e-01 -7.309236299376323798e-01 -8.446647783786840336e-01 -9.748206636746343801e-01 -9.349604052873754512e-01 -9.494875888726864721e-01 -9.794458564408349277e-01 -9.992556859766285049e-01 -9.895161900979229097e-01 -9.827693001946916640e-01 -9.762759631655946180e-01 -9.687694799670787393e-01 -9.583976859220757483e-01 -9.384364600448781291e-01 -8.313650677279750267e-01 -9.432866029403026431e-01 -9.996772665313701234e-01 -9.713892638372552124e-01 -8.951848626111645890e-01 -9.521987280184541769e-01 -7.738210629663914153e-01 -6.180197137429561671e-01 -4.809258073072578132e-01 -3.661943913005729634e-01 -2.771774182928232189e-01 -2.159240764404548318e-01 -1.843988220391205024e-01 1.867134928403373084e-01 2.315348352502488161e-01 3.363116446960171535e-01
9.999839545345158287e-01 9.999836498834673293e-01 9.999839325879276153e-01 9.999841809394260927e-01 9.999844482027197001e-01 9.999848051860207310e-01 9.999853466754856646e-01 9.999861989588545441e-01 9.999875277113831062e-01 9.999895444402533418e-01 9.999925076773958921e-01 9.999967115551829933e-01 9.999975516503664119e-01 9.999900783354619405e-01 9.999809281893315971e-01 9.999707480682987759e-01 9.999613370171437365e-01 9.999565806143764224e-01 9.999639138107605518e-01 9.999964687409271802e-01 9.999240385186313196e-01 9.997639388206132072e-01 9.994746803939948965e-01 9.989925429082082697e-01 9.982450400714287797e-01 9.971700845008228953e-01 9.957547089369102045e-01 9.940968548896902401e-01 9.924833405556370280e-01 9.914586915822587443e-01 9.918380017001922067e-01 9.946041826974841848e-01 9.993655667030405532e-01 9.898927895312439329e-01 9.782570180090784939e-01 9.680484368379259630e-01 9.663078274610844565e-01 9.846208692829537812e-01 9.620312224190731287e-01 8.702646739438852919e-01 7.596777295134915509e-01 6.800047590158596611e-01 7.204641672627724036e-01 9.068996076580484456e-01 3.193028329497859530e-01 -5.461289813674945898e-02 -8.009726256630292363e-02 -1.765899216345379330e-01 -8.542160519415187281e-01 -9.624963948611623410e-01 -9.932746214606399393e-01 -9.945056889332251071e-01 -9.895584746464088921e-01 -9.894967276410481238e-01 -9.921112685884636573e-01 -9.986163871272641934e-01 -9.865357488919305196e-01 -9.908854458651343844e-01 -9.909146496827315742e-01 -9.751971263633884002e-01 -9.962549508674701793e-01 -9.961837894752226807e-01 -9.794684211999681311e-01 -9.334533139067250351e-01 -9.555072876624104428e-01 -9.824214926373524559e-01 -9.792476711391573385e-01 -8.887381522683904800e-01 -9.973645286704936330e-01 -9.605523326847886789e-01 -7.026862276885779135e-01 -6.828747903026805011e-01 -6.740032275931769901e-01 -6.584943248249771619e-01 -5.972365038034297413e-01 -2.427736160982920111e-01 -3.840545435656586570e-01 -5.054031777331321473e-01 -6.022460723706182240e-01 -8.988592459949391600e-01 -9.669394470256145180e-01 -9.706347346378683127e-01 -9.492601045563521245e-01 -9.220829033315232071e-01 -8.009657982863609416e-01 -5.701829143622335616e-01 -8.388234269538363819e-01 -8.599608963828652142e-01 -8.338807758916582102e-01 -7.809467127120471863e-01 -7.234544623943872654e-01 -6.796274736392583504e-01 -6.559738730151607466e-01 -6.536956665137789724e-01 -6.731711516216133395e-01 -7.150611718941455308e-01 -7.802809674051327526e-01 -8.695739644486141229e-01 -9.827183531210905709e-01 -8.950280395853115190e-01 -7.892600229943825818e-01 -7.040740535744920425e-01 -6.410448188876822773e-01 -6.004659388149025112e-01 -5.821548744705334899e-01 -5.861740858366140117e-01 -6.131813393182532490e-01 -6.636544388069198774e-01 -7.380956978173793814e-01 -8.372151615861412877e-01 -9.606578227058828467e-01 -9.048282133131532179e-01 -7.941556716908755309e-01 -7.484430452029163794e-01 -7.378004920575211845e-01 -7.446181899368240487e-01 -7.707416343146310522e-01 -8.181078060417209530e-01 -8.884891437439483841e-01 -9.833643502156990124e-01 -9.955056435374627366e-01 -9.957653430259781890e-01 -9.966442535936732572e-01 -9.983956538859178886e-01 -9.986684554307406758e-01 -9.943004990837623902e-01 -9.882853930832087297e-01 -9.801973304173482449e-01 -9.687829307344287821e-01 -9.500654529396570513e-01 -9.067796835688779478e-01 -5.407824369011757781e-01 -8.804246214005309046e-01 -9.553929681923927220e-01 -9.842035752777782420e-01 -9.873687974306172288e-01 -9.054854886705147043e-01 -8.236377867081861037e-01 -9.562375419217543637e-01 -8.764579975093115261e-01 -7.133569958001438893e-01 -5.639619213005955256e-01 -4.342468675919048393e-01 -3.281792129123916046e-01 -2.479789504758395380e-01 -1.948365065283444719e-01 -1.704069675771416326e-01 1.787379609512431689e-01 2.283786748344169837e-01 3.363116306694706736e-01
9.999784775412209337e-01 9.999788447368811450e-01 9.999790874437072263e-01 9.999792506195702702e-01 9.999793924539301937e-01 9.999795904082378062e-01 9.999799488742729947e-01 9.999806083616058494e-01 9.999817556190491175e-01 9.999836330477346324e-01 9.999865437933770362e-01 9.999908454048224149e-01 9.999969190080996162e-01 9.999949087216218890e-01 9.999845284647781440e-01 9.999723550786135950e-01 9.999598674294797318e-01 9.999505040800450439e-01 9.999510675628667800e-01 9.999737898781869694e-01 9.999608721090823549e-01 9.998209233009962560e-01 9.995597815940099329e-01 9.991154329060425443e-01 9.984154933205003912e-01 9.973940802123424376e-01 9.960279487817753630e-01 9.943977040163607395e-01 9.927709472354228071e-01 9.916841206477083892e-01 9.919703972870255182e-01 9.946572360846079874e-01 9.993364016002251882e-01 9.898369085583806903e-01 9.781756267187338150e-01 9.679562860356522025e-01 9.660656235748672493e-01 9.836832858888193698e-01 9.646454700092564893e-01 8.752386305823462997e-01 7.665263418179592003e-01 6.866543694235566209e-01 7.234982314840130435e-01 9.121672273422498645e-01 3.217382285050351953e-01 -6.190571288917220971e-02 -1.017830304234833005e-01 -1.764760443620060903e-01 -8.578924356470157830e-01 -9.612155454539125232e-01 -9.893114531041117266e-01 -9.998994579084600209e-01 -9.957938089862466979e-01 -9.955322913613008362e-01 -9.983861225131953621e-01 -9.889624696720864527e-01 -9.800337771020910527e-01 -9.895264675868160609e-01 -9.898468854277907569e-01 -9.699278726117228633e-01 -9.952016186830014988e-01 -9.955325319553167684e-01 -9.871661963546261020e-01 -9.459690523286299335e-01 -9.745570330415563864e-01 -9.838845240684215288e-01 -9.791927052104241191e-01 -8.734060156873749703e-01 -9.948523623421661188e-01 -9.875282360135544391e-01 -8.087235297457716632e-01 -7.188264997319361305e-01 -7.152240727535170706e-01 -7.065599771355216552e-01 -6.569526290215671471e-01 -3.354677048833683561e-01 -4.809365992306979809e-01 -5.952129646286667963e-01 -3.644732599674402884e-01 -8.710249537299019629e-01 -9.497121687882142949e-01 -9.657081279086746628e-01 -8.495870084367667108e-01 -8.033360884756427511e-01 -5.991561526376081304e-01 -2.771479415795432000e-01 -7.514782474752190744e-01 -8.304079848036746148e-01 -8.469339321000560750e-01 -8.336953159948551351e-01 -8.074251146223502262e-01 -7.939615320347180871e-01 -8.009388835111139748e-01 -8.188935919102975358e-01 -8.459188152129779592e-01 -8.825612164016433114e-01 -9.289502919810507242e-01 -9.836500222568985707e-01 -9.876404380696961471e-01 -9.721094500121141291e-01 -9.460159375668650839e-01 -9.222937796931109933e-01 -9.085183018538629529e-01 -9.082760953004190840e-01 -9.236843332042451449e-01 -9.559806475665459935e-01 -9.959693908706883647e-01 -9.945447378725732479e-01 -9.944838176860466561e-01 -9.945722597570827439e-01 -9.948913469213056526e-01 -9.955788968916740034e-01 -9.967922832694869895e-01 -9.985985130541548127e-01 -9.991635311717043111e-01 -9.968737140707026878e-01 -9.949013768167492833e-01 -9.934448403508852055e-01 -9.925724697050219980e-01 -9.923470504767322176e-01 -9.929296227072473835e-01 -9.946634347304149637e-01 -9.981906290246019831e-01 -9.952997733655226664e-01 -9.833778560469115249e-01 -9.591446589980578974e-01 -8.888952281010755740e-01 1.149659727233545564e-01 -8.613189291321883267e-01 -9.205908458209949297e-01 -9.445518500325335021e-01 -9.597008200211923912e-01 -9.738578276266828260e-01 -9.976698404586186175e-01 -8.759999235163250519e-01 -7.322405564005625145e-01 -7.664618979729187487e-01 -8.600797557034959295e-01 -9.967346275487863894e-01 -8.258037420083172986e-01 -6.632115349936029691e-01 -5.176820881867716384e-01 -3.943162693105136674e-01 -2.957271520203537674e-01 -2.229995737257840782e-01 -1.766973276558137240e-01 -1.582859050011748703e-01 1.717768322901593037e-01 2.256056815079337530e-01 3.363116182978467261e-01
2.852322782207437979e-14 9.999722711139493736e-01 9.999724201823003700e-01 9.999724147320928624e-01 9.999723172761891821e-01 9.999722113287128344e-01 9.999722108401114529e-01 9.999724719103891823e-01 9.999732064813278143e-01 9.999746967658661445e-01 9.999773073416748925e-01 9.999814885299846967e-01 9.999877590326311516e-01 9.999966466135215004e-01 9.999914486482045506e-01 9.999765245756367937e-01 9.999594634177155772e-01 9.999428510150076832e-01 9.999322711908752437e-01 9.999382195866277634e-01 9.999787105109393393e-01 9.999175797836457047e-01 9.997083245173811195e-01 9.993363065453345628e-01 9.987331608433657193e-01 9.978333699982039340e-01 9.966057272065883543e-01 9.951093116137994521e-01 9.935747543991809705e-01 9.924930841525128056e-01 9.926589566639991702e-01 9.950724302690365786e-01 9.994009681804691958e-01 9.907025839982358528e-01 9.802534226577126475e-01 9.714035693117770709e-01 9.699758771739036556e-01 9.848750565578620053e-01 9.726122221267384793e-01 8.991268577041789944e-01 8.085931503687709965e-01 7.405510792376324147e-01 7.702610304013934872e-01 9.340569085715815234e-01 4.187073471007940473e-01 4.404958634212521873e-02 -7.832265224864900718e-03 -1.389015150948574341e-02 -8.084527633237064137e-01 -9.367691084865231721e-01 -9.714203585594095580e-01 -9.843788792482429661e-01 -9.909016940342330049e-01 -9.939646278671279145e-01 -9.921188534333817977e-01 -9.709844520911169452e-01 -9.693952301396335791e-01 -9.864457226842326953e-01 -9.875279879606146949e-01 -9.626860311955615090e-01 -9.940252918686708350e-01 -9.948964332868633909e-01 -9.907242715583349790e-01 -9.829144788645256536e-01 -9.789747146742979744e-01 -9.829706536092713831e-01 -9.774407467293642071e-01 -8.321834130273441099e-01 -9.905307023934620814e-01 -9.993656973332243343e-01 -9.742628178702353869e-01 -8.362431170980217932e-01 -7.620442289085535004e-01 -7.551679877093060433e-01 -7.152908173555538873e-01 -4.248296688883603234e-01 -5.934916442531970038e-01 -6.866009108294232055e-01 5.393541187331258452e-02 -8.143762047960445560e-01 -9.333633525575286694e-01 -9.977828505880675936e-01 -8.177777936199080999e-01 -7.055018246801664228e-01 -4.607338094007664142e-01 -2.886391161135951761e-02 -6.683875867259471137e-01 -8.003646480256682016e-01 -8.697666024406576213e-01 -9.365589325769784201e-01 -9.789505191783927085e-01 -9.977729846365693822e-01 -9.939558515504327563e-01 -9.904554783767584025e-01 -9.893856181257328908e-01 -9.896825531293745870e-01 -9.907898216681872983e-01 -9.923991841697595850e-01 -9.943373718729218158e-01 -9.965002336072424916e-01 -9.988060866643244662e-01 -9.988404486477659994e-01 -9.965717314062021437e-01 -9.945337159308135222e-01 -9.928604211083102982e-01 -9.916463502681788222e-01 -9.909424514880948998e-01 -9.907763941960513465e-01 -9.911783088892663907e-01 -9.921948035395232735e-01 -9.938839554665587217e-01 -9.962922192908949537e-01 -9.994224216962760421e-01 -9.967986092217981930e-01 -9.925159245216056414e-01 -9.878695374337805868e-01 -9.829404488632461634e-01 -9.776867106617774805e-01 -9.718474338669377266e-01 -9.645572321782773795e-01 -9.510978844657766995e-01 -9.354457900925063907e-01 -9.701554692995548734e-01 -9.598391606236141849e-01 -9.538491211118098612e-01 -9.497706565932579892e-01 -9.471719127561567531e-01 -9.458167416169080965e-01 -9.454392331895281609e-01 -9.460119680291487754e-01 -9.501288780319375737e-01 -9.992417752890806470e-01 -8.409792391869440609e-01 -7.301238349852324783e-01 -6.930726522130216116e-01 -7.111963239444617502e-01 -7.735090775730648627e-01 -8.810312239872729601e-01 -9.585002001835013496e-01 -7.824940685062563572e-01 -6.198289260591171024e-01 -4.778580250519239292e-01 -3.601416724737018793e-01 -2.679851030414177604e-01 -2.015813263970472613e-01 -1.610579469695006816e-01 -1.477658368503945163e-01 1.656940845926380967e-01 2.231682777594440337e-01 3.363116073859234723e-01
9.999645099623369893e-01 9.999648101702689473e-01 9.999647885883757858e-01 9.999644951227363299e-01 9.999639922521754709e-01 9.999633637807059383e-01 9.999627265036675761e-01 9.999622453200071037e-01 9.999621520978735356e-01 9.999627679403447766e-01 9.999645270743989789e-01 9.999679978686520920e-01 9.999738916919462817e-01 9.999830423776586708e-01 9.999963266470313084e-01 9.999855224973590584e-01 9.999622814505323420e-01 9.999348800314100671e-01 9.999064513340165661e-01 9.998839162286281557e-01 9.998801806331634179e-01 9.999168544986651863e-01 9.999729777385101270e-01 9.997431721430718454e-01 9.993364430551247013e-01 9.986937014532476509e-01 9.977765392680755241e-01 9.966094129633160659e-01 9.953460545365067080e-01 9.943546604960000757e-01 9.942874730044329867e-01 9.960344541725029144e-01 9.996256870515745074e-01 9.928176418606982079e-01 9.851852214248431050e-01 9.795376164463098778e-01 9.792998154385448295e-01 9.887287651465098692e-01 9.869754087933428899e-01 9.455927100568420895e-01 8.933091548878168142e-01 8.520165667923003117e-01 8.676454993536882876e-01 9.711264848693377250e-01 6.468378780584940202e-01 3.424253380807715796e-01 2.737003098919714161e-01 4.569161188691361897e-01 -6.030231812036375150e-01 -8.434581817500287348e-01 -9.146777181564916814e-01 -9.427562583786948114e-01 -9.553702024937352766e-01 -9.620737398178670352e-01 -9.676381962641159573e-01 -9.331891189148184829e-01 -9.447924942794510006e-01 -9.770159974694205829e-01 -9.809871342334852695e-01 -9.486126625357163000e-01 -9.915976808480260196e-01 -9.937053281550449757e-01 -9.954800279672875174e-01 -9.939341609111083109e-01 -9.899781515816710176e-01 -9.811295793229405371e-01 -9.718672986774701261e-01 -6.700938931629509820e-01 -9.797468092419626684e-01 -9.846688868601941591e-01 -9.859325225445481067e-01 -9.876829129234188098e-01 -9.970714182909027334e-01 -8.768877698947865618e-01 -7.730019809781724094e-01 -5.128530300991611668e-01 -7.318947313036058278e-01 -7.825375493498508694e-01 -7.492179836919106162e-01 4.723329571693701268e-01 -8.756788285344221379e-01 -9.769573364406481941e-01 -9.676766233492662961e-01 -7.770720765661014440e-01 -3.766468691462962481e-01 3.838293363236056077e-01 -5.639541738501434587e-01 -8.178226395977794549e-01 -9.310742917085215176e-01 -9.772036908561888557e-01 -9.987337272997297566e-01 -9.900303501788657590e-01 -9.840646969461995797e-01 -9.812134287556648626e-01 -9.804769278745677497e-01 -9.813253626074142089e-01 -9.834461159925297347e-01 -9.866333326607079623e-01 -9.907283446510823932e-01 -9.955812306549303159e-01 -9.989745847014933622e-01 -9.931729136341123088e-01 -9.872477274915300027e-01 -9.814013608811056333e-01 -9.758055472918667483e-01 -9.705962593084501711e-01 -9.658861875209751036e-01 -9.617901272933815360e-01 -9.584537219122603036e-01 -9.560820062365271710e-01 -9.550355386142701519e-01 -9.597406142537121543e-01 -9.539675753312711892e-01 -9.570799601404098578e-01 -9.609137545008556991e-01 -9.656390923741852150e-01 -9.711498840304321201e-01 -9.774011938344334682e-01 -9.845113666469816893e-01 -9.928439373758375375e-01 -9.968856921591613407e-01 -9.836317839214666625e-01 -9.656866913203524527e-01 -9.409340591284844901e-01 -9.087189392604611005e-01 -8.725082331893326826e-01 -8.380675046799765937e-01 -8.094198194821684567e-01 -8.034813547704815484e-01 -9.056093637546454023e-01 -9.508033036174035058e-01 -8.268659724366893560e-01 -7.367976802685481941e-01 -6.841968001345578587e-01 -6.728476783470751510e-01 -7.038201945270718962e-01 -7.776763261216087519e-01 -8.995488849790828079e-01 -9.248303673984032969e-01 -7.444873905232473055e-01 -5.821661839846861142e-01 -4.435899439670774602e-01 -3.308664534214956210e-01 -2.442196565638953543e-01 -1.831702173065288541e-01 -1.475427834895341184e-01 -1.386193595430408598e-01 1.603733294332956028e-01 2.210250151417709752e-01 3.363115977614442031e-01
9.999625519434590659e-01 9.999628388889060249e-01 9.999626779724697379e-01 9.999621131175073785e-01 9.999611950803244387e-01 9.999599909240853846e-01 9.999585970605393559e-01 9.999571570104984763e-01 9.999558851725289799e-01 9.999550978020925740e-01 9.999552518457469619e-01 9.999569908455029354e-01 9.999611942024396738e-01 9.999690207674574172e-01 9.999819288538406292e-01 9.999983589151524299e-01 9.999699977278135865e-01 9.999313434337804285e-01 9.998815565255001481e-01 9.998216043465059100e-01 9.997557588509223825e-01 9.996936033172744152e-01 9.996523540420900744e-01 9.996589147156093036e-01 9.997504707459812234e-01 9.999716229624420194e-01 9.996349403328297356e-01 9.990477776738870830e-01 9.982994602080239588e-01 9.975283890087739413e-01 9.970596005450330646e-01 9.975310918246201863e-01 9.999477410845487579e-01 9.957413890264766865e-01 9.939045685976745093e-01 9.955728943039635626e-01 9.967328197844993465e-01 9.950822556594635104e-01 9.903921362132103168e-01 9.846081371934334303e-01 9.818665678567929378e-01 9.868988155447890875e-01 9.994551026248915671e-01 9.879380049456533142e-01 9.940889461894218959e-01 9.138519166861873710e-01 7.816190066462870289e-01 7.035718659973669853e-01 9.883366917561395848e-01 9.970107875418710019e-02 -4.626687906600917000e-01 -7.085395988425466918e-01 -8.117384778007862289e-01 -8.504086742315909442e-01 -8.406258015335789091e-01 -7.034859557794344020e-01 -7.876978099647197196e-01 -9.178192592280549622e-01 -9.220410355216928089e-01 -8.771374171006465215e-01 -9.852351889011250474e-01 -9.939791099094401616e-01 -9.954448441417258486e-01 -9.953218495420010914e-01 -9.934282227455937253e-01 -9.866864718995435046e-01 -9.590065508642021674e-01 -4.475175443801491237e-01 -9.317123376407767665e-01 -9.551711945500932499e-01 -9.608284618338727157e-01 -9.618422210889142621e-01 -9.612383126716610438e-01 -9.618960508217777594e-01 -9.646268381394594860e-01 -6.113520192934248643e-01 -9.153500857621729159e-01 -9.033741046957872722e-01 -9.183944143917776026e-01 -9.360771304691628547e-01 -9.643184840454687157e-01 -9.790488141669996258e-01 -8.707591184952220287e-01 -6.263107736163034955e-01 -9.330682318802256958e-01 -7.063083351298123924e-01 -6.492722742494403398e-01 -7.709570964849995489e-01 -8.837627437800080754e-01 -9.780764407219493251e-01 -9.561312191395436866e-01 -9.218527758905509240e-01 -9.099085525496267701e-01 -9.123160788237423269e-01 -9.231242417064406958e-01 -9.382184720657852361e-01 -9.548746931133678117e-01 -9.713136927475329863e-01 -9.863673872157516787e-01 -9.992760076698424809e-01 -9.905024410925094003e-01 -9.831688560813763855e-01 -9.785580421240855920e-01 -9.763848757278955626e-01 -9.763069112785629500e-01 -9.779775175638036888e-01 -9.810761706403398064e-01 -9.853080349235482371e-01 -9.903749990802122039e-01 -9.959326541997786109e-01 -9.984417590553409383e-01 -9.932679398313669639e-01 -9.890123553267364809e-01 -9.860230051451839284e-01 -9.845285775116630056e-01 -9.847431437384289721e-01 -9.872099318821756508e-01 -9.940232666672792483e-01 -9.846618361531971342e-01 -9.138147161665449714e-01 -8.087819071102697599e-01 -7.163085822241122003e-01 -6.451379365643979957e-01 -5.943866537102937553e-01 -5.620539903405596949e-01 -5.576741884455742593e-01 -6.155516529977479445e-01 -7.069241007956301726e-01 -8.231246387750277282e-01 -9.622049560416703340e-01 -8.934725102767769878e-01 -7.799291759248666578e-01 -7.006355280621314741e-01 -6.585882545984441672e-01 -6.569021076639506296e-01 -6.971079601757317334e-01 -7.815201933212917451e-01 -9.170973617621915874e-01 -8.947484078691191334e-01 -7.111067439559383141e-01 -5.495027304688034908e-01 -4.140979031605401262e-01 -3.057476194500696187e-01 -2.238110761317389508e-01 -1.673037758985771173e-01 -1.358378359834090943e-01 -1.306544230183010191e-01 1.557147382235705146e-01 2.191397409979477795e-01 3.363115892725312972e-01
9.999757422215613811e-01 9.999762538073091456e-01 9.999763044435655557e-01 9.999759264419965099e-01 9.999751476819886964e-01 9.999739992881250261e-01 9.999725265000687369e-01 9.999708043419563985e-01 9.999689602457991766e-01 9.999672064076986500e-01 9.999658852594267566e-01 9.999655318253580782e-01 9.999669565456973386e-01 9.999713507734883100e-01 9.999804136802791232e-01 9.999964925024701357e-01 9.999772839602676378e-01 9.999369157355095794e-01 9.998775430865182168e-01 9.997936447882944666e-01 9.996795188433585944e-01 9.995301289062747951e-01 9.993423287238525354e-01 9.991163217993761503e-01 9.988569714614951023e-01 9.985743190540304903e-01 9.982826060197663720e-01 9.979976326892443517e-01 9.977340900146925984e-01 9.975095319053224330e-01 9.973856588012112168e-01 9.978178827073057588e-01 9.976878128213000352e-01 9.882363139608494329e-01 9.799725504090064376e-01 9.756438495677997036e-01 9.795622921525257709e-01 9.971681590604869472e-01 9.677866005828614782e-01 9.190144119185120752e-01 8.701184059658995107e-01 8.466911394896130538e-01 8.871009403039984420e-01 9.565121236691148665e-01 7.239529213987312417e-01 5.597803994337202660e-01 6.809935651632229581e-01 3.381259941836244898e-01 -3.932099472879750923e-01 -7.005200149680875787e-01 -8.312338093747970724e-01 -8.905370263769413208e-01 -9.145818687668416658e-01 -9.163875567708447134e-01 -9.024417182577466612e-01 -8.394532533475468350e-01 -8.841737485972862576e-01 -9.368375935048844916e-01 -9.545409587102425819e-01 -9.464315825986848729e-01 -9.879246655203877125e-01 -9.984852333413303249e-01 -9.993677101303987120e-01 -9.990196117733332049e-01 -9.987030215245132903e-01 -9.885593425493371944e-01 -9.338356209097868899e-01 -8.472946768499475256e-01 -8.947226289070180361e-01 -8.883958372966292982e-01 -8.606334514712005168e-01 -7.981757793915620347e-01 -6.195088511146767951e-01 4.873351274561528168e-01 -6.247095294511378905e-01 -9.034989256559147197e-01 -8.184982304914890650e-01 -9.636387593282055297e-01 -9.797881115202339286e-01 -9.879860875083188443e-01 -9.766142647807547483e-01 -9.748660746931913090e-01 -9.029942303011315730e-01 -6.812737647682435282e-01 -1.781263178271427494e-01 -2.306366438932126450e-01 -6.634419210899625829e-01 -8.126683403865870847e-01 -9.862437113525714949e-01 -9.913040370587979933e-01 -9.891006022187484037e-01 -9.872771148353167714e-01 -9.865525407357156329e-01 -9.869788316756435975e-01 -9.884662610531056437e-01 -9.908666269492956147e-01 -9.939791905960451146e-01 -9.975451791106362265e-01 -9.987452371035312471e-01 -9.952358885283868473e-01 -9.922211267293028492e-01 -9.899183262868458399e-01 -9.884706411672266047e-01 -9.879783352473323621e-01 -9.885587848051520243e-01 -9.904304636507487158e-01 -9.940202737256381704e-01 -9.999358814763832370e-01 -9.905850756654218658e-01 -9.778403364220252802e-01 -9.636304910822001135e-01 -9.514883729057395101e-01 -9.442086061743408809e-01 -9.434850794012002995e-01 -9.623817863165982089e-01 -9.332171619303810672e-01 -8.118102913141559407e-01 -7.033861566467251025e-01 -6.112136532040916004e-01 -5.364428765566023882e-01 -4.803517267709762617e-01 -4.455913465320067157e-01 -4.346377200655144324e-01 -4.466810857215111064e-01 -4.805521060756526852e-01 -5.365189039330716669e-01 -6.156869090967046487e-01 -7.193064529940906837e-01 -8.479512510840966355e-01 -9.999122128039061863e-01 -8.550670952390618806e-01 -7.455839218381496991e-01 -6.723566337377349100e-01 -6.374466137419901868e-01 -6.432055433624438434e-01 -6.913746213621237979e-01 -7.854302787316388423e-01 -9.338004546472444822e-01 -8.679292654324975986e-01 -6.818610216632240428e-01 -5.211985628083011246e-01 -3.886939493005558410e-01 -2.841508464082866947e-01 -2.062408510973481879e-01 -1.535969610903944182e-01 -1.256802312182645209e-01 -1.237083756499340187e-01 1.516324750560272272e-01 2.174808861300769613e-01 3.363115817851848877e-01
9.999950806893453947e-01 9.999958641852848551e-01 9.999963187613546411e-01 9.999964707888990834e-01 9.999963334949355520e-01 9.999959113358214413e-01 9.999952060941486032e-01 9.999942261580342384e-01 9.999930011561350973e-01 9.999916051452336641e-01 9.999901929545231827e-01 9.999890561530804245e-01 9.999887074481412785e-01 9.999900050704826349e-01 9.999943316215665901e-01 9.999961555263737756e-01 9.999781838478726259e-01 9.999469161075386081e-01 9.998953743507713599e-01 9.998137198030182526e-01 9.996883601943535869e-01 9.995008154112154930e-01 9.992261652772139735e-01 9.988306796770072271e-01 9.982678703323936142e-01 9.974719509620612046e-01 9.963492294416476103e-01 9.947799874585706581e-01 9.927033290633604512e-01 9.905401907940192263e-01 9.900624809312317254e-01 9.937776118310034379e-01 9.976833102805634512e-01 9.858701011292406724e-01 9.737229770957547270e-01 9.658992195370471601e-01 9.692698701221227342e-01 9.926714067293226362e-01 9.568061823678870592e-01 8.845951514707240948e-01 8.108844975287440304e-01 7.723399494862973613e-01 8.248681251724571117e-01 9.390250839811828953e-01 5.933902926127475608e-01 3.612930168584670976e-01 4.641118152713463729e-01 2.148162143644444799e-01 -5.440544054023929155e-01 -7.896494031546392733e-01 -8.821801488369640509e-01 -9.232149873478359137e-01 -9.449132174392550487e-01 -9.585760666282931997e-01 -9.637603371965411947e-01 -9.343609262026640883e-01 -9.574760690748826963e-01 -9.841962995839972361e-01 -9.900617944761158640e-01 -9.979207713413233982e-01 -9.970915577202597024e-01 -9.975323038071811643e-01 -9.966349598063440896e-01 -9.978623408931228678e-01 -9.978032832583249023e-01 -9.917143084243921214e-01 -9.834900193212209318e-01 -9.199700929272039973e-01 -9.627673961866941577e-01 -9.425104268702213517e-01 -9.323220477499116754e-01 -9.214248007397978224e-01 -9.028950815494950488e-01 -8.652400128279652547e-01 -7.524540467355048667e-01 5.197095233046420543e-02 -3.754693132316059279e-01 -8.803737278468322103e-01 -9.333885640188982480e-01 -9.491427609263538567e-01 -9.286275172140014966e-01 -7.840625092577518940e-01 -7.003051743403764240e-01 -5.586622734147034253e-01 -1.421951834284529703e-01 -5.630114052831684812e-02 -6.082743678579329849e-01 -7.874646860414586946e-01 -8.900440983397502892e-01 -9.695460836676699223e-01 -9.614400535077859411e-01 -9.263329063172144329e-01 -9.377945750356329047e-01 -9.455344032385019082e-01 -9.445700811573812805e-01 -9.398834268285342075e-01 -9.354229713607569163e-01 -9.335884678107341239e-01 -9.353645364733428336e-01 -9.405023894011175223e-01 -9.479989635089269839e-01 -9.574955589051107330e-01 -9.811175473315545403e-01 -9.475212459930976161e-01 -8.713213188060712211e-01 -8.028119807377080974e-01 -7.444349256101228107e-01 -6.975998019174629583e-01 -6.637443019252922127e-01 -6.471733535569393903e-01 -6.629695206993645451e-01 -7.142542330583874222e-01 -7.944316201033576608e-01 -9.038337753464767976e-01 -9.573307558082888580e-01 -8.207390442286630616e-01 -7.016706966016463820e-01 -6.023069274097746506e-01 -5.231688234734338527e-01 -4.640353480268687436e-01 -4.245341471871839634e-01 -4.044680502876490391e-01 -4.039738408469548125e-01 -4.236011675372569063e-01 -4.643499441827336760e-01 -5.276453154977843729e-01 -6.151922108357477104e-01 -7.285985049466081609e-01 -8.685365239058508990e-01 -9.680164228847902841e-01 -8.234314089290223349e-01 -7.169689799400380537e-01 -6.485349872191760179e-01 -6.193995078137826127e-01 -6.314096511045166338e-01 -6.865889472956565598e-01 -7.893904996085095993e-01 -9.495660791105254850e-01 -8.441225864005211799e-01 -6.562914089083626834e-01 -4.966734537004401928e-01 -3.667806807894288257e-01 -2.655408370208111046e-01 -1.910769083249117539e-01 -1.417289682962833697e-01 -1.168492809115801168e-01 -1.176430242213178795e-01 1.480525578681936016e-01 2.160208548907600057e-01 3.363115751812491561e-01
9.999923623191637745e-01 9.999914889291552367e-01 9.999908018079657346e-01 9.999902713610958616e-01 9.999898865144258853e-01 9.999896498989673255e-01 9.999895754852232699e-01 9.999896848907150471e-01 9.999900007125430701e-01 9.999905342048935886e-01 9.999912629864717850e-01 9.999920919244184025e-01 9.999927864697036872e-01 9.999928619048775724e-01 9.999914033360641774e-01 9.999867785127442010e-01 9.999761865970580033e-01 9.999549571356963762e-01 9.999154676631091254e-01 9.998454716778328866e-01 9.997254946038369727e-01 9.995247198998887805e-01 9.991944123242462172e-01 9.986575584362922253e-01 9.977942685872640549e-01 9.964302884491379464e-01 9.943688695800275701e-01 9.915811586296658930e-01 9.886332316589866442e-01 9.868987394247870082e-01 9.879680976775179202e-01 9.929672481739295620e-01 9.976628182928209965e-01 9.847319531509309831e-01 9.708983797375707603e-01 9.613058169585988466e-01 9.640921028179776364e-01 9.901458865497563266e-01 9.512165242314741809e-01 8.664752807187828809e-01 7.797632349391405704e-01 7.335105547857556640e-01 7.919233329666639509e-01 9.301310308590293729e-01 5.314887364310274531e-01 2.759428301448776932e-01 3.709650255368798222e-01 1.687438147351286721e-01 -5.921852600120657284e-01 -8.177755332042178082e-01 -9.014212746028353873e-01 -9.394468824231796411e-01 -9.601424902480193424e-01 -9.721258037966097332e-01 -9.766751729078729793e-01 -9.596160040937031788e-01 -9.751515924969532678e-01 -9.911160344647969023e-01 -9.953667487837023486e-01 -9.899771631501209646e-01 -9.952529563871682639e-01 -9.947308021115726095e-01 -9.913927132750520732e-01 -9.980544189175963865e-01 -9.952881993510424019e-01 -9.963266710288716244e-01 -9.931211946752569464e-01 -9.453486425028121420e-01 -9.797946486669508737e-01 -9.653241206854005219e-01 -9.298206005584370715e-01 -9.150078852305697508e-01 -9.053531181616394363e-01 -8.843870280238800285e-01 -8.178806848509853067e-01 -4.104544348121230146e-01 6.964471387545848602e-01 -8.154035741196224985e-01 -9.134568185834267551e-01 -9.398725741769686781e-01 -8.470811616599903671e-01 -7.351300383111755155e-01 -6.598726632534530623e-01 -5.178820910469356109e-01 -1.108237809060632906e-01 3.992067234652716540e-02 -5.679699145386009063e-01 -7.697219470128829899e-01 -8.875496082207625648e-01 -9.813979271571549035e-01 -9.339399193215924821e-01 -8.609788716301757239e-01 -7.988125435951318742e-01 -7.490322993892030157e-01 -7.135505446269533314e-01 -6.939027383387141867e-01 -6.913347274397650954e-01 -7.069970423409233096e-01 -7.419077139918600627e-01 -7.968158089397285870e-01 -8.720985111395750389e-01 -9.675003544889484441e-01 -9.245921188373630306e-01 -8.259704934433222956e-01 -7.417943714473970163e-01 -6.745248568218474849e-01 -6.257036996296861942e-01 -5.964970856876927741e-01 -5.880217790342618933e-01 -6.015291758062722982e-01 -6.385945796013557940e-01 -7.013271094767491443e-01 -7.924806738209959622e-01 -9.153650140619318254e-01 -9.315636126392112804e-01 -7.876778327216897857e-01 -6.649179942931304765e-01 -5.645335729242916267e-01 -4.862609586070287815e-01 -4.292751152268100556e-01 -3.927708992072232452e-01 -3.762818528483971026e-01 -3.798374584955683808e-01 -4.040285459130151247e-01 -4.500139464805258949e-01 -5.194616938818377161e-01 -6.143683182006105525e-01 -7.366134034797392482e-01 -8.869591555468624433e-01 -9.407169783227097293e-01 -7.963932482341615771e-01 -6.925255347859894384e-01 -6.281445941231642571e-01 -6.038767788912468015e-01 -6.212523702503653933e-01 -6.826227573166325779e-01 -7.933106543593025917e-01 -9.642985642080028619e-01 -8.230684162677925908e-01 -6.339629607029687586e-01 -4.754109526310204004e-01 -3.478465141204400979e-01 -2.494685419291003958e-01 -1.779593057208380125e-01 -1.314318238806340133e-01 -1.091590621363976166e-01 -1.123405710551959036e-01 1.449110758415982914e-01 2.147355019741173932e-01 3.363115693564779907e-01
9.999809942726499701e-01 9.999845663723659905e-01 9.999837806106532945e-01 9.999830472929830405e-01 9.999823529670849309e-01 9.999816994793060410e-01 9.999811038152598419e-01 9.999805980240930037e-01 9.999802281208521881e-01 9.999800499510586027e-01 9.999801183725383069e-01 9.999804632661780657e-01 9.999810409997936800e-01 9.999816416481025483e-01 9.999817181550390011e-01 9.999800796325117869e-01 9.999743499147277781e-01 9.999600213829560325e-01 9.999288097271173958e-01 9.998657984474205174e-01 9.997445001654083896e-01 9.995184569768876814e-01 9.991077760775773919e-01 9.983813129803257302e-01 9.971477148767260434e-01 9.952032147920678584e-01 9.925106925052135098e-01 9.894539586719303115e-01 9.868770871937283529e-01 9.858480479597246937e-01 9.874605483388557703e-01 9.927236318541312610e-01 9.977050585618449929e-01 9.843575996757505386e-01 9.697703232299560439e-01 9.592774855361477782e-01 9.616357785450609930e-01 9.888338171296155998e-01 9.485289851786895543e-01 8.574460350390202823e-01 7.641745965366829596e-01 7.140646159569037366e-01 7.752527035500527131e-01 9.260278165926881799e-01 5.025212794703993735e-01 2.377128473690487409e-01 3.282620633536936228e-01 1.534317542504554377e-01 -6.103676290092285850e-01 -8.285670872322418168e-01 -9.089265844570842967e-01 -9.456771747373846626e-01 -9.657812198707812490e-01 -9.774102832378497308e-01 -9.824684847512150654e-01 -9.720948020425095315e-01 -9.833561127639530719e-01 -9.938309427866655055e-01 -9.975203664841582052e-01 -9.842406879502955119e-01 -9.944722197081984350e-01 -9.942717258105947531e-01 -9.916676263942080238e-01 -9.961551577105909328e-01 -9.985839785632425469e-01 -9.994000968785913264e-01 -9.969366894313782534e-01 -9.578051738450342745e-01 -9.852622462714305529e-01 -9.775971814931275761e-01 -9.419654582741041615e-01 -9.131106873345907760e-01 -9.094348690213091002e-01 -8.980209966401825339e-01 -8.493593666031445943e-01 -5.382736762782084350e-01 1.334557200603539162e-01 -7.578177122571296831e-01 -9.007817222839583637e-01 -9.340378532095005015e-01 -8.225641421121387964e-01 -7.188715372347881383e-01 -6.393995582109244236e-01 -4.917113852767240334e-01 -8.445688424400418781e-02 1.050885123265733329e-01 -5.356858527188854691e-01 -7.542028111875440644e-01 -8.843171227507086174e-01 -9.894825385941513618e-01 -9.172519596678729847e-01 -8.386717903684588471e-01 -7.731283708646109476e-01 -7.218254194890419972e-01 -6.863908528795680253e-01 -6.682208451023838869e-01 -6.684858313361592419e-01 -6.882506267375929632e-01 -7.285445520465206881e-01 -7.903392635633439411e-01 -8.743743944678831204e-01 -9.807395791903695814e-01 -9.024317828434049726e-01 -7.983268865136755599e-01 -7.110862814667918697e-01 -6.427670970528234218e-01 -5.944986270374106319e-01 -5.670790002837254873e-01 -5.613783999664713198e-01 -5.786154109354153530e-01 -6.205796034707807829e-01 -6.898107455643627262e-01 -7.896861563184811583e-01 -9.243422106391762094e-01 -9.105067957930367273e-01 -7.602157454954908689e-01 -6.341783770272867438e-01 -5.327723692029067148e-01 -4.550430010260370084e-01 -3.996677660278808997e-01 -3.655085882819668619e-01 -3.519029859534147375e-01 -3.588067544794822372e-01 -3.868508330591727273e-01 -4.373367691268170709e-01 -5.121620776446180745e-01 -6.136119428966871903e-01 -7.438460845593808379e-01 -9.037352616198833788e-01 -9.170114484988327597e-01 -7.730420105642268336e-01 -6.714782375363095301e-01 -6.105884959928061795e-01 -5.904819692953103827e-01 -6.124994954428957250e-01 -6.793369222493539361e-01 -7.971056480163309921e-01 -9.779414717796927059e-01 -8.044984062113599288e-01 -6.144740908073568209e-01 -4.569594109212883337e-01 -3.314570365299889243e-01 -2.355579724678855680e-01 -1.665876154814497634e-01 -1.224808932618098450e-01 -1.024523497193321198e-01 -1.077002818109572962e-01 1.421527008549416660e-01 2.136036826586518167e-01 3.363115642189631327e-01
3.607283775346131158e-05 9.999795291280491050e-01 9.999786781257976598e-01 9.999778047745401244e-01 9.999768917634235255e-01 9.999759385901374475e-01 9.999749629369897308e-01 9.999740033545614359e-01 9.999731226099168868e-01 9.999724102571125872e-01 9.999719813326044537e-01 9.999719648233516001e-01 9.999724693279324894e-01 9.999735015918262970e-01 9.999747916311549911e-01 9.999754371704404621e-01 9.999732037763324755e-01 9.999631758695985972e-01 9.999351992905303188e-01 9.998691321618070615e-01 9.997263744837772137e-01 9.994361357157295345e-01 9.988782545114776035e-01 9.978780226330647984e-01 9.962537371625743710e-01 9.939486012816129978e-01 9.911682608652718773e-01 9.883879324423786583e-01 9.862717699547958183e-01 9.856361428080780973e-01 9.874437849052006833e-01 9.927144835270036438e-01 9.977848145510256339e-01 9.844268478507401943e-01 9.696275972485675076e-01 9.587436180089636828e-01 9.607866808502493194e-01 9.882791976192574213e-01 9.474838513131510487e-01 8.535977290348842894e-01 7.572886620623259235e-01 7.053002278192617158e-01 7.675690232425499415e-01 9.244812064186199718e-01 4.900581119362000804e-01 2.214391566777700882e-01 3.088450823643925647e-01 1.516131327419990293e-01 -6.167900040302882747e-01 -8.328876077206580630e-01 -9.122528136118852604e-01 -9.486705979673477618e-01 -9.686973737029799247e-01 -9.803820103994177471e-01 -9.859714963529557785e-01 -9.798586278291809837e-01 -9.881885556693399408e-01 -9.952599992379355109e-01 -9.986760691863687533e-01 -9.807296168451006269e-01 -9.939605735883602078e-01 -9.939460292376771644e-01 -9.914585876602006742e-01 -9.972393576937165216e-01 -9.992322414927837793e-01 -9.990181075859317916e-01 -9.988186646276808744e-01 -9.648166485874302145e-01 -9.878553640100976585e-01 -9.828615327269650814e-01 -9.546202729671990905e-01 -9.212539762997722370e-01 -9.220780584294651083e-01 -9.160574871900900584e-01 -8.771741661521965661e-01 -6.133096141535403500e-01 -1.606900634498439895e-01 -7.067962570326044025e-01 -8.919165243554773026e-01 -9.294562167817466136e-01 -8.092583987181192207e-01 -7.095811696455738282e-01 -6.253972307689507071e-01 -4.720083039093597721e-01 -6.235434044475052923e-02 1.533888353135203497e-01 -5.088324480619959012e-01 -7.406946464689831977e-01 -8.814192468105584988e-01 -9.968272167127860683e-01 -9.024188666542087844e-01 -8.190021443581280147e-01 -7.506721844494925744e-01 -6.982264684877674821e-01 -6.629520444691494596e-01 -6.460165468094793972e-01 -6.484928895754722422e-01 -6.714818681126284439e-01 -7.161766894141303741e-01 -7.838221332257587770e-01 -8.755026003172282634e-01 -9.916536582297363900e-01 -8.840419604736339254e-01 -7.752002094433546597e-01 -6.852783875557683091e-01 -6.159148947604016211e-01 -5.678755611312685803e-01 -5.416993442269734116e-01 -5.381328388106940697e-01 -5.584305887922392797e-01 -6.045910254425105324e-01 -6.795456842944148645e-01 -7.872709572791967148e-01 -9.327490616512761346e-01 -8.915829278385587475e-01 -7.358389410751825510e-01 -6.071232589223930498e-01 -5.049805849639888988e-01 -4.278281539229655261e-01 -3.739080391525911873e-01 -3.418004511284427616e-01 -3.306845321860150677e-01 -3.404660617690288271e-01 -3.718271763108321748e-01 -4.262144441182605936e-01 -5.057533126414689439e-01 -6.130167066184489810e-01 -7.504486397307241763e-01 -9.190428327431259259e-01 -8.963342768769624325e-01 -7.527955875256824303e-01 -6.532885030386368364e-01 -5.954238493944780108e-01 -5.788972097200429934e-01 -6.049454720244814565e-01 -6.766071649706069113e-01 -8.007130775776506448e-01 -9.904791982637178860e-01 -7.881486132858789295e-01 -5.974629135574035521e-01 -4.409284760215096965e-01 -3.172448465586970578e-01 -2.234940984245145645e-01 -1.567102977949852705e-01 -1.146871264683125974e-01 -9.659568311095785564e-02 -1.036357511438168455e-01 1.397294409874369481e-01 2.126068653803922237e-01 3.363115596875928537e-01
9.999748201017123472e-01 9.999738204987947965e-01 9.999728881376831469e-01 9.999718666315956517e-01 9.999707332848875030e-01 9.999694854732112947e-01 9.999681436181927507e-01 9.999667569862508154e-01 9.999654121416737818e-01 9.999642431509313534e-01 9.999634407655476620e-01 9.999632536079293699e-01 9.999639654573595493e-01 9.999658143456497950e-01 9.999687820196500043e-01 9.999721084482754430e-01 9.999732423566572992e-01 9.999656716767348907e-01 9.999346337576927590e-01 9.998491844774248793e-01 9.996493750894841490e-01 9.992314211672712609e-01 9.984467444437580275e-01 9.971451422972630318e-01 9.952655350117182165e-01 9.929053352876959782e-01 9.903150778762606077e-01 9.878733807779426224e-01 9.861026936248943331e-01 9.857111952838659708e-01 9.876063006832302982e-01 9.928045553035672599e-01 9.978776545616202531e-01 9.847080424989611558e-01 9.699840510590053144e-01 9.589968964829308495e-01 9.608114624761259215e-01 9.881593071460884614e-01 9.473176600379548118e-01 8.525739178762229420e-01 7.551330873847279523e-01 7.023086857185784071e-01 7.647568952989424185e-01 9.242489878679273074e-01 4.860267039839953340e-01 2.159955901262664846e-01 3.009450284330277836e-01 1.558743542327243325e-01 -6.179036074028014802e-01 -8.343279794758204915e-01 -9.137519345632388879e-01 -9.502900529468041313e-01 -9.704752580767568304e-01 -9.823488142368902443e-01 -9.884017565800005123e-01 -9.852948229349457465e-01 -9.914119359915984919e-01 -9.961251185006295694e-01 -9.993870568491091122e-01 -9.782877529192269828e-01 -9.935711965971497639e-01 -9.936628965601943531e-01 -9.911108141962436946e-01 -9.981926037324719836e-01 -9.978680595507745110e-01 -9.980845276789938048e-01 -9.998769278824409801e-01 -9.690585819128700873e-01 -9.893587197104162234e-01 -9.857326398718750937e-01 -9.630736379603024311e-01 -9.327343511181562796e-01 -9.373597162313924702e-01 -9.342974199184680417e-01 -9.014304613430361712e-01 -6.675223206336270421e-01 -3.056666920627915118e-01 -6.618906609844208422e-01 -8.854849872330775584e-01 -9.257243797329183232e-01 -8.005941573818655677e-01 -7.033197730623852451e-01 -6.148539303008541124e-01 -4.563171078680843262e-01 -4.374576327901271572e-02 1.909142805243240204e-01 -4.861049508416324660e-01 -7.289266372214474599e-01 -8.789653487591092551e-01 -9.962820066030574351e-01 -8.889331224533837394e-01 -8.012649902105141164e-01 -7.305216765933140177e-01 -6.771100446777784665e-01 -6.420040903880049887e-01 -6.261694058644146077e-01 -6.306006928929305255e-01 -6.564452973713027495e-01 -7.050632504562504010e-01 -7.779744497402342196e-01 -8.766207728685696532e-01 -9.981841052808292369e-01 -8.674995005765798739e-01 -7.545790211517839907e-01 -6.624055570475932964e-01 -5.922083114089687905e-01 -5.444193345582832855e-01 -5.193535732835055097e-01 -5.176620998134139340e-01 -5.406472457119008146e-01 -5.905114928675742059e-01 -6.705658586998588522e-01 -7.853795885390577602e-01 -9.407963220355810563e-01 -8.744272482672442726e-01 -7.140897474761646047e-01 -5.832268466092691561e-01 -4.806015017130769729e-01 -4.040650932778727111e-01 -3.514792589545666091e-01 -3.211851322572629175e-01 -3.122336116575715192e-01 -3.244988634724267351e-01 -3.587220485799669789e-01 -4.164942403864496101e-01 -5.001631715029871694e-01 -6.125826480768916671e-01 -7.564783224527514838e-01 -9.329763348542330359e-01 -8.782705317824546221e-01 -7.352060388235810429e-01 -6.375315549418273386e-01 -5.822939147353999312e-01 -5.688580477748595987e-01 -5.984138127475062685e-01 -6.743298105834805156e-01 -8.040934535413775119e-01 -9.980750348474463074e-01 -7.737694502194646384e-01 -5.826088044618029649e-01 -4.269830657882272562e-01 -3.048995470574138444e-01 -2.130123832595210154e-01 -1.481159583629031162e-01 -1.078907749845506719e-01 -9.147535983853574693e-02 -1.000726535537878048e-01 1.375995932722557658e-01 2.117287973108028520e-01 3.363115556908685133e-01
9.999661282032525911e-01 9.999651902031906348e-01 9.999641431162453742e-01 9.999629290260102499e-01 9.999615171397735480e-01 9.999599041444779957e-01 9.999581195560508506e-01 9.999562364370282452e-01 9.999543879380488054e-01 9.999527893603125106e-01 9.999517628764840182e-01 9.999517554770908090e-01 9.999533254621577605e-01 9.999570392400728425e-01 9.999631490256922772e-01 9.999707769797266943e-01 9.999760546334434119e-01 9.999682116366416240e-01 9.999221479686760672e-01 9.997866753374808901e-01 9.994725919784812618e-01 9.988565241908246017e-01 9.978205013151999481e-01 9.963124402057202955e-01 9.943746417933000403e-01 9.921309203619855799e-01 9.897798110083911860e-01 9.876210115344720153e-01 9.861051429729282836e-01 9.858838839262397125e-01 9.878252271365018933e-01 9.929293390025744070e-01 9.979696079463163949e-01 9.850679868128632277e-01 9.705550520130694636e-01 9.596183032242676658e-01 9.612699294378317383e-01 9.882707684734912679e-01 9.475935367031880219e-01 8.530215395099818299e-01 7.554684476884058197e-01 7.023704161195784001e-01 7.645387200832444163e-01 9.246649047328623361e-01 4.863131262737040439e-01 2.160242192034067810e-01 2.989528128214758440e-01 1.627569016574858252e-01 -6.164754306871284006e-01 -8.343602014085816920e-01 -9.143396802550520786e-01 -9.512119801915430717e-01 -9.716610551959902198e-01 -9.837699902200467417e-01 -9.902210546555533233e-01 -9.893744762948211147e-01 -9.937305646413300275e-01 -9.966941589212886532e-01 -9.998619204627030577e-01 -9.764597664694754098e-01 -9.932539505638739996e-01 -9.934034802959298416e-01 -9.906955333853432188e-01 -9.989505165673743248e-01 -9.969038999826191905e-01 -9.974686337656610835e-01 -9.994787944843077643e-01 -9.717381407521422654e-01 -9.903331487772583097e-01 -9.875621164224804849e-01 -9.688485117242277012e-01 -9.447764445770505670e-01 -9.525964733875810220e-01 -9.513387004116575785e-01 -9.226946337601489301e-01 -7.109030088812858805e-01 -3.984721627034429892e-01 -6.224741709336668594e-01 -8.807097209258870629e-01 -9.226463733367185061e-01 -7.947449903993016873e-01 -6.988042141115192729e-01 -6.065624387467255518e-01 -4.434695731969894861e-01 -2.798737930651717248e-02 2.209081598871258656e-01 -4.666903518292705999e-01 -7.186698273469309672e-01 -8.769288705177840093e-01 -9.898756796288220583e-01 -8.766843135108166596e-01 -7.852996421972082697e-01 -7.124828232796148741e-01 -6.582713718906201272e-01 -6.233548789676874868e-01 -6.085209856273300355e-01 -6.147004032426173215e-01 -6.430913468808951983e-01 -6.952183756622071220e-01 -7.728738560249007739e-01 -8.778626101529976022e-01 -9.887227211249580705e-01 -8.525177541482135135e-01 -7.361123568799752270e-01 -6.420758102135093459e-01 -5.712461671178520328e-01 -5.237498130227360438e-01 -4.997043012350469438e-01 -4.996828847662691531e-01 -5.250405012847846331e-01 -5.781761906626512459e-01 -6.627656017786902609e-01 -7.839563591077658433e-01 -9.484508795053729902e-01 -8.589318321643981680e-01 -6.947383552041841437e-01 -5.621630802159861551e-01 -4.592476207376709474e-01 -3.833385534609618506e-01 -3.319669608153648088e-01 -3.032717122262946208e-01 -2.962002894637349448e-01 -3.106091890752767926e-01 -3.473026733226216023e-01 -4.080122297986432667e-01 -4.952981710338277832e-01 -6.122834529507232837e-01 -7.619673697595463757e-01 -9.456136977191694770e-01 -8.624790431760779308e-01 -7.199034820117822253e-01 -6.238566918925568805e-01 -5.709029452266837223e-01 -5.601422562368282287e-01 -5.927548787904310945e-01 -6.724208076201064754e-01 -8.072258867476392874e-01 -9.878201544050018157e-01 -7.611312303281269065e-01 -5.696307654638870233e-01 -4.148365069407538575e-01 -2.941586916943797481e-01 -2.038900156021941357e-01 -1.406262371419634005e-01 -1.019563131698575514e-01 -8.699417598167723253e-02 -9.694688687161553964e-02 1.357268607566800567e-01 2.109552151160919709e-01 3.363115521656983020e-01
9.997821830861878256e-01 9.999503472956700056e-01 9.999491693951660931e-01 9.999477166931181049e-01 9.999459445130725044e-01 9.999438530048986307e-01 9.999414965538691025e-01 9.999390036322715059e-01 9.999366084291148038e-01 9.999346944972011819e-01 9.999338460235325243e-01 9.999348894229295182e-01 9.999388764778024408e-01 9.999468887356113278e-01 9.999593899887565529e-01 9.999745544296722022e-01 9.999845153186968094e-01 9.999680987717427527e-01 9.998798325663990072e-01 9.996412102368871233e-01 9.991502775127960589e-01 9.983188285747457424e-01 9.971097307135726728e-01 9.955400648778710559e-01 9.936654887362263988e-01 9.915798330035618946e-01 9.894385858408423218e-01 9.874998887160983951e-01 9.861756638284159271e-01 9.860805673559069895e-01 9.880492270121715714e-01 9.930592579571537737e-01 9.980542801770483363e-01 9.854389853559443191e-01 9.711899766325334804e-01 9.603795204763204696e-01 9.619162708641186832e-01 9.884947611170080695e-01 9.480721494795402160e-01 8.541880304371665122e-01 7.570537772301046964e-01 7.039875877399623949e-01 7.656589367946258218e-01 9.253760944755795581e-01 4.887568213299779973e-01 2.187909851292768604e-01 3.000149428648316574e-01 1.705668617695690337e-01 -6.138375029008827921e-01 -8.336801473127274376e-01 -9.144398232144947958e-01 -9.517409275273346347e-01 -9.724969747285716615e-01 -9.848532888619799808e-01 -9.916479353190750246e-01 -9.925736406218599317e-01 -9.954833946647113629e-01 -9.970897660965434284e-01 -9.998029889174273599e-01 -9.750269365890867901e-01 -9.929861288984715983e-01 -9.931619969272089676e-01 -9.902403101995859158e-01 -9.996104900081831390e-01 -9.961543000181100060e-01 -9.970292015829435028e-01 -9.990659210233290288e-01 -9.734762028081067609e-01 -9.910104297115864824e-01 -9.888437236901926886e-01 -9.731008868847641491e-01 -9.565541700883173348e-01 -9.670024154772053349e-01 -9.669801794041106291e-01 -9.415798075548721391e-01 -7.475600998737741421e-01 -4.656712996240346403e-01 -5.878891884009930235e-01 -8.771005698510790927e-01 -9.201092647602134855e-01 -7.907983951216225327e-01 -6.954307917406423734e-01 -5.998772434547843257e-01 -4.327719161353027477e-01 -1.456729456295453862e-02 2.453429503265146250e-01 -4.500106119153938211e-01 -7.097270369282513425e-01 -8.752532372093965174e-01 -9.839624511580937760e-01 -8.656125712947874140e-01 -7.709953989015970732e-01 -6.964079751150178410e-01 -6.415425445110027880e-01 -6.068316850706250154e-01 -5.929066410345751326e-01 -6.006459874418812461e-01 -6.313010525240345672e-01 -6.865560876913113786e-01 -7.684687576488385963e-01 -8.792041292252882334e-01 -9.800096301381229225e-01 -8.389970579382053373e-01 -7.196250250533441362e-01 -6.240543017984079288e-01 -5.527559826103797258e-01 -5.055791536886241611e-01 -4.824676965517011307e-01 -4.839310930822651735e-01 -5.113788325925328060e-01 -5.673967241334693101e-01 -6.560063578101400505e-01 -7.829108062110216038e-01 -9.556523763980037112e-01 -8.450093821277225858e-01 -6.775794581757128565e-01 -5.436382843700946488e-01 -4.405704522119228694e-01 -3.652755682770005841e-01 -3.149986638407601403e-01 -2.877078219300323036e-01 -2.822673316070858363e-01 -2.985262071234047188e-01 -3.373528622039436708e-01 -4.006124625112567061e-01 -4.910654481682814598e-01 -6.120889479465857486e-01 -7.669441064567676936e-01 -9.570340250889567413e-01 -8.486674029039720235e-01 -7.065747497104535313e-01 -6.119694127521421168e-01 -5.610029765418340642e-01 -5.525624213047691802e-01 -5.878424888930025016e-01 -6.708127957371702310e-01 -8.101032688549717475e-01 -9.787239769795793576e-01 -7.500263675702915078e-01 -5.582841394920455835e-01 -4.042438078787552458e-01 -2.847999542332684819e-01 -1.959386822452974797e-01 -1.340900499764302312e-01 -9.676832955737982300e-02 -8.306876564902052063e-02 -9.420303358935726290e-02 1.340796054350369415e-01 2.102735943256922313e-01 3.363115490564564936e-01
9.999236329853234961e-01 9.999232025375465183e-01 9.999219802625414211e-01 9.999203321260914379e-01 9.999181814846256344e-01 9.999155408269043699e-01 9.999125272377071827e-01 9.999093995539553026e-01 9.999066193338695951e-01 9.999049352244360200e-01 9.999054794441755156e-01 9.999098343216429319e-01 9.999199506190717956e-01 9.999376260831837060e-01 9.999628992602442867e-01 9.999901472767949162e-01 9.999996181105825777e-01 9.999504583631307897e-01 9.997681784677617811e-01 9.993693813690789352e-01 9.986928473886523827e-01 9.977173881649680220e-01 9.964494110470327737e-01 9.949089730828952760e-01 9.931325142183129451e-01 9.911905731431387423e-01 9.892167531997226870e-01 9.874473517765826047e-01 9.862700078123243230e-01 9.862716723651983042e-01 9.882578200348330899e-01 9.931817113614097581e-01 9.981294609550427355e-01 9.857898558369715403e-01 9.718146972927087512e-01 9.611629431202269869e-01 9.626193056605789611e-01 9.887647348415095072e-01 9.486257505943478385e-01 8.556616727106919340e-01 7.592059156680703857e-01 7.063344219482665665e-01 7.674231498777082106e-01 9.261968829758464583e-01 4.921976142584427172e-01 2.228455746088323086e-01 3.026128582902327113e-01 1.784574516546159895e-01 -6.106778839203457210e-01 -8.326480602720786051e-01 -9.142719015458088405e-01 -9.520343293959910858e-01 -9.731086018389593084e-01 -9.857086009164485185e-01 -9.928016376817354605e-01 -9.951571106506442721e-01 -9.968550639709333749e-01 -9.973759717501762267e-01 -9.995570796189290341e-01 -9.738692342563065596e-01 -9.927554733538771492e-01 -9.929363885964879177e-01 -9.897610465581693218e-01 -9.997609534585777391e-01 -9.955329311532633563e-01 -9.966976297888198166e-01 -9.987917268432839890e-01 -9.746208343468619750e-01 -9.915041190886904054e-01 -9.897983552720488465e-01 -9.764633236218763779e-01 -9.677719318315158858e-01 -9.803676593277645956e-01 -9.812773371789043075e-01 -9.585130568087280034e-01 -7.794793645225295275e-01 -5.177097187439760884e-01 -5.575265563890502429e-01 -8.743324728115989819e-01 -9.180452948462646257e-01 -7.881509352200648522e-01 -6.928545784783053385e-01 -5.943966850398659796e-01 -4.237612808311881918e-01 -3.081413334421073593e-03 2.655251701075403981e-01 -4.356231388124127690e-01 -7.019263402391219264e-01 -8.738788889971992324e-01 -9.785423872939089662e-01 -8.556543836585420726e-01 -7.582344678461311327e-01 -6.821395410903836609e-01 -6.267424228695203103e-01 -5.922446831160018688e-01 -5.791405247461132166e-01 -5.882663578773639212e-01 -6.209272692805470895e-01 -6.789602947757370499e-01 -7.646774390296309232e-01 -8.805944973548971433e-01 -9.720421950250572873e-01 -8.268537049395596750e-01 -7.049588326549477424e-01 -6.081251374200267179e-01 -5.364844847226027946e-01 -4.896365588270888414e-01 -4.673730708338064144e-01 -4.701513565797361682e-01 -4.994355299692869177e-01 -5.579867261879728479e-01 -6.501509040055786226e-01 -7.821573303759462581e-01 -9.623567356291261587e-01 -8.325582644319562409e-01 -6.624072124649955651e-01 -5.273732340275774089e-01 -4.242481365792112324e-01 -3.495377975494501910e-01 -3.002402668367679106e-01 -2.741794554068932577e-01 -2.701527417814702514e-01 -2.880088373440665150e-01 -3.286791665833998510e-01 -3.941541778723816614e-01 -4.873804322089578811e-01 -6.119723598214650284e-01 -7.714386380796055542e-01 -9.673205064579643020e-01 -8.365817468598816253e-01 -6.949523845063885208e-01 -6.016206474193729337e-01 -5.523849270651348675e-01 -5.459600987784801740e-01 -5.835703609344238263e-01 -6.694519561738881963e-01 -8.127281358880567019e-01 -9.706678823818545299e-01 -7.402694695119250712e-01 -5.483566926565963673e-01 -3.949955245817283744e-01 -2.766345199900938079e-01 -1.889986587746086966e-01 -1.283789278603234274e-01 -9.222819316194881545e-02 -7.962742025011461389e-02 -9.179308006912643980e-02 1.326302139276873127e-01 2.096729317765783362e-01 3.363115463140595729e-01
9.998731635575350829e-01 9.998722442411726030e-01 9.998713385678348331e-01 9.998698491879787209e-01 9.998675887775035909e-01 9.998645873364583325e-01 9.998611081501814768e-01 9.998577133527958294e-01 9.861888623887072880e-01 9.998556599638616094e-01 9.920055864270477253e-01 9.988636667871789721e-01 9.998987878575250621e-01 9.999373670209058540e-01 9.999863489255286231e-01 9.999728018639825189e-01 9.999854353781206795e-01 9.998773040280383162e-01 9.995469571975940104e-01 9.989879120719067362e-01 9.981935540497117731e-01 9.971658779140424311e-01 9.959068146348708517e-01 9.944230502007758155e-01 9.927384837322151823e-01 9.909130089625283189e-01 9.890695100963357023e-01 9.874311873322263455e-01 9.863684190486391445e-01 9.864460689715727204e-01 9.884441520425063521e-01 9.932920887381164743e-01 9.981949769707797460e-01 9.861082234466926888e-01 9.723958373344581130e-01 9.619114882467421079e-01 9.633119108211800619e-01 9.890445788522824744e-01 9.491878229319674620e-01 8.572204944481495170e-01 7.615512817632317244e-01 7.089560422743833579e-01 7.694467063446258637e-01 9.270308324945425449e-01 4.960052015473981335e-01 2.274012138230748770e-01 3.059145862689454654e-01 1.860100528005271536e-01 -6.073662093538981788e-01 -8.314612486387937818e-01 -9.139583591887812108e-01 -9.521814026806191267e-01 -9.735682327098322819e-01 -9.864006103239956191e-01 -9.937541096708076838e-01 -9.972864234881647638e-01 -9.979555607954440077e-01 -9.975893673643553283e-01 -9.993711335815456120e-01 -9.729140940558387296e-01 -9.925544785584176077e-01 -9.927258529579739976e-01 -9.892690532666035264e-01 -9.991192646764962548e-01 -9.949959612584838853e-01 -9.964370497245644831e-01 -9.986050252875107169e-01 -9.753794276150576925e-01 -9.918765866046028723e-01 -9.905399547232890400e-01 -9.792867305917092313e-01 -9.782895180372157551e-01 -9.926513468182656119e-01 -9.943194746076421398e-01 -9.737753431227339496e-01 -8.077420117810203415e-01 -5.596577651184706514e-01 -5.308482897111370669e-01 -8.721826603428187719e-01 -9.164104773685154415e-01 -7.863856123721111313e-01 -6.908560141664205068e-01 -5.898484537553155826e-01 -4.161072327928338477e-01 6.791197133146679131e-03 2.823711357883489925e-01 -4.231749679945167042e-01 -6.951177492813978009e-01 -8.727518492950764317e-01 -9.736065311231139052e-01 -8.467357640118320372e-01 -7.468894032607069633e-01 -6.695118689404420120e-01 -6.136831166601236509e-01 -5.793980874322375296e-01 -5.670312133215347217e-01 -5.773850211536996069e-01 -6.118176747378035740e-01 -6.723105330957210857e-01 -7.614162134902549006e-01 -8.819865910394316666e-01 -9.648056547811372230e-01 -8.159942357270563162e-01 -6.919526152899715399e-01 -5.940770003414213019e-01 -5.221891611559280610e-01 -4.756659798120467797e-01 -4.541662996282122555e-01 -4.581049331465306684e-01 -4.889993400583768635e-01 -5.497735437730451036e-01 -6.450746116189263191e-01 -7.816246684688701318e-01 -9.685424175606948127e-01 -8.214639700918934251e-01 -6.490188064986327499e-01 -5.131065550729982938e-01 -4.099878408750197156e-01 -3.358228612320576789e-01 -2.873965976100661956e-01 -2.624111236335759378e-01 -2.596099167061809432e-01 -2.788462509155827385e-01 -3.211119507898307357e-01 -3.885134797981683041e-01 -4.841688603540079683e-01 -6.119120717846505686e-01 -7.754834754784490913e-01 -9.765589844377231543e-01 -8.260010534555768391e-01 -6.848072431957031858e-01 -5.925989395612804023e-01 -5.448718129798860721e-01 -5.402009865505901232e-01 -5.798488489776062460e-01 -6.682952253327328895e-01 -8.151094430229045562e-01 -9.635409634565402781e-01 -7.316962466020877631e-01 -5.396646435897097804e-01 -3.869123823154263508e-01 -2.695015821008793222e-01 -1.829339913546913776e-01 -1.233832371150538898e-01 -8.825133761925041398e-02 -7.660829267149084354e-02 -8.967534569233684416e-02 1.313545570707898569e-01 2.091435564629621491e-01 3.363115438952188896e-01
9.997790235079559995e-01 9.997778513909659770e-01 9.997778646720134610e-01 9.997773933032779725e-01 9.997757962574226331e-01 9.997730633532302402e-01 9.997697721404618099e-01 9.997671743344843653e-01 9.892953447842065540e-01 9.997738288258023465e-01 9.997913166213898695e-01 9.998262704181931637e-01 9.998850613390125597e-01 9.999680556795137454e-01 9.999448723099808589e-01 9.999107168806214974e-01 1.254775495122324291e-03 9.997114772359807500e-01 9.992410471315118503e-01 9.985860922627266545e-01 9.977464619322270467e-01 9.967152608450560169e-01 9.954848823561965876e-01 9.940553517299846042e-01 9.924458217706296770e-01 9.907116277794699721e-01 9.889696472611836375e-01 9.874341162203067457e-01 9.864621944235627549e-01 9.866006210794983078e-01 9.886072957666676153e-01 9.933894193768785241e-01 9.982515375556763049e-01 9.863909292670322015e-01 9.729209146203080527e-01 9.626001711855302068e-01 9.639618828723195421e-01 9.893154575597928879e-01 9.497251119743420622e-01 8.587477623692808537e-01 7.638888145470185131e-01 7.116043761144359436e-01 7.715179611599368714e-01 9.278294581498940374e-01 4.998380028874898628e-01 2.320286551311365464e-01 3.094577452112032279e-01 1.930300550966075057e-01 -6.041035890150456833e-01 -8.302311628071723515e-01 -9.135708015446589725e-01 -9.522359863254180601e-01 -9.739206794998908068e-01 -9.869704722727873358e-01 -9.945521638751125826e-01 -9.990673368858307146e-01 -9.988550139559597696e-01 -9.977522938704614930e-01 -9.992272010262247539e-01 -9.721142863657800115e-01 -9.923780831572097672e-01 -9.925299992961745810e-01 -9.887732411847902636e-01 -9.984298031930789463e-01 -9.945195327209204184e-01 -9.962260348067549787e-01 -9.984756363120276257e-01 -9.758812318167319200e-01 -9.921650027773043501e-01 -9.911336105702353017e-01 -9.817743045222944165e-01 -9.880342521575027348e-01 -9.961452685600722390e-01 -9.938475081453757021e-01 -9.875600032287390473e-01 -8.329978184427871968e-01 -5.943471364198272822e-01 -5.073874301889933491e-01 -8.704946006689731064e-01 -9.151710844554007407e-01 -7.852182059189199981e-01 -6.892862386846221323e-01 -5.860379059751353870e-01 -4.095633006970164636e-01 1.530801422700112276e-02 2.965498812693519448e-01 -4.123780022730321737e-01 -6.891708259961335514e-01 -8.718260998124057748e-01 -9.691365488865522071e-01 -8.387754663708243408e-01 -7.368292427408477119e-01 -6.583596247252535560e-01 -6.021800557847426516e-01 -5.681013893816804217e-01 -5.563935692995694016e-01 -5.678320221087177488e-01 -6.038262755581453867e-01 -6.664925405184077833e-01 -7.586085430709358368e-01 -8.833440378924881653e-01 -9.582703500753881887e-01 -8.063164264435319639e-01 -6.804451579044030751e-01 -5.817070053567787724e-01 -5.096426640595235202e-01 -4.634309650161978489e-01 -4.426150068260343851e-01 -4.475749832510306225e-01 -4.798794645910624546e-01 -5.426025037253823236e-01 -6.406683694038245447e-01 -7.812565269578362059e-01 -9.742073382324983877e-01 -8.116063282093604059e-01 -6.372207877079740790e-01 -5.005989008258640016e-01 -3.975276354840624471e-01 -3.238643011570694896e-01 -2.762100410692565067e-01 -2.521637624106478071e-01 -2.504253961657519345e-01 -2.708559172720054198e-01 -3.145040301477635136e-01 -3.835826449917221215e-01 -4.813665690406738751e-01 -6.118914268392678935e-01 -7.791126502754210925e-01 -9.848356281711664328e-01 -8.167329411215510371e-01 -6.759427050408315374e-01 -5.847242559244101301e-01 -5.383133152796143461e-01 -5.351709158946270639e-01 -5.766021318124039396e-01 -6.673080074500232772e-01 -8.172601682744081719e-01 -9.572412735221598190e-01 -7.241618378804963729e-01 -5.320489341770278102e-01 -3.798406630477388912e-01 -2.632637877534853010e-01 -1.776285671598512306e-01 -1.190091033954884525e-01 -8.476503823696956985e-02 -7.395791120131775531e-02 -8.781358362719418609e-02 1.302315280370166806e-01 2.086769648383620113e-01 3.363115417617821845e-01
9.996212116491104416e-01 9.996137037299939188e-01 9.996136722220730908e-01 9.996144991193420815e-01 9.996138862699193162e-01 9.962391490950295303e-01 9.996084561188369744e-01 9.971050024140458712e-01 3.207531952200881088e-03 9.996329228700328029e-01 9.996785730520608704e-01 3.308489775835194661e-04 1.527531210761967498e-03 9.999057077366121371e-01 9.997919191639126346e-01 9.998555862817913864e-01 9.890025028881044289e-01 9.994851406931266613e-01 9.989341229507233688e-01 9.982380844320400959e-01 9.973860203147831838e-01 9.963642349994712433e-01 9.951615728404548111e-01 9.937761147725525657e-01 9.922254147271659663e-01 9.905625428772116825e-01 9.889004459890574639e-01 9.874466721389456580e-01 9.865478444541766478e-01 9.867356155905075976e-01 9.887487547077776773e-01 9.934743029842711959e-01 9.983001607238144448e-01 9.866390861005136514e-01 9.733877974294931068e-01 9.632206480935967541e-01 9.645557622135971787e-01 9.895682155399860847e-01 9.502223538498125732e-01 8.601851769117416779e-01 7.661142305124863938e-01 7.141479152048992862e-01 7.735231030986636780e-01 9.285701888152424477e-01 5.035152615528875053e-01 2.364973030526663078e-01 3.129858770057693529e-01 1.994423217673900739e-01 -6.009975971904517600e-01 -8.290212699323873391e-01 -9.131522786388212021e-01 -9.522320118072523654e-01 -9.741952680234400308e-01 -9.874459659788786814e-01 -9.952280902179606592e-01 -9.994272893979164740e-01 -9.996005937724690149e-01 -9.978790992736420451e-01 -9.991136806528918557e-01 -9.714372437372543745e-01 -9.922226059562485601e-01 -9.923485207858333546e-01 -9.882809345383104516e-01 -9.976621794277302779e-01 -9.940899345348052085e-01 -9.960513253804974543e-01 -9.983848588042588679e-01 -9.762095728805743056e-01 -9.923929168562602987e-01 -9.916194434050695783e-01 -9.840469186114810807e-01 -9.969771284175431569e-01 -9.861317239981960414e-01 -9.833154135854131894e-01 -9.999884310502289431e-01 -8.556742625569927485e-01 -6.235271588083768357e-01 -4.867405777794944211e-01 -8.691560592508847938e-01 -9.142951949880890883e-01 -7.844569867697622767e-01 -6.880402999428446575e-01 -5.828208649213321157e-01 -4.039398609457725553e-01 2.267785838856315253e-02 3.085646423664393789e-01 -4.029937084132295677e-01 -6.839724904247956871e-01 -8.710635886511068904e-01 -9.651070662644987141e-01 -8.316895289099636157e-01 -7.279254092832257994e-01 -6.485244129818409364e-01 -5.920589152709814229e-01 -5.581762737050113277e-01 -5.470553713548753638e-01 -5.594500277130349808e-01 -5.968186805178138377e-01 -6.614023954202928879e-01 -7.561875709827137193e-01 -8.846414325312336180e-01 -9.523955217801629569e-01 -7.977146693413489364e-01 -6.702806456038672422e-01 -5.708254707323549004e-01 -4.986366865601645770e-01 -4.527176997201985964e-01 -4.325109095872722853e-01 -4.383683359444365824e-01 -4.719067908083961482e-01 -5.363375292410268447e-01 -6.368382713419088459e-01 -7.810096100034082944e-01 -9.793639380213338130e-01 -8.028657994437647938e-01 -6.268334272224214132e-01 -4.896348635917330827e-01 -3.866361892700893588e-01 -3.134296079721304862e-01 -2.664575206420369269e-01 -2.432312578969061945e-01 -2.424154376281247580e-01 -2.638806141796015137e-01 -3.087283544102658595e-01 -3.792685382884145029e-01 -4.789184911445665827e-01 -6.118979359718978994e-01 -7.823605766937439254e-01 -9.922348299065023580e-01 -8.086100911738420827e-01 -6.681898450527162803e-01 -5.778429190819373007e-01 -5.325813534672120264e-01 -5.307725349519413216e-01 -5.737658642760402605e-01 -6.664623604076432839e-01 -8.191955849363152797e-01 -9.516761946098182268e-01 -7.175389157088912784e-01 -5.253718685146817613e-01 -3.736482982954663079e-01 -2.578034795046160177e-01 -1.729829025529366904e-01 -1.151758976734941903e-01 -8.170658335920381876e-02 -7.162994374693389121e-02 -8.617622252092238533e-02 1.292426463878448561e-01 2.082656772145027313e-01 3.363115398800526901e-01
6.381804710709606057e-05 9.993610756656787775e-01 9.993528660926962459e-01 1.123048654875957904e-03 5.026731176580995913e-03 7.732878082560821348e-03 9.993372383032087525e-01 2.712642540107427450e-03 9.364989318946416175e-01 9.993706029657855039e-01 1.360492745028536515e-03 9.996924837103936534e-01 9.998097656144097067e-01 9.995162318239867449e-01 3.950928260475947379e-04 9.998705755983560151e-01 5.707633229211041791e-03 9.992705472804827016e-01 9.986787398014052020e-01 9.979626021106602352e-01 9.971061222218332576e-01 9.960934939359950002e-01 9.949127130511115080e-01 9.935614296451634742e-01 9.920565956509758143e-01 9.904499164892324181e-01 9.888514877137265513e-01 9.874636250313576502e-01 9.866243650427504175e-01 9.868526967026883812e-01 9.888708773477471459e-01 9.935479379310487857e-01 9.983419051140848266e-01 9.868555963928986596e-01 9.737992174831965331e-01 9.637729427919937697e-01 9.650899696586626719e-01 9.897990635355307099e-01 9.506739471218308424e-01 8.615068658696062309e-01 7.681777652935715128e-01 7.165213623391756270e-01 7.754041632117204541e-01 9.292444496867420245e-01 5.069471446497860745e-01 2.406892938898578249e-01 3.163601706528776369e-01 2.052356118617545688e-01 -5.981022176471056939e-01 -8.278670777972853001e-01 -9.127289539049937561e-01 -9.521915049084195282e-01 -9.744119930153158915e-01 -9.878467286088483679e-01 -9.958052123508883691e-01 -9.981469733312208215e-01 -9.997746272535176226e-01 -9.979793738038988948e-01 -9.990227620079500381e-01 -9.708594543667607990e-01 -9.920852082466322663e-01 -9.921810642636883504e-01 -9.877982061185299756e-01 -9.967877890186284118e-01 -9.936989064448713549e-01 -9.959042727842541964e-01 -9.983206524462310272e-01 -9.764195796760478663e-01 -9.925759731981123046e-01 -9.920236867909977274e-01 -9.861762997123205698e-01 -9.949049022234575101e-01 -9.772435449844973920e-01 -9.739713963569371913e-01 -9.888772560006028334e-01 -8.760777515388989967e-01 -6.483639330929237277e-01 -4.685590473901108943e-01 -8.680851991322642291e-01 -9.137479435709424669e-01 -7.839726247216574073e-01 -6.870422521588558373e-01 -5.800877215621518257e-01 -3.990875900349861172e-01 2.907184077736930244e-02 3.188027471015990044e-01 -3.948226760631025622e-01 -6.794249145552970770e-01 -8.704333647887595449e-01 -9.614883130582970727e-01 -8.253949756814658034e-01 -7.200557586542858379e-01 -6.398587495640519762e-01 -5.831593239215180358e-01 -5.494599729759993556e-01 -5.388602548475459608e-01 -5.520967932732245842e-01 -5.906739974127598325e-01 -6.569476559573734775e-01 -7.540961351288416603e-01 -8.858625896861693771e-01 -9.471338082870197628e-01 -7.900847444270248099e-01 -6.613126784176523998e-01 -5.612587679362420756e-01 -4.889836412129009990e-01 -4.433357073969113604e-01 -4.236697988316587837e-01 -4.303149873217691490e-01 -4.649330816554497758e-01 -5.308600736326359870e-01 -6.335041183659435582e-01 -7.808511277999244937e-01 -9.840345870132893857e-01 -7.951277495895238134e-01 -6.176928688072639284e-01 -4.800229179939691782e-01 -3.771109120495104161e-01 -3.043171242208458915e-01 -2.579467225397814589e-01 -2.354364873548966952e-01 -2.354222765043793575e-01 -2.577852027799152346e-01 -3.036754719269652569e-01 -3.754908038833771888e-01 -4.767774575651180791e-01 -6.119224066063794210e-01 -7.852610724154233113e-01 -9.988376165273417095e-01 -8.014870643995138932e-01 -6.614033367911187344e-01 -5.718234146357599190e-01 -5.275664575107967824e-01 -5.269225742852847727e-01 -5.712852443859733897e-01 -6.657355798333626229e-01 -8.209320450915271739e-01 -9.467622735486921348e-01 -7.117157762561424628e-01 -5.195141550802691022e-01 -3.682215811494961577e-01 -2.530195923404068292e-01 -1.689115090927922891e-01 -1.118141717135418822e-01 -7.902176239829138138e-02 -6.958416525020159893e-02 -8.473572445668653419e-02 1.283717176964110640e-01 2.079031124004927789e-01 3.363115382203469839e-01
9.993563154085139955e-01 9.989565306857440818e-01 9.990270805748908689e-01 9.991389572740336789e-01 6.475824258528872779e-01 4.248408514947898951e-03 9.990434259796041605e-01 9.987637899828131216e-01 1.124733099804940944e-03 9.992007068838172357e-01 9.994322194257665437e-01 9.992831887418168746e-01 9.989990729201939645e-01 9.992505884911108138e-01 9.995656226343553330e-01 9.999387931133468799e-01 5.495477286230811102e-03 9.990979693526885752e-01 9.984800630847220360e-01 9.934058429467795825e-01 9.968895000644980575e-01 9.958832545772806633e-01 9.947188380508025229e-01 9.933938825354189373e-01 9.919250786668241116e-01 9.903632030073497017e-01 9.888161690145639282e-01 9.874820908521961815e-01 9.866919120428105927e-01 9.869539278975627550e-01 9.889761532150447287e-01 9.936116742611130759e-01 9.983777552994659299e-01 9.870439358203287883e-01 9.741599533162854652e-01 9.642610524356414192e-01 9.655659685123236802e-01 9.900071375458715517e-01 9.510793911633145248e-01 8.627048199273916751e-01 7.700603095608355986e-01 7.186970949258245644e-01 7.771351657689411496e-01 9.298511347393758619e-01 5.100955607424869642e-01 2.445514841305442555e-01 3.195101423724828194e-01 2.104322049438109299e-01 -5.954401677166587525e-01 -8.267873370214084972e-01 -9.123166243400770981e-01 -9.521290363559714587e-01 -9.745849263618987512e-01 -9.881871625808801296e-01 -9.963010090807143948e-01 -9.970514242579111563e-01 -9.992469714979250739e-01 -9.980597384234624059e-01 -9.989490093534650894e-01 -9.703633085372380673e-01 -9.919636021719908658e-01 -9.920271852325550643e-01 -9.873300317931940073e-01 -9.957796294371575874e-01 -9.933412230222199435e-01 -9.957789730818600304e-01 -9.982750295145019770e-01 -9.765484567798842219e-01 -9.927249656988347271e-01 -9.923643257921322958e-01 -9.882031884918016651e-01 -9.876618308512470357e-01 -9.693673475055729627e-01 -9.656871533489519432e-01 -9.790755277968566928e-01 -8.944456617059480807e-01 -6.696819553548600812e-01 -4.525406727897063330e-01 -8.672214912274950338e-01 -9.134897086469794258e-01 -7.836773432678929563e-01 -6.862361045998467413e-01 -5.777534429926854953e-01 -3.948867329884848121e-01 3.463148403142769782e-02 3.275678529387079929e-01 -3.876970089034169065e-01 -6.754435455934493238e-01 -8.699104732361312431e-01 -9.582483505383673217e-01 -8.198123384166020600e-01 -7.131068918247892574e-01 -6.322279475323990816e-01 -5.753362988888165441e-01 -5.418063009523927942e-01 -5.316684077181369483e-01 -5.456455685711354420e-01 -5.852849502479916532e-01 -6.530470922333040384e-01 -7.522858489916494085e-01 -8.869984574314603298e-01 -9.424349354673304813e-01 -7.833270935505883825e-01 -6.534064972076907285e-01 -5.528503441731554835e-01 -4.805166063794426567e-01 -4.351169750750282228e-01 -4.159301289222924747e-01 -4.232664152416928394e-01 -4.588292164387005045e-01 -5.260673820077467200e-01 -6.305976055457633844e-01 -7.807564900776230443e-01 -9.882478807883776639e-01 -7.882849565967554595e-01 -6.096516654574583027e-01 -4.715941417414062364e-01 -3.687753067771749049e-01 -2.963525356559273405e-01 -2.505121940263083102e-01 -2.286274172304104402e-01 -2.293105311927191858e-01 -2.524535573146055034e-01 -2.992511092786935278e-01 -3.721801209474788763e-01 -4.749030435688523788e-01 -6.119581703187410016e-01 -7.878466369609266051e-01 -9.953016000812517916e-01 -7.952374580181817976e-01 -6.554579660799587648e-01 -5.665529108604412389e-01 -5.231747856047183065e-01 -5.235495951903835765e-01 -5.691134324501530006e-01 -6.651091013411573050e-01 -8.224861425127165671e-01 -9.424247545020698613e-01 -7.065945258063296430e-01 -5.143723401263197159e-01 -3.634624073830163282e-01 -2.488250874739760810e-01 -1.653407246623439242e-01 -1.088639542291637841e-01 -7.666360935384110287e-02 -6.778559089277853833e-02 -8.346803928601534417e-02 1.276045401861053696e-01 2.075834781433127108e-01 3.363115367564519786e-01
9.988648500465030500e-01 9.969391394821492947e-01 9.999796242127280133e-01 9.982689223624745534e-01 2.137808840570938097e-03 1.907150762456895181e-03 9.978620289124603415e-01 9.979250717075428545e-01 2.806750864560216279e-04 9.999445048891554277e-01 9.995305422256620664e-01 9.991546482197679602e-01 9.990464061471520107e-01 9.992806109350482746e-01 9.996071731992797194e-01 9.999873310018397854e-01 5.902572533402362237e-03 9.989641337490191564e-01 9.983265521561778266e-01 1.929150251601874019e-03 9.967201437340140746e-01 9.957179096285168063e-01 9.945656591706152350e-01 9.932611577431915695e-01 9.918209955000090172e-01 9.902952852781524706e-01 9.887902254685690950e-01 9.875005030596331057e-01 9.867511463637531621e-01 9.870413766584894555e-01 9.890669185723770518e-01 9.936668171782103709e-01 9.984085812152722061e-01 9.872075791217642671e-01 9.744754105193731419e-01 9.646906328458921820e-01 9.659876307823527242e-01 9.901931179447399645e-01 9.514407759291709787e-01 8.637806690605096538e-01 7.717597768285042736e-01 7.206687636406603481e-01 7.787083770974901897e-01 9.303929952127765191e-01 5.129517394272267161e-01 2.480679196061537639e-01 3.224052906500446958e-01 2.150709927551854861e-01 -5.930158405126306764e-01 -8.257905897706961929e-01 -9.119245547046804790e-01 -9.520543440266198143e-01 -9.747242224658680954e-01 -9.884781503998026908e-01 -9.967289720718740531e-01 -9.961090733868336322e-01 -9.987982931269832054e-01 -9.981248882435841407e-01 -9.988885340722842843e-01 -9.699352213114403876e-01 -9.918558831943183884e-01 -9.918863420416711429e-01 -9.868803801235718209e-01 -9.946144153338967175e-01 -9.930133791714765845e-01 -9.956712302862441577e-01 -9.982425635814721199e-01 -9.766216935594640436e-01 -9.928475753965614325e-01 -9.926541820589167564e-01 -9.901482318590261178e-01 -9.812278243227013919e-01 -9.623970412625317827e-01 -9.583479485412805809e-01 -9.704246595764504102e-01 -9.109740863916775400e-01 -6.880917628600667912e-01 -4.384227854173742833e-01 -8.665196114491234836e-01 -9.134766066974436827e-01 -7.835110709720272126e-01 -6.855799810888493218e-01 -5.757509643840992286e-01 -3.912398243668717690e-01 3.947480519123026249e-02 3.351016602878310047e-01 -3.814745424724844125e-01 -6.719553080697402425e-01 -8.694748779234802161e-01 -9.553547371503665619e-01 -8.148671685876008874e-01 -7.069751958792998003e-01 -6.255106147653958226e-01 -5.684602730802522652e-01 -5.350853308424667887e-01 -5.253560202206987162e-01 -5.399844158436419850e-01 -5.805571147724944980e-01 -6.496298026227003142e-01 -7.507159167766991326e-01 -8.880452330295030006e-01 -9.382483735093974930e-01 -7.773487496315415468e-01 -6.464398368624370006e-01 -5.454605016943158136e-01 -4.730882226662286305e-01 -4.279142314287563975e-01 -4.091509480062563986e-01 -4.170934032434543970e-01 -4.534830976707188155e-01 -5.218705856513787822e-01 -6.280605594952949344e-01 -7.807073842383709383e-01 -9.920358484404226962e-01 -7.822388403859756867e-01 -6.025783130872081061e-01 -4.642003153609859378e-01 -3.614760620738082242e-01 -2.893853882970669478e-01 -2.440116605985999942e-01 -2.226735235207061014e-01 -2.239639561766315901e-01 -2.477858098813458254e-01 -2.953739984350594039e-01 -3.692766339142755649e-01 -4.732605444113631155e-01 -6.120004547711660470e-01 -7.901479743790785770e-01 -9.901428953287385593e-01 -7.897513872275110369e-01 -6.502456705446165719e-01 -5.619343661168126891e-01 -5.193256667944654570e-01 -5.205921340334245251e-01 -5.672102594113326290e-01 -6.645676504777773275e-01 -8.238741522414856355e-01 -9.385969544537621223e-01 -7.020894152175710667e-01 -5.098565987367661423e-01 -3.592859618281266099e-01 -2.451448240648770316e-01 -1.622069196849359463e-01 -1.062733376606428415e-01 -7.459135349876344634e-02 -6.620374526494508804e-02 -8.235213922531628428e-02 1.269286512914613863e-01 2.073016752817318786e-01 3.363115354652871369e-01
9.867620331864819239e-01 9.966214461622345810e-01 9.994019570704314459e-01 9.974583643818584200e-01 1.377279833259105728e-03 4.925047131142859524e-02 9.943432838106103233e-01 9.938265308899181250e-01 4.110193890509242567e-03 3.244024805792977673e-04 5.174441081859304167e-04 9.985500868645323935e-01 9.984587678896420515e-01 9.993256889714108304e-01 9.996566414492027430e-01 9.999222868566105538e-01 5.474827283362423969e-02 9.988592960758703176e-01 9.982063083351710997e-01 9.988670483775368147e-01 9.965858711907069623e-01 9.955860580639579460e-01 9.944429592609954627e-01 9.931545611612661029e-01 9.917374548831385805e-01 9.902412741337338620e-01 9.887708494029361361e-01 9.875180417989285475e-01 9.868029104350048986e-01 9.871169442581989584e-01 9.891452513593039786e-01 9.937145494650023725e-01 9.984351318398355657e-01 9.873497487951208296e-01 9.747509302664145725e-01 9.650677990296367970e-01 9.663598129398249803e-01 9.903584491498824693e-01 9.517613988993671725e-01 8.647410126450113532e-01 7.732832469379066209e-01 7.224417602110079217e-01 7.801262791041220224e-01 9.308746311795675910e-01 5.155232000550679095e-01 2.512437350928724555e-01 3.250384394887330664e-01 2.191979851096260146e-01 -5.908230164418446506e-01 -8.248791304359190946e-01 -9.115578249741645989e-01 -9.519739507393908395e-01 -9.748373577742492913e-01 -9.887281174998184818e-01 -9.970997664746104050e-01 -9.952951299501285876e-01 -9.984145818333028943e-01 -9.981782287303420098e-01 -9.988384889900056018e-01 -9.695644598827206639e-01 -9.917604288885143449e-01 -9.917579080520509960e-01 -9.864522857730602112e-01 -9.932769072708662605e-01 -9.927128469850082793e-01 -9.955779531296146123e-01 -9.982194978052866263e-01 -9.766569488566491097e-01 -9.929494105501825985e-01 -9.929027026388395072e-01 -9.920191402126082858e-01 -9.755261517868552001e-01 -9.562347072365181555e-01 -9.518506063185011579e-01 -9.627879881355910774e-01 -9.258329110108416415e-01 -7.040622273179639734e-01 -4.259763665322076620e-01 -8.659452512078513742e-01 -9.136625393803455841e-01 -7.834323643265935777e-01 -6.850421908788661973e-01 -5.740266524247840119e-01 -3.880665760806393250e-01 4.370092935114432142e-02 3.415990248938902130e-01 -3.760343310237204140e-01 -6.688970088001138237e-01 -8.691105130859060335e-01 -9.527756849204381817e-01 -8.104908053608194107e-01 -7.015670483531044610e-01 -6.195983140326023486e-01 -5.624163329005380518e-01 -5.291823588600088613e-01 -5.198141128234164965e-01 -5.350150146399368367e-01 -5.764077706147164859e-01 -6.466341129722384951e-01 -7.493519626545749324e-01 -8.890028272843009116e-01 -9.345251016020538204e-01 -7.720642758995093224e-01 -6.403028789813041133e-01 -5.389654528042786552e-01 -4.665690599712702391e-01 -4.215988722382581488e-01 -4.032096196816808420e-01 -4.116837663470481745e-01 -4.487975461887703799e-01 -5.181928673207014668e-01 -6.258433630665264369e-01 -7.806902502622298234e-01 -9.954319353787450808e-01 -7.768998477597832686e-01 -5.963562301584666159e-01 -4.577117933482224288e-01 -3.550801944387194098e-01 -2.832858567290440499e-01 -2.383227157306751498e-01 -2.174626336410373506e-01 -2.192826063490446731e-01 -2.436959534316012754e-01 -2.919739856024804459e-01 -3.667285860649056040e-01 -4.718200982165336455e-01 -6.120458942646348488e-01 -7.921937140876816885e-01 -9.856025948556907945e-01 -7.849332751544104703e-01 -6.456730314999091780e-01 -5.578841217207576308e-01 -5.159495703305122527e-01 -5.179971693485462270e-01 -5.655411694353539298e-01 -6.640985831817594054e-01 -8.251116693964617443e-01 -9.352195732698397324e-01 -6.981253415110422189e-01 -5.058888422411645935e-01 -3.556187763521168610e-01 -2.419137880868829915e-01 -1.594550067682043160e-01 -1.039973002296570304e-01 -7.276953893364414283e-02 -6.481204361200201824e-02 -8.136962060400076968e-02 1.263331082347265155e-01 2.070532138214295492e-01 3.363115343264586055e-01
2.607627999250303977e-03 9.976235953317407201e-01 9.994600152822608052e-01 1.431081638010323022e-03 9.995747808922434974e-01 9.307402146798800973e-04 9.945179234470463703e-01 3.241488936256227329e-03 3.122737353746740229e-03 9.911349195642653598e-01 1.000538449476941162e-03 9.965418497372805495e-01 9.981515163629820497e-01 9.993768459848909602e-01 9.997008323427982734e-01 9.998670801384684781e-01 2.287915126224597806e-01 9.987755694154659691e-01 6.710220127582370263e-04 3.884116035899195900e-03 9.964779073891810723e-01 9.954795275146042233e-01 9.943434347540354157e-01 9.930678941227596424e-01 9.916695678147190440e-01 9.901977457272737038e-01 9.887561566294658100e-01 9.875343120831484578e-01 9.868480714581581159e-01 9.871823097639006450e-01 9.892129514842465943e-01 9.937559094260820514e-01 9.984580435082512917e-01 9.874733237799077079e-01 9.749914759497034789e-01 9.653985243960697682e-01 9.666875982906426579e-01 9.905049011753274124e-01 9.520450074400663709e-01 8.655947651933018072e-01 7.746424174326476120e-01 7.240276386029002031e-01 7.813968451284409866e-01 9.313013771645241023e-01 5.178260994205424739e-01 2.540956085402045206e-01 3.274157853047900968e-01 2.228609940612606977e-01 -5.888495475085190334e-01 -8.240514633762093810e-01 -9.112188136365624302e-01 -9.518921999395555389e-01 -9.749299285671695348e-01 -9.889437190631369390e-01 -9.974219869669962435e-01 -9.945897473634025543e-01 -9.980848918313474094e-01 -9.982222781781890930e-01 -9.987967476390670063e-01 -9.692423799340635915e-01 -9.916758348402913148e-01 -9.916411912121226857e-01 -9.860479264079182737e-01 -9.917655123204550671e-01 -9.924376468079114666e-01 -9.954967903162974530e-01 -9.982031915896087959e-01 -9.766665519226876979e-01 -9.930346559748137736e-01 -9.931170473130722653e-01 -9.938157248012814415e-01 -9.704821257000637580e-01 -9.507909254127776544e-01 -9.461022406707131349e-01 -9.560463371500484975e-01 -9.391740505688053187e-01 -7.179639176330823158e-01 -4.150012117377707699e-01 -8.654721867017952652e-01 -9.140019224182281965e-01 -7.834124443726707687e-01 -6.845985066130780838e-01 -5.725371006624270231e-01 -3.853001840343172613e-01 4.739363537142762817e-02 3.472187588454033746e-01 -3.712730615326148009e-01 -6.662139459922364892e-01 -8.688044886410504208e-01 -9.504808109009937889e-01 -8.066206364538039963e-01 -6.967985123334181630e-01 -6.143947637146535135e-01 -5.571030644654704211e-01 -5.239965464824446473e-01 -5.149471105830527584e-01 -5.306512796378985986e-01 -5.727646387853231325e-01 -6.440064551219724098e-01 -7.481649812967069435e-01 -8.898736765125432324e-01 -9.312186940571230975e-01 -7.673960407269677653e-01 -6.348976714398838483e-01 -5.332560140545192784e-01 -4.608457896894413430e-01 -4.160588272461527848e-01 -3.979995850126760715e-01 -4.069401809946686099e-01 -4.446883381146024550e-01 -5.149677974655928470e-01 -6.239036023528630182e-01 -7.806951013317370291e-01 -9.984695956596105759e-01 -7.721873128844294332e-01 -5.908824777271109996e-01 -4.520153765599012052e-01 -3.494723978250236507e-01 -2.779418573579298668e-01 -2.333399275976156539e-01 -2.128982012217745245e-01 -2.151804062310187227e-01 -2.401097910532424273e-01 -2.889904116186965966e-01 -3.644911495663545886e-01 -4.705559474490613181e-01 -6.120921572340398686e-01 -7.940102804674161741e-01 -9.816059609437971512e-01 -7.806999282601382317e-01 -6.416591520450152242e-01 -5.543298951230266614e-01 -5.129864220089560556e-01 -5.157188512607107089e-01 -5.640763510556059401e-01 -6.636913720422122909e-01 -8.262133898769755680e-01 -9.322399940680872188e-01 -6.946365170819469581e-01 -5.024011000934394122e-01 -3.523970966710386898e-01 -2.390756128739518760e-01 -1.570371967707028804e-01 -1.019967194275119421e-01 -7.116728252367805763e-02 -6.358726593688310280e-02 -8.050436204124414297e-02 1.258082976788943985e-01 2.068341393889739643e-01 3.363115333220047520e-01
3.396029257056969453e-01 9.997601833431213336e-01 9.991640002655141073e-01 9.966873341360291683e-01 9.982523792572722821e-01 9.966363525713394234e-01 9.956224485307035854e-01 9.994812446002974138e-01 9.896061103754750787e-01 9.989727869501900948e-01 9.996005038381208241e-01 9.990474610488663254e-01 9.991554976968589630e-01 9.912495424057370386e-01 9.997387628814260463e-01 9.998203510920457004e-01 9.827221535757256765e-01 9.940808624800606674e-01 9.980327947019923540e-01 5.386115170409225272e-03 9.963899830745057695e-01 9.953924395262738756e-01 9.942618099164961531e-01 9.929966714552375118e-01 9.916138045523802402e-01 9.901622556636238137e-01 9.887448592843174344e-01 9.875491599525340058e-01 9.868874492816703814e-01 9.872389257178879607e-01 9.892715573289998510e-01 9.937917936990948720e-01 9.984778534374032510e-01 9.875808251668602988e-01 9.752015140437914065e-01 9.656883607893387289e-01 9.669759078300472765e-01 9.906343268326562868e-01 9.522953910880430639e-01 8.663516577961452025e-01 7.758509743210059151e-01 7.254408453437067861e-01 7.825307505750849213e-01 9.316786921675358490e-01 5.198807198942578811e-01 2.566460591860388329e-01 3.295508824701336992e-01 2.261067137148430883e-01 -5.870802359153673988e-01 -8.233038563471231086e-01 -9.109081579557319897e-01 -9.518119385875212224e-01 -9.750061819149289377e-01 -9.891303000023946579e-01 -9.977026685445007370e-01 -9.939767849965782665e-01 -9.978005221729352447e-01 -9.982589303832856142e-01 -9.987616942633034123e-01 -9.689619098618017512e-01 -9.916008720829488921e-01 -9.915354555220028399e-01 -9.856687089920486144e-01 -9.900967686289859904e-01 -9.921860990903382804e-01 -9.954259025981773146e-01 -9.981917663859140033e-01 -9.766591513810271019e-01 -9.931064930383431966e-01 -9.933027758950921937e-01 -9.955335485561929154e-01 -9.660253269204391868e-01 -9.459847228812675590e-01 -9.410193285623099646e-01 -9.500950603197876321e-01 -9.511359405751264040e-01 -7.300964109635045274e-01 -4.053219231938356426e-01 -8.650801955588726111e-01 -9.144522878659063769e-01 -7.834312401294007966e-01 -6.842302376791099539e-01 -5.712468133338753917e-01 -3.828845956918343063e-01 5.062411634575563618e-02 3.520915223031870211e-01 -3.671021679257019388e-01 -6.638587097782845392e-01 -8.685464427055925585e-01 -9.484415872549734061e-01 -8.032000329401343119e-01 -6.925947469980068272e-01 -6.098148211481273506e-01 -5.524312498533621163e-01 -5.194394701601476871e-01 -5.106713704844279000e-01 -5.268179677714887044e-01 -5.695646429563022695e-01 -6.417003155423580685e-01 -7.471304393344925243e-01 -8.906618525526616148e-01 -9.282859221935514382e-01 -7.632740750009411324e-01 -6.301372667822470186e-01 -5.282361691867035747e-01 -4.558193572567948992e-01 -4.111965265639248579e-01 -3.934282879467182470e-01 -4.027782103150583382e-01 -4.410824451383661970e-01 -5.121378718507999528e-01 -6.222049275001900748e-01 -7.807146249820938744e-01 -9.988200490277391319e-01 -7.680290134633432908e-01 -5.860664003139072209e-01 -4.470123079911475505e-01 -3.445526662783324201e-01 -2.732565267526562702e-01 -2.289723510389474193e-01 -2.088969837325888312e-01 -2.115830872933302242e-01 -2.369631967871769773e-01 -2.863707360937374768e-01 -3.625254315136645644e-01 -4.694458213564018934e-01 -6.121376666871591876e-01 -7.956218685600529028e-01 -9.780873385925670238e-01 -7.769788694253020322e-01 -6.381338624187621322e-01 -5.512091027614696159e-01 -5.103842029520526680e-01 -5.137174441250187407e-01 -5.627900199304751716e-01 -6.633372040677691928e-01 -8.271929909760997734e-01 -9.296116065018833474e-01 -6.915652973955245253e-01 -4.993341371592104894e-01 -3.495655054803906703e-01 -2.365813384890331772e-01 -1.549119558820613030e-01 -1.002375420727244365e-01 -6.975764583527797880e-02 -6.250910841332518730e-02 -7.974223023945754829e-02 1.253457703098044551e-01 2.066409687343604140e-01 3.363115324360524960e-01
1.285410722189053853e-03 9.988153434178117518e-01 9.994882501981786627e-01 9.973132141532446981e-01 9.981592341206578789e-01 9.989592577199388757e-01 2.431973437280367332e-03 9.992722181580501184e-01 9.891000181258168267e-01 9.990439880294780250e-01 9.993406847593752085e-01 9.993749976566470572e-01 9.991640532919427997e-01 9.910519900114108660e-01 9.997711896513913343e-01 9.997806457401988700e-01 9.831941363443710280e-01 9.939714350770479934e-01 9.979690097760199885e-01 3.974591859250087289e-03 9.963175776473872647e-01 9.953205129253864802e-01 9.941942174081603856e-01 9.929375943145897221e-01 9.915675714380692840e-01 9.901330260420182494e-01 9.887360616983210670e-01 9.875625663374141272e-01 9.869217871114888130e-01 9.872880355071768088e-01 9.893223754151468929e-01 9.938229701678367167e-01 9.984950141121657907e-01 9.876744368253383977e-01 9.753849923783031173e-01 9.659423289291082515e-01 9.672293145860587638e-01 9.907485312908377306e-01 9.525161706294023034e-01 8.670214078501573551e-01 7.769230885303027856e-01 7.266968152670070236e-01 7.835397320671780852e-01 9.320118364684745194e-01 5.217088194597845341e-01 2.589200412693620224e-01 3.314609896541657608e-01 2.289791889354735877e-01 -5.854986091900395984e-01 -8.226313337889906707e-01 -9.106253868617441016e-01 -9.517349780667453407e-01 -9.750693790332821687e-01 -9.892922127310790348e-01 -9.979476429187323916e-01 -9.934429454470258269e-01 -9.975544543951780918e-01 -9.982896307112419931e-01 -9.987320825232179899e-01 -9.687171909657361635e-01 -9.915344574459951099e-01 -9.914399414946719613e-01 -9.853153646876213756e-01 -9.883056732276768175e-01 -9.919566835352149337e-01 -9.953638161445411692e-01 -9.981838729544620925e-01 -9.766408243628683650e-01 -9.931673796349841377e-01 -9.934642972586914533e-01 -9.971665361955123208e-01 -9.620907518694256089e-01 -9.417432608959974694e-01 -9.365269320646655293e-01 -9.448419190538662749e-01 -9.618459771880062403e-01 -7.407062419939203224e-01 -3.967845656229700424e-01 -8.647535552467955355e-01 -9.149762109153130041e-01 -7.834747297339411665e-01 -6.839228440585929381e-01 -5.701264990587515680e-01 -3.807724468201589274e-01 5.345315521378377066e-02 3.563256986495422218e-01 -3.634454860162525391e-01 -6.617901547118230088e-01 -8.683280223609353143e-01 -9.466315763572672459e-01 -8.001780866395544756e-01 -6.888892796959782405e-01 -6.057833957233970112e-01 -5.483225523408777891e-01 -5.154337040053386110e-01 -5.069137704484205642e-01 -5.234493636584498510e-01 -5.667527601112355429e-01 -6.396752901594932039e-01 -7.462275239111836322e-01 -8.913724114945804633e-01 -9.256870248486964714e-01 -7.596356846557034137e-01 -6.259447408049451100e-01 -5.238216356256553130e-01 -4.514032588882297969e-01 -4.069270413149197463e-01 -3.894153141016979958e-01 -3.991245547576011687e-01 -4.379164916811610353e-01 -5.096532478194809590e-01 -6.207161026106636781e-01 -7.807435038000616334e-01 -9.964147477469237346e-01 -7.643605671963105141e-01 -5.818282916446418929e-01 -4.426164481464252010e-01 -3.402342037584348278e-01 -2.691460478023811609e-01 -2.251414076648166618e-01 -2.053870765755428929e-01 -2.084264464131113104e-01 -2.342006465589135389e-01 -2.840693726492873328e-01 -3.607976320013393523e-01 -4.684704203626773311e-01 -6.121813922228414029e-01 -7.970504921781754737e-01 -9.749890682038950818e-01 -7.737068992156997949e-01 -6.350362011271317719e-01 -5.484674543645799982e-01 -5.080977787734353157e-01 -5.119584428132414322e-01 -5.616598237450574072e-01 -6.630286639131875992e-01 -8.280630813688486525e-01 -9.272931708569835951e-01 -6.888611535747937165e-01 -4.966362715893897217e-01 -3.470757584012840180e-01 -2.343883672915234861e-01 -1.530431274473521563e-01 -9.869008309165094861e-02 -6.851710147160793019e-02 -6.155979947166540650e-02 -7.907082611781925119e-02 1.249380968512164708e-01 2.064706331322309629e-01 3.363115316546319011e-01
9.992516161689101173e-01 9.982052465937772956e-01 9.997205188992650537e-01 9.981832156384122801e-01 9.976756612131876256e-01 9.993457432726897682e-01 3.578690605920394410e-03 9.991050393203829705e-01 9.891307640716924254e-01 9.989595106350130926e-01 9.990096586191337114e-01 9.997305399524472058e-01 9.991710587910449526e-01 9.908640044752676790e-01 9.997989862075254974e-01 1.712740353689433132e-03 9.836269349313897514e-01 4.712006319847051108e-03 9.979160277831587988e-01 9.947106581115058299e-01 9.962573801965629583e-01 9.952605808046529612e-01 9.941377767438144275e-01 9.928881962817250884e-01 9.915289301069680761e-01 9.901087408316003868e-01 9.887291307622250169e-01 9.875745853289802367e-01 9.869517435598080812e-01 9.873306981924484527e-01 9.893665127021610273e-01 9.938500939791405919e-01 9.985099066725517947e-01 9.877560397945297499e-01 9.755453648571748015e-01 9.661648974661798395e-01 9.674519694503004308e-01 9.908492061591616107e-01 9.527106978698396400e-01 8.676132771420256296e-01 7.778725775829106182e-01 7.278108821958508834e-01 7.844356354106093443e-01 9.323057119056209485e-01 5.233320986235554528e-01 2.609429282742353196e-01 3.331648542923369982e-01 2.315190927384416231e-01 -5.840880081053180239e-01 -8.220283149343291518e-01 -9.103693431956874083e-01 -9.516624109739204584e-01 -9.751220498015061855e-01 -9.894330427397119987e-01 -9.981617944206309101e-01 -9.929771564850198295e-01 -9.973409565002144817e-01 -9.983154968724021749e-01 -9.987069381467882367e-01 -9.685033191299818878e-01 -9.914756318810482583e-01 -9.913538841841192939e-01 -9.849880486445400374e-01 -9.864404940940652011e-01 -9.917479629356296122e-01 -9.953093256606830863e-01 -9.981785350072697183e-01 -9.766158351505074275e-01 -9.932192417300750309e-01 -9.936051711946123355e-01 -9.987087418623254997e-01 -9.586192543468065042e-01 -9.380013552082905326e-01 -9.325579836875034223e-01 -9.402054516937817796e-01 -9.714218552873732371e-01 -7.499991538264779711e-01 -3.892538530617765113e-01 -8.644799477565239254e-01 -9.155423503867753388e-01 -7.835331298385370680e-01 -6.836649259336947670e-01 -5.691517928817566574e-01 -3.789234754472302624e-01 5.593285902343643479e-02 3.600118399691554227e-01 -3.602373325136550286e-01 -6.599725227098554026e-01 -8.681424710863970828e-01 -9.450265175762619929e-01 -7.975092376220191959e-01 -6.856232306806326893e-01 -6.022343767425171190e-01 -5.447082654529357137e-01 -5.119114987975630360e-01 -5.036104115556362393e-01 -5.204880827416108469e-01 -5.642809864246082219e-01 -6.378962538550886352e-01 -7.454385217044346978e-01 -8.920109266338969167e-01 -9.233857600499103535e-01 -7.564249334483099663e-01 -6.222521893903437684e-01 -5.199385077254828902e-01 -4.475219705684981286e-01 -4.031764250431057461e-01 -3.858907529516067414e-01 -3.959155264832209808e-01 -4.351354191777737079e-01 -5.074706620534181756e-01 -6.194102162300689773e-01 -7.807779045641894955e-01 -9.942837835859344997e-01 -7.611247603379801552e-01 -5.780981408280382317e-01 -4.387526480446595767e-01 -3.364416085515416488e-01 -2.655377898791058122e-01 -2.217790883492874177e-01 -2.023062539780515479e-01 -2.056548781947641069e-01 -2.317739786752334996e-01 -2.820467035603648198e-01 -3.592783311121136025e-01 -4.676129849747519551e-01 -6.122226961999430728e-01 -7.983160790526760975e-01 -9.722605156483121736e-01 -7.708288564689048661e-01 -6.323131276676278167e-01 -5.460577709908470689e-01 -5.060879172331995690e-01 -5.104118308878214938e-01 -5.606663458879511674e-01 -6.627594828406159211e-01 -8.288351983877095819e-01 -9.252482316383050520e-01 -6.864797747716994136e-01 -4.942623630199893259e-01 -3.448857969083663488e-01 -2.324595813025363000e-01 -1.513991894627409740e-01 -9.732843067369918721e-02 -6.742507796791760710e-02 -6.072377022973112631e-02 -7.847926524839732298e-02 1.245787425541338700e-01 2.063204286857430736e-01 3.363115309654069462e-01
1.194742747532349112e-03 9.980684374777691881e-01 9.998443709887586683e-01 9.989913646274275472e-01 9.978129727096076707e-01 9.977619910258224145e-01 2.317408942788684329e-03 9.989675094031797986e-01 9.896069958169323444e-01 9.988920562462760833e-01 9.986758506709825234e-01 1.974117774423092986e-03 9.991770672695369226e-01 9.906446995209924333e-01 9.998228999452190013e-01 9.997176883907712419e-01 9.841337723564873574e-01 4.735988179899458181e-03 9.978716116907878630e-01 9.960923969467528893e-01 9.962069234127889361e-01 9.952102621706294672e-01 9.940903083174784660e-01 9.928466041081520643e-01 9.914964087168071094e-01 9.900884098285063217e-01 9.887236121337918959e-01 9.875853081670312728e-01 9.869778949126298828e-01 9.873678142524203727e-01 9.894049069990884515e-01 9.938737234776131579e-01 9.985228526378950864e-01 9.878272500630376207e-01 9.756856359792618338e-01 9.663600061177732847e-01 9.676475869144174347e-01 9.909379004135948632e-01 9.528820172053390491e-01 8.681358556404715765e-01 7.787124617954463979e-01 7.287976787731251793e-01 7.852298795045314916e-01 9.325647949500724954e-01 5.247713424626787582e-01 2.627393480516276303e-01 3.346813841498272879e-01 2.337634725176813699e-01 -5.828322406099972763e-01 -8.214890224932751561e-01 -9.101384673376051726e-01 -9.515948318736444644e-01 -9.751661745650633817e-01 -9.895557726178388913e-01 -9.983492485023632845e-01 -9.925701172072713963e-01 -9.971552975039253974e-01 -9.983374034521403928e-01 -9.986854904514669284e-01 -9.683161545513971902e-01 -9.914235438712779569e-01 -9.912765281935387307e-01 -9.846864401409360923e-01 -9.845539976209128907e-01 -9.915585459755308362e-01 -9.952614287332660625e-01 -9.981750421672441753e-01 -9.765871613837726617e-01 -9.932636074027806350e-01 -9.937283165324998224e-01 -9.998445925185676098e-01 -9.555575504604829629e-01 -9.347009029554695925e-01 -9.290526044340661205e-01 -9.361136504589390173e-01 -9.799723378840939914e-01 -7.581487479966811938e-01 -3.826107622825797305e-01 -8.642496521982764301e-01 -9.161256706045521891e-01 -7.835996471583799305e-01 -6.834474791280645833e-01 -5.683022850030085005e-01 -3.773032832876145326e-01 5.810805585016241143e-02 3.632260792177869901e-01 -3.574209205261947297e-01 -6.583746954840320464e-01 -8.679843025992654004e-01 -9.436043150352575459e-01 -7.951528494933638447e-01 -6.827445449065863148e-01 -5.991096218908938953e-01 -5.415281619651470812e-01 -5.088135844007840580e-01 -5.007054526968988117e-01 -5.178840043206911492e-01 -5.621074232801942516e-01 -6.363326399659895438e-01 -7.447483084965444977e-01 -8.925831603556899640e-01 -9.213493176452937083e-01 -7.535920700265557048e-01 -6.189997599015967245e-01 -5.165220119369424712e-01 -4.441095450157759306e-01 -3.998802562416917117e-01 -3.827937731347952344e-01 -3.930957309307094860e-01 -4.326913377139149919e-01 -5.055525078222637969e-01 -6.182640254006959157e-01 -7.808150951654476701e-01 -9.923971564291237391e-01 -7.582708647224994936e-01 -5.748144849060062844e-01 -4.353553170500784053e-01 -3.331093074479836713e-01 -2.623687239969283991e-01 -2.188264321570739801e-01 -1.996005698042090104e-01 -2.032201379215447246e-01 -2.296413473417649453e-01 -2.802682453821860875e-01 -3.579418842476993490e-01 -4.668589342606607184e-01 -6.122612204464517038e-01 -7.994365944880863495e-01 -9.698572130723657203e-01 -7.682965513925669176e-01 -6.299184294509878601e-01 -5.439389878405506140e-01 -5.043204606733208140e-01 -5.090514551897056261e-01 -5.597926893937532622e-01 -6.625243384860213247e-01 -8.295198366855308647e-01 -9.234445836470648317e-01 -6.843822853062752065e-01 -4.921729452038277053e-01 -3.429589087934315494e-01 -2.307625935450508536e-01 -1.499526243415401916e-01 -9.612993977474504348e-02 -6.646357037911312937e-02 -5.998737078572789760e-02 -7.795798756182759082e-02 1.242619576475563897e-01 2.061879726688538861e-01 3.363115303575106019e-01
1.173494321750981079e-03 9.983176959622865887e-01 9.998433046047805473e-01 9.994599113121199752e-01 9.981595101027300743e-01 9.966364752525131987e-01 9.984671261964793709e-01 9.988526001651901742e-01 9.902114489747840809e-01 9.988368788112126362e-01 3.457849637243974529e-04 2.660841451527472534e-01 9.991823372559009986e-01 9.904431406994866904e-01 9.998435426727223518e-01 9.996926778403131264e-01 9.848135269928487423e-01 4.748184281248369124e-03 9.978340934675288265e-01 9.970489925425672917e-01 9.961643369549055826e-01 9.951677385431780820e-01 9.940501379339441446e-01 9.928113739982633579e-01 9.914688730964050789e-01 9.900712766449241142e-01 9.887191751370870696e-01 9.875948422913949365e-01 9.870007418785056164e-01 9.874001494466326800e-01 9.894383538278497259e-01 9.938943347326034683e-01 9.985341238581411094e-01 9.878894548971566270e-01 9.758084114719361990e-01 9.665311087432376658e-01 9.678194617328430560e-01 9.910160120553046514e-01 9.530328610434395387e-01 8.685969755807597670e-01 7.794547540598741886e-01 7.296708302171265315e-01 7.859331721127272852e-01 9.327931216831337746e-01 5.260459720310448617e-01 2.643325416040893105e-01 3.360288708900120436e-01 2.357457637001781903e-01 -5.817159591742770974e-01 -8.210077410688128019e-01 -9.099309879684636115e-01 -9.515324926702571906e-01 -9.752033161602415845e-01 -9.896629038861752825e-01 -9.985135137887923840e-01 -9.922139573678903091e-01 -9.969935373489829944e-01 -9.983560421338681934e-01 -9.986671232833218559e-01 -9.681521783700827166e-01 -9.913774361944420743e-01 -9.912071395671679941e-01 -9.844098388709869862e-01 -9.826949346941843411e-01 -9.913870730153515609e-01 -9.952192802189826493e-01 -9.981728755056737956e-01 -9.765568633310190982e-01 -9.933017025312701476e-01 -9.938361579760125464e-01 -9.984986252413123875e-01 -9.528579692148098079e-01 -9.317902698347015900e-01 -9.259574487896528039e-01 -9.325028460811886077e-01 -9.875977539016237428e-01 -7.653027813994476292e-01 -3.767504925209914091e-01 -8.640549440477703902e-01 -9.167070625529616379e-01 -7.836696079796955372e-01 -6.832633412479865997e-01 -5.675607727616602816e-01 -3.758823548958937222e-01 6.001743070597114621e-02 3.660327828916600246e-01 -3.549470445634194671e-01 -6.569695573380504028e-01 -8.678490436056961466e-01 -9.423449618325067112e-01 -7.930727693283158297e-01 -6.802072615685366141e-01 -5.963580282352428652e-01 -5.387294564038962452e-01 -5.060881023288853475e-01 -4.981500793063064481e-01 -5.155933323672164947e-01 -5.601954779158240250e-01 -6.349578195096450273e-01 -7.441439301786828553e-01 -8.930948391324282643e-01 -9.195481480887062187e-01 -7.510929453273424983e-01 -6.161347469352619344e-01 -5.135153865427617426e-01 -4.411083746078898749e-01 -3.969823692353848243e-01 -3.800713914708346852e-01 -3.906169331207732243e-01 -4.305425421835977762e-01 -5.038660494420050817e-01 -6.172574096694128931e-01 -7.808531578459716460e-01 -9.907277940675519590e-01 -7.557539764112140013e-01 -5.719233762239857022e-01 -4.323671722445793231e-01 -3.301802106713402907e-01 -2.595840745455104681e-01 -2.162322394384238733e-01 -1.972231766531640229e-01 -2.010802974564920576e-01 -2.277663376244126736e-01 -2.787039410817008234e-01 -3.567659081828966627e-01 -4.661955615170358946e-01 -6.122968031320313864e-01 -8.004281803116936045e-01 -9.677401014182002159e-01 -7.660678470878914403e-01 -6.278117915442747998e-01 -5.420753100771198429e-01 -5.027656260762974894e-01 -5.078544963781504995e-01 -5.590241264656647946e-01 -6.623186941065647426e-01 -8.301264969045359932e-01 -9.218537901492421804e-01 -6.825345624756734564e-01 -4.903334811176489616e-01 -3.412630119755302727e-01 -2.292691107890487134e-01 -1.486793820298655533e-01 -9.507479935275840732e-02 -6.561680605074358963e-02 -5.933862536982055513e-02 -7.749859210859395831e-02 1.239826816093745204e-01 2.060711651555485469e-01 3.363115298213291138e-01
1.027516999423747340e-03 9.988013019865771280e-01 9.997351216943562990e-01 9.996100500293125801e-01 9.985256512712060717e-01 9.959123867593409063e-01 9.992249213031945132e-01 9.987555880497411831e-01 9.907721461694007914e-01 4.636572720400224112e-03 7.281655370587169617e-04 6.087769619914433191e-04 9.991870075020912179e-01 9.902857365839994319e-01 9.998614139083025210e-01 9.996710840848964663e-01 9.856231638008200457e-01 4.756550905886713747e-03 9.978022025641074544e-01 9.970143983068806559e-01 9.961281800974211009e-01 9.951316004772383650e-01 9.940159615591642739e-01 9.927813779661753824e-01 9.914454373870282833e-01 9.900567554162631456e-01 9.887155759280800149e-01 9.876032992969099311e-01 9.870207178958865235e-01 9.874283558025588325e-01 9.894675293956508577e-01 9.939123342275721917e-01 9.985439508194552394e-01 9.879438456977558403e-01 9.759159482643828820e-01 9.666812234537135451e-01 9.679705002812969417e-01 9.910847910977802488e-01 9.531656630369305105e-01 8.690036994794048120e-01 7.801103866654335306e-01 7.304428238189332179e-01 7.865553777293803339e-01 9.329943009194234804e-01 5.271738432760635362e-01 2.657440443474180514e-01 3.372245587356361707e-01 2.374959505456676889e-01 -5.807248611704727281e-01 -8.205789761981390207e-01 -9.097450497549555148e-01 -9.514754126812964286e-01 -9.752347171454434083e-01 -9.897565492267973442e-01 -9.986575913152093698e-01 -9.919019766215624312e-01 -9.968523693622483028e-01 -9.983719652853372262e-01 -9.986513392909671660e-01 -9.680083824283274296e-01 -9.913366349853256487e-01 -9.911450147457075976e-01 -9.841572540714405015e-01 -9.809026210564070203e-01 -9.912322147930117122e-01 -9.951821597640492234e-01 -9.981716550321229064e-01 -9.765263455228084810e-01 -9.933345203096874965e-01 -9.939307319410309871e-01 -9.972552618501879795e-01 -9.504780678313909936e-01 -9.292236746035632544e-01 -9.232250800560216630e-01 -9.293167441720592281e-01 -9.943903851855764309e-01 -7.715878777111919717e-01 -3.715807095085204015e-01 -8.638896443763293131e-01 -9.172726132884081451e-01 -7.837398453400818976e-01 -6.831067762063979254e-01 -5.669126775441898358e-01 -3.746352712035835864e-01 6.169445716810416369e-02 3.684866370923303713e-01 -3.527729831003905137e-01 -6.557334515175055056e-01 -8.677330310051731832e-01 -9.412304257450264666e-01 -7.912368949996834155e-01 -6.779708370833555930e-01 -5.939346934603344508e-01 -5.362658819130105003e-01 -5.036896643349976221e-01 -4.959015988931843588e-01 -5.135777751000366598e-01 -5.585131685502733312e-01 -6.337485681298891116e-01 -7.436142584244241904e-01 -8.935515041059962638e-01 -9.179557448123782937e-01 -7.488884477404856854e-01 -6.136107658922379526e-01 -5.108688858741731176e-01 -4.384681092957971593e-01 -3.944337549977190993e-01 -3.776774132390543492e-01 -3.884370851641695266e-01 -4.286526704942494881e-01 -5.023827534193524569e-01 -6.163729152328243366e-01 -7.808907747905671215e-01 -9.892513701293045303e-01 -7.535343942177562537e-01 -5.693774631907386752e-01 -4.297381515851901312e-01 -3.276045585889415523e-01 -2.571361724251264302e-01 -2.139519819640586795e-01 -1.951333274852357913e-01 -1.991988621103706614e-01 -2.261172151895637084e-01 -2.773275580303355969e-01 -3.557308430561462176e-01 -4.656117770230238651e-01 -6.123294179994984709e-01 -8.013052998981470276e-01 -9.658748647228511119e-01 -7.641058683261008344e-01 -6.259580030618751012e-01 -5.404354957647348190e-01 -5.013974108148180342e-01 -5.068010189375935504e-01 -5.583478018849192814e-01 -6.621386686891495010e-01 -8.306637462629722357e-01 -9.204507507880123063e-01 -6.809066422211789149e-01 -4.887137220237137147e-01 -3.397700417657910088e-01 -2.279543893270682964e-01 -1.475584211002541335e-01 -9.414566142289988726e-02 -6.487095694583429328e-02 -5.876702054409532749e-02 -7.709369333203151820e-02 1.237364594264353801e-01 2.059681552823729722e-01 3.363115293484080226e-01
9.933700842169006506e-01 9.988937876254548875e-01 9.970729295016712568e-01 9.966130488308765356e-01 9.981979996190764037e-01 9.961200105885664735e-01 9.890439686447077827e-01 9.970920128726211695e-01 9.958098990238477555e-01 3.814210236293717835e-03 9.943708847152854524e-01 9.895282608352955478e-01 5.553852564630349167e-03 9.994901185413843647e-01 9.885513834820819357e-01 9.996523887087216398e-01 9.836467496750042061e-01 1.715407323106579425e-03 9.831402951712039373e-01 9.969848786138783003e-01 9.960973266312360686e-01 9.951007406869745164e-01 9.939867503998781606e-01 9.927557237579966998e-01 9.914254010866068167e-01 9.900443865453216752e-01 9.887126324847894665e-01 9.876107881836029279e-01 9.870381975559325838e-01 9.874529895736710028e-01 9.894930099046421734e-01 9.939280696947678795e-01 9.985525295155449621e-01 9.879914467715921189e-01 9.760102006996356216e-01 9.668129830536452696e-01 9.681032576203686402e-01 9.911453483973216017e-01 9.532825799513630072e-01 8.693623486660364552e-01 7.806892168963595058e-01 7.311249820899698992e-01 7.871054763712824753e-01 9.331715416435002464e-01 5.281711939961379887e-01 2.669935647730333206e-01 3.382844288074595140e-01 2.390408021065897337e-01 -5.798457762615828459e-01 -8.201975473373254166e-01 -9.095787977579633532e-01 -9.514234568858284113e-01 -9.752613722750747005e-01 -9.898385034951557859e-01 -9.987840600494605203e-01 -9.916284414500066147e-01 -9.967290001041153591e-01 -9.983856179516491514e-01 -9.986377335249712051e-01 -9.678821829810417832e-01 -9.913005404458051784e-01 -9.910894869090691728e-01 -9.839274842544685207e-01 -9.792051111119942641e-01 -9.910926776972948105e-01 -9.951494480936874387e-01 -9.981711022335640893e-01 -9.764965435669714644e-01 -9.933628725545863292e-01 -9.940137644066445732e-01 -9.961129798418856263e-01 -9.483801868342375263e-01 -9.269605948265975393e-01 -9.208133814280294871e-01 -9.265055805604668349e-01 -9.995653638655190854e-01 -7.771131397667082608e-01 -3.670200256604318478e-01 -8.637487790137661214e-01 -9.178127320623220564e-01 -7.838082641380552662e-01 -6.829731601548464370e-01 -5.663455851655800899e-01 -3.735400719095352540e-01 6.316816741193866103e-02 3.706343052211170108e-01 -3.508615780127968264e-01 -6.546457156533580513e-01 -8.676332518997369458e-01 -9.402445137617415627e-01 -7.896167632569510708e-01 -6.759995279996997564e-01 -5.918001669558327071e-01 -5.340968756593097444e-01 -5.015785275930900733e-01 -4.939226520640199181e-01 -5.118038314802227928e-01 -5.570325223189276365e-01 -6.326846089097277748e-01 -7.431497069728195681e-01 -8.939584164594068794e-01 -9.165484050989208820e-01 -7.469439713723665664e-01 -6.113870080851649957e-01 -5.085389021814346044e-01 -4.361447146477719916e-01 -3.921916119361278374e-01 -3.755715214096519983e-01 -3.865194926690717070e-01 -4.269899832491568792e-01 -5.010777182451495726e-01 -6.155953729329459723e-01 -7.809270679759028333e-01 -9.879460983648282735e-01 -7.515770469731736236e-01 -5.671351777745973211e-01 -4.274244719596233533e-01 -3.253389333215757628e-01 -2.549834786404066578e-01 -2.119468783256245881e-01 -1.932955296387237065e-01 -1.975440217351889238e-01 -2.246662885898799977e-01 -2.761161746477406309e-01 -3.548195780105945496e-01 -4.650978896965564657e-01 -6.123591301320836511e-01 -8.020808829947440044e-01 -9.642313462573393057e-01 -7.623783192315671808e-01 -6.243262784386401920e-01 -5.389922447869034405e-01 -5.001930863214012479e-01 -5.058735873188965337e-01 -5.577524809520605364e-01 -6.619809313300097919e-01 -8.311392853659909097e-01 -9.192133158605191312e-01 -6.794722012400734590e-01 -4.872871549026884797e-01 -3.384554251952743842e-01 -2.267967687613828831e-01 -1.465713152743413072e-01 -9.332732217229221250e-02 -6.421389140804174833e-02 -5.826332160747099698e-02 -7.673679586070684955e-02 1.235193682741507759e-01 2.058773115737435877e-01 3.363115289312884060e-01
8.648628205770029220e-01 9.969011609045334010e-01 9.954173071523736427e-01 9.977978181531956814e-01 9.998803828697244711e-01 9.923999448489190245e-01 9.924713571571278647e-01 9.961584748019520763e-01 9.970106478411764339e-01 4.669276647385165748e-04 9.894162901623582140e-01 9.915891086442000235e-01 9.945360943260496134e-01 9.995570366959160014e-01 9.998904130399337564e-01 9.996361641451333435e-01 9.990847769982480475e-01 9.984574825122128905e-01 1.624479779336686185e-03 9.969595768979304662e-01 9.960708844339283274e-01 9.950742785024501158e-01 9.939616832960641579e-01 9.927336975753364712e-01 9.914082040119890360e-01 9.900338052707502445e-01 9.887102073750109188e-01 9.876174117633842453e-01 9.870535044736714614e-01 9.874745263795488004e-01 9.895152876382138363e-01 9.939418392531125246e-01 9.985600271097060388e-01 9.880331400747897064e-01 9.760928618090677356e-01 9.669286825314050704e-01 9.682199753979155998e-01 9.911986671498423940e-01 9.533855169550576880e-01 8.696785525393344596e-01 7.812000761442537966e-01 7.317274953750032562e-01 7.875915755724026690e-01 9.333276867750898154e-01 5.290526773176201791e-01 2.680989821064705958e-01 3.392231173873458960e-01 2.404041404350447109e-01 -5.790666823481985803e-01 -8.198586369220685066e-01 -9.094304319617491084e-01 -9.513763915678042915e-01 -9.752840830858192644e-01 -9.899102992305212068e-01 -9.988951449140996974e-01 -9.913884245712596410e-01 -9.966210563315550663e-01 -9.983973616406309759e-01 -9.986259736704572454e-01 -9.677713520836312977e-01 -9.912686187911022850e-01 -9.910399300900738506e-01 -9.837191863470167164e-01 -9.776199105679960200e-01 -9.909672116842672684e-01 -9.951206092724144137e-01 -9.981710130866852104e-01 -9.764680583507540090e-01 -9.933874281125959493e-01 -9.940867293006566685e-01 -9.950687588751987445e-01 -9.465309905526239076e-01 -9.249652081041974672e-01 -9.186850072506160814e-01 -9.240253750805360600e-01 -9.942251954856875518e-01 -7.819729796670747968e-01 -3.629966785905308080e-01 -8.636283189970963559e-01 -9.183212762268919693e-01 -7.838735305192973124e-01 -6.828587423738847750e-01 -5.658488798331643421e-01 -3.725777334459685619e-01 6.446379313176985038e-02 3.725157578668232827e-01 -3.491804587317550168e-01 -6.536882840297437713e-01 -8.675472171595959292e-01 -9.393727272568549447e-01 -7.881871657581882573e-01 -6.742618348144995277e-01 -5.899197860081939471e-01 -5.321868637807538605e-01 -4.997198749039013510e-01 -4.921805264227664400e-01 -5.102421721689658352e-01 -5.557290544105383256e-01 -6.317482201874882186e-01 -7.427419970120966441e-01 -8.943205020519220394e-01 -9.153049856732657918e-01 -7.452289250236387996e-01 -6.094275755301151731e-01 -5.064871951651578330e-01 -4.340996541305369161e-01 -3.902185272612472278e-01 -3.737184941681772621e-01 -3.848320999663194519e-01 -4.255267467883901977e-01 -4.999291873861557156e-01 -6.149115768644491942e-01 -7.809614796807140547e-01 -9.867925189343433878e-01 -7.498509726043427470e-01 -5.651600206481688371e-01 -4.253878138845411105e-01 -3.233454112894928456e-01 -2.530897517536414565e-01 -2.101831078205430026e-01 -1.916788261136961602e-01 -1.960880138669323369e-01 -2.233893656797867611e-01 -2.750497414282337960e-01 -3.540171303222683363e-01 -4.646454210330143164e-01 -6.123860639299297803e-01 -8.027664662089228909e-01 -9.627830370612813216e-01 -7.608568941200479774e-01 -6.228896755055824963e-01 -5.377216764552259498e-01 -4.991327652217925070e-01 -5.050569373822016983e-01 -5.572283344351931511e-01 -6.618426148218673477e-01 -8.315600172876126406e-01 -9.181219431195277725e-01 -6.782081055032733730e-01 -4.860305251568498575e-01 -3.372976288617385854e-01 -2.257772714747307286e-01 -1.457019150793253393e-01 -9.260644709719703660e-02 -6.363495945679011057e-02 -5.781941314957927958e-02 -7.642218528396414745e-02 1.233279532656592486e-01 2.057971958326430539e-01 3.363115285633838658e-01
9.978942744472653059e-01 9.967675362474126555e-01 9.942832738703791806e-01 9.982720500154717014e-01 9.999346945124318875e-01 9.931586708701276578e-01 9.923581370900018683e-01 9.964142324328217892e-01 9.970772866810855284e-01 4.221622886333866289e-04 9.892687614464955592e-01 9.914819892918153021e-01 9.941678045853580281e-01 9.993735337291645981e-01 9.999021670066331469e-01 9.996220549305561143e-01 9.990686178670462603e-01 9.984392917795187339e-01 1.912011490755947517e-03 9.969378081151706317e-01 9.960481383340183958e-01 9.950515056575029993e-01 9.939400978573709189e-01 9.927147225085644067e-01 9.913933936051173568e-01 9.900247190113143914e-01 9.887081957189535197e-01 9.876232649434335542e-01 9.870669183429338078e-01 9.874933738718122411e-01 9.895347843076701677e-01 9.939538990672379670e-01 9.985665865956790954e-01 9.880696862787335943e-01 9.761653994531650502e-01 9.670303221845464314e-01 9.683226180751183243e-01 9.912456152400905829e-01 9.534761534383963122e-01 8.699573069020555272e-01 7.816508412318440291e-01 7.322594868243268440e-01 7.880209522571635095e-01 9.334652487028524126e-01 5.298314435413769008e-01 2.690764135700082216e-01 3.400539160552402684e-01 2.416071157933627755e-01 -5.783766772723646366e-01 -8.195578103748107912e-01 -9.092982411138357257e-01 -9.513339237705670248e-01 -9.753034993868053837e-01 -9.899732506386069719e-01 -9.989927716423232518e-01 -9.911776762116436545e-01 -9.965265119583592845e-01 -9.984074922108497896e-01 -9.986157850650622114e-01 -9.676739622825024645e-01 -9.912403951660047063e-01 -9.909957614510245261e-01 -9.835309339065207990e-01 -9.761558924277901061e-01 -9.908546184918113342e-01 -9.950951771087340747e-01 -9.981712384537467786e-01 -9.764412528847042916e-01 -9.934087419834058963e-01 -9.941508931078935074e-01 -9.941184001759512112e-01 -9.449010196350541291e-01 -9.232058762233065208e-01 -9.168068770495825248e-01 -9.218372698128490805e-01 -9.895294993547903983e-01 -7.862493781139462401e-01 -3.594473778496514726e-01 -8.635249816008785384e-01 -9.187947587064250188e-01 -7.839348489403303866e-01 -6.827604620027809545e-01 -5.654134498548405441e-01 -3.717317378272803619e-01 6.560330235966639612e-02 3.741653490528667469e-01 -3.477013855199325709e-01 -6.528453463461937334e-01 -8.674728612725699506e-01 -9.386021156728234782e-01 -7.869257963068303496e-01 -6.727300045285296015e-01 -5.882630902517189675e-01 -5.305046357409598512e-01 -4.980831879688894515e-01 -4.906465608810407497e-01 -5.088671030004806584e-01 -5.545813176197751382e-01 -6.309238987992837888e-01 -7.423839623669125087e-01 -8.946423238208357498e-01 -9.142066632734086040e-01 -7.437162846744939104e-01 -6.077008905922033355e-01 -5.046802180776479574e-01 -4.322991802037426390e-01 -3.884817711471300061e-01 -3.720875323257314959e-01 -3.833468765888779495e-01 -4.242387039738891308e-01 -4.989181324266573347e-01 -6.143100128831525675e-01 -7.809936834639441550e-01 -9.857732867388508957e-01 -7.483288486351663549e-01 -5.634199340819964208e-01 -4.235946160673623173e-01 -3.215908358318794735e-01 -2.514233366452633955e-01 -2.086311404463062347e-01 -1.902561833000115943e-01 -1.948065806001028633e-01 -2.222652889497181150e-01 -2.741107045443393342e-01 -3.533103696148215400e-01 -4.642469459628723039e-01 -6.124103800888703875e-01 -8.033723265518557533e-01 -9.615066281781508017e-01 -7.595167680462400206e-01 -6.216245953467776086e-01 -5.366028816207585317e-01 -4.981990301216643324e-01 -5.043376942966572019e-01 -5.567667544368571919e-01 -6.617212445369576868e-01 -8.319321162307231621e-01 -9.171593931485627627e-01 -6.770940164176801890e-01 -4.849234235642703172e-01 -3.362777690682189902e-01 -2.248792576211479932e-01 -1.449360561504546840e-01 -9.197133351086257680e-02 -6.312480669432510294e-02 -5.742816034230168593e-02 -7.614483275282295238e-02 1.231591711069870698e-01 2.057265401616694411e-01 3.363115282388840499e-01
9.942301216525577523e-01 9.968625813240454825e-01 9.930024024581184383e-01 9.988476982232040724e-01 9.998714798383577795e-01 9.938976953942292303e-01 9.922789120877464342e-01 9.966158586965906396e-01 9.971417271465685683e-01 9.983103626054041779e-01 9.891404056138783929e-01 9.914052040487030260e-01 9.938504224045101587e-01 9.992036698190017718e-01 9.998281462558358257e-01 9.996097634675363830e-01 9.990545805047839067e-01 9.984235375918428801e-01 2.145018720247494296e-03 9.969190180829664572e-01 9.960285088620042249e-01 9.950318468047955056e-01 9.939214546434566033e-01 9.926983279493211132e-01 9.913806008686963933e-01 9.900168908060376083e-01 9.887065166717416975e-01 9.876284341145098455e-01 9.870786811143313910e-01 9.875098822934551546e-01 9.895518621139847149e-01 9.939644697498322135e-01 9.985723306379407083e-01 9.881017426098313017e-01 9.762290876037248433e-01 9.671196459651365540e-01 9.684129062908013452e-01 9.912869574378928572e-01 9.535559678136075190e-01 8.702030346284259643e-01 7.820485151720319994e-01 7.327290931559191645e-01 7.884001100950015495e-01 9.335864440703350864e-01 5.305192467388788469e-01 2.699403200834806782e-01 3.407888204273739063e-01 2.426684744088943579e-01 -5.777659241703289039e-01 -8.192910171363597671e-01 -9.091806222550100625e-01 -9.512957290901397078e-01 -9.753201510525854045e-01 -9.900284888641119885e-01 -9.990786115551257840e-01 -9.909925196902760192e-01 -9.964436300032311067e-01 -9.984162534693691304e-01 -9.986069392198553274e-01 -9.675883414857689990e-01 -9.912154473557424073e-01 -9.909564420933892892e-01 -9.833612647436017484e-01 -9.748154681499378027e-01 -9.907537588482352442e-01 -9.950727444955619339e-01 -9.981716697439089181e-01 -9.764163223994232199e-01 -9.934272776646788650e-01 -9.942073495603537259e-01 -9.932568508007978414e-01 -9.434642700722778441e-01 -9.216546751044142338e-01 -9.151497131066197444e-01 -9.199069413453694333e-01 -9.853988658864009098e-01 -7.900137175622062857e-01 -3.563162955643537910e-01 -8.634360768461599722e-01 -9.192316732001162283e-01 -7.839918016253178967e-01 -6.826758066639764255e-01 -5.650314489429271170e-01 -3.709877137944258552e-01 6.660585163172094703e-02 3.756126942139570435e-01 -3.463996913507236264e-01 -6.521030543122999790e-01 -8.674084627866257557e-01 -9.379211338075005289e-01 -7.858129300602937350e-01 -6.713795881005536481e-01 -5.868033067592302032e-01 -5.290227979368707922e-01 -4.966417023000596065e-01 -4.892956287640885527e-01 -5.076561000454691275e-01 -5.535705126564534062e-01 -6.301980704865928207e-01 -7.420693870289692962e-01 -8.949280734947012705e-01 -9.132367064090969322e-01 -7.423821893467761335e-01 -6.061791742552222750e-01 -5.030885293555438231e-01 -4.307137200061286197e-01 -3.869526878604261921e-01 -3.706516805800799674e-01 -3.820392899024586675e-01 -4.231046194312305664e-01 -4.980278954241670331e-01 -6.137806283608261415e-01 -7.810235179754856372e-01 -9.848729680109000739e-01 -7.469865717438606278e-01 -5.618867527869637613e-01 -4.220154648536211250e-01 -3.200461919949542655e-01 -2.499565556137157696e-01 -2.072651643978524194e-01 -1.890039679366830039e-01 -1.936785040834243243e-01 -2.212755372201191117e-01 -2.732836822565679613e-01 -3.526877802092113212e-01 -4.638959562675703530e-01 -6.124322592065720716e-01 -8.039076065183935471e-01 -9.603816187458714682e-01 -7.583361556199081921e-01 -6.205103514407014353e-01 -5.356175376062602966e-01 -4.973766143532659112e-01 -5.037041296387604339e-01 -5.563601962242026300e-01 -6.616146795669148872e-01 -8.322610939831590615e-01 -9.163104594551709781e-01 -6.761120470252646175e-01 -4.839479282036751040e-01 -3.353792749151641717e-01 -2.240881272203344432e-01 -1.442613071485036036e-01 -9.141170489022054646e-02 -6.267521270564838098e-02 -5.708328808790820441e-02 -7.590031156458373895e-02 1.230103406528930687e-01 2.056642267341264319e-01 3.363115279526734391e-01
3.052730513850562604e-04 9.988092467903194605e-01 9.956484401615166568e-01 9.941998637137235972e-01 9.981518320739845018e-01 9.972291212167843089e-01 9.894251220293008853e-01 9.949100165164428411e-01 3.075717223790678644e-03 3.142617177427280417e-01 9.955260671858011667e-01 9.891905207646541909e-01 9.840502217475151081e-01 9.995220237368170890e-01 9.901497074277977317e-01 9.995990390617325305e-01 9.826672998517828050e-01 1.875051894090004915e-03 9.839900284762425064e-01 9.969027539252716119e-01 9.960115220074285958e-01 9.950148303465234934e-01 9.939053105496701290e-01 9.926841267838777405e-01 9.913695224201697354e-01 9.900101270498843364e-01 9.887051073238140031e-01 9.876329971764864490e-01 9.870890023333367402e-01 9.875243532746177388e-01 9.895668329233596738e-01 9.939737417120568796e-01 9.985773647426178234e-01 9.881298779213401051e-01 9.762850332420928146e-01 9.671981751459145515e-01 9.684923469224463455e-01 9.913233669126721992e-01 9.536262605332122000e-01 8.704196448702788969e-01 7.823993098267748580e-01 7.331435511834732965e-01 7.887348435161191107e-01 9.336932264988431207e-01 5.311265615808724583e-01 2.707036308125114754e-01 3.414386061873005973e-01 2.436048109248155902e-01 -5.772255822461135333e-01 -8.190545795891627234e-01 -9.090760904040230406e-01 -9.512614710385002281e-01 -9.753344725631724055e-01 -9.900769905844913898e-01 -9.991541184956987953e-01 -9.908297658278800712e-01 -9.963709159289313444e-01 -9.984238476093533210e-01 -9.985992449324575526e-01 -9.675130357617827137e-01 -9.911934001672895178e-01 -9.909214767327512163e-01 -9.832087187349796142e-01 -9.735965329445210870e-01 -9.906635580457010537e-01 -9.950529548745319364e-01 -9.981722283654409500e-01 -9.763933451581086054e-01 -9.934434244823850957e-01 -9.942570470675912153e-01 -9.924785008988692425e-01 -9.421978057134952067e-01 -9.202869704875736856e-01 -9.136876208753340611e-01 -9.182040786585674574e-01 -9.817640621271465085e-01 -7.933282902691507488e-01 -3.535541810454912448e-01 -8.633593883773669209e-01 -9.196319442841648373e-01 -7.840442327475557471e-01 -6.826027027300466399e-01 -5.646961010374437206e-01 -3.703331360803577277e-01 6.748816877965768679e-02 3.768833917103546760e-01 -3.452538058371530938e-01 -6.514492688245391294e-01 -8.673525809055601110e-01 -9.373195058633273513e-01 -7.848311339657814134e-01 -6.701890481940736555e-01 -5.855168981328906508e-01 -5.277172969745174136e-01 -4.953719332881671988e-01 -4.881056892517038337e-01 -5.065894065482979824e-01 -5.526801507432221872e-01 -6.295588404298171348e-01 -7.417928690604432829e-01 -8.951815764370800732e-01 -9.123802617960389272e-01 -7.412055785149790355e-01 -6.048379863219951469e-01 -5.016862793962454381e-01 -4.293173429024270127e-01 -3.856061700563092609e-01 -3.693873288469866067e-01 -3.808878510296544451e-01 -4.221058880207706476e-01 -4.972438813462717877e-01 -6.133146361823146320e-01 -7.810509378794825430e-01 -9.840778487919890072e-01 -7.458028829712713970e-01 -5.605357234816235046e-01 -4.206245654285985514e-01 -3.186860682536941103e-01 -2.486651859312564716e-01 -2.060625956253824831e-01 -1.879014990797694129e-01 -1.926852081643689873e-01 -2.204038833133968311e-01 -2.725551860289286421e-01 -3.521392558401303940e-01 -4.635867429915597193e-01 -6.124518902577777979e-01 -8.043804299431402960e-01 -9.593899729567828549e-01 -7.572959283714171264e-01 -6.195287976684515918e-01 -5.347495763044786132e-01 -4.966521266890882580e-01 -5.031459517019645222e-01 -5.560020419649327472e-01 -6.615210637450255060e-01 -8.325518630411009591e-01 -9.155617296378786296e-01 -6.752464616518988327e-01 -4.830882935190357608e-01 -3.345875965500902383e-01 -2.233910623556709663e-01 -1.436667514399981582e-01 -9.091853243944963969e-02 -6.227895048817814333e-02 -5.677927558138975983e-02 -7.568472415405785858e-02 1.228790994927548286e-01 2.056092699819625780e-01 3.363115277002325931e-01
9.963273226108315672e-01 9.975249913772867849e-01 9.910476801560982318e-01 9.998488509852391237e-01 9.999299978170134162e-01 9.951720941134888365e-01 9.922988745531048371e-01 9.969339866253258409e-01 9.972533256912188282e-01 9.987421153283997377e-01 1.295684336885925424e-04 9.913152785852711313e-01 9.933299608167924788e-01 9.988912717194948776e-01 2.997814533228276217e-04 9.995896693887575957e-01 9.990317091772287217e-01 9.983979624566244881e-01 9.998324804875197147e-01 9.968886422365603739e-01 9.959967867199941427e-01 9.950000665941857170e-01 9.938912987778386610e-01 9.926717981752389841e-01 9.913599069424420263e-01 9.900042682975536135e-01 9.887039182833580186e-01 9.876370239169811605e-01 9.870980637178408124e-01 9.875370471655215976e-01 9.895799658935521270e-01 9.939818796396955314e-01 9.985817798834168979e-01 9.881545854213127367e-01 9.763341994069858476e-01 9.672672376530566662e-01 9.685622598055979582e-01 9.913554358181131398e-01 9.536881750138515024e-01 8.706105887864589166e-01 7.827087261527136963e-01 7.335092841643439110e-01 7.890303030595144929e-01 9.337873166380268319e-01 5.316627016185400123e-01 2.713778743544725258e-01 3.420129188211984972e-01 2.444308017125898791e-01 -5.767477306797517134e-01 -8.188451745624302225e-01 -9.089832815413972922e-01 -9.512308143039877040e-01 -9.753468220729567539e-01 -9.901196014132849221e-01 -9.992205595743404167e-01 -9.906866421438401682e-01 -9.963070797624460351e-01 -9.984304432958654996e-01 -9.985925413430188913e-01 -9.674467783911331331e-01 -9.911739203940375109e-01 -9.908904125259978546e-01 -9.830718668803858362e-01 -9.724940216988801067e-01 -9.905830096738815760e-01 -9.950354952713318379e-01 -9.981728579307136417e-01 -9.763723192816122776e-01 -9.934575111670012060e-01 -9.943008107440703958e-01 -9.917774381547630469e-01 -9.410814067048863807e-01 -9.190810375162116186e-01 -9.123977104799564364e-01 -9.167019195036342216e-01 -9.785646312235510846e-01 -7.962475534539612543e-01 -3.511175828181970493e-01 -8.632930804740083230e-01 -9.199964936975786323e-01 -7.840921648647554143e-01 -6.825394296388905824e-01 -5.644015395208173969e-01 -3.697570718516270949e-01 6.826487846449029451e-02 3.779996197771283151e-01 -3.442448477779809224e-01 -6.508733416546684802e-01 -8.673040047794199348e-01 -9.367880980769405230e-01 -7.839650068027372853e-01 -6.691394123893048551e-01 -5.843831663408305399e-01 -5.265670038655130281e-01 -4.942532640643748643e-01 -4.870573979193700276e-01 -5.056496832366523808e-01 -5.518957611709931488e-01 -6.289957779499040225e-01 -7.415497060915500205e-01 -8.954063051318308375e-01 -9.116241571467131877e-01 -7.401678683233915423e-01 -6.036558209275713072e-01 -5.004507630148727904e-01 -4.280872986998927043e-01 -3.844202043398431412e-01 -3.682737819141624902e-01 -3.798737231822172378e-01 -4.212261970844681236e-01 -4.965532929686941599e-01 -6.129043473007044218e-01 -7.810759776024568390e-01 -9.833757571868059211e-01 -7.447590347210989448e-01 -5.593450847602560172e-01 -4.193992833873262382e-01 -3.174881922680174995e-01 -2.475280105799492480e-01 -2.050036566377907432e-01 -1.869306633147922725e-01 -1.918104158698040462e-01 -2.196360991022783260e-01 -2.719133796163029082e-01 -3.516559219377493606e-01 -4.633142949250614318e-01 -6.124694626371487427e-01 -8.047980083962432696e-01 -9.585158197211534059e-01 -7.563792824118432678e-01 -6.186640064821362639e-01 -5.339848974309311380e-01 -4.960138134004994925e-01 -5.026541240538291433e-01 -5.556864830271429634e-01 -6.614387846845203311e-01 -8.328087957383825124e-01 -9.149013742531835192e-01 -6.744834133107362462e-01 -4.823306799015943391e-01 -3.338899520427449086e-01 -2.227768036283101494e-01 -1.431427976475949382e-01 -9.048387999142239180e-02 -6.192966398682887147e-02 -5.651126420845593856e-02 -7.549463813713240545e-02 1.227633658113695542e-01 2.055608009088391031e-01 3.363115274775736463e-01
5.718935855704600354e-04 9.979604889499875675e-01 9.933884592488914089e-01 9.992750053542778232e-01 9.939596064460991531e-01 9.957597774429942650e-01 9.968261108615087407e-01 9.984031887912405701e-01 7.777590340016510284e-01 1.082537764072725181e-03 9.874179381166211522e-01 9.930991841762945027e-01 4.206228115449284904e-03 9.936340733709956297e-01 9.999360958338060490e-01 9.836678036747368292e-01 9.990224073209260647e-01 9.804689042914872532e-01 2.304720761405894616e-03 9.968763727026177524e-01 9.959839779417433148e-01 9.949872312075518366e-01 9.938791135804121435e-01 9.926610744112513984e-01 9.913515448346316150e-01 9.899991822869435021e-01 9.887029104431646065e-01 9.876405765711768758e-01 9.871060230676381719e-01 9.875481891618927976e-01 9.895914938303025377e-01 9.939890262457194980e-01 9.985856546837702519e-01 9.881762934295341694e-01 9.763774249134653527e-01 9.673279935089131865e-01 9.686238012807403264e-01 9.913836848597890050e-01 9.537427164068302821e-01 8.707789108433513503e-01 7.829816297030163241e-01 7.338319845717543588e-01 7.892910589310648817e-01 9.338702293424732126e-01 5.321359338568214525e-01 2.719733090989016056e-01 3.425203684568730589e-01 2.451594176473304576e-01 -5.763252906764867456e-01 -8.186598106184058699e-01 -9.089009511153151033e-01 -9.512034335970527277e-01 -9.753574963199121983e-01 -9.901570552197391795e-01 -9.992790409609074720e-01 -9.905607338139150730e-01 -9.962510050601226519e-01 -9.984361819841939267e-01 -9.985866924585834470e-01 -9.673884639161373089e-01 -9.911567122953828246e-01 -9.908628372916664651e-01 -9.829493327817430126e-01 -9.715010737959626219e-01 -9.905111775639695582e-01 -9.950200905189907630e-01 -9.981735184746632905e-01 -9.763531893969730202e-01 -9.934698165879676246e-01 -9.943393603487165056e-01 -9.911476543039272613e-01 -9.400972536075721253e-01 -9.180177213761979704e-01 -9.112597568582698759e-01 -9.153768390116466813e-01 -9.757477088092837425e-01 -7.988191842271474830e-01 -3.489681641614175156e-01 -8.632356250521486807e-01 -9.203269070214146197e-01 -7.841357387253790057e-01 -6.824845525953532333e-01 -5.641426738558956711e-01 -3.692499657796916024e-01 6.894878013790574356e-02 3.789806334801423815e-01 -3.433562753547705348e-01 -6.503659265626043906e-01 -8.672617127937756187e-01 -9.363188008342013813e-01 -7.832009467503577849e-01 -6.682139671275775239e-01 -5.833839056278847801e-01 -5.255533513251918754e-01 -4.932675869137377322e-01 -4.861337683281387045e-01 -5.048217046401424213e-01 -5.512046375124672881e-01 -6.284997303514417988e-01 -7.413357985802367933e-01 -8.956053980737678222e-01 -9.109567208203942501e-01 -7.392526634455693912e-01 -6.026137511111098188e-01 -4.993620291325287508e-01 -4.270036168071752458e-01 -3.833754779033765048e-01 -3.672928874473802008e-01 -3.789803832115977156e-01 -4.204512345184497346e-01 -4.959449018720563651e-01 -6.125430272194789527e-01 -7.810987246888263513e-01 -9.827559001361342306e-01 -7.438384955922541231e-01 -5.582956997098201812e-01 -4.183197468689053844e-01 -3.164330297786467905e-01 -2.465264310745106380e-01 -2.040710139050120886e-01 -1.860755834639354622e-01 -1.910398541737161615e-01 -2.189597007872281786e-01 -2.713478705081697195e-01 -3.512299814624559313e-01 -4.630742107417740172e-01 -6.124851608058066166e-01 -8.051667382338264511e-01 -9.577451896234256967e-01 -7.555714493724751124e-01 -6.179019899358300094e-01 -5.333111202562614839e-01 -4.954513521495690354e-01 -5.022207082049441329e-01 -5.554084180749216948e-01 -6.613664393573623901e-01 -8.330357790493152503e-01 -9.143189603020579481e-01 -6.738107139391452671e-01 -4.816629181744785382e-01 -3.332751073921750851e-01 -2.222354559621911307e-01 -1.426810149619891777e-01 -9.010076897772209548e-02 -6.162176125604993532e-02 -5.627497700477184644e-02 -7.532703024062915864e-02 1.226613048681618051e-01 2.055180532722610531e-01 3.363115272811880163e-01
9.984421310836382180e-01 9.978628493232576391e-01 9.962124540983468002e-01 9.951053923032713300e-01 9.909451099477476488e-01 9.979199085084652365e-01 9.946783052795932223e-01 9.983322894931263569e-01 9.984799167716109647e-01 7.289055358412143137e-01 1.189918217739753406e-03 9.900786165006262296e-01 2.258792493054846001e-03 9.995369945012139157e-01 9.933126908771495733e-01 4.998216399887731422e-04 1.545635968813318262e-03 9.836821862584138598e-01 9.780202480997420844e-01 9.969467422382580768e-01 9.978335225541222764e-01 9.949760524866730904e-01 9.938684985075817435e-01 9.926517307471353080e-01 9.913442602203753617e-01 9.899947585880294332e-01 9.887020525908318813e-01 9.876437104593511762e-01 9.871130175976604582e-01 9.875579744349144429e-01 9.896016185024424372e-01 9.939953054245345143e-01 9.985890572369038320e-01 9.881953744833961162e-01 9.764154412204788525e-01 9.673814568475135323e-01 9.686779848349278410e-01 9.914085718504016542e-01 9.537907682922337482e-01 8.709272953583324650e-01 7.832223202633058490e-01 7.341166914784101882e-01 7.895211610274475156e-01 9.339432980061468381e-01 5.325535867511315136e-01 2.724990483548718201e-01 3.429686244658951555e-01 2.458021163810679977e-01 -5.759519488371684925e-01 -8.184958032896233471e-01 -9.088279696412573383e-01 -9.511790193119552539e-01 -9.753667423504831513e-01 -9.901899901990832698e-01 -9.993305296721169961e-01 -9.904499340880826841e-01 -9.962017232800707278e-01 -9.984411828955331858e-01 -9.985815828008417494e-01 -9.673371262408453353e-01 -9.911415135365904128e-01 -9.908383773203116585e-01 -9.828398077395730237e-01 -9.706098676505282574e-01 -9.904471961345407971e-01 -9.950064984003490487e-01 -9.981741821553188343e-01 -9.763358658408743951e-01 -9.934805783151029468e-01 -9.943733250803657997e-01 -9.905832051015864836e-01 -9.392296454630070235e-01 -9.170801356628232037e-01 -9.102558957280159069e-01 -9.142079849396022029e-01 -9.732670165946910590e-01 -8.010849734727190086e-01 -3.470721003399720450e-01 -8.631857440415136029e-01 -9.206251831276218711e-01 -7.841751700711279138e-01 -6.824368694103797317e-01 -5.639150782768085346e-01 -3.688034569927455264e-01 6.955108624706145271e-02 3.798431807862043263e-01 -3.425735849780709441e-01 -6.499188155617714457e-01 -8.672248397563410149e-01 -9.359044205613679113e-01 -7.825269441994097130e-01 -6.673979879220411915e-01 -5.825030984841780279e-01 -5.246600172746905821e-01 -4.923989910569501194e-01 -4.853198776955953697e-01 -5.040920950774809839e-01 -5.505956171027013291e-01 -6.280626616699566123e-01 -7.411475677518581939e-01 -8.957816817534969278e-01 -9.103676180844955113e-01 -7.384455013051173244e-01 -6.016951166981228116e-01 -4.984025402467583965e-01 -4.260487579389969359e-01 -3.824550375494835674e-01 -3.664287139052448405e-01 -3.781933286257955218e-01 -4.197684359838561585e-01 -4.954088502149079365e-01 -6.122247726110646715e-01 -7.811193003480075836e-01 -9.822087147054913148e-01 -7.430266891920760397e-01 -5.573707345873086805e-01 -4.173685008461563428e-01 -3.155034374477583836e-01 -2.456441330930899669e-01 -2.032494649964267097e-01 -1.853223326859051445e-01 -1.903609989429721205e-01 -2.183637284438370574e-01 -2.708495290290238167e-01 -3.508545809266188087e-01 -4.628626227852961628e-01 -6.124991608283455458e-01 -8.054922886478658173e-01 -9.570657844409561354e-01 -7.548594446549076187e-01 -6.172304574430743651e-01 -5.327173682341669325e-01 -4.949556731056449776e-01 -5.018387269275548235e-01 -5.551633646545374168e-01 -6.613028050398817026e-01 -8.332362649619949879e-01 -9.138052865508675682e-01 -6.732176332162910226e-01 -4.810743042070850239e-01 -3.327331850287546522e-01 -2.217583196286121161e-01 -1.422739897510612583e-01 -8.976306070087661237e-02 -6.135032114011174098e-02 -5.606664815673497587e-02 -7.517923711192314729e-02 1.225712995236615116e-01 2.054803514102436779e-01 3.363115271079720192e-01
9.993940691879348304e-01 9.980038041815912919e-01 9.965129113968914654e-01 9.950220916727252618e-01 9.914318511147044433e-01 9.978359128556300028e-01 9.951868772393234197e-01 9.983079408782211672e-01 9.984622841706074503e-01 4.327728314800086684e-01 1.107985785287624774e-03 9.899198048609137990e-01 2.243169524505101396e-03 9.995408196959045810e-01 9.937017417735692915e-01 5.475214579105071788e-04 1.659343918283484598e-03 9.833902593275343218e-01 9.781102736138845843e-01 9.971785310371804600e-01 9.979031955672343912e-01 9.949663015112780728e-01 9.938592372564057920e-01 9.926435774789356126e-01 9.913379047128082489e-01 9.899909044557275717e-01 9.887013196257979919e-01 9.876464746411162121e-01 9.871191667790801816e-01 9.875665724406185175e-01 9.896105151017009494e-01 9.940008249111265126e-01 9.985920466296953624e-01 9.882121530620554539e-01 9.764488868691524326e-01 9.674285149438995868e-01 9.687256991365251757e-01 9.914304993043776548e-01 9.538331074440196122e-01 8.710581083225219512e-01 7.834345952318014783e-01 7.343678617208261317e-01 7.897241945471081825e-01 9.340076962050080089e-01 5.329221501886827195e-01 2.729631777895294986e-01 3.433645066056444928e-01 2.463690149704171051e-01 -5.756220838085447378e-01 -8.183507497230567695e-01 -9.087633165064142871e-01 -9.511572809054834599e-01 -9.753747667916250474e-01 -9.902189623307035005e-01 -9.993758720804439832e-01 -9.903524023973409030e-01 -9.961583924566353998e-01 -9.984455469670102667e-01 -9.985771139190110501e-01 -9.672919200327587674e-01 -9.911280915439546479e-01 -9.908166949326147055e-01 -9.827420606059384944e-01 -9.698121986656202953e-01 -9.903902693952788550e-01 -9.949945055166056207e-01 -9.981748300497428339e-01 -9.763202384200224682e-01 -9.934899995022530295e-01 -9.944032559161577467e-01 -9.900783285919604326e-01 -9.384647493183633227e-01 -9.162533949954144719e-01 -9.093703523960087187e-01 -9.131769545176442460e-01 -9.710820022420938447e-01 -8.030815883922689524e-01 -3.453995474092205753e-01 -8.631423636517685516e-01 -9.208935496971446533e-01 -7.842107188290302622e-01 -6.823953682713159719e-01 -5.637148983546630410e-01 -3.684102225302490763e-01 7.008162702857970161e-02 3.806018527234835136e-01 -3.418840513564104788e-01 -6.495247967405610723e-01 -8.671926503399675079e-01 -9.355385812790769640e-01 -7.819323974949794476e-01 -6.666785017206937614e-01 -5.817266493164581220e-01 -5.238726485112914499e-01 -4.916334905763083962e-01 -4.846026106455884053e-01 -5.034490988707988057e-01 -5.500588891811973857e-01 -6.276775127496664330e-01 -7.409818857298254846e-01 -8.959376941056055310e-01 -9.098477032795477815e-01 -7.377336254412109051e-01 -6.008852503002996004e-01 -4.975568751700823467e-01 -4.252073111487432722e-01 -3.816439937023438644e-01 -3.656672712155052407e-01 -3.774998235303967942e-01 -4.191667656229244310e-01 -4.949364788196712883e-01 -6.119444049546984843e-01 -7.811378453771143926e-01 -9.817257334176200390e-01 -7.423107633018133367e-01 -5.565553776798659591e-01 -4.165302063734602767e-01 -3.146843618813261467e-01 -2.448667971411766509e-01 -2.025256680583353841e-01 -1.846586872146856184e-01 -1.897628541295159621e-01 -2.178385548540628658e-01 -2.704103311478388560e-01 -3.505236937681933673e-01 -4.626761308293887986e-01 -6.125116282724833994e-01 -8.057796812020843191e-01 -9.564667750992184025e-01 -7.542318479044376467e-01 -6.166386050855130474e-01 -5.321940818348092073e-01 -4.945188034165651780e-01 -5.015020453122871480e-01 -5.549473823413108020e-01 -6.612468146869497909e-01 -8.334133164755404000e-01 -9.133522381855708749e-01 -6.726947222839732010e-01 -4.805554195912632443e-01 -3.322554968836700651e-01 -2.213377429970271593e-01 -1.419152005336535571e-01 -8.946535355904093600e-02 -6.111101167174353560e-02 -5.588296123818934508e-02 -7.504891213752881707e-02 1.224919243150691950e-01 2.054470995153147295e-01 3.363115269551911757e-01
2.485528320584534379e-01 9.982002935545807309e-01 9.968236340052941680e-01 9.949594797674816693e-01 9.917978994837536311e-01 9.977447426873352621e-01 9.956400010376712517e-01 9.982866052543099000e-01 9.984469237054144353e-01 7.429588366865977692e-04 1.030369085782682119e-03 9.897807326796719263e-01 2.229126951266527899e-03 9.995441815885915959e-01 9.940600634770683230e-01 5.917323907932040905e-04 1.758428231262497681e-03 9.831434044247829851e-01 9.781970547845149078e-01 9.973784654062679556e-01 9.979638588837811408e-01 9.949577844093353551e-01 9.938511464740886758e-01 9.926364536973740771e-01 9.913323525029857919e-01 9.899875415843808479e-01 9.887006912173841311e-01 9.876489125512700751e-01 9.871245747627024336e-01 9.875741305516687607e-01 9.896183359983503625e-01 9.940056785299326014e-01 9.985946742235434215e-01 9.882269121544567936e-01 9.764783198566460154e-01 9.674699446598594710e-01 9.687677237645777595e-01 9.914498211483290246e-01 9.538704168407231565e-01 8.711734347327714234e-01 7.836218067809326282e-01 7.345894346091740301e-01 7.899033308498216721e-01 9.340644568600272590e-01 5.332473669166087893e-01 2.733728639828583162e-01 3.437140708658447119e-01 2.468690441430046456e-01 -5.753306973444437533e-01 -8.182225036896508819e-01 -9.087060727587253917e-01 -9.511379486526028160e-01 -9.753817432221548733e-01 -9.902444567165651357e-01 -9.994158097189750345e-01 -9.902665287669577543e-01 -9.961202793484016382e-01 -9.984493600095460941e-01 -9.985732015755209856e-01 -9.672521048569459046e-01 -9.911162402346372913e-01 -9.907974859077091079e-01 -9.826549434319873377e-01 -9.690998669687254097e-01 -9.903396688828303152e-01 -9.949839237412794191e-01 -9.981754497650697777e-01 -9.763061861751550774e-01 -9.934982544637483981e-01 -9.944296360002977675e-01 -9.896275279850199613e-01 -9.377903784129506537e-01 -9.155243784491755576e-01 -9.085892004207567485e-01 -9.122675083563088760e-01 -9.691571010959850740e-01 -8.048412266374197488e-01 -3.439241738513107993e-01 -8.631045778811139435e-01 -9.211343302443759651e-01 -7.842426673454881980e-01 -6.823591940091447983e-01 -5.635387721599680599e-01 -3.680638429688125601e-01 7.054902708649421483e-02 3.812693794756771837e-01 -3.412765026256688317e-01 -6.491775306041105420e-01 -8.671645174975730619e-01 -9.352156354499875368e-01 -7.814079493628763862e-01 -6.660440776898685078e-01 -5.810421510946697232e-01 -5.231786192943234104e-01 -4.909587871118930025e-01 -4.839704358777998650e-01 -5.028823801240308589e-01 -5.495858277634058098e-01 -6.273380796325787045e-01 -7.408360158384533767e-01 -8.960757082881994906e-01 -9.093888869164037381e-01 -7.371057849697902897e-01 -6.001712367971058226e-01 -4.968114693692690653e-01 -4.244657299969343822e-01 -3.809292631139796215e-01 -3.649962681602573200e-01 -3.768886779658557340e-01 -4.186365255263535534e-01 -4.945201778168109019e-01 -6.116973786173206529e-01 -7.811545100935902708e-01 -9.812994628774923678e-01 -7.416793860462428389e-01 -5.558365932080174820e-01 -4.157913786371752463e-01 -3.139625782706135793e-01 -2.441818477194179771e-01 -2.018879074386681349e-01 -1.840739120884205826e-01 -1.892357602415932483e-01 -2.173757194340980581e-01 -2.700232216684417264e-01 -3.502320186789611434e-01 -4.625117444059764771e-01 -6.125227170812690414e-01 -8.060333614204348018e-01 -9.559386244693984791e-01 -7.536786113628431982e-01 -6.161169320927234461e-01 -5.317328556290337183e-01 -4.941337317708619503e-01 -5.012052671042516172e-01 -5.547570058240376412e-01 -6.611975359791015805e-01 -8.335696493779255478e-01 -9.129526585650024062e-01 -6.722336591877665635e-01 -4.800979749026910159e-01 -3.318343986874781049e-01 -2.209669940476634842e-01 -1.415989088261739026e-01 -8.920289322037848467e-02 -6.090001864772985607e-02 -5.572099505894958366e-02 -7.493398751598598362e-02 1.224219226461936566e-01 2.054177721826871139e-01 3.363115268204396324e-01
9.994792656500970374e-01 9.970568226515008625e-01 9.961681959773037720e-01 9.993283148804597005e-01 9.900779307380790373e-01 9.958914612956952794e-01 9.952392181195599541e-01 9.982893936283753211e-01 1.153025013581337240e-03 7.658141545791111995e-04 9.870479655585041590e-01 9.932459725868069134e-01 2.907868095356055168e-03 9.933506901049973248e-01 9.999561005463718510e-01 9.833753484057923266e-01 9.989954544813820503e-01 9.800482983466218823e-01 9.949415675910835422e-01 9.968410946624366442e-01 9.959471672766453398e-01 9.949503362356884040e-01 9.938440700449167053e-01 9.926302223205698549e-01 9.913274964554578128e-01 9.899846035440900138e-01 9.887001507863999450e-01 9.876510625984091796e-01 9.871293324487552256e-01 9.875807771281838177e-01 9.896252139151645588e-01 9.940099481026615225e-01 9.985969847350264494e-01 9.882398988583021016e-01 9.765042282576373855e-01 9.675064266631210330e-01 9.688047429142734313e-01 9.914668486315754148e-01 9.539032971034504538e-01 8.712751117639571108e-01 7.837869130817524121e-01 7.347848903019801314e-01 7.900613735426220696e-01 9.341144891542025874e-01 5.335343154168501467e-01 2.737344536904309233e-01 3.440226890830437867e-01 2.473100856943775405e-01 -5.750733503586670237e-01 -8.181091515700783523e-01 -9.086554134239618330e-01 -9.511207742642692198e-01 -9.753878180637413076e-01 -9.902668971846791957e-01 -9.994509928349412098e-01 -9.901909034450850911e-01 -9.960867443991389125e-01 -9.984526952498619101e-01 -9.985697734588709906e-01 -9.672170315767629756e-01 -9.911057770863003213e-01 -9.907804768758253777e-01 -9.825773938242852168e-01 -9.684649281463667547e-01 -9.902947307918599229e-01 -9.949745871545976339e-01 -9.981760336558958002e-01 -9.762935842233048112e-01 -9.935054932240128256e-01 -9.944528894628950066e-01 -9.892256256861187147e-01 -9.371957961798818015e-01 -9.148815205447158316e-01 -9.079001472353788182e-01 -9.114653173215611082e-01 -9.674611001918018705e-01 -8.063921800319537869e-01 -3.426227474711426302e-01 -8.630716192447585033e-01 -9.213498505652586434e-01 -7.842713052197588519e-01 -6.823276210057968028e-01 -5.633837634285171481e-01 -3.677586867066538479e-01 7.096085803554005866e-02 3.818568818416814281e-01 -3.407411254042264082e-01 -6.488714423655062014e-01 -8.671399048427067546e-01 -9.349305835965258105e-01 -7.809453418962450932e-01 -6.654846430692265002e-01 -5.804386808231909445e-01 -5.225668202885772606e-01 -4.903640626961872084e-01 -4.834132113276306542e-01 -5.023828480702434707e-01 -5.491688458821847307e-01 -6.270389077035782854e-01 -7.407075614327143231e-01 -8.961977560265205200e-01 -9.089840166008120725e-01 -7.365520573122241732e-01 -5.995417021912062827e-01 -4.961543879895595754e-01 -4.238121025485673266e-01 -3.802993449080289690e-01 -3.644049013370246337e-01 -3.763500559609640472e-01 -4.181691899299736503e-01 -4.941532566793458425e-01 -6.114797012373416329e-01 -7.811694472501976572e-01 -9.809232747843423805e-01 -7.411225660194573628e-01 -5.552029057922588384e-01 -4.151401585425995577e-01 -3.133264630956514307e-01 -2.435782354973115293e-01 -2.013258902593000332e-01 -1.835585751271496258e-01 -1.887712279193538290e-01 -2.169677837290602540e-01 -2.696819949844617148e-01 -3.499748908526233437e-01 -4.623668325152381353e-01 -6.125325691302665465e-01 -8.062572630322993872e-01 -9.554729318791476134e-01 -7.531908923835132219e-01 -6.156570807753964925e-01 -5.313262962762069774e-01 -4.937942902879224327e-01 -5.009436442333916606e-01 -5.545891865554920530e-01 -6.611541534316524027e-01 -8.337076700260229734e-01 -9.126002360834180038e-01 -6.718271132807285273e-01 -4.796946725687551982e-01 -3.314631626516102436e-01 -2.206401481214231297e-01 -1.413200637377572400e-01 -8.897149403444724880e-02 -6.071398305769180881e-02 -5.557817615441865144e-02 -7.483264092947451707e-02 1.223601867120973768e-01 2.053919060802240348e-01 3.363115267015859833e-01
2.764680259907674096e-04 9.986984296197393141e-01 9.974242172962357600e-01 9.948815223466112023e-01 9.922764106287548236e-01 9.975309626641315486e-01 9.964039495958585402e-01 9.986705226643743938e-01 9.984218172144044834e-01 9.942846954576846086e-01 8.910500729661395341e-04 9.895506584965487740e-01 2.199930878788898970e-03 9.995497378620716855e-01 9.946882600883318881e-01 6.701668095938949962e-04 1.920348690290174954e-03 9.827560791295245624e-01 9.783572698341883589e-01 9.977009457782151092e-01 9.980633595982804085e-01 9.949438160810440968e-01 9.938378745149035742e-01 9.926247661098437369e-01 9.913232449778834887e-01 9.899820337383469226e-01 9.886996847259903465e-01 9.876529587170501667e-01 9.871335192578163387e-01 9.875866241229508402e-01 9.896312646191088858e-01 9.940137050719206613e-01 9.985990171510725766e-01 9.882513291653892695e-01 9.765270393572397234e-01 9.675385577312836105e-01 9.688373573360744562e-01 9.914818555213960050e-01 9.539322765372812984e-01 8.713647581526190455e-01 7.839325239994813233e-01 7.349573021655139149e-01 7.902007999706472940e-01 9.341585934366805066e-01 5.337874845530184986e-01 2.740535638984610278e-01 3.442951219578997968e-01 2.476990945531841737e-01 -5.748461041830928986e-01 -8.180089896869126020e-01 -9.086105997242100996e-01 -9.511055307217129995e-01 -9.753931153125514619e-01 -9.902866544616015787e-01 -9.994819920553335013e-01 -9.901242908766827444e-01 -9.960572290062730261e-01 -9.984556153901024134e-01 -9.985667673128270083e-01 -9.671861306554969673e-01 -9.910965405139354756e-01 -9.907654227443229988e-01 -9.825084347930199691e-01 -9.678998472622203364e-01 -9.902548525378578326e-01 -9.949663493782389123e-01 -9.981765774959543425e-01 -9.762823084587288758e-01 -9.935118452550656398e-01 -9.944733889580368302e-01 -9.888677945837045513e-01 -9.366715433192919216e-01 -9.143146267683880390e-01 -9.072923439941257273e-01 -9.107577386988651158e-01 -9.659665886722383910e-01 -8.077593222193988343e-01 -3.414747709379053475e-01 -8.630428351721088909e-01 -9.215423749039485246e-01 -7.842969189447281941e-01 -6.823000313169873543e-01 -5.632473046614404621e-01 -3.674898100304737070e-01 7.132377075272171296e-02 3.823740856293673662e-01 -3.402692954734119479e-01 -6.486016280050780347e-01 -8.671183522042372749e-01 -9.346790020817365985e-01 -7.805372881327049539e-01 -6.649913211140816571e-01 -5.799066202054252717e-01 -5.220274739169667999e-01 -4.898397987377535734e-01 -4.829220140128097638e-01 -5.019425045637321281e-01 -5.488012683258083335e-01 -6.267751994226250511e-01 -7.405944219073961055e-01 -8.963056500178284702e-01 -9.086267706328104987e-01 -7.360636916060835366e-01 -5.989866282171868450e-01 -4.955751273066886786e-01 -4.232359506497468393e-01 -3.797441253956996277e-01 -3.638836713352675556e-01 -3.758753083315491961e-01 -4.177572607295411133e-01 -4.938298309657503937e-01 -6.112878646251949100e-01 -7.811828071595828815e-01 -9.805913083578219336e-01 -7.406314936201331411e-01 -5.546442115846866860e-01 -4.145661133290450273e-01 -3.127657961747263293e-01 -2.430462478500520496e-01 -2.008305695552570214e-01 -1.831043851660198729e-01 -1.883617930931898166e-01 -2.166082054888902875e-01 -2.693811910073853899e-01 -3.497482044194996642e-01 -4.622390797130525586e-01 -6.125413142580058423e-01 -8.064548654855215881e-01 -9.550622966128040625e-01 -7.527609069215338566e-01 -6.152516967454576546e-01 -5.309678985728214506e-01 -4.934950513880129175e-01 -5.007129977646220809e-01 -5.544412418053347169e-01 -6.611159530686980812e-01 -8.338295093873333563e-01 -9.122894043764354643e-01 -6.714686261975190140e-01 -4.793390867842845515e-01 -3.311358660982544055e-01 -2.203519897501217406e-01 -1.410742184967737900e-01 -8.876747021174248575e-02 -6.054994622619345318e-02 -5.545223707649844791e-02 -7.474326624393655416e-02 1.223057398259239509e-01 2.053690926065056266e-01 3.363115265967557832e-01
9.972667951173893597e-01 9.966153025716396607e-01 9.976802080010594986e-01 9.943849091381482541e-01 9.966953418878438109e-01 9.977485400676144867e-01 9.980039185480023001e-01 9.949947097903105719e-01 2.588538388007755302e-03 9.968828262608890878e-01 3.951282247747057649e-03 3.833542173036049144e-03 9.992163718182016652e-01 5.028294978335955617e-05 9.877987364192074571e-01 9.994136704492946333e-01 4.443189447340364570e-03 1.827263131527973603e-03 9.899546297210238821e-01 9.969721726680060847e-01 9.911381627699791252e-01 9.949381031306749890e-01 9.938324453974261008e-01 9.926199844481398138e-01 9.913195194911823549e-01 9.899797837631958419e-01 9.886992818011740569e-01 9.876546308700858701e-01 9.871372046489250707e-01 9.875917692986037055e-01 9.896365892118520469e-01 9.940170118872563298e-01 9.986008055066107891e-01 9.882613920619812697e-01 9.765471275188616351e-01 9.675668614101595733e-01 9.688660947375160593e-01 9.914950826647584980e-01 9.539578199387713786e-01 8.714438001672607514e-01 7.840609417225424815e-01 7.351093835435790202e-01 7.903237983870098349e-01 9.341974743363687939e-01 5.340108404899820416e-01 2.743351630475410197e-01 3.445355854801683271e-01 2.480422070272032264e-01 -5.746454670077359994e-01 -8.179205031862379904e-01 -9.085709714480534327e-01 -9.510920115869245794e-01 -9.753977403588146577e-01 -9.903040531564948346e-01 -9.995093084606997413e-01 -9.900656073213484065e-01 -9.960312446919039608e-01 -9.984581742882538968e-01 -9.985641293962537191e-01 -9.671589020609215881e-01 -9.910883875250469099e-01 -9.907521042072203743e-01 -9.824471727468593318e-01 -9.673975856936289919e-01 -9.902194889545398171e-01 -9.949590812483419811e-01 -9.981770794896314136e-01 -9.762722386960706045e-01 -9.935174225637709577e-01 -9.944914621443078362e-01 -9.885495719412684679e-01 -9.362092853811363469e-01 -9.138147108575135347e-01 -9.067562170978129554e-01 -9.101336183462028773e-01 -9.646494816107384906e-01 -8.089645318284294229e-01 -3.404621601888920823e-01 -8.630176688760804460e-01 -9.217140642171108844e-01 -7.843197850410207339e-01 -6.822758969129484319e-01 -5.631271484967802499e-01 -3.672528705961911055e-01 7.164361019850745693e-02 3.828295051014863337e-01 -3.398534304657335747e-01 -6.483637722374026024e-01 -8.670994637317245290e-01 -9.344569784103109455e-01 -7.801773584173713472e-01 -6.645562884791774705e-01 -5.794374983312464700e-01 -5.215519727049775511e-01 -4.893776177173523312e-01 -4.824889912988944429e-01 -5.015543107784991017e-01 -5.484772204112999816e-01 -6.265427337985302048e-01 -7.404947547764001436e-01 -8.964010050857798007e-01 -9.083115631371578846e-01 -7.356329704587429852e-01 -5.984971895224128202e-01 -4.950644409231406140e-01 -4.227280545807488576e-01 -3.792547077672440148e-01 -3.634242224160427748e-01 -3.754568268467314285e-01 -4.173941414116821291e-01 -4.935447234932178184e-01 -6.111187846828478598e-01 -7.811947344470431265e-01 -9.802983831922318370e-01 -7.401984011361739668e-01 -5.541516126769925332e-01 -4.140600623478655762e-01 -3.122715880484709383e-01 -2.425773438264510196e-01 -2.003939902778315019e-01 -1.827040511683432344e-01 -1.880008907437145937e-01 -2.162912287904744935e-01 -2.691160042301726230e-01 -3.495483445866934824e-01 -4.621264477211620703e-01 -6.125490706146707875e-01 -8.066292453265402340e-01 -9.547001980286216050e-01 -7.523818012594893911e-01 -6.148943067187367939e-01 -5.306519371386877459e-01 -4.932312376398926279e-01 -5.005096487520395154e-01 -5.543108101240902252e-01 -6.610823092548701041e-01 -8.339370536211486717e-01 -9.120152543047402860e-01 -6.711525073213198134e-01 -4.790255582724305405e-01 -3.308472939507171584e-01 -2.200979267189210886e-01 -1.408574573499988825e-01 -8.858757550776662215e-02 -6.040530168407141909e-02 -5.534117975752696900e-02 -7.466444774104825932e-02 1.222577208571682950e-01 2.053489714191623905e-01 3.363115265042940227e-01
9.962848008001969902e-01 9.975517068053739722e-01 9.922222909352809150e-01 9.880829806093405221e-01 9.966677562430210635e-01 3.818434867614905592e-03 9.980291337664788376e-01 9.959004941001028399e-01 9.995754642476322172e-01 7.506479507480880164e-04 9.936613882393638963e-01 9.885950149800801778e-01 9.992172584810711244e-01 9.995539774417985246e-01 9.982100954764913103e-01 9.969687418251996780e-01 9.989827454912220128e-01 4.298130010695122571e-03 9.976262345925508424e-01 9.968246004347675049e-01 9.959299669023145007e-01 9.949330934630720158e-01 9.938276841671256356e-01 9.926157907155750415e-01 9.913162523694675210e-01 9.899778120791111746e-01 9.886989326826072233e-01 9.876561055018291402e-01 9.871404494235769267e-01 9.875962981206920510e-01 9.896412760850376023e-01 9.940199231917081768e-01 9.986023795477113607e-01 9.882702530511006112e-01 9.765648209747987973e-01 9.675917972572006809e-01 9.688914188501266400e-01 9.915067419901218981e-01 9.539803363191373675e-01 8.715134945276477030e-01 7.841741968019354525e-01 7.352435294036390179e-01 7.904323011367823115e-01 9.342317522938941021e-01 5.342078864752589640e-01 2.745836439661602513e-01 3.447478109891917164e-01 2.483448366648088879e-01 -5.744683453245624793e-01 -8.178423465564117478e-01 -9.085359396353257511e-01 -9.510800299779400557e-01 -9.754017830854095905e-01 -9.903193777511865026e-01 -9.995333823079971536e-01 -9.900139015450966085e-01 -9.960083638525866201e-01 -9.984604183354818252e-01 -9.985618132087876742e-01 -9.671349065304750692e-01 -9.910811916258842613e-01 -9.907403253721310810e-01 -9.823927941705657974e-01 -9.669516420346641050e-01 -9.901881482930188216e-01 -9.949526687768293076e-01 -9.981775395385884542e-01 -9.762632606795685897e-01 -9.935223222593442260e-01 -9.945073972824051145e-01 -9.882668603781146199e-01 -9.358016785122527104e-01 -9.133738513506181045e-01 -9.062833190620159796e-01 -9.095831158846360287e-01 -9.634886064968187780e-01 -8.100270606269575069e-01 -3.395689606375023595e-01 -8.629956437691308491e-01 -9.218669506490011489e-01 -7.843401657148805217e-01 -6.822547651865571439e-01 -5.630213260069955039e-01 -3.670440523558952672e-01 7.192551528304606812e-02 3.832306004455924286e-01 -3.394868615065924078e-01 -6.481540767995794816e-01 -8.670828980580576051e-01 -9.342610534032147473e-01 -7.798598799143798832e-01 -6.641726497060207457e-01 -5.790238536224517896e-01 -5.211327376583309023e-01 -4.889701446341124247e-01 -4.821072307726481099e-01 -5.012120705881203397e-01 -5.481915306805001942e-01 -6.263377960298919245e-01 -7.404069429045505579e-01 -8.964852579093692819e-01 -9.080334596221760757e-01 -7.352530879420876575e-01 -5.980656106316426524e-01 -4.946141875204286276e-01 -4.222802997335100561e-01 -3.788232633266133687e-01 -3.630192025272753198e-01 -3.750879168825417276e-01 -4.170740269264774369e-01 -4.932933780006665270e-01 -6.109697490802933340e-01 -7.812053659948873241e-01 -9.800399215767522376e-01 -7.398164393870363398e-01 -5.537172718391558668e-01 -4.136139246851349704e-01 -3.118359292780611414e-01 -2.421640102075744705e-01 -2.000091550209607272e-01 -1.823511593555325327e-01 -1.876827447310374652e-01 -2.160117880470602547e-01 -2.688822041847612199e-01 -3.493721282137435824e-01 -4.620271418297853816e-01 -6.125559452162308016e-01 -8.067831220213199650e-01 -9.543808902265338290e-01 -7.520475396099298715e-01 -6.145792115838292213e-01 -5.303733716693135314e-01 -4.929986428730302461e-01 -5.003303576986891654e-01 -5.541958123713877082e-01 -6.610526733505963648e-01 -8.340319714813254626e-01 -9.117734563307063889e-01 -6.708737419366148647e-01 -4.787491019894991040e-01 -3.305928532885537563e-01 -2.198739147725904952e-01 -1.406663314932689035e-01 -8.842895032231423702e-02 -6.027775291774357946e-02 -5.524324331498446650e-02 -7.459493744859939379e-02 1.222153705263493706e-01 2.053312247299524662e-01 3.363115264227356516e-01
9.945064225324865559e-01 9.974490206755949329e-01 9.921179620951212641e-01 9.883116736273733771e-01 9.969331666772524025e-01 3.864981552856288066e-03 9.980126485748428422e-01 9.962457455251528815e-01 9.995475336283403678e-01 7.264151375998669424e-04 9.936057676962045671e-01 9.885228763734191793e-01 9.992180407970995271e-01 9.995557480503985959e-01 9.981409954302599141e-01 9.969250914866942814e-01 9.989794935700533340e-01 4.314529009608531092e-03 9.976223112090452094e-01 9.968203943159102964e-01 9.959255818955957684e-01 9.949286974304454301e-01 9.938235057963341612e-01 9.926121101361671251e-01 9.913133852509316002e-01 9.899760829279785623e-01 9.886986295819683024e-01 9.876574059438260056e-01 9.871433068482291517e-01 9.876002853784409119e-01 9.896454025945494726e-01 9.940224868404732295e-01 9.986037652986744506e-01 9.882780571852433082e-01 9.765804076977604442e-01 9.676137688681993865e-01 9.689137373370948492e-01 9.915170200176623982e-01 9.540001856748524522e-01 8.715749486121062706e-01 7.842740800635917831e-01 7.353618533370888111e-01 7.905280141997720333e-01 9.342619736932018526e-01 5.343817161009273287e-01 2.748028891359473591e-01 3.449350992212344980e-01 2.486117590587022252e-01 -5.743120001103297900e-01 -8.177733257949055812e-01 -9.085049796765456431e-01 -9.510694173449842914e-01 -9.754053203935358907e-01 -9.903328777548310313e-01 -9.995546006014845997e-01 -9.899683381174393393e-01 -9.959882118332764600e-01 -9.984623875932326920e-01 -9.985597784294052426e-01 -9.671137579882549407e-01 -9.910748409538036041e-01 -9.907299115264717182e-01 -9.823445614155489336e-01 -9.665560621712017131e-01 -9.901603881567746512e-01 -9.949470113615780376e-01 -9.981779586995234155e-01 -9.762552672753299632e-01 -9.935266286980248829e-01 -9.945214480892633491e-01 -9.880159195844929743e-01 -9.354422512502379439e-01 -9.129850651615007973e-01 -9.058661966015197908e-01 -9.090975502915592532e-01 -9.624653434306829070e-01 -8.109638545060414705e-01 -3.387810967119062600e-01 -8.629763507035280723e-01 -9.220029237276489154e-01 -7.843583063268392275e-01 -6.822362470675802371e-01 -5.629281108241515064e-01 -3.668600002914249592e-01 7.217400586655198236e-02 3.835839133429400638e-01 -3.391637212179779426e-01 -6.479691976995303193e-01 -8.670683601289752573e-01 -9.340881696162302017e-01 -7.795798477904702928e-01 -6.638343267525858016e-01 -5.786591126260547391e-01 -5.207630941116779821e-01 -4.886108856455315119e-01 -4.817706463020928198e-01 -5.009103284540987744e-01 -5.479396457026826095e-01 -6.261571159658033681e-01 -7.403295661291328100e-01 -8.965596852475112843e-01 -9.077881019283449149e-01 -7.349180419501475381e-01 -5.976850402538401719e-01 -4.942171974071347118e-01 -4.218855424302986878e-01 -3.784429014142418057e-01 -3.626621409454698908e-01 -3.747626861002973930e-01 -4.167918073849240512e-01 -4.930717836425685396e-01 -6.108383716217129500e-01 -7.812148297509262651e-01 -9.798118793645518299e-01 -7.394795689772758474e-01 -5.533342850282956249e-01 -4.132205857747937028e-01 -3.114518587335935451e-01 -2.417996358104248233e-01 -1.996699067990226339e-01 -1.820400659177942582e-01 -1.874022715352974544e-01 -2.157654240602428775e-01 -2.686760658003226054e-01 -3.492167517319811898e-01 -4.619395814672201395e-01 -6.125620346221648527e-01 -8.069188987582807115e-01 -9.540993094648630990e-01 -7.517528055589418612e-01 -6.143013927475161617e-01 -5.301277639779252704e-01 -4.927935630845040604e-01 -5.001722715058586344e-01 -5.540944175814872530e-01 -6.610265639139917271e-01 -8.341157388187050437e-01 -9.115601920634154309e-01 -6.706279104950342296e-01 -4.785053261301654426e-01 -3.303684984194095176e-01 -2.196763915971513270e-01 -1.404978028772862209e-01 -8.828907527223571472e-02 -6.016527625841600752e-02 -5.515687574644814739e-02 -7.453363519069403087e-02 1.221780193325701508e-01 2.053155722753431667e-01 3.363115263508101305e-01
9.938755693795843227e-01 9.973700750349173694e-01 9.920224842173240853e-01 9.884888109667397948e-01 9.971460270732193099e-01 3.902634469297454507e-03 9.979981761543547103e-01 9.967117826360973876e-01 9.995226565620927150e-01 7.065005998029789741e-04 9.935553663459193441e-01 9.884606747976474317e-01 9.992187322782873915e-01 9.995573075391346318e-01 9.980824488014572449e-01 9.968930861239432284e-01 9.989766342386480202e-01 4.326927517031089326e-03 9.976188649906054806e-01 9.968167007993082862e-01 9.959217317063263630e-01 9.949248375005425027e-01 9.938198367226068752e-01 9.926088779998102352e-01 9.913108676435874456e-01 9.899745654440182951e-01 9.886983659650999678e-01 9.876585527767237638e-01 9.871458236225221228e-01 9.876037965765215310e-01 9.896490364980593535e-01 9.940247447776258127e-01 9.986049855486414106e-01 9.882849316835907727e-01 9.765941404868224707e-01 9.676331308563055345e-01 9.689334086951140179e-01 9.915260809378283469e-01 9.540176849247068436e-01 8.716291382607519456e-01 7.843621708310897223e-01 7.354662203755991667e-01 7.906124434392285405e-01 9.342886197674148407e-01 5.345350606586307673e-01 2.749963289408516864e-01 3.451003687736767245e-01 2.488471868130449904e-01 -5.741740074293172347e-01 -8.177123821826344230e-01 -9.084776248820979339e-01 -9.510600221448290981e-01 -9.754084182715185847e-01 -9.903447721526686953e-01 -9.995733036771129454e-01 -9.899281829305340841e-01 -9.959704601051541095e-01 -9.984641167365910785e-01 -9.985579900288843458e-01 -9.670951169612921339e-01 -9.910692366141374832e-01 -9.907207070553776251e-01 -9.823018079423428972e-01 -9.662054291771086101e-01 -9.901358114749206907e-01 -9.949420202116616707e-01 -9.981783387860554413e-01 -9.762481590873047788e-01 -9.935304152847976855e-01 -9.945338379606405432e-01 -9.877933516591674845e-01 -9.351253004686729264e-01 -9.126421961777898550e-01 -9.054982740099274396e-01 -9.086692635506888882e-01 -9.615633115190351798e-01 -8.117898338334174069e-01 -3.380861508202556154e-01 -8.629594374737989959e-01 -9.221237248928407793e-01 -7.843744341454720326e-01 -6.822200072256342507e-01 -5.628459881931834330e-01 -3.666977635746044850e-01 7.239305865752033997e-02 3.838951839886952100e-01 -3.388788458805960246e-01 -6.478061902573407638e-01 -8.670555943879063587e-01 -9.339356254030261040e-01 -7.793328467462705689e-01 -6.635359617511416008e-01 -5.783374835550902926e-01 -5.204371628278701145e-01 -4.882941216928800010e-01 -4.814738781947387469e-01 -5.006442799490095075e-01 -5.477175554187254658e-01 -6.259978142308704196e-01 -7.402613766339705137e-01 -8.966254206478405653e-01 -9.075716416000249032e-01 -7.346225392473035853e-01 -5.973494407951293050e-01 -4.938671554712270595e-01 -4.215374923998062018e-01 -3.781075555663003240e-01 -3.623473412213132350e-01 -3.744759470391710865e-01 -4.165429837661652757e-01 -4.928764088921101516e-01 -6.107225523948744961e-01 -7.812232441561295371e-01 -9.796106845315722955e-01 -7.391824644372293474e-01 -5.529965694404090915e-01 -4.128737805433279617e-01 -3.111132483668784254e-01 -2.414784016050890436e-01 -1.993708265957221115e-01 -1.817658032256987410e-01 -1.871549960634831533e-01 -2.155482105333983156e-01 -2.684943083789089191e-01 -3.490797454664222865e-01 -4.618623743983562013e-01 -6.125674256785337279e-01 -8.070386987366006126e-01 -9.538509927537728306e-01 -7.514929155904386260e-01 -6.140564300437345580e-01 -5.299112052998183886e-01 -4.926127358758615737e-01 -5.000328769504831516e-01 -5.540050130417361052e-01 -6.610035582197283377e-01 -8.341896604499559054e-01 -9.113720938906882951e-01 -6.704111176229825553e-01 -4.782903610090312729e-01 -3.301706651297673933e-01 -2.195022188952108488e-01 -1.403491948888445084e-01 -8.816573042214223555e-02 -6.006608827015787189e-02 -5.508070903554438541e-02 -7.447957102701550924e-02 1.221450769177629403e-01 2.053017668824531627e-01 3.363115262873644928e-01
1.087705692800417087e-03 9.963239570469605288e-01 9.965607364467943263e-01 9.948363892007732190e-01 2.262694303885286879e-04 9.976644610584759487e-01 9.979603308497387859e-01 9.948963380449786786e-01 2.534891509844853456e-03 9.969960677260520931e-01 9.951087666041543711e-01 7.817954822839877638e-01 9.992193421671404785e-01 9.858348189819047484e-04 9.872922316694180411e-01 9.994249557423876551e-01 4.325898378624865731e-03 4.840623975517533459e-04 9.899455737542285361e-01 9.963957386588320198e-01 9.911249213995083629e-01 9.949214464671759517e-01 9.938166131615335797e-01 9.926060381849455272e-01 9.913086557676384913e-01 9.899732329193172697e-01 9.886981363245436194e-01 9.876595641518739477e-01 9.871480407159701764e-01 9.876068891331130084e-01 9.896522371927499728e-01 9.940267337925169366e-01 9.986060602700920219e-01 9.882909881953599873e-01 9.766062413801832598e-01 9.676501949270074343e-01 9.689507482829835538e-01 9.915340693115116677e-01 9.540331131168037215e-01 8.716769234550654222e-01 7.844398618627165254e-01 7.355582760570151812e-01 7.906869178874574855e-01 9.343121144223560659e-01 5.346703311771806577e-01 2.751669935438839087e-01 3.452461994342731488e-01 2.490548357744509500e-01 -5.740522231150609889e-01 -8.176585775928565392e-01 -9.084534605457014189e-01 -9.510517084816080269e-01 -9.754111334971350411e-01 -9.903552532550045084e-01 -9.995897909404638515e-01 -9.898927906147000355e-01 -9.959548203849194481e-01 -9.984656358398537046e-01 -9.985564175235192019e-01 -9.670786848353690734e-01 -9.910642911994359538e-01 -9.907125735164654667e-01 -9.822639332760261244e-01 -9.658948404846471325e-01 -9.901140625908687598e-01 -9.949376169605106401e-01 -9.981786820780467195e-01 -9.762418446606837552e-01 -9.935337459934387994e-01 -9.945447636539689329e-01 -9.875960823092456708e-01 -9.348457997882110293e-01 -9.123398171094317943e-01 -9.051737501074326175e-01 -9.082915002720004516e-01 -9.607680951381620815e-01 -8.125181386808024708e-01 -3.374731682737096561e-01 -8.629446001376878117e-01 -9.222309478216742518e-01 -7.843887579999616610e-01 -6.822057559555487760e-01 -5.627736282096790221e-01 -3.665547459925673768e-01 7.258617351207863333e-02 3.841694523372637948e-01 -3.386276898711319538e-01 -6.476624609325316584e-01 -8.670443790682595964e-01 -9.338010340604301351e-01 -7.791149817114737530e-01 -6.632728313987857893e-01 -5.780538627452247447e-01 -5.201497644212375038e-01 -4.880148152012481200e-01 -4.812122056494598787e-01 -5.004096932964244848e-01 -5.475217276762016638e-01 -6.258573550205955849e-01 -7.402012775414696932e-01 -8.966834696730716647e-01 -9.073806807927813356e-01 -7.343619117223780801e-01 -5.970534912095027957e-01 -4.935584984619887372e-01 -4.212306097673504390e-01 -3.778118838009751346e-01 -3.620697874331809119e-01 -3.742231318094071946e-01 -4.163235940743495456e-01 -4.927041436317517453e-01 -6.106204429308158543e-01 -7.812307180084875347e-01 -9.794331826301783117e-01 -7.389204297258497034e-01 -5.526987651665077328e-01 -4.125679909634887843e-01 -3.108147023165387934e-01 -2.411951845621928825e-01 -1.991071437324189453e-01 -1.815239977623893664e-01 -1.869369779407846766e-01 -2.153566896881211057e-01 -2.683340420820107264e-01 -3.489589335469346354e-01 -4.617942940883869585e-01 -6.125721962850620983e-01 -8.071443974046939029e-01 -9.536320062530482256e-01 -7.512637431663790055e-01 -6.138404297277828547e-01 -5.297202525423175823e-01 -4.924532873289224066e-01 -4.999099598600222905e-01 -5.539261780448117012e-01 -6.609832849028711710e-01 -8.342548896460517671e-01 -9.112061917432394687e-01 -6.702199296745042778e-01 -4.781007965822101080e-01 -3.299962129564616986e-01 -2.193486315320556934e-01 -1.402181490415249643e-01 -8.805695946530735230e-02 -5.997861707928392461e-02 -5.501353725043101744e-02 -7.443188979125045512e-02 1.221160226954233763e-01 2.052895905596110182e-01 3.363115262314108067e-01
9.934907916781087200e-01 9.972757365722204614e-01 9.918571627706206373e-01 9.887254674580537861e-01 9.974611503407616597e-01 3.958477168771290522e-03 9.979742905873451031e-01 9.979084310417353221e-01 9.994807540670044288e-01 6.765009203397396578e-04 9.934675440739302310e-01 9.883604061566332311e-01 9.992198831336711606e-01 9.995598917632476654e-01 9.980145854853963439e-01 9.968564314537918802e-01 9.989719061665607303e-01 4.342157160184081412e-03 9.976131736519813220e-01 9.968106032223569279e-01 9.959153763481616295e-01 9.949184659578044210e-01 9.938137796980757166e-01 9.926035419242801305e-01 9.913067115886361469e-01 9.899720621933545406e-01 9.886979359983089077e-01 9.876604560764917773e-01 9.871499940925464456e-01 9.876096134136582716e-01 9.896550567833599654e-01 9.940284861737933575e-01 9.986070069796578741e-01 9.882963247608487212e-01 9.766169054899517254e-01 9.676652351734656987e-01 9.689660335912478883e-01 9.915411124391648734e-01 9.540467159963949006e-01 8.717190621236239334e-01 7.845083813707237619e-01 7.356394721462606867e-01 7.907526103775140980e-01 9.343328311113251461e-01 5.347896556922092648e-01 2.753175590119056881e-01 3.453748708312360249e-01 2.492379835216831374e-01 -5.739447511865917173e-01 -8.176110812420412932e-01 -9.084321185045208802e-01 -9.510443547621439953e-01 -9.754135150449770864e-01 -9.903644900349702906e-01 -9.996043258730041847e-01 -9.898615935852391745e-01 -9.959410395498538016e-01 -9.984669710358577976e-01 -9.985550343450949606e-01 -9.670641988555717106e-01 -9.910599274733670194e-01 -9.907053878716642892e-01 -9.822303978720665629e-01 -9.656198775067544871e-01 -9.900948235207887027e-01 -9.949337324430600482e-01 -9.981789911118903458e-01 -9.762362404036583063e-01 -9.935366766546511741e-01 -9.945543985071165771e-01 -9.874213396132924814e-01 -9.345993189603187812e-01 -9.120731430144352059e-01 -9.048875072108522044e-01 -9.079583014297987198e-01 -9.600670046857586737e-01 -8.131603435906493704e-01 -3.369324851285857569e-01 -8.629315758082836130e-01 -9.223260426717475591e-01 -7.844014685473833515e-01 -6.821932424251286875e-01 -5.627098626248905333e-01 -3.664286626508876377e-01 7.275643141112456136e-02 3.844111458916820157e-01 -3.384062507629497230e-01 -6.475357250712969748e-01 -8.670345213938934759e-01 -9.336822875355864637e-01 -7.789228166494358563e-01 -6.630407715782921096e-01 -5.778037524297586769e-01 -5.198963354317246433e-01 -4.877685281990166710e-01 -4.809814699400959959e-01 -5.002028405276975898e-01 -5.473490507870254485e-01 -6.257335047103576020e-01 -7.401483042721126449e-01 -8.967347237084755118e-01 -9.072122199059300396e-01 -7.341320425326202104e-01 -5.967925015526899246e-01 -4.932863248005064372e-01 -4.209600147063848885e-01 -3.775511812130757372e-01 -3.618250620297346343e-01 -3.740002173243250905e-01 -4.161301486003587402e-01 -4.925522483784056660e-01 -6.105304157130917453e-01 -7.812373506275849255e-01 -9.792765884086548356e-01 -7.386893237496527931e-01 -5.524361487644097179e-01 -4.122983561817391007e-01 -3.105514684920956947e-01 -2.409454734412087296e-01 -1.988746573808428120e-01 -1.813107982475955504e-01 -1.867447469266199367e-01 -2.151878158130603180e-01 -2.681927209726239769e-01 -3.488523987044522823e-01 -4.617342598307714319e-01 -6.125764161578253209e-01 -8.072376510740555400e-01 -9.534388822747232872e-01 -7.510616520398766260e-01 -6.136499612770287548e-01 -5.295518723425968188e-01 -4.923126853771847555e-01 -4.998015692659653619e-01 -5.538566608490799181e-01 -6.609654175669259502e-01 -8.343124454759364150e-01 -9.110598661486195571e-01 -6.700513197844276680e-01 -4.779336275346372509e-01 -3.298423744739600316e-01 -2.192131928656330386e-01 -1.401025869242918664e-01 -8.796103823946592459e-02 -5.990147715907826603e-02 -5.495429726948179022e-02 -7.438983747501999588e-02 1.220903975924044066e-01 2.052788510493256668e-01 3.363115261820478485e-01
7.634870222844349907e-01 9.956303825098874460e-01 9.963324824962062065e-01 9.915039608185336473e-01 9.980303674261101765e-01 9.936637601264862729e-01 9.979721904959782952e-01 9.987567314336873725e-01 7.583634860385026766e-01 9.985395651989866783e-01 9.947374292515540617e-01 9.937244933224967935e-01 5.953400983851037500e-04 9.888193105926583737e-01 5.255542722398788558e-03 9.921521525147505294e-01 4.013388406294069247e-03 9.976671674839634463e-01 9.863070705638743441e-01 9.968080948603976754e-01 9.959127622628388687e-01 9.949158451820725446e-01 9.938112881043257296e-01 9.926013467681246150e-01 9.913050020059107625e-01 9.899710331429274479e-01 9.886977610243666836e-01 9.876612426660223987e-01 9.871517153390301225e-01 9.876120136250200465e-01 9.896575410060666211e-01 9.940300302760359807e-01 9.986078410501559866e-01 9.883010275137166234e-01 9.766263043395457810e-01 9.676784926964854261e-01 9.689795088526438338e-01 9.915473224398544394e-01 9.540587100152088107e-01 8.717562222966040997e-01 7.845688124545472375e-01 7.357110893770256732e-01 7.908105558067636265e-01 9.343510988788266136e-01 5.348949122575172854e-01 2.754503882716013985e-01 3.454883968490158330e-01 2.493995209994650519e-01 -5.738499156609384588e-01 -8.175691577803299026e-01 -9.084132721840033620e-01 -9.510378523962311759e-01 -9.754156052553454304e-01 -9.903726310287944701e-01 -9.996171404070191002e-01 -9.898340924928553664e-01 -9.959288952281604157e-01 -9.984681450698519312e-01 -9.985538173064372192e-01 -9.670514277470924069e-01 -9.910560772012703135e-01 -9.906990408721064734e-01 -9.822007180377091418e-01 -9.653765712747133243e-01 -9.900778104182251793e-01 -9.949303056170696324e-01 -9.981792685308904511e-01 -9.762312703268847258e-01 -9.935392560519179517e-01 -9.945628952563274616e-01 -9.872666316138697384e-01 -9.343819529056947015e-01 -9.118379551131846616e-01 -9.046350307464404716e-01 -9.076644105758638892e-01 -9.594488672470296020e-01 -8.137266458629834887e-01 -3.364555762556635798e-01 -8.629201366397750705e-01 -9.224103228616368222e-01 -7.844127389475756829e-01 -6.821822490307484221e-01 -5.626536647024085180e-01 -3.663175021167254242e-01 7.290654521152173384e-02 3.846241559621500494e-01 -3.382110037040242378e-01 -6.474239698209554028e-01 -8.670258535278608791e-01 -9.335775242168087296e-01 -7.787533205328339703e-01 -6.628361109777293203e-01 -5.775831884386354309e-01 -5.196728545953113176e-01 -4.875513504204434523e-01 -4.807780069774121867e-01 -5.000204370423944056e-01 -5.471967830955423162e-01 -6.256242955379200943e-01 -7.401016082902482918e-01 -8.967799724318920029e-01 -9.070636112066212675e-01 -7.339293009737357654e-01 -5.965623378091381435e-01 -4.930463153529734965e-01 -4.207214081471617462e-01 -3.773213033056624921e-01 -3.616092737778777155e-01 -3.738036597230728342e-01 -4.159595731272742181e-01 -4.924183097342326176e-01 -6.104510374693405961e-01 -7.812432322192945922e-01 -9.791384429330484140e-01 -7.384854947091684663e-01 -5.522045572739047170e-01 -4.120605936299011063e-01 -3.103193610381715373e-01 -2.407252949787585805e-01 -1.986696677789008825e-01 -1.811228126377353864e-01 -1.865752462833933367e-01 -2.150389057342820542e-01 -2.680681017851697101e-01 -3.487584513409753284e-01 -4.616813192921373488e-01 -6.125801475681924568e-01 -8.073199222957966326e-01 -9.532685638416533713e-01 -7.508834376510257202e-01 -6.134820018901078198e-01 -5.294033919484552042e-01 -4.921886988556962717e-01 -4.997059859123059722e-01 -5.537953584437103061e-01 -6.609496692206219270e-01 -8.343632282239056286e-01 -9.109308068317043539e-01 -6.699026195076479562e-01 -4.777862049973172209e-01 -3.297067107242336870e-01 -2.190937554898245709e-01 -1.400006767547448960e-01 -8.787644704179795041e-02 -5.983344714614734217e-02 -5.490205181451494193e-02 -7.435274923486219489e-02 1.220677967709470346e-01 2.052693787888645038e-01 3.363115261385168364e-01
9.986654192302404365e-01 9.974731823984156476e-01 9.987216337700631774e-01 9.874208320536426164e-01 9.977426871568612077e-01 9.988290419472276582e-01 1.922843506208011958e-03 9.929553451516315299e-01 6.079997701121104929e-03 1.058353771912964912e-03 9.981681887487796612e-01 9.945373063660445379e-01 9.970974997706347764e-01 9.912201092668373459e-01 1.740124569425485074e-03 9.895188213143364386e-01 1.924433849162108384e-03 9.939331470801409107e-01 9.976087711089394183e-01 9.968058883003000359e-01 9.959104628569080964e-01 9.949135398771433714e-01 9.938090963423310553e-01 9.925994157095960890e-01 9.913034981680387547e-01 9.899701282537122227e-01 9.886976080232077191e-01 9.876619363672798357e-01 9.871532322110344593e-01 9.876141285902025890e-01 9.896597300291043453e-01 9.940313910116521656e-01 9.986085759806360151e-01 9.883051721609936724e-01 9.766345887721042951e-01 9.676901796401535805e-01 9.689913890778536487e-01 9.915527980765012073e-01 9.540692858508788010e-01 8.717889928064602723e-01 7.846221102470364306e-01 7.357742575492239867e-01 7.908616672919074331e-01 9.343672076718422259e-01 5.349877581613680100e-01 2.755675674349554183e-01 3.455885562232691721e-01 2.495419980910970892e-01 -5.737662354383912255e-01 -8.175321566154321040e-01 -9.083966321063086102e-01 -9.510321045635470316e-01 -9.754174408089852921e-01 -9.903798068602882587e-01 -9.996284387531725324e-01 -9.898098478849822746e-01 -9.959181919696588059e-01 -9.984691777683617486e-01 -9.985527461469210220e-01 -9.670401678967291970e-01 -9.910526801123149543e-01 -9.906934355899827960e-01 -9.821744610120352048e-01 -9.651613665123648378e-01 -9.900627702671737085e-01 -9.949272826110913126e-01 -9.981795169808940216e-01 -9.762268656522862242e-01 -9.935415268569942615e-01 -9.945703885065867444e-01 -9.871297236599791969e-01 -9.341902592453349419e-01 -9.116305336648099500e-01 -9.044123382771028785e-01 -9.074051910729445947e-01 -9.589038432523281363e-01 -8.142260307653795826e-01 -3.360349212631067450e-01 -8.629100847884699776e-01 -9.224849733844486810e-01 -7.844227257954166088e-01 -6.821725866590553355e-01 -5.626041316945409321e-01 -3.662194932827071425e-01 7.303890411042528175e-02 3.848119040270436830e-01 -3.380388438794071360e-01 -6.473254215631450981e-01 -8.670182291403586428e-01 -9.334851003721894580e-01 -7.786038196579418980e-01 -6.626556126258583701e-01 -5.773886766034279638e-01 -5.194757780442161854e-01 -4.873598361436240478e-01 -4.805985880740182292e-01 -4.998595885193385935e-01 -5.470625086786858882e-01 -6.255279937185310724e-01 -7.400604429123558425e-01 -8.968199150378407536e-01 -9.069325177828549966e-01 -7.337504850468076212e-01 -5.963593557403269463e-01 -4.928346638041056216e-01 -4.205110021514627539e-01 -3.771185986987887206e-01 -3.614189945330833487e-01 -3.736303368180914353e-01 -4.158091590745081056e-01 -4.923002012759803425e-01 -6.103810457573503045e-01 -7.812484443673798351e-01 -9.790165756107254147e-01 -7.383057222253278651e-01 -5.520003213905630979e-01 -4.118509297417219384e-01 -3.101146922962187413e-01 -2.405311491469683260e-01 -1.984889159063450426e-01 -1.809570528667247546e-01 -1.864257830854709197e-01 -2.149075953323834054e-01 -2.679582077059026735e-01 -3.486756023423775996e-01 -4.616346331726893792e-01 -6.125834460459174124e-01 -8.073925023503818466e-01 -9.531183558838635106e-01 -7.507262756046492180e-01 -6.133338877225226193e-01 -5.292724560673396361e-01 -4.920793615197389115e-01 -4.996216945770418083e-01 -5.537412987679630749e-01 -6.609357874287131729e-01 -8.344080330810088597e-01 -9.108169762060304153e-01 -6.697714762450626136e-01 -4.776561940788570659e-01 -3.295870720289977296e-01 -2.189884267205047252e-01 -1.399108039679572979e-01 -8.780184627605340519e-02 -5.977345031790940594e-02 -5.485597451197041924e-02 -7.432003882704639464e-02 1.220478632138113917e-01 2.052610242301416976e-01 3.363115261001206613e-01
8.940931701746027008e-04 9.974428975968167022e-01 9.985243082279122717e-01 9.874578424753698291e-01 9.977360751990338450e-01 9.988243689873000930e-01 1.913912985580615419e-03 9.929724202564582658e-01 6.113262253204526306e-03 1.056039341752194405e-03 9.981690179944618935e-01 9.944742891020523778e-01 9.971063081518470872e-01 9.911502326445614797e-01 1.751594839389939047e-03 9.895336538232921697e-01 1.978642276061997121e-03 9.939919999088890901e-01 9.976069576224055879e-01 9.968039466160973916e-01 9.959084395950004165e-01 9.949115114148707750e-01 9.938071677193700548e-01 9.925977164431056821e-01 9.913021748928555477e-01 9.899693322586805566e-01 9.886974741025547075e-01 9.876625481554947017e-01 9.871545691080797491e-01 9.876159924209937380e-01 9.896616591480119629e-01 9.940325902784573620e-01 9.986092236309060954e-01 9.883088252718896793e-01 9.766418914882061264e-01 9.677004827201652892e-01 9.690018635915310652e-01 9.915576263587083661e-01 9.540786114982321431e-01 8.718178927083763963e-01 7.846691170378106150e-01 7.358299732814692629e-01 7.909067504519582403e-01 9.343814130105041471e-01 5.350696557687142363e-01 2.756709379921293279e-01 3.456769197099923696e-01 2.496676638325686093e-01 -5.736924019575665445e-01 -8.174995023634011870e-01 -9.083819418350510544e-01 -9.510270250579326845e-01 -9.754190535436255693e-01 -9.903861324416967093e-01 -9.996384007519728554e-01 -9.897884729180570496e-01 -9.959087579155141423e-01 -9.984700864363634798e-01 -9.985518031442159881e-01 -9.670302400038505164e-01 -9.910496829788286721e-01 -9.906884860891512767e-01 -9.821512402754154492e-01 -9.649710857620693583e-01 -9.900494778144293129e-01 -9.949246158839459842e-01 -9.981797390388346125e-01 -9.762229643637225784e-01 -9.935435264315729542e-01 -9.945769968997877353e-01 -9.870086161511800738e-01 -9.340212033015651283e-01 -9.114475988252392913e-01 -9.042159168533397962e-01 -9.071765530602701189e-01 -9.584232657642877129e-01 -8.146664166062318468e-01 -3.356638861855770761e-01 -8.629012481721473060e-01 -9.225510599331220307e-01 -7.844315702013335834e-01 -6.821640906926248471e-01 -5.625604695730188620e-01 -3.661330763375735264e-01 7.315561263297280792e-02 3.849773995660505377e-01 -3.378870360280893936e-01 -6.472385172995863689e-01 -8.670115204910272544e-01 -9.334035648409539920e-01 -7.784719555592448659e-01 -6.624964223931086860e-01 -5.772171368039182848e-01 -5.193019823336565421e-01 -4.871909486782105003e-01 -4.804403678906266073e-01 -4.997177442629270883e-01 -5.469440984146035634e-01 -6.254430714369564326e-01 -7.400241509019570563e-01 -8.968551703118461393e-01 -9.068168772308391468e-01 -7.335927708135849823e-01 -5.961803426582161780e-01 -4.926480154435506353e-01 -4.203254587449643531e-01 -3.769398500360920945e-01 -3.612512037202021964e-01 -3.734774975568785349e-01 -4.156765197092185393e-01 -4.921960492006921539e-01 -6.103193284246867245e-01 -7.812530605982973553e-01 -9.789090705739543763e-01 -7.381471663222577417e-01 -5.518202066759234636e-01 -4.116660390760880084e-01 -3.099342130661033035e-01 -2.403599523316730102e-01 -1.983295305457160040e-01 -1.808108863458580406e-01 -1.862939845920635884e-01 -2.147918013476036447e-01 -2.678612965398481371e-01 -3.486025391714649979e-01 -4.615934617197725021e-01 -6.125863610386953484e-01 -8.074565311670777179e-01 -9.529858822686700925e-01 -7.505876763572114641e-01 -6.132032710221503313e-01 -5.291569889409558636e-01 -4.919829404155799391e-01 -4.995473597350867934e-01 -5.536936250804056492e-01 -6.609235500797661089e-01 -8.344475622933053005e-01 -9.107165771780674213e-01 -6.696558157556381508e-01 -4.775415364993024769e-01 -3.294815635218180661e-01 -2.188955382400770699e-01 -1.398315453449718304e-01 -8.773605502408532431e-02 -5.972053740769355662e-02 -5.481533673686058566e-02 -7.429118929893027690e-02 1.220302820699025459e-01 2.052536554763500498e-01 3.363115260662525308e-01
9.971657063108176899e-01 9.974157316963833120e-01 9.983487128691586054e-01 9.874899226615981851e-01 9.977303525508471882e-01 9.988204497183111874e-01 1.907595490448733919e-03 9.929876106329210694e-01 6.119077308451110683e-03 1.053858312139901348e-03 9.981697948588393876e-01 9.944149304866947148e-01 9.971150497736716023e-01 9.910870505533310171e-01 1.761897899765780878e-03 9.895483937071452019e-01 2.028210678833678414e-03 9.940466616614213047e-01 9.976053611674540189e-01 9.968022375370279020e-01 9.959066588069572790e-01 9.949097260427880451e-01 9.938054701693738169e-01 9.925962207333137721e-01 9.913010101741146496e-01 9.899686318316973654e-01 9.886973567794786755e-01 9.876630877082476223e-01 9.871557474874954607e-01 9.876176351029030132e-01 9.896633593902184334e-01 9.940336473321562671e-01 9.986097944252515513e-01 9.883120454014633349e-01 9.766483292626672030e-01 9.677095663115172774e-01 9.690110991321594369e-01 9.915618839511360916e-01 9.540868349857972719e-01 8.718433795755236027e-01 7.847105756114473030e-01 7.358791156863884186e-01 7.909465160284798735e-01 9.343939400961674968e-01 5.351418953668568568e-01 2.757621253173030973e-01 3.457548741847784046e-01 2.497785018953998515e-01 -5.736272593391085195e-01 -8.174706863239549204e-01 -9.083689743259157900e-01 -9.510225372160391322e-01 -9.754204711407491457e-01 -9.903917088949160119e-01 -9.996471848115463521e-01 -9.897696269790812185e-01 -9.959004418949370940e-01 -9.984708861960428505e-01 -9.985509727811973102e-01 -9.670214861433483744e-01 -9.910470388000518493e-01 -9.906841162256841971e-01 -9.821307111331259998e-01 -9.648028946099437286e-01 -9.900377327436870045e-01 -9.949222634826455636e-01 -9.981799371659798581e-01 -9.762195107067821453e-01 -9.935452875156698394e-01 -9.945828250191853792e-01 -9.869015231275594102e-01 -9.338721096698421320e-01 -9.112862585343191046e-01 -9.040426677193764693e-01 -9.069748890118750628e-01 -9.579994994953544563e-01 -8.150547821999705178e-01 -3.353366190813028558e-01 -8.628934768883581574e-01 -9.226095383274531825e-01 -7.844393989435116676e-01 -6.821566176299018736e-01 -5.625219797065241778e-01 -3.660568773138278553e-01 7.325852483997714881e-02 3.851232905306281040e-01 -3.377531701217366122e-01 -6.471618795003006852e-01 -8.670056159404203600e-01 -9.333316366202608627e-01 -7.783556478705532244e-01 -6.623560236220120689e-01 -5.770658537249521158e-01 -5.191487143322363051e-01 -4.870420115571326147e-01 -4.803008386743208291e-01 -4.995926561875663752e-01 -5.468396757551592380e-01 -6.253681822332080031e-01 -7.399921536149255408e-01 -8.968862856510655401e-01 -9.067148695437018402e-01 -7.334536677378160618e-01 -5.960224661633762855e-01 -4.924834133295932226e-01 -4.201618361561481607e-01 -3.767822220651937948e-01 -3.611032395598137157e-01 -3.733427176209982989e-01 -4.155595516682082380e-01 -4.921042021349537610e-01 -6.102649055778277543e-01 -7.812571469810714042e-01 -9.788142369373643570e-01 -7.380073224523238107e-01 -5.516613618231628324e-01 -4.115029908040125917e-01 -3.097750601280665483e-01 -2.402089874337245690e-01 -1.981889817976230095e-01 -1.806819933719099325e-01 -1.861777599236840441e-01 -2.146896878140375775e-01 -2.677758327216925305e-01 -3.485381048379749824e-01 -4.615571528662741896e-01 -6.125889365245842377e-01 -8.075130149577006700e-01 -9.528690479598030949e-01 -7.504654453516859114e-01 -6.130880824359700165e-01 -5.290551609989949666e-01 -4.918979080659117153e-01 -4.994818041514336171e-01 -5.536515822125686048e-01 -6.609127616878872624e-01 -8.344824359328708585e-01 -9.106280247545035511e-01 -6.695538091405521808e-01 -4.774404177037892549e-01 -3.293885148218757553e-01 -2.188136193906512483e-01 -1.397616462477667965e-01 -8.767803218521645625e-02 -5.967387147391722130e-02 -5.477949602469171092e-02 -7.426574478638048316e-02 1.220147756696609159e-01 2.052471561978844727e-01 3.363115260363754855e-01
