-2.284601250261381888e-01 -2.024482394637332483e-01 -1.854647556402607145e-01 -1.799683081795009632e-01 -1.759073370383000268e-01 -1.648314789442792971e-01 -1.476971050053559609e-01 -1.054347767514927925e-01 -8.970789154211857019e-02 -7.803975017545947135e-02 -5.807065837358420940e-02 -5.042169900471168975e-02 -3.465653055769282037e-02 -2.921290036129775211e-02 -7.361957923105390440e-03 7.361957923105426869e-03 2.921290036129779374e-02 3.465653055769284119e-02 5.042169900471155791e-02 5.807065837358485472e-02 7.803975017545919379e-02 8.970789154211829264e-02 1.054347767514934309e-01 1.476971050053552392e-01 1.648314789442802131e-01 1.759073370383003876e-01 1.799683081795022954e-01 1.854647556402610475e-01 2.024482394637332761e-01 2.284601250261374394e-01
-2.284620556158199201e-01 -2.024480614485355545e-01 -1.854669981034045845e-01 -1.799676530086397330e-01 -1.759014553871635633e-01 -1.648301242237176500e-01 -1.476946655976796030e-01 -1.054342590171072208e-01 -8.970775866825032863e-02 -7.803844483998495507e-02 -5.805908789953866111e-02 -5.040637378516458350e-02 -3.465471022334420947e-02 -2.920502653439654983e-02 -7.364087609837438424e-03 7.364087609837563324e-03 2.920502653439668861e-02 3.465471022334437601e-02 5.040637378516453493e-02 5.805908789953877908e-02 7.803844483998464976e-02 8.970775866825070333e-02 1.054342590171077204e-01 1.476946655976796863e-01 1.648301242237182884e-01 1.759014553871637854e-01 1.799676530086397885e-01 1.854669981034052506e-01 2.024480614485359709e-01 2.284620556158201421e-01
-2.284678206678963930e-01 -2.024475269846857106e-01 -1.854737005134598216e-01 -1.799657101248292035e-01 -1.758838760447656857e-01 -1.648260729366813615e-01 -1.476873658458704441e-01 -1.054327159580225187e-01 -8.970733812994644008e-02 -7.803454013183168392e-02 -5.802448281922861772e-02 -5.036053809103191448e-02 -3.464938861925502545e-02 -2.918123710210668992e-02 -7.370440748794589506e-03 7.370440748794510576e-03 2.918123710210649563e-02 3.464938861925485891e-02 5.036053809103182427e-02 5.802448281922821527e-02 7.803454013183169780e-02 8.970733812994570455e-02 1.054327159580230877e-01 1.476873658458703331e-01 1.648260729366819444e-01 1.758838760447659910e-01 1.799657101248300084e-01 1.854737005134607930e-01 2.024475269846860714e-01 2.284678206678970869e-01
-2.284773407658936550e-01 -2.024466348359298395e-01 -1.854847891138567129e-01 -1.799625457605255330e-01 -1.758547947415202428e-01 -1.648193635964586568e-01 -1.476752610397608079e-01 -1.054301778593249861e-01 -8.970656482422842415e-02 -7.802806957809094168e-02 -5.796715788091774679e-02 -5.028461292314090336e-02 -3.464098197049012701e-02 -2.914103348573569147e-02 -7.380908599972880665e-03 7.380908599972915360e-03 2.914103348573566718e-02 3.464098197049032130e-02 5.028461292314158337e-02 5.796715788091789251e-02 7.802806957809060862e-02 8.970656482422838252e-02 1.054301778593256245e-01 1.476752610397598087e-01 1.648193635964589343e-01 1.758547947415208534e-01 1.799625457605258660e-01 1.854847891138574623e-01 2.024466348359305334e-01 2.284773407658919897e-01
-2.284904859593566984e-01 -2.024453830025372270e-01 -1.855001447985356322e-01 -1.799582650073964785e-01 -1.758145339894205961e-01 -1.648100600222455747e-01 -1.476584429156171663e-01 -1.054266947094849721e-01 -8.970533236563563162e-02 -7.801908785866977503e-02 -5.788762380491444676e-02 -5.017930316568362803e-02 -3.463017678861038395e-02 -2.908360301783966678e-02 -7.395306657611154695e-03 7.395306657611541538e-03 2.908360301783999638e-02 3.463017678861059906e-02 5.017930316568385007e-02 5.788762380491512677e-02 7.801908785866967788e-02 8.970533236563583979e-02 1.054266947094858742e-01 1.476584429156177214e-01 1.648100600222456025e-01 1.758145339894207626e-01 1.799582650073963674e-01 1.855001447985362428e-01 2.024453830025371992e-01 2.284904859593578363e-01
-2.285070792500593362e-01 -2.024437688087878939e-01 -1.855196084538337786e-01 -1.799530045893580898e-01 -1.757635374386702642e-01 -1.647982507822459142e-01 -1.476370390337050642e-01 -1.054223354834210452e-01 -8.970349613756226081e-02 -7.800766910011117106e-02 -5.778656784345825859e-02 -5.004560080549938506e-02 -3.461791702342621041e-02 -2.900784872461719885e-02 -7.413369678886415348e-03 7.413369678886536779e-03 2.900784872461752498e-02 3.461791702342626592e-02 5.004560080549948220e-02 5.778656784345798103e-02 7.800766910011151800e-02 8.970349613756194163e-02 1.054223354834210591e-01 1.476370390337044813e-01 1.647982507822463583e-01 1.757635374386694038e-01 1.799530045893583674e-01 1.855196084538331680e-01 2.024437688087886433e-01 2.285070792500572545e-01
-2.285269012247001796e-01 -2.024417890187566738e-01 -1.855429877202127709e-01 -1.799469240342229381e-01 -1.757023618698365375e-01 -1.647840484096650127e-01 -1.476112119027913616e-01 -1.054171871641586267e-01 -8.970087732101195144e-02 -7.799390465884710466e-02 -5.766482912238916902e-02 -4.988478643248073913e-02 -3.460538245257597373e-02 -2.891243515054547214e-02 -7.434744601804498670e-03 7.434744601804500405e-03 2.891243515054521193e-02 3.460538245257583495e-02 4.988478643248023259e-02 5.766482912238916902e-02 7.799390465884675772e-02 8.970087732101138245e-02 1.054171871641586961e-01 1.476112119027921665e-01 1.647840484096643743e-01 1.757023618698372591e-01 1.799469240342230214e-01 1.855429877202134648e-01 2.024417890187573676e-01 2.285269012246990694e-01
-2.285496956098487797e-01 -2.024394399743311979e-01 -1.855700645908751056e-01 -1.799401962369368002e-01 -1.756316668398359426e-01 -1.647675883886802195e-01 -1.475811578487359332e-01 -1.054113535268575291e-01 -8.969726768537664152e-02 -7.797790054109768332e-02 -5.752337100069317144e-02 -4.969842647852157347e-02 -3.459395582316490692e-02 -2.879585307275226921e-02 -7.458981238028146617e-03 7.458981238028092840e-03 2.879585307275210962e-02 3.459395582316504569e-02 4.969842647852187878e-02 5.752337100069368492e-02 7.797790054109809965e-02 8.969726768537671091e-02 1.054113535268575153e-01 1.475811578487354336e-01 1.647675883886810244e-01 1.756316668398367753e-01 1.799401962369366614e-01 1.855700645908753832e-01 2.024394399743307538e-01 2.285496956098472532e-01
-2.285751754913925293e-01 -2.024367177487124136e-01 -1.856006032547568296e-01 -1.799329983554091572e-01 -1.755522021350526818e-01 -1.647490279084966869e-01 -1.475471056248870982e-01 -1.054049537135353376e-01 -8.969243489949013659e-02 -7.795977461820571830e-02 -5.736325289339053168e-02 -4.948836355730400205e-02 -3.458517713009866268e-02 -2.865650497715850967e-02 -7.485520607497949362e-03 7.485520607498004873e-03 2.865650497715837089e-02 3.458517713009868350e-02 4.948836355730429348e-02 5.736325289339076067e-02 7.795977461820546850e-02 8.969243489949012271e-02 1.054049537135350045e-01 1.475471056248857937e-01 1.647490279084964093e-01 1.755522021350532369e-01 1.799329983554098789e-01 1.856006032547570794e-01 2.024367177487131630e-01 2.285751754913943334e-01
-2.286030299258197673e-01 -2.024336183083645102e-01 -1.856343576511687854e-01 -1.799255037972418703e-01 -1.754647933508378943e-01 -1.647285443857668674e-01 -1.475093147637053237e-01 -1.053981206301059653e-01 -8.968612811440240806e-02 -7.793965379208335487e-02 -5.718560394928286911e-02 -4.925669757940316640e-02 -3.458068523625314195e-02 -2.849281108843557814e-02 -7.513680777607438521e-03 7.513680777607402959e-03 2.849281108843542895e-02 3.458068523625310725e-02 4.925669757940270149e-02 5.718560394928275115e-02 7.793965379208284139e-02 8.968612811440146437e-02 1.053981206301053963e-01 1.475093147637057400e-01 1.647285443857672838e-01 1.754647933508382274e-01 1.799255037972423976e-01 1.856343576511684801e-01 2.024336183083645657e-01 2.286030299258203224e-01
-2.286329306734566913e-01 -2.024301376765851312e-01 -1.856710783120853470e-01 -1.799178757976557519e-01 -1.753703260774839290e-01 -1.647063337591246346e-01 -1.474680736715796026e-01 -1.053909991991683198e-01 -8.967808358049389472e-02 -7.791767124818095580e-02 -5.699160066905973460e-02 -4.900575604015720843e-02 -3.458214954609310776e-02 -2.830333280200483456e-02 -7.542640089232229873e-03 7.542640089231979206e-03 2.830333280200439047e-02 3.458214954609224734e-02 4.900575604015689618e-02 5.699160066905937377e-02 7.791767124818085866e-02 8.967808358049421391e-02 1.053909991991676121e-01 1.474680736715785201e-01 1.647063337591246623e-01 1.753703260774837902e-01 1.799178757976560294e-01 1.856710783120859576e-01 2.024301376765858251e-01 2.286329306734568301e-01
-2.286645388027353509e-01 -2.024262720926350845e-01 -1.857105182016453859e-01 -1.799102628149968353e-01 -1.752697292952110075e-01 -1.646826085639989945e-01 -1.474236974722493154e-01 -1.053837445024971703e-01 -8.966803008732872338e-02 -7.789396390672388704e-02 -5.678245003970849164e-02 -4.873805295704503743e-02 -3.459119700678522230e-02 -2.808690718167567574e-02 -7.571417708383308166e-03 7.571417708383425260e-03 2.808690718167585962e-02 3.459119700678534720e-02 4.873805295704562723e-02 5.678245003970847776e-02 7.789396390672356785e-02 8.966803008732882052e-02 1.053837445024963931e-01 1.474236974722497040e-01 1.646826085639974124e-01 1.752697292952094255e-01 1.799102628149966410e-01 1.857105182016443590e-01 2.024262720926360559e-01 2.286645388027369885e-01
-2.286975109462209277e-01 -2.024220181612778613e-01 -1.857524373977135490e-01 -1.799027957293349578e-01 -1.751639586420723205e-01 -1.646575958012850838e-01 -1.473765256084976494e-01 -1.053765198465228398e-01 -8.965569405062147335e-02 -7.786867015148314641e-02 -5.655937912613190344e-02 -4.845623725552779953e-02 -3.460934146691593133e-02 -2.784278364027199110e-02 -7.598851554838755018e-03 7.598851554838922419e-03 2.784278364027210906e-02 3.460934146691618807e-02 4.845623725552763300e-02 5.655937912613238222e-02 7.786867015148325744e-02 8.965569405062195907e-02 1.053765198465232283e-01 1.473765256084976494e-01 1.646575958012840568e-01 1.751639586420712935e-01 1.799027957293353186e-01 1.857524373977129384e-01 2.024220181612770564e-01 2.286975109462218436e-01
-2.287315050298652785e-01 -2.024173729888052164e-01 -1.857966065803644262e-01 -1.798955866515787871e-01 -1.750539802119072397e-01 -1.646315346193627516e-01 -1.473269192163770835e-01 -1.053694947824210665e-01 -8.964080411223385170e-02 -7.784192788320838663e-02 -5.632363139247197059e-02 -4.816303280482466670e-02 -3.463792261441425019e-02 -2.757075281540314823e-02 -7.623573854736162732e-03 7.623573854736212171e-03 2.757075281540337028e-02 3.463792261441422937e-02 4.816303280482462507e-02 5.632363139247228284e-02 7.784192788320867806e-02 8.964080411223387945e-02 1.053694947824214828e-01 1.473269192163774166e-01 1.646315346193641671e-01 1.750539802119076005e-01 1.798955866515785096e-01 1.857966065803658973e-01 2.024173729888063822e-01 2.287315050298643071e-01
-2.287661853424795555e-01 -2.024123343028713384e-01 -1.858428093862658226e-01 -1.798887290447897802e-01 -1.749407554711319701e-01 -1.646046738349888350e-01 -1.472752582912616737e-01 -1.053628431101121532e-01 -8.962309516170549606e-02 -7.781387291544815399e-02 -5.607646941082115172e-02 -4.786117359743680133e-02 -3.467806007942640656e-02 -2.727125832039464098e-02 -7.643984878879355079e-03 7.643984878879251862e-03 2.727125832039445363e-02 3.467806007942639962e-02 4.786117359743639194e-02 5.607646941082067293e-02 7.781387291544772378e-02 8.962309516170512136e-02 1.053628431101111262e-01 1.472752582912612573e-01 1.646046738349888905e-01 1.749407554711324975e-01 1.798887290447896969e-01 1.858428093862659058e-01 2.024123343028705890e-01 2.287661853424788061e-01
-2.288012268589851017e-01 -2.024069005546100808e-01 -1.858908437527112545e-01 -1.798822988197759376e-01 -1.748252277698058854e-01 -1.645772693243278406e-01 -1.472219386697766197e-01 -1.053567408926566057e-01 -8.960231172806217004e-02 -7.778463770619195583e-02 -5.581918311865511489e-02 -4.755333855929345238e-02 -3.473062525095396702e-02 -2.694548414531709388e-02 -7.658225907816940820e-03 7.658225907816877502e-03 2.694548414531710775e-02 3.473062525095406416e-02 4.755333855929380626e-02 5.581918311865528143e-02 7.778463770619242768e-02 8.960231172806143451e-02 1.053567408926570220e-01 1.472219386697760091e-01 1.645772693243272855e-01 1.748252277698048029e-01 1.798822988197755490e-01 1.858908437527113100e-01 2.024069005546105526e-01 2.288012268589857123e-01
-2.288363187752213701e-01 -2.024010710026811488e-01 -1.859405224118719779e-01 -1.798763560779697568e-01 -1.747083107840792515e-01 -1.645495813204470026e-01 -1.471673688561997706e-01 -1.053513645045749403e-01 -8.957821072574272125e-02 -7.775435040068512382e-02 -5.555310244193033958e-02 -4.724209101740488304e-02 -3.479622986761927994e-02 -2.659541312657993234e-02 -7.664153160086596694e-03 7.664153160086535979e-03 2.659541312657992887e-02 3.479622986761935627e-02 4.724209101740466793e-02 5.555310244192974284e-02 7.775435040068466586e-02 8.957821072574195798e-02 1.053513645045740105e-01 1.471673688562006588e-01 1.645495813204460311e-01 1.747083107840785854e-01 1.798763560779693960e-01 1.859405224118725330e-01 2.024010710026813431e-01 2.288363187752200378e-01
-2.288711672514922579e-01 -2.023948457797004330e-01 -1.859916727091081579e-01 -1.798709472176855118e-01 -1.745908790832970403e-01 -1.645218716572923456e-01 -1.471119667257533570e-01 -1.053468887345973132e-01 -8.955056356721075028e-02 -7.772313414903028739e-02 -5.527961291036641300e-02 -4.692982785109541671e-02 -3.487522753222391941e-02 -2.622385410627541685e-02 -7.659315378763876039e-03 7.659315378763915938e-03 2.622385410627552441e-02 3.487522753222356553e-02 4.692982785109540977e-02 5.527961291036617708e-02 7.772313414903014861e-02 8.955056356721112498e-02 1.053468887345966748e-01 1.471119667257524410e-01 1.645218716572929285e-01 1.745908790832965685e-01 1.798709472176840407e-01 1.859916727091091571e-01 2.023948457797004330e-01 2.288711672514923134e-01
-2.289054973949728455e-01 -2.023882259422674079e-01 -1.860441359151127627e-01 -1.798661071782096110e-01 -1.744737608808678009e-01 -1.644944010025627124e-01 -1.470561561401838302e-01 -1.053434849606238732e-01 -8.951915767639452570e-02 -7.769110665627169954e-02 -5.500017283307383209e-02 -4.661874281091666489e-02 -3.496772263571185091e-02 -2.583443649815566831e-02 -7.640939014563131321e-03 7.640939014562789580e-03 2.583443649815577933e-02 3.496772263571159417e-02 4.661874281091689387e-02 5.500017283307399169e-02 7.769110665627190770e-02 8.951915767639430366e-02 1.053434849606234985e-01 1.470561561401825257e-01 1.644944010025614356e-01 1.744737608808670515e-01 1.798661071782092780e-01 1.860441359151123186e-01 2.023882259422690733e-01 2.289054973949722349e-01
-2.289390545366020990e-01 -2.023812135062542095e-01 -1.860977661858975452e-01 -1.798618616572072171e-01 -1.743577329136964671e-01 -1.644674261224659262e-01 -1.470003635130667508e-01 -1.053413194120884216e-01 -8.948379745195282620e-02 -7.765837992138048540e-02 -5.471633064254990270e-02 -4.631080749540798097e-02 -3.507358087996437224e-02 -2.543157083581574357e-02 -7.605926424598308602e-03 7.605926424598336358e-03 2.543157083581583378e-02 3.507358087996430285e-02 4.631080749540809893e-02 5.471633064254972229e-02 7.765837992138044377e-02 8.948379745195260415e-02 1.053413194120876167e-01 1.470003635130670838e-01 1.644674261224653711e-01 1.743577329136966891e-01 1.798618616572075501e-01 1.860977661858980170e-01 2.023812135062546536e-01 2.289390545366039309e-01
-2.289716048763622280e-01 -2.023738114693129364e-01 -1.861524293025926813e-01 -1.798582291922722620e-01 -1.742435173054329434e-01 -1.644411972201903771e-01 -1.469450143631041705e-01 -1.053405515327383440e-01 -8.944430473816461502e-02 -7.762506012383245391e-02 -5.442974111910593715e-02 -4.600777218834051219e-02 -3.519243634448690483e-02 -2.502037286886035425e-02 -7.550874046679872595e-03 7.550874046679953260e-03 2.502037286886057282e-02 3.519243634448677299e-02 4.600777218834049137e-02 5.442974111910602042e-02 7.762506012383310616e-02 8.944430473816489258e-02 1.053405515327378861e-01 1.469450143631047534e-01 1.644411972201902661e-01 1.742435173054321107e-01 1.798582291922705689e-01 1.861524293025925980e-01 2.023738114693129087e-01 2.289716048763609235e-01
-2.290029355819075685e-01 -2.023660238226956676e-01 -1.862080012985119770e-01 -1.798552230431894328e-01 -1.741317802050351415e-01 -1.644159553871060997e-01 -1.468905298935720416e-01 -1.053413324549709179e-01 -8.940051886507190126e-02 -7.759124762098028316e-02 -5.414217935073106086e-02 -4.571118736212870931e-02 -3.532369136196098630e-02 -2.460654760928111806e-02 -7.472118720246598289e-03 7.472118720246619106e-03 2.460654760928099663e-02 3.532369136196104875e-02 4.571118736212814726e-02 5.414217935073076943e-02 7.759124762098074113e-02 8.940051886507198453e-02 1.053413324549717367e-01 1.468905298935717640e-01 1.644159553871060997e-01 1.741317802050343644e-01 1.798552230431895715e-01 1.862080012985122268e-01 2.023660238226949737e-01 2.290029355819069856e-01
-2.290328544307436431e-01 -2.023578555544235102e-01 -1.862643670569424648e-01 -1.798528528462441933e-01 -1.740231319524638276e-01 -1.643919302014435480e-01 -1.468373236348373967e-01 -1.053438035952293378e-01 -8.935229631958872820e-02 -7.755703702513368214e-02 -5.385555145333551647e-02 -4.542244530074928538e-02 -3.546650693731518561e-02 -2.419622934625569738e-02 -7.365820540434834390e-03 7.365820540434897708e-03 2.419622934625567656e-02 3.546650693731520643e-02 4.542244530074920211e-02 5.385555145333531524e-02 7.755703702513357112e-02 8.935229631958821472e-02 1.053438035952296153e-01 1.468373236348378408e-01 1.643919302014439365e-01 1.740231319524637721e-01 1.798528528462448317e-01 1.862643670569422705e-01 2.023578555544239266e-01 2.290328544307428382e-01
-2.290611890861242450e-01 -2.023493126457625302e-01 -1.863214189412329969e-01 -1.798511260364779596e-01 -1.739181285041178082e-01 -1.643693375038646209e-01 -1.467857981848369742e-01 -1.053480953785419783e-01 -8.929951010672848577e-02 -7.752251733537643408e-02 -5.357190127457563816e-02 -4.514284005528847871e-02 -3.561978285370590719e-02 -2.379577509913748459e-02 -7.228088929079453696e-03 7.228088929079382573e-03 2.379577509913737010e-02 3.561978285370596964e-02 4.514284005528826360e-02 5.357190127457535367e-02 7.752251733537600387e-02 8.929951010672848577e-02 1.053480953785417978e-01 1.467857981848381677e-01 1.643693375038653426e-01 1.739181285041179192e-01 1.798511260364786812e-01 1.863214189412337740e-01 2.023493126457630020e-01 2.290611890861240230e-01
-2.290877860930939369e-01 -2.023404020627347089e-01 -1.863790554999943672e-01 -1.798500490497737803e-01 -1.738172738480540935e-01 -1.643483773733012687e-01 -1.467363420796063134e-01 -1.053543260990466163e-01 -8.924204885594252956e-02 -7.748777210501635315e-02 -5.329341254099225628e-02 -4.487364275435400812e-02 -3.578212797403323986e-02 -2.341151325050341153e-02 -7.055154025197391161e-03 7.055154025197299221e-03 2.341151325050346704e-02 3.578212797403283740e-02 4.487364275435385547e-02 5.329341254099205505e-02 7.748777210501617274e-02 8.924204885594233527e-02 1.053543260990464497e-01 1.467363420796065632e-01 1.643483773733014075e-01 1.738172738480539825e-01 1.798500490497732529e-01 1.863790554999942006e-01 2.023404020627344591e-01 2.290877860930924381e-01
-2.291125096745779688e-01 -2.023311317441775226e-01 -1.864371802748744367e-01 -1.798496283258393669e-01 -1.737210231487178735e-01 -1.643292323202533711e-01 -1.466893268226383273e-01 -1.053626009220362120e-01 -8.917981572259965628e-02 -7.745287963078952009e-02 -5.302240619331943100e-02 -4.461618793352652157e-02 -3.595182278438400353e-02 -2.304945666272566543e-02 -6.843577545996458976e-03 6.843577545996515354e-03 2.304945666272552665e-02 3.595182278438358026e-02 4.461618793352643830e-02 5.302240619331897997e-02 7.745287963078908988e-02 8.917981572259925382e-02 1.053626009220364756e-01 1.466893268226393543e-01 1.643292323202534821e-01 1.737210231487174295e-01 1.798496283258396722e-01 1.864371802748756024e-01 2.023311317441776058e-01 2.291125096745767475e-01
-2.291352403991817888e-01 -2.023215105876293163e-01 -1.864957007263445821e-01 -1.798498711375804138e-01 -1.736297863791876894e-01 -1.643120657087236147e-01 -1.466451040982896248e-01 -1.053730110318440577e-01 -8.911272712961093578e-02 -7.741791315439713883e-02 -5.276133298729358823e-02 -4.437196465357143293e-02 -3.612677831094107672e-02 -2.271499970122827297e-02 -6.590486659773484544e-03 6.590486659773458523e-03 2.271499970122824522e-02 3.612677831094129877e-02 4.437196465357135661e-02 5.276133298729349802e-02 7.741791315439711108e-02 8.911272712961046394e-02 1.053730110318437524e-01 1.466451040982901799e-01 1.643120657087236425e-01 1.736297863791871066e-01 1.798498711375806913e-01 1.864957007263456368e-01 2.023215105876279563e-01 2.291352403991826214e-01
-2.291558737832200265e-01 -2.023115484340259340e-01 -1.865545272838186053e-01 -1.798507862732874607e-01 -1.735439322223587544e-01 -1.642970204126593392e-01 -1.466040031906230001e-01 -1.053856329285028509e-01 -8.904071138937329211e-02 -7.738294107047852255e-02 -5.251276179099522573e-02 -4.414270326572782011e-02 -3.630449865956335981e-02 -2.241262876827538469e-02 -6.293803647924702330e-03 6.293803647924809015e-03 2.241262876827546796e-02 3.630449865956344307e-02 4.414270326572764663e-02 5.251276179099531594e-02 7.738294107047903603e-02 8.904071138937404151e-02 1.053856329285023513e-01 1.466040031906234720e-01 1.642970204126585620e-01 1.735439322223583658e-01 1.798507862732869889e-01 1.865545272838195212e-01 2.023115484340278214e-01 2.291558737832204429e-01
-2.291743188802773112e-01 -2.023012560520258407e-01 -1.866135725199990492e-01 -1.798523845970131652e-01 -1.734637920485381235e-01 -1.642842177083695399e-01 -1.465663286254313136e-01 -1.054005278746843327e-01 -8.896370724207214309e-02 -7.734802713779337369e-02 -5.227936432159183133e-02 -4.393044429088019398e-02 -3.648205905918026210e-02 -2.214568215191168449e-02 -5.952437286347935473e-03 5.952437286347960627e-03 2.214568215191166367e-02 3.648205905918010250e-02 4.393044429088017316e-02 5.227936432159212277e-02 7.734802713779377614e-02 8.896370724207225411e-02 1.054005278746849850e-01 1.465663286254311193e-01 1.642842177083697897e-01 1.734637920485388174e-01 1.798523845970119994e-01 1.866135725199976614e-01 2.023012560520257019e-01 2.291743188802760622e-01
-2.291904969026099803e-01 -2.022906451224830982e-01 -1.866727504448826847e-01 -1.798546795101226836e-01 -1.733896638033451398e-01 -1.642737564011807205e-01 -1.465323580495353495e-01 -1.054177414928382100e-01 -8.888166234288200074e-02 -7.731323069231339773e-02 -5.206389722866831826e-02 -4.373756988988672378e-02 -3.665611760643460587e-02 -2.191619315321176667e-02 -5.566403052378804568e-03 5.566403052378795895e-03 2.191619315321185341e-02 3.665611760643455036e-02 4.373756988988655031e-02 5.206389722866813785e-02 7.731323069231280098e-02 8.888166234288251422e-02 1.054177414928378631e-01 1.465323580495354883e-01 1.642737564011804707e-01 1.733896638033434190e-01 1.798546795101224893e-01 1.866727504448830177e-01 2.022906451224835422e-01 2.291904969026096750e-01
-2.292043399105643253e-01 -2.022797282235161143e-01 -1.867319759121759126e-01 -1.798576873340296811e-01 -1.733218156652981401e-01 -1.642657121826465172e-01 -1.465023403581901806e-01 -1.054373035107860623e-01 -8.879453172794353477e-02 -7.727860686216492248e-02 -5.186918230856062129e-02 -4.356677173558373001e-02 -3.682298607988974959e-02 -2.172483890708814397e-02 -5.136850170156097642e-03 5.136850170156047335e-03 2.172483890708812315e-02 3.682298607988984673e-02 4.356677173558321653e-02 5.186918230856042006e-02 7.727860686216510289e-02 8.879453172794354865e-02 1.054373035107865203e-01 1.465023403581900141e-01 1.642657121826445465e-01 1.733218156652980013e-01 1.798576873340283488e-01 1.867319759121749689e-01 2.022797282235144489e-01 2.292043399105648527e-01
-2.292157895987178284e-01 -2.022685188163491632e-01 -1.867911641293102665e-01 -1.798614276308870830e-01 -1.732604893559069603e-01 -1.642601372139236848e-01 -1.464764940783417346e-01 -1.054592276523185906e-01 -8.870227628700548539e-02 -7.724420678510811322e-02 -5.169808508032281563e-02 -4.342092484450225942e-02 -3.697879023522417097e-02 -2.157099855062371771e-02 -4.665991689661475907e-03 4.665991689661260801e-03 2.157099855062373506e-02 3.697879023522385178e-02 4.342092484450190554e-02 5.169808508032245481e-02 7.724420678510719729e-02 8.870227628700448619e-02 1.054592276523176053e-01 1.464764940783415126e-01 1.642601372139230187e-01 1.732604893559067105e-01 1.798614276308875548e-01 1.867911641293100167e-01 2.022685188163494130e-01 2.292157895987174954e-01
-2.292247962013286289e-01 -2.022570312320888797e-01 -1.868502302618465227e-01 -1.798659234758104575e-01 -1.732059030060291993e-01 -1.642570599313445401e-01 -1.464550060128076703e-01 -1.054835116675529455e-01 -8.860486126936376050e-02 -7.721007782955026377e-02 -5.155349087730921182e-02 -4.330284141363354572e-02 -3.711974665689748293e-02 -2.145290449540495845e-02 -4.156953204883434561e-03 4.156953204883614104e-03 2.145290449540512498e-02 3.711974665689772579e-02 4.330284141363362899e-02 5.155349087730926039e-02 7.721007782955083276e-02 8.860486126936371887e-02 1.054835116675521822e-01 1.464550060128080866e-01 1.642570599313449842e-01 1.732059030060289495e-01 1.798659234758112624e-01 1.868502302618473832e-01 2.022570312320886021e-01 2.292247962013283513e-01
-2.292313175343070886e-01 -2.022452806594311481e-01 -1.869090891230518192e-01 -1.798712016910052891e-01 -1.731582535005776191e-01 -1.642564850714962055e-01 -1.464380301480316948e-01 -1.055101374961634891e-01 -8.850225484904668261e-02 -7.717626382018961950e-02 -5.143827605085687926e-02 -4.321490063362374429e-02 -3.724256278598003095e-02 -2.136785621338301716e-02 -3.613569788853728936e-03 3.613569788853593628e-03 2.136785621338304145e-02 3.724256278598012809e-02 4.321490063362306427e-02 5.143827605085703886e-02 7.717626382018966114e-02 8.850225484904597484e-02 1.055101374961631144e-01 1.464380301480314728e-01 1.642564850714971214e-01 1.731582535005784240e-01 1.798712016910058165e-01 1.869090891230516249e-01 2.022452806594314534e-01 2.292313175343061171e-01
-2.292353181867257672e-01 -2.022332831332580572e-01 -1.869676549401663446e-01 -1.798772930492101019e-01 -1.731177182394828540e-01 -1.642583939150227546e-01 -1.464256868259371791e-01 -1.055390715549274078e-01 -8.839442677500472523e-02 -7.714280526916719727e-02 -5.135527011605751230e-02 -4.315859504952485742e-02 -3.734492367923054196e-02 -2.131246105029288226e-02 -3.040165368942406628e-03 3.040165368942477752e-03 2.131246105029284757e-02 3.734492367923076400e-02 4.315859504952507947e-02 5.135527011605738046e-02 7.714280526916716951e-02 8.839442677500457257e-02 1.055390715549276159e-01 1.464256868259377897e-01 1.642583939150238093e-01 1.731177182394842140e-01 1.798772930492084643e-01 1.869676549401661780e-01 2.022332831332575298e-01 2.292353181867238521e-01
-2.292367688715662988e-01 -2.022210555240505914e-01 -1.870258411897376682e-01 -1.798842324509008495e-01 -1.730844562665865560e-01 -1.642627447504135529e-01 -1.464180621785719227e-01 -1.055702651396263486e-01 -8.828134713244575882e-02 -7.710973961342945660e-02 -5.130720327512963003e-02 -4.313409183132076163e-02 -3.742597231907967420e-02 -2.128287078432912829e-02 -2.441344437822222727e-03 2.441344437822380586e-03 2.128287078432902768e-02 3.742597231907975747e-02 4.313409183132137920e-02 5.130720327512989370e-02 7.710973961342944272e-02 8.828134713244654985e-02 1.055702651396275144e-01 1.464180621785710623e-01 1.642627447504137195e-01 1.730844562665858344e-01 1.798842324509006829e-01 1.870258411897383066e-01 2.022210555240508134e-01 2.292367688715670204e-01
-2.292356459428047111e-01 -2.022086155280094777e-01 -1.870835604954948495e-01 -1.798920590768341432e-01 -1.730586087304503973e-01 -1.642694735609501189e-01 -1.464152078225318676e-01 -1.056036549300733984e-01 -8.816298524215920862e-02 -7.707710145863083673e-02 -5.129663362250679731e-02 -4.313994686596361178e-02 -3.748665048713449577e-02 -2.127499244658585115e-02 -1.821816182862725803e-03 1.821816182862655981e-03 2.127499244658588584e-02 3.748665048713451659e-02 4.313994686596366035e-02 5.129663362250671405e-02 7.707710145863129469e-02 8.816298524215919474e-02 1.056036549300740923e-01 1.464152078225314790e-01 1.642694735609493695e-01 1.730586087304512855e-01 1.798920590768345595e-01 1.870835604954943499e-01 2.022086155280092279e-01 2.292356459428040172e-01
-2.292319310840674751e-01 -2.021959816577607871e-01 -1.871407245834773581e-01 -1.799008165144877769e-01 -1.730402986526196618e-01 -1.642784949391926097e-01 -1.464171408086795134e-01 -1.056391635860405159e-01 -8.803930872594782631e-02 -7.704492282959912730e-02 -5.132585049241576020e-02 -4.317309193643800030e-02 -3.752978234525792406e-02 -2.128466302455576595e-02 -1.186260072663755617e-03 1.186260072664003032e-03 2.128466302455576942e-02 3.752978234525800733e-02 4.317309193643842358e-02 5.132585049241530223e-02 7.704492282959908567e-02 8.803930872594752099e-02 1.056391635860396833e-01 1.464171408086799853e-01 1.642784949391935534e-01 1.730402986526190234e-01 1.799008165144885540e-01 1.871407245834770527e-01 2.021959816577593161e-01 2.292319310840671698e-01
-2.292256111727494772e-01 -2.021831732335626908e-01 -1.871972442904020484e-01 -1.799105528538882115e-01 -1.730296299904298951e-01 -1.642897032336643748e-01 -1.464238438212615567e-01 -1.056767004211510291e-01 -8.791028276800617880e-02 -7.701323342707522279e-02 -5.139675556157289465e-02 -4.322913081556001985e-02 -3.755986193089330683e-02 -2.130778690452031152e-02 -5.392327804032661558e-04 5.392327804033720823e-04 2.130778690452025600e-02 3.755986193089377867e-02 4.322913081556004067e-02 5.139675556157351916e-02 7.701323342707618036e-02 8.791028276800581798e-02 1.056767004211512789e-01 1.464238438212622506e-01 1.642897032336642360e-01 1.730296299904298396e-01 1.799105528538878507e-01 1.871972442904035749e-01 2.021831732335636345e-01 2.292256111727508094e-01
-2.292166783223541782e-01 -2.021702103749371260e-01 -1.872530296224889090e-01 -1.799213207447888929e-01 -1.730266859938719148e-01 -1.643029739311578641e-01 -1.464352656192648150e-01 -1.057161621414138414e-01 -8.777586960438747699e-02 -7.698206089014822395e-02 -5.151073115164128691e-02 -4.330287056760195180e-02 -3.758260750825240248e-02 -2.134044084966341820e-02 -1.148896073370422476e-04 1.148896073368064878e-04 2.134044084966312677e-02 3.758260750825211105e-02 4.330287056760188241e-02 5.151073115164079425e-02 7.698206089014805742e-02 8.777586960438660268e-02 1.057161621414128561e-01 1.464352656192636493e-01 1.643029739311585302e-01 1.730266859938718871e-01 1.799213207447883101e-01 1.872530296224894086e-01 2.021702103749363211e-01 2.292166783223539284e-01
-2.292051301050702372e-01 -2.021571139926457705e-01 -1.873079898632561691e-01 -1.799331774033986753e-01 -1.730315268699119391e-01 -1.643181652753259725e-01 -1.464513217115869514e-01 -1.057574336348952454e-01 -8.763602827568435505e-02 -7.695143106355861740e-02 -5.166851372179948054e-02 -4.338894319455072202e-02 -3.760440873610292750e-02 -2.137895394047278561e-02 -7.719429200898701411e-04 7.719429200898204847e-04 2.137895394047250805e-02 3.760440873610257362e-02 4.338894319455097875e-02 5.166851372179968871e-02 7.695143106355828433e-02 8.763602827568385545e-02 1.057574336348952454e-01 1.464513217115860355e-01 1.643181652753255839e-01 1.730315268699127995e-01 1.799331774033987863e-01 1.873079898632556695e-01 2.021571139926442717e-01 2.292051301050699874e-01
-2.291909699557512781e-01 -2.021439057810423545e-01 -1.873620337300518912e-01 -1.799461845523409875e-01 -1.730441867838119208e-01 -1.643351201175318188e-01 -1.464718952564649512e-01 -1.058003887993795161e-01 -8.749071468188823752e-02 -7.692136826886204759e-02 -5.187009628763260966e-02 -4.348237126146135834e-02 -3.763178924233958472e-02 -2.141996993336513222e-02 -1.427988987107533343e-03 1.427988987107512743e-03 2.141996993336515651e-02 3.763178924233951533e-02 4.348237126146082404e-02 5.187009628763224883e-02 7.692136826886213086e-02 8.749071468188784895e-02 1.058003887993786418e-01 1.464718952564656174e-01 1.643351201175320131e-01 1.730441867838119208e-01 1.799461845523407932e-01 1.873620337300515304e-01 2.021439057810413276e-01 2.291909699557521662e-01
-2.291742077575323056e-01 -2.021306082107700575e-01 -1.874150695802376809e-01 -1.799604082725240195e-01 -1.730646702456631880e-01 -1.643536679895449826e-01 -1.464968381744500558e-01 -1.058448913952568377e-01 -8.733988198312034323e-02 -7.689189557824753496e-02 -5.211468278258388903e-02 -4.357898128308851371e-02 -3.767095911662567131e-02 -2.146049782459910973e-02 -2.079320612576908856e-03 2.079320612576907989e-03 2.146049782459915831e-02 3.767095911662565050e-02 4.357898128308885372e-02 5.211468278258411801e-02 7.689189557824768761e-02 8.733988198312113427e-02 1.058448913952574344e-01 1.464968381744510550e-01 1.643536679895454267e-01 1.730646702456640762e-01 1.799604082725240195e-01 1.874150695802366262e-01 2.021306082107702240e-01 2.291742077575330550e-01
-2.291548606081406092e-01 -2.021172445218835934e-01 -1.874670056691242759e-01 -1.799759187396947346e-01 -1.730929479520139924e-01 -1.643736273795946556e-01 -1.465259724631727822e-01 -1.058907959118217806e-01 -8.718348139590360868e-02 -7.686303508969659359e-02 -5.240070869100631884e-02 -4.367563206760656513e-02 -3.772747881919662899e-02 -2.149795387309870465e-02 -2.722463775487011465e-03 2.722463775486884396e-03 2.149795387309878791e-02 3.772747881919664287e-02 4.367563206760623901e-02 5.240070869100602741e-02 7.686303508969620502e-02 8.718348139590333112e-02 1.058907959118216696e-01 1.465259724631724492e-01 1.643736273795937675e-01 1.730929479520145198e-01 1.799759187396951232e-01 1.874670056691241649e-01 2.021172445218833436e-01 2.291548606081408312e-01
-2.291329537642565750e-01 -2.021038387174191042e-01 -1.875177504628411651e-01 -1.799927898117758829e-01 -1.731289521768776818e-01 -1.643948081840601039e-01 -1.465590917011347361e-01 -1.059379484361840651e-01 -8.702146344185091031e-02 -7.683480820202820416e-02 -5.272592792642855075e-02 -4.377027482807762521e-02 -3.780602256008951112e-02 -2.153019564628326846e-02 -3.354181357375723115e-03 3.354181357375698828e-03 2.153019564628319213e-02 3.780602256008964990e-02 4.377027482807777786e-02 5.272592792642877280e-02 7.683480820202828743e-02 8.702146344185149318e-02 1.059379484361847451e-01 1.465590917011346250e-01 1.643948081840605202e-01 1.731289521768779593e-01 1.799927898117757996e-01 1.875177504628411651e-01 2.021038387174199924e-01 2.291329537642552983e-01
-2.291085217590560219e-01 -2.020904155575305727e-01 -1.875672130102678803e-01 -1.800110984255360591e-01 -1.731725718334171382e-01 -1.644170142972090631e-01 -1.465959627268416665e-01 -1.059861875154216315e-01 -8.685377971451450907e-02 -7.680723588830490334e-02 -5.308755128266914869e-02 -4.386188936076987344e-02 -3.791021788760796929e-02 -2.155554640498642469e-02 -3.971480743556997546e-03 3.971480743557164080e-03 2.155554640498664673e-02 3.791021788760847583e-02 4.386188936077029671e-02 5.308755128266949563e-02 7.680723588830525028e-02 8.685377971451500867e-02 1.059861875154219646e-01 1.465959627268423326e-01 1.644170142972101734e-01 1.731725718334164721e-01 1.800110984255356705e-01 1.875672130102667978e-01 2.020904155575312666e-01 2.291085217590544676e-01
-2.290816096849472017e-01 -2.020770005541840941e-01 -1.876153033790894098e-01 -1.800309237529501283e-01 -1.732236473564438550e-01 -1.644400462916433547e-01 -1.466363274787459425e-01 -1.060353450041084666e-01 -8.668038524063638450e-02 -7.678033896589508966e-02 -5.348241233805850481e-02 -4.395034856795432959e-02 -3.804254049626502182e-02 -2.157280681084201152e-02 -4.571625923566440507e-03 4.571625923566460456e-03 2.157280681084212254e-02 3.804254049626522999e-02 4.395034856795394795e-02 5.348241233805817174e-02 7.678033896589479823e-02 8.668038524063657879e-02 1.060353450041080919e-01 1.466363274787456927e-01 1.644400462916436600e-01 1.732236473564440216e-01 1.800309237529501005e-01 1.876153033790890767e-01 2.020770005541842051e-01 2.290816096849465078e-01
-2.290522746296250745e-01 -2.020636199664594679e-01 -1.876619331616395658e-01 -1.800523460589135150e-01 -1.732819655856226160e-01 -1.644637041334381100e-01 -1.466799049807271937e-01 -1.060852468911748919e-01 -8.650124152460214599e-02 -7.675413836140235202e-02 -5.390713503274648100e-02 -4.403625811810762958e-02 -3.820425014726094859e-02 -2.158125080353274008e-02 -5.152153328298534653e-03 5.152153328298486948e-03 2.158125080353269498e-02 3.820425014726110124e-02 4.403625811810764346e-02 5.390713503274652263e-02 7.675413836140190793e-02 8.650124152460303417e-02 1.060852468911755719e-01 1.466799049807256949e-01 1.644637041334370831e-01 1.732819655856226160e-01 1.800523460589117664e-01 1.876619331616393993e-01 2.020636199664586352e-01 2.290522746296248524e-01
-2.290205872484185057e-01 -2.020503007963432573e-01 -1.877070160566595425e-01 -1.800754451934528377e-01 -1.733472548584698847e-01 -1.644877898691241291e-01 -1.467263934572290707e-01 -1.061357141019189654e-01 -8.631632037953046455e-02 -7.672865536841591561e-02 -5.435828211337827981e-02 -4.412080535275458154e-02 -3.839535987343831863e-02 -2.158060355839848052e-02 -5.710889641533965083e-03 5.710889641533958144e-03 2.158060355839847011e-02 3.839535987343851292e-02 4.412080535275455379e-02 5.435828211337920268e-02 7.672865536841617928e-02 8.631632037953027026e-02 1.061357141019188821e-01 1.467263934572307915e-01 1.644877898691239904e-01 1.733472548584703010e-01 1.800754451934522271e-01 1.877070160566591817e-01 2.020503007963430908e-01 2.290205872484187832e-01
-2.289866334497438760e-01 -2.020370707848314629e-01 -1.877504685331410350e-01 -1.801002986439874110e-01 -1.734191805493746630e-01 -1.645121102176173578e-01 -1.467754725616217948e-01 -1.061865632729736691e-01 -8.612560866535208526e-02 -7.670391189575181956e-02 -5.483247186094607900e-02 -4.420563688175036671e-02 -3.861463469682152594e-02 -2.157100138677514947e-02 -6.245969243451225845e-03 6.245969243451080996e-03 2.157100138677511131e-02 3.861463469682153982e-02 4.420563688175037365e-02 5.483247186094623860e-02 7.670391189575215263e-02 8.612560866535250159e-02 1.061865632729742520e-01 1.467754725616212397e-01 1.645121102176180239e-01 1.734191805493741911e-01 1.801002986439884102e-01 1.877504685331411460e-01 2.020370707848326564e-01 2.289866334497451805e-01
-2.289505161629998287e-01 -2.020239584079192019e-01 -1.877922105819546938e-01 -1.801269790678474703e-01 -1.734973413136576270e-01 -1.645364789995253374e-01 -1.468268057009769478e-01 -1.062376075001129488e-01 -8.592911407349035358e-02 -7.667993070340044237e-02 -5.532645859728432813e-02 -4.429277097020065113e-02 -3.885961847440401462e-02 -2.155293573253113174e-02 -6.755848785236075009e-03 6.755848785236111438e-03 2.155293573253128439e-02 3.885961847440386890e-02 4.429277097020094950e-02 5.532645859728418242e-02 7.667993070340038686e-02 8.592911407349085318e-02 1.062376075001139342e-01 1.468268057009771976e-01 1.645364789995244770e-01 1.734973413136579323e-01 1.801269790678476090e-01 1.877922105819547771e-01 2.020239584079189799e-01 2.289505161630003283e-01
-2.289123571494694476e-01 -2.020109928718472891e-01 -1.878321665598415291e-01 -1.801555512240232415e-01 -1.735812663118189436e-01 -1.645607193393171241e-01 -1.468800424401686400e-01 -1.062886570607215891e-01 -8.572687211910709482e-02 -7.665673562269949282e-02 -5.583717839731275334e-02 -4.438453991104134022e-02 -3.912668970378075511e-02 -2.152718543244268312e-02 -7.239316621545828674e-03 7.239316621546126179e-03 2.152718543244291211e-02 3.912668970378067879e-02 4.438453991104133328e-02 5.583717839731277416e-02 7.665673562269897934e-02 8.572687211910742788e-02 1.062886570607210479e-01 1.468800424401683902e-01 1.645607193393172629e-01 1.735812663118197208e-01 1.801555512240229084e-01 1.878321665598418067e-01 2.020109928718485659e-01 2.289123571494692533e-01
-2.288722988070120701e-01 -2.019982041066499534e-01 -1.878702661282967423e-01 -1.801860682283220327e-01 -1.736704136957110123e-01 -1.645846655827362948e-01 -1.469348209680400030e-01 -1.063395201147197544e-01 -8.551895452504755524e-02 -7.663435175621441386e-02 -5.636176474308363105e-02 -4.448354845746280845e-02 -3.941115078967009216e-02 -2.149474266330679215e-02 -7.695495364625215551e-03 7.695495364625421116e-03 2.149474266330685460e-02 3.941115078967015461e-02 4.448354845746293335e-02 5.636176474308379064e-02 7.663435175621491346e-02 8.551895452504751360e-02 1.063395201147194491e-01 1.469348209680400585e-01 1.645846655827366278e-01 1.736704136957105127e-01 1.801860682283222825e-01 1.878702661282968256e-01 2.019982041066490097e-01 2.288722988070122644e-01
-2.288305059084533022e-01 -2.019856227566292073e-01 -1.879064452867034163e-01 -1.802185670707826814e-01 -1.737641706321321478e-01 -1.646081648820488241e-01 -1.469907706083123378e-01 -1.063900033894751296e-01 -8.530547920547157381e-02 -7.661280565127978615e-02 -5.689754003225066387e-02 -4.459262576857549176e-02 -3.970736148004953142e-02 -2.145673828431518895e-02 -8.123836558678465200e-03 8.123836558678435710e-03 2.145673828431524793e-02 3.970736148004937183e-02 4.459262576857538074e-02 5.689754003225022672e-02 7.661280565128004982e-02 8.530547920547174034e-02 1.063900033894752545e-01 1.469907706083113663e-01 1.646081648820490739e-01 1.737641706321331470e-01 1.802185670707816545e-01 1.879064452867037216e-01 2.019856227566275697e-01 2.288305059084535797e-01
-2.287871672022688818e-01 -2.019732801659710197e-01 -1.879406474944529670e-01 -1.802530633617978884e-01 -1.738618551168381321e-01 -1.646310784148577455e-01 -1.470475143580207977e-01 -1.064399128557289576e-01 -8.508662208012561512e-02 -7.659212543880956903e-02 -5.744198870657771239e-02 -4.471473983240002031e-02 -4.000893550612176497e-02 -2.141437167907883285e-02 -8.524107275709232739e-03 8.524107275709437437e-03 2.141437167907907224e-02 4.000893550612166089e-02 4.471473983240024236e-02 5.744198870657803851e-02 7.659212543880988822e-02 8.508662208012657269e-02 1.064399128557293600e-01 1.470475143580210475e-01 1.646310784148570516e-01 1.738618551168389925e-01 1.802530633617973332e-01 1.879406474944526340e-01 2.019732801659695764e-01 2.287871672022694924e-01
-2.287424967927127184e-01 -2.019612083571396821e-01 -1.879728248704546911e-01 -1.802895453175061558e-01 -1.739627197893891253e-01 -1.646532822169397559e-01 -1.471046714364097063e-01 -1.064890544027767422e-01 -8.486263096915817872e-02 -7.657234092565153027e-02 -5.799271701490806702e-02 -4.485283761208613135e-02 -4.030902636405444411e-02 -2.136884899150131786e-02 -8.896369179351156647e-03 8.896369179351283282e-03 2.136884899150147399e-02 4.030902636405438860e-02 4.485283761208672809e-02 5.799271701490856662e-02 7.657234092565147476e-02 8.486263096915790116e-02 1.064890544027766728e-01 1.471046714364097341e-01 1.646532822169392563e-01 1.739627197893887645e-01 1.802895453175067386e-01 1.879728248704549964e-01 2.019612083571389050e-01 2.287424967927123853e-01
-2.286967352058891789e-01 -2.019494399991451361e-01 -1.880029394501481488e-01 -1.803279670586981354e-01 -1.740659578937319152e-01 -1.646746676251961417e-01 -1.471618598274923861e-01 -1.065372345219072897e-01 -8.463384182832679736e-02 -7.655348362378397442e-02 -5.854740354989461382e-02 -4.500957883066032672e-02 -4.060072529018481091e-02 -2.132133218728370777e-02 -9.240951193265411340e-03 9.240951193265598690e-03 2.132133218728375634e-02 4.060072529018485255e-02 4.500957883066022264e-02 5.854740354989487749e-02 7.655348362378384952e-02 8.463384182832672797e-02 1.065372345219079281e-01 1.471618598274934409e-01 1.646746676251956143e-01 1.740659578937325813e-01 1.803279670586974692e-01 1.880029394501484541e-01 2.019494399991430544e-01 2.286967352058886516e-01
-2.286501500392406072e-01 -2.019380083621933608e-01 -1.880309644696446791e-01 -1.803682413825360153e-01 -1.741707114386456812e-01 -1.646951413418114296e-01 -1.472186987999445085e-01 -1.065842610074593660e-01 -8.440069757750343071e-02 -7.653558669267324088e-02 -5.910374394783784319e-02 -4.518695788582318545e-02 -4.087756977664711022e-02 -2.127289996560626298e-02 -9.558417289631773034e-03 9.558417289631870178e-03 2.127289996560629420e-02 4.087756977664695757e-02 4.518695788582283851e-02 5.910374394783779461e-02 7.653558669267362946e-02 8.440069757750293111e-02 1.065842610074593522e-01 1.472186987999447305e-01 1.646951413418104582e-01 1.741707114386445432e-01 1.803682413825356545e-01 1.880309644696452898e-01 2.019380083621939714e-01 2.286501500392418007e-01
-2.286030360857200794e-01 -2.019269472546874333e-01 -1.880568856340197603e-01 -1.804102322720365914e-01 -1.742760814964893212e-01 -1.647146251444379650e-01 -1.472748113884631282e-01 -1.066299436845681708e-01 -8.416376973894260094e-02 -7.651868476125735230e-02 -5.965939260096950886e-02 -4.538586298534409702e-02 -4.113410806119315033e-02 -2.122452039167442225e-02 -9.849531070814682154e-03 9.849531070814827871e-03 2.122452039167471716e-02 4.113410806119328911e-02 4.538586298534486030e-02 5.965939260096950886e-02 7.651868476125747720e-02 8.416376973894372504e-02 1.066299436845689202e-01 1.472748113884627674e-01 1.647146251444376319e-01 1.742760814964887939e-01 1.804102322720359808e-01 1.880568856340194273e-01 2.019269472546867672e-01 2.286030360857217447e-01
-2.285557148218175516e-01 -2.019162909380382287e-01 -1.880807023121950639e-01 -1.804537475297551541e-01 -1.743811404419245426e-01 -1.647330552785054025e-01 -1.473298268213893980e-01 -1.066740951719325481e-01 -8.392378301720541944e-02 -7.650281358277312427e-02 -6.021190389387396508e-02 -4.560568747466543782e-02 -4.136640055078162626e-02 -2.117703430159091280e-02 -1.011521878145585016e-02 1.011521878145568015e-02 2.117703430159057973e-02 4.136640055078154993e-02 4.560568747466534761e-02 6.021190389387423569e-02 7.650281358277274957e-02 8.392378301720661293e-02 1.066740951719334779e-01 1.473298268213882600e-01 1.647330552785059299e-01 1.743811404419240152e-01 1.804537475297556259e-01 1.880807023121948973e-01 2.019162909380385063e-01 2.285557148218171353e-01
-2.285085331520884666e-01 -2.019060740145453281e-01 -1.881024285849879629e-01 -1.804985320498491141e-01 -1.744849457822863492e-01 -1.647503815763607660e-01 -1.473833828801457413e-01 -1.067165316864411712e-01 -8.368164279209164280e-02 -7.648800945842856858e-02 -6.075867529680356594e-02 -4.584413899392762032e-02 -4.157230962019785314e-02 -2.113114803839191355e-02 -1.035653221074393782e-02 1.035653221074402629e-02 2.113114803839201417e-02 4.157230962019823478e-02 4.584413899392760644e-02 6.075867529680277490e-02 7.648800945842829102e-02 8.368164279209089340e-02 1.067165316864416846e-01 1.473833828801477952e-01 1.647503815763615709e-01 1.744849457822861827e-01 1.804985320498481705e-01 1.881024285849878241e-01 2.019060740145459665e-01 2.285085331520896879e-01
-2.284618613131160214e-01 -2.018963312834854973e-01 -1.881220940568855138e-01 -1.805442623613321695e-01 -1.745865550818511136e-01 -1.647665663534169933e-01 -1.474351281769072375e-01 -1.067570738945152614e-01 -8.343846522037237645e-02 -7.647430834518313680e-02 -6.129689458847462774e-02 -4.609734302197607964e-02 -4.175147926567900070e-02 -2.108743385384239180e-02 -1.057461268470301016e-02 1.057461268470316282e-02 2.108743385384254099e-02 4.175147926567878559e-02 4.609734302197620454e-02 6.129689458847412120e-02 7.647430834518297027e-02 8.343846522037151603e-02 1.067570738945151504e-01 1.474351281769070432e-01 1.647665663534170488e-01 1.745865550818520850e-01 1.805442623613326414e-01 1.881220940568861522e-01 2.018963312834856638e-01 2.284618613131167986e-01
-2.284160898582003885e-01 -2.018870975609396712e-01 -1.881397443277115222e-01 -1.805905431645480341e-01 -1.746850413511075728e-01 -1.647815831340243009e-01 -1.474847243378899220e-01 -1.067955478123605584e-01 -8.319560919862903359e-02 -7.646174454074936011e-02 -6.182349352900992634e-02 -4.636022146484830575e-02 -4.190502284238255964e-02 -2.104633628025261161e-02 -1.077065705942024075e-02 1.077065705942035871e-02 2.104633628025267406e-02 4.190502284238294128e-02 4.636022146484884005e-02 6.182349352901000961e-02 7.646174454074922133e-02 8.319560919862932502e-02 1.067955478123604612e-01 1.474847243378899497e-01 1.647815831340241899e-01 1.746850413511081834e-01 1.805905431645469517e-01 1.881397443277112447e-01 2.018870975609394214e-01 2.284160898582001109e-01
-2.283716256713708981e-01 -2.018784074596274292e-01 -1.881554410100899910e-01 -1.806369066194304651e-01 -1.747795081801387651e-01 -1.647954152595553778e-01 -1.475318480807606414e-01 -1.068317857542447624e-01 -8.295470876213444089e-02 -7.645034882112974883e-02 -6.233511049069217352e-02 -4.662702043993532247e-02 -4.203504441549633236e-02 -2.100818287128923545e-02 -1.094588634779769878e-02 1.094588634779783236e-02 2.100818287128931525e-02 4.203504441549655440e-02 4.662702043993544043e-02 6.233511049069250659e-02 7.645034882112937413e-02 8.295470876213431599e-02 1.068317857542451232e-01 1.475318480807603916e-01 1.647954152595547395e-01 1.747795081801386263e-01 1.806369066194317696e-01 1.881554410100892971e-01 2.018784074596276235e-01 2.283716256713698434e-01
-2.283288869955537315e-01 -2.018702951263217638e-01 -1.881692611755932387e-01 -1.806828151056459053e-01 -1.748691038625386496e-01 -1.648080544288152149e-01 -1.475761931757603729e-01 -1.068656273243742266e-01 -8.271770351103999164e-02 -7.644014590446204793e-02 -6.282806494804511754e-02 -4.689183259869485199e-02 -4.214414882484584374e-02 -2.097319787673769184e-02 -1.110151736821412757e-02 1.110151736821376155e-02 2.097319787673748367e-02 4.214414882484575353e-02 4.689183259869463688e-02 6.282806494804557551e-02 7.644014590446106261e-02 8.271770351104017205e-02 1.068656273243748650e-01 1.475761931757606782e-01 1.648080544288141047e-01 1.748691038625386496e-01 1.806828151056454057e-01 1.881692611755930722e-01 2.018702951263220136e-01 2.283288869955537870e-01
-2.282882975047042795e-01 -2.018627939362858392e-01 -1.881812961203074841e-01 -1.807276680444047656e-01 -1.749530337975421790e-01 -1.648194992167077710e-01 -1.476174722813938522e-01 -1.068969204442140053e-01 -8.248686330622516383e-02 -7.643115115102204482e-02 -6.329834740736020593e-02 -4.714900657662034200e-02 -4.223504903251579234e-02 -2.094151761631124140e-02 -1.123873760303066224e-02 1.123873760303032397e-02 2.094151761631111650e-02 4.223504903251557030e-02 4.714900657662027955e-02 6.329834740736059451e-02 7.643115115102203094e-02 8.248686330622523322e-02 1.068969204442139082e-01 1.476174722813941020e-01 1.648194992167069106e-01 1.749530337975422900e-01 1.807276680444037664e-01 1.881812961203073453e-01 2.018627939362853119e-01 2.282882975047030860e-01
-2.282502795014434704e-01 -2.018559361465662172e-01 -1.881916493626738240e-01 -1.807708131441650712e-01 -1.750305705785699939e-01 -1.648297536119225637e-01 -1.476554186467535501e-01 -1.069255224033053425e-01 -8.226480176011699563e-02 -7.642336651573430895e-02 -6.374162935056133794e-02 -4.739340783179878808e-02 -4.231030828172224062e-02 -2.091320652809589356e-02 -1.135868329813815442e-02 1.135868329813801043e-02 2.091320652809556743e-02 4.231030828172194919e-02 4.739340783179876032e-02 6.374162935056151835e-02 7.642336651573428119e-02 8.226480176011706502e-02 1.069255224033055091e-01 1.476554186467536611e-01 1.648297536119233964e-01 1.750305705785704657e-01 1.807708131441650989e-01 1.881916493626736298e-01 2.018559361465663005e-01 2.282502795014422770e-01
-2.282152463781918772e-01 -2.018497525128745140e-01 -1.882004338256865195e-01 -1.808115621162404429e-01 -1.751010613686214412e-01 -1.648388256085405457e-01 -1.476897876737511550e-01 -1.069513009179816204e-01 -8.205447109269535522e-02 -7.641677598793297777e-02 -6.415329897436976292e-02 -4.762054723804831635e-02 -4.237220299114485833e-02 -2.088827307338783981e-02 -1.146242071666309960e-02 1.146242071666312562e-02 2.088827307338787104e-02 4.237220299114501099e-02 4.762054723804873962e-02 6.415329897436974904e-02 7.641677598793290838e-02 8.205447109269577155e-02 1.069513009179818008e-01 1.476897876737510718e-01 1.648388256085412673e-01 1.751010613686211081e-01 1.808115621162403042e-01 1.882004338256865750e-01 2.018497525128732928e-01 2.282152463781911278e-01
-2.281835945368133056e-01 -2.018442718779648870e-01 -1.882077682127497598e-01 -1.808492105265356586e-01 -1.751639324062684300e-01 -1.648467258805865476e-01 -1.477203583337464154e-01 -1.069741351791627798e-01 -8.185912910624947025e-02 -7.641134111775131632e-02 -6.452852956721238931e-02 -4.782661500152395051e-02 -4.242267143687624559e-02 -2.086668487228714522e-02 -1.155093037411991999e-02 1.155093037411988009e-02 2.086668487228700297e-02 4.242267143687599579e-02 4.782661500152398520e-02 6.452852956721240318e-02 7.641134111775180204e-02 8.185912910624995598e-02 1.069741351791624745e-01 1.477203583337452775e-01 1.648467258805866864e-01 1.751639324062683745e-01 1.808492105265360195e-01 1.882077682127508977e-01 2.018442718779645539e-01 2.281835945368120844e-01
-2.281556950154598751e-01 -2.018395207426927629e-01 -1.882137726598014649e-01 -1.808830610445252285e-01 -1.752186907499917734e-01 -1.648534665628519358e-01 -1.477469344341636182e-01 -1.069939168677943170e-01 -8.168226810415919747e-02 -7.640699772818224100e-02 -6.486238757585335857e-02 -4.800845732358696716e-02 -4.246331356206648616e-02 -2.084838261717849445e-02 -1.162509402308511790e-02 1.162509402308496351e-02 2.084838261717824465e-02 4.246331356206620167e-02 4.800845732358639817e-02 6.486238757585346959e-02 7.640699772818231039e-02 8.168226810415910033e-02 1.069939168677947888e-01 1.477469344341647284e-01 1.648534665628507145e-01 1.752186907499924118e-01 1.808830610445248399e-01 1.882137726598007987e-01 2.018395207426937898e-01 2.281556950154590424e-01
-2.281318851162936479e-01 -2.018355228339308027e-01 -1.882185638302444897e-01 -1.809124489669669544e-01 -1.752649236182222126e-01 -1.648590601562104074e-01 -1.477693457316738290e-01 -1.070105511147206173e-01 -8.152749671860225200e-02 -7.640365542794644305e-02 -6.514998571369386149e-02 -4.816352438591332830e-02 -4.249541605958405410e-02 -2.083329245979333860e-02 -1.168568411884397980e-02 1.168568411884396072e-02 2.083329245979337330e-02 4.249541605958388757e-02 4.816352438591380014e-02 6.514998571369358393e-02 7.640365542794606835e-02 8.152749671860209935e-02 1.070105511147199234e-01 1.477693457316736902e-01 1.648590601562090474e-01 1.752649236182212689e-01 1.809124489669653724e-01 1.882185638302444619e-01 2.018355228339305807e-01 2.281318851162946193e-01
-2.281124603592980249e-01 -2.018322986859394652e-01 -1.882222497042664311e-01 -1.809367685795884306e-01 -1.753022958853991398e-01 -1.648635185711458118e-01 -1.477874488894330152e-01 -1.070239573810089079e-01 -8.139837024718374336e-02 -7.640120178690852637e-02 -6.538668168904268607e-02 -4.828980854159093533e-02 -4.251998636838327794e-02 -2.082133668902461446e-02 -1.173335548084482663e-02 1.173335548084489081e-02 2.082133668902450344e-02 4.251998636838328488e-02 4.828980854159092839e-02 6.538668168904329669e-02 7.640120178690820718e-02 8.139837024718409031e-02 1.070239573810094075e-01 1.477874488894330152e-01 1.648635185711457840e-01 1.753022958853998892e-01 1.809367685795890968e-01 1.882222497042662090e-01 2.018322986859388823e-01 2.281124603592964983e-01
-2.280976671009957712e-01 -2.018298652532672655e-01 -1.882249243874837552e-01 -1.809554987169309792e-01 -1.753305464264049707e-01 -1.648668523194794511e-01 -1.478011282765788748e-01 -1.070340702351403189e-01 -8.129817427724655987e-02 -7.639951258377329635e-02 -6.556831462619069906e-02 -4.838578407395073555e-02 -4.253778643686052796e-02 -2.081244260981535490e-02 -1.176863886644205145e-02 1.176863886644227003e-02 2.081244260981537225e-02 4.253778643686130512e-02 4.838578407395081188e-02 6.556831462619135131e-02 7.639951258377350451e-02 8.129817427724664314e-02 1.070340702351403883e-01 1.478011282765781254e-01 1.648668523194802005e-01 1.753305464264052205e-01 1.809554987169307572e-01 1.882249243874840605e-01 2.018298652532665716e-01 2.280976671009949386e-01
-2.280876961494223698e-01 -2.018282355734672406e-01 -1.882266633116795873e-01 -1.809682258183095693e-01 -1.753494840505211982e-01 -1.648690698613415051e-01 -1.478102966088028491e-01 -1.070408400049972647e-01 -8.122967964696221899e-02 -7.639846802861896546e-02 -6.569145977820047000e-02 -4.845035490551029278e-02 -4.254936171096006942e-02 -2.080654959867716397e-02 -1.179193619180600623e-02 1.179193619180604440e-02 2.080654959867729581e-02 4.254936171095947267e-02 4.845035490551022339e-02 6.569145977820070592e-02 7.639846802861893771e-02 8.122967964696226062e-02 1.070408400049971814e-01 1.478102966088015724e-01 1.648690698613403116e-01 1.753494840505210040e-01 1.809682258183094306e-01 1.882266633116810584e-01 2.018282355734677125e-01 2.280876961494238409e-01
-2.280826776764295072e-01 -2.018274184967056295e-01 -1.882275192096604932e-01 -1.809746628703878257e-01 -1.753589837314738498e-01 -1.648701771120696935e-01 -1.478148954292392570e-01 -1.070442332853621531e-01 -8.119490105091417553e-02 -7.639797243508418545e-02 -6.575367061546470715e-02 -4.848281364141821675e-02 -4.255506340408918980e-02 -2.080361435079796165e-02 -1.180351716823641907e-02 1.180351716823661856e-02 2.080361435079799981e-02 4.255506340408955757e-02 4.848281364141832084e-02 6.575367061546473491e-02 7.639797243508451852e-02 8.119490105091424492e-02 1.070442332853616535e-01 1.478148954292398953e-01 1.648701771120685833e-01 1.753589837314734889e-01 1.809746628703878812e-01 1.882275192096596883e-01 2.018274184967057405e-01 2.280826776764319219e-01
-2.280826776764294239e-01 -2.018274184967064899e-01 -1.882275192096588279e-01 -1.809746628703874927e-01 -1.753589837314744326e-01 -1.648701771120689441e-01 -1.478148954292402562e-01 -1.070442332853617506e-01 -8.119490105091432819e-02 -7.639797243508431035e-02 -6.575367061546459613e-02 -4.848281364141816818e-02 -4.255506340408934246e-02 -2.080361435079792001e-02 -1.180351716823644682e-02 1.180351716823674867e-02 2.080361435079809695e-02 4.255506340408919674e-02 4.848281364141835553e-02 6.575367061546465164e-02 7.639797243508493485e-02 8.119490105091450860e-02 1.070442332853620421e-01 1.478148954292400341e-01 1.648701771120691939e-01 1.753589837314742661e-01 1.809746628703872429e-01 1.882275192096592720e-01 2.018274184967063511e-01 2.280826776764311725e-01
-2.280876961494224531e-01 -2.018282355734665190e-01 -1.882266633116810584e-01 -1.809682258183101522e-01 -1.753494840505213648e-01 -1.648690698613412275e-01 -1.478102966088027659e-01 -1.070408400049972231e-01 -8.122967964696237164e-02 -7.639846802861920139e-02 -6.569145977820074755e-02 -4.845035490551015400e-02 -4.254936171096013187e-02 -2.080654959867720213e-02 -1.179193619180612940e-02 1.179193619180592817e-02 2.080654959867733744e-02 4.254936171095970165e-02 4.845035490550997359e-02 6.569145977820058102e-02 7.639846802861886832e-02 8.122967964696152510e-02 1.070408400049970149e-01 1.478102966088031545e-01 1.648690698613404504e-01 1.753494840505211982e-01 1.809682258183105408e-01 1.882266633116812249e-01 2.018282355734678513e-01 2.280876961494234800e-01
-2.280976671009961598e-01 -2.018298652532662385e-01 -1.882249243874842271e-01 -1.809554987169312845e-01 -1.753305464264057201e-01 -1.648668523194800339e-01 -1.478011282765790968e-01 -1.070340702351410406e-01 -8.129817427724625456e-02 -7.639951258377336574e-02 -6.556831462619074069e-02 -4.838578407395070086e-02 -4.253778643686079858e-02 -2.081244260981533409e-02 -1.176863886644221972e-02 1.176863886644218329e-02 2.081244260981529592e-02 4.253778643686104838e-02 4.838578407395073555e-02 6.556831462619100437e-02 7.639951258377325471e-02 8.129817427724674028e-02 1.070340702351403189e-01 1.478011282765786527e-01 1.648668523194800062e-01 1.753305464264044711e-01 1.809554987169305906e-01 1.882249243874843658e-01 2.018298652532666826e-01 2.280976671009956880e-01
-2.281124603592963040e-01 -2.018322986859380497e-01 -1.882222497042662090e-01 -1.809367685795894576e-01 -1.753022958853998059e-01 -1.648635185711452567e-01 -1.477874488894339033e-01 -1.070239573810091716e-01 -8.139837024718357683e-02 -7.640120178690845698e-02 -6.538668168904282485e-02 -4.828980854159087288e-02 -4.251998636838354856e-02 -2.082133668902468385e-02 -1.173335548084495673e-02 1.173335548084477979e-02 2.082133668902468385e-02 4.251998636838347917e-02 4.828980854159082431e-02 6.538668168904307465e-02 7.640120178690845698e-02 8.139837024718379888e-02 1.070239573810096295e-01 1.477874488894326266e-01 1.648635185711454509e-01 1.753022958853994451e-01 1.809367685795897629e-01 1.882222497042665699e-01 2.018322986859385493e-01 2.281124603592980526e-01
-2.281318851162953687e-01 -2.018355228339314134e-01 -1.882185638302453778e-01 -1.809124489669660663e-01 -1.752649236182199644e-01 -1.648590601562107127e-01 -1.477693457316744396e-01 -1.070105511147195626e-01 -8.152749671860187730e-02 -7.640365542794577691e-02 -6.514998571369355618e-02 -4.816352438591348789e-02 -4.249541605958413737e-02 -2.083329245979344269e-02 -1.168568411884393643e-02 1.168568411884407694e-02 2.083329245979332472e-02 4.249541605958392920e-02 4.816352438591403606e-02 6.514998571369369496e-02 7.640365542794619325e-02 8.152749671860212710e-02 1.070105511147206728e-01 1.477693457316744396e-01 1.648590601562089086e-01 1.752649236182216019e-01 1.809124489669657332e-01 1.882185638302454334e-01 2.018355228339315521e-01 2.281318851162947581e-01
-2.281556950154586816e-01 -2.018395207426926519e-01 -1.882137726598010208e-01 -1.808830610445248122e-01 -1.752186907499920787e-01 -1.648534665628504647e-01 -1.477469344341635626e-01 -1.069939168677945807e-01 -8.168226810415947503e-02 -7.640699772818199120e-02 -6.486238757585362225e-02 -4.800845732358684920e-02 -4.246331356206653473e-02 -2.084838261717838689e-02 -1.162509402308511963e-02 1.162509402308493402e-02 2.084838261717841118e-02 4.246331356206633351e-02 4.800845732358628715e-02 6.486238757585312265e-02 7.640699772818219937e-02 8.168226810415918360e-02 1.069939168677941088e-01 1.477469344341635349e-01 1.648534665628502982e-01 1.752186907499919122e-01 1.808830610445246734e-01 1.882137726598011873e-01 2.018395207426933180e-01 2.281556950154603469e-01
-2.281835945368125007e-01 -2.018442718779638601e-01 -1.882077682127500096e-01 -1.808492105265355199e-01 -1.751639324062688741e-01 -1.648467258805873525e-01 -1.477203583337464987e-01 -1.069741351791624745e-01 -8.185912910624976169e-02 -7.641134111775109428e-02 -6.452852956721219502e-02 -4.782661500152403378e-02 -4.242267143687627334e-02 -2.086668487228696828e-02 -1.155093037411992866e-02 1.155093037411981591e-02 2.086668487228707236e-02 4.242267143687604436e-02 4.782661500152365214e-02 6.452852956721220890e-02 7.641134111775158000e-02 8.185912910624962291e-02 1.069741351791628631e-01 1.477203583337465265e-01 1.648467258805866864e-01 1.751639324062692626e-01 1.808492105265359917e-01 1.882077682127502316e-01 2.018442718779648870e-01 2.281835945368119178e-01
-2.282152463781922935e-01 -2.018497525128740144e-01 -1.882004338256868525e-01 -1.808115621162413034e-01 -1.751010613686207751e-01 -1.648388256085424608e-01 -1.476897876737512938e-01 -1.069513009179817870e-01 -8.205447109269532746e-02 -7.641677598793319981e-02 -6.415329897436952700e-02 -4.762054723804834411e-02 -4.237220299114515670e-02 -2.088827307338795083e-02 -1.146242071666308052e-02 1.146242071666301807e-02 2.088827307338781553e-02 4.237220299114532324e-02 4.762054723804851064e-02 6.415329897436984619e-02 7.641677598793301940e-02 8.205447109269575767e-02 1.069513009179825225e-01 1.476897876737505999e-01 1.648388256085410175e-01 1.751010613686219963e-01 1.808115621162408870e-01 1.882004338256871578e-01 2.018497525128750691e-01 2.282152463781916829e-01
-2.282502795014448027e-01 -2.018559361465665225e-01 -1.881916493626748788e-01 -1.807708131441652377e-01 -1.750305705785700217e-01 -1.648297536119227580e-01 -1.476554186467552154e-01 -1.069255224033050095e-01 -8.226480176011681522e-02 -7.642336651573421180e-02 -6.374162935056183754e-02 -4.739340783179919053e-02 -4.231030828172253205e-02 -2.091320652809581376e-02 -1.135868329813818564e-02 1.135868329813815789e-02 2.091320652809573397e-02 4.231030828172230307e-02 4.739340783179901706e-02 6.374162935056150447e-02 7.642336651573405915e-02 8.226480176011728707e-02 1.069255224033059948e-01 1.476554186467544105e-01 1.648297536119222306e-01 1.750305705785699661e-01 1.807708131441645993e-01 1.881916493626734632e-01 2.018559361465671331e-01 2.282502795014444419e-01
-2.282882975047044183e-01 -2.018627939362857560e-01 -1.881812961203072343e-01 -1.807276680444040717e-01 -1.749530337975418182e-01 -1.648194992167074380e-01 -1.476174722813936302e-01 -1.068969204442144355e-01 -8.248686330622537199e-02 -7.643115115102168400e-02 -6.329834740736033083e-02 -4.714900657662048772e-02 -4.223504903251575071e-02 -2.094151761631119629e-02 -1.123873760303042459e-02 1.123873760303043673e-02 2.094151761631114772e-02 4.223504903251564663e-02 4.714900657662034200e-02 6.329834740735994225e-02 7.643115115102201707e-02 8.248686330622539975e-02 1.068969204442139498e-01 1.476174722813943518e-01 1.648194992167072437e-01 1.749530337975416516e-01 1.807276680444042105e-01 1.881812961203073176e-01 2.018627939362854229e-01 2.282882975047034468e-01
-2.283288869955537037e-01 -2.018702951263221523e-01 -1.881692611755923783e-01 -1.806828151056446563e-01 -1.748691038625390659e-01 -1.648080544288141047e-01 -1.475761931757599565e-01 -1.068656273243742544e-01 -8.271770351103999164e-02 -7.644014590446122914e-02 -6.282806494804467345e-02 -4.689183259869497689e-02 -4.214414882484607966e-02 -2.097319787673760857e-02 -1.110151736821406859e-02 1.110151736821382053e-02 2.097319787673754612e-02 4.214414882484601721e-02 4.689183259869452586e-02 6.282806494804550612e-02 7.644014590446129853e-02 8.271770351104064389e-02 1.068656273243747817e-01 1.475761931757600121e-01 1.648080544288135774e-01 1.748691038625394822e-01 1.806828151056456000e-01 1.881692611755909628e-01 2.018702951263214584e-01 2.283288869955547584e-01
-2.283716256713700654e-01 -2.018784074596270406e-01 -1.881554410100895469e-01 -1.806369066194303263e-01 -1.747795081801387096e-01 -1.647954152595550170e-01 -1.475318480807600863e-01 -1.068317857542457200e-01 -8.295470876213420497e-02 -7.645034882112895780e-02 -6.233511049069224291e-02 -4.662702043993536410e-02 -4.203504441549634624e-02 -2.100818287128925974e-02 -1.094588634779772654e-02 1.094588634779782368e-02 2.100818287128940545e-02 4.203504441549643644e-02 4.662702043993576656e-02 6.233511049069235394e-02 7.645034882112924923e-02 8.295470876213477396e-02 1.068317857542459143e-01 1.475318480807610300e-01 1.647954152595544342e-01 1.747795081801385986e-01 1.806369066194305206e-01 1.881554410100894081e-01 2.018784074596270683e-01 2.283716256713700099e-01
-2.284160898581999721e-01 -2.018870975609398377e-01 -1.881397443277118553e-01 -1.805905431645471737e-01 -1.746850413511085442e-01 -1.647815831340236348e-01 -1.474847243378900608e-01 -1.067955478123615021e-01 -8.319560919862903359e-02 -7.646174454074938787e-02 -6.182349352900968348e-02 -4.636022146484825718e-02 -4.190502284238262903e-02 -2.104633628025267059e-02 -1.077065705942025116e-02 1.077065705942029973e-02 2.104633628025275385e-02 4.190502284238277475e-02 4.636022146484831269e-02 6.182349352901032186e-02 7.646174454074909643e-02 8.319560919862882542e-02 1.067955478123611274e-01 1.474847243378909489e-01 1.647815831340242176e-01 1.746850413511085165e-01 1.805905431645472570e-01 1.881397443277117720e-01 2.018870975609402540e-01 2.284160898582024979e-01
-2.284618613131159659e-01 -2.018963312834851642e-01 -1.881220940568848199e-01 -1.805442623613333075e-01 -1.745865550818525846e-01 -1.647665663534176317e-01 -1.474351281769074318e-01 -1.067570738945158443e-01 -8.343846522037209890e-02 -7.647430834518302578e-02 -6.129689458847369099e-02 -4.609734302197602412e-02 -4.175147926567909784e-02 -2.108743385384243690e-02 -1.057461268470303445e-02 1.057461268470304659e-02 2.108743385384242650e-02 4.175147926567886886e-02 4.609734302197605882e-02 6.129689458847402406e-02 7.647430834518255394e-02 8.343846522037050295e-02 1.067570738945148728e-01 1.474351281769073485e-01 1.647665663534177427e-01 1.745865550818522516e-01 1.805442623613324749e-01 1.881220940568855138e-01 2.018963312834850810e-01 2.284618613131164655e-01
-2.285085331520887164e-01 -2.019060740145439403e-01 -1.881024285849878241e-01 -1.804985320498487533e-01 -1.744849457822857386e-01 -1.647503815763602109e-01 -1.473833828801462131e-01 -1.067165316864416846e-01 -8.368164279209118483e-02 -7.648800945842808285e-02 -6.075867529680292062e-02 -4.584413899392723174e-02 -4.157230962019788784e-02 -2.113114803839187886e-02 -1.035653221074386496e-02 1.035653221074412864e-02 2.113114803839208702e-02 4.157230962019817927e-02 4.584413899392746766e-02 6.075867529680309409e-02 7.648800945842840204e-02 8.368164279209154566e-02 1.067165316864415042e-01 1.473833828801455192e-01 1.647503815763604051e-01 1.744849457822855721e-01 1.804985320498492252e-01 1.881024285849878519e-01 2.019060740145452448e-01 2.285085331520915752e-01
-2.285557148218169410e-01 -2.019162909380395055e-01 -1.880807023121958965e-01 -1.804537475297545157e-01 -1.743811404419246813e-01 -1.647330552785064017e-01 -1.473298268213895090e-01 -1.066740951719325065e-01 -8.392378301720558598e-02 -7.650281358277317978e-02 -6.021190389387405528e-02 -4.560568747466572231e-02 -4.136640055078159156e-02 -2.117703430159081912e-02 -1.011521878145586577e-02 1.011521878145569750e-02 2.117703430159058320e-02 4.136640055078145972e-02 4.560568747466540312e-02 6.021190389387403447e-02 7.650281358277248589e-02 8.392378301720587741e-02 1.066740951719332697e-01 1.473298268213900641e-01 1.647330552785054025e-01 1.743811404419244315e-01 1.804537475297544324e-01 1.880807023121946475e-01 2.019162909380385895e-01 2.285557148218180512e-01
-2.286030360857225774e-01 -2.019269472546875166e-01 -1.880568856340197048e-01 -1.804102322720367579e-01 -1.742760814964889882e-01 -1.647146251444370768e-01 -1.472748113884622123e-01 -1.066299436845686982e-01 -8.416376973894236502e-02 -7.651868476125710250e-02 -5.965939260096927987e-02 -4.538586298534395130e-02 -4.113410806119328911e-02 -2.122452039167451593e-02 -9.849531070814673481e-03 9.849531070814720318e-03 2.122452039167459573e-02 4.113410806119334462e-02 4.538586298534461744e-02 5.965939260096952274e-02 7.651868476125761598e-02 8.416376973894293401e-02 1.066299436845684762e-01 1.472748113884627952e-01 1.647146251444376319e-01 1.742760814964892102e-01 1.804102322720369245e-01 1.880568856340192885e-01 2.019269472546876831e-01 2.286030360857214672e-01
-2.286501500392417174e-01 -2.019380083621938049e-01 -1.880309644696456506e-01 -1.803682413825353215e-01 -1.741707114386449595e-01 -1.646951413418091814e-01 -1.472186987999440089e-01 -1.065842610074593244e-01 -8.440069757750294499e-02 -7.653558669267346293e-02 -5.910374394783836360e-02 -4.518695788582299117e-02 -4.087756977664741553e-02 -2.127289996560633931e-02 -9.558417289631849362e-03 9.558417289631838953e-03 2.127289996560653360e-02 4.087756977664731145e-02 4.518695788582296341e-02 5.910374394783801666e-02 7.653558669267335191e-02 8.440069757750301438e-02 1.065842610074597269e-01 1.472186987999451191e-01 1.646951413418113741e-01 1.741707114386448485e-01 1.803682413825349329e-01 1.880309644696453175e-01 2.019380083621946376e-01 2.286501500392426611e-01
-2.286967352058893177e-01 -2.019494399991441091e-01 -1.880029394501481765e-01 -1.803279670586980521e-01 -1.740659578937321372e-01 -1.646746676251956421e-01 -1.471618598274919976e-01 -1.065372345219071093e-01 -8.463384182832665859e-02 -7.655348362378447402e-02 -5.854740354989477341e-02 -4.500957883066074305e-02 -4.060072529018469989e-02 -2.132133218728375981e-02 -9.240951193265498076e-03 9.240951193265579608e-03 2.132133218728359675e-02 4.060072529018456111e-02 4.500957883066028509e-02 5.854740354989462769e-02 7.655348362378415483e-02 8.463384182832617286e-02 1.065372345219082195e-01 1.471618598274923306e-01 1.646746676251946706e-01 1.740659578937331642e-01 1.803279670586975247e-01 1.880029394501484541e-01 2.019494399991441369e-01 2.286967352058887626e-01
-2.287424967927142172e-01 -2.019612083571400429e-01 -1.879728248704550242e-01 -1.802895453175060725e-01 -1.739627197893886257e-01 -1.646532822169395616e-01 -1.471046714364084296e-01 -1.064890544027764785e-01 -8.486263096915827586e-02 -7.657234092565176620e-02 -5.799271701490843478e-02 -4.485283761208636727e-02 -4.030902636405447187e-02 -2.136884899150143929e-02 -8.896369179351153178e-03 8.896369179351163586e-03 2.136884899150144276e-02 4.030902636405436085e-02 4.485283761208618686e-02 5.799271701490831682e-02 7.657234092565162742e-02 8.486263096915762361e-02 1.064890544027762564e-01 1.471046714364101782e-01 1.646532822169398114e-01 1.739627197893890698e-01 1.802895453175062113e-01 1.879728248704541915e-01 2.019612083571394323e-01 2.287424967927108588e-01
-2.287871672022696867e-01 -2.019732801659709087e-01 -1.879406474944537164e-01 -1.802530633617981659e-01 -1.738618551168391591e-01 -1.646310784148570239e-01 -1.470475143580206034e-01 -1.064399128557294710e-01 -8.508662208012585104e-02 -7.659212543880979107e-02 -5.744198870657778871e-02 -4.471473983240006195e-02 -4.000893550612162619e-02 -2.141437167907888489e-02 -8.524107275709369783e-03 8.524107275709473866e-03 2.141437167907895428e-02 4.000893550612166782e-02 4.471473983240048522e-02 5.744198870657801076e-02 7.659212543881013802e-02 8.508662208012660044e-02 1.064399128557300123e-01 1.470475143580207422e-01 1.646310784148579953e-01 1.738618551168392701e-01 1.802530633617979161e-01 1.879406474944538274e-01 2.019732801659717969e-01 2.287871672022694647e-01
-2.288305059084534965e-01 -2.019856227566282636e-01 -1.879064452867039436e-01 -1.802185670707820708e-01 -1.737641706321331192e-01 -1.646081648820496013e-01 -1.469907706083114218e-01 -1.063900033894747549e-01 -8.530547920547094931e-02 -7.661280565127963349e-02 -5.689754003225007406e-02 -4.459262576857522808e-02 -3.970736148004917060e-02 -2.145673828431523752e-02 -8.123836558678343769e-03 8.123836558678562345e-03 2.145673828431525834e-02 3.970736148004930244e-02 4.459262576857547788e-02 5.689754003225014345e-02 7.661280565127995268e-02 8.530547920547128238e-02 1.063900033894758651e-01 1.469907706083101728e-01 1.646081648820487686e-01 1.737641706321325918e-01 1.802185670707829868e-01 1.879064452867048873e-01 2.019856227566285967e-01 2.288305059084534410e-01
-2.288722988070118758e-01 -2.019982041066495648e-01 -1.878702661282977693e-01 -1.801860682283220327e-01 -1.736704136957095967e-01 -1.645846655827352678e-01 -1.469348209680395589e-01 -1.063395201147200875e-01 -8.551895452504811035e-02 -7.663435175621526041e-02 -5.636176474308397799e-02 -4.448354845746288477e-02 -3.941115078967013380e-02 -2.149474266330675051e-02 -7.695495364625349125e-03 7.695495364625369074e-03 2.149474266330674704e-02 3.941115078966997420e-02 4.448354845746298192e-02 5.636176474308373513e-02 7.663435175621538531e-02 8.551895452504758299e-02 1.063395201147198654e-01 1.469348209680395034e-01 1.645846655827359617e-01 1.736704136957094302e-01 1.801860682283214499e-01 1.878702661282985742e-01 2.019982041066504252e-01 2.288722988070124587e-01
-2.289123571494704190e-01 -2.020109928718488157e-01 -1.878321665598405577e-01 -1.801555512240219370e-01 -1.735812663118195265e-01 -1.645607193393179846e-01 -1.468800424401696669e-01 -1.062886570607217418e-01 -8.572687211910680338e-02 -7.665673562269882668e-02 -5.583717839731253824e-02 -4.438453991104131940e-02 -3.912668970378066491e-02 -2.152718543244295027e-02 -7.239316621545959646e-03 7.239316621545936227e-03 2.152718543244281149e-02 3.912668970378063715e-02 4.438453991104136798e-02 5.583717839731272559e-02 7.665673562269929853e-02 8.572687211910751115e-02 1.062886570607217696e-01 1.468800424401676130e-01 1.645607193393168743e-01 1.735812663118191379e-01 1.801555512240221313e-01 1.878321665598421397e-01 2.020109928718475389e-01 2.289123571494702802e-01
-2.289505161630006613e-01 -2.020239584079198680e-01 -1.877922105819558041e-01 -1.801269790678485250e-01 -1.734973413136575715e-01 -1.645364789995252264e-01 -1.468268057009765870e-01 -1.062376075001133374e-01 -8.592911407349061725e-02 -7.667993070340049788e-02 -5.532645859728423099e-02 -4.429277097020066500e-02 -3.885961847440403544e-02 -2.155293573253121500e-02 -6.755848785236247614e-03 6.755848785236037712e-03 2.155293573253120806e-02 3.885961847440387584e-02 4.429277097020122012e-02 5.532645859728402976e-02 7.667993070340048400e-02 8.592911407349036745e-02 1.062376075001141146e-01 1.468268057009758931e-01 1.645364789995256427e-01 1.734973413136575993e-01 1.801269790678473592e-01 1.877922105819555820e-01 2.020239584079199513e-01 2.289505161630016328e-01
-2.289866334497443479e-01 -2.020370707848315739e-01 -1.877504685331402856e-01 -1.801002986439876052e-01 -1.734191805493742189e-01 -1.645121102176168859e-01 -1.467754725616216005e-01 -1.061865632729741271e-01 -8.612560866535243220e-02 -7.670391189575206936e-02 -5.483247186094639819e-02 -4.420563688175050548e-02 -3.861463469682133859e-02 -2.157100138677504192e-02 -6.245969243451062781e-03 6.245969243451198957e-03 2.157100138677527437e-02 3.861463469682136634e-02 4.420563688175051936e-02 5.483247186094610676e-02 7.670391189575199997e-02 8.612560866535219628e-02 1.061865632729737940e-01 1.467754725616222666e-01 1.645121102176172745e-01 1.734191805493736360e-01 1.801002986439876052e-01 1.877504685331406187e-01 2.020370707848317127e-01 2.289866334497442091e-01
-2.290205872484178395e-01 -2.020503007963422859e-01 -1.877070160566599311e-01 -1.800754451934529765e-01 -1.733472548584714112e-01 -1.644877898691241569e-01 -1.467263934572295148e-01 -1.061357141019186878e-01 -8.631632037953061720e-02 -7.672865536841612377e-02 -5.435828211337864757e-02 -4.412080535275453991e-02 -3.839535987343840884e-02 -2.158060355839866787e-02 -5.710889641534024931e-03 5.710889641533866204e-03 2.158060355839845623e-02 3.839535987343849210e-02 4.412080535275486604e-02 5.435828211337889043e-02 7.672865536841588785e-02 8.631632037953031189e-02 1.061357141019183270e-01 1.467263934572290707e-01 1.644877898691224083e-01 1.733472548584695239e-01 1.800754451934532541e-01 1.877070160566600421e-01 2.020503007963422026e-01 2.290205872484180893e-01
-2.290522746296256296e-01 -2.020636199664578025e-01 -1.876619331616408148e-01 -1.800523460589127656e-01 -1.732819655856236152e-01 -1.644637041334384986e-01 -1.466799049807260835e-01 -1.060852468911753360e-01 -8.650124152460238192e-02 -7.675413836140282386e-02 -5.390713503274652957e-02 -4.403625811810793489e-02 -3.820425014726094859e-02 -2.158125080353266376e-02 -5.152153328298547663e-03 5.152153328298439243e-03 2.158125080353270886e-02 3.820425014726098328e-02 4.403625811810771978e-02 5.390713503274699447e-02 7.675413836140225488e-02 8.650124152460267335e-02 1.060852468911759328e-01 1.466799049807274158e-01 1.644637041334368888e-01 1.732819655856233376e-01 1.800523460589122660e-01 1.876619331616394548e-01 2.020636199664595511e-01 2.290522746296242973e-01
-2.290816096849461747e-01 -2.020770005541832615e-01 -1.876153033790896041e-01 -1.800309237529489348e-01 -1.732236473564439383e-01 -1.644400462916430217e-01 -1.466363274787454152e-01 -1.060353450041079532e-01 -8.668038524063689798e-02 -7.678033896589507579e-02 -5.348241233805861583e-02 -4.395034856795416306e-02 -3.804254049626529938e-02 -2.157280681084198376e-02 -4.571625923566443976e-03 4.571625923566465660e-03 2.157280681084212254e-02 3.804254049626500100e-02 4.395034856795403816e-02 5.348241233805839379e-02 7.678033896589459006e-02 8.668038524063663430e-02 1.060353450041084944e-01 1.466363274787461646e-01 1.644400462916429662e-01 1.732236473564442714e-01 1.800309237529497675e-01 1.876153033790894931e-01 2.020770005541840941e-01 2.290816096849466466e-01
-2.291085217590550782e-01 -2.020904155575311834e-01 -1.875672130102667978e-01 -1.800110984255354207e-01 -1.731725718334163611e-01 -1.644170142972082027e-01 -1.465959627268412779e-01 -1.059861875154221450e-01 -8.685377971451527235e-02 -7.680723588830509763e-02 -5.308755128266898909e-02 -4.386188936077035222e-02 -3.791021788760834399e-02 -2.155554640498632060e-02 -3.971480743557109436e-03 3.971480743557097293e-03 2.155554640498655306e-02 3.791021788760801092e-02 4.386188936076991507e-02 5.308755128266925277e-02 7.680723588830468129e-02 8.685377971451484214e-02 1.059861875154211736e-01 1.465959627268415000e-01 1.644170142972090631e-01 1.731725718334162778e-01 1.800110984255360314e-01 1.875672130102678248e-01 2.020904155575314887e-01 2.291085217590548839e-01
-2.291329537642570746e-01 -2.021038387174204087e-01 -1.875177504628403324e-01 -1.799927898117762159e-01 -1.731289521768781536e-01 -1.643948081840594933e-01 -1.465590917011346528e-01 -1.059379484361847173e-01 -8.702146344185125726e-02 -7.683480820202852335e-02 -5.272592792642871035e-02 -4.377027482807770847e-02 -3.780602256008977480e-02 -2.153019564628321642e-02 -3.354181357375646353e-03 3.354181357375632042e-03 2.153019564628321642e-02 3.780602256008964296e-02 4.377027482807760439e-02 5.272592792642868953e-02 7.683480820202864825e-02 8.702146344185165971e-02 1.059379484361840235e-01 1.465590917011349303e-01 1.643948081840595210e-01 1.731289521768776818e-01 1.799927898117757996e-01 1.875177504628403602e-01 2.021038387174194095e-01 2.291329537642574077e-01
-2.291548606081402761e-01 -2.021172445218826497e-01 -1.874670056691253861e-01 -1.799759187396960114e-01 -1.730929479520142145e-01 -1.643736273795932123e-01 -1.465259724631736427e-01 -1.058907959118212672e-01 -8.718348139590299806e-02 -7.686303508969694054e-02 -5.240070869100612455e-02 -4.367563206760629452e-02 -3.772747881919640695e-02 -2.149795387309874281e-02 -2.722463775487063940e-03 2.722463775486953785e-03 2.149795387309871852e-02 3.772747881919664287e-02 4.367563206760669003e-02 5.240070869100603435e-02 7.686303508969734299e-02 8.718348139590378909e-02 1.058907959118219611e-01 1.465259724631726157e-01 1.643736273795942393e-01 1.730929479520141034e-01 1.799759187396957061e-01 1.874670056691246922e-01 2.021172445218828717e-01 2.291548606081409700e-01
-2.291742077575327774e-01 -2.021306082107709734e-01 -1.874150695802373756e-01 -1.799604082725246579e-01 -1.730646702456626884e-01 -1.643536679895442609e-01 -1.464968381744500281e-01 -1.058448913952577536e-01 -8.733988198312074569e-02 -7.689189557824782639e-02 -5.211468278258419434e-02 -4.357898128308850677e-02 -3.767095911662587948e-02 -2.146049782459898830e-02 -2.079320612577014674e-03 2.079320612576806507e-03 2.146049782459910626e-02 3.767095911662576846e-02 4.357898128308841657e-02 5.211468278258409720e-02 7.689189557824817334e-02 8.733988198312049589e-02 1.058448913952572262e-01 1.464968381744502501e-01 1.643536679895443164e-01 1.730646702456623831e-01 1.799604082725252130e-01 1.874150695802381250e-01 2.021306082107710012e-01 2.291742077575314729e-01
-2.291909699557505009e-01 -2.021439057810421602e-01 -1.873620337300520022e-01 -1.799461845523406545e-01 -1.730441867838115599e-01 -1.643351201175317078e-01 -1.464718952564648402e-01 -1.058003887993789888e-01 -8.749071468188757139e-02 -7.692136826886158962e-02 -5.187009628763242230e-02 -4.348237126146111547e-02 -3.763178924233941125e-02 -2.141996993336504895e-02 -1.427988987107548522e-03 1.427988987107514478e-03 2.141996993336497263e-02 3.763178924233940431e-02 4.348237126146112241e-02 5.187009628763235292e-02 7.692136826886158962e-02 8.749071468188789058e-02 1.058003887993791137e-01 1.464718952564653676e-01 1.643351201175322351e-01 1.730441867838127812e-01 1.799461845523410986e-01 1.873620337300515304e-01 2.021439057810413276e-01 2.291909699557509172e-01
-2.292051301050695711e-01 -2.021571139926457705e-01 -1.873079898632561968e-01 -1.799331774033993969e-01 -1.730315268699127718e-01 -1.643181652753265554e-01 -1.464513217115865074e-01 -1.057574336348948013e-01 -8.763602827568434117e-02 -7.695143106355820106e-02 -5.166851372179969565e-02 -4.338894319455096488e-02 -3.760440873610287893e-02 -2.137895394047277173e-02 -7.719429200897926207e-04 7.719429200898807663e-04 2.137895394047260866e-02 3.760440873610264301e-02 4.338894319455077059e-02 5.166851372179961932e-02 7.695143106355847862e-02 8.763602827568429954e-02 1.057574336348949262e-01 1.464513217115868682e-01 1.643181652753268884e-01 1.730315268699118836e-01 1.799331774033994524e-01 1.873079898632563911e-01 2.021571139926451322e-01 2.292051301050707368e-01
-2.292166783223545390e-01 -2.021702103749367929e-01 -1.872530296224895752e-01 -1.799213207447889207e-01 -1.730266859938718038e-01 -1.643029739311591131e-01 -1.464352656192654811e-01 -1.057161621414126756e-01 -8.777586960438679697e-02 -7.698206089014845988e-02 -5.151073115164109956e-02 -4.330287056760207670e-02 -3.758260750825238861e-02 -2.134044084966330718e-02 -1.148896073370551631e-04 1.148896073368470505e-04 2.134044084966318575e-02 3.758260750825209717e-02 4.330287056760172976e-02 5.151073115164078037e-02 7.698206089014864029e-02 8.777586960438658881e-02 1.057161621414134250e-01 1.464352656192653979e-01 1.643029739311585580e-01 1.730266859938711377e-01 1.799213207447893093e-01 1.872530296224904356e-01 2.021702103749358215e-01 2.292166783223539284e-01
-2.292256111727498102e-01 -2.021831732335632459e-01 -1.871972442904033529e-01 -1.799105528538877952e-01 -1.730296299904305890e-01 -1.642897032336647078e-01 -1.464238438212619453e-01 -1.056767004211513344e-01 -8.791028276800665064e-02 -7.701323342707608322e-02 -5.139675556157338732e-02 -4.322913081556022802e-02 -3.755986193089339703e-02 -2.130778690452029764e-02 -5.392327804031890690e-04 5.392327804034027653e-04 2.130778690452040866e-02 3.755986193089332764e-02 4.322913081555980475e-02 5.139675556157327629e-02 7.701323342707599995e-02 8.791028276800594288e-02 1.056767004211508210e-01 1.464238438212624727e-01 1.642897032336646246e-01 1.730296299904302004e-01 1.799105528538878784e-01 1.871972442904026868e-01 2.021831732335641341e-01 2.292256111727511148e-01
-2.292319310840676139e-01 -2.021959816577598434e-01 -1.871407245834769417e-01 -1.799008165144892202e-01 -1.730402986526197451e-01 -1.642784949391932758e-01 -1.464171408086794024e-01 -1.056391635860390588e-01 -8.803930872594747936e-02 -7.704492282959930771e-02 -5.132585049241554509e-02 -4.317309193643815296e-02 -3.752978234525791018e-02 -2.128466302455583534e-02 -1.186260072663741522e-03 1.186260072664003682e-03 2.128466302455572778e-02 3.752978234525805590e-02 4.317309193643840276e-02 5.132585049241587816e-02 7.704492282959962690e-02 8.803930872594792345e-02 1.056391635860401690e-01 1.464171408086799853e-01 1.642784949391928317e-01 1.730402986526198283e-01 1.799008165144888038e-01 1.871407245834766087e-01 2.021959816577586222e-01 2.292319310840680302e-01
-2.292356459428046278e-01 -2.022086155280096720e-01 -1.870835604954941001e-01 -1.798920590768340599e-01 -1.730586087304499254e-01 -1.642694735609497303e-01 -1.464152078225322562e-01 -1.056036549300747168e-01 -8.816298524215968047e-02 -7.707710145863122531e-02 -5.129663362250657527e-02 -4.313994686596347300e-02 -3.748665048713471781e-02 -2.127499244658599686e-02 -1.821816182862608059e-03 1.821816182862695229e-03 2.127499244658589278e-02 3.748665048713471781e-02 4.313994686596346606e-02 5.129663362250647812e-02 7.707710145863060081e-02 8.816298524215895882e-02 1.056036549300737870e-01 1.464152078225322562e-01 1.642694735609499801e-01 1.730586087304493426e-01 1.798920590768343097e-01 1.870835604954938503e-01 2.022086155280080344e-01 2.292356459428041005e-01
-2.292367688715667429e-01 -2.022210555240501473e-01 -1.870258411897381678e-01 -1.798842324509005997e-01 -1.730844562665859732e-01 -1.642627447504140803e-01 -1.464180621785717007e-01 -1.055702651396275699e-01 -8.828134713244620291e-02 -7.710973961342891536e-02 -5.130720327512953982e-02 -4.313409183132116409e-02 -3.742597231907974359e-02 -2.128287078432905197e-02 -2.441344437822191068e-03 2.441344437822322039e-03 2.128287078432905544e-02 3.742597231907977828e-02 4.313409183132107388e-02 5.130720327512969942e-02 7.710973961342965088e-02 8.828134713244611964e-02 1.055702651396276115e-01 1.464180621785717840e-01 1.642627447504143579e-01 1.730844562665861119e-01 1.798842324509010715e-01 1.870258411897375572e-01 2.022210555240503416e-01 2.292367688715674090e-01
-2.292353181867239076e-01 -2.022332831332568914e-01 -1.869676549401668164e-01 -1.798772930492094080e-01 -1.731177182394827707e-01 -1.642583939150217276e-01 -1.464256868259366240e-01 -1.055390715549274772e-01 -8.839442677500455869e-02 -7.714280526916773850e-02 -5.135527011605738046e-02 -4.315859504952485048e-02 -3.734492367923071543e-02 -2.131246105029280594e-02 -3.040165368942420940e-03 3.040165368942453032e-03 2.131246105029289961e-02 3.734492367923083339e-02 4.315859504952524600e-02 5.135527011605752618e-02 7.714280526916711400e-02 8.839442677500487788e-02 1.055390715549274910e-01 1.464256868259375954e-01 1.642583939150221439e-01 1.731177182394832981e-01 1.798772930492099908e-01 1.869676549401660115e-01 2.022332831332564751e-01 2.292353181867249901e-01
-2.292313175343062559e-01 -2.022452806594307873e-01 -1.869090891230513474e-01 -1.798712016910044842e-01 -1.731582535005788126e-01 -1.642564850714963998e-01 -1.464380301480312507e-01 -1.055101374961632671e-01 -8.850225484904551687e-02 -7.717626382018939746e-02 -5.143827605085701110e-02 -4.321490063362359857e-02 -3.724256278597983666e-02 -2.136785621338296859e-02 -3.613569788853583219e-03 3.613569788853725033e-03 2.136785621338304839e-02 3.724256278597996850e-02 4.321490063362357775e-02 5.143827605085719151e-02 7.717626382019014686e-02 8.850225484904587769e-02 1.055101374961635446e-01 1.464380301480324720e-01 1.642564850714950953e-01 1.731582535005774803e-01 1.798712016910052613e-01 1.869090891230514861e-01 2.022452806594311758e-01 2.292313175343066167e-01
-2.292247962013290452e-01 -2.022570312320883523e-01 -1.868502302618472444e-01 -1.798659234758103742e-01 -1.732059030060296989e-01 -1.642570599313454838e-01 -1.464550060128076148e-01 -1.054835116675529733e-01 -8.860486126936333029e-02 -7.721007782955036092e-02 -5.155349087730934365e-02 -4.330284141363346245e-02 -3.711974665689755232e-02 -2.145290449540520478e-02 -4.156953204883630584e-03 4.156953204883438030e-03 2.145290449540496538e-02 3.711974665689750374e-02 4.330284141363349715e-02 5.155349087730910773e-02 7.721007782955062460e-02 8.860486126936338580e-02 1.054835116675523904e-01 1.464550060128070597e-01 1.642570599313438462e-01 1.732059030060298932e-01 1.798659234758109293e-01 1.868502302618480215e-01 2.022570312320883801e-01 2.292247962013306550e-01
-2.292157895987177452e-01 -2.022685188163484138e-01 -1.867911641293099334e-01 -1.798614276308861115e-01 -1.732604893559055725e-01 -1.642601372139237681e-01 -1.464764940783415126e-01 -1.054592276523177441e-01 -8.870227628700512457e-02 -7.724420678510703075e-02 -5.169808508032270461e-02 -4.342092484450205819e-02 -3.697879023522400443e-02 -2.157099855062371771e-02 -4.665991689661330190e-03 4.665991689661396109e-03 2.157099855062376281e-02 3.697879023522400443e-02 4.342092484450204432e-02 5.169808508032255889e-02 7.724420678510721117e-02 8.870227628700455558e-02 1.054592276523174527e-01 1.464764940783416791e-01 1.642601372139229354e-01 1.732604893559067105e-01 1.798614276308868887e-01 1.867911641293096281e-01 2.022685188163479419e-01 2.292157895987185778e-01
-2.292043399105650747e-01 -2.022797282235145599e-01 -1.867319759121751355e-01 -1.798576873340290982e-01 -1.733218156652977793e-01 -1.642657121826463784e-01 -1.465023403581903194e-01 -1.054373035107858542e-01 -8.879453172794331273e-02 -7.727860686216468655e-02 -5.186918230856044087e-02 -4.356677173558312632e-02 -3.682298607989006184e-02 -2.172483890708802948e-02 -5.136850170156152286e-03 5.136850170156071621e-03 2.172483890708811968e-02 3.682298607989024919e-02 4.356677173558354266e-02 5.186918230856081558e-02 7.727860686216467268e-02 8.879453172794360416e-02 1.054373035107871726e-01 1.465023403581909578e-01 1.642657121826457123e-01 1.733218156652964470e-01 1.798576873340293203e-01 1.867319759121750800e-01 2.022797282235144767e-01 2.292043399105641865e-01
-2.291904969026101746e-01 -2.022906451224829594e-01 -1.866727504448827402e-01 -1.798546795101222673e-01 -1.733896638033450288e-01 -1.642737564011806373e-01 -1.465323580495357936e-01 -1.054177414928373496e-01 -8.888166234288175094e-02 -7.731323069231295364e-02 -5.206389722866795744e-02 -4.373756988988651562e-02 -3.665611760643431444e-02 -2.191619315321175973e-02 -5.566403052378818446e-03 5.566403052378891304e-03 2.191619315321189504e-02 3.665611760643460587e-02 4.373756988988676542e-02 5.206389722866833214e-02 7.731323069231300915e-02 8.888166234288284728e-02 1.054177414928387929e-01 1.465323580495359324e-01 1.642737564011824136e-01 1.733896638033444459e-01 1.798546795101221007e-01 1.866727504448826847e-01 2.022906451224834312e-01 2.291904969026107297e-01
-2.291743188802772280e-01 -2.023012560520266179e-01 -1.866135725199988271e-01 -1.798523845970112778e-01 -1.734637920485389284e-01 -1.642842177083699839e-01 -1.465663286254314801e-01 -1.054005278746849988e-01 -8.896370724207193492e-02 -7.734802713779308225e-02 -5.227936432159195623e-02 -4.393044429087997194e-02 -3.648205905918035230e-02 -2.214568215191155959e-02 -5.952437286347929402e-03 5.952437286347927667e-03 2.214568215191163245e-02 3.648205905918022740e-02 4.393044429087992336e-02 5.227936432159219216e-02 7.734802713779299899e-02 8.896370724207199043e-02 1.054005278746839303e-01 1.465663286254312581e-01 1.642842177083699007e-01 1.734637920485385398e-01 1.798523845970131374e-01 1.866135725199989381e-01 2.023012560520259517e-01 2.291743188802760622e-01
-2.291558737832216919e-01 -2.023115484340272940e-01 -1.865545272838195212e-01 -1.798507862732870721e-01 -1.735439322223592540e-01 -1.642970204126586731e-01 -1.466040031906225005e-01 -1.053856329285033228e-01 -8.904071138937352803e-02 -7.738294107047835602e-02 -5.251276179099546859e-02 -4.414270326572775766e-02 -3.630449865956321409e-02 -2.241262876827524939e-02 -6.293803647924710136e-03 6.293803647924782127e-03 2.241262876827553388e-02 3.630449865956338756e-02 4.414270326572757031e-02 5.251276179099554492e-02 7.738294107047885562e-02 8.904071138937330598e-02 1.053856329285021709e-01 1.466040031906239161e-01 1.642970204126587286e-01 1.735439322223589764e-01 1.798507862732881546e-01 1.865545272838188551e-01 2.023115484340260173e-01 2.291558737832208592e-01
-2.291352403991818720e-01 -2.023215105876284559e-01 -1.864957007263444433e-01 -1.798498711375807191e-01 -1.736297863791866625e-01 -1.643120657087235037e-01 -1.466451040982900689e-01 -1.053730110318439467e-01 -8.911272712961069986e-02 -7.741791315439676413e-02 -5.276133298729366455e-02 -4.437196465357100272e-02 -3.612677831094114611e-02 -2.271499970122834930e-02 -6.590486659773473269e-03 6.590486659773587760e-03 2.271499970122813419e-02 3.612677831094136816e-02 4.437196465357141212e-02 5.276133298729377558e-02 7.741791315439743026e-02 8.911272712961096354e-02 1.053730110318442381e-01 1.466451040982898468e-01 1.643120657087223380e-01 1.736297863791885498e-01 1.798498711375804138e-01 1.864957007263452482e-01 2.023215105876286224e-01 2.291352403991824827e-01
-2.291125096745765533e-01 -2.023311317441778279e-01 -1.864371802748754359e-01 -1.798496283258398665e-01 -1.737210231487171797e-01 -1.643292323202528160e-01 -1.466893268226391045e-01 -1.053626009220364618e-01 -8.917981572259960077e-02 -7.745287963078925642e-02 -5.302240619331980570e-02 -4.461618793352646606e-02 -3.595182278438387863e-02 -2.304945666272555788e-02 -6.843577545996478925e-03 6.843577545996504079e-03 2.304945666272566543e-02 3.595182278438348311e-02 4.461618793352620238e-02 5.302240619331929916e-02 7.745287963078925642e-02 8.917981572259860157e-02 1.053626009220359067e-01 1.466893268226390490e-01 1.643292323202538985e-01 1.737210231487180123e-01 1.798496283258398387e-01 1.864371802748742979e-01 2.023311317441780777e-01 2.291125096745775802e-01
-2.290877860930934651e-01 -2.023404020627337374e-01 -1.863790554999941451e-01 -1.798500490497735027e-01 -1.738172738480546486e-01 -1.643483773733021014e-01 -1.467363420796065077e-01 -1.053543260990469910e-01 -8.924204885594202996e-02 -7.748777210501668622e-02 -5.329341254099208280e-02 -4.487364275435367506e-02 -3.578212797403312884e-02 -2.341151325050352255e-02 -7.055154025197411111e-03 7.055154025197364273e-03 2.341151325050366827e-02 3.578212797403314271e-02 4.487364275435402200e-02 5.329341254099195097e-02 7.748777210501661683e-02 8.924204885594266834e-02 1.053543260990460195e-01 1.467363420796074791e-01 1.643483773733016851e-01 1.738172738480532331e-01 1.798500490497740301e-01 1.863790554999937843e-01 2.023404020627347366e-01 2.290877860930926602e-01
-2.290611890861233291e-01 -2.023493126457636959e-01 -1.863214189412338573e-01 -1.798511260364794584e-01 -1.739181285041184188e-01 -1.643693375038649540e-01 -1.467857981848365023e-01 -1.053480953785418117e-01 -8.929951010672901313e-02 -7.752251733537585121e-02 -5.357190127457601980e-02 -4.514284005528849952e-02 -3.561978285370619168e-02 -2.379577509913743255e-02 -7.228088929079514412e-03 7.228088929079325327e-03 2.379577509913725908e-02 3.561978285370580311e-02 4.514284005528852728e-02 5.357190127457543694e-02 7.752251733537626754e-02 8.929951010672879108e-02 1.053480953785412427e-01 1.467857981848382787e-01 1.643693375038647597e-01 1.739181285041185299e-01 1.798511260364788478e-01 1.863214189412333577e-01 2.023493126457618085e-01 2.290611890861245226e-01
-2.290328544307444758e-01 -2.023578555544238433e-01 -1.862643670569420484e-01 -1.798528528462446374e-01 -1.740231319524628839e-01 -1.643919302014438255e-01 -1.468373236348372302e-01 -1.053438035952290047e-01 -8.935229631958832575e-02 -7.755703702513365438e-02 -5.385555145333528748e-02 -4.542244530074913966e-02 -3.546650693731540072e-02 -2.419622934625592289e-02 -7.365820540434935872e-03 7.365820540434771073e-03 2.419622934625572167e-02 3.546650693731532439e-02 4.542244530074948661e-02 5.385555145333541238e-02 7.755703702513346010e-02 8.935229631958896412e-02 1.053438035952295182e-01 1.468373236348372857e-01 1.643919302014436867e-01 1.740231319524621345e-01 1.798528528462443321e-01 1.862643670569423260e-01 2.023578555544220947e-01 2.290328544307433378e-01
-2.290029355819067081e-01 -2.023660238226956676e-01 -1.862080012985111721e-01 -1.798552230431904875e-01 -1.741317802050340591e-01 -1.644159553871062107e-01 -1.468905298935717363e-01 -1.053413324549714730e-01 -8.940051886507231760e-02 -7.759124762098042194e-02 -5.414217935073071392e-02 -4.571118736212827216e-02 -3.532369136196079895e-02 -2.460654760928102786e-02 -7.472118720246585279e-03 7.472118720246604361e-03 2.460654760928093765e-02 3.532369136196086140e-02 4.571118736212857053e-02 5.414217935073098453e-02 7.759124762098056072e-02 8.940051886507223433e-02 1.053413324549711816e-01 1.468905298935720416e-01 1.644159553871051838e-01 1.741317802050347252e-01 1.798552230431896826e-01 1.862080012985103672e-01 2.023660238226951402e-01 2.290029355819060142e-01
-2.289716048763608680e-01 -2.023738114693119372e-01 -1.861524293025923760e-01 -1.798582291922721788e-01 -1.742435173054319442e-01 -1.644411972201914041e-01 -1.469450143631047812e-01 -1.053405515327380110e-01 -8.944430473816476768e-02 -7.762506012383271758e-02 -5.442974111910617308e-02 -4.600777218834065790e-02 -3.519243634448683544e-02 -2.502037286886029874e-02 -7.550874046679958464e-03 7.550874046679898616e-03 2.502037286886044792e-02 3.519243634448666197e-02 4.600777218834051219e-02 5.442974111910585389e-02 7.762506012383274534e-02 8.944430473816510074e-02 1.053405515327373726e-01 1.469450143631042260e-01 1.644411972201898220e-01 1.742435173054323327e-01 1.798582291922716792e-01 1.861524293025934584e-01 2.023738114693137968e-01 2.289716048763618672e-01
-2.289390545366028484e-01 -2.023812135062544038e-01 -1.860977661858978505e-01 -1.798618616572068563e-01 -1.743577329136974940e-01 -1.644674261224648437e-01 -1.470003635130669728e-01 -1.053413194120882967e-01 -8.948379745195290946e-02 -7.765837992138051316e-02 -5.471633064255002066e-02 -4.631080749540790464e-02 -3.507358087996414325e-02 -2.543157083581578867e-02 -7.605926424598267836e-03 7.605926424598381461e-03 2.543157083581563255e-02 3.507358087996413631e-02 4.631080749540789077e-02 5.471633064254972229e-02 7.765837992138004131e-02 8.948379745195228496e-02 1.053413194120879498e-01 1.470003635130657516e-01 1.644674261224663703e-01 1.743577329136959120e-01 1.798618616572068840e-01 1.860977661858976284e-01 2.023812135062551254e-01 2.289390545366029039e-01
-2.289054973949733451e-01 -2.023882259422672136e-01 -1.860441359151125962e-01 -1.798661071782098053e-01 -1.744737608808676066e-01 -1.644944010025619630e-01 -1.470561561401838024e-01 -1.053434849606239426e-01 -8.951915767639403998e-02 -7.769110665627187995e-02 -5.500017283307435945e-02 -4.661874281091667183e-02 -3.496772263571169131e-02 -2.583443649815562321e-02 -7.640939014563111371e-03 7.640939014562802591e-03 2.583443649815584178e-02 3.496772263571164274e-02 4.661874281091680366e-02 5.500017283307377658e-02 7.769110665627179668e-02 8.951915767639424815e-02 1.053434849606236234e-01 1.470561561401840800e-01 1.644944010025627124e-01 1.744737608808686058e-01 1.798661071782098053e-01 1.860441359151126517e-01 2.023882259422692953e-01 2.289054973949724570e-01
-2.288711672514923134e-01 -2.023948457797000444e-01 -1.859916727091073807e-01 -1.798709472176833191e-01 -1.745908790832967350e-01 -1.645218716572919848e-01 -1.471119667257519414e-01 -1.053468887345962585e-01 -8.955056356720982047e-02 -7.772313414903025963e-02 -5.527961291036632974e-02 -4.692982785109556243e-02 -3.487522753222368349e-02 -2.622385410627554522e-02 -7.659315378764011348e-03 7.659315378763957571e-03 2.622385410627542379e-02 3.487522753222389166e-02 4.692982785109533345e-02 5.527961291036635055e-02 7.772313414903055107e-02 8.955056356721120825e-02 1.053468887345972854e-01 1.471119667257522745e-01 1.645218716572922069e-01 1.745908790832962632e-01 1.798709472176847068e-01 1.859916727091087407e-01 2.023948457797007938e-01 2.288711672514940343e-01
-2.288363187752206762e-01 -2.024010710026813986e-01 -1.859405224118726163e-01 -1.798763560779707282e-01 -1.747083107840787242e-01 -1.645495813204481406e-01 -1.471673688562005200e-01 -1.053513645045741631e-01 -8.957821072574229104e-02 -7.775435040068463810e-02 -5.555310244192969427e-02 -4.724209101740481365e-02 -3.479622986761906483e-02 -2.659541312658003989e-02 -7.664153160086644399e-03 7.664153160086584551e-03 2.659541312657992193e-02 3.479622986761941178e-02 4.724209101740465405e-02 5.555310244192984692e-02 7.775435040068430503e-02 8.957821072574265187e-02 1.053513645045747738e-01 1.471673688562004645e-01 1.645495813204469193e-01 1.747083107840793348e-01 1.798763560779701176e-01 1.859405224118713396e-01 2.024010710026809823e-01 2.288363187752223138e-01
-2.288012268589862119e-01 -2.024069005546097755e-01 -1.858908437527115320e-01 -1.798822988197762984e-01 -1.748252277698055523e-01 -1.645772693243272022e-01 -1.472219386697766752e-01 -1.053567408926570498e-01 -8.960231172806197575e-02 -7.778463770619196971e-02 -5.581918311865490673e-02 -4.755333855929378545e-02 -3.473062525095403641e-02 -2.694548414531705571e-02 -7.658225907816946891e-03 7.658225907816857553e-03 2.694548414531721531e-02 3.473062525095396702e-02 4.755333855929349401e-02 5.581918311865481652e-02 7.778463770619190032e-02 8.960231172806172595e-02 1.053567408926569804e-01 1.472219386697770360e-01 1.645772693243269802e-01 1.748252277698059687e-01 1.798822988197757156e-01 1.858908437527116708e-01 2.024069005546109412e-01 2.288012268589842690e-01
-2.287661853424800273e-01 -2.024123343028721711e-01 -1.858428093862661556e-01 -1.798887290447901410e-01 -1.749407554711336354e-01 -1.646046738349874194e-01 -1.472752582912622288e-01 -1.053628431101110291e-01 -8.962309516170537116e-02 -7.781387291544770990e-02 -5.607646941082122805e-02 -4.786117359743636418e-02 -3.467806007942644819e-02 -2.727125832039446057e-02 -7.643984878879381967e-03 7.643984878879215433e-03 2.727125832039436343e-02 3.467806007942645513e-02 4.786117359743676664e-02 5.607646941082131825e-02 7.781387291544791807e-02 8.962309516170566259e-02 1.053628431101115426e-01 1.472752582912621455e-01 1.646046738349880578e-01 1.749407554711328860e-01 1.798887290447895304e-01 1.858428093862665442e-01 2.024123343028704780e-01 2.287661853424782510e-01
-2.287315050298654173e-01 -2.024173729888063822e-01 -1.857966065803664246e-01 -1.798955866515791757e-01 -1.750539802119072952e-01 -1.646315346193638063e-01 -1.473269192163771946e-01 -1.053694947824201367e-01 -8.964080411223351863e-02 -7.784192788320813683e-02 -5.632363139247181794e-02 -4.816303280482430588e-02 -3.463792261441433346e-02 -2.757075281540320374e-02 -7.623573854736182681e-03 7.623573854736291969e-03 2.757075281540341885e-02 3.463792261441443060e-02 4.816303280482491650e-02 5.632363139247203304e-02 7.784192788320851153e-02 8.964080411223374067e-02 1.053694947824217465e-01 1.473269192163776664e-01 1.646315346193636397e-01 1.750539802119071287e-01 1.798955866515777879e-01 1.857966065803643985e-01 2.024173729888064932e-01 2.287315050298658337e-01
-2.286975109462205391e-01 -2.024220181612776115e-01 -1.857524373977135490e-01 -1.799027957293357349e-01 -1.751639586420717654e-01 -1.646575958012833907e-01 -1.473765256084972608e-01 -1.053765198465226316e-01 -8.965569405062114028e-02 -7.786867015148304927e-02 -5.655937912613207691e-02 -4.845623725552773015e-02 -3.460934146691571622e-02 -2.784278364027202926e-02 -7.598851554838641394e-03 7.598851554838912878e-03 2.784278364027222702e-02 3.460934146691599378e-02 4.845623725552814648e-02 5.655937912613230589e-02 7.786867015148314641e-02 8.965569405062229213e-02 1.053765198465230479e-01 1.473765256084963171e-01 1.646575958012841678e-01 1.751639586420712380e-01 1.799027957293359570e-01 1.857524373977137155e-01 2.024220181612768621e-01 2.286975109462221212e-01
-2.286645388027338244e-01 -2.024262720926368608e-01 -1.857105182016452471e-01 -1.799102628149968075e-01 -1.752697292952095365e-01 -1.646826085639975512e-01 -1.474236974722500371e-01 -1.053837445024969899e-01 -8.966803008732890379e-02 -7.789396390672370663e-02 -5.678245003970865123e-02 -4.873805295704557172e-02 -3.459119700678525006e-02 -2.808690718167565145e-02 -7.571417708383096530e-03 7.571417708383377555e-03 2.808690718167564798e-02 3.459119700678552067e-02 4.873805295704554397e-02 5.678245003970830429e-02 7.789396390672365111e-02 8.966803008732857072e-02 1.053837445024971842e-01 1.474236974722503979e-01 1.646826085639986059e-01 1.752697292952097863e-01 1.799102628149972516e-01 1.857105182016454137e-01 2.024262720926365555e-01 2.286645388027348513e-01
-2.286329306734575240e-01 -2.024301376765863247e-01 -1.856710783120860131e-01 -1.799178757976558629e-01 -1.753703260774844286e-01 -1.647063337591247456e-01 -1.474680736715785756e-01 -1.053909991991681672e-01 -8.967808358049379758e-02 -7.791767124818128887e-02 -5.699160066905925581e-02 -4.900575604015674352e-02 -3.458214954609278163e-02 -2.830333280200442517e-02 -7.542640089232203852e-03 7.542640089232176097e-03 2.830333280200451537e-02 3.458214954609276776e-02 4.900575604015678516e-02 5.699160066905935296e-02 7.791767124818101131e-02 8.967808358049397799e-02 1.053909991991682504e-01 1.474680736715781593e-01 1.647063337591261889e-01 1.753703260774849559e-01 1.799178757976565290e-01 1.856710783120855135e-01 2.024301376765856031e-01 2.286329306734576905e-01
-2.286030299258197673e-01 -2.024336183083651763e-01 -1.856343576511677862e-01 -1.799255037972403437e-01 -1.754647933508383661e-01 -1.647285443857673115e-01 -1.475093147637061008e-01 -1.053981206301054380e-01 -8.968612811440154764e-02 -7.793965379208234179e-02 -5.718560394928273033e-02 -4.925669757940294435e-02 -3.458068523625336399e-02 -2.849281108843550875e-02 -7.513680777607448062e-03 7.513680777607379541e-03 2.849281108843553303e-02 3.458068523625328072e-02 4.925669757940324966e-02 5.718560394928259849e-02 7.793965379208299404e-02 8.968612811440201948e-02 1.053981206301057710e-01 1.475093147637062396e-01 1.647285443857671172e-01 1.754647933508377833e-01 1.799255037972420923e-01 1.856343576511692017e-01 2.024336183083652874e-01 2.286030299258195453e-01
-2.285751754913933897e-01 -2.024367177487125247e-01 -1.856006032547569962e-01 -1.799329983554082413e-01 -1.755522021350516271e-01 -1.647490279084959375e-01 -1.475471056248860158e-01 -1.054049537135348935e-01 -8.969243489949034476e-02 -7.795977461820566279e-02 -5.736325289339098271e-02 -4.948836355730398123e-02 -3.458517713009858635e-02 -2.865650497715857559e-02 -7.485520607497869565e-03 7.485520607498003139e-03 2.865650497715838824e-02 3.458517713009871125e-02 4.948836355730393266e-02 5.736325289339079536e-02 7.795977461820530197e-02 8.969243489949024761e-02 1.054049537135353515e-01 1.475471056248861823e-01 1.647490279084965759e-01 1.755522021350527373e-01 1.799329983554093515e-01 1.856006032547583562e-01 2.024367177487134128e-01 2.285751754913926126e-01
-2.285496956098481691e-01 -2.024394399743310868e-01 -1.855700645908738844e-01 -1.799401962369370778e-01 -1.756316668398346104e-01 -1.647675883886803583e-01 -1.475811578487367104e-01 -1.054113535268579455e-01 -8.969726768537651662e-02 -7.797790054109768332e-02 -5.752337100069340042e-02 -4.969842647852174000e-02 -3.459395582316476814e-02 -2.879585307275223799e-02 -7.458981238028189117e-03 7.458981238028018247e-03 2.879585307275216860e-02 3.459395582316470569e-02 4.969842647852187184e-02 5.752337100069324083e-02 7.797790054109819680e-02 8.969726768537666928e-02 1.054113535268576679e-01 1.475811578487366271e-01 1.647675883886806358e-01 1.756316668398344161e-01 1.799401962369367447e-01 1.855700645908749113e-01 2.024394399743305317e-01 2.285496956098477250e-01
-2.285269012246987363e-01 -2.024417890187584501e-01 -1.855429877202131872e-01 -1.799469240342234377e-01 -1.757023618698367873e-01 -1.647840484096635694e-01 -1.476112119027904457e-01 -1.054171871641587654e-01 -8.970087732101120204e-02 -7.799390465884774304e-02 -5.766482912238941883e-02 -4.988478643248028810e-02 -3.460538245257615414e-02 -2.891243515054540275e-02 -7.434744601804559386e-03 7.434744601804534232e-03 2.891243515054534724e-02 3.460538245257602230e-02 4.988478643248039912e-02 5.766482912238930086e-02 7.799390465884718793e-02 8.970087732101181266e-02 1.054171871641586683e-01 1.476112119027916669e-01 1.647840484096637359e-01 1.757023618698371203e-01 1.799469240342232712e-01 1.855429877202128541e-01 2.024417890187563407e-01 2.285269012246995135e-01
-2.285070792500584480e-01 -2.024437688087886156e-01 -1.855196084538329182e-01 -1.799530045893585617e-01 -1.757635374386696536e-01 -1.647982507822459974e-01 -1.476370390337043148e-01 -1.054223354834207538e-01 -8.970349613756203877e-02 -7.800766910011090738e-02 -5.778656784345813369e-02 -5.004560080549932261e-02 -3.461791702342611327e-02 -2.900784872461720232e-02 -7.413369678886374582e-03 7.413369678886510758e-03 2.900784872461745559e-02 3.461791702342598837e-02 5.004560080549924628e-02 5.778656784345811287e-02 7.800766910011115718e-02 8.970349613756251062e-02 1.054223354834211007e-01 1.476370390337040095e-01 1.647982507822458031e-01 1.757635374386702087e-01 1.799530045893581731e-01 1.855196084538333900e-01 2.024437688087889486e-01 2.285070792500573933e-01
-2.284904859593581694e-01 -2.024453830025375045e-01 -1.855001447985354934e-01 -1.799582650073964785e-01 -1.758145339894204295e-01 -1.648100600222456025e-01 -1.476584429156178047e-01 -1.054266947094851525e-01 -8.970533236563577040e-02 -7.801908785867013585e-02 -5.788762380491477982e-02 -5.017930316568330190e-02 -3.463017678861042559e-02 -2.908360301783982291e-02 -7.395306657611358525e-03 7.395306657611525059e-03 2.908360301784002414e-02 3.463017678861060600e-02 5.017930316568371824e-02 5.788762380491532800e-02 7.801908785866991380e-02 8.970533236563617285e-02 1.054266947094859574e-01 1.476584429156171663e-01 1.648100600222453249e-01 1.758145339894198189e-01 1.799582650073965062e-01 1.855001447985354934e-01 2.024453830025368384e-01 2.284904859593567261e-01
-2.284773407658926836e-01 -2.024466348359304502e-01 -1.854847891138571847e-01 -1.799625457605256995e-01 -1.758547947415202983e-01 -1.648193635964566583e-01 -1.476752610397602250e-01 -1.054301778593258604e-01 -8.970656482422889599e-02 -7.802806957809102495e-02 -5.796715788091802435e-02 -5.028461292314104908e-02 -3.464098197049043232e-02 -2.914103348573584412e-02 -7.380908599972829491e-03 7.380908599972871992e-03 2.914103348573565677e-02 3.464098197049010619e-02 5.028461292314111153e-02 5.796715788091757332e-02 7.802806957809152455e-02 8.970656482422864619e-02 1.054301778593251249e-01 1.476752610397598919e-01 1.648193635964586012e-01 1.758547947415204649e-01 1.799625457605252277e-01 1.854847891138578508e-01 2.024466348359322820e-01 2.284773407658923505e-01
-2.284678206678963375e-01 -2.024475269846855996e-01 -1.854737005134602379e-01 -1.799657101248286206e-01 -1.758838760447647420e-01 -1.648260729366804733e-01 -1.476873658458711380e-01 -1.054327159580229351e-01 -8.970733812994639844e-02 -7.803454013183154514e-02 -5.802448281922853446e-02 -5.036053809103198386e-02 -3.464938861925486585e-02 -2.918123710210647828e-02 -7.370440748794593842e-03 7.370440748794533994e-03 2.918123710210648869e-02 3.464938861925481728e-02 5.036053809103179651e-02 5.802448281922817364e-02 7.803454013183207250e-02 8.970733812994594047e-02 1.054327159580231571e-01 1.476873658458708882e-01 1.648260729366814725e-01 1.758838760447651028e-01 1.799657101248298419e-01 1.854737005134610150e-01 2.024475269846858494e-01 2.284678206678953938e-01
-2.284620556158218074e-01 -2.024480614485350827e-01 -1.854669981034049731e-01 -1.799676530086395110e-01 -1.759014553871635633e-01 -1.648301242237174002e-01 -1.476946655976798251e-01 -1.054342590171068877e-01 -8.970775866825049516e-02 -7.803844483998453874e-02 -5.805908789953843213e-02 -5.040637378516462513e-02 -3.465471022334430662e-02 -2.920502653439630003e-02 -7.364087609837595416e-03 7.364087609837489598e-03 2.920502653439665738e-02 3.465471022334434825e-02 5.040637378516443778e-02 5.805908789953880683e-02 7.803844483998489956e-02 8.970775866825114742e-02 1.054342590171077343e-01 1.476946655976795197e-01 1.648301242237180109e-01 1.759014553871620923e-01 1.799676530086394000e-01 1.854669981034046400e-01 2.024480614485360541e-01 2.284620556158200588e-01
-2.284601250261369398e-01 -2.024482394637338589e-01 -1.854647556402596043e-01 -1.799683081795009354e-01 -1.759073370382995272e-01 -1.648314789442798523e-01 -1.476971050053564605e-01 -1.054347767514934447e-01 -8.970789154211812610e-02 -7.803975017545948523e-02 -5.807065837358434818e-02 -5.042169900471135668e-02 -3.465653055769268159e-02 -2.921290036129771742e-02 -7.361957923105396512e-03 7.361957923105420798e-03 2.921290036129783885e-02 3.465653055769273017e-02 5.042169900471165506e-02 5.807065837358443144e-02 7.803975017545951298e-02 8.970789154211848693e-02 1.054347767514930839e-01 1.476971050053553225e-01 1.648314789442800743e-01 1.759073370383003598e-01 1.799683081795015738e-01 1.854647556402601871e-01 2.024482394637340810e-01 2.284601250261371619e-01
