-1.066952098010735955e-01 -1.032999921000261057e-01 -8.421865542622719580e-02 -8.253618593487817290e-02 -7.998524109458440834e-02 -7.948165510079976959e-02 -5.847645755779196791e-02 -5.475120657284422709e-02 -4.110539510954823450e-02 -3.825482889175163548e-02 -3.734209134659606522e-02 -2.533035937298684301e-02 -2.340310439137266788e-02 -1.557417538549238194e-02 -5.345425234911358597e-03 5.345425234911545080e-03 1.557417538549258143e-02 2.340310439137256379e-02 2.533035937298681872e-02 3.734209134659613460e-02 3.825482889175189916e-02 4.110539510954814429e-02 5.475120657284397035e-02 5.847645755779216220e-02 7.948165510080028306e-02 7.998524109458420017e-02 8.253618593487804800e-02 8.421865542622712641e-02 1.032999921000258975e-01 1.066952098010735955e-01
-1.066972304179713837e-01 -1.032999917912177518e-01 -8.421817552954993791e-02 -8.253254543389849929e-02 -7.998454979495961403e-02 -7.947155659653562521e-02 -5.847646355608154822e-02 -5.475393883757459501e-02 -4.110425522489768307e-02 -3.825532145334588352e-02 -3.736646690421296935e-02 -2.533160782898508448e-02 -2.336403014228835562e-02 -1.557637233908208164e-02 -5.340240974643492219e-03 5.340240974643459260e-03 1.557637233908190644e-02 2.336403014228825153e-02 2.533160782898507754e-02 3.736646690421295547e-02 3.825532145334591821e-02 4.110425522489810635e-02 5.475393883757450481e-02 5.847646355608179108e-02 7.947155659653590276e-02 7.998454979496015527e-02 8.253254543389851317e-02 8.421817552955031261e-02 1.032999917912170162e-01 1.066972304179715503e-01
-1.067032863155242955e-01 -1.032999908653161047e-01 -8.421666986242425101e-02 -8.252157418452354953e-02 -7.998263978560608833e-02 -7.944125463453777236e-02 -5.847648177991386642e-02 -5.476212675983724298e-02 -4.110089789927925952e-02 -3.825722615114257597e-02 -3.743821922854480289e-02 -2.533512185197764680e-02 -2.324798687800978467e-02 -1.558291617709638838e-02 -5.324708716714312944e-03 5.324708716714336362e-03 1.558291617709637103e-02 2.324798687800982977e-02 2.533512185197762598e-02 3.743821922854465717e-02 3.825722615114254821e-02 4.110089789927955789e-02 5.476212675983744421e-02 5.847648177991365132e-02 7.944125463453759195e-02 7.998263978560594956e-02 8.252157418452409077e-02 8.421666986242468123e-02 1.032999908653157717e-01 1.067032863155240596e-01
-1.067133597069606227e-01 -1.032999893237504380e-01 -8.421394556366822159e-02 -8.250312917539441571e-02 -7.997991796195910719e-02 -7.939080289798611245e-02 -5.847651291867226458e-02 -5.477574380439158980e-02 -4.109551760419475480e-02 -3.826219294647584951e-02 -3.755296682296203198e-02 -2.534034156414737352e-02 -2.305826400222256434e-02 -1.559366340951811106e-02 -5.298889424380198720e-03 5.298889424380168363e-03 1.559366340951804861e-02 2.305826400222246719e-02 2.534034156414744290e-02 3.755296682296196953e-02 3.826219294647600910e-02 4.109551760419478256e-02 5.477574380439194368e-02 5.847651291867261847e-02 7.939080289798598755e-02 7.997991796195889902e-02 8.250312917539483204e-02 8.421394556366859629e-02 1.032999893237505212e-01 1.067133597069606921e-01
-1.067274211855420846e-01 -1.032999871684465443e-01 -8.420969754039644983e-02 -8.247699119660778511e-02 -7.997685012007534067e-02 -7.932046626225627839e-02 -5.847655812970950495e-02 -5.479474601180057275e-02 -4.108846554153343378e-02 -3.827479827958033681e-02 -3.770191236051895906e-02 -2.534665273850266257e-02 -2.279967709306148643e-02 -1.560836613968341613e-02 -5.262882707608843892e-03 5.262882707608872515e-03 1.560836613968330858e-02 2.279967709306141010e-02 2.534665273850281869e-02 3.770191236051898681e-02 3.827479827958027436e-02 4.108846554153319786e-02 5.479474601180088500e-02 5.847655812970931066e-02 7.932046626225668084e-02 7.997685012007592353e-02 8.247699119660777123e-02 8.420969754039629718e-02 1.032999871684464749e-01 1.067274211855419874e-01
-1.067454300675394901e-01 -1.032999844012401913e-01 -8.420353109857742213e-02 -8.244288855057400889e-02 -7.997380847072688148e-02 -7.923082474897283345e-02 -5.847661905113395869e-02 -5.481907238868873045e-02 -4.108029862733585807e-02 -3.830849589915510944e-02 -3.786627743561182119e-02 -2.535358825690835899e-02 -2.247795077964826957e-02 -1.562665635701628725e-02 -5.216823905307626380e-03 5.216823905307556124e-03 1.562665635701605826e-02 2.247795077964829386e-02 2.535358825690833123e-02 3.786627743561178649e-02 3.830849589915510250e-02 4.108029862733617726e-02 5.481907238868873045e-02 5.847661905113418074e-02 7.923082474897330529e-02 7.997380847072735333e-02 8.244288855057373133e-02 8.420353109857729723e-02 1.032999844012390950e-01 1.067454300675391154e-01
-1.067673348481385787e-01 -1.032999810232165805e-01 -8.419499011502282193e-02 -8.240052224032387573e-02 -7.997101629126751599e-02 -7.912277249242241628e-02 -5.847669782016960000e-02 -5.484864543715674973e-02 -4.107186858996082074e-02 -3.839897310379702944e-02 -3.800430736384066005e-02 -2.536088352836420728e-02 -2.209924570925978285e-02 -1.564801782989195741e-02 -5.160880140461053013e-03 5.160880140460996635e-03 1.564801782989194354e-02 2.209924570925986265e-02 2.536088352836432178e-02 3.800430736384064617e-02 3.839897310379720291e-02 4.107186858996075135e-02 5.484864543715692320e-02 5.847669782016929468e-02 7.912277249242231913e-02 7.997101629126722455e-02 8.240052224032352879e-02 8.419499011502243335e-02 1.032999810232167470e-01 1.067673348481387452e-01
-1.067930737516801648e-01 -1.032999770341046231e-01 -8.418358783255958100e-02 -8.234958820119332723e-02 -7.996856785945125057e-02 -7.899744097493086037e-02 -5.847679709754934063e-02 -5.488337180738157850e-02 -4.106448275622427702e-02 -3.858041699767928573e-02 -3.807523261727958214e-02 -2.536843936739055505e-02 -2.166986217043233645e-02 -1.567173674734601355e-02 -5.095245464264171360e-03 5.095245464264088961e-03 1.567173674734594763e-02 2.166986217043228441e-02 2.536843936739052036e-02 3.807523261727943642e-02 3.858041699767900817e-02 4.106448275622429783e-02 5.488337180738132176e-02 5.847679709754876470e-02 7.899744097493083261e-02 7.996856785945155588e-02 8.234958820119345213e-02 8.418358783255998345e-02 1.032999770341047618e-01 1.067930737516804979e-01
-1.068225753568419201e-01 -1.032999724318150875e-01 -8.416883731693941550e-02 -8.228979394234685329e-02 -7.996647435580095387e-02 -7.885610150537634977e-02 -5.847692009858657114e-02 -5.492314305416840653e-02 -4.106019951697632148e-02 -3.882668269643978903e-02 -3.809809279132861382e-02 -2.537626122759785094e-02 -2.119610773863306666e-02 -1.569681403321717197e-02 -5.020135207315976240e-03 5.020135207315880831e-03 1.569681403321742871e-02 2.119610773863293135e-02 2.537626122759766359e-02 3.809809279132816279e-02 3.882668269643984454e-02 4.106019951697664760e-02 5.492314305416819142e-02 5.847692009858668216e-02 7.885610150537633589e-02 7.996647435580091223e-02 8.228979394234713085e-02 8.416883731693945714e-02 1.032999724318144630e-01 1.068225753568414621e-01
-1.068557592770973952e-01 -1.032999672122097146e-01 -8.415027899837439207e-02 -8.222086894520229394e-02 -7.996470431839046433e-02 -7.870008167096467777e-02 -5.847707063175028308e-02 -5.496783647579606830e-02 -4.106238228509704463e-02 -3.910250813741866782e-02 -3.810014973144122685e-02 -2.538440955128588861e-02 -2.068433340957585853e-02 -1.572180507787929171e-02 -4.935779639006076733e-03 4.935779639006041171e-03 1.572180507787934028e-02 2.068433340957565036e-02 2.538440955128585391e-02 3.810014973144129624e-02 3.910250813741865394e-02 4.106238228509675320e-02 5.496783647579608217e-02 5.847707063174976266e-02 7.870008167096498308e-02 7.996470431839068638e-02 8.222086894520179434e-02 8.415027899837476677e-02 1.032999672122101170e-01 1.068557592770970621e-01
-1.068925368769665651e-01 -1.032999613691211183e-01 -8.412750341635487350e-02 -8.214256966360698742e-02 -7.996320966568308541e-02 -7.853070588493762938e-02 -5.847725314578823552e-02 -5.501731601195313653e-02 -4.107673267809525824e-02 -3.938713778737493870e-02 -3.809232290915245955e-02 -2.539296841692095449e-02 -2.014118742117685518e-02 -1.574451454350480825e-02 -4.842416999811141425e-03 4.842416999810987034e-03 1.574451454350437110e-02 2.014118742117654987e-02 2.539296841692077408e-02 3.809232290915232078e-02 3.938713778737482768e-02 4.107673267809520273e-02 5.501731601195326837e-02 5.847725314578793021e-02 7.853070588493810122e-02 7.996320966568348787e-02 8.214256966360754253e-02 8.412750341635504003e-02 1.032999613691211183e-01 1.068925368769666900e-01
-1.069328120053043563e-01 -1.032999548946057222e-01 -8.410016811491115296e-02 -8.205468073935784368e-02 -7.996193937576642763e-02 -7.834925749874969980e-02 -5.847747278672327936e-02 -5.507143317686648276e-02 -4.111304058819921503e-02 -3.966324986538585090e-02 -3.807853873395397604e-02 -2.540202867085744956e-02 -1.957422836340431266e-02 -1.576138476466629190e-02 -4.740285915459304181e-03 4.740285915459252139e-03 1.576138476466635782e-02 1.957422836340426756e-02 2.540202867085755017e-02 3.807853873395425359e-02 3.966324986538568437e-02 4.111304058819915952e-02 5.507143317686657297e-02 5.847747278672337651e-02 7.834925749874964429e-02 7.996193937576698274e-02 8.205468073935785756e-02 8.410016811491129174e-02 1.032999548946060830e-01 1.069328120053039122e-01
-1.069764817284076380e-01 -1.032999477794180609e-01 -8.406800842212666658e-02 -8.195701418056246246e-02 -7.996084528723484963e-02 -7.815695666230056127e-02 -5.847773546635209180e-02 -5.513002800385434499e-02 -4.118705555285315928e-02 -3.991043641520319180e-02 -3.806036323059191345e-02 -2.541168007988706470e-02 -1.899325806677766917e-02 -1.576619997589186889e-02 -4.629617127016007021e-03 4.629617127016044317e-03 1.576619997589196603e-02 1.899325806677795020e-02 2.541168007988711328e-02 3.806036323059182325e-02 3.991043641520342772e-02 4.118705555285311071e-02 5.513002800385446989e-02 5.847773546635209180e-02 7.815695666230025596e-02 7.996084528723482188e-02 8.195701418056250409e-02 8.406800842212758251e-02 1.032999477794178944e-01 1.069764817284070274e-01
-1.070234370479175717e-01 -1.032999400136184742e-01 -8.403084247265821261e-02 -8.184940800000936600e-02 -7.995988353319870290e-02 -7.795494870276228894e-02 -5.847804794427752251e-02 -5.519292997829181729e-02 -4.131831041006550631e-02 -4.010587266493603753e-02 -3.803846912532835717e-02 -2.542200838836943672e-02 -1.841324669412279166e-02 -1.574722023876805668e-02 -4.510624376508621559e-03 4.510624376508671866e-03 1.574722023876809138e-02 1.841324669412263901e-02 2.542200838836928753e-02 3.803846912532832941e-02 4.010587266493646080e-02 4.131831041006543692e-02 5.519292997829196301e-02 5.847804794427761271e-02 7.795494870276234445e-02 7.995988353319907760e-02 8.184940800000985173e-02 8.403084247265782403e-02 1.032999400136181134e-01 1.070234370479176134e-01
-1.070735635911767847e-01 -1.032999315872695917e-01 -8.398857124697256538e-02 -8.173172543213795549e-02 -7.995901365932943372e-02 -7.774429921890683992e-02 -5.847841792598858224e-02 -5.525995893729422626e-02 -4.151784022701945909e-02 -4.023604190483336118e-02 -3.801314111036915855e-02 -2.543309476582381046e-02 -1.786055760099744191e-02 -1.568102795145575115e-02 -4.383494172468131722e-03 4.383494172468013761e-03 1.568102795145586911e-02 1.786055760099746273e-02 2.543309476582380352e-02 3.801314111036918630e-02 4.023604190483377058e-02 4.151784022701981991e-02 5.525995893729424707e-02 5.847841792598839489e-02 7.774429921890685380e-02 7.995901365932919780e-02 8.173172543213765018e-02 8.398857124697289844e-02 1.032999315872692864e-01 1.070735635911769235e-01
-1.071267422646054041e-01 -1.032999224911533703e-01 -8.394117461605971053e-02 -8.160385553865091846e-02 -7.995819632283494849e-02 -7.752599333192483622e-02 -5.847885418009905051e-02 -5.533092591605429794e-02 -4.177720884110139310e-02 -4.030745590270550655e-02 -3.798447520065448280e-02 -2.544501627262980153e-02 -1.738226258803684740e-02 -1.552329070124106904e-02 -4.248374021857437809e-03 4.248374021857456023e-03 1.552329070124154088e-02 1.738226258803655944e-02 2.544501627262987786e-02 3.798447520065428851e-02 4.030745590270557593e-02 4.177720884110171229e-02 5.533092591605474897e-02 5.847885418009901581e-02 7.752599333192425335e-02 7.995819632283489298e-02 8.160385553865062702e-02 8.394117461605941910e-02 1.032999224911530650e-01 1.071267422646055567e-01
-1.071828498634994353e-01 -1.032999127174544923e-01 -8.388870443759631479e-02 -8.146571593321103033e-02 -7.995738959485772235e-02 -7.730093742147071956e-02 -5.847936667860427484e-02 -5.540563392256492997e-02 -4.207722578914510625e-02 -4.033779713207556045e-02 -3.795246790773058876e-02 -2.545784665275391961e-02 -1.703860512869538602e-02 -1.521638055444271380e-02 -4.105358553448366053e-03 4.105358553448397278e-03 1.521638055444273982e-02 1.703860512869532010e-02 2.545784665275395778e-02 3.795246790773094958e-02 4.033779713207567147e-02 4.207722578914513401e-02 5.540563392256500630e-02 5.847936667860418464e-02 7.730093742147066405e-02 7.995738959485788888e-02 8.146571593321086380e-02 8.388870443759681439e-02 1.032999127174534792e-01 1.071828498634993104e-01
-1.072417596342688795e-01 -1.032999022603774270e-01 -8.383127569978927884e-02 -8.131725872200375183e-02 -7.995654296484187851e-02 -7.706996226950223183e-02 -5.847996676494657958e-02 -5.548387862420394584e-02 -4.240113491719044864e-02 -4.034263820023179653e-02 -3.791706097379767687e-02 -2.547165713261168030e-02 -1.684779579889157317e-02 -1.474466585023562551e-02 -3.954472777394178219e-03 3.954472777394236332e-03 1.474466585023571051e-02 1.684779579889157664e-02 2.547165713261156927e-02 3.791706097379807239e-02 4.034263820023149122e-02 4.240113491719028904e-02 5.548387862420429278e-02 5.847996676494620488e-02 7.706996226950228734e-02 7.995654296484117074e-02 8.131725872200344651e-02 8.383127569978865434e-02 1.032999022603773714e-01 1.072417596342687546e-01
-1.073033417873762857e-01 -1.032998911166664868e-01 -8.376905659651391611e-02 -8.115848209860830609e-02 -7.995558650982940996e-02 -7.683382692391657609e-02 -5.848066735587729298e-02 -5.556544893117689593e-02 -4.273797931438742120e-02 -4.033200998979091095e-02 -3.787816646546213195e-02 -2.548651709393044348e-02 -1.676639202832620398e-02 -1.415422578009769942e-02 -3.795651546654262801e-03 3.795651546654425432e-03 1.415422578009771677e-02 1.676639202832611378e-02 2.548651709393052675e-02 3.787816646546206256e-02 4.033200998979100116e-02 4.273797931438745590e-02 5.556544893117726369e-02 5.848066735587705012e-02 7.683382692391610425e-02 7.995558650982931281e-02 8.115848209860848650e-02 8.376905659651386060e-02 1.032998911166668615e-01 1.073033417873760220e-01
-1.073674639610613241e-01 -1.032998792860151394e-01 -8.370225827449921663e-02 -8.098945399590401495e-02 -7.995440859715649551e-02 -7.659322284801300951e-02 -5.848148318458434858e-02 -5.565012746290480539e-02 -4.308107890810292107e-02 -4.031187199105984442e-02 -3.783568252189300346e-02 -2.550249457934811170e-02 -1.674595161157001882e-02 -1.349630254282850259e-02 -3.628714165595270900e-03 3.628714165595244012e-03 1.349630254282862402e-02 1.674595161157022352e-02 2.550249457934812211e-02 3.783568252189329489e-02 4.031187199105999014e-02 4.308107890810314311e-02 5.565012746290484008e-02 5.848148318458448042e-02 7.659322284801244052e-02 7.995440859715677306e-02 8.098945399590423699e-02 8.370225827449949418e-02 1.032998792860152365e-01 1.073674639610613657e-01
-1.074339916373151932e-01 -1.032998667713630470e-01 -8.363112484094710475e-02 -8.081036672198269044e-02 -7.995280293219417245e-02 -7.634877808678212918e-02 -5.848243109446121107e-02 -5.573769088394574939e-02 -4.342629061415290842e-02 -4.028581000477449853e-02 -3.778950434555032600e-02 -2.551965663020196867e-02 -1.675817427104793825e-02 -1.280228273068766305e-02 -3.453333170446655758e-03 3.453333170446567721e-03 1.280228273068746009e-02 1.675817427104793131e-02 2.551965663020189928e-02 3.778950434555009008e-02 4.028581000477464424e-02 4.342629061415287373e-02 5.573769088394517346e-02 5.848243109446092658e-02 7.634877808678230959e-02 7.995280293219397816e-02 8.081036672198228799e-02 8.363112484094660515e-02 1.032998667713623531e-01 1.074339916373153181e-01
-1.075027885125721394e-01 -1.032998535790879691e-01 -8.355592407081857687e-02 -8.062168829427324157e-02 -7.995031899905140349e-02 -7.610106128739085873e-02 -5.848353039530716779e-02 -5.582791009574759183e-02 -4.377092769420007357e-02 -4.025608189340327409e-02 -3.773953256378216603e-02 -2.553806947209091155e-02 -1.678874216884683815e-02 -1.209000464084739740e-02 -3.268996902046662333e-03 3.268996902046621567e-03 1.209000464084733321e-02 1.678874216884696652e-02 2.553806947209092196e-02 3.773953256378210358e-02 4.025608189340335041e-02 4.377092769420035806e-02 5.582791009574770980e-02 5.848353039530734820e-02 7.610106128739091425e-02 7.995031899905090389e-02 8.062168829427304728e-02 8.355592407081889605e-02 1.032998535790881078e-01 1.075027885125719312e-01
-1.075737168261924198e-01 -1.032998397190957596e-01 -8.347693911429579505e-02 -8.042470180296108773e-02 -7.994572437839304879e-02 -7.585058547898361481e-02 -5.848480329685395301e-02 -5.592055026928725164e-02 -4.411316241423885592e-02 -4.022418570088748258e-02 -3.768567994376000041e-02 -2.555779856851421450e-02 -1.683022381652511321e-02 -1.137103595883702002e-02 -3.074967272794323220e-03 3.074967272794087731e-03 1.137103595883698533e-02 1.683022381652562321e-02 2.555779856851419715e-02 3.768567994376036817e-02 4.022418570088682338e-02 4.411316241423887674e-02 5.592055026928756389e-02 5.848480329685371015e-02 7.585058547898393400e-02 7.994572437839302104e-02 8.042470180296094895e-02 8.347693911429604485e-02 1.032998397190963424e-01 1.075737168261927251e-01
-1.076466376501794969e-01 -1.032998252048288185e-01 -8.339446138129565089e-02 -8.022432312324424830e-02 -7.993418850375165474e-02 -7.559781155928405050e-02 -5.848627543842588317e-02 -5.601537070120535255e-02 -4.445169702243638443e-02 -4.019116411403496347e-02 -3.762787687880966153e-02 -2.557890856271895566e-02 -1.687848182609615402e-02 -1.065449039846861137e-02 -2.870238427482243396e-03 2.870238427482211304e-03 1.065449039846862178e-02 1.687848182609624423e-02 2.557890856271894178e-02 3.762787687881004317e-02 4.019116411403467898e-02 4.445169702243551707e-02 5.601537070120452683e-02 5.848627543842533499e-02 7.559781155928420315e-02 7.993418850375155760e-02 8.022432312324417891e-02 8.339446138129504027e-02 1.032998252048289572e-01 1.076466376501800104e-01
-1.077214111436768512e-01 -1.032998100531944130e-01 -8.330878467449719105e-02 -8.005218504092263820e-02 -7.988419973954391518e-02 -7.534315146128509055e-02 -5.848797653859704598e-02 -5.611212447222226757e-02 -4.478557639123274120e-02 -4.015777124319193370e-02 -3.756607578305851125e-02 -2.560146312600177637e-02 -1.693103408590297676e-02 -9.948939835808200821e-03 -2.653511249803554035e-03 2.653511249803640337e-03 9.948939835808263271e-03 1.693103408590318493e-02 2.560146312600170351e-02 3.756607578305827533e-02 4.015777124319187819e-02 4.478557639123333795e-02 5.611212447222194144e-02 5.848797653859735129e-02 7.534315146128441054e-02 7.988419973954341557e-02 8.005218504092209697e-02 8.330878467449710778e-02 1.032998100531940938e-01 1.077214111436764626e-01
-1.077978967757536183e-01 -1.032997942844516154e-01 -8.322020055701349894e-02 -7.998916027945879303e-02 -7.971504330054265952e-02 -7.508697098858480024e-02 -5.848994119508413303e-02 -5.621055788113774737e-02 -4.511407638532389380e-02 -4.012456717498379816e-02 -3.750025440332782622e-02 -2.562552472850436469e-02 -1.698628622858282949e-02 -9.263500824762956748e-03 -2.423216761881650822e-03 2.423216761881647353e-03 9.263500824762805827e-03 1.698628622858247561e-02 2.562552472850442714e-02 3.750025440332786786e-02 4.012456717498327080e-02 4.511407638532389380e-02 5.621055788113778207e-02 5.848994119508379302e-02 7.508697098858511942e-02 7.971504330054289544e-02 7.998916027945847385e-02 8.322020055701356833e-02 1.032997942844518513e-01 1.077978967757531603e-01
-1.078759535198740432e-01 -1.032997779220365675e-01 -8.312899487646113750e-02 -7.997542645337897549e-02 -7.948673704458952827e-02 -7.482959231652178134e-02 -5.849220987316300358e-02 -5.631040962025477686e-02 -4.543663407309589397e-02 -4.009197379702197223e-02 -3.743041801986311118e-02 -2.565115434665186933e-02 -1.704315162381256701e-02 -8.608555337001663060e-03 -2.177652926677539798e-03 2.177652926677603983e-03 8.608555337001650917e-03 1.704315162381266069e-02 2.565115434665174443e-02 3.743041801986297934e-02 4.009197379702171549e-02 4.543663407309635194e-02 5.631040962025417318e-02 5.849220987316288561e-02 7.482959231652139276e-02 7.948673704458994460e-02 7.997542645337891998e-02 8.312899487646145669e-02 1.032997779220361789e-01 1.078759535198739045e-01
-1.079554400232059369e-01 -1.032997609923702598e-01 -8.303544532325309036e-02 -7.997037874782982059e-02 -7.924011943035465244e-02 -7.457129616098528979e-02 -5.849483013096742900e-02 -5.641140964844618827e-02 -4.575280198758156086e-02 -4.006030934955568529e-02 -3.735660052541799059e-02 -2.567841111997345299e-02 -1.710085202539712509e-02 -7.996253224222643965e-03 -1.915344446401143295e-03 1.915344446401081495e-03 7.996253224222657843e-03 1.710085202539678856e-02 2.567841111997349463e-02 3.735660052541835141e-02 4.006030934955551182e-02 4.575280198758115147e-02 5.641140964844614664e-02 5.849483013096701961e-02 7.457129616098558123e-02 7.924011943035452754e-02 7.997037874782986222e-02 8.303544532325356220e-02 1.032997609923703569e-01 1.079554400232061728e-01
-1.080362147537250184e-01 -1.032997435246351819e-01 -8.293981987567200509e-02 -7.996783363603583716e-02 -7.898164644073851770e-02 -7.431232361953700460e-02 -5.849785814222301095e-02 -5.651327770606525552e-02 -4.606221676996176406e-02 -4.002981103780414024e-02 -3.727886442095949132e-02 -2.570735196916734688e-02 -1.715880735395653237e-02 -7.440784833960362339e-03 -1.635775810565698882e-03 1.635775810565727505e-03 7.440784833960546220e-03 1.715880735395641093e-02 2.570735196916734688e-02 3.727886442095942887e-02 4.002981103780366839e-02 4.606221676996170855e-02 5.651327770606513062e-02 5.849785814222255992e-02 7.431232361953736543e-02 7.898164644073882301e-02 7.996783363603550410e-02 8.293981987567201897e-02 1.032997435246342799e-01 1.080362147537251571e-01
-1.081181361278537867e-01 -1.032997255505434808e-01 -8.284237597488856852e-02 -7.996632452787227896e-02 -7.871309669852999402e-02 -7.405287769160141809e-02 -5.850136059134729283e-02 -5.661572140163782796e-02 -4.636457674264331946e-02 -4.000065081160195796e-02 -3.719729982630028825e-02 -2.573803118687167241e-02 -1.721657196789123934e-02 -6.958339290795294112e-03 -1.340623846900103637e-03 1.340623846900079567e-03 6.958339290795188294e-03 1.721657196789120464e-02 2.573803118687182159e-02 3.719729982630035764e-02 4.000065081160193020e-02 4.636457674264338885e-02 5.661572140163823735e-02 5.850136059134748712e-02 7.405287769160141809e-02 7.871309669853010504e-02 7.996632452787219569e-02 8.284237597488863791e-02 1.032997255505426343e-01 1.081181361278532871e-01
-1.082010626211421384e-01 -1.032997071041005660e-01 -8.274336027620662892e-02 -7.996534113162512281e-02 -7.843533310807486447e-02 -7.379312448728625462e-02 -5.850541703153569473e-02 -5.671843378461906282e-02 -4.665962521687817832e-02 -3.997294714458733689e-02 -3.711202265993552435e-02 -2.577050001261277715e-02 -1.727379647129978144e-02 -6.566675067080332724e-03 -1.035416033634541056e-03 1.035416033634463644e-03 6.566675067080121955e-03 1.727379647129971552e-02 2.577050001261296450e-02 3.711202265993557292e-02 3.997294714458727444e-02 4.665962521687831016e-02 5.671843378461872975e-02 5.850541703153595147e-02 7.379312448728612972e-02 7.843533310807490611e-02 7.996534113162516444e-02 8.274336027620633749e-02 1.032997071040992892e-01 1.082010626211423049e-01
-1.082848528643436115e-01 -1.032996882213633311e-01 -8.264300883474560988e-02 -7.996466064667823170e-02 -7.814897300776016409e-02 -7.353319413893295853e-02 -5.851012281122329461e-02 -5.682109030374744157e-02 -4.694713759226820660e-02 -3.994677438493938332e-02 -3.702317218315430425e-02 -2.580480620378785075e-02 -1.733020426384795226e-02 -6.284275055837550486e-03 -7.310751545649297328e-04 7.310751545648733543e-04 6.284275055837440331e-03 1.733020426384787246e-02 2.580480620378781953e-02 3.702317218315444997e-02 3.994677438493913352e-02 4.694713759226780414e-02 5.682109030374775382e-02 5.851012281122269787e-02 7.353319413893351364e-02 7.814897300775947020e-02 7.996466064667791251e-02 8.264300883474517967e-02 1.032996882213635670e-01 1.082848528643436947e-01
-1.083693657270605321e-01 -1.032996689402072982e-01 -8.254154760119493395e-02 -7.996417021115623247e-02 -7.785456749073779714e-02 -7.327318143710841170e-02 -5.851559268298301558e-02 -5.692334504201347622e-02 -4.722691102407698682e-02 -3.992217053837474744e-02 -3.693090812346323110e-02 -2.584099361525694569e-02 -1.738557705117333915e-02 -6.128950657703060613e-03 -4.442062395862360997e-04 4.442062395861499599e-04 6.128950657702986020e-03 1.738557705117334609e-02 2.584099361525685895e-02 3.693090812346336987e-02 3.992217053837490010e-02 4.722691102407682723e-02 5.692334504201314316e-02 5.851559268298323069e-02 7.327318143710896681e-02 7.785456749073711713e-02 7.996417021115628798e-02 8.254154760119504497e-02 1.032996689402066737e-01 1.083693657270609345e-01
-1.084544603910394256e-01 -1.032996493000956362e-01 -8.243919312326759841e-02 -7.996380625903655448e-02 -7.755266429310823939e-02 -7.301314622494220474e-02 -5.852196520056827944e-02 -5.702482612786575339e-02 -4.749875586031280378e-02 -3.989914394231253159e-02 -3.683540759063729658e-02 -2.587910180120462506e-02 -1.743974614762062308e-02 -6.115442608929299792e-03 -1.947787009936070173e-04 1.947787009936332550e-04 6.115442608929121983e-03 1.743974614762054676e-02 2.587910180120451056e-02 3.683540759063713699e-02 3.989914394231218464e-02 4.749875586031228336e-02 5.702482612786580196e-02 5.852196520056793944e-02 7.301314622494205209e-02 7.755266429310801735e-02 7.996380625903620754e-02 8.243919312326765392e-02 1.032996493000957333e-01 1.084544603910392729e-01
-1.085399964150622482e-01 -1.032996293418628753e-01 -8.233615336883644276e-02 -7.996352996638535215e-02 -7.724383508891193018e-02 -7.275311360348388212e-02 -5.852940796334234197e-02 -5.712513026930863408e-02 -4.776248831114607296e-02 -3.987767906830681774e-02 -3.673686197865004555e-02 -2.591916565442787049e-02 -1.749258785549067177e-02 -6.251762580868311034e-03 -9.171541719349530281e-07 9.171541720002427512e-07 6.251762580868213022e-03 1.749258785549062320e-02 2.591916565442826254e-02 3.673686197865077413e-02 3.987767906830693571e-02 4.776248831114629501e-02 5.712513026930864796e-02 5.852940796334287626e-02 7.275311360348306333e-02 7.724383508891180528e-02 7.996352996638485255e-02 8.233615336883601254e-02 1.032996293418629863e-01 1.085399964150631225e-01
-1.086258337933498630e-01 -1.032996091075014250e-01 -8.223262860587905732e-02 -7.996331600693118435e-02 -7.692868994791626780e-02 -7.249307402850933835e-02 -5.853812364425108050e-02 -5.722381648154094974e-02 -4.801792397763713499e-02 -3.985774157408265850e-02 -3.663547401393123931e-02 -2.596121510028149421e-02 -1.754402209343558158e-02 -6.535651727254046875e-03 -1.269725610991556805e-04 1.269725610991399866e-04 6.535651727253991364e-03 1.754402209343565097e-02 2.596121510028154625e-02 3.663547401393144748e-02 3.985774157408316504e-02 4.801792397763739173e-02 5.722381648154131056e-02 5.853812364425077519e-02 7.249307402850936610e-02 7.692868994791593473e-02 7.996331600693146191e-02 8.223262860587972345e-02 1.032996091075019246e-01 1.086258337933500018e-01
-1.087118330092838175e-01 -1.032995886399680902e-01 -8.212881229138579986e-02 -7.996314689416560151e-02 -7.660788660163030117e-02 -7.223298341885223128e-02 -5.854835647195257009e-02 -5.732039934575541840e-02 -4.826487197376708865e-02 -3.983928267233253356e-02 -3.653145507127338043e-02 -2.600527486538683347e-02 -1.759401408806161859e-02 -6.954046453485587809e-03 -1.888536213737527201e-04 1.888536213737644024e-04 6.954046453485559186e-03 1.759401408806159084e-02 2.600527486538679878e-02 3.653145507127335267e-02 3.983928267233202702e-02 4.826487197376674865e-02 5.732039934575493267e-02 5.854835647195166803e-02 7.223298341885216189e-02 7.660788660162991259e-02 7.996314689416565702e-02 8.212881229138578598e-02 1.032995886399677571e-01 1.087118330092835261e-01
-1.087978550862673116e-01 -1.032995679829893793e-01 -8.202489193582850058e-02 -7.996300991045093842e-02 -7.628213737200724431e-02 -7.197276345129673125e-02 -5.856039832850778309e-02 -5.741434264800883425e-02 -4.850312944809730131e-02 -3.982224286342962716e-02 -3.642502283905178079e-02 -2.605136434528841985e-02 -1.764257954241299151e-02 -7.486645310078331172e-03 -1.928667413407906281e-04 1.928667413408260273e-04 7.486645310078338979e-03 1.764257954241302967e-02 2.605136434528843720e-02 3.642502283905173915e-02 3.982224286342947450e-02 4.850312944809730131e-02 5.741434264800902160e-02 5.856039832850756799e-02 7.197276345129691166e-02 7.628213737200732758e-02 7.996300991045086903e-02 8.202489193582836180e-02 1.032995679829893654e-01 1.087978550862672145e-01
-1.088837616374448564e-01 -1.032995471808910853e-01 -8.192104992171378441e-02 -7.996289532909556241e-02 -7.595221482610702013e-02 -7.171230229050819249e-02 -5.857459274140652816e-02 -5.750505513265603830e-02 -4.873247636253193876e-02 -3.980655507629460993e-02 -3.631639937947500618e-02 -2.609949760113176517e-02 -1.768979444362763984e-02 -8.111126954837776307e-03 -1.507376778601880285e-04 1.507376778603696323e-04 8.111126954837901207e-03 1.768979444362778555e-02 2.609949760113196987e-02 3.631639937947501312e-02 3.980655507629458911e-02 4.873247636253187631e-02 5.750505513265616320e-02 5.857459274140660449e-02 7.171230229050831739e-02 7.595221482610688135e-02 7.996289532909535425e-02 8.192104992171349298e-02 1.032995471808915572e-01 1.088837616374448702e-01
-1.089694149160131964e-01 -1.032995262784313778e-01 -8.181746426421136753e-02 -7.996279532173181104e-02 -7.561895642637170289e-02 -7.145145609676976928e-02 -5.859133369380786771e-02 -5.759189146370092410e-02 -4.895267042440298866e-02 -3.979214726556994791e-02 -3.620580960006118676e-02 -2.614968352406728258e-02 -1.773581183707855641e-02 -8.806999212448722927e-03 -7.403418614751929039e-05 7.403418614752212286e-05 8.806999212448714254e-03 1.773581183707866049e-02 2.614968352406719931e-02 3.620580960006123533e-02 3.979214726556978832e-02 4.895267042440300947e-02 5.759189146370114615e-02 5.859133369380802731e-02 7.145145609676989418e-02 7.561895642637175841e-02 7.996279532173201920e-02 8.181746426421138141e-02 1.032995262784318913e-01 1.089694149160144176e-01
-1.090546778677983913e-01 -1.032995053206426095e-01 -8.171430930942308324e-02 -7.996270324432598608e-02 -7.528326801532932155e-02 -7.119005176921315570e-02 -5.861105446052788936e-02 -5.767416320918126310e-02 -4.916344210024033851e-02 -3.977894451836080231e-02 -3.609348013045233367e-02 -2.620192621890573073e-02 -1.778088996579067424e-02 -9.557191607710716422e-03 -2.760069740033865707e-05 2.760069740024955260e-05 9.557191607710532541e-03 1.778088996579064648e-02 2.620192621890572379e-02 3.609348013045197284e-02 3.977894451836096190e-02 4.916344210024067851e-02 5.767416320918117290e-02 5.861105446052784079e-02 7.119005176921333611e-02 7.528326801532968238e-02 7.996270324432586118e-02 8.171430930942294446e-02 1.032995053206424707e-01 1.090546778677990852e-01
-1.091394141877196633e-01 -1.032994843526857803e-01 -8.161175637192449872e-02 -7.996261313623545530e-02 -7.494612568351598225e-02 -7.092789151215460330e-02 -5.863420028241665694e-02 -5.775116606551885384e-02 -4.936448966951270667e-02 -3.976687072721032945e-02 -3.597963858393506825e-02 -2.625622567781131164e-02 -1.782544018031528843e-02 -1.034808743228012723e-02 -1.467766716771942432e-04 1.467766716770994297e-04 1.034808743227996590e-02 1.782544018031508373e-02 2.625622567781148164e-02 3.597963858393501274e-02 3.976687072721065558e-02 4.936448966951312300e-02 5.775116606551931875e-02 5.863420028241689980e-02 7.092789151215518617e-02 7.494612568351520510e-02 7.996261313623558020e-02 8.161175637192427668e-02 1.032994843526853362e-01 1.091394141877196217e-01
-1.092234883817474050e-01 -1.032994634197173800e-01 -8.150997431844882180e-02 -7.996251933613426899e-02 -7.460857534443304795e-02 -7.066475994249027393e-02 -5.866117930094032207e-02 -5.782222893855899770e-02 -4.955547430799053799e-02 -3.975584988679392584e-02 -3.586451317484232876e-02 -2.631257884404907335e-02 -1.787011130990757285e-02 -1.116886995500636359e-02 -2.780468240248561086e-04 2.780468240247033988e-04 1.116886995500619879e-02 1.787011130990836041e-02 2.631257884404917050e-02 3.586451317484272427e-02 3.975584988679387033e-02 4.955547430799026737e-02 5.782222893855936546e-02 5.866117930094072452e-02 7.066475994249020454e-02 7.460857534443256223e-02 7.996251933613426899e-02 8.150997431844879404e-02 1.032994634197165473e-01 1.092234883817469054e-01
-1.093067658358517907e-01 -1.032994425667548288e-01 -8.140913010962276541e-02 -7.996241615315359541e-02 -7.427172916908139633e-02 -7.040043455842483200e-02 -5.869229129998604355e-02 -5.788678538396960227e-02 -4.973601522653745000e-02 -3.974580707005032770e-02 -3.574833266008848459e-02 -2.637098121074113455e-02 -1.791594548614953986e-02 -1.201067424809927793e-02 -4.174484338552192256e-04 4.174484338551860490e-04 1.201067424809906976e-02 1.791594548614979313e-02 2.637098121074128720e-02 3.574833266008820010e-02 3.974580707005042485e-02 4.973601522653694346e-02 5.788678538396943574e-02 5.869229129998532885e-02 7.040043455842485975e-02 7.427172916908149347e-02 7.996241615315347051e-02 8.140913010962234908e-02 1.032994425667542182e-01 1.093067658358519434e-01
-1.093891128934064566e-01 -1.032994218385602375e-01 -8.130938931754730370e-02 -7.996229754763933828e-02 -7.393675794169435322e-02 -7.013470041781198760e-02 -5.872764478034814273e-02 -5.794445694491186932e-02 -4.990568493560604973e-02 -3.973666913563290992e-02 -3.563132657434928130e-02 -2.643142916961669850e-02 -1.796468380842976623e-02 -1.286567495581123800e-02 -5.620912300658382566e-04 5.620912300660194268e-04 1.286567495581139413e-02 1.796468380842970031e-02 2.643142916961668115e-02 3.563132657434917028e-02 3.973666913563250747e-02 4.990568493560571667e-02 5.794445694491171667e-02 5.872764478034811497e-02 7.013470041781175168e-02 7.393675794169432547e-02 7.996229754763956032e-02 8.130938931754741472e-02 1.032994218385610841e-01 1.093891128934067758e-01
-1.094703969423974216e-01 -1.032994012795262068e-01 -8.121091664488097606e-02 -7.996215678037973951e-02 -7.360487844170135463e-02 -6.986736976313755176e-02 -5.876708598872365519e-02 -5.799512484470444734e-02 -5.006400476206236683e-02 -3.972836521336601395e-02 -3.551372573266569493e-02 -2.649392343568450492e-02 -1.801941149721299554e-02 -1.372596768893778220e-02 -7.098416956994271125e-04 7.098416956995512537e-04 1.372596768893807363e-02 1.801941149721319677e-02 2.649392343568473737e-02 3.551372573266552146e-02 3.972836521336614579e-02 5.006400476206237377e-02 5.799512484470395468e-02 5.876708598872368988e-02 6.986736976313714931e-02 7.360487844170175709e-02 7.996215678037990604e-02 8.121091664488112871e-02 1.032994012795257904e-01 1.094703969423976159e-01
-1.095504865136830569e-01 -1.032993809335641111e-01 -8.111387648309555110e-02 -7.996198598426670912e-02 -7.327733520377639753e-02 -6.959830700358424216e-02 -5.881016854050755832e-02 -5.803896149313268749e-02 -5.021044081722156327e-02 -3.972082700843056202e-02 -3.539576298082283690e-02 -2.655847405308168346e-02 -1.808604089522874298e-02 -1.458173272058674655e-02 -8.590965456864710012e-04 8.590965456864415109e-04 1.458173272058660430e-02 1.808604089522865277e-02 2.655847405308187428e-02 3.539576298082285771e-02 3.972082700843029140e-02 5.021044081722130653e-02 5.803896149313306912e-02 5.881016854050790527e-02 6.959830700358433930e-02 7.327733520377650855e-02 7.996198598426636217e-02 8.111387648309548171e-02 1.032993809335639029e-01 1.095504865136827932e-01
-1.096292513914500638e-01 -1.032993608440084254e-01 -8.101843356704349630e-02 -7.996177559695943904e-02 -7.295537652024142172e-02 -6.932745885614494119e-02 -5.885618021251019100e-02 -5.807640534805597748e-02 -5.034440070700215569e-02 -3.971398895880406954e-02 -3.527767418228187207e-02 -2.662510778377031803e-02 -1.817703316517665924e-02 -1.541725222916729039e-02 -1.008624809481077069e-03 1.008624809481019390e-03 1.541725222916742570e-02 1.817703316517615270e-02 2.662510778377032497e-02 3.527767418228237861e-02 3.971398895880414587e-02 5.034440070700169773e-02 5.807640534805617871e-02 5.885618021251094040e-02 6.932745885614516324e-02 7.295537652024135233e-02 7.996177559695953618e-02 8.101843356704378774e-02 1.032993608440091332e-01 1.096292513914490230e-01
-1.097065627368156021e-01 -1.032993410535185536e-01 -8.092475381610375607e-02 -7.996151356234935947e-02 -7.264022534660072306e-02 -6.905488853669337901e-02 -5.890421890662085602e-02 -5.810808726832662058e-02 -5.046523139054104323e-02 -3.970778827445477915e-02 -3.515969944073518011e-02 -2.669387918392179815e-02 -1.832111470895873839e-02 -1.620099812248658455e-02 -1.157458880288455292e-03 1.157458880288558074e-03 1.620099812248671639e-02 1.832111470895897085e-02 2.669387918392193693e-02 3.515969944073510378e-02 3.970778827445466813e-02 5.046523139054100160e-02 5.810808726832632914e-02 5.890421890662132093e-02 6.905488853669371208e-02 7.264022534660148633e-02 7.996151356234938723e-02 8.092475381610420015e-02 1.032993410535181650e-01 1.097065627368150054e-01
-1.097822932254371858e-01 -1.032993216039856110e-01 -8.083300551056565864e-02 -7.996118415153663506e-02 -7.233304678251213649e-02 -6.878081174874899062e-02 -5.895329019646896457e-02 -5.813473609862713359e-02 -5.057221873471190454e-02 -3.970216488109169078e-02 -3.504208456997284088e-02 -2.676488755284194693e-02 -1.858278802330553744e-02 -1.686596839809311604e-02 -1.304819399416647574e-03 1.304819399416737779e-03 1.686596839809348380e-02 1.858278802330549928e-02 2.676488755284191223e-02 3.504208456997261190e-02 3.970216488109164221e-02 5.057221873471158535e-02 5.813473609862642583e-02 5.895329019646856211e-02 6.878081174874868531e-02 7.233304678251285813e-02 7.996118415153655179e-02 8.083300551056539496e-02 1.032993216039858747e-01 1.097822932254380185e-01
-1.098563171997337939e-01 -1.032993025364503520e-01 -8.074336105857911339e-02 -7.996076614808909910e-02 -7.203491483923073202e-02 -6.850563103618442784e-02 -5.900239714120561474e-02 -5.815709296151691521e-02 -5.066458947844423161e-02 -3.969706128617365298e-02 -3.492508283897743926e-02 -2.683830353144601652e-02 -1.905013082871333946e-02 -1.732175966079859200e-02 -1.450063235834904906e-03 1.450063235834910327e-03 1.732175966079869608e-02 1.905013082871311048e-02 2.683830353144590897e-02 3.492508283897755028e-02 3.969706128617356278e-02 5.066458947844430794e-02 5.815709296151661684e-02 5.900239714120520534e-02 6.850563103618391436e-02 7.203491483923116223e-02 7.996076614808918237e-02 8.074336105857948809e-02 1.032993025364502965e-01 1.098563171997341825e-01
-1.099285108361682251e-01 -1.032992838910217204e-01 -8.065599981181284517e-02 -7.996022993995269279e-02 -7.174678197785741562e-02 -6.822996415277214621e-02 -5.905060559977464568e-02 -5.817585117301676823e-02 -5.074151650758880472e-02 -3.969242238030601388e-02 -3.480895704205740765e-02 -2.691441211940212574e-02 -1.971814141882112514e-02 -1.757110053248028131e-02 -1.592647205101768671e-03 1.592647205101760215e-03 1.757110053248029172e-02 1.971814141882101065e-02 2.691441211940195574e-02 3.480895704205765051e-02 3.969242238030577796e-02 5.074151650758826348e-02 5.817585117301644904e-02 5.905060559977452078e-02 6.822996415277192417e-02 7.174678197785769318e-02 7.996022993995303974e-02 8.065599981181309497e-02 1.032992838910215122e-01 1.099285108361683777e-01
-1.099987523278173479e-01 -1.032992657067932224e-01 -8.057111279101025758e-02 -7.995953265754947303e-02 -7.146945509466630375e-02 -6.795466179558166953e-02 -5.909708282447172917e-02 -5.819162411635932924e-02 -5.080212853605303724e-02 -3.968819518328850493e-02 -3.469398197546771923e-02 -2.699368474610783913e-02 -2.049499203381847934e-02 -1.770346399439065230e-02 -1.732102561584735866e-03 1.732102561584732397e-03 1.770346399439025678e-02 2.049499203381857648e-02 2.699368474610770036e-02 3.469398197546709472e-02 3.968819518328822737e-02 5.080212853605275275e-02 5.819162411635929455e-02 5.909708282447163202e-02 6.795466179558173891e-02 7.146945509466669233e-02 7.995953265754944528e-02 8.057111279101060453e-02 1.032992657067930420e-01 1.099987523278173063e-01
-1.100669220821768324e-01 -1.032992480217766462e-01 -8.048891102555991162e-02 -7.995860965488527095e-02 -7.120358103808711869e-02 -6.768081058918926085e-02 -5.914111562149547419e-02 -5.820493482445301958e-02 -5.084552546994158123e-02 -3.968432854089733869e-02 -3.458044745003573117e-02 -2.707690507789822093e-02 -2.131578122552640203e-02 -1.778113756510525320e-02 -1.868016922450776258e-03 1.868016922450703400e-03 1.778113756510539545e-02 2.131578122552637775e-02 2.707690507789871012e-02 3.458044745003604342e-02 3.968432854089757461e-02 5.084552546994176858e-02 5.820493482445313754e-02 5.914111562149591828e-02 6.768081058918926085e-02 7.120358103808724359e-02 7.995860965488574279e-02 8.048891102556027244e-02 1.032992480217772152e-01 1.100669220821776650e-01
-1.101329029339615934e-01 -1.032992308728269554e-01 -8.040964107658196691e-02 -7.995735876523389629e-02 -7.094964340532242120e-02 -6.740971860300844221e-02 -5.918211631219623403e-02 -5.821621894896349125e-02 -5.087080086383140992e-02 -3.968077277615879306e-02 -3.446866204588262123e-02 -2.716539924090211749e-02 -2.214984500771995796e-02 -1.783163675768614093e-02 -2.000021368717640885e-03 2.000021368717549812e-03 1.783163675768618603e-02 2.214984500771995449e-02 2.716539924090196484e-02 3.446866204588244775e-02 3.968077277615888326e-02 5.087080086383100747e-02 5.821621894896316513e-02 5.918211631219563729e-02 6.740971860300840057e-02 7.094964340532246283e-02 7.995735876523404895e-02 8.040964107658170323e-02 1.032992308728274411e-01 1.101329029339615101e-01
-1.101965803723133630e-01 -1.032992142955799081e-01 -8.033361570162353416e-02 -7.995560937464921136e-02 -7.070797059792424677e-02 -6.714288267922330355e-02 -5.921962305032723445e-02 -5.822583428517671966e-02 -5.087707291513677427e-02 -3.967747929768609266e-02 -3.435895794226934141e-02 -2.726148003753407073e-02 -2.298099913637561761e-02 -1.786697664335464703e-02 -2.127781192320303376e-03 2.127781192320255671e-03 1.786697664335512581e-02 2.298099913637536088e-02 2.726148003753356766e-02 3.435895794226913325e-02 3.967747929768600246e-02 5.087707291513638569e-02 5.822583428517691395e-02 5.921962305032687363e-02 6.714288267922323417e-02 7.070797059792409411e-02 7.995560937464865625e-02 8.033361570162347864e-02 1.032992142955796444e-01 1.101965803723140291e-01
-1.102578427816268691e-01 -1.032991983243807671e-01 -8.026127857176992841e-02 -7.995305740408048534e-02 -7.047875339572882980e-02 -6.688193901787212181e-02 -5.925329840259913050e-02 -5.823407242274360879e-02 -5.086352532796169224e-02 -3.967440016814795245e-02 -3.425169737369484352e-02 -2.736935308233644226e-02 -2.379733002320714996e-02 -1.789293325193233239e-02 -2.250989240727083347e-03 2.250989240727172252e-03 1.789293325193264464e-02 2.379733002320730956e-02 2.736935308233630348e-02 3.425169737369470474e-02 3.967440016814782755e-02 5.086352532796158815e-02 5.823407242274394185e-02 5.925329840259986602e-02 6.688193901787252427e-02 7.047875339572953757e-02 7.995305740408058248e-02 8.026127857176977576e-02 1.032991983243807810e-01 1.102578427816262169e-01
-1.103165816948518813e-01 -1.032991829922355886e-01 -8.019335023708297483e-02 -7.994911900614884437e-02 -7.026206908874969848e-02 -6.662860039141547952e-02 -5.928292778971619437e-02 -5.824117011392977716e-02 -5.082945905710516132e-02 -3.967148763905137959e-02 -3.414728165124539250e-02 -2.749705282785508062e-02 -2.458567397931221005e-02 -1.791258431067752413e-02 -2.369361134057187176e-03 2.369361134057300800e-03 1.791258431067779822e-02 2.458567397931242168e-02 2.749705282785534777e-02 3.414728165124532311e-02 3.967148763905140735e-02 5.082945905710511275e-02 5.824117011392947879e-02 5.928292778971636784e-02 6.662860039141534074e-02 7.026206908874944868e-02 7.994911900614906641e-02 8.019335023708276666e-02 1.032991829922362687e-01 1.103165816948519229e-01
-1.103726920578888687e-01 -1.032991683307429992e-01 -8.013116965748838527e-02 -7.994258866185795231e-02 -7.005790873038598987e-02 -6.638458478580287758e-02 -5.930841776381446523e-02 -5.824731928636075334e-02 -5.077435537925947817e-02 -3.966869366551140780e-02 -3.404616440387405601e-02 -2.766055899074375962e-02 -2.532603457842659556e-02 -1.792772571770656284e-02 -2.482631847894552646e-03 2.482631847894574764e-03 1.792772571770669121e-02 2.532603457842630412e-02 2.766055899074381860e-02 3.404616440387390336e-02 3.966869366551106779e-02 5.077435537925931164e-02 5.824731928636093375e-02 5.930841776381440972e-02 6.638458478580257227e-02 7.005790873038640620e-02 7.994258866185779966e-02 8.013116965748848242e-02 1.032991683307431935e-01 1.103726920578886189e-01
-1.104260725033773399e-01 -1.032991543700492315e-01 -8.007740228852029685e-02 -7.993093069073504975e-02 -6.986620431707445122e-02 -6.615154112476362425e-02 -5.932979312859733984e-02 -5.825267538637527581e-02 -5.069794993366277813e-02 -3.966596942927073238e-02 -3.394887206852987421e-02 -2.789080939904581627e-02 -2.598389082758598839e-02 -1.793949050877444856e-02 -2.590553303394750942e-03 2.590553303394881914e-03 1.793949050877505225e-02 2.598389082758611329e-02 2.789080939904627077e-02 3.394887206853000605e-02 3.966596942927080871e-02 5.069794993366364549e-02 5.825267538637516479e-02 5.932979312859852639e-02 6.615154112476319404e-02 6.986620431707483980e-02 7.993093069073535506e-02 8.007740228852071318e-02 1.032991543700486903e-01 1.104260725033777701e-01
-1.104766256319216766e-01 -1.032991411387894909e-01 -8.003646228727215317e-02 -7.990985661251509553e-02 -6.968685343177521974e-02 -6.593097807531968224e-02 -5.934719148733134247e-02 -5.825736411889805705e-02 -5.060031638645440949e-02 -3.966326492453427222e-02 -3.385603741995604765e-02 -2.823391132644335194e-02 -2.650961395026576670e-02 -1.794864325795223273e-02 -2.692892708005795600e-03 2.692892708005812513e-03 1.794864325795236804e-02 2.650961395026558629e-02 2.823391132644334500e-02 3.385603741995622112e-02 3.966326492453432079e-02 5.060031638645456215e-02 5.825736411889793215e-02 5.934719148733124533e-02 6.593097807531959897e-02 6.968685343177512259e-02 7.990985661251502614e-02 8.003646228727226419e-02 1.032991411387897684e-01 1.104766256319217876e-01
-1.105242582985114103e-01 -1.032991286640461970e-01 -8.001100191576447640e-02 -7.987683528723776849e-02 -6.951973981507034162e-02 -6.572420179428296871e-02 -5.936085386092060379e-02 -5.826148681093542420e-02 -5.048195731503746231e-02 -3.966052870614419912e-02 -3.376845777993683212e-02 -2.871428276184482403e-02 -2.687506768727268569e-02 -1.795573065463816620e-02 -2.789431460390554441e-03 2.789431460390649417e-03 1.795573065463781232e-02 2.687506768727261283e-02 2.871428276184484138e-02 3.376845777993684600e-02 3.966052870614419912e-02 5.048195731503732353e-02 5.826148681093494541e-02 5.936085386092066624e-02 6.572420179428285769e-02 6.951973981506967548e-02 7.987683528723726889e-02 8.001100191576410170e-02 1.032991286640468770e-01 1.105242582985122290e-01
-1.105688819016796415e-01 -1.032991169713012025e-01 -7.999727809151729874e-02 -7.983572588867822450e-02 -6.936474919986095056e-02 -6.553226782844183418e-02 -5.937111049892575959e-02 -5.826512467184271488e-02 -5.034389891652795573e-02 -3.965770797366110351e-02 -3.368720270507750969e-02 -2.929605646855809251e-02 -2.711195840652668929e-02 -1.796116330747995690e-02 -2.879964482024204887e-03 2.879964482024239582e-03 1.796116330748010956e-02 2.711195840652665112e-02 2.929605646855820700e-02 3.368720270507778725e-02 3.965770797366113126e-02 5.034389891652810839e-02 5.826512467184253447e-02 5.937111049892568326e-02 6.553226782844213949e-02 6.936474919986115872e-02 7.983572588867836328e-02 7.999727809151682689e-02 1.032991169713013274e-01 1.105688819016798635e-01
-1.106104126726968340e-01 -1.032991060843917869e-01 -7.998981247724179511e-02 -7.979211732453897477e-02 -6.922178041987547825e-02 -6.535595116531123239e-02 -5.937836181798968049e-02 -5.826834221262582048e-02 -5.018778530104751195e-02 -3.965474928150198447e-02 -3.361382767704535618e-02 -2.992222717200287985e-02 -2.727236402659558717e-02 -1.796526243818230908e-02 -2.964299872197519170e-03 2.964299872197509195e-03 1.796526243818219459e-02 2.727236402659555595e-02 2.992222717200305332e-02 3.361382767704525210e-02 3.965474928150206774e-02 5.018778530104778951e-02 5.826834221262587599e-02 5.937836181798988172e-02 6.535595116531137116e-02 6.922178041987563091e-02 7.979211732453844741e-02 7.998981247724232246e-02 1.032991060843917730e-01 1.106104126726960846e-01
-1.106487719619469734e-01 -1.032990960254747265e-01 -7.998541999948925729e-02 -7.974929921949934497e-02 -6.909075223719179926e-02 -6.519573665822626929e-02 -5.938305537654117033e-02 -5.827119004887319764e-02 -5.001596736184684561e-02 -3.965160033892149716e-02 -3.355083281131140960e-02 -3.055233851496080150e-02 -2.739049051917794367e-02 -1.796828762303243066e-02 -3.042258807316807531e-03 3.042258807316918119e-03 1.796828762303242372e-02 2.739049051917818306e-02 3.055233851496074252e-02 3.355083281131189532e-02 3.965160033892146246e-02 5.001596736184752562e-02 5.827119004887272580e-02 5.938305537654093441e-02 6.519573665822633868e-02 6.909075223719146619e-02 7.974929921949919231e-02 7.998541999948899361e-02 1.032990960254741158e-01 1.106487719619466265e-01
-1.106838865194805926e-01 -1.032990868149886027e-01 -7.998262877090654699e-02 -7.970884149297596810e-02 -6.897160655710370125e-02 -6.505182989167045127e-02 -5.938566069450998408e-02 -5.827370726262849632e-02 -4.983158018882913320e-02 -3.964821359986946125e-02 -3.350273587308636586e-02 -3.116031209040393338e-02 -2.748367865636426599e-02 -1.797045380706095707e-02 -3.113675622549952771e-03 3.113675622550055120e-03 1.797045380706069687e-02 2.748367865636443599e-02 3.116031209040386399e-02 3.350273587308637280e-02 3.964821359986948207e-02 4.983158018882897361e-02 5.827370726262787876e-02 5.938566069450990775e-02 6.505182989167067331e-02 6.897160655710339594e-02 7.970884149297582932e-02 7.998262877090664413e-02 1.032990868149882280e-01 1.106838865194803845e-01
-1.107156887666446016e-01 -1.032990784716211891e-01 -7.998074705010883856e-02 -7.967152690453052633e-02 -6.886430876771817977e-02 -6.492418635057041476e-02 -5.938664430482162859e-02 -5.827592344627513521e-02 -4.963860109413267829e-02 -3.964455261350658538e-02 -3.347878293618199164e-02 -3.172361272792288689e-02 -2.756044483787942548e-02 -1.797194199671718964e-02 -3.178398026186465570e-03 3.178398026186425671e-03 1.797194199671713760e-02 2.756044483787914445e-02 3.172361272792287995e-02 3.347878293618218593e-02 3.964455261350650211e-02 4.963860109413274074e-02 5.827592344627502419e-02 5.938664430482197554e-02 6.492418635057047027e-02 6.886430876771859610e-02 7.967152690453037367e-02 7.998074705010888019e-02 1.032990784716211752e-01 1.107156887666437550e-01
-1.107441170556622279e-01 -1.032990710122784345e-01 -7.997942401780451516e-02 -7.963778979558400195e-02 -6.876884591692493387e-02 -6.481255492670852381e-02 -5.938644750732724464e-02 -5.827786050271684115e-02 -4.944187677584586244e-02 -3.964060229533505897e-02 -3.349966867822372352e-02 -3.221184093335965198e-02 -2.762510158606800229e-02 -1.797290609883529788e-02 -3.236287406027499401e-03 3.236287406027610856e-03 1.797290609883546095e-02 2.762510158606768310e-02 3.221184093335993648e-02 3.349966867822356392e-02 3.964060229533469815e-02 4.944187677584539059e-02 5.827786050271631380e-02 5.938644750732689770e-02 6.481255492670887075e-02 6.876884591692535020e-02 7.963778979558375215e-02 7.997942401780464006e-02 1.032990710122784761e-01 1.107441170556621585e-01
-1.107691159140576503e-01 -1.032990644520559304e-01 -7.997846754328420682e-02 -7.960789786082808628e-02 -6.868522336890839353e-02 -6.471653068007174325e-02 -5.938546885635023059e-02 -5.827953423623070256e-02 -4.924710242080338612e-02 -3.963638408976862676e-02 -3.360629017165372295e-02 -3.257580123639683412e-02 -2.767990220177236893e-02 -1.797347734354283119e-02 -3.287219193773388906e-03 3.287219193773343370e-03 1.797347734354281037e-02 2.767990220177237934e-02 3.257580123639683412e-02 3.360629017165357724e-02 3.963638408976860594e-02 4.924710242080388573e-02 5.827953423623077195e-02 5.938546885634990447e-02 6.471653068007229836e-02 6.868522336890806046e-02 7.960789786082782260e-02 7.997846754328444274e-02 1.032990644520567075e-01 1.107691159140578724e-01
-1.107906362708757642e-01 -1.032990588042175251e-01 -7.997776542772594421e-02 -7.958203047042293476e-02 -6.861346049812261372e-02 -6.463561152140075150e-02 -5.938405257519323993e-02 -5.828095574133295570e-02 -4.906072809470081453e-02 -3.963197584738798601e-02 -3.382852181672802577e-02 -3.277775827087137800e-02 -2.772603760211618182e-02 -1.797376715840990138e-02 -3.331083258480219741e-03 3.331083258480182878e-03 1.797376715840962383e-02 2.772603760211636570e-02 3.277775827087091309e-02 3.382852181672787312e-02 3.963197584738791662e-02 4.906072809470061330e-02 5.828095574133311529e-02 5.938405257519311503e-02 6.463561152140052946e-02 6.861346049812226677e-02 7.958203047042293476e-02 7.997776542772495889e-02 1.032990588042171642e-01 1.107906362708745984e-01
-1.108086356618157436e-01 -1.032990540801706492e-01 -7.997724883222631642e-02 -7.956031484244566188e-02 -6.855358589784901757e-02 -6.456925401024260491e-02 -5.938248308229149286e-02 -5.828213258421761217e-02 -4.888976116412495354e-02 -3.962753331651264893e-02 -3.411709405654657357e-02 -3.285919549828603126e-02 -2.776412572095901879e-02 -1.797386903350517429e-02 -3.367784304253529891e-03 3.367784304253689052e-03 1.797386903350511878e-02 2.776412572095890430e-02 3.285919549828589248e-02 3.411709405654670541e-02 3.962753331651307914e-02 4.888976116412505069e-02 5.828213258421738319e-02 5.938248308229168715e-02 6.456925401024286859e-02 6.855358589784922574e-02 7.956031484244575902e-02 7.997724883222630254e-02 1.032990540801706630e-01 1.108086356618156326e-01
-1.108230784105892069e-01 -1.032990502894514800e-01 -7.997687406843513591e-02 -7.954284389478070982e-02 -6.850563250964934736e-02 -6.451692451043915255e-02 -5.938098487774205736e-02 -5.828306977122123256e-02 -4.874143351569265592e-02 -3.962330498491991454e-02 -3.439877685476079583e-02 -3.288564403930292063e-02 -2.779446826325143727e-02 -1.797385972229843115e-02 -3.397242250835114368e-03 3.397242250834943064e-03 1.797385972229846932e-02 2.779446826325148584e-02 3.288564403930274715e-02 3.439877685476105951e-02 3.962330498492020597e-02 4.874143351569283633e-02 5.828306977122139909e-02 5.938098487774150919e-02 6.451692451043901377e-02 6.850563250964927797e-02 7.954284389478058492e-02 7.997687406843538571e-02 1.032990502894509111e-01 1.108230784105886241e-01
-1.108339357840454203e-01 -1.032990474397042779e-01 -7.997661298537406260e-02 -7.952968554936631906e-02 -6.846963301907055266e-02 -6.447814318578112824e-02 -5.937972635764213192e-02 -5.828377050700000311e-02 -4.862271760872131920e-02 -3.961962609827458792e-02 -3.463184586684039251e-02 -3.289151773078301255e-02 -2.781719425865195050e-02 -1.797380000375776651e-02 -3.419392578868227488e-03 3.419392578868364965e-03 1.797380000375807876e-02 2.781719425865222112e-02 3.289151773078305419e-02 3.463184586684063537e-02 3.961962609827498344e-02 4.862271760872202697e-02 5.828377050699995454e-02 5.937972635764181967e-02 6.447814318578132253e-02 6.846963301907067756e-02 7.952968554936649948e-02 7.997661298537414587e-02 1.032990474397045694e-01 1.108339357840455452e-01
-1.108411861189758790e-01 -1.032990455366768479e-01 -7.997644767411316025e-02 -7.952088777289445520e-02 -6.844561580834035430e-02 -6.445251946571858848e-02 -5.937882578041570741e-02 -5.828423675617648569e-02 -4.853971330215944152e-02 -3.961687649571756648e-02 -3.479585394590645198e-02 -3.289087379864667759e-02 -2.783234447954757024e-02 -1.797373515497908275e-02 -3.434186624625286920e-03 3.434186624625384932e-03 1.797373515497896826e-02 2.783234447954762575e-02 3.289087379864641392e-02 3.479585394590636871e-02 3.961687649571739994e-02 4.853971330215895580e-02 5.828423675617606936e-02 5.937882578041569354e-02 6.445251946571874113e-02 6.844561580834032655e-02 7.952088777289399724e-02 7.997644767411271616e-02 1.032990455366762234e-01 1.108411861189764480e-01
-1.108448149188001886e-01 -1.032990445842030813e-01 -7.997636750037727393e-02 -7.951648134875860530e-02 -6.843360170412418619e-02 -6.443977847974745321e-02 -5.937835759559241533e-02 -5.828446963104053774e-02 -4.849698510574672328e-02 -3.961539865887178657e-02 -3.488022922640710011e-02 -3.288947835214029586e-02 -2.783992214893481892e-02 -1.797369523347314493e-02 -3.441591811919410965e-03 3.441591811919486425e-03 1.797369523347310677e-02 2.783992214893523526e-02 3.288947835214026116e-02 3.488022922640729440e-02 3.961539865887220985e-02 4.849698510574684818e-02 5.828446963104068346e-02 5.937835759559210308e-02 6.443977847974750872e-02 6.843360170412404742e-02 7.951648134875866081e-02 7.997636750037748210e-02 1.032990445842031230e-01 1.108448149187993559e-01
-1.108448149188005216e-01 -1.032990445842035393e-01 -7.997636750037750986e-02 -7.951648134875861917e-02 -6.843360170412364496e-02 -6.443977847974753648e-02 -5.937835759559158960e-02 -5.828446963104027406e-02 -4.849698510574680654e-02 -3.961539865887192535e-02 -3.488022922640698215e-02 -3.288947835214037219e-02 -2.783992214893518322e-02 -1.797369523347308595e-02 -3.441591811919325096e-03 3.441591811919547141e-03 1.797369523347313106e-02 2.783992214893505832e-02 3.288947835214064280e-02 3.488022922640723888e-02 3.961539865887214046e-02 4.849698510574709798e-02 5.828446963104023937e-02 5.937835759559199900e-02 6.443977847974730055e-02 6.843360170412382537e-02 7.951648134875889673e-02 7.997636750037756537e-02 1.032990445842033728e-01 1.108448149187991894e-01
-1.108411861189765868e-01 -1.032990455366769311e-01 -7.997644767411329902e-02 -7.952088777289365029e-02 -6.844561580834035430e-02 -6.445251946571875501e-02 -5.937882578041608211e-02 -5.828423675617676325e-02 -4.853971330215884478e-02 -3.961687649571730280e-02 -3.479585394590625075e-02 -3.289087379864646249e-02 -2.783234447954744881e-02 -1.797373515497897520e-02 -3.434186624625256128e-03 3.434186624625296894e-03 1.797373515497886071e-02 2.783234447954735513e-02 3.289087379864639310e-02 3.479585394590677117e-02 3.961687649571734443e-02 4.853971330215908070e-02 5.828423675617626365e-02 5.937882578041572129e-02 6.445251946571860235e-02 6.844561580834053471e-02 7.952088777289423316e-02 7.997644767411292432e-02 1.032990455366763760e-01 1.108411861189766701e-01
-1.108339357840461142e-01 -1.032990474397042779e-01 -7.997661298537402097e-02 -7.952968554936656886e-02 -6.846963301907046939e-02 -6.447814318578136417e-02 -5.937972635764196538e-02 -5.828377050700005169e-02 -4.862271760872203391e-02 -3.961962609827452547e-02 -3.463184586684057292e-02 -3.289151773078322766e-02 -2.781719425865184989e-02 -1.797380000375798162e-02 -3.419392578868254377e-03 3.419392578868510682e-03 1.797380000375802325e-02 2.781719425865199560e-02 3.289151773078336644e-02 3.463184586684020516e-02 3.961962609827470588e-02 4.862271760872169390e-02 5.828377050700045414e-02 5.937972635764204171e-02 6.447814318578116988e-02 6.846963301907019184e-02 7.952968554936683254e-02 7.997661298537438179e-02 1.032990474397046804e-01 1.108339357840459616e-01
-1.108230784105883465e-01 -1.032990502894510082e-01 -7.997687406843495550e-02 -7.954284389478025186e-02 -6.850563250964945838e-02 -6.451692451043934684e-02 -5.938098487774216838e-02 -5.828306977122151011e-02 -4.874143351569257265e-02 -3.962330498492010189e-02 -3.439877685476119829e-02 -3.288564403930285124e-02 -2.779446826325190911e-02 -1.797385972229847279e-02 -3.397242250835065362e-03 3.397242250835078373e-03 1.797385972229853177e-02 2.779446826325143033e-02 3.288564403930280960e-02 3.439877685476103175e-02 3.962330498492021291e-02 4.874143351569250326e-02 5.828306977122141991e-02 5.938098487774204348e-02 6.451692451043901377e-02 6.850563250964923634e-02 7.954284389478040451e-02 7.997687406843489999e-02 1.032990502894503976e-01 1.108230784105883882e-01
-1.108086356618152996e-01 -1.032990540801703994e-01 -7.997724883222563641e-02 -7.956031484244500962e-02 -6.855358589784915635e-02 -6.456925401024279920e-02 -5.938248308229163858e-02 -5.828213258421754972e-02 -4.888976116412535600e-02 -3.962753331651277383e-02 -3.411709405654679561e-02 -3.285919549828592023e-02 -2.776412572095920614e-02 -1.797386903350539980e-02 -3.367784304253623132e-03 3.367784304253570223e-03 1.797386903350512918e-02 2.776412572095891471e-02 3.285919549828593411e-02 3.411709405654650418e-02 3.962753331651278771e-02 4.888976116412545314e-02 5.828213258421756360e-02 5.938248308229182593e-02 6.456925401024289635e-02 6.855358589784885104e-02 7.956031484244538432e-02 7.997724883222570580e-02 1.032990540801711488e-01 1.108086356618157020e-01
-1.107906362708752368e-01 -1.032990588042176222e-01 -7.997776542772570829e-02 -7.958203047042292089e-02 -6.861346049812237780e-02 -6.463561152140083477e-02 -5.938405257519312891e-02 -5.828095574133318468e-02 -4.906072809470086310e-02 -3.963197584738815255e-02 -3.382852181672811598e-02 -3.277775827087114902e-02 -2.772603760211632407e-02 -1.797376715840987016e-02 -3.331083258480256170e-03 3.331083258480196322e-03 1.797376715840972444e-02 2.772603760211617141e-02 3.277775827087097554e-02 3.382852181672779679e-02 3.963197584738794438e-02 4.906072809470061330e-02 5.828095574133330958e-02 5.938405257519305258e-02 6.463561152140052946e-02 6.861346049812218351e-02 7.958203047042303191e-02 7.997776542772545849e-02 1.032990588042177749e-01 1.107906362708747511e-01
-1.107691159140580667e-01 -1.032990644520559304e-01 -7.997846754328438723e-02 -7.960789786082773933e-02 -6.868522336890789393e-02 -6.471653068007186815e-02 -5.938546885634951589e-02 -5.827953423623108420e-02 -4.924710242080337919e-02 -3.963638408976860594e-02 -3.360629017165336213e-02 -3.257580123639690350e-02 -2.767990220177215036e-02 -1.797347734354279650e-02 -3.287219193773470004e-03 3.287219193773415794e-03 1.797347734354271670e-02 2.767990220177248342e-02 3.257580123639673697e-02 3.360629017165341764e-02 3.963638408976820349e-02 4.924710242080408001e-02 5.827953423623082052e-02 5.938546885634970324e-02 6.471653068007209020e-02 6.868522336890828250e-02 7.960789786082811403e-02 7.997846754328448438e-02 1.032990644520553891e-01 1.107691159140577614e-01
-1.107441170556630189e-01 -1.032990710122784900e-01 -7.997942401780468169e-02 -7.963778979558354398e-02 -6.876884591692511428e-02 -6.481255492670823237e-02 -5.938644750732677280e-02 -5.827786050271635543e-02 -4.944187677584550855e-02 -3.964060229533473978e-02 -3.349966867822354311e-02 -3.221184093335976995e-02 -2.762510158606775942e-02 -1.797290609883542972e-02 -3.236287406027412664e-03 3.236287406027449527e-03 1.797290609883538809e-02 2.762510158606798841e-02 3.221184093335972137e-02 3.349966867822369576e-02 3.964060229533511448e-02 4.944187677584593876e-02 5.827786050271635543e-02 5.938644750732662014e-02 6.481255492670881524e-02 6.876884591692518367e-02 7.963778979558364113e-02 7.997942401780437638e-02 1.032990710122789063e-01 1.107441170556621585e-01
-1.107156887666436440e-01 -1.032990784716206617e-01 -7.998074705010915775e-02 -7.967152690453060959e-02 -6.886430876771816589e-02 -6.492418635057062293e-02 -5.938664430482198942e-02 -5.827592344627556542e-02 -4.963860109413272687e-02 -3.964455261350682824e-02 -3.347878293618194306e-02 -3.172361272792303954e-02 -2.756044483787916527e-02 -1.797194199671727985e-02 -3.178398026186531056e-03 3.178398026186493759e-03 1.797194199671720005e-02 2.756044483787942548e-02 3.172361272792317138e-02 3.347878293618217899e-02 3.964455261350673110e-02 4.963860109413287952e-02 5.827592344627533644e-02 5.938664430482121226e-02 6.492418635057060905e-02 6.886430876771836018e-02 7.967152690453063735e-02 7.998074705010931040e-02 1.032990784716218136e-01 1.107156887666435469e-01
-1.106838865194805371e-01 -1.032990868149882419e-01 -7.998262877090629719e-02 -7.970884149297600973e-02 -6.897160655710331267e-02 -6.505182989167050678e-02 -5.938566069450968571e-02 -5.827370726262869061e-02 -4.983158018882868218e-02 -3.964821359986980820e-02 -3.350273587308630341e-02 -3.116031209040407216e-02 -2.748367865636440477e-02 -1.797045380706080095e-02 -3.113675622550024329e-03 3.113675622549959710e-03 1.797045380706051992e-02 2.748367865636421048e-02 3.116031209040397501e-02 3.350273587308637280e-02 3.964821359986975963e-02 4.983158018882872381e-02 5.827370726262853101e-02 5.938566069451015061e-02 6.505182989167031249e-02 6.897160655710353472e-02 7.970884149297653709e-02 7.998262877090625556e-02 1.032990868149883529e-01 1.106838865194805094e-01
-1.106487719619465154e-01 -1.032990960254741575e-01 -7.998541999948940995e-02 -7.974929921949863720e-02 -6.909075223719145231e-02 -6.519573665822668562e-02 -5.938305537654092053e-02 -5.827119004887306580e-02 -5.001596736184724806e-02 -3.965160033892150410e-02 -3.355083281131204104e-02 -3.055233851496056904e-02 -2.739049051917814490e-02 -1.796828762303237861e-02 -3.042258807316856970e-03 3.042258807316874317e-03 1.796828762303255556e-02 2.739049051917802347e-02 3.055233851496060374e-02 3.355083281131153450e-02 3.965160033892147634e-02 5.001596736184715092e-02 5.827119004887322540e-02 5.938305537654087196e-02 6.519573665822636643e-02 6.909075223719153558e-02 7.974929921949865108e-02 7.998541999948931280e-02 1.032990960254744767e-01 1.106487719619470428e-01
-1.106104126726973891e-01 -1.032991060843908571e-01 -7.998981247724165633e-02 -7.979211732453778128e-02 -6.922178041987529784e-02 -6.535595116531135729e-02 -5.937836181798972213e-02 -5.826834221262564006e-02 -5.018778530104699848e-02 -3.965474928150190120e-02 -3.361382767704505087e-02 -2.992222717200264739e-02 -2.727236402659573983e-02 -1.796526243818225704e-02 -2.964299872197496619e-03 2.964299872197469730e-03 1.796526243818242011e-02 2.727236402659619433e-02 2.992222717200329965e-02 3.361382767704497454e-02 3.965474928150212325e-02 5.018778530104761604e-02 5.826834221262575803e-02 5.937836181798978458e-02 6.535595116531073279e-02 6.922178041987532560e-02 7.979211732453843353e-02 7.998981247724205879e-02 1.032991060843908571e-01 1.106104126726964870e-01
-1.105688819016795166e-01 -1.032991169713011054e-01 -7.999727809151664648e-02 -7.983572588867818287e-02 -6.936474919986065912e-02 -6.553226782844258358e-02 -5.937111049892539877e-02 -5.826512467184258998e-02 -5.034389891652737981e-02 -3.965770797366111045e-02 -3.368720270507757214e-02 -2.929605646855809251e-02 -2.711195840652629030e-02 -1.796116330748003670e-02 -2.879964482024091263e-03 2.879964482024181035e-03 1.796116330748017548e-02 2.711195840652669969e-02 2.929605646855816536e-02 3.368720270507790521e-02 3.965770797366141576e-02 5.034389891652733123e-02 5.826512467184260385e-02 5.937111049892566245e-02 6.553226782844183418e-02 6.936474919986088117e-02 7.983572588867855757e-02 7.999727809151696567e-02 1.032991169713012580e-01 1.105688819016800301e-01
-1.105242582985116878e-01 -1.032991286640464190e-01 -8.001100191576425436e-02 -7.987683528723696358e-02 -6.951973981506993916e-02 -6.572420179428288545e-02 -5.936085386092085359e-02 -5.826148681093472337e-02 -5.048195731503771905e-02 -3.966052870614462933e-02 -3.376845777993713743e-02 -2.871428276184500444e-02 -2.687506768727258161e-02 -1.795573065463811069e-02 -2.789431460390735286e-03 2.789431460390558778e-03 1.795573065463789211e-02 2.687506768727241854e-02 2.871428276184492812e-02 3.376845777993654762e-02 3.966052870614417136e-02 5.048195731503739292e-02 5.826148681093519521e-02 5.936085386092033317e-02 6.572420179428289932e-02 6.951973981506957834e-02 7.987683528723731052e-02 8.001100191576403231e-02 1.032991286640469186e-01 1.105242582985116462e-01
-1.104766256319220236e-01 -1.032991411387897962e-01 -8.003646228727220868e-02 -7.990985661251495675e-02 -6.968685343177515035e-02 -6.593097807531934917e-02 -5.934719148733152289e-02 -5.825736411889787664e-02 -5.060031638645447194e-02 -3.966326492453462610e-02 -3.385603741995624194e-02 -2.823391132644322704e-02 -2.650961395026560710e-02 -1.794864325795219456e-02 -2.692892708005821620e-03 2.692892708005991623e-03 1.794864325795213558e-02 2.650961395026572506e-02 2.823391132644328949e-02 3.385603741995613786e-02 3.966326492453430691e-02 5.060031638645406254e-02 5.825736411889783500e-02 5.934719148733118288e-02 6.593097807531975163e-02 6.968685343177531688e-02 7.990985661251470695e-02 8.003646228727190337e-02 1.032991411387900738e-01 1.104766256319218293e-01
-1.104260725033775342e-01 -1.032991543700491760e-01 -8.007740228852042175e-02 -7.993093069073517465e-02 -6.986620431707482592e-02 -6.615154112476365200e-02 -5.932979312859839455e-02 -5.825267538637550480e-02 -5.069794993366311120e-02 -3.966596942927098912e-02 -3.394887206852991585e-02 -2.789080939904584749e-02 -2.598389082758598145e-02 -1.793949050877476081e-02 -2.590553303394681553e-03 2.590553303394625608e-03 1.793949050877491000e-02 2.598389082758594329e-02 2.789080939904637832e-02 3.394887206853007544e-02 3.966596942927118341e-02 5.069794993366315283e-02 5.825267538637522724e-02 5.932979312859763821e-02 6.615154112476337445e-02 6.986620431707483980e-02 7.993093069073549384e-02 8.007740228852061604e-02 1.032991543700489678e-01 1.104260725033778534e-01
-1.103726920578884385e-01 -1.032991683307427772e-01 -8.013116965748841303e-02 -7.994258866185798007e-02 -7.005790873038600375e-02 -6.638458478580260003e-02 -5.930841776381438890e-02 -5.824731928636065620e-02 -5.077435537925913817e-02 -3.966869366551099840e-02 -3.404616440387392418e-02 -2.766055899074389146e-02 -2.532603457842633535e-02 -1.792772571770674325e-02 -2.482631847894589076e-03 2.482631847894582137e-03 1.792772571770658713e-02 2.532603457842665454e-02 2.766055899074396085e-02 3.404616440387357723e-02 3.966869366551117188e-02 5.077435537925908959e-02 5.824731928636043415e-02 5.930841776381436115e-02 6.638458478580236410e-02 7.005790873038612865e-02 7.994258866185810497e-02 8.013116965748838527e-02 1.032991683307432074e-01 1.103726920578888271e-01
-1.103165816948521311e-01 -1.032991829922364213e-01 -8.019335023708311361e-02 -7.994911900614924682e-02 -7.026206908875007318e-02 -6.662860039141584034e-02 -5.928292778971633314e-02 -5.824117011392920124e-02 -5.082945905710553602e-02 -3.967148763905168490e-02 -3.414728165124541331e-02 -2.749705282785526450e-02 -2.458567397931233148e-02 -1.791258431067788842e-02 -2.369361134057187609e-03 2.369361134057204523e-03 1.791258431067776005e-02 2.458567397931223433e-02 2.749705282785497307e-02 3.414728165124519127e-02 3.967148763905144898e-02 5.082945905710506418e-02 5.824117011392933307e-02 5.928292778971633314e-02 6.662860039141552115e-02 7.026206908874964296e-02 7.994911900614908029e-02 8.019335023708283605e-02 1.032991829922353944e-01 1.103165816948523531e-01
-1.102578427816265638e-01 -1.032991983243808087e-01 -8.026127857177006719e-02 -7.995305740408070738e-02 -7.047875339572905184e-02 -6.688193901787239937e-02 -5.925329840259900560e-02 -5.823407242274357409e-02 -5.086352532796153958e-02 -3.967440016814793163e-02 -3.425169737369479495e-02 -2.736935308233639369e-02 -2.379733002320703894e-02 -1.789293325193279730e-02 -2.250989240727105465e-03 2.250989240726989672e-03 1.789293325193288056e-02 2.379733002320704588e-02 2.736935308233641451e-02 3.425169737369493372e-02 3.967440016814785531e-02 5.086352532796165060e-02 5.823407242274328266e-02 5.925329840259923458e-02 6.688193901787264917e-02 7.047875339572852449e-02 7.995305740408029105e-02 8.026127857176999780e-02 1.032991983243813777e-01 1.102578427816269940e-01
-1.101965803723129605e-01 -1.032992142955797138e-01 -8.033361570162358967e-02 -7.995560937464930851e-02 -7.070797059792438555e-02 -6.714288267922322029e-02 -5.921962305032667240e-02 -5.822583428517720538e-02 -5.087707291513687141e-02 -3.967747929768605103e-02 -3.435895794226962591e-02 -2.726148003753372726e-02 -2.298099913637538169e-02 -1.786697664335466784e-02 -2.127781192320266513e-03 2.127781192320358453e-03 1.786697664335519173e-02 2.298099913637529843e-02 2.726148003753359889e-02 3.435895794226959815e-02 3.967747929768598858e-02 5.087707291513697550e-02 5.822583428517704579e-02 5.921962305032707485e-02 6.714288267922303988e-02 7.070797059792431616e-02 7.995560937464911422e-02 8.033361570162346477e-02 1.032992142955790338e-01 1.101965803723126969e-01
-1.101329029339614962e-01 -1.032992308728273995e-01 -8.040964107658148119e-02 -7.995735876523359098e-02 -7.094964340532312896e-02 -6.740971860300866425e-02 -5.918211631219607444e-02 -5.821621894896381044e-02 -5.087080086383065358e-02 -3.968077277615864734e-02 -3.446866204588267674e-02 -2.716539924090212790e-02 -2.214984500771984693e-02 -1.783163675768605072e-02 -2.000021368717627007e-03 2.000021368717591012e-03 1.783163675768598827e-02 2.214984500772002735e-02 2.716539924090199606e-02 3.446866204588250326e-02 3.968077277615857795e-02 5.087080086383172911e-02 5.821621894896339411e-02 5.918211631219562341e-02 6.740971860300859486e-02 7.094964340532287916e-02 7.995735876523366037e-02 8.040964107658178650e-02 1.032992308728273717e-01 1.101329029339608717e-01
-1.100669220821775401e-01 -1.032992480217765074e-01 -8.048891102556018917e-02 -7.995860965488549299e-02 -7.120358103808674399e-02 -6.768081058918902493e-02 -5.914111562149555051e-02 -5.820493482445334571e-02 -5.084552546994165756e-02 -3.968432854089795625e-02 -3.458044745003612669e-02 -2.707690507789831461e-02 -2.131578122552637428e-02 -1.778113756510522198e-02 -1.868016922450779077e-03 1.868016922450668705e-03 1.778113756510551341e-02 2.131578122552667612e-02 2.707690507789863726e-02 3.458044745003645282e-02 3.968432854089783135e-02 5.084552546994208083e-02 5.820493482445303346e-02 5.914111562149583501e-02 6.768081058918892778e-02 7.120358103808747952e-02 7.995860965488517380e-02 8.048891102556002264e-02 1.032992480217766046e-01 1.100669220821778455e-01
-1.099987523278172785e-01 -1.032992657067918624e-01 -8.057111279101066004e-02 -7.995953265754948691e-02 -7.146945509466648416e-02 -6.795466179558189157e-02 -5.909708282447213162e-02 -5.819162411635944027e-02 -5.080212853605227397e-02 -3.968819518328836615e-02 -3.469398197546774004e-02 -2.699368474610777668e-02 -2.049499203381849322e-02 -1.770346399439041984e-02 -1.732102561584609231e-03 1.732102561584736517e-03 1.770346399439054128e-02 2.049499203381852791e-02 2.699368474610775240e-02 3.469398197546715717e-02 3.968819518328830370e-02 5.080212853605257234e-02 5.819162411635935700e-02 5.909708282447172917e-02 6.795466179558191933e-02 7.146945509466641477e-02 7.995953265755015305e-02 8.057111279101092371e-02 1.032992657067933751e-01 1.099987523278174728e-01
-1.099285108361686136e-01 -1.032992838910212346e-01 -8.065599981181312272e-02 -7.996022993995298422e-02 -7.174678197785713807e-02 -6.822996415277188254e-02 -5.905060559977381301e-02 -5.817585117301728864e-02 -5.074151650758813165e-02 -3.969242238030563225e-02 -3.480895704205753255e-02 -2.691441211940152900e-02 -1.971814141882057003e-02 -1.757110053248009396e-02 -1.592647205101703836e-03 1.592647205101827652e-03 1.757110053248052070e-02 1.971814141882108351e-02 2.691441211940248657e-02 3.480895704205744234e-02 3.969242238030601388e-02 5.074151650758824267e-02 5.817585117301640740e-02 5.905060559977456935e-02 6.822996415277168825e-02 7.174678197785741562e-02 7.996022993995324790e-02 8.065599981181310885e-02 1.032992838910212485e-01 1.099285108361688634e-01
-1.098563171997339466e-01 -1.032993025364513234e-01 -8.074336105857977952e-02 -7.996076614808957095e-02 -7.203491483923187000e-02 -6.850563103618431682e-02 -5.900239714120553841e-02 -5.815709296151671398e-02 -5.066458947844384997e-02 -3.969706128617349339e-02 -3.492508283897750865e-02 -2.683830353144597836e-02 -1.905013082871335681e-02 -1.732175966079865445e-02 -1.450063235834921603e-03 1.450063235834931361e-03 1.732175966079859547e-02 1.905013082871324231e-02 2.683830353144597142e-02 3.492508283897758498e-02 3.969706128617355584e-02 5.066458947844389160e-02 5.815709296151691521e-02 5.900239714120572576e-02 6.850563103618426131e-02 7.203491483923117611e-02 7.996076614808958483e-02 8.074336105857971013e-02 1.032993025364507961e-01 1.098563171997336274e-01
-1.097822932254371026e-01 -1.032993216039857221e-01 -8.083300551056597782e-02 -7.996118415153678771e-02 -7.233304678251278874e-02 -6.878081174874908776e-02 -5.895329019646875640e-02 -5.813473609862683522e-02 -5.057221873471143270e-02 -3.970216488109153813e-02 -3.504208456997263271e-02 -2.676488755284173876e-02 -1.858278802330547153e-02 -1.686596839809338319e-02 -1.304819399416678799e-03 1.304819399416663186e-03 1.686596839809329645e-02 1.858278802330547846e-02 2.676488755284213428e-02 3.504208456997249393e-02 3.970216488109173936e-02 5.057221873471127310e-02 5.813473609862698094e-02 5.895329019646868007e-02 6.878081174874878245e-02 7.233304678251264996e-02 7.996118415153660730e-02 8.083300551056565864e-02 1.032993216039855000e-01 1.097822932254375189e-01
-1.097065627368150886e-01 -1.032993410535184009e-01 -8.092475381610372831e-02 -7.996151356234927621e-02 -7.264022534660112551e-02 -6.905488853669365656e-02 -5.890421890662071031e-02 -5.810808726832644017e-02 -5.046523139054101548e-02 -3.970778827445462650e-02 -3.515969944073490255e-02 -2.669387918392189876e-02 -1.832111470895918595e-02 -1.620099812248659843e-02 -1.157458880288582143e-03 1.157458880288504298e-03 1.620099812248654986e-02 1.832111470895902636e-02 2.669387918392174264e-02 3.515969944073515929e-02 3.970778827445479997e-02 5.046523139054100160e-02 5.810808726832614179e-02 5.890421890662100174e-02 6.905488853669344840e-02 7.264022534660095898e-02 7.996151356234945662e-02 8.092475381610425567e-02 1.032993410535184564e-01 1.097065627368155188e-01
-1.096292513914498834e-01 -1.032993608440088279e-01 -8.101843356704375998e-02 -7.996177559695957782e-02 -7.295537652024085273e-02 -6.932745885614491343e-02 -5.885618021251039916e-02 -5.807640534805614402e-02 -5.034440070700176018e-02 -3.971398895880442342e-02 -3.527767418228281576e-02 -2.662510778377040477e-02 -1.817703316517720741e-02 -1.541725222916716896e-02 -1.008624809481021125e-03 1.008624809481123473e-03 1.541725222916729039e-02 1.817703316517664536e-02 2.662510778377058171e-02 3.527767418228321128e-02 3.971398895880409730e-02 5.034440070700200998e-02 5.807640534805622728e-02 5.885618021251058651e-02 6.932745885614487180e-02 7.295537652024126907e-02 7.996177559695918924e-02 8.101843356704330201e-02 1.032993608440084116e-01 1.096292513914496197e-01
-1.095504865136838479e-01 -1.032993809335638474e-01 -8.111387648309541232e-02 -7.996198598426645932e-02 -7.327733520377613385e-02 -6.959830700358453359e-02 -5.881016854050800241e-02 -5.803896149313331893e-02 -5.021044081722171593e-02 -3.972082700843010405e-02 -3.539576298082272587e-02 -2.655847405308199918e-02 -1.808604089522873604e-02 -1.458173272058674308e-02 -8.590965456864691581e-04 8.590965456864421614e-04 1.458173272058662165e-02 1.808604089522872216e-02 2.655847405308157244e-02 3.539576298082289241e-02 3.972082700843021508e-02 5.021044081722118163e-02 5.803896149313275687e-02 5.881016854050739179e-02 6.959830700358450584e-02 7.327733520377635590e-02 7.996198598426682014e-02 8.111387648309584253e-02 1.032993809335645552e-01 1.095504865136839034e-01
-1.094703969423974216e-01 -1.032994012795259292e-01 -8.121091664488123973e-02 -7.996215678037979502e-02 -7.360487844170170157e-02 -6.986736976313713543e-02 -5.876708598872398825e-02 -5.799512484470435714e-02 -5.006400476206224887e-02 -3.972836521336615273e-02 -3.551372573266578514e-02 -2.649392343568442859e-02 -1.801941149721300248e-02 -1.372596768893785679e-02 -7.098416956994363283e-04 7.098416956994765522e-04 1.372596768893787067e-02 1.801941149721323146e-02 2.649392343568449798e-02 3.551372573266577126e-02 3.972836521336602089e-02 5.006400476206228356e-02 5.799512484470453061e-02 5.876708598872440459e-02 6.986736976313741299e-02 7.360487844170147953e-02 7.996215678037962848e-02 8.121091664488086503e-02 1.032994012795261513e-01 1.094703969423964779e-01
-1.093891128934069285e-01 -1.032994218385609314e-01 -8.130938931754726207e-02 -7.996229754763888031e-02 -7.393675794169456139e-02 -7.013470041781243169e-02 -5.872764478034808028e-02 -5.794445694491164728e-02 -4.990568493560566116e-02 -3.973666913563313891e-02 -3.563132657434932987e-02 -2.643142916961687544e-02 -1.796468380842978704e-02 -1.286567495581124321e-02 -5.620912300657775413e-04 5.620912300659770345e-04 1.286567495581125709e-02 1.796468380842998827e-02 2.643142916961657707e-02 3.563132657434900374e-02 3.973666913563273645e-02 4.990568493560566810e-02 5.794445694491178606e-02 5.872764478034822599e-02 7.013470041781237618e-02 7.393675794169429771e-02 7.996229754763915787e-02 8.130938931754712329e-02 1.032994218385603347e-01 1.093891128934066093e-01
-1.093067658358517907e-01 -1.032994425667551480e-01 -8.140913010962273766e-02 -7.996241615315337337e-02 -7.427172916908149347e-02 -7.040043455842473485e-02 -5.869229129998589783e-02 -5.788678538396935941e-02 -4.973601522653715162e-02 -3.974580707005030689e-02 -3.574833266008842214e-02 -2.637098121074119353e-02 -1.791594548614983476e-02 -1.201067424809909231e-02 -4.174484338551231652e-04 4.174484338551813327e-04 1.201067424809908538e-02 1.791594548614984517e-02 2.637098121074105475e-02 3.574833266008817928e-02 3.974580707005041097e-02 4.973601522653701285e-02 5.788678538396931778e-02 5.869229129998591865e-02 7.040043455842488751e-02 7.427172916908138245e-02 7.996241615315344275e-02 8.140913010962215479e-02 1.032994425667545374e-01 1.093067658358514160e-01
-1.092234883817470581e-01 -1.032994634197164502e-01 -8.150997431844884955e-02 -7.996251933613429674e-02 -7.460857534443314509e-02 -7.066475994249006576e-02 -5.866117930094058575e-02 -5.782222893855931689e-02 -4.955547430799077391e-02 -3.975584988679441156e-02 -3.586451317484239815e-02 -2.631257884404874722e-02 -1.787011130990791979e-02 -1.116886995500627165e-02 -2.780468240247914902e-04 2.780468240247037782e-04 1.116886995500639135e-02 1.787011130990781224e-02 2.631257884404868130e-02 3.586451317484250223e-02 3.975584988679419646e-02 4.955547430799023961e-02 5.782222893855929607e-02 5.866117930094058575e-02 7.066475994249007964e-02 7.460857534443261774e-02 7.996251933613442164e-02 8.150997431844878016e-02 1.032994634197171024e-01 1.092234883817480018e-01
-1.091394141877198576e-01 -1.032994843526856138e-01 -8.161175637192458199e-02 -7.996261313623524714e-02 -7.494612568351517734e-02 -7.092789151215452004e-02 -5.863420028241693449e-02 -5.775116606551900650e-02 -4.936448966951304668e-02 -3.976687072721032251e-02 -3.597963858393493641e-02 -2.625622567781129776e-02 -1.782544018031518782e-02 -1.034808743228004396e-02 -1.467766716771876567e-04 1.467766716770940629e-04 1.034808743228003876e-02 1.782544018031518435e-02 2.625622567781138103e-02 3.597963858393492947e-02 3.976687072721039190e-02 4.936448966951297729e-02 5.775116606551944365e-02 5.863420028241731613e-02 7.092789151215467269e-02 7.494612568351521897e-02 7.996261313623541367e-02 8.161175637192477628e-02 1.032994843526855167e-01 1.091394141877196494e-01
-1.090546778677979473e-01 -1.032995053206420821e-01 -8.171430930942276405e-02 -7.996270324432554200e-02 -7.528326801532946033e-02 -7.119005176921364142e-02 -5.861105446052754936e-02 -5.767416320918111045e-02 -4.916344210024067851e-02 -3.977894451836098966e-02 -3.609348013045225040e-02 -2.620192621890580706e-02 -1.778088996579059097e-02 -9.557191607710676523e-03 -2.760069740028598518e-05 2.760069740026122132e-05 9.557191607710621012e-03 1.778088996579101078e-02 2.620192621890559195e-02 3.609348013045206305e-02 3.977894451836095496e-02 4.916344210024055361e-02 5.767416320918113126e-02 5.861105446052785467e-02 7.119005176921321121e-02 7.528326801532943258e-02 7.996270324432580567e-02 8.171430930942311099e-02 1.032995053206418185e-01 1.090546778677985718e-01
-1.089694149160135572e-01 -1.032995262784310447e-01 -8.181746426421124263e-02 -7.996279532173182492e-02 -7.561895642637189718e-02 -7.145145609676983867e-02 -5.859133369380768730e-02 -5.759189146370109758e-02 -4.895267042440274580e-02 -3.979214726556988546e-02 -3.620580960006122839e-02 -2.614968352406708135e-02 -1.773581183707845232e-02 -8.806999212448672620e-03 -7.403418614757119656e-05 7.403418614756515214e-05 8.806999212448587619e-03 1.773581183707840375e-02 2.614968352406710217e-02 3.620580960006150595e-02 3.979214726557001730e-02 4.895267042440350214e-02 5.759189146370104206e-02 5.859133369380770812e-02 7.145145609677014398e-02 7.561895642637185555e-02 7.996279532173206084e-02 8.181746426421181162e-02 1.032995262784311141e-01 1.089694149160141956e-01
-1.088837616374446482e-01 -1.032995471808910021e-01 -8.192104992171347910e-02 -7.996289532909534037e-02 -7.595221482610689523e-02 -7.171230229050894189e-02 -5.857459274140636163e-02 -5.750505513265621177e-02 -4.873247636253210530e-02 -3.980655507629462381e-02 -3.631639937947493679e-02 -2.609949760113188660e-02 -1.768979444362780290e-02 -8.111126954837901207e-03 -1.507376778602794538e-04 1.507376778602753339e-04 8.111126954837922023e-03 1.768979444362753575e-02 2.609949760113189007e-02 3.631639937947486046e-02 3.980655507629443646e-02 4.873247636253210530e-02 5.750505513265580931e-02 5.857459274140644490e-02 7.171230229050860883e-02 7.595221482610683972e-02 7.996289532909545139e-02 8.192104992171345135e-02 1.032995471808914323e-01 1.088837616374457445e-01
-1.087978550862677418e-01 -1.032995679829890046e-01 -8.202489193582804261e-02 -7.996300991045091067e-02 -7.628213737200684186e-02 -7.197276345129691166e-02 -5.856039832850745697e-02 -5.741434264800932691e-02 -4.850312944809710702e-02 -3.982224286342935654e-02 -3.642502283905163507e-02 -2.605136434528868353e-02 -1.764257954241312681e-02 -7.486645310078283468e-03 -1.928667413407900860e-04 1.928667413408520753e-04 7.486645310078350254e-03 1.764257954241310600e-02 2.605136434528837128e-02 3.642502283905195426e-02 3.982224286342952307e-02 4.850312944809719029e-02 5.741434264800898690e-02 5.856039832850776922e-02 7.197276345129710595e-02 7.628213737200696676e-02 7.996300991045077189e-02 8.202489193582836180e-02 1.032995679829888103e-01 1.087978550862673255e-01
-1.087118330092837620e-01 -1.032995886399676461e-01 -8.212881229138567496e-02 -7.996314689416564314e-02 -7.660788660163032893e-02 -7.223298341885142637e-02 -5.854835647195180681e-02 -5.732039934575462736e-02 -4.826487197376703314e-02 -3.983928267233233234e-02 -3.653145507127323471e-02 -2.600527486538673633e-02 -1.759401408806152492e-02 -6.954046453485552247e-03 -1.888536213738030813e-04 1.888536213737211156e-04 6.954046453485441225e-03 1.759401408806158390e-02 2.600527486538695143e-02 3.653145507127356778e-02 3.983928267233238091e-02 4.826487197376704008e-02 5.732039934575471757e-02 5.854835647195213294e-02 7.223298341885181495e-02 7.660788660163010688e-02 7.996314689416585131e-02 8.212881229138566108e-02 1.032995886399677432e-01 1.087118330092839008e-01
-1.086258337933500573e-01 -1.032996091075022854e-01 -8.223262860587941814e-02 -7.996331600693100394e-02 -7.692868994791647597e-02 -7.249307402850947712e-02 -5.853812364425076131e-02 -5.722381648154107464e-02 -4.801792397763682968e-02 -3.985774157408285279e-02 -3.663547401393115605e-02 -2.596121510028149421e-02 -1.754402209343556771e-02 -6.535651727254089376e-03 -1.269725610992684375e-04 1.269725610990450919e-04 6.535651727253855188e-03 1.754402209343544974e-02 2.596121510028161911e-02 3.663547401393126707e-02 3.985774157408320667e-02 4.801792397763734316e-02 5.722381648154149791e-02 5.853812364425119846e-02 7.249307402850936610e-02 7.692868994791685067e-02 7.996331600693121211e-02 8.223262860587968182e-02 1.032996091075015777e-01 1.086258337933494744e-01
-1.085399964150625951e-01 -1.032996293418624173e-01 -8.233615336883606806e-02 -7.996352996638511623e-02 -7.724383508891209671e-02 -7.275311360348379885e-02 -5.852940796334292484e-02 -5.712513026930857857e-02 -4.776248831114658644e-02 -3.987767906830697734e-02 -3.673686197865036474e-02 -2.591916565442784620e-02 -1.749258785549072728e-02 -6.251762580868295421e-03 -9.171541718837805914e-07 9.171541718622173560e-07 6.251762580868179195e-03 1.749258785549057463e-02 2.591916565442775253e-02 3.673686197865036474e-02 3.987767906830664427e-02 4.776248831114653787e-02 5.712513026930870347e-02 5.852940796334264728e-02 7.275311360348357681e-02 7.724383508891202732e-02 7.996352996638547705e-02 8.233615336883602642e-02 1.032996293418623202e-01 1.085399964150625812e-01
-1.084544603910396338e-01 -1.032996493000955807e-01 -8.243919312326812576e-02 -7.996380625903662387e-02 -7.755266429310865572e-02 -7.301314622494212148e-02 -5.852196520056795331e-02 -5.702482612786573257e-02 -4.749875586031242214e-02 -3.989914394231217076e-02 -3.683540759063713699e-02 -2.587910180120451056e-02 -1.743974614762069941e-02 -6.115442608929252954e-03 -1.947787009935840594e-04 1.947787009936555896e-04 6.115442608929201780e-03 1.743974614762086595e-02 2.587910180120448975e-02 3.683540759063702597e-02 3.989914394231205280e-02 4.749875586031265806e-02 5.702482612786582278e-02 5.852196520056855006e-02 7.301314622494183004e-02 7.755266429310850307e-02 7.996380625903627692e-02 8.243919312326775106e-02 1.032996493000957888e-01 1.084544603910392174e-01
-1.083693657270604904e-01 -1.032996689402074786e-01 -8.254154760119512824e-02 -7.996417021115646839e-02 -7.785456749073740856e-02 -7.327318143710874476e-02 -5.851559268298262700e-02 -5.692334504201324724e-02 -4.722691102407741703e-02 -3.992217053837505969e-02 -3.693090812346328661e-02 -2.584099361525691099e-02 -1.738557705117350222e-02 -6.128950657703032857e-03 -4.442062395862328471e-04 4.442062395862254203e-04 6.128950657703008571e-03 1.738557705117332874e-02 2.584099361525692834e-02 3.693090812346340457e-02 3.992217053837498336e-02 4.722691102407658437e-02 5.692334504201337908e-02 5.851559268298252986e-02 7.327318143710861986e-02 7.785456749073756122e-02 7.996417021115626023e-02 8.254154760119498946e-02 1.032996689402071455e-01 1.083693657270603239e-01
-1.082848528643427094e-01 -1.032996882213630535e-01 -8.264300883474531845e-02 -7.996466064667775986e-02 -7.814897300776012246e-02 -7.353319413893315282e-02 -5.851012281122278114e-02 -5.682109030374728198e-02 -4.694713759226790128e-02 -3.994677438493971638e-02 -3.702317218315478997e-02 -2.580480620378789586e-02 -1.733020426384789328e-02 -6.284275055837501046e-03 -7.310751545650358762e-04 7.310751545649927250e-04 6.284275055837528802e-03 1.733020426384831308e-02 2.580480620378797565e-02 3.702317218315443609e-02 3.994677438493963312e-02 4.694713759226831762e-02 5.682109030374770525e-02 5.851012281122281583e-02 7.353319413893293077e-02 7.814897300775958122e-02 7.996466064667791251e-02 8.264300883474554049e-02 1.032996882213630258e-01 1.082848528643438613e-01
-1.082010626211423326e-01 -1.032997071041000386e-01 -8.274336027620599054e-02 -7.996534113162524771e-02 -7.843533310807498937e-02 -7.379312448728597706e-02 -5.850541703153603473e-02 -5.671843378461926405e-02 -4.665962521687856690e-02 -3.997294714458741322e-02 -3.711202265993532312e-02 -2.577050001261301307e-02 -1.727379647129985082e-02 -6.566675067080350071e-03 -1.035416033634562740e-03 1.035416033634604591e-03 6.566675067080240784e-03 1.727379647130002430e-02 2.577050001261304082e-02 3.711202265993544108e-02 3.997294714458728138e-02 4.665962521687808812e-02 5.671843378461886853e-02 5.850541703153577106e-02 7.379312448728647666e-02 7.843533310807540571e-02 7.996534113162527546e-02 8.274336027620651790e-02 1.032997071041000942e-01 1.082010626211424159e-01
-1.081181361278545361e-01 -1.032997255505430090e-01 -8.284237597488856852e-02 -7.996632452787248713e-02 -7.871309669852948054e-02 -7.405287769160125155e-02 -5.850136059134737609e-02 -5.661572140163791816e-02 -4.636457674264338885e-02 -4.000065081160167346e-02 -3.719729982630056581e-02 -2.573803118687171404e-02 -1.721657196789126709e-02 -6.958339290795343551e-03 -1.340623846900225718e-03 1.340623846900102552e-03 6.958339290795222988e-03 1.721657196789116301e-02 2.573803118687168975e-02 3.719729982630035764e-02 4.000065081160184693e-02 4.636457674264366641e-02 5.661572140163796674e-02 5.850136059134750793e-02 7.405287769160159850e-02 7.871309669852999402e-02 7.996632452787244549e-02 8.284237597488840199e-02 1.032997255505432310e-01 1.081181361278538977e-01
-1.080362147537250878e-01 -1.032997435246343632e-01 -8.293981987567197733e-02 -7.996783363603617023e-02 -7.898164644073900342e-02 -7.431232361953675480e-02 -5.849785814222242808e-02 -5.651327770606520001e-02 -4.606221676996145181e-02 -4.002981103780371003e-02 -3.727886442095938030e-02 -2.570735196916747178e-02 -1.715880735395618889e-02 -7.440784833960464688e-03 -1.635775810565707339e-03 1.635775810565709507e-03 7.440784833960429993e-03 1.715880735395612644e-02 2.570735196916753770e-02 3.727886442095960928e-02 4.002981103780359207e-02 4.606221676996162528e-02 5.651327770606565798e-02 5.849785814222294156e-02 7.431232361953649113e-02 7.898164644073889240e-02 7.996783363603557349e-02 8.293981987567226877e-02 1.032997435246347934e-01 1.080362147537249767e-01
-1.079554400232060618e-01 -1.032997609923692606e-01 -8.303544532325331240e-02 -7.997037874782969569e-02 -7.924011943035447203e-02 -7.457129616098460978e-02 -5.849483013096781758e-02 -5.641140964844602174e-02 -4.575280198758165107e-02 -4.006030934955543549e-02 -3.735660052541812243e-02 -2.567841111997343564e-02 -1.710085202539670529e-02 -7.996253224222664782e-03 -1.915344446401150234e-03 1.915344446401092337e-03 7.996253224222637027e-03 1.710085202539682325e-02 2.567841111997346687e-02 3.735660052541804610e-02 4.006030934955567141e-02 4.575280198758093636e-02 5.641140964844552214e-02 5.849483013096762329e-02 7.457129616098495672e-02 7.924011943035476346e-02 7.997037874782965405e-02 8.303544532325321526e-02 1.032997609923703708e-01 1.079554400232060202e-01
-1.078759535198740294e-01 -1.032997779220367479e-01 -8.312899487646049912e-02 -7.997542645337879508e-02 -7.948673704458968092e-02 -7.482959231652171195e-02 -5.849220987316295500e-02 -5.631040962025483237e-02 -4.543663407309616459e-02 -4.009197379702198610e-02 -3.743041801986292383e-02 -2.565115434665195954e-02 -1.704315162381278906e-02 -8.608555337001519078e-03 -2.177652926677494261e-03 2.177652926677536328e-03 8.608555337001560712e-03 1.704315162381278212e-02 2.565115434665208444e-02 3.743041801986320138e-02 4.009197379702233305e-02 4.543663407309619928e-02 5.631040962025500585e-02 5.849220987316300358e-02 7.482959231652122623e-02 7.948673704458987521e-02 7.997542645337933631e-02 8.312899487646097096e-02 1.032997779220368728e-01 1.078759535198740710e-01
-1.077978967757524803e-01 -1.032997942844511574e-01 -8.322020055701355445e-02 -7.998916027945818241e-02 -7.971504330054250687e-02 -7.508697098858506391e-02 -5.848994119508410527e-02 -5.621055788113781676e-02 -4.511407638532421299e-02 -4.012456717498343040e-02 -3.750025440332815235e-02 -2.562552472850450347e-02 -1.698628622858238194e-02 -9.263500824762925523e-03 -2.423216761881745365e-03 2.423216761881683348e-03 9.263500824762807562e-03 1.698628622858230908e-02 2.562552472850436816e-02 3.750025440332797888e-02 4.012456717498388836e-02 4.511407638532419218e-02 5.621055788113776125e-02 5.848994119508420242e-02 7.508697098858481411e-02 7.971504330054264564e-02 7.998916027945884855e-02 8.322020055701338792e-02 1.032997942844514072e-01 1.077978967757527440e-01
-1.077214111436764765e-01 -1.032998100531945102e-01 -8.330878467449717717e-02 -8.005218504092244391e-02 -7.988419973954372089e-02 -7.534315146128466034e-02 -5.848797653859726803e-02 -5.611212447222224675e-02 -4.478557639123328937e-02 -4.015777124319209329e-02 -3.756607578305822676e-02 -2.560146312600189086e-02 -1.693103408590309125e-02 -9.948939835808159188e-03 -2.653511249803583525e-03 2.653511249803697149e-03 9.948939835808155718e-03 1.693103408590304268e-02 2.560146312600180413e-02 3.756607578305857370e-02 4.015777124319210023e-02 4.478557639123287304e-02 5.611212447222186511e-02 5.848797653859743456e-02 7.534315146128493790e-02 7.988419973954372089e-02 8.005218504092234677e-02 8.330878467449687186e-02 1.032998100531948849e-01 1.077214111436767680e-01
-1.076466376501802880e-01 -1.032998252048282911e-01 -8.339446138129524844e-02 -8.022432312324402626e-02 -7.993418850375172413e-02 -7.559781155928416152e-02 -5.848627543842505744e-02 -5.601537070120479744e-02 -4.445169702243572524e-02 -4.019116411403480388e-02 -3.762787687880971704e-02 -2.557890856271891056e-02 -1.687848182609614708e-02 -1.065449039846864607e-02 -2.870238427482264647e-03 2.870238427482144083e-03 1.065449039846868076e-02 1.687848182609612280e-02 2.557890856271908056e-02 3.762787687880961990e-02 4.019116411403491490e-02 4.445169702243569054e-02 5.601537070120526235e-02 5.848627543842570276e-02 7.559781155928366192e-02 7.993418850375165474e-02 8.022432312324426218e-02 8.339446138129513741e-02 1.032998252048281385e-01 1.076466376501803018e-01
-1.075737168261925170e-01 -1.032998397190966616e-01 -8.347693911429543423e-02 -8.042470180296097670e-02 -7.994572437839307655e-02 -7.585058547898378134e-02 -5.848480329685391832e-02 -5.592055026928754308e-02 -4.411316241423893919e-02 -4.022418570088717726e-02 -3.768567994376042368e-02 -2.555779856851404103e-02 -1.683022381652526239e-02 -1.137103595883694022e-02 -3.074967272794066914e-03 3.074967272794164059e-03 1.137103595883701308e-02 1.683022381652495361e-02 2.555779856851414164e-02 3.768567994376018082e-02 4.022418570088720502e-02 4.411316241423932777e-02 5.592055026928806349e-02 5.848480329685441792e-02 7.585058547898433645e-02 7.994572437839324308e-02 8.042470180296162896e-02 8.347693911429550362e-02 1.032998397190967310e-01 1.075737168261926696e-01
-1.075027885125718480e-01 -1.032998535790880662e-01 -8.355592407081845197e-02 -8.062168829427335259e-02 -7.995031899905109818e-02 -7.610106128739105302e-02 -5.848353039530724412e-02 -5.582791009574736979e-02 -4.377092769420017071e-02 -4.025608189340360021e-02 -3.773953256378261012e-02 -2.553806947209110237e-02 -1.678874216884685550e-02 -1.209000464084748240e-02 -3.268996902046654527e-03 3.268996902046655828e-03 1.209000464084732281e-02 1.678874216884676529e-02 2.553806947209083869e-02 3.773953256378232562e-02 4.025608189340326021e-02 4.377092769420017071e-02 5.582791009574753632e-02 5.848353039530734820e-02 7.610106128739071996e-02 7.995031899905109818e-02 8.062168829427322769e-02 8.355592407081845197e-02 1.032998535790880662e-01 1.075027885125722504e-01
-1.074339916373154430e-01 -1.032998667713631302e-01 -8.363112484094702148e-02 -8.081036672198248227e-02 -7.995280293219397816e-02 -7.634877808678235123e-02 -5.848243109446101679e-02 -5.573769088394522897e-02 -4.342629061415251290e-02 -4.028581000477441526e-02 -3.778950434555016641e-02 -2.551965663020190969e-02 -1.675817427104852805e-02 -1.280228273068766826e-02 -3.453333170446560348e-03 3.453333170446609788e-03 1.280228273068764223e-02 1.675817427104802845e-02 2.551965663020195133e-02 3.778950434555020804e-02 4.028581000477419322e-02 4.342629061415289454e-02 5.573769088394554816e-02 5.848243109446066984e-02 7.634877808678226796e-02 7.995280293219456103e-02 8.081036672198244064e-02 8.363112484094710475e-02 1.032998667713626861e-01 1.074339916373155818e-01
-1.073674639610607967e-01 -1.032998792860141263e-01 -8.370225827449918887e-02 -8.098945399590451455e-02 -7.995440859715688409e-02 -7.659322284801298175e-02 -5.848148318458471634e-02 -5.565012746290495804e-02 -4.308107890810292800e-02 -4.031187199105987912e-02 -3.783568252189295489e-02 -2.550249457934822619e-02 -1.674595161157027556e-02 -1.349630254282854595e-02 -3.628714165595260492e-03 3.628714165595354167e-03 1.349630254282865698e-02 1.674595161157018189e-02 2.550249457934822273e-02 3.783568252189314918e-02 4.031187199105971258e-02 4.308107890810299739e-02 5.565012746290490253e-02 5.848148318458421674e-02 7.659322284801310665e-02 7.995440859715714776e-02 8.098945399590420924e-02 8.370225827449943867e-02 1.032998792860149034e-01 1.073674639610614073e-01
-1.073033417873755641e-01 -1.032998911166666534e-01 -8.376905659651381897e-02 -8.115848209860850038e-02 -7.995558650982935445e-02 -7.683382692391640956e-02 -5.848066735587687665e-02 -5.556544893117682654e-02 -4.273797931438715753e-02 -4.033200998979082769e-02 -3.787816646546200011e-02 -2.548651709393039144e-02 -1.676639202832614500e-02 -1.415422578009753810e-02 -3.795651546654297930e-03 3.795651546654442779e-03 1.415422578009770289e-02 1.676639202832606174e-02 2.548651709393045736e-02 3.787816646546199317e-02 4.033200998979058483e-02 4.273797931438702569e-02 5.556544893117695144e-02 5.848066735587691828e-02 7.683382692391607649e-02 7.995558650982900750e-02 8.115848209860859752e-02 8.376905659651423530e-02 1.032998911166670142e-01 1.073033417873761608e-01
-1.072417596342684631e-01 -1.032999022603773021e-01 -8.383127569978887639e-02 -8.131725872200334937e-02 -7.995654296484169810e-02 -7.706996226950257878e-02 -5.847996676494627427e-02 -5.548387862420389727e-02 -4.240113491719074701e-02 -4.034263820023199082e-02 -3.791706097379771850e-02 -2.547165713261182254e-02 -1.684779579889160439e-02 -1.474466585023567582e-02 -3.954472777394240669e-03 3.954472777394272762e-03 1.474466585023573827e-02 1.684779579889149337e-02 2.547165713261162479e-02 3.791706097379758666e-02 4.034263820023189367e-02 4.240113491719026823e-02 5.548387862420373767e-02 5.847996676494633672e-02 7.706996226950209306e-02 7.995654296484161483e-02 8.131725872200405714e-02 8.383127569978955640e-02 1.032999022603775935e-01 1.072417596342687546e-01
-1.071828498634995325e-01 -1.032999127174542564e-01 -8.388870443759662010e-02 -8.146571593321136340e-02 -7.995738959485806929e-02 -7.730093742147034486e-02 -5.847936667860400423e-02 -5.540563392256525610e-02 -4.207722578914526584e-02 -4.033779713207529677e-02 -3.795246790773041529e-02 -2.545784665275395431e-02 -1.703860512869538602e-02 -1.521638055444289248e-02 -4.105358553448495290e-03 4.105358553448418095e-03 1.521638055444280574e-02 1.703860512869539642e-02 2.545784665275397513e-02 3.795246790773066509e-02 4.033779713207546330e-02 4.207722578914485645e-02 5.540563392256491609e-02 5.847936667860423321e-02 7.730093742147109426e-02 7.995738959485772235e-02 8.146571593321144666e-02 8.388870443759666173e-02 1.032999127174540621e-01 1.071828498634990884e-01
-1.071267422646057788e-01 -1.032999224911532177e-01 -8.394117461605951624e-02 -8.160385553865098784e-02 -7.995819632283482359e-02 -7.752599333192443376e-02 -5.847885418009939051e-02 -5.533092591605425631e-02 -4.177720884110135147e-02 -4.030745590270537471e-02 -3.798447520065473260e-02 -2.544501627262997848e-02 -1.738226258803688209e-02 -1.552329070124117832e-02 -4.248374021857418727e-03 4.248374021857473370e-03 1.552329070124111240e-02 1.738226258803680924e-02 2.544501627262983970e-02 3.798447520065435790e-02 4.030745590270547879e-02 4.177720884110140004e-02 5.533092591605474897e-02 5.847885418009956399e-02 7.752599333192433662e-02 7.995819632283489298e-02 8.160385553865086294e-02 8.394117461605983543e-02 1.032999224911532732e-01 1.071267422646059592e-01
-1.070735635911768541e-01 -1.032999315872694807e-01 -8.398857124697310661e-02 -8.173172543213780283e-02 -7.995901365932986393e-02 -7.774429921890664563e-02 -5.847841792598824917e-02 -5.525995893729426789e-02 -4.151784022701952848e-02 -4.023604190483343057e-02 -3.801314111036905447e-02 -2.543309476582385903e-02 -1.786055760099755987e-02 -1.568102795145577197e-02 -4.383494172468063201e-03 4.383494172468153406e-03 1.568102795145584830e-02 1.786055760099751824e-02 2.543309476582375842e-02 3.801314111036895038e-02 4.023604190483353465e-02 4.151784022701963950e-02 5.525995893729418462e-02 5.847841792598832550e-02 7.774429921890679829e-02 7.995901365932944760e-02 8.173172543213788610e-02 8.398857124697238496e-02 1.032999315872699941e-01 1.070735635911772288e-01
-1.070234370479172387e-01 -1.032999400136186824e-01 -8.403084247265797668e-02 -8.184940800000946315e-02 -7.995988353319828656e-02 -7.795494870276221955e-02 -5.847804794427737679e-02 -5.519292997829174097e-02 -4.131831041006527039e-02 -4.010587266493621100e-02 -3.803846912532848901e-02 -2.542200838836927712e-02 -1.841324669412290269e-02 -1.574722023876810179e-02 -4.510624376508764674e-03 4.510624376508576457e-03 1.574722023876800811e-02 1.841324669412286452e-02 2.542200838836928059e-02 3.803846912532835717e-02 4.010587266493619713e-02 4.131831041006549937e-02 5.519292997829210179e-02 5.847804794427747394e-02 7.795494870276185873e-02 7.995988353319857800e-02 8.184940800000986560e-02 8.403084247265772688e-02 1.032999400136188767e-01 1.070234370479175440e-01
-1.069764817284069164e-01 -1.032999477794182691e-01 -8.406800842212738822e-02 -8.195701418056250409e-02 -7.996084528723497453e-02 -7.815695666230047800e-02 -5.847773546635233466e-02 -5.513002800385454621e-02 -4.118705555285294417e-02 -3.991043641520318486e-02 -3.806036323059179549e-02 -2.541168007988707858e-02 -1.899325806677781142e-02 -1.576619997589200420e-02 -4.629617127016040848e-03 4.629617127016070338e-03 1.576619997589197644e-02 1.899325806677771428e-02 2.541168007988707858e-02 3.806036323059193427e-02 3.991043641520339996e-02 4.118705555285302050e-02 5.513002800385426866e-02 5.847773546635223751e-02 7.815695666230039473e-02 7.996084528723500229e-02 8.195701418056276777e-02 8.406800842212711067e-02 1.032999477794181165e-01 1.069764817284075270e-01
-1.069328120053041759e-01 -1.032999548946063328e-01 -8.410016811491125011e-02 -8.205468073935789919e-02 -7.996193937576677457e-02 -7.834925749874975531e-02 -5.847747278672314752e-02 -5.507143317686635092e-02 -4.111304058819911789e-02 -3.966324986538580927e-02 -3.807853873395410094e-02 -2.540202867085751201e-02 -1.957422836340436817e-02 -1.576138476466638558e-02 -4.740285915459286833e-03 4.740285915459287701e-03 1.576138476466637170e-02 1.957422836340444103e-02 2.540202867085758487e-02 3.807853873395412175e-02 3.966324986538592723e-02 4.111304058819928442e-02 5.507143317686645501e-02 5.847747278672364019e-02 7.834925749874968592e-02 7.996193937576719091e-02 8.205468073935759388e-02 8.410016811491115296e-02 1.032999548946058332e-01 1.069328120053042175e-01
-1.068925368769666345e-01 -1.032999613691214652e-01 -8.412750341635499840e-02 -8.214256966360726497e-02 -7.996320966568325195e-02 -7.853070588493810122e-02 -5.847725314578818695e-02 -5.501731601195323368e-02 -4.107673267809525131e-02 -3.938713778737499421e-02 -3.809232290915232078e-02 -2.539296841692091286e-02 -2.014118742117639027e-02 -1.574451454350448212e-02 -4.842416999811169180e-03 4.842416999811118873e-03 1.574451454350456539e-02 2.014118742117664007e-02 2.539296841692088511e-02 3.809232290915210567e-02 3.938713778737499421e-02 4.107673267809527212e-02 5.501731601195319205e-02 5.847725314578819389e-02 7.853070588493815674e-02 7.996320966568344624e-02 8.214256966360758416e-02 8.412750341635530371e-02 1.032999613691209517e-01 1.068925368769668982e-01
-1.068557592770973674e-01 -1.032999672122103668e-01 -8.415027899837457248e-02 -8.222086894520205802e-02 -7.996470431839038107e-02 -7.870008167096473328e-02 -5.847707063175025533e-02 -5.496783647579639442e-02 -4.106238228509675320e-02 -3.910250813741848047e-02 -3.810014973144126849e-02 -2.538440955128591983e-02 -2.068433340957557057e-02 -1.572180507787936110e-02 -4.935779639006059386e-03 4.935779639006081937e-03 1.572180507787941314e-02 2.068433340957569894e-02 2.538440955128583656e-02 3.810014973144106726e-02 3.910250813741838333e-02 4.106238228509686422e-02 5.496783647579610299e-02 5.847707063175019981e-02 7.870008167096487206e-02 7.996470431839083903e-02 8.222086894520209965e-02 8.415027899837468350e-02 1.032999672122101031e-01 1.068557592770975756e-01
-1.068225753568417258e-01 -1.032999724318144213e-01 -8.416883731693954040e-02 -8.228979394234645084e-02 -7.996647435580081509e-02 -7.885610150537644691e-02 -5.847692009858666828e-02 -5.492314305416828857e-02 -4.106019951697645332e-02 -3.882668269643966413e-02 -3.809809279132816279e-02 -2.537626122759782318e-02 -2.119610773863302502e-02 -1.569681403321751892e-02 -5.020135207316047364e-03 5.020135207315899045e-03 1.569681403321724830e-02 2.119610773863312217e-02 2.537626122759775726e-02 3.809809279132849585e-02 3.882668269643985148e-02 4.106019951697682108e-02 5.492314305416789999e-02 5.847692009858668216e-02 7.885610150537650243e-02 7.996647435580125918e-02 8.228979394234707534e-02 8.416883731693962367e-02 1.032999724318148932e-01 1.068225753568422254e-01
-1.067930737516802758e-01 -1.032999770341041512e-01 -8.418358783256012223e-02 -8.234958820119342437e-02 -7.996856785945163915e-02 -7.899744097493112405e-02 -5.847679709754916716e-02 -5.488337180738155768e-02 -4.106448275622411742e-02 -3.858041699767911226e-02 -3.807523261727951275e-02 -2.536843936739062097e-02 -2.166986217043215604e-02 -1.567173674734614885e-02 -5.095245464264114114e-03 5.095245464264056869e-03 1.567173674734612110e-02 2.166986217043228094e-02 2.536843936739055505e-02 3.807523261727940866e-02 3.858041699767907756e-02 4.106448275622408967e-02 5.488337180738140503e-02 5.847679709754900756e-02 7.899744097493129058e-02 7.996856785945148649e-02 8.234958820119346601e-02 8.418358783255988631e-02 1.032999770341035128e-01 1.067930737516801509e-01
-1.067673348481385370e-01 -1.032999810232161780e-01 -8.419499011502273866e-02 -8.240052224032384798e-02 -7.997101629126741884e-02 -7.912277249242237465e-02 -5.847669782016951673e-02 -5.484864543715643748e-02 -4.107186858996089013e-02 -3.839897310379712658e-02 -3.800430736384055597e-02 -2.536088352836434606e-02 -2.209924570925982448e-02 -1.564801782989195048e-02 -5.160880140461043472e-03 5.160880140461101585e-03 1.564801782989192272e-02 2.209924570925976203e-02 2.536088352836432525e-02 3.800430736384086128e-02 3.839897310379704332e-02 4.107186858996090401e-02 5.484864543715704810e-02 5.847669782016928774e-02 7.912277249242184729e-02 7.997101629126736333e-02 8.240052224032357042e-02 8.419499011502286356e-02 1.032999810232169829e-01 1.067673348481387452e-01
-1.067454300675394069e-01 -1.032999844012397889e-01 -8.420353109857738050e-02 -8.244288855057378684e-02 -7.997380847072713128e-02 -7.923082474897287508e-02 -5.847661905113364644e-02 -5.481907238868836962e-02 -4.108029862733606624e-02 -3.830849589915507475e-02 -3.786627743561164772e-02 -2.535358825690828960e-02 -2.247795077964829732e-02 -1.562665635701611030e-02 -5.216823905307601227e-03 5.216823905307543113e-03 1.562665635701617622e-02 2.247795077964833896e-02 2.535358825690803633e-02 3.786627743561166853e-02 3.830849589915490128e-02 4.108029862733589971e-02 5.481907238868898719e-02 5.847661905113366726e-02 7.923082474897306937e-02 7.997380847072690924e-02 8.244288855057391174e-02 8.420353109857750540e-02 1.032999844012399970e-01 1.067454300675397261e-01
-1.067274211855418209e-01 -1.032999871684467386e-01 -8.420969754039701882e-02 -8.247699119660752143e-02 -7.997685012007554883e-02 -7.932046626225611186e-02 -5.847655812970913025e-02 -5.479474601180085030e-02 -4.108846554153321867e-02 -3.827479827958012171e-02 -3.770191236051901457e-02 -2.534665273850252032e-02 -2.279967709306153154e-02 -1.560836613968315939e-02 -5.262882707608862107e-03 5.262882707608727666e-03 1.560836613968335715e-02 2.279967709306154194e-02 2.534665273850271114e-02 3.770191236051906314e-02 3.827479827958029518e-02 4.108846554153319786e-02 5.479474601180075316e-02 5.847655812970955352e-02 7.932046626225630614e-02 7.997685012007553496e-02 8.247699119660789613e-02 8.420969754039617228e-02 1.032999871684470161e-01 1.067274211855419319e-01
-1.067133597069604423e-01 -1.032999893237506600e-01 -8.421394556366887385e-02 -8.250312917539480428e-02 -7.997991796195882963e-02 -7.939080289798623735e-02 -5.847651291867231316e-02 -5.477574380439171470e-02 -4.109551760419462296e-02 -3.826219294647628666e-02 -3.755296682296203892e-02 -2.534034156414758168e-02 -2.305826400222274475e-02 -1.559366340951797575e-02 -5.298889424380221272e-03 5.298889424380156220e-03 1.559366340951798616e-02 2.305826400222259209e-02 2.534034156414744290e-02 3.755296682296207361e-02 3.826219294647621727e-02 4.109551760419501154e-02 5.477574380439174245e-02 5.847651291867259071e-02 7.939080289798605694e-02 7.997991796195888514e-02 8.250312917539463775e-02 8.421394556366854078e-02 1.032999893237506461e-01 1.067133597069609141e-01
-1.067032863155240596e-01 -1.032999908653163545e-01 -8.421666986242457020e-02 -8.252157418452367443e-02 -7.998263978560633813e-02 -7.944125463453809155e-02 -5.847648177991381091e-02 -5.476212675983731931e-02 -4.110089789927963422e-02 -3.825722615114226371e-02 -3.743821922854462247e-02 -2.533512185197756353e-02 -2.324798687800975344e-02 -1.558291617709622531e-02 -5.324708716714338964e-03 5.324708716714377996e-03 1.558291617709644909e-02 2.324798687800989916e-02 2.533512185197767455e-02 3.743821922854460166e-02 3.825722615114274250e-02 4.110089789927923870e-02 5.476212675983733319e-02 5.847648177991386642e-02 7.944125463453803604e-02 7.998263978560619936e-02 8.252157418452371607e-02 8.421666986242433428e-02 1.032999908653162296e-01 1.067032863155241568e-01
-1.066972304179712033e-01 -1.032999917912175297e-01 -8.421817552954997954e-02 -8.253254543389844378e-02 -7.998454979495991934e-02 -7.947155659653531989e-02 -5.847646355608156210e-02 -5.475393883757471297e-02 -4.110425522489783573e-02 -3.825532145334603618e-02 -3.736646690421300404e-02 -2.533160782898497693e-02 -2.336403014228847358e-02 -1.557637233908187868e-02 -5.340240974643511301e-03 5.340240974643454056e-03 1.557637233908205215e-02 2.336403014228836603e-02 2.533160782898503244e-02 3.736646690421306649e-02 3.825532145334596679e-02 4.110425522489786349e-02 5.475393883757405378e-02 5.847646355608151353e-02 7.947155659653626358e-02 7.998454979495987771e-02 8.253254543389863807e-02 8.421817552955025710e-02 1.032999917912174465e-01 1.066972304179713282e-01
-1.066952098010737204e-01 -1.032999921000259946e-01 -8.421865542622726519e-02 -8.253618593487815902e-02 -7.998524109458457487e-02 -7.948165510080053286e-02 -5.847645755779180138e-02 -5.475120657284392872e-02 -4.110539510954819287e-02 -3.825482889175197548e-02 -3.734209134659596113e-02 -2.533035937298678403e-02 -2.340310439137258114e-02 -1.557417538549253806e-02 -5.345425234911376812e-03 5.345425234911553754e-03 1.557417538549253459e-02 2.340310439137270951e-02 2.533035937298696791e-02 3.734209134659603052e-02 3.825482889175160078e-02 4.110539510954824144e-02 5.475120657284402587e-02 5.847645755779217608e-02 7.948165510080031082e-02 7.998524109458400588e-02 8.253618593487772881e-02 8.421865542622716805e-02 1.032999921000259946e-01 1.066952098010734151e-01
