-1.402942116923232840e-01 -1.378138716266021913e-01 -1.168236929011311903e-01 -1.073828845163983386e-01 -9.153466804853045702e-02 -8.572986726074349750e-02 -8.346358464353981210e-02 -7.650349430201576484e-02 -6.927881446682393474e-02 -6.340829124921679161e-02 -5.577692993432208091e-02 -4.923823293363707027e-02 -4.180261304603451189e-02 -1.778516570516994535e-02 -3.234250782179446358e-03 3.234250782179542202e-03 1.778516570517002515e-02 4.180261304603460903e-02 4.923823293363691067e-02 5.577692993432181723e-02 6.340829124921687487e-02 6.927881446682349065e-02 7.650349430201591749e-02 8.346358464353970108e-02 8.572986726074335873e-02 9.153466804853095662e-02 1.073828845163994489e-01 1.168236929011311903e-01 1.378138716266021913e-01 1.402942116923229510e-01
-1.403002389588067778e-01 -1.377992888880419653e-01 -1.168214627533487454e-01 -1.073828848952828041e-01 -9.154508923875331883e-02 -8.573059403314882421e-02 -8.346501475454626284e-02 -7.650355845616113593e-02 -6.936888104255140020e-02 -6.340873917584347041e-02 -5.565302388714328530e-02 -4.923793560070031938e-02 -4.180223777922935369e-02 -1.778481071440233749e-02 -3.230545452130834973e-03 3.230545452130839743e-03 1.778481071440277811e-02 4.180223777922900674e-02 4.923793560069950059e-02 5.565302388714274406e-02 6.340873917584309571e-02 6.936888104255144183e-02 7.650355845616128858e-02 8.346501475454613794e-02 8.573059403314849114e-02 9.154508923875280535e-02 1.073828848952818882e-01 1.168214627533490646e-01 1.377992888880416322e-01 1.403002389588065835e-01
-1.403179779103812252e-01 -1.377559664601407385e-01 -1.168147793834320713e-01 -1.073828860313444655e-01 -9.157634208798323683e-02 -8.573290725685778213e-02 -8.346932284859365225e-02 -7.650375325364948409e-02 -6.962916275913963449e-02 -6.340948894061169960e-02 -5.529177645729115020e-02 -4.923704288366550358e-02 -4.180105168869909654e-02 -1.778373800722288581e-02 -3.219434998724039418e-03 3.219434998723761428e-03 1.778373800722287193e-02 4.180105168869908266e-02 4.923704288366571175e-02 5.529177645729094898e-02 6.340948894061149144e-02 6.962916275913982878e-02 7.650375325364959511e-02 8.346932284859373552e-02 8.573290725685808744e-02 9.157634208798405562e-02 1.073828860313452843e-01 1.168147793834328069e-01 1.377559664601399059e-01 1.403179779103809477e-01
-1.403464811715078586e-01 -1.376850964138280897e-01 -1.168036639585893904e-01 -1.073828879228228839e-01 -9.162839642621795067e-02 -8.573720370095420928e-02 -8.347656330740725605e-02 -7.650408612075335069e-02 -7.003372622642342615e-02 -6.340920967074623049e-02 -5.472033645281219189e-02 -4.923555228630496772e-02 -4.179886431533366004e-02 -1.778192414956684952e-02 -3.200936004491530557e-03 3.200936004491586068e-03 1.778192414956698136e-02 4.179886431533356289e-02 4.923555228630495384e-02 5.472033645281236536e-02 6.340920967074613335e-02 7.003372622642307921e-02 7.650408612075347559e-02 8.347656330740763075e-02 8.573720370095452847e-02 9.162839642621795067e-02 1.073828879228228006e-01 1.168036639585889325e-01 1.376850964138288946e-01 1.403464811715071092e-01
-1.403844015618013197e-01 -1.375884204100241426e-01 -1.167881515818562088e-01 -1.073828905667821576e-01 -9.170120821543829848e-02 -8.574413832819544057e-02 -8.348683026992988199e-02 -7.650457097278433316e-02 -7.054906700777832662e-02 -6.340664674188979666e-02 -5.397330230429564502e-02 -4.923345816985707363e-02 -4.179532336333874332e-02 -1.777932930318042518e-02 -3.175076014269910107e-03 3.175076014269816865e-03 1.777932930318024823e-02 4.179532336333809106e-02 4.923345816985687934e-02 5.397330230429511766e-02 6.340664674188979666e-02 7.054906700777816009e-02 7.650457097278449969e-02 8.348683026992964606e-02 8.574413832819523240e-02 9.170120821543881195e-02 1.073828905667819356e-01 1.167881515818559868e-01 1.375884204100246144e-01 1.403844015618012087e-01
-1.404302334607916702e-01 -1.374679696578455512e-01 -1.167682910329799900e-01 -1.073828939591188608e-01 -9.179472757713220965e-02 -8.575461535985062778e-02 -8.350026228541469753e-02 -7.650523106473861024e-02 -7.114175842580687525e-02 -6.340104768508186828e-02 -5.308470939366696090e-02 -4.923074770325366195e-02 -4.178985080499932059e-02 -1.777589599319407895e-02 -3.141893394551005785e-03 3.141893394551082113e-03 1.777589599319421079e-02 4.178985080499961202e-02 4.923074770325344685e-02 5.308470939366716906e-02 6.340104768508190991e-02 7.114175842580661158e-02 7.650523106473863799e-02 8.350026228541480855e-02 8.575461535985079431e-02 9.179472757713341702e-02 1.073828939591193188e-01 1.167682910329805313e-01 1.374679696578456622e-01 1.404302334607919756e-01
-1.404825129133032979e-01 -1.373258411135335477e-01 -1.167441444142408580e-01 -1.073828980945758099e-01 -9.190890757477847284e-02 -8.576977652676534558e-02 -8.351704747696753195e-02 -7.650610439245775218e-02 -7.178260823307029692e-02 -6.339213557704621860e-02 -5.208402640303032294e-02 -4.922738689695851239e-02 -4.178152394235294664e-02 -1.777154725573672905e-02 -3.101437133305072133e-03 3.101437133305071699e-03 1.777154725573651048e-02 4.178152394235277317e-02 4.922738689695892872e-02 5.208402640302989273e-02 6.339213557704606594e-02 7.178260823307062999e-02 7.650610439245830730e-02 8.351704747696760134e-02 8.576977652676515129e-02 9.190890757477838957e-02 1.073828980945756156e-01 1.167441444142390955e-01 1.373258411135336032e-01 1.404825129133043249e-01
-1.405399411558596323e-01 -1.371640472158748569e-01 -1.167157867093646662e-01 -1.073829029667440482e-01 -9.204371175915818104e-02 -8.579098654806628643e-02 -8.353742754641718671e-02 -7.650725411331905923e-02 -7.244777141784122798e-02 -6.337992184466798018e-02 -5.099551655801113498e-02 -4.922325124451366885e-02 -4.176885212825284105e-02 -1.776618402213770223e-02 -3.053766576656991114e-03 3.053766576657051396e-03 1.776618402213766407e-02 4.176885212825312554e-02 4.922325124451400191e-02 5.099551655801114192e-02 6.337992184466822998e-02 7.244777141784125574e-02 7.650725411331932291e-02 8.353742754641753365e-02 8.579098654806642521e-02 9.204371175915851411e-02 1.073829029667434515e-01 1.167157867093652768e-01 1.371640472158752455e-01 1.405399411558594103e-01
-1.406014351429908660e-01 -1.369844375700907668e-01 -1.166833052656421066e-01 -1.073829085680801793e-01 -9.219911844984089722e-02 -8.581981495445771546e-02 -8.356169811764614652e-02 -7.650878988939420478e-02 -7.311826025082253377e-02 -6.336454824482516679e-02 -4.984018542772954141e-02 -4.921725908264171917e-02 -4.174933823812319866e-02 -1.775968152886178014e-02 -2.998951097278121890e-03 2.998951097278036021e-03 1.775968152886181484e-02 4.174933823812319172e-02 4.921725908264151794e-02 4.984018542772988142e-02 6.336454824482501413e-02 7.311826025082168723e-02 7.650878988939427416e-02 8.356169811764581346e-02 8.581981495445774322e-02 9.219911844984028659e-02 1.073829085680799988e-01 1.166833052656403996e-01 1.369844375700908778e-01 1.406014351429906439e-01
-1.406661270237443695e-01 -1.367886724030132062e-01 -1.166467992107197288e-01 -1.073829148899235475e-01 -9.237511992997991805e-02 -8.585801187760007391e-02 -8.359020204519461428e-02 -7.651091579428667688e-02 -7.377892506454097887e-02 -6.334619728035090214e-02 -4.921733822364478261e-02 -4.862783185239633044e-02 -4.171855726710786000e-02 -1.775188444913761848e-02 -2.937069687386145884e-03 2.937069687386011443e-03 1.775188444913759073e-02 4.171855726710747142e-02 4.862783185239597655e-02 4.921733822364469241e-02 6.334619728035061070e-02 7.377892506454096500e-02 7.651091579428688505e-02 8.359020204519466979e-02 8.585801187759997677e-02 9.237511992998007071e-02 1.073829148899244218e-01 1.166467992107193680e-01 1.367886724030132339e-01 1.406661270237447858e-01
-1.407333359023866248e-01 -1.365782258538807692e-01 -1.166063788168399951e-01 -1.073829219225133219e-01 -9.257171513322612344e-02 -8.590747339464128995e-02 -8.362331175803831840e-02 -7.651405259764242073e-02 -7.441739231054683712e-02 -6.332505212517279547e-02 -4.921001225172861454e-02 -4.739061281300194911e-02 -4.166804963277199320e-02 -1.774260030949462857e-02 -2.868210466708798288e-03 2.868210466708875916e-03 1.774260030949439265e-02 4.166804963277209034e-02 4.739061281300200462e-02 4.921001225172861454e-02 6.332505212517233750e-02 7.441739231054662895e-02 7.651405259764242073e-02 8.362331175803797145e-02 8.590747339464195609e-02 9.257171513322684508e-02 1.073829219225137105e-01 1.166063788168400922e-01 1.365782258538810745e-01 1.407333359023863473e-01
-1.408025290846905975e-01 -1.363544028517315321e-01 -1.165621648259129728e-01 -1.073829296550082024e-01 -9.278889496961321981e-02 -8.597018971780900909e-02 -8.366139709832998150e-02 -7.651921298079408795e-02 -7.502296782275859333e-02 -6.330128280504998539e-02 -4.920352212239565565e-02 -4.614605156492308791e-02 -4.158003275351967315e-02 -1.773159056047842255e-02 -2.792470092438041184e-03 2.792470092438115777e-03 1.773159056047825255e-02 4.158003275352010336e-02 4.614605156492302546e-02 4.920352212239578749e-02 6.330128280505091520e-02 7.502296782275814924e-02 7.651921298079433775e-02 8.366139709832991211e-02 8.597018971780925889e-02 9.278889496961272021e-02 1.073829296550088408e-01 1.165621648259137499e-01 1.363544028517317819e-01 1.408025290846908750e-01
-1.408732829845983081e-01 -1.361183599155983970e-01 -1.165142877492534867e-01 -1.073829380755187413e-01 -9.302662015808854656e-02 -8.604816773174168987e-02 -8.370477730435967045e-02 -7.652952828085228532e-02 -7.558463642228001322e-02 -6.327504398975050681e-02 -4.919664638401782808e-02 -4.494301895104974715e-02 -4.141323351266804759e-02 -1.771855838131088448e-02 -2.709953053801246198e-03 2.709953053801260944e-03 1.771855838131082897e-02 4.141323351266783942e-02 4.494301895105015654e-02 4.919664638401775175e-02 6.327504398975095090e-02 7.558463642227999935e-02 7.652952828085268777e-02 8.370477730435929575e-02 8.604816773174106537e-02 9.302662015808850493e-02 1.073829380755193103e-01 1.165142877492534174e-01 1.361183599155975088e-01 1.408732829845981693e-01
-1.409452485737559546e-01 -1.358711251225290517e-01 -1.164628871557736867e-01 -1.073829471711329892e-01 -9.328479229780195503e-02 -8.614331969213874507e-02 -8.375366046422057231e-02 -7.656020781259233188e-02 -7.608084898279648955e-02 -6.324647705049689372e-02 -4.918925389821396377e-02 -4.388436148759376071e-02 -4.107017484671175028e-02 -1.770313185732659209e-02 -2.620770828024932171e-03 2.620770828024904849e-03 1.770313185732652270e-02 4.107017484671170171e-02 4.388436148759401051e-02 4.918925389821391519e-02 6.324647705049686597e-02 7.608084898279589281e-02 7.656020781259256780e-02 8.375366046422064170e-02 8.614331969213852302e-02 9.328479229780177462e-02 1.073829471711332667e-01 1.164628871557737699e-01 1.358711251225289129e-01 1.409452485737560101e-01
-1.410181230058665247e-01 -1.356136154407862615e-01 -1.164081109620861282e-01 -1.073829569279545204e-01 -9.356321988686321089e-02 -8.625731464903556300e-02 -8.380808062242063594e-02 -7.672184661645882475e-02 -7.639613215014566527e-02 -6.321571316467901325e-02 -4.918131031679268822e-02 -4.313343880091386612e-02 -4.039197844300312923e-02 -1.768484048381431875e-02 -2.525040866594467723e-03 2.525040866594616476e-03 1.768484048381567530e-02 4.039197844300300433e-02 4.313343880091387306e-02 4.918131031679322251e-02 6.321571316467908264e-02 7.639613215014555425e-02 7.672184661645894965e-02 8.380808062242033063e-02 8.625731464903549361e-02 9.356321988686346069e-02 1.073829569279546453e-01 1.164081109620867527e-01 1.356136154407859007e-01 1.410181230058673296e-01
-1.410916273273693511e-01 -1.353466511331224975e-01 -1.163501147373130484e-01 -1.073829673311395977e-01 -9.386158199975955241e-02 -8.639140037472030353e-02 -8.386784944936888364e-02 -7.707708922629019632e-02 -7.646445084612832344e-02 -6.318287623363882943e-02 -4.917280369486908692e-02 -4.273118494817336466e-02 -3.934164294474904594e-02 -1.766308186318101339e-02 -2.422885370038204561e-03 2.422885370038339002e-03 1.766308186318292853e-02 3.934164294474878920e-02 4.273118494817332302e-02 4.917280369486930897e-02 6.318287623363946781e-02 7.646445084612836507e-02 7.707708922629065429e-02 8.386784944936935549e-02 8.639140037472059497e-02 9.386158199975958016e-02 1.073829673311403193e-01 1.163501147373144501e-01 1.353466511331216648e-01 1.410916273273691568e-01
-1.411654893753941653e-01 -1.350709675722270853e-01 -1.162890610345164860e-01 -1.073829783649532799e-01 -9.417939320343059195e-02 -8.654622051491141221e-02 -8.393254158890550709e-02 -7.742899201970712686e-02 -7.648090707942588329e-02 -6.314808524134213341e-02 -4.916372978183035369e-02 -4.253855888863090906e-02 -3.806182370783128127e-02 -1.763707370209311592e-02 -2.314429794816534863e-03 2.314429794816449861e-03 1.763707370209244979e-02 3.806182370783128127e-02 4.253855888863069395e-02 4.916372978183027737e-02 6.314808524134141177e-02 7.648090707942592492e-02 7.742899201970734890e-02 8.393254158890565975e-02 8.654622051491110690e-02 9.417939320343111931e-02 1.073829783649539182e-01 1.162890610345163472e-01 1.350709675722279735e-01 1.411654893753945539e-01
-1.412394302871134433e-01 -1.347872249930904265e-01 -1.162251187595544494e-01 -1.073829900128121378e-01 -9.451597380804463433e-02 -8.672166818972822100e-02 -8.400152622216154608e-02 -7.773477214387308765e-02 -7.648801011642870906e-02 -6.311145602141118860e-02 -4.915408775331613772e-02 -4.244256686879315649e-02 -3.666900762902652877e-02 -1.760578330122116938e-02 -2.199801015554696780e-03 2.199801015554396673e-03 1.760578330122081897e-02 3.666900762902684102e-02 4.244256686879332996e-02 4.915408775331600588e-02 6.311145602141157718e-02 7.648801011642925030e-02 7.773477214387303214e-02 8.400152622216175424e-02 8.672166818972848468e-02 9.451597380804496740e-02 1.073829900128114301e-01 1.162251187595540192e-01 1.347872249930906763e-01 1.412394302871138874e-01
-1.413131413735070341e-01 -1.344960166852389727e-01 -1.161584625869390014e-01 -1.073830022573551007e-01 -9.487042948881133086e-02 -8.691682244744271257e-02 -8.407404213270941451e-02 -7.798933503593417915e-02 -7.649206482765938397e-02 -6.307310251403952517e-02 -4.914387867955206241e-02 -4.239273108504117149e-02 -3.521724263156612161e-02 -1.756782179894856785e-02 -2.079125037238498553e-03 2.079125037238338525e-03 1.756782179894903276e-02 3.521724263156607304e-02 4.239273108504098414e-02 4.914387867955248568e-02 6.307310251403999701e-02 7.649206482765906479e-02 7.798933503593426242e-02 8.407404213270948390e-02 8.691682244744275421e-02 9.487042948881135862e-02 1.073830022573553089e-01 1.161584625869389736e-01 1.344960166852383621e-01 1.413131413735076447e-01
-1.413395049688201122e-01 -1.341978760341733523e-01 -1.160892724308935503e-01 -1.073830150805191452e-01 -9.524164354167999336e-02 -8.712999892860336104e-02 -8.414929655836853040e-02 -7.819347562940723306e-02 -7.649475883043267699e-02 -6.303313761773138291e-02 -4.913310490482024340e-02 -4.236754912125532957e-02 -3.373190987051658679e-02 -1.752128190619487574e-02 -1.952524111153061334e-03 1.952524111153134626e-03 1.752128190619557310e-02 3.373190987051655904e-02 4.236754912125492017e-02 4.913310490482008380e-02 6.303313761773107760e-02 7.649475883043310720e-02 7.819347562940738572e-02 8.414929655836837774e-02 8.712999892860344431e-02 9.524164354167971580e-02 1.073830150805186456e-01 1.160892724308926899e-01 1.341978760341743238e-01 1.413395049688196681e-01
-1.413395137413302749e-01 -1.338932827182020835e-01 -1.160177329784123357e-01 -1.073830284636156096e-01 -9.562828358185261612e-02 -8.735891320755721778e-02 -8.422655943937538969e-02 -7.835000410509534996e-02 -7.649671913679394197e-02 -6.299167373195460606e-02 -4.912176978440951913e-02 -4.235699793653657785e-02 -3.222752841971487925e-02 -1.746348286204707154e-02 -1.820113049188776038e-03 1.820113049189268700e-03 1.746348286204711317e-02 3.222752841971485149e-02 4.235699793653644601e-02 4.912176978440957464e-02 6.299167373195543873e-02 7.649671913679374768e-02 7.835000410509541935e-02 8.422655943937562562e-02 8.735891320755706513e-02 9.562828358185296307e-02 1.073830284636161370e-01 1.160177329784125300e-01 1.338932827182022223e-01 1.413395137413298031e-01
-1.413395150710785309e-01 -1.335826682789955644e-01 -1.159440332896592984e-01 -1.073830423874424372e-01 -9.602882259999610814e-02 -8.760092003450410669e-02 -8.430522943426242699e-02 -7.846266434102433518e-02 -7.649822605582654034e-02 -6.294882306909564684e-02 -4.910987758016617521e-02 -4.235591481282425380e-02 -3.071482807984693766e-02 -1.739055962802603730e-02 -1.681994444064939791e-03 1.681994444064894689e-03 1.739055962802596444e-02 3.071482807984716665e-02 4.235591481282422605e-02 4.910987758016628624e-02 6.294882306909557745e-02 7.649822605582615176e-02 7.846266434102397436e-02 8.430522943426264904e-02 8.760092003450448139e-02 9.602882259999614978e-02 1.073830423874428674e-01 1.159440332896603254e-01 1.335826682789956199e-01 1.413395150710788639e-01
-1.413395150458308935e-01 -1.332664212180343088e-01 -1.158683664695214638e-01 -1.073830568323923124e-01 -9.644157235454120514e-02 -8.785327233050652107e-02 -8.438486213471978192e-02 -7.853557509905889633e-02 -7.649941881497643315e-02 -6.290469779654092597e-02 -4.909743343372306723e-02 -4.236140366617984626e-02 -2.920405587359575783e-02 -1.729678611043334799e-02 -1.538252372628560538e-03 1.538252372628757213e-03 1.729678611043271655e-02 2.920405587359527905e-02 4.236140366618064423e-02 4.909743343372358071e-02 6.290469779654121740e-02 7.649941881497661356e-02 7.853557509905881306e-02 8.438486213471986519e-02 8.785327233050636841e-02 9.644157235454167698e-02 1.073830568323920348e-01 1.158683664695205340e-01 1.332664212180346142e-01 1.413395150458301441e-01
-1.413395145089379190e-01 -1.329448917251402629e-01 -1.157909294126452660e-01 -1.073830717785931449e-01 -9.686472552973103556e-02 -8.811334773356006844e-02 -8.446516509630591640e-02 -7.857286626386279782e-02 -7.650036943909994946e-02 -6.285941005502973522e-02 -4.908444338115264260e-02 -4.237172209874102285e-02 -2.770725345874758272e-02 -1.717344281420237970e-02 -1.388943960498716058e-03 1.388943960498848764e-03 1.717344281420250807e-02 2.770725345874750639e-02 4.237172209874057877e-02 4.908444338115258015e-02 6.285941005502970746e-02 7.650036943910031029e-02 7.857286626386268680e-02 8.446516509630565273e-02 8.811334773356080396e-02 9.686472552973082739e-02 1.073830717785926869e-01 1.157909294126447941e-01 1.329448917251402629e-01 1.413395145089378080e-01
-1.413395137074147934e-01 -1.326183961154878965e-01 -1.157119226226523689e-01 -1.073830872060773517e-01 -9.729640224388563796e-02 -8.837881096008944060e-02 -8.454597200532554258e-02 -7.857844388312637540e-02 -7.650111331807163406e-02 -6.281307188787096929e-02 -4.907091439145371686e-02 -4.238575933719532229e-02 -2.624069840343790788e-02 -1.700692852606240993e-02 -1.234087876826310808e-03 1.234087876826409254e-03 1.700692852606274647e-02 2.624069840343812299e-02 4.238575933719516964e-02 4.907091439145386952e-02 6.281307188787077500e-02 7.650111331807150916e-02 7.857844388312688888e-02 8.454597200532529278e-02 8.837881096008881610e-02 9.729640224388468039e-02 1.073830872060766578e-01 1.157119226226522996e-01 1.326183961154889790e-01 1.413395137074156815e-01
-1.413395127408895169e-01 -1.322872210336881460e-01 -1.156315501045435262e-01 -1.073831030949712606e-01 -9.773469645499784086e-02 -8.864770412725883619e-02 -8.462720880011609381e-02 -7.855585593673099221e-02 -7.650166282863200828e-02 -6.276579510696815578e-02 -4.905685441980212752e-02 -4.240277171699991660e-02 -2.482819251811687819e-02 -1.677576893163018265e-02 -1.073648335882280503e-03 1.073648335882397380e-03 1.677576893162994673e-02 2.482819251811688513e-02 4.240277171700078396e-02 4.905685441980274508e-02 6.276579510696815578e-02 7.650166282863249401e-02 7.855585593673101996e-02 8.462720880011631586e-02 8.864770412725872517e-02 9.773469645499766045e-02 1.073831030949718990e-01 1.156315501045439009e-01 1.322872210336891730e-01 1.413395127408890173e-01
-1.413395116579962418e-01 -1.319516274738547490e-01 -1.155500193273830828e-01 -1.073831194257390820e-01 -9.817771846580911066e-02 -8.891847463805570284e-02 -8.470886091374960070e-02 -7.850823380364196913e-02 -7.650201319609009620e-02 -6.271769111512097428e-02 -4.904227247057880990e-02 -4.242223966238665295e-02 -2.350516409181623023e-02 -1.644669465658729970e-02 -9.075123812696022285e-04 9.075123812695238407e-04 1.644669465658685562e-02 2.350516409181606717e-02 4.242223966238680560e-02 4.904227247057880296e-02 6.271769111512057182e-02 7.650201319608920802e-02 7.850823380364194137e-02 8.470886091374907334e-02 8.891847463805568896e-02 9.817771846580888861e-02 1.073831194257386934e-01 1.155500193273825971e-01 1.319516274738543327e-01 1.413395116579957145e-01
-1.413395104858036488e-01 -1.316118546605075101e-01 -1.154675412521493222e-01 -1.073831361794603256e-01 -9.862363081695356415e-02 -8.918995828052367347e-02 -8.479094635135440983e-02 -7.843828569549159135e-02 -7.650214402799290769e-02 -6.266887069931127707e-02 -4.902717866732763524e-02 -4.244378601074342422e-02 -2.232084642301838256e-02 -1.597259096044270285e-02 -7.354568913561725747e-04 7.354568913559249429e-04 1.597259096044348695e-02 2.232084642301797317e-02 4.244378601074302870e-02 4.902717866732739932e-02 6.266887069931158238e-02 7.650214402799275504e-02 7.843828569549056440e-02 8.479094635135421554e-02 8.918995828052390940e-02 9.862363081695481315e-02 1.073831361794597705e-01 1.154675412521493222e-01 1.316118546605074546e-01 1.413395104858038709e-01
-1.413395092408748777e-01 -1.312681238345793366e-01 -1.153843304169903938e-01 -1.073831533381831016e-01 -9.907067607592706660e-02 -8.946133576327669479e-02 -8.487349591887710654e-02 -7.834832245146627905e-02 -7.650201759730859696e-02 -6.261944380615612482e-02 -4.901158432793333714e-02 -4.246712715662499804e-02 -2.132985200721452049e-02 -1.530103494755650183e-02 -5.570994492829971180e-04 5.570994492830202115e-04 1.530103494755675857e-02 2.132985200721495070e-02 4.246712715662485926e-02 4.901158432793341346e-02 6.261944380615618033e-02 7.650201759730855533e-02 7.834832245146668150e-02 8.487349591887657918e-02 8.946133576327691683e-02 9.907067607592759395e-02 1.073831533381833930e-01 1.153843304169907408e-01 1.312681238345797807e-01 1.413395092408751830e-01
-1.413395079340425964e-01 -1.309206419904688223e-01 -1.153006050687368222e-01 -1.073831708853551226e-01 -9.951719613589116165e-02 -8.973207746398324802e-02 -8.495653999758211172e-02 -7.824030182711201598e-02 -7.650157359568227067e-02 -6.256951930808472839e-02 -4.899550204395090869e-02 -4.249204264559947042e-02 -2.056563428708221841e-02 -1.440095355785883137e-02 -3.718231615161012417e-04 3.718231615156181212e-04 1.440095355785869606e-02 2.056563428708252025e-02 4.249204264559866551e-02 4.899550204395048542e-02 6.256951930808493656e-02 7.650157359568247883e-02 7.824030182711269599e-02 8.495653999758227826e-02 8.973207746398288720e-02 9.951719613589091185e-02 1.073831708853554140e-01 1.153006050687362810e-01 1.309206419904688223e-01 1.413395079340417915e-01
-1.413395065726396338e-01 -1.305696056131607774e-01 -1.152165873252821160e-01 -1.073831888063560280e-01 -9.996164348572365854e-02 -9.000188655201468713e-02 -8.504010049199967058e-02 -7.811588340536179675e-02 -7.650071870437116783e-02 -6.251920476687566897e-02 -4.897894576341273870e-02 -4.251835559157612215e-02 -2.001620868635430039e-02 -1.328705661370277111e-02 -1.786580957615738240e-04 1.786580957618694317e-04 1.328705661370257682e-02 2.001620868635479653e-02 4.251835559157682992e-02 4.897894576341307871e-02 6.251920476687589101e-02 7.650071870437108457e-02 7.811588340536200492e-02 8.504010049200021182e-02 9.000188655201354915e-02 9.996164348572332548e-02 1.073831888063551676e-01 1.152165873252817413e-01 1.305696056131603333e-01 1.413395065726398281e-01
-1.413395051615759235e-01 -1.302152044683690946e-01 -1.151325033478741849e-01 -1.073832070891630186e-01 -1.004025854548323549e-01 -9.027064647571229894e-02 -8.512418649202439791e-02 -7.797649232782107032e-02 -7.649930704223310840e-02 -6.246860619967186529e-02 -4.896193087668877092e-02 -4.254591968319208078e-02 -1.963504389878984596e-02 -1.200917090658061397e-02 -2.391198925780488991e-05 2.391198925773777102e-05 1.200917090658039192e-02 1.963504389879000556e-02 4.254591968319169915e-02 4.896193087668870847e-02 6.246860619967115752e-02 7.649930704223292799e-02 7.797649232782066786e-02 8.512418649202488363e-02 9.027064647571213241e-02 1.004025854548330904e-01 1.073832070891622553e-01 1.151325033478741433e-01 1.302152044683703158e-01 1.413395051615762288e-01
-1.413395037037784574e-01 -1.298576255031549387e-01 -1.150485834950572550e-01 -1.073832257252099326e-01 -1.008387026999441743e-01 -9.053837568549566450e-02 -8.520879240882901773e-02 -7.782339763733098215e-02 -7.649710264462775133e-02 -6.241782785151276519e-02 -4.894447430512970099e-02 -4.257461033369350223e-02 -1.937123586549862123e-02 -1.062242610359408895e-02 -2.382762725314952759e-04 2.382762725315289403e-04 1.062242610359406467e-02 1.937123586549878429e-02 4.257461033369309977e-02 4.894447430512970099e-02 6.241782785151290397e-02 7.649710264462797338e-02 7.782339763733131521e-02 8.520879240882886507e-02 9.053837568549502612e-02 1.008387026999435637e-01 1.073832257252098216e-01 1.150485834950570052e-01 1.298576255031550497e-01 1.413395037037794288e-01
-1.413395022002207624e-01 -1.294970569193371890e-01 -1.149650624205057065e-01 -1.073832447104745430e-01 -1.012687832513157749e-01 -9.080519042272321151e-02 -8.529389764701833521e-02 -7.765782474091295629e-02 -7.649370313803754984e-02 -6.236697197753847399e-02 -4.892659459237803238e-02 -4.260431851231939737e-02 -1.918593078782850070e-02 -9.171444841568409528e-03 -4.682703677920358820e-04 4.682703677920820149e-04 9.171444841568484121e-03 1.918593078782879560e-02 4.260431851231952227e-02 4.892659459237839320e-02 6.236697197753832134e-02 7.649370313803717514e-02 7.765782474091226240e-02 8.529389764701861276e-02 9.080519042272262864e-02 1.012687832513160663e-01 1.073832447104741267e-01 1.149650624205057342e-01 1.294970569193364951e-01 1.413395022002205681e-01
-1.413395006495555550e-01 -1.291336924870578329e-01 -1.148821790645653679e-01 -1.073832640468912053e-01 -1.016917133470918722e-01 -9.107127522585380108e-02 -8.537946715662433905e-02 -7.748115510687023089e-02 -7.648837119143410412e-02 -6.231613863732626130e-02 -4.890831199832665344e-02 -4.263494635601706995e-02 -1.905349949635694318e-02 -7.690268701512511379e-03 -7.202216573040240910e-04 7.202216573039683630e-04 7.690268701512487960e-03 1.905349949635713747e-02 4.263494635601734056e-02 4.890831199832722243e-02 6.231613863732617109e-02 7.648837119143368779e-02 7.748115510687010599e-02 8.537946715662453334e-02 9.107127522585424517e-02 1.016917133470921220e-01 1.073832640468914967e-01 1.148821790645659230e-01 1.291336924870584713e-01 1.413395006495559436e-01
-1.413394990472300328e-01 -1.287677361709211321e-01 -1.148001764732749508e-01 -1.073832837442232624e-01 -1.021064661226961240e-01 -9.133686022750750477e-02 -8.546545243155938276e-02 -7.729536566251365981e-02 -7.647962152135898140e-02 -6.226542550331785886e-02 -4.888964859582795724e-02 -4.266640399082535784e-02 -1.895787072614410831e-02 -6.208079669543434612e-03 -1.004909117070933470e-03 1.004909117070950601e-03 6.208079669543247261e-03 1.895787072614471547e-02 4.266640399082471252e-02 4.888964859582792255e-02 6.226542550331776171e-02 7.647962152135877323e-02 7.729536566251346552e-02 8.546545243155996563e-02 9.133686022750743538e-02 1.021064661226955134e-01 1.073832837442240257e-01 1.148001764732746871e-01 1.287677361709212709e-01 1.413394990472301715e-01
-1.413394973837053814e-01 -1.283994071459266528e-01 -1.147193013582003956e-01 -1.073833038225476266e-01 -1.025120890371458982e-01 -9.160220411414773944e-02 -8.555179268321996822e-02 -7.710419285776672071e-02 -7.646407898567741945e-02 -6.221492768482390218e-02 -4.887062837039325008e-02 -4.269860719266513338e-02 -1.888910264491110852e-02 -4.756521189681712711e-03 -1.341212064457720241e-03 1.341212064457576692e-03 4.756521189681449900e-03 1.888910264491090382e-02 4.269860719266524440e-02 4.887062837039340968e-02 6.221492768482352054e-02 7.646407898567759986e-02 7.710419285776637377e-02 8.555179268321980168e-02 9.160220411414846109e-02 1.025120890371459537e-01 1.073833038225484732e-01 1.147193013581994520e-01 1.283994071459274577e-01 1.413394973837055202e-01
-1.413394956409266545e-01 -1.280289452846258280e-01 -1.146398032848235105e-01 -1.073833243156285255e-01 -1.029076907427616538e-01 -9.186758163021684076e-02 -8.563841602892520444e-02 -7.691662210275604372e-02 -7.643300764665894587e-02 -6.216473756875421502e-02 -4.885127732326696726e-02 -4.273147564206616206e-02 -1.884111975824096646e-02 -3.379148592502510384e-03 -1.761882853741917427e-03 1.761882853742041026e-03 3.379148592502667810e-03 1.884111975824116422e-02 4.273147564206640492e-02 4.885127732326693950e-02 6.216473756875439544e-02 7.643300764665870994e-02 7.691662210275643230e-02 8.563841602892578730e-02 9.186758163021614687e-02 1.029076907427628612e-01 1.073833243156291639e-01 1.146398032848233439e-01 1.280289452846267995e-01 1.413394956409275982e-01
-1.413394937848449218e-01 -1.276566171997670918e-01 -1.145619333458341715e-01 -1.073833452755576651e-01 -1.032924279576707544e-01 -9.213327462273002144e-02 -8.572524060774985855e-02 -7.675556394297056162e-02 -7.636365002711195671e-02 -6.211494467792278568e-02 -4.883162357845816787e-02 -4.276493160688344536e-02 -1.881037957923603621e-02 -2.353156599874779969e-03 -2.107259447051908728e-03 2.107259447051772119e-03 2.353156599874739203e-03 1.881037957923595641e-02 4.276493160688330658e-02 4.883162357845847318e-02 6.211494467792271629e-02 7.636365002711166527e-02 7.675556394297118612e-02 8.572524060775070509e-02 9.213327462272928592e-02 1.032924279576706156e-01 1.073833452755571377e-01 1.145619333458339217e-01 1.276566171997670918e-01 1.413394937848449218e-01
-1.413394917479325053e-01 -1.272827229274565153e-01 -1.144859421385758941e-01 -1.073833667792576246e-01 -1.036654927901260043e-01 -9.239956577555871742e-02 -8.581217558225856523e-02 -7.665372705919279439e-02 -7.622336701550845584e-02 -6.206563554751377138e-02 -4.881169749456727713e-02 -4.279889893887926788e-02 -1.879514518888248872e-02 -3.103982915206904107e-03 -1.094503818362649490e-03 1.094503818362572945e-03 3.103982915206844259e-03 1.879514518888253730e-02 4.279889893887925401e-02 4.881169749456738816e-02 6.206563554751350770e-02 7.622336701550837257e-02 7.665372705919315521e-02 8.581217558225882891e-02 9.239956577555860640e-02 1.036654927901259765e-01 1.073833667792580132e-01 1.144859421385754777e-01 1.272827229274559047e-01 1.413394917479323665e-01
-1.413394893818279985e-01 -1.269076033328581099e-01 -1.144120768238151148e-01 -1.073833889377948797e-01 -1.040261008913883484e-01 -9.266673433859148878e-02 -8.589912201268852521e-02 -7.660565340899525011e-02 -7.601761358644487654e-02 -6.201689362010248674e-02 -4.879153178257441409e-02 -4.283330230442986691e-02 -1.879515529171806726e-02 -4.118728170090384805e-03 -3.100840396198111968e-04 3.100840396199257970e-04 4.118728170090393478e-03 1.879515529171813665e-02 4.283330230442990161e-02 4.879153178257436552e-02 6.201689362010311124e-02 7.601761358644462674e-02 7.660565340899518072e-02 8.589912201268891379e-02 9.266673433859133613e-02 1.040261008913876267e-01 1.073833889377946160e-01 1.144120768238152536e-01 1.269076033328577213e-01 1.413394893818277764e-01
-1.413394862970735744e-01 -1.265316483118048285e-01 -1.143405769986911152e-01 -1.073834119099604939e-01 -1.043734807763428418e-01 -9.293505329813996074e-02 -8.598597360638053633e-02 -7.658297347002750166e-02 -7.577469279793198897e-02 -6.196879915942068301e-02 -4.877116163119454839e-02 -4.286806659290995358e-02 -1.881159620834083751e-02 -5.338107308500763919e-03 -2.601460922261546096e-04 2.601460922260822933e-04 5.338107308500716214e-03 1.881159620834078894e-02 4.286806659291046706e-02 4.877116163119471492e-02 6.196879915942081485e-02 7.577469279793148937e-02 7.658297347002646083e-02 8.598597360638061959e-02 9.293505329813976645e-02 1.043734807763425781e-01 1.073834119099598694e-01 1.143405769986920589e-01 1.265316483118035518e-01 1.413394862970734911e-01
-1.413394810693853476e-01 -1.261553058441701181e-01 -1.142716690754081166e-01 -1.073834359226182589e-01 -1.047068646416692422e-01 -9.320478755428643347e-02 -8.607261735422423732e-02 -7.657084859089434425e-02 -7.550932142594429797e-02 -6.192142918291126952e-02 -4.875062484200340385e-02 -4.290311646231098619e-02 -1.884737369753328867e-02 -6.685384205017351998e-03 -6.851602945941344391e-04 6.851602945942015513e-04 6.685384205017337253e-03 1.884737369753365990e-02 4.290311646231095843e-02 4.875062484200316792e-02 6.192142918291147075e-02 7.550932142594393714e-02 7.657084859089416384e-02 8.607261735422402915e-02 9.320478755428666939e-02 1.047068646416687426e-01 1.073834359226178425e-01 1.142716690754084913e-01 1.261553058441708952e-01 1.413394810693852366e-01
-1.413394612567949182e-01 -1.257790919242270100e-01 -1.142055588284423689e-01 -1.073834613020120121e-01 -1.050254810200137723e-01 -9.347619276737666183e-02 -8.615893407030728035e-02 -7.656362994189495896e-02 -7.522697806373375429e-02 -6.187485741300081943e-02 -4.872996197732029633e-02 -4.293837599285946910e-02 -1.890777921257567190e-02 -8.095270251790648991e-03 -1.021613750310772922e-03 1.021613750310836023e-03 8.095270251790633378e-03 1.890777921257547761e-02 4.293837599285971890e-02 4.872996197732037266e-02 6.187485741300047942e-02 7.522697806373306040e-02 7.656362994189465365e-02 8.615893407030755791e-02 9.347619276737573202e-02 1.050254810200143274e-01 1.073834613020124285e-01 1.142055588284419387e-01 1.257790919242256500e-01 1.413394612567952791e-01
-1.412592561933165014e-01 -1.254036013431574781e-01 -1.141424217719493317e-01 -1.073834885234846021e-01 -1.053285496215849576e-01 -9.374951461124819696e-02 -8.624479885271553459e-02 -7.655899738035397417e-02 -7.492977065466960296e-02 -6.182915424689029021e-02 -4.870921652494315801e-02 -4.297376842736084362e-02 -1.900177331770938269e-02 -9.521417193073042698e-03 -1.304126690928921568e-03 1.304126690929101979e-03 9.521417193073212701e-03 1.900177331770973657e-02 4.297376842736114894e-02 4.870921652494308862e-02 6.182915424689018613e-02 7.492977065466924214e-02 7.655899738035376600e-02 8.624479885271527091e-02 9.374951461124840513e-02 1.053285496215847494e-01 1.073834885234852404e-01 1.141424217719498452e-01 1.254036013431586716e-01 1.412592561933166957e-01
-1.410796299879358007e-01 -1.250295192212626250e-01 -1.140823910777958999e-01 -1.073835182933656068e-01 -1.056152787126279774e-01 -9.402498822803632972e-02 -8.633008148364455792e-02 -7.655586876615635972e-02 -7.461853318050049033e-02 -6.178438674462518460e-02 -4.868843508528902103e-02 -4.300921598272659102e-02 -1.914427320123565993e-02 -1.092691596934642490e-02 -1.552261081120371797e-03 1.552261081120042416e-03 1.092691596934640928e-02 1.914427320123538931e-02 4.300921598272649388e-02 4.868843508528906960e-02 6.178438674462603808e-02 7.461853318050065687e-02 7.655586876615635972e-02 8.633008148364408607e-02 9.402498822803616318e-02 1.056152787126283105e-01 1.073835182933655374e-01 1.140823910777966632e-01 1.250295192212626805e-01 1.410796299879354121e-01
-1.408827272316683088e-01 -1.246576330706480051e-01 -1.140255428735061777e-01 -1.073835516897885534e-01 -1.058848653384810573e-01 -9.430283772145324483e-02 -8.641464678641927466e-02 -7.655368141782652180e-02 -7.429355005628922315e-02 -6.174061863513244375e-02 -4.866766758855191333e-02 -4.304463972136461647e-02 -1.935986661300111850e-02 -1.227386653289832402e-02 -1.777123895404309753e-03 1.777123895404157531e-03 1.227386653289816443e-02 1.935986661300087910e-02 4.304463972136458177e-02 4.866766758855170516e-02 6.174061863513306825e-02 7.429355005628908437e-02 7.655368141782678548e-02 8.641464678641957997e-02 9.430283772145346688e-02 1.058848653384806965e-01 1.073835516897879566e-01 1.140255428735064136e-01 1.246576330706482549e-01 1.408827272316687806e-01
-1.406696175713411101e-01 -1.242888449997232581e-01 -1.139718790049482344e-01 -1.073835904176499434e-01 -1.061364985837160296e-01 -9.458327555529856545e-02 -8.649835495594325463e-02 -7.655211659306780658e-02 -7.395483758373343208e-02 -6.169791033993796137e-02 -4.864696755231123076e-02 -4.307995947423538113e-02 -1.968737217898434283e-02 -1.351489873005416904e-02 -1.985216522628592897e-03 1.985216522628695246e-03 1.351489873005415343e-02 1.968737217898391609e-02 4.307995947423570032e-02 4.864696755231156383e-02 6.169791033993778789e-02 7.395483758373315453e-02 7.655211659306836169e-02 8.649835495594332402e-02 9.458327555529860708e-02 1.061364985837156966e-01 1.073835904176496381e-01 1.139718790049494834e-01 1.242888449997246320e-01 1.406696175713413877e-01
-1.404416243624798666e-01 -1.239241834316294755e-01 -1.139213077492606946e-01 -1.073836373003368982e-01 -1.063693658271014225e-01 -9.486650174363199517e-02 -8.658106187791121677e-02 -7.655098116074383896e-02 -7.360226853584508899e-02 -6.165631901433205747e-02 -4.862639239396298468e-02 -4.311509380975074579e-02 -2.018003005526512739e-02 -1.459089394911338572e-02 -2.180474662450380095e-03 2.180474662450245221e-03 1.459089394911313245e-02 2.018003005526517596e-02 4.311509380975035721e-02 4.862639239396280427e-02 6.165631901433139828e-02 7.360226853584497797e-02 7.655098116074378345e-02 8.658106187791136943e-02 9.486650174363275845e-02 1.063693658271002845e-01 1.073836373003361627e-01 1.139213077492598619e-01 1.239241834316291285e-01 1.404416243624800609e-01
-1.402002915712711184e-01 -1.235648133834960499e-01 -1.138736235491382559e-01 -1.073836973066159411e-01 -1.065826615116122478e-01 -9.515270273058062944e-02 -8.666261945081822626e-02 -7.655015164978672126e-02 -7.323563494266485674e-02 -6.161589860585808820e-02 -4.860600381787954366e-02 -4.314996004450293021e-02 -2.088826597306924285e-02 -1.544710426447683423e-02 -2.365349869998064573e-03 2.365349869998580219e-03 1.544710426447694178e-02 2.088826597306947877e-02 4.314996004450286082e-02 4.860600381788025837e-02 6.161589860585817147e-02 7.323563494266538410e-02 7.655015164978654085e-02 8.666261945081769891e-02 9.515270273058042128e-02 1.065826615116118176e-01 1.073836973066152750e-01 1.138736235491383531e-01 1.235648133834962720e-01 1.402002915712712572e-01
-1.399473356542852431e-01 -1.232120439297337694e-01 -1.138284876149478209e-01 -1.073837799293593659e-01 -1.067755970833356022e-01 -9.544204986203004559e-02 -8.674287592345125697e-02 -7.654954561673243951e-02 -7.285468441925269101e-02 -6.157669993023984906e-02 -4.858586830505556148e-02 -4.318447429325731474e-02 -2.182411068667750031e-02 -1.606811444270892647e-02 -2.541400567863590435e-03 2.541400567863540128e-03 1.606811444270843034e-02 2.182411068667747256e-02 4.318447429325757841e-02 4.858586830505566556e-02 6.157669993024061927e-02 7.285468441925278815e-02 7.654954561673292524e-02 8.674287592345142350e-02 9.544204986203028152e-02 1.067755970833352414e-01 1.073837799293585471e-01 1.138284876149473351e-01 1.232120439297345327e-01 1.399473356542851876e-01
-1.396845971311053425e-01 -1.228673309529763197e-01 -1.137854121624788106e-01 -1.073839055344981003e-01 -1.069474085588689310e-01 -9.573469734928888308e-02 -8.682167625922383725e-02 -7.654910600859732295e-02 -7.245914468491805593e-02 -6.153877076521001993e-02 -4.856605774419182897e-02 -4.321855155676049276e-02 -2.294835665090505170e-02 -1.649032691214457474e-02 -2.709627618625019742e-03 2.709627618625077856e-03 1.649032691214460250e-02 2.294835665090504823e-02 4.321855155676000704e-02 4.856605774419167632e-02 6.153877076520925665e-02 7.245914468491797267e-02 7.654910600859737846e-02 8.682167625922408705e-02 9.573469734928842512e-02 1.069474085588684870e-01 1.073839055344978644e-01 1.137854121624791576e-01 1.228673309529761115e-01 1.396845971311047319e-01
-1.394139961115040682e-01 -1.225322727040302068e-01 -1.137437520049887768e-01 -1.073841262206858133e-01 -1.070973499071883328e-01 -9.603077961592910994e-02 -8.689886253729604826e-02 -7.654879214843880730e-02 -7.204874303367674038e-02 -6.150215596324699191e-02 -4.854665025938888906e-02 -4.325210584686110110e-02 -2.420073218505809989e-02 -1.677156943559342597e-02 -2.870672384899543121e-03 2.870672384899711823e-03 1.677156943559325250e-02 2.420073218505812418e-02 4.325210584686114967e-02 4.854665025938940948e-02 6.150215596324653394e-02 7.204874303367662935e-02 7.654879214843882118e-02 8.689886253729492416e-02 9.603077961592899892e-02 1.070973499071888185e-01 1.073841262206859243e-01 1.137437520049888462e-01 1.225322727040308451e-01 1.394139961115043458e-01
-1.391374941615610705e-01 -1.222085951352819000e-01 -1.137027079882173691e-01 -1.073846223906710640e-01 -1.072246095851579484e-01 -9.633040790273414422e-02 -8.697427439903655799e-02 -7.654857429682741798e-02 -7.162322427626806320e-02 -6.146689758509340379e-02 -4.852773131326151845e-02 -4.328505034927508655e-02 -2.552990462072961264e-02 -1.696095167864760181e-02 -3.024937968261573028e-03 3.024937968261733057e-03 1.696095167864720629e-02 2.552990462072934896e-02 4.328505034927513512e-02 4.852773131326117845e-02 6.146689758509384788e-02 7.162322427626771626e-02 7.654857429682726533e-02 8.697427439903734903e-02 9.633040790273456055e-02 1.072246095851581149e-01 1.073846223906714525e-01 1.137027079882176744e-01 1.222085951352814281e-01 1.391374941615607652e-01
-1.388570634963215977e-01 -1.218981236113351602e-01 -1.136613470392695696e-01 -1.073866264758223665e-01 -1.073273974443977180e-01 -9.663366598010994513e-02 -8.704774954683044963e-02 -7.654843024109635186e-02 -7.118236929454707651e-02 -6.143303505714939328e-02 -4.850939519929248211e-02 -4.331729762508097076e-02 -2.690077992935913098e-02 -1.709146943496774040e-02 -3.172665946562763361e-03 3.172665946562822775e-03 1.709146943496808041e-02 2.690077992935918302e-02 4.331729762508128995e-02 4.850939519929228783e-02 6.143303505714930307e-02 7.118236929454743733e-02 7.654843024109610206e-02 8.704774954683101862e-02 9.663366598011027819e-02 1.073273974443975376e-01 1.073866264758220473e-01 1.136613470392693614e-01 1.218981236113347577e-01 1.388570634963212369e-01
-1.385746634269333644e-01 -1.216027377093651801e-01 -1.136186430163180772e-01 -1.074169946827318867e-01 -1.073783803335377346e-01 -9.694060477930532826e-02 -8.711912430066282020e-02 -7.654834308377485297e-02 -7.072601579347914669e-02 -6.140060535780068884e-02 -4.849174708974671871e-02 -4.334875985296472722e-02 -2.829081104749581188e-02 -1.718362503937845634e-02 -3.313986443871139165e-03 3.313986443871297458e-03 1.718362503937849797e-02 2.829081104749597494e-02 4.334875985296504641e-02 4.849174708974665626e-02 6.140060535780054313e-02 7.072601579347949363e-02 7.654834308377468644e-02 8.711912430066237611e-02 9.694060477930492581e-02 1.073783803335378317e-01 1.074169946827319283e-01 1.136186430163184657e-01 1.216027377093657491e-01 1.385746634269330035e-01
-1.382922232961165121e-01 -1.213243067599818759e-01 -1.135735407182724838e-01 -1.074713023542366308e-01 -1.073815909690768455e-01 -9.725123569807918311e-02 -8.718823421620043590e-02 -7.654829976642149592e-02 -7.025408269671676309e-02 -6.136964324067149812e-02 -4.847490588531144784e-02 -4.337934911546193623e-02 -2.968531162911866583e-02 -1.725005547528417338e-02 -3.448951717329575960e-03 3.448951717329729483e-03 1.725005547528541891e-02 2.968531162911844032e-02 4.337934911546167255e-02 4.847490588531129518e-02 6.136964324067148424e-02 7.025408269671656880e-02 7.654829976642120448e-02 8.718823421620158776e-02 9.725123569807832269e-02 1.073815909690773174e-01 1.074713023542369361e-01 1.135735407182735662e-01 1.213243067599814456e-01 1.382922232961167064e-01
-1.380116307700078038e-01 -1.210646059068682945e-01 -1.135250420983106717e-01 -1.075041405197511984e-01 -1.073821339700590932e-01 -9.756552225467508832e-02 -8.725491476629726462e-02 -7.654829005897462180e-02 -6.976659974892639171e-02 -6.134018150738008296e-02 -4.845900823616389880e-02 -4.340897773459513609e-02 -3.107422512314139684e-02 -1.729871034810612912e-02 -3.577559265638634908e-03 3.577559265638583733e-03 1.729871034810615688e-02 3.107422512314138296e-02 4.340897773459546916e-02 4.845900823616398206e-02 6.134018150738037439e-02 6.976659974892598925e-02 7.654829005897466343e-02 8.725491476629790299e-02 9.756552225467536588e-02 1.073821339700582328e-01 1.075041405197507821e-01 1.135250420983109632e-01 1.210646059068677810e-01 1.380116307700079703e-01
-1.377347242360140445e-01 -1.208252159456370961e-01 -1.134723090158566844e-01 -1.075130708336508728e-01 -1.073822347190349497e-01 -9.788336964256594275e-02 -8.731900208590734347e-02 -7.654830585213079353e-02 -6.926374421031387951e-02 -6.131225134962930978e-02 -4.844421429837588583e-02 -4.343755866643379121e-02 -3.245017937216741755e-02 -1.733474338268621573e-02 -3.699768105055637347e-03 3.699768105055887147e-03 1.733474338268641349e-02 3.245017937216751469e-02 4.343755866643399938e-02 4.844421429837615645e-02 6.131225134962949713e-02 6.926374421031432360e-02 7.654830585213101557e-02 8.731900208590807899e-02 9.788336964256592887e-02 1.073822347190351578e-01 1.075130708336505814e-01 1.134723090158567538e-01 1.208252159456355418e-01 1.377347242360139057e-01
-1.374632880967543158e-01 -1.206074147364445265e-01 -1.134147714238707139e-01 -1.074978249858429130e-01 -1.073820489619568969e-01 -9.820461155581269863e-02 -8.738033377846389504e-02 -7.654834065193867609e-02 -6.874588706075973610e-02 -6.128588279214544632e-02 -4.843071610047407910e-02 -4.346500597284591594e-02 -3.380733451647290749e-02 -1.736160399804588875e-02 -3.815510486630396825e-03 3.815510486630660936e-03 1.736160399804604140e-02 3.380733451647270627e-02 4.346500597284553430e-02 4.843071610047413461e-02 6.128588279214570306e-02 6.874588706075887568e-02 7.654834065193895365e-02 8.738033377846372851e-02 9.820461155581285129e-02 1.073820489619572854e-01 1.074978249858434681e-01 1.134147714238700477e-01 1.206074147364445542e-01 1.374632880967542048e-01
-1.371990498748766885e-01 -1.204120725731516323e-01 -1.133522251018269367e-01 -1.074587633722886987e-01 -1.073812228876098313e-01 -9.852899337558763959e-02 -8.743874977967835971e-02 -7.654838921235231075e-02 -6.821365191191880450e-02 -6.126110528722212428e-02 -4.841874990170756676e-02 -4.349123540869331839e-02 -3.514067447115917786e-02 -1.738167250455741400e-02 -3.924700507490950889e-03 3.924700507490857214e-03 1.738167250455770196e-02 3.514067447115895582e-02 4.349123540869338084e-02 4.841874990170755289e-02 6.126110528722172877e-02 6.821365191191822164e-02 7.654838921235236626e-02 8.743874977967781847e-02 9.852899337558705672e-02 1.073812228876096370e-01 1.074587633722884350e-01 1.133522251018266452e-01 1.204120725731515074e-01 1.371990498748772436e-01
-1.369436782004571085e-01 -1.202395669032183118e-01 -1.132849008301457933e-01 -1.074020577324744652e-01 -1.073737432012807358e-01 -9.885615037400811989e-02 -8.749409327272300585e-02 -7.654844726382598052e-02 -6.766799091895860097e-02 -6.123794854406219151e-02 -4.840861476437686300e-02 -4.351616521201801674e-02 -3.644553497460901320e-02 -1.739663820928981711e-02 -4.027240564990249537e-03 4.027240564990318059e-03 1.739663820928954996e-02 3.644553497460906177e-02 4.351616521201801674e-02 4.840861476437716832e-02 6.123794854406246213e-02 6.766799091895842055e-02 7.654844726382631359e-02 8.749409327272315851e-02 9.885615037400806437e-02 1.073737432012799586e-01 1.074020577324749370e-01 1.132849008301460153e-01 1.202395669032196024e-01 1.369436782004558595e-01
-1.366987809116810837e-01 -1.200897315133403614e-01 -1.132134890524269105e-01 -1.073858919372839421e-01 -1.073017860994194134e-01 -9.918557890412632583e-02 -8.754621164669694477e-02 -7.654851130998575892e-02 -6.711028346293936020e-02 -6.121644373222161900e-02 -4.840070098003319138e-02 -4.353971731943274276e-02 -3.771724744807853497e-02 -1.740773068398897283e-02 -4.123026285629881847e-03 4.123026285629766488e-03 1.740773068398869181e-02 3.771724744807814639e-02 4.353971731943271500e-02 4.840070098003287219e-02 6.121644373222125818e-02 6.711028346293929081e-02 7.654851130998616138e-02 8.754621164669725009e-02 9.918557890412599276e-02 1.073017860994199824e-01 1.073858919372845527e-01 1.132134890524269244e-01 1.200897315133391818e-01 1.366987809116807784e-01
-1.364659026477592629e-01 -1.199618508676506129e-01 -1.131391112159506884e-01 -1.073846202256544535e-01 -1.071916273707222561e-01 -9.951659743897267596e-02 -8.759495748838017071e-02 -7.654857847336382637e-02 -6.654246529000115706e-02 -6.119662529824313607e-02 -4.839553440666586465e-02 -4.356181964887225616e-02 -3.895082252776929654e-02 -1.741586515932944806e-02 -4.211950356932459179e-03 4.211950356932523364e-03 1.741586515932935786e-02 3.895082252776967818e-02 4.356181964887265862e-02 4.839553440666628098e-02 6.119662529824349689e-02 6.654246529000119870e-02 7.654857847336431209e-02 8.759495748838012907e-02 9.951659743897263433e-02 1.071916273707219508e-01 1.073846202256547172e-01 1.131391112159511186e-01 1.199618508676503492e-01 1.364659026477597070e-01
-1.362465214493914223e-01 -1.198547024899498936e-01 -1.130632397541470879e-01 -1.073842371544907609e-01 -1.070582597406754544e-01 -9.984829251492152724e-02 -8.764018959549897680e-02 -7.654864637705703634e-02 -6.596719808043512157e-02 -6.117853381731402224e-02 -4.839384690017060203e-02 -4.358241166802467870e-02 -4.014061574215910949e-02 -1.742173633654681836e-02 -4.293905556764937743e-03 4.293905556764541359e-03 1.742173633654640896e-02 4.014061574215880418e-02 4.358241166802519218e-02 4.839384690017039387e-02 6.117853381731409163e-02 6.596719808043458033e-02 7.654864637705766084e-02 8.764018959549921273e-02 9.984829251492163826e-02 1.070582597406748715e-01 1.073842371544907748e-01 1.130632397541470324e-01 1.198547024899491026e-01 1.362465214493911447e-01
-1.360420440123912000e-01 -1.197666414901303461e-01 -1.129875798456212027e-01 -1.073840627413633758e-01 -1.069038149789520720e-01 -1.001794416423384404e-01 -8.768177399815625661e-02 -7.654871305306272522e-02 -6.538809168326081833e-02 -6.116222064676295894e-02 -4.839668990248272712e-02 -4.360146327617961393e-02 -4.127991511546246634e-02 -1.742588036926131720e-02 -4.368787185175514523e-03 4.368787185175389623e-03 1.742588036926159822e-02 4.127991511546211939e-02 4.360146327617966250e-02 4.839668990248271324e-02 6.116222064676247322e-02 6.538809168326077670e-02 7.654871305306272522e-02 8.768177399815606232e-02 1.001794416423376216e-01 1.069038149789523634e-01 1.073840627413635285e-01 1.129875798456210362e-01 1.197666414901306237e-01 1.360420440123907837e-01
-1.358537993724142634e-01 -1.196957144432484049e-01 -1.129139338637178691e-01 -1.073839675700623414e-01 -1.067304710714317567e-01 -1.005084002610139166e-01 -8.771958497379286901e-02 -7.654877687069261416e-02 -6.480999226186202888e-02 -6.114775581966127443e-02 -4.840561874190920516e-02 -4.361907982309876086e-02 -4.236032362341288909e-02 -1.742871669064440660e-02 -4.436495042957493834e-03 4.436495042957237095e-03 1.742871669064428863e-02 4.236032362341277113e-02 4.361907982309876086e-02 4.840561874190849045e-02 6.114775581966121892e-02 6.480999226186133499e-02 7.654877687069264192e-02 8.771958497379279962e-02 1.005084002610134308e-01 1.067304710714324090e-01 1.073839675700631602e-01 1.129139338637176609e-01 1.196957144432479470e-01 1.358537993724142079e-01
-1.356830309404322976e-01 -1.196397868143468241e-01 -1.128440712852725875e-01 -1.073839101678805696e-01 -1.065410865713792149e-01 -1.008329315678534455e-01 -8.775350604010009881e-02 -7.654883648033064536e-02 -6.423934623100022168e-02 -6.113524195903814740e-02 -4.842298655813172259e-02 -4.363782725379294902e-02 -4.336874354517044478e-02 -1.743057676532537917e-02 -4.496935059017469379e-03 4.496935059017491930e-03 1.743057676532528549e-02 4.336874354517104152e-02 4.363782725379330291e-02 4.842298655813215280e-02 6.113524195903801556e-02 6.423934623100052699e-02 7.654883648033106169e-02 8.775350604010007105e-02 1.008329315678536120e-01 1.065410865713784239e-01 1.073839101678804031e-01 1.128440712852724487e-01 1.196397868143468241e-01 1.356830309404319923e-01
-1.355308869635998281e-01 -1.195966692063534231e-01 -1.127796226432164484e-01 -1.073838733655316929e-01 -1.063395060121270080e-01 -1.011499448798111739e-01 -8.778343090969981111e-02 -7.654889076904076994e-02 -6.368463508677310592e-02 -6.112483971852188114e-02 -4.845237677708436053e-02 -4.430353117102051042e-02 -4.364567468646860654e-02 -1.743172416451889764e-02 -4.550020639098637833e-03 4.550020639098648241e-03 1.743172416451885254e-02 4.364567468646825960e-02 4.430353117102027449e-02 4.845237677708406909e-02 6.112483971852190889e-02 6.368463508677285612e-02 7.654889076904158873e-02 8.778343090970078255e-02 1.011499448798116180e-01 1.063395060121266888e-01 1.073838733655315542e-01 1.127796226432164622e-01 1.195966692063532705e-01 1.355308869636003000e-01
-1.353984096526347214e-01 -1.195642315976145065e-01 -1.127220080087501519e-01 -1.073838488693782678e-01 -1.061309405820142771e-01 -1.014550894423153632e-01 -8.780926439027528230e-02 -7.654893882547419981e-02 -6.315683605023786340e-02 -6.111681569271270459e-02 -4.849906972161997787e-02 -4.513108978691197926e-02 -4.365842196474443992e-02 -1.743236875945154349e-02 -4.595673787404334215e-03 4.595673787404325542e-03 1.743236875945118267e-02 4.365842196474436360e-02 4.513108978691199313e-02 4.849906972161952684e-02 6.111681569271270459e-02 6.315683605023808544e-02 7.654893882547438022e-02 8.780926439027512964e-02 1.014550894423149607e-01 1.061309405820140550e-01 1.073838488693779486e-01 1.127220080087500409e-01 1.195642315976147840e-01 1.353984096526342495e-01
-1.352865233861588745e-01 -1.195404995605997417e-01 -1.126724015758177461e-01 -1.073838322444652660e-01 -1.059225367427385073e-01 -1.017421330862602752e-01 -8.783092321408653147e-02 -7.654897991218125031e-02 -6.266977558996916775e-02 -6.111163327723986849e-02 -4.856983993305561548e-02 -4.583674359597133402e-02 -4.366858330856075027e-02 -1.743267684566601750e-02 -4.633826037640118196e-03 4.633826037640107788e-03 1.743267684566600362e-02 4.366858330856059761e-02 4.583674359597113973e-02 4.856983993305505343e-02 6.111163327724008359e-02 6.266977558996933428e-02 7.654897991218122255e-02 8.783092321408672576e-02 1.017421330862599144e-01 1.059225367427394232e-01 1.073838322444657239e-01 1.126724015758179404e-01 1.195404995605986315e-01 1.352865233861590688e-01
-1.351960225596003651e-01 -1.195237306845245151e-01 -1.126317268210117323e-01 -1.073838209525524445e-01 -1.057241958614498073e-01 -1.020020770207677868e-01 -8.784833678157932813e-02 -7.654901344390908913e-02 -6.224009260583807102e-02 -6.111011361251133395e-02 -4.866976388422297045e-02 -4.639652218268520284e-02 -4.367667239644400234e-02 -1.743277839421384506e-02 -4.664419219140712031e-03 4.664419219140890707e-03 1.743277839421407752e-02 4.367667239644418969e-02 4.639652218268529305e-02 4.866976388422301902e-02 6.111011361251209029e-02 6.224009260583827918e-02 7.654901344390950546e-02 8.784833678157991099e-02 1.020020770207677868e-01 1.057241958614499600e-01 1.073838209525524445e-01 1.126317268210115935e-01 1.195237306845240849e-01 1.351960225596004761e-01
-1.351275597705919873e-01 -1.195124722945594686e-01 -1.126006727222320231e-01 -1.073838134816087475e-01 -1.055495078007229193e-01 -1.022221537711629907e-01 -8.786144780495024065e-02 -7.654903897083602249e-02 -6.188640928739313346e-02 -6.111361886482857136e-02 -4.879285295364945568e-02 -4.679563555543075903e-02 -4.368274265822563035e-02 -1.743277222940239901e-02 -4.687406075915796083e-03 4.687406075915796083e-03 1.743277222940258636e-02 4.368274265822554014e-02 4.679563555543104353e-02 4.879285295364922670e-02 6.111361886482791217e-02 6.188640928739235630e-02 7.654903897083568942e-02 8.786144780494997697e-02 1.022221537711630462e-01 1.055495078007224891e-01 1.073838134816083034e-01 1.126006727222320231e-01 1.195124722945602597e-01 1.351275597705922094e-01
-1.350816351027450124e-01 -1.195056029945793241e-01 -1.125797205742723184e-01 -1.073838089243379645e-01 -1.054159854905191568e-01 -1.023855292912493470e-01 -8.787021283914020486e-02 -7.654905616596481555e-02 -6.162787977144179585e-02 -6.112353553966508313e-02 -4.891195693332923977e-02 -4.704013329939255722e-02 -4.368679539359578146e-02 -1.743272967136861792e-02 -4.702750750793674960e-03 4.702750750793675827e-03 1.743272967136849302e-02 4.368679539359584391e-02 4.704013329939260579e-02 4.891195693332874711e-02 6.112353553966460434e-02 6.162787977144125462e-02 7.654905616596469065e-02 8.787021283913946934e-02 1.023855292912492221e-01 1.054159854905190041e-01 1.073838089243371041e-01 1.125797205742712359e-01 1.195056029945788661e-01 1.350816351027452900e-01
-1.350585872661856923e-01 -1.195023608785047708e-01 -1.125691721404140921e-01 -1.073838067635268373e-01 -1.053425588123900469e-01 -1.024737570249208973e-01 -8.787460268976828026e-02 -7.654906481611435665e-02 -6.148558398686029824e-02 -6.113636064396446579e-02 -4.898628004458277507e-02 -4.715286676809784389e-02 -4.368882405959239462e-02 -1.743269700410283660e-02 -4.710429142775392555e-03 4.710429142775211277e-03 1.743269700410306558e-02 4.368882405959238768e-02 4.715286676809789940e-02 4.898628004458268487e-02 6.113636064396378578e-02 6.148558398686037457e-02 7.654906481611427338e-02 8.787460268976773903e-02 1.024737570249210639e-01 1.053425588123898526e-01 1.073838067635268789e-01 1.125691721404139117e-01 1.195023608785049929e-01 1.350585872661860254e-01
-1.350585872661849707e-01 -1.195023608785048402e-01 -1.125691721404143142e-01 -1.073838067635274202e-01 -1.053425588123900886e-01 -1.024737570249213137e-01 -8.787460268976737821e-02 -7.654906481611375990e-02 -6.148558398686041621e-02 -6.113636064396394537e-02 -4.898628004458269874e-02 -4.715286676809780919e-02 -4.368882405959193665e-02 -1.743269700410270823e-02 -4.710429142775204338e-03 4.710429142775302350e-03 1.743269700410285394e-02 4.368882405959242932e-02 4.715286676809775368e-02 4.898628004458269874e-02 6.113636064396426456e-02 6.148558398686028437e-02 7.654906481611407909e-02 8.787460268976790556e-02 1.024737570249207586e-01 1.053425588123899775e-01 1.073838067635266985e-01 1.125691721404144252e-01 1.195023608785045627e-01 1.350585872661861919e-01
-1.350816351027452900e-01 -1.195056029945789910e-01 -1.125797205742720269e-01 -1.073838089243377009e-01 -1.054159854905186294e-01 -1.023855292912491249e-01 -8.787021283914017711e-02 -7.654905616596470452e-02 -6.162787977144198320e-02 -6.112353553966475006e-02 -4.891195693332912875e-02 -4.704013329939295274e-02 -4.368679539359610065e-02 -1.743272967136849302e-02 -4.702750750793563070e-03 4.702750750793648071e-03 1.743272967136852772e-02 4.368679539359573982e-02 4.704013329939273763e-02 4.891195693332914957e-02 6.112353553966501374e-02 6.162787977144186524e-02 7.654905616596463513e-02 8.787021283913996894e-02 1.023855292912490833e-01 1.054159854905195731e-01 1.073838089243371319e-01 1.125797205742722074e-01 1.195056029945791298e-01 1.350816351027450124e-01
-1.351275597705918208e-01 -1.195124722945595380e-01 -1.126006727222321896e-01 -1.073838134816079287e-01 -1.055495078007229748e-01 -1.022221537711636430e-01 -8.786144780494946349e-02 -7.654903897083538411e-02 -6.188640928739242569e-02 -6.111361886482812034e-02 -4.879285295364933078e-02 -4.679563555543089781e-02 -4.368274265822551933e-02 -1.743277222940264881e-02 -4.687406075915837717e-03 4.687406075915694602e-03 1.743277222940259330e-02 4.368274265822545688e-02 4.679563555543097414e-02 4.879285295364947650e-02 6.111361886482857136e-02 6.188640928739317509e-02 7.654903897083550901e-02 8.786144780495008799e-02 1.022221537711635320e-01 1.055495078007227805e-01 1.073838134816082757e-01 1.126006727222322312e-01 1.195124722945596213e-01 1.351275597705919318e-01
-1.351960225596006981e-01 -1.195237306845242514e-01 -1.126317268210124956e-01 -1.073838209525528747e-01 -1.057241958614502236e-01 -1.020020770207672317e-01 -8.784833678157977221e-02 -7.654901344390938056e-02 -6.224009260583856368e-02 -6.111011361251204865e-02 -4.866976388422326882e-02 -4.639652218268507100e-02 -4.367667239644416194e-02 -1.743277839421369935e-02 -4.664419219140847339e-03 4.664419219140585396e-03 1.743277839421372363e-02 4.367667239644427296e-02 4.639652218268498773e-02 4.866976388422271371e-02 6.111011361251200008e-02 6.224009260583793224e-02 7.654901344390879769e-02 8.784833678158063264e-02 1.020020770207670929e-01 1.057241958614505012e-01 1.073838209525529164e-01 1.126317268210117462e-01 1.195237306845245429e-01 1.351960225596006981e-01
-1.352865233861592076e-01 -1.195404995605989645e-01 -1.126724015758179265e-01 -1.073838322444656546e-01 -1.059225367427391873e-01 -1.017421330862602336e-01 -8.783092321408633718e-02 -7.654897991218090336e-02 -6.266977558996879305e-02 -6.111163327723976441e-02 -4.856983993305541425e-02 -4.583674359597065401e-02 -4.366858330856057679e-02 -1.743267684566605566e-02 -4.633826037640101717e-03 4.633826037640068757e-03 1.743267684566608688e-02 4.366858330856073639e-02 4.583674359597113973e-02 4.856983993305578201e-02 6.111163327723980604e-02 6.266977558996954245e-02 7.654897991218183317e-02 8.783092321408667025e-02 1.017421330862602752e-01 1.059225367427388959e-01 1.073838322444656546e-01 1.126724015758181069e-01 1.195404995605998527e-01 1.352865233861587357e-01
-1.353984096526343051e-01 -1.195642315976153669e-01 -1.127220080087502213e-01 -1.073838488693783094e-01 -1.061309405820141799e-01 -1.014550894423155020e-01 -8.780926439027582353e-02 -7.654893882547388062e-02 -6.315683605023811320e-02 -6.111681569271291969e-02 -4.849906972161966562e-02 -4.513108978691196538e-02 -4.365842196474455095e-02 -1.743236875945158859e-02 -4.595673787404390594e-03 4.595673787404169416e-03 1.743236875945147063e-02 4.365842196474456482e-02 4.513108978691172252e-02 4.849906972161966562e-02 6.111681569271251724e-02 6.315683605023818259e-02 7.654893882547461614e-02 8.780926439027483821e-02 1.014550894423150301e-01 1.061309405820141799e-01 1.073838488693782955e-01 1.127220080087494997e-01 1.195642315976139930e-01 1.353984096526344993e-01
-1.355308869636002722e-01 -1.195966692063532982e-01 -1.127796226432170035e-01 -1.073838733655313182e-01 -1.063395060121272578e-01 -1.011499448798117151e-01 -8.778343090970010254e-02 -7.654889076904075607e-02 -6.368463508677284224e-02 -6.112483971852183950e-02 -4.845237677708465890e-02 -4.430353117102036470e-02 -4.364567468646843307e-02 -1.743172416451899132e-02 -4.550020639098770539e-03 4.550020639098598801e-03 1.743172416451884907e-02 4.364567468646814163e-02 4.430353117102048960e-02 4.845237677708413848e-02 6.112483971852247788e-02 6.368463508677273122e-02 7.654889076904032585e-02 8.778343090969972784e-02 1.011499448798117845e-01 1.063395060121276325e-01 1.073838733655316513e-01 1.127796226432167120e-01 1.195966692063529374e-01 1.355308869636001334e-01
-1.356830309404317980e-01 -1.196397868143475041e-01 -1.128440712852725875e-01 -1.073839101678808333e-01 -1.065410865713784516e-01 -1.008329315678530291e-01 -8.775350604009987676e-02 -7.654883648033017352e-02 -6.423934623100048535e-02 -6.113524195903818903e-02 -4.842298655813193076e-02 -4.363782725379323352e-02 -4.336874354517117336e-02 -1.743057676532526815e-02 -4.496935059017546574e-03 4.496935059017496267e-03 1.743057676532542774e-02 4.336874354517065294e-02 4.363782725379296290e-02 4.842298655813206953e-02 6.113524195903811270e-02 6.423934623100036045e-02 7.654883648033056209e-02 8.775350604009996003e-02 1.008329315678531679e-01 1.065410865713786459e-01 1.073839101678805141e-01 1.128440712852729622e-01 1.196397868143472543e-01 1.356830309404321588e-01
-1.358537993724156512e-01 -1.196957144432483910e-01 -1.129139338637181605e-01 -1.073839675700625218e-01 -1.067304710714318400e-01 -1.005084002610146243e-01 -8.771958497379316044e-02 -7.654877687069200354e-02 -6.480999226186213991e-02 -6.114775581966107321e-02 -4.840561874190902475e-02 -4.361907982309898291e-02 -4.236032362341290991e-02 -1.742871669064492701e-02 -4.436495042957492099e-03 4.436495042957314290e-03 1.742871669064464599e-02 4.236032362341300012e-02 4.361907982309885801e-02 4.840561874190846964e-02 6.114775581966124668e-02 6.480999226186144602e-02 7.654877687069237824e-02 8.771958497379271635e-02 1.005084002610142774e-01 1.067304710714318677e-01 1.073839675700627300e-01 1.129139338637176887e-01 1.196957144432482384e-01 1.358537993724142912e-01
-1.360420440123912555e-01 -1.197666414901304988e-01 -1.129875798456215358e-01 -1.073840627413634036e-01 -1.069038149789522801e-01 -1.001794416423385098e-01 -8.768177399815577089e-02 -7.654871305306258644e-02 -6.538809168326091548e-02 -6.116222064676248016e-02 -4.839668990248271324e-02 -4.360146327617916290e-02 -4.127991511546196673e-02 -1.742588036926171619e-02 -4.368787185175467686e-03 4.368787185175459879e-03 1.742588036926187578e-02 4.127991511546209857e-02 4.360146327617964168e-02 4.839668990248292835e-02 6.116222064676273690e-02 6.538809168326099874e-02 7.654871305306262808e-02 8.768177399815645090e-02 1.001794416423374551e-01 1.069038149789522940e-01 1.073840627413632787e-01 1.129875798456206060e-01 1.197666414901304988e-01 1.360420440123913111e-01
-1.362465214493912558e-01 -1.198547024899502961e-01 -1.130632397541470602e-01 -1.073842371544911634e-01 -1.070582597406752740e-01 -9.984829251492173541e-02 -8.764018959549922660e-02 -7.654864637705756369e-02 -6.596719808043480238e-02 -6.117853381731387652e-02 -4.839384690017026897e-02 -4.358241166802439420e-02 -4.014061574215888051e-02 -1.742173633654695367e-02 -4.293905556764731311e-03 4.293905556764843201e-03 1.742173633654615222e-02 4.014061574215867928e-02 4.358241166802470645e-02 4.839384690017067836e-02 6.117853381731438306e-02 6.596719808043499667e-02 7.654864637705720287e-02 8.764018959549903232e-02 9.984829251492138846e-02 1.070582597406753295e-01 1.073842371544907609e-01 1.130632397541473377e-01 1.198547024899497687e-01 1.362465214493908949e-01
-1.364659026477599291e-01 -1.199618508676504741e-01 -1.131391112159502443e-01 -1.073846202256545090e-01 -1.071916273707221312e-01 -9.951659743897173227e-02 -8.759495748838086460e-02 -7.654857847336321575e-02 -6.654246529000100441e-02 -6.119662529824275443e-02 -4.839553440666639894e-02 -4.356181964887236024e-02 -3.895082252776970594e-02 -1.741586515932956603e-02 -4.211950356932414076e-03 4.211950356932648264e-03 1.741586515932899010e-02 3.895082252776967818e-02 4.356181964887254066e-02 4.839553440666645445e-02 6.119662529824361485e-02 6.654246529000183707e-02 7.654857847336415944e-02 8.759495748837993478e-02 9.951659743897234289e-02 1.071916273707220479e-01 1.073846202256541205e-01 1.131391112159511741e-01 1.199618508676499468e-01 1.364659026477588466e-01
-1.366987809116806674e-01 -1.200897315133401810e-01 -1.132134890524273407e-01 -1.073858919372848442e-01 -1.073017860994200240e-01 -9.918557890412642297e-02 -8.754621164669644517e-02 -7.654851130998613362e-02 -6.711028346293942959e-02 -6.121644373222097368e-02 -4.840070098003294852e-02 -4.353971731943252071e-02 -3.771724744807832680e-02 -1.740773068398899365e-02 -4.123026285629750876e-03 4.123026285629770825e-03 1.740773068398837262e-02 3.771724744807818108e-02 4.353971731943244439e-02 4.840070098003328158e-02 6.121644373222117491e-02 6.711028346293923530e-02 7.654851130998592545e-02 8.754621164669700029e-02 9.918557890412600664e-02 1.073017860994201211e-01 1.073858919372847331e-01 1.132134890524268550e-01 1.200897315133406390e-01 1.366987809116796682e-01
-1.369436782004571085e-01 -1.202395669032186309e-01 -1.132849008301453492e-01 -1.074020577324742154e-01 -1.073737432012804999e-01 -9.885615037400785621e-02 -8.749409327272328341e-02 -7.654844726382646625e-02 -6.766799091895858709e-02 -6.123794854406223315e-02 -4.840861476437681443e-02 -4.351616521201800980e-02 -3.644553497460925606e-02 -1.739663820928946669e-02 -4.027240564990302446e-03 4.027240564990187087e-03 1.739663820928956037e-02 3.644553497460855523e-02 4.351616521201771837e-02 4.840861476437673810e-02 6.123794854406269805e-02 6.766799091895869811e-02 7.654844726382634135e-02 8.749409327272308912e-02 9.885615037400762029e-02 1.073737432012811244e-01 1.074020577324747289e-01 1.132849008301455296e-01 1.202395669032189640e-01 1.369436782004562203e-01
-1.371990498748770493e-01 -1.204120725731521041e-01 -1.133522251018266869e-01 -1.074587633722888097e-01 -1.073812228876101921e-01 -9.852899337558690407e-02 -8.743874977967781847e-02 -7.654838921235157523e-02 -6.821365191191852695e-02 -6.126110528722180509e-02 -4.841874990170770554e-02 -4.349123540869364452e-02 -3.514067447115888643e-02 -1.738167250455777829e-02 -3.924700507490897980e-03 3.924700507490956093e-03 1.738167250455788584e-02 3.514067447115891418e-02 4.349123540869349186e-02 4.841874990170721288e-02 6.126110528722192999e-02 6.821365191191859634e-02 7.654838921235224136e-02 8.743874977967833195e-02 9.852899337558725101e-02 1.073812228876101504e-01 1.074587633722892122e-01 1.133522251018274224e-01 1.204120725731521735e-01 1.371990498748774101e-01
-1.374632880967543436e-01 -1.206074147364447902e-01 -1.134147714238710053e-01 -1.074978249858434265e-01 -1.073820489619572993e-01 -9.820461155581200474e-02 -8.738033377846378402e-02 -7.654834065193906467e-02 -6.874588706075954181e-02 -6.128588279214582102e-02 -4.843071610047412073e-02 -4.346500597284586043e-02 -3.380733451647274096e-02 -1.736160399804542037e-02 -3.815510486630503510e-03 3.815510486630809689e-03 1.736160399804560772e-02 3.380733451647269933e-02 4.346500597284587430e-02 4.843071610047410686e-02 6.128588279214582102e-02 6.874588706075908384e-02 7.654834065193862058e-02 8.738033377846297911e-02 9.820461155581192148e-02 1.073820489619572854e-01 1.074978249858428297e-01 1.134147714238703392e-01 1.206074147364452204e-01 1.374632880967541770e-01
-1.377347242360134061e-01 -1.208252159456362912e-01 -1.134723090158570730e-01 -1.075130708336507895e-01 -1.073822347190348248e-01 -9.788336964256624806e-02 -8.731900208590749612e-02 -7.654830585213120986e-02 -6.926374421031471218e-02 -6.131225134962952489e-02 -4.844421429837664911e-02 -4.343755866643377039e-02 -3.245017937216761877e-02 -1.733474338268676043e-02 -3.699768105055659898e-03 3.699768105055855055e-03 1.733474338268619491e-02 3.245017937216757020e-02 4.343755866643383284e-02 4.844421429837635074e-02 6.131225134962974693e-02 6.926374421031418482e-02 7.654830585213107108e-02 8.731900208590809287e-02 9.788336964256598438e-02 1.073822347190346027e-01 1.075130708336504148e-01 1.134723090158570313e-01 1.208252159456359304e-01 1.377347242360131840e-01
-1.380116307700082756e-01 -1.210646059068674618e-01 -1.135250420983097558e-01 -1.075041405197502131e-01 -1.073821339700578720e-01 -9.756552225467535200e-02 -8.725491476629711196e-02 -7.654829005897416383e-02 -6.976659974892662763e-02 -6.134018150738040215e-02 -4.845900823616403758e-02 -4.340897773459577447e-02 -3.107422512314170909e-02 -1.729871034810669464e-02 -3.577559265638768481e-03 3.577559265638565519e-03 1.729871034810643443e-02 3.107422512314113316e-02 4.340897773459548303e-02 4.845900823616429431e-02 6.134018150738015929e-02 6.976659974892644722e-02 7.654829005897476057e-02 8.725491476629743115e-02 9.756552225467522710e-02 1.073821339700579414e-01 1.075041405197503658e-01 1.135250420983102831e-01 1.210646059068687941e-01 1.380116307700077483e-01
-1.382922232961165121e-01 -1.213243067599814734e-01 -1.135735407182730805e-01 -1.074713023542367002e-01 -1.073815909690765957e-01 -9.725123569807890556e-02 -8.718823421620061631e-02 -7.654829976642173184e-02 -7.025408269671649941e-02 -6.136964324067128301e-02 -4.847490588531146866e-02 -4.337934911546224848e-02 -2.968531162911882196e-02 -1.725005547528505809e-02 -3.448951717329540832e-03 3.448951717329699559e-03 1.725005547528461400e-02 2.968531162911875257e-02 4.337934911546220684e-02 4.847490588531141315e-02 6.136964324067177567e-02 7.025408269671648553e-02 7.654829976642150979e-02 8.718823421620129632e-02 9.725123569807861412e-02 1.073815909690766790e-01 1.074713023542360757e-01 1.135735407182725254e-01 1.213243067599816399e-01 1.382922232961163456e-01
-1.385746634269328370e-01 -1.216027377093655687e-01 -1.136186430163180217e-01 -1.074169946827318450e-01 -1.073783803335379428e-01 -9.694060477930446784e-02 -8.711912430066252877e-02 -7.654834308377503338e-02 -7.072601579347917444e-02 -6.140060535780040435e-02 -4.849174708974626075e-02 -4.334875985296460926e-02 -2.829081104749577719e-02 -1.718362503937839042e-02 -3.313986443870987376e-03 3.313986443871235008e-03 1.718362503937867491e-02 2.829081104749580494e-02 4.334875985296463702e-02 4.849174708974678116e-02 6.140060535780083456e-02 7.072601579347909118e-02 7.654834308377492236e-02 8.711912430066284796e-02 9.694060477930493969e-02 1.073783803335378317e-01 1.074169946827322197e-01 1.136186430163186045e-01 1.216027377093654716e-01 1.385746634269331978e-01
-1.388570634963215145e-01 -1.218981236113352851e-01 -1.136613470392686676e-01 -1.073866264758220890e-01 -1.073273974443979262e-01 -9.663366598011126352e-02 -8.704774954683093535e-02 -7.654843024109594940e-02 -7.118236929454758999e-02 -6.143303505714971940e-02 -4.850939519929277355e-02 -4.331729762508088055e-02 -2.690077992935911017e-02 -1.709146943496818796e-02 -3.172665946562760325e-03 3.172665946562937267e-03 1.709146943496763285e-02 2.690077992935935303e-02 4.331729762508108178e-02 4.850939519929242660e-02 6.143303505714860224e-02 7.118236929454746509e-02 7.654843024109631022e-02 8.704774954683047739e-02 9.663366598011036146e-02 1.073273974443978013e-01 1.073866264758223110e-01 1.136613470392697084e-01 1.218981236113348965e-01 1.388570634963217643e-01
-1.391374941615609040e-01 -1.222085951352812339e-01 -1.137027079882178549e-01 -1.073846223906712444e-01 -1.072246095851576431e-01 -9.633040790273489362e-02 -8.697427439903666901e-02 -7.654857429682759840e-02 -7.162322427626767463e-02 -6.146689758509367441e-02 -4.852773131326151845e-02 -4.328505034927496858e-02 -2.552990462072932468e-02 -1.696095167864732425e-02 -3.024937968261495833e-03 3.024937968261692291e-03 1.696095167864724793e-02 2.552990462072921365e-02 4.328505034927510736e-02 4.852773131326143519e-02 6.146689758509372992e-02 7.162322427626789667e-02 7.654857429682759840e-02 8.697427439903653024e-02 9.633040790273436627e-02 1.072246095851583786e-01 1.073846223906715636e-01 1.137027079882180630e-01 1.222085951352816641e-01 1.391374941615603489e-01
-1.394139961115033743e-01 -1.225322727040298598e-01 -1.137437520049878609e-01 -1.073841262206858410e-01 -1.070973499071882773e-01 -9.603077961592880463e-02 -8.689886253729647847e-02 -7.654879214843879343e-02 -7.204874303367660160e-02 -6.150215596324637435e-02 -4.854665025938918743e-02 -4.325210584686107335e-02 -2.420073218505802704e-02 -1.677156943559305821e-02 -2.870672384899509294e-03 2.870672384899561336e-03 1.677156943559330454e-02 2.420073218505814500e-02 4.325210584686115661e-02 4.854665025938930539e-02 6.150215596324647843e-02 7.204874303367700406e-02 7.654879214843884894e-02 8.689886253729663113e-02 9.603077961592845768e-02 1.070973499071888185e-01 1.073841262206859382e-01 1.137437520049892625e-01 1.225322727040303317e-01 1.394139961115037074e-01
-1.396845971311054257e-01 -1.228673309529756535e-01 -1.137854121624795878e-01 -1.073839055344980725e-01 -1.069474085588686257e-01 -9.573469734928868879e-02 -8.682167625922374010e-02 -7.654910600859712866e-02 -7.245914468491816696e-02 -6.153877076520921502e-02 -4.856605774419177346e-02 -4.321855155675968091e-02 -2.294835665090527027e-02 -1.649032691214381494e-02 -2.709627618625147678e-03 2.709627618625104310e-03 1.649032691214434923e-02 2.294835665090502394e-02 4.321855155676015969e-02 4.856605774419185673e-02 6.153877076520972850e-02 7.245914468491762572e-02 7.654910600859721193e-02 8.682167625922337928e-02 9.573469734928877206e-02 1.069474085588689727e-01 1.073839055344981003e-01 1.137854121624791992e-01 1.228673309529766111e-01 1.396845971311052592e-01
-1.399473356542845770e-01 -1.232120439297337139e-01 -1.138284876149476543e-01 -1.073837799293593243e-01 -1.067755970833350609e-01 -9.544204986202992069e-02 -8.674287592345111819e-02 -7.654954561673275870e-02 -7.285468441925314897e-02 -6.157669993024003641e-02 -4.858586830505574883e-02 -4.318447429325757148e-02 -2.182411068667743440e-02 -1.606811444270861769e-02 -2.541400567863510204e-03 2.541400567863514107e-03 1.606811444270886055e-02 2.182411068667758011e-02 4.318447429325687759e-02 4.858586830505565168e-02 6.157669993023987681e-02 7.285468441925312122e-02 7.654954561673241176e-02 8.674287592345147901e-02 9.544204986202986518e-02 1.067755970833345336e-01 1.073837799293587691e-01 1.138284876149471964e-01 1.232120439297339082e-01 1.399473356542849656e-01
-1.402002915712710074e-01 -1.235648133834966467e-01 -1.138736235491376314e-01 -1.073836973066161354e-01 -1.065826615116125253e-01 -9.515270273058083761e-02 -8.666261945081768503e-02 -7.655015164978699882e-02 -7.323563494266545348e-02 -6.161589860585804657e-02 -4.860600381788009877e-02 -4.314996004450286082e-02 -2.088826597306933652e-02 -1.544710426447691402e-02 -2.365349869998164753e-03 2.365349869998527310e-03 1.544710426447680300e-02 2.088826597306935040e-02 4.314996004450272205e-02 4.860600381788007102e-02 6.161589860585799799e-02 7.323563494266491225e-02 7.655015164978645759e-02 8.666261945081800422e-02 9.515270273058000494e-02 1.065826615116126225e-01 1.073836973066157191e-01 1.138736235491383531e-01 1.235648133834959528e-01 1.402002915712717845e-01
-1.404416243624799221e-01 -1.239241834316291008e-01 -1.139213077492596121e-01 -1.073836373003365513e-01 -1.063693658271011172e-01 -9.486650174363282784e-02 -8.658106187791146657e-02 -7.655098116074328385e-02 -7.360226853584522777e-02 -6.165631901433218237e-02 -4.862639239396286672e-02 -4.311509380975042660e-02 -2.018003005526561658e-02 -1.459089394911320184e-02 -2.180474662450280782e-03 2.180474662450361013e-03 1.459089394911329204e-02 2.018003005526544311e-02 4.311509380975055844e-02 4.862639239396340102e-02 6.165631901433205747e-02 7.360226853584500573e-02 7.655098116074361692e-02 8.658106187791091146e-02 9.486650174363189802e-02 1.063693658271010895e-01 1.073836373003366346e-01 1.139213077492603060e-01 1.239241834316300445e-01 1.404416243624793947e-01
-1.406696175713412211e-01 -1.242888449997237021e-01 -1.139718790049496916e-01 -1.073835904176500267e-01 -1.061364985837160574e-01 -9.458327555529877362e-02 -8.649835495594325463e-02 -7.655211659306808414e-02 -7.395483758373259942e-02 -6.169791033993824586e-02 -4.864696755231131403e-02 -4.307995947423556155e-02 -1.968737217898418324e-02 -1.351489873005414302e-02 -1.985216522628681368e-03 1.985216522628657082e-03 1.351489873005404241e-02 1.968737217898426650e-02 4.307995947423530481e-02 4.864696755231116831e-02 6.169791033993807239e-02 7.395483758373314065e-02 7.655211659306822292e-02 8.649835495594346280e-02 9.458327555529802422e-02 1.061364985837151970e-01 1.073835904176495964e-01 1.139718790049490810e-01 1.242888449997236744e-01 1.406696175713413599e-01
-1.408827272316687806e-01 -1.246576330706485186e-01 -1.140255428735068022e-01 -1.073835516897879289e-01 -1.058848653384802663e-01 -9.430283772145418852e-02 -8.641464678642013508e-02 -7.655368141782657732e-02 -7.429355005628873743e-02 -6.174061863513267273e-02 -4.866766758855198965e-02 -4.304463972136480382e-02 -1.935986661300089645e-02 -1.227386653289841596e-02 -1.777123895404308235e-03 1.777123895404147122e-03 1.227386653289830841e-02 1.935986661300101788e-02 4.304463972136398503e-02 4.866766758855178149e-02 6.174061863513265885e-02 7.429355005628873743e-02 7.655368141782695202e-02 8.641464678642059305e-02 9.430283772145403587e-02 1.058848653384811961e-01 1.073835516897886783e-01 1.140255428735067605e-01 1.246576330706488517e-01 1.408827272316683643e-01
-1.410796299879355509e-01 -1.250295192212625417e-01 -1.140823910777961081e-01 -1.073835182933659260e-01 -1.056152787126290321e-01 -9.402498822803634360e-02 -8.633008148364444689e-02 -7.655586876615648462e-02 -7.461853318050040706e-02 -6.178438674462532337e-02 -4.868843508528909042e-02 -4.300921598272674368e-02 -1.914427320123537543e-02 -1.092691596934643530e-02 -1.552261081120256221e-03 1.552261081119993410e-03 1.092691596934643357e-02 1.914427320123529910e-02 4.300921598272633428e-02 4.868843508528895164e-02 6.178438674462553848e-02 7.461853318050069850e-02 7.655586876615624869e-02 8.633008148364432199e-02 9.402498822803585787e-02 1.056152787126284909e-01 1.073835182933659121e-01 1.140823910777967326e-01 1.250295192212624862e-01 1.410796299879356064e-01
-1.412592561933164181e-01 -1.254036013431584495e-01 -1.141424217719490819e-01 -1.073834885234847270e-01 -1.053285496215854017e-01 -9.374951461124847452e-02 -8.624479885271528479e-02 -7.655899738035346069e-02 -7.492977065466940867e-02 -6.182915424688993633e-02 -4.870921652494332454e-02 -4.297376842736051750e-02 -1.900177331770938616e-02 -9.521417193073037494e-03 -1.304126690928925905e-03 1.304126690929189149e-03 9.521417193073119026e-03 1.900177331770966024e-02 4.297376842736074648e-02 4.870921652494292903e-02 6.182915424689035960e-02 7.492977065466897846e-02 7.655899738035412683e-02 8.624479885271514601e-02 9.374951461124889085e-02 1.053285496215852352e-01 1.073834885234852127e-01 1.141424217719490541e-01 1.254036013431594210e-01 1.412592561933163349e-01
-1.413394612567946407e-01 -1.257790919242261773e-01 -1.142055588284428824e-01 -1.073834613020129003e-01 -1.050254810200132588e-01 -9.347619276737620386e-02 -8.615893407030758566e-02 -7.656362994189483406e-02 -7.522697806373383755e-02 -6.187485741300067371e-02 -4.872996197732020612e-02 -4.293837599285983686e-02 -1.890777921257555047e-02 -8.095270251790730523e-03 -1.021613750310709171e-03 1.021613750310888281e-03 8.095270251790583071e-03 1.890777921257550190e-02 4.293837599285939277e-02 4.872996197732047674e-02 6.187485741300091657e-02 7.522697806373371265e-02 7.656362994189506999e-02 8.615893407030832118e-02 9.347619276737677285e-02 1.050254810200140360e-01 1.073834613020119289e-01 1.142055588284417722e-01 1.257790919242256500e-01 1.413394612567949182e-01
-1.413394810693855419e-01 -1.261553058441700348e-01 -1.142716690754082554e-01 -1.073834359226176483e-01 -1.047068646416680904e-01 -9.320478755428657225e-02 -8.607261735422380711e-02 -7.657084859089459405e-02 -7.550932142594414531e-02 -6.192142918291166503e-02 -4.875062484200284180e-02 -4.290311646231085435e-02 -1.884737369753345521e-02 -6.685384205017290415e-03 -6.851602945942722412e-04 6.851602945940540998e-04 6.685384205017378019e-03 1.884737369753395828e-02 4.290311646231119436e-02 4.875062484200316099e-02 6.192142918291163728e-02 7.550932142594359020e-02 7.657084859089478834e-02 8.607261735422430671e-02 9.320478755428628082e-02 1.047068646416689508e-01 1.073834359226170238e-01 1.142716690754079500e-01 1.261553058441709785e-01 1.413394810693857362e-01
-1.413394862970736854e-01 -1.265316483118049673e-01 -1.143405769986921838e-01 -1.073834119099600221e-01 -1.043734807763432304e-01 -9.293505329813972482e-02 -8.598597360638060572e-02 -7.658297347002696043e-02 -7.577469279793179469e-02 -6.196879915942095363e-02 -4.877116163119465941e-02 -4.286806659291029359e-02 -1.881159620834109425e-02 -5.338107308500805552e-03 -2.601460922261566696e-04 2.601460922260293842e-04 5.338107308500756112e-03 1.881159620834105262e-02 4.286806659291002991e-02 4.877116163119414594e-02 6.196879915942116873e-02 7.577469279793226653e-02 7.658297347002702982e-02 8.598597360638053633e-02 9.293505329814007176e-02 1.043734807763429945e-01 1.073834119099597167e-01 1.143405769986916148e-01 1.265316483118036350e-01 1.413394862970736299e-01
-1.413394893818279430e-01 -1.269076033328583319e-01 -1.144120768238143238e-01 -1.073833889377953515e-01 -1.040261008913882096e-01 -9.266673433859208553e-02 -8.589912201268869174e-02 -7.660565340899501419e-02 -7.601761358644390509e-02 -6.201689362010285450e-02 -4.879153178257386592e-02 -4.283330230443011671e-02 -1.879515529171791807e-02 -4.118728170090416897e-03 -3.100840396199168523e-04 3.100840396198803147e-04 4.118728170090359651e-03 1.879515529171827543e-02 4.283330230443016529e-02 4.879153178257399082e-02 6.201689362010284062e-02 7.601761358644451572e-02 7.660565340899487541e-02 8.589912201268838643e-02 9.266673433859141940e-02 1.040261008913876267e-01 1.073833889377941164e-01 1.144120768238142127e-01 1.269076033328584430e-01 1.413394893818287201e-01
-1.413394917479324497e-01 -1.272827229274561545e-01 -1.144859421385760329e-01 -1.073833667792578883e-01 -1.036654927901251300e-01 -9.239956577555853701e-02 -8.581217558225824604e-02 -7.665372705919228091e-02 -7.622336701550840032e-02 -6.206563554751370199e-02 -4.881169749456702733e-02 -4.279889893887926788e-02 -1.879514518888277669e-02 -3.103982915206890663e-03 -1.094503818362677679e-03 1.094503818362607640e-03 3.103982915206867678e-03 1.879514518888246444e-02 4.279889893887908747e-02 4.881169749456722162e-02 6.206563554751375750e-02 7.622336701550830318e-02 7.665372705919276664e-02 8.581217558225867625e-02 9.239956577555842598e-02 1.036654927901254630e-01 1.073833667792578744e-01 1.144859421385755610e-01 1.272827229274561822e-01 1.413394917479326440e-01
-1.413394937848450328e-01 -1.276566171997667032e-01 -1.145619333458345462e-01 -1.073833452755569573e-01 -1.032924279576702548e-01 -9.213327462272956347e-02 -8.572524060775027488e-02 -7.675556394297092244e-02 -7.636365002711156813e-02 -6.211494467792262608e-02 -4.883162357845860502e-02 -4.276493160688364659e-02 -1.881037957923590437e-02 -2.353156599874834613e-03 -2.107259447051983321e-03 2.107259447051752169e-03 2.353156599874543179e-03 1.881037957923543599e-02 4.276493160688299433e-02 4.883162357845835522e-02 6.211494467792236240e-02 7.636365002711147099e-02 7.675556394297043672e-02 8.572524060774992793e-02 9.213327462272948021e-02 1.032924279576709486e-01 1.073833452755569157e-01 1.145619333458341438e-01 1.276566171997671195e-01 1.413394937848453659e-01
-1.413394956409276815e-01 -1.280289452846261611e-01 -1.146398032848232051e-01 -1.073833243156294276e-01 -1.029076907427624032e-01 -9.186758163021714607e-02 -8.563841602892574567e-02 -7.691662210275598821e-02 -7.643300764665865443e-02 -6.216473756875413176e-02 -4.885127732326702277e-02 -4.273147564206609267e-02 -1.884111975824129953e-02 -3.379148592502610998e-03 -1.761882853741979661e-03 1.761882853742153567e-03 3.379148592502721152e-03 1.884111975824116422e-02 4.273147564206599552e-02 4.885127732326696032e-02 6.216473756875427054e-02 7.643300764665848790e-02 7.691662210275614087e-02 8.563841602892555138e-02 9.186758163021684076e-02 1.029076907427631943e-01 1.073833243156293860e-01 1.146398032848235798e-01 1.280289452846271880e-01 1.413394956409271264e-01
-1.413394973837049928e-01 -1.283994071459265141e-01 -1.147193013582010201e-01 -1.073833038225487368e-01 -1.025120890371460092e-01 -9.160220411414796149e-02 -8.555179268321985719e-02 -7.710419285776590193e-02 -7.646407898567718353e-02 -6.221492768482429075e-02 -4.887062837039322927e-02 -4.269860719266549420e-02 -1.888910264491173996e-02 -4.756521189681665873e-03 -1.341212064457705496e-03 1.341212064457644130e-03 4.756521189681558320e-03 1.888910264491088994e-02 4.269860719266514726e-02 4.887062837039341662e-02 6.221492768482390218e-02 7.646407898567743333e-02 7.710419285776644316e-02 8.555179268322028741e-02 9.160220411414796149e-02 1.025120890371458426e-01 1.073833038225480568e-01 1.147193013582003679e-01 1.283994071459274855e-01 1.413394973837056867e-01
-1.413394990472292279e-01 -1.287677361709207990e-01 -1.148001764732750618e-01 -1.073832837442235677e-01 -1.021064661226964293e-01 -9.133686022750749089e-02 -8.546545243156009053e-02 -7.729536566251363205e-02 -7.647962152135913405e-02 -6.226542550331817805e-02 -4.888964859582776296e-02 -4.266640399082517049e-02 -1.895787072614436505e-02 -6.208079669543301038e-03 -1.004909117070982042e-03 1.004909117070916773e-03 6.208079669543383437e-03 1.895787072614476404e-02 4.266640399082461538e-02 4.888964859582835276e-02 6.226542550331790049e-02 7.647962152135924507e-02 7.729536566251406227e-02 8.546545243156000726e-02 9.133686022750717171e-02 1.021064661226963460e-01 1.073832837442227073e-01 1.148001764732750341e-01 1.287677361709215207e-01 1.413394990472299217e-01
-1.413395006495560546e-01 -1.291336924870584713e-01 -1.148821790645657565e-01 -1.073832640468916216e-01 -1.016917133470927187e-01 -9.107127522585452273e-02 -8.537946715662388109e-02 -7.748115510686967577e-02 -7.648837119143443719e-02 -6.231613863732606007e-02 -4.890831199832675058e-02 -4.263494635601663973e-02 -1.905349949635679052e-02 -7.690268701512543471e-03 -7.202216573040966241e-04 7.202216573039687967e-04 7.690268701512575564e-03 1.905349949635715481e-02 4.263494635601711852e-02 4.890831199832672282e-02 6.231613863732624048e-02 7.648837119143393759e-02 7.748115510686982843e-02 8.537946715662411701e-02 9.107127522585492518e-02 1.016917133470922191e-01 1.073832640468910388e-01 1.148821790645662838e-01 1.291336924870574165e-01 1.413395006495559714e-01
-1.413395022002202905e-01 -1.294970569193374388e-01 -1.149650624205051652e-01 -1.073832447104740295e-01 -1.012687832513154695e-01 -9.080519042272282293e-02 -8.529389764701893195e-02 -7.765782474091208198e-02 -7.649370313803696697e-02 -6.236697197753830746e-02 -4.892659459237842096e-02 -4.260431851231955697e-02 -1.918593078782876785e-02 -9.171444841568515347e-03 -4.682703677921003921e-04 4.682703677921499401e-04 9.171444841568433815e-03 1.918593078782902459e-02 4.260431851231943207e-02 4.892659459237808095e-02 6.236697197753825195e-02 7.649370313803695309e-02 7.765782474091233178e-02 8.529389764701850174e-02 9.080519042272297559e-02 1.012687832513164271e-01 1.073832447104738630e-01 1.149650624205049154e-01 1.294970569193368282e-01 1.413395022002212342e-01
-1.413395037037792623e-01 -1.298576255031545224e-01 -1.150485834950568803e-01 -1.073832257252104877e-01 -1.008387026999437164e-01 -9.053837568549547021e-02 -8.520879240882932304e-02 -7.782339763733077398e-02 -7.649710264462755704e-02 -6.241782785151290397e-02 -4.894447430512971486e-02 -4.257461033369350223e-02 -1.937123586549820836e-02 -1.062242610359416702e-02 -2.382762725315737721e-04 2.382762725315411918e-04 1.062242610359381487e-02 1.937123586549813203e-02 4.257461033369348141e-02 4.894447430512945119e-02 6.241782785151300111e-02 7.649710264462768194e-02 7.782339763733109317e-02 8.520879240882975325e-02 9.053837568549505388e-02 1.008387026999440078e-01 1.073832257252100991e-01 1.150485834950570468e-01 1.298576255031558546e-01 1.413395037037783186e-01
-1.413395051615765896e-01 -1.302152044683698162e-01 -1.151325033478743098e-01 -1.073832070891629908e-01 -1.004025854548325353e-01 -9.027064647571263201e-02 -8.512418649202514731e-02 -7.797649232782037643e-02 -7.649930704223298350e-02 -6.246860619967168488e-02 -4.896193087668831295e-02 -4.254591968319145628e-02 -1.963504389879002637e-02 -1.200917090658058621e-02 -2.391198925771858064e-05 2.391198925783099546e-05 1.200917090658055499e-02 1.963504389878998127e-02 4.254591968319191425e-02 4.896193087668845867e-02 6.246860619967161549e-02 7.649930704223269207e-02 7.797649232782086215e-02 8.512418649202459220e-02 9.027064647571318712e-02 1.004025854548326463e-01 1.073832070891628382e-01 1.151325033478743098e-01 1.302152044683701215e-01 1.413395051615763953e-01
-1.413395065726395783e-01 -1.305696056131610550e-01 -1.152165873252819078e-01 -1.073831888063550982e-01 -9.996164348572292302e-02 -9.000188655201397936e-02 -8.504010049200047550e-02 -7.811588340536193553e-02 -7.650071870437100130e-02 -6.251920476687568284e-02 -4.897894576341283585e-02 -4.251835559157625399e-02 -2.001620868635447734e-02 -1.328705661370242069e-02 -1.786580957616336720e-04 1.786580957618581831e-04 1.328705661370244845e-02 2.001620868635511225e-02 4.251835559157663563e-02 4.897894576341332157e-02 6.251920476687573835e-02 7.650071870437091803e-02 7.811588340536204655e-02 8.504010049199986487e-02 9.000188655201379895e-02 9.996164348572317282e-02 1.073831888063553203e-01 1.152165873252819356e-01 1.305696056131609162e-01 1.413395065726402167e-01
-1.413395079340422356e-01 -1.309206419904685448e-01 -1.153006050687363782e-01 -1.073831708853556222e-01 -9.951719613589064817e-02 -8.973207746398349782e-02 -8.495653999758229213e-02 -7.824030182711272374e-02 -7.650157359568333926e-02 -6.256951930808522799e-02 -4.899550204395040215e-02 -4.249204264559892918e-02 -2.056563428708255495e-02 -1.440095355785858851e-02 -3.718231615158597357e-04 3.718231615157743006e-04 1.440095355785893719e-02 2.056563428708215596e-02 4.249204264559919286e-02 4.899550204395091563e-02 6.256951930808479778e-02 7.650157359568293680e-02 7.824030182711244619e-02 8.495653999758226438e-02 8.973207746398371987e-02 9.951719613588989877e-02 1.073831708853553307e-01 1.153006050687364753e-01 1.309206419904690444e-01 1.413395079340422911e-01
-1.413395092408744336e-01 -1.312681238345796420e-01 -1.153843304169910322e-01 -1.073831533381831016e-01 -9.907067607592767722e-02 -8.946133576327680581e-02 -8.487349591887700939e-02 -7.834832245146608476e-02 -7.650201759730823614e-02 -6.261944380615575012e-02 -4.901158432793324693e-02 -4.246712715662515764e-02 -2.132985200721476335e-02 -1.530103494755668224e-02 -5.570994492830536049e-04 5.570994492829963590e-04 1.530103494755652611e-02 2.132985200721462457e-02 4.246712715662533805e-02 4.901158432793348285e-02 6.261944380615619421e-02 7.650201759730795859e-02 7.834832245146627905e-02 8.487349591887709266e-02 8.946133576327697234e-02 9.907067607592821845e-02 1.073831533381835596e-01 1.153843304169911987e-01 1.312681238345798362e-01 1.413395092408752940e-01
-1.413395104858034546e-01 -1.316118546605076212e-01 -1.154675412521497246e-01 -1.073831361794593819e-01 -9.862363081695497968e-02 -8.918995828052309061e-02 -8.479094635135474289e-02 -7.843828569549063379e-02 -7.650214402799263014e-02 -6.266887069931172116e-02 -4.902717866732770463e-02 -4.244378601074334789e-02 -2.232084642301815011e-02 -1.597259096044246346e-02 -7.354568913561675874e-04 7.354568913559186545e-04 1.597259096044275836e-02 2.232084642301810848e-02 4.244378601074316054e-02 4.902717866732785729e-02 6.266887069931204035e-02 7.650214402799271340e-02 7.843828569549102236e-02 8.479094635135432656e-02 8.918995828052291019e-02 9.862363081695420253e-02 1.073831361794596873e-01 1.154675412521496275e-01 1.316118546605080375e-01 1.413395104858037044e-01
-1.413395116579964084e-01 -1.319516274738542494e-01 -1.155500193273821113e-01 -1.073831194257389848e-01 -9.817771846580922168e-02 -8.891847463805584162e-02 -8.470886091374979499e-02 -7.850823380364246873e-02 -7.650201319608937456e-02 -6.271769111512084938e-02 -4.904227247057867806e-02 -4.242223966238675703e-02 -2.350516409181620942e-02 -1.644669465658741073e-02 -9.075123812694728832e-04 9.075123812695138660e-04 1.644669465658746971e-02 2.350516409181617125e-02 4.242223966238688193e-02 4.904227247057876132e-02 6.271769111512062733e-02 7.650201319608927741e-02 7.850823380364213566e-02 8.470886091374921212e-02 8.891847463805534202e-02 9.817771846580926332e-02 1.073831194257393457e-01 1.155500193273827914e-01 1.319516274738549710e-01 1.413395116579966859e-01
-1.413395127408897667e-01 -1.322872210336889787e-01 -1.156315501045437760e-01 -1.073831030949716075e-01 -9.773469645499807679e-02 -8.864770412725868354e-02 -8.462720880011583013e-02 -7.855585593673136691e-02 -7.650166282863248013e-02 -6.276579510696796149e-02 -4.905685441980238426e-02 -4.240277171700031905e-02 -2.482819251811675676e-02 -1.677576893163018959e-02 -1.073648335882475225e-03 1.073648335882135220e-03 1.677576893162995367e-02 2.482819251811677758e-02 4.240277171700029130e-02 4.905685441980245365e-02 6.276579510696782271e-02 7.650166282863242462e-02 7.855585593673095057e-02 8.462720880011609381e-02 8.864770412725832271e-02 9.773469645499825720e-02 1.073831030949710802e-01 1.156315501045442062e-01 1.322872210336885901e-01 1.413395127408885732e-01
-1.413395137074148211e-01 -1.326183961154884239e-01 -1.157119226226510922e-01 -1.073830872060762831e-01 -9.729640224388425018e-02 -8.837881096008808057e-02 -8.454597200532511236e-02 -7.857844388312611172e-02 -7.650111331807125936e-02 -6.281307188787099705e-02 -4.907091439145388340e-02 -4.238575933719532923e-02 -2.624069840343820625e-02 -1.700692852606199013e-02 -1.234087876826437226e-03 1.234087876826399062e-03 1.700692852606310382e-02 2.624069840343692603e-02 4.238575933719567618e-02 4.907091439145426504e-02 6.281307188787117746e-02 7.650111331807150916e-02 7.857844388312693051e-02 8.454597200532543155e-02 8.837881096008873283e-02 9.729640224388480529e-02 1.073830872060775737e-01 1.157119226226524661e-01 1.326183961154902002e-01 1.413395137074155983e-01
-1.413395145089380855e-01 -1.329448917251411233e-01 -1.157909294126444333e-01 -1.073830717785928951e-01 -9.686472552973120209e-02 -8.811334773356074845e-02 -8.446516509630613845e-02 -7.857286626386314476e-02 -7.650036943909989395e-02 -6.285941005502949930e-02 -4.908444338115255934e-02 -4.237172209874049550e-02 -2.770725345874749945e-02 -1.717344281420218541e-02 -1.388943960498772870e-03 1.388943960498843343e-03 1.717344281420233112e-02 2.770725345874782905e-02 4.237172209874086326e-02 4.908444338115301037e-02 6.285941005502976298e-02 7.650036943910007436e-02 7.857286626386318640e-02 8.446516509630544456e-02 8.811334773356035988e-02 9.686472552973031391e-02 1.073830717785926731e-01 1.157909294126443916e-01 1.329448917251401519e-01 1.413395145089377247e-01
-1.413395150458299221e-01 -1.332664212180349472e-01 -1.158683664695221299e-01 -1.073830568323915213e-01 -9.644157235454048349e-02 -8.785327233050599371e-02 -8.438486213471953212e-02 -7.853557509905881306e-02 -7.649941881497633600e-02 -6.290469779654123128e-02 -4.909743343372326846e-02 -4.236140366618022790e-02 -2.920405587359517149e-02 -1.729678611043337921e-02 -1.538252372628657466e-03 1.538252372628642070e-03 1.729678611043318839e-02 2.920405587359552885e-02 4.236140366618069281e-02 4.909743343372358071e-02 6.290469779654095372e-02 7.649941881497668295e-02 7.853557509905849388e-02 8.438486213472021213e-02 8.785327233050700679e-02 9.644157235454114963e-02 1.073830568323925067e-01 1.158683664695215054e-01 1.332664212180350860e-01 1.413395150458307270e-01
-1.413395150710785586e-01 -1.335826682789945097e-01 -1.159440332896597703e-01 -1.073830423874424372e-01 -9.602882259999592773e-02 -8.760092003450448139e-02 -8.430522943426227434e-02 -7.846266434102451559e-02 -7.649822605582635993e-02 -6.294882306909539704e-02 -4.910987758016606419e-02 -4.235591481282427462e-02 -3.071482807984712501e-02 -1.739055962802615179e-02 -1.681994444064935238e-03 1.681994444064907916e-03 1.739055962802609975e-02 3.071482807984720828e-02 4.235591481282463544e-02 4.910987758016645277e-02 6.294882306909568848e-02 7.649822605582642931e-02 7.846266434102430742e-02 8.430522943426206617e-02 8.760092003450474507e-02 9.602882259999583059e-02 1.073830423874427842e-01 1.159440332896601311e-01 1.335826682789946485e-01 1.413395150710795023e-01
-1.413395137413300806e-01 -1.338932827182020002e-01 -1.160177329784133626e-01 -1.073830284636161647e-01 -9.562828358185322675e-02 -8.735891320755730105e-02 -8.422655943937538969e-02 -7.835000410509496138e-02 -7.649671913679370605e-02 -6.299167373195481423e-02 -4.912176978440958852e-02 -4.235699793653646683e-02 -3.222752841971494170e-02 -1.746348286204614519e-02 -1.820113049189051859e-03 1.820113049189130789e-03 1.746348286204684602e-02 3.222752841971474047e-02 4.235699793653686235e-02 4.912176978440980363e-02 6.299167373195541098e-02 7.649671913679405300e-02 7.835000410509557200e-02 8.422655943937563949e-02 8.735891320755688472e-02 9.562828358185317124e-02 1.073830284636158316e-01 1.160177329784130018e-01 1.338932827182027496e-01 1.413395137413303304e-01
-1.413395049688191962e-01 -1.341978760341735744e-01 -1.160892724308924956e-01 -1.073830150805182848e-01 -9.524164354167928559e-02 -8.712999892860347206e-02 -8.414929655836830835e-02 -7.819347562940703877e-02 -7.649475883043323210e-02 -6.303313761773127188e-02 -4.913310490481997278e-02 -4.236754912125496875e-02 -3.373190987051676026e-02 -1.752128190619523310e-02 -1.952524111153144167e-03 1.952524111153256707e-03 1.752128190619485146e-02 3.373190987051667700e-02 4.236754912125497569e-02 4.913310490482016707e-02 6.303313761773166046e-02 7.649475883043266311e-02 7.819347562940666407e-02 8.414929655836858591e-02 8.712999892860363860e-02 9.524164354167982682e-02 1.073830150805187150e-01 1.160892724308942997e-01 1.341978760341740740e-01 1.413395049688210559e-01
-1.413131413735074782e-01 -1.344960166852379735e-01 -1.161584625869387377e-01 -1.073830022573545734e-01 -9.487042948881062310e-02 -8.691682244744207420e-02 -8.407404213271008064e-02 -7.798933503593440120e-02 -7.649206482765892601e-02 -6.307310251403980272e-02 -4.914387867955184036e-02 -4.239273108504116455e-02 -3.521724263156581630e-02 -1.756782179894886275e-02 -2.079125037238485976e-03 2.079125037238345897e-03 1.756782179894880377e-02 3.521724263156589263e-02 4.239273108504150456e-02 4.914387867955204853e-02 6.307310251404019130e-02 7.649206482765866233e-02 7.798933503593420691e-02 8.407404213270966431e-02 8.691682244744212971e-02 9.487042948881141413e-02 1.073830022573557391e-01 1.161584625869380855e-01 1.344960166852384453e-01 1.413131413735072284e-01
-1.412394302871136376e-01 -1.347872249930905930e-01 -1.162251187595550045e-01 -1.073829900128114717e-01 -9.451597380804452331e-02 -8.672166818972784630e-02 -8.400152622216200404e-02 -7.773477214387296275e-02 -7.648801011642908376e-02 -6.311145602141174371e-02 -4.915408775331618629e-02 -4.244256686879381568e-02 -3.666900762902697980e-02 -1.760578330122070101e-02 -2.199801015554598768e-03 2.199801015554693744e-03 1.760578330122083632e-02 3.666900762902665367e-02 4.244256686879326057e-02 4.915408775331606833e-02 6.311145602141154942e-02 7.648801011642948622e-02 7.773477214387328194e-02 8.400152622216236487e-02 8.672166818972815161e-02 9.451597380804456494e-02 1.073829900128125958e-01 1.162251187595549490e-01 1.347872249930905375e-01 1.412394302871136931e-01
-1.411654893753949425e-01 -1.350709675722274461e-01 -1.162890610345170411e-01 -1.073829783649533909e-01 -9.417939320343084175e-02 -8.654622051491149548e-02 -8.393254158890572914e-02 -7.742899201970702971e-02 -7.648090707942625799e-02 -6.314808524134189749e-02 -4.916372978183022185e-02 -4.253855888863109641e-02 -3.806182370783127433e-02 -1.763707370209285225e-02 -2.314429794816516214e-03 2.314429794816428611e-03 1.763707370209198488e-02 3.806182370783144781e-02 4.253855888863068702e-02 4.916372978182981246e-02 6.314808524134177259e-02 7.648090707942589717e-02 7.742899201970730727e-02 8.393254158890504912e-02 8.654622051491205059e-02 9.417939320343067522e-02 1.073829783649540848e-01 1.162890610345168468e-01 1.350709675722273628e-01 1.411654893753945261e-01
-1.410916273273692123e-01 -1.353466511331221922e-01 -1.163501147373139644e-01 -1.073829673311402083e-01 -9.386158199975908056e-02 -8.639140037472055333e-02 -8.386784944936924446e-02 -7.707708922629036286e-02 -7.646445084612835119e-02 -6.318287623363944006e-02 -4.917280369486861508e-02 -4.273118494817332996e-02 -3.934164294474903206e-02 -1.766308186318212362e-02 -2.422885370038234919e-03 2.422885370038322522e-03 1.766308186318158585e-02 3.934164294474873369e-02 4.273118494817400304e-02 4.917280369486939917e-02 6.318287623363941230e-02 7.646445084612825405e-02 7.707708922629072368e-02 8.386784944936986896e-02 8.639140037472055333e-02 9.386158199975981609e-02 1.073829673311415267e-01 1.163501147373137007e-01 1.353466511331214428e-01 1.410916273273692123e-01
-1.410181230058674129e-01 -1.356136154407865113e-01 -1.164081109620861976e-01 -1.073829569279545620e-01 -9.356321988686268354e-02 -8.625731464903545198e-02 -8.380808062242059431e-02 -7.672184661645885251e-02 -7.639613215014533221e-02 -6.321571316467926305e-02 -4.918131031679295884e-02 -4.313343880091355387e-02 -4.039197844300335127e-02 -1.768484048381488774e-02 -2.525040866594672421e-03 2.525040866594523668e-03 1.768484048381494672e-02 4.039197844300321943e-02 4.313343880091381061e-02 4.918131031679313231e-02 6.321571316467863855e-02 7.639613215014527670e-02 7.672184661645889414e-02 8.380808062242015022e-02 8.625731464903506340e-02 9.356321988686314151e-02 1.073829569279541457e-01 1.164081109620863502e-01 1.356136154407852346e-01 1.410181230058662472e-01
-1.409452485737562877e-01 -1.358711251225286076e-01 -1.164628871557735756e-01 -1.073829471711331002e-01 -9.328479229780206605e-02 -8.614331969213880058e-02 -8.375366046422019761e-02 -7.656020781259205432e-02 -7.608084898279580954e-02 -6.324647705049613045e-02 -4.918925389821399846e-02 -4.388436148759369132e-02 -4.107017484671147967e-02 -1.770313185732720965e-02 -2.620770828024892272e-03 2.620770828024933472e-03 1.770313185732667535e-02 4.107017484671166008e-02 4.388436148759394806e-02 4.918925389821399152e-02 6.324647705049676882e-02 7.608084898279610098e-02 7.656020781259247066e-02 8.375366046422051680e-02 8.614331969213874507e-02 9.328479229780248239e-02 1.073829471711333777e-01 1.164628871557738532e-01 1.358711251225291905e-01 1.409452485737564542e-01
-1.408732829845986412e-01 -1.361183599155986468e-01 -1.165142877492540835e-01 -1.073829380755190882e-01 -9.302662015808879636e-02 -8.604816773174099598e-02 -8.370477730435943453e-02 -7.652952828085213266e-02 -7.558463642228026302e-02 -6.327504398975017375e-02 -4.919664638401762685e-02 -4.494301895104971245e-02 -4.141323351266804065e-02 -1.771855838131072142e-02 -2.709953053801264413e-03 2.709953053800921371e-03 1.771855838131082203e-02 4.141323351266779085e-02 4.494301895104967082e-02 4.919664638401786971e-02 6.327504398975063171e-02 7.558463642228009649e-02 7.652952828085236858e-02 8.370477730435978148e-02 8.604816773174116251e-02 9.302662015808864371e-02 1.073829380755186302e-01 1.165142877492531398e-01 1.361183599155972868e-01 1.408732829845993906e-01
-1.408025290846911803e-01 -1.363544028517316709e-01 -1.165621648259133614e-01 -1.073829296550088130e-01 -9.278889496961335859e-02 -8.597018971780955032e-02 -8.366139709833009253e-02 -7.651921298079419897e-02 -7.502296782275880149e-02 -6.330128280505015193e-02 -4.920352212239558626e-02 -4.614605156492309485e-02 -4.158003275352004785e-02 -1.773159056047815194e-02 -2.792470092438051159e-03 2.792470092437999551e-03 1.773159056047825949e-02 4.158003275351998540e-02 4.614605156492307403e-02 4.920352212239580136e-02 6.330128280505023519e-02 7.502296782275921783e-02 7.651921298079432388e-02 8.366139709832944027e-02 8.597018971780882868e-02 9.278889496961352512e-02 1.073829296550084245e-01 1.165621648259138887e-01 1.363544028517322260e-01 1.408025290846902089e-01
-1.407333359023858199e-01 -1.365782258538808247e-01 -1.166063788168396759e-01 -1.073829219225138631e-01 -9.257171513322615120e-02 -8.590747339464219201e-02 -8.362331175803823513e-02 -7.651405259764260114e-02 -7.441739231054658732e-02 -6.332505212517214321e-02 -4.921001225172853127e-02 -4.739061281300223361e-02 -4.166804963277172952e-02 -1.774260030949528777e-02 -2.868210466708745379e-03 2.868210466708840355e-03 1.774260030949461470e-02 4.166804963277241647e-02 4.739061281300202544e-02 4.921001225172887128e-02 6.332505212517229587e-02 7.441739231054703141e-02 7.651405259764282318e-02 8.362331175803799921e-02 8.590747339464148424e-02 9.257171513322599854e-02 1.073829219225136827e-01 1.166063788168392457e-01 1.365782258538813798e-01 1.407333359023862362e-01
-1.406661270237441475e-01 -1.367886724030132062e-01 -1.166467992107189100e-01 -1.073829148899246716e-01 -9.237511992998037602e-02 -8.585801187760053188e-02 -8.359020204519468367e-02 -7.651091579428705158e-02 -7.377892506454124255e-02 -6.334619728035087438e-02 -4.921733822364501854e-02 -4.862783185239632350e-02 -4.171855726710776979e-02 -1.775188444913735134e-02 -2.937069687386175808e-03 2.937069687386005806e-03 1.775188444913786134e-02 4.171855726710749224e-02 4.862783185239624023e-02 4.921733822364469241e-02 6.334619728035027764e-02 7.377892506454090948e-02 7.651091579428676015e-02 8.359020204519529429e-02 8.585801187760017106e-02 9.237511992998034827e-02 1.073829148899238944e-01 1.166467992107189100e-01 1.367886724030133172e-01 1.406661270237443695e-01
-1.406014351429908660e-01 -1.369844375700907668e-01 -1.166833052656417180e-01 -1.073829085680808315e-01 -9.219911844984053639e-02 -8.581981495445824282e-02 -8.356169811764613264e-02 -7.650878988939474601e-02 -7.311826025082245051e-02 -6.336454824482576353e-02 -4.984018542772983285e-02 -4.921725908264157345e-02 -4.174933823812352479e-02 -1.775968152886216872e-02 -2.998951097277979209e-03 2.998951097278082858e-03 1.775968152886180096e-02 4.174933823812301825e-02 4.921725908264176080e-02 4.984018542772997856e-02 6.336454824482529169e-02 7.311826025082188152e-02 7.650878988939459335e-02 8.356169811764599387e-02 8.581981495445782648e-02 9.219911844984077232e-02 1.073829085680802903e-01 1.166833052656417458e-01 1.369844375700911276e-01 1.406014351429908382e-01
-1.405399411558596878e-01 -1.371640472158758006e-01 -1.167157867093652490e-01 -1.073829029667435625e-01 -9.204371175915879166e-02 -8.579098654806698032e-02 -8.353742754641745039e-02 -7.650725411331930903e-02 -7.244777141784131125e-02 -6.337992184466846590e-02 -5.099551655801148192e-02 -4.922325124451371048e-02 -4.176885212825346555e-02 -1.776618402213766754e-02 -3.053766576657022339e-03 3.053766576656995017e-03 1.776618402213733794e-02 4.176885212825310473e-02 4.922325124451385620e-02 5.099551655801097538e-02 6.337992184466818835e-02 7.244777141784146390e-02 7.650725411331953107e-02 8.353742754641703405e-02 8.579098654806655011e-02 9.204371175915823655e-02 1.073829029667437290e-01 1.167157867093644302e-01 1.371640472158754398e-01 1.405399411558596878e-01
-1.404825129133040196e-01 -1.373258411135334922e-01 -1.167441444142392620e-01 -1.073828980945751715e-01 -9.190890757477840345e-02 -8.576977652676597008e-02 -8.351704747696733766e-02 -7.650610439245791872e-02 -7.178260823307033855e-02 -6.339213557704646840e-02 -5.208402640303005926e-02 -4.922738689695855402e-02 -4.178152394235255807e-02 -1.777154725573688865e-02 -3.101437133305133282e-03 3.101437133304945932e-03 1.777154725573656252e-02 4.178152394235275929e-02 4.922738689695901892e-02 5.208402640303040620e-02 6.339213557704621860e-02 7.178260823307036631e-02 7.650610439245773831e-02 8.351704747696746256e-02 8.576977652676540109e-02 9.190890757477741813e-02 1.073828980945751715e-01 1.167441444142391926e-01 1.373258411135341861e-01 1.404825129133043804e-01
-1.404302334607918368e-01 -1.374679696578458565e-01 -1.167682910329809337e-01 -1.073828939591192078e-01 -9.179472757713297293e-02 -8.575461535985086370e-02 -8.350026228541514162e-02 -7.650523106473840207e-02 -7.114175842580677811e-02 -6.340104768508250666e-02 -5.308470939366712743e-02 -4.923074770325367583e-02 -4.178985080499982713e-02 -1.777589599319416222e-02 -3.141893394551110736e-03 3.141893394551093389e-03 1.777589599319426977e-02 4.178985080499939692e-02 4.923074770325364807e-02 5.308470939366737723e-02 6.340104768508199318e-02 7.114175842580691689e-02 7.650523106473823554e-02 8.350026228541472528e-02 8.575461535985073880e-02 9.179472757713311171e-02 1.073828939591186943e-01 1.167682910329813223e-01 1.374679696578456345e-01 1.404302334607913927e-01
-1.403844015618010976e-01 -1.375884204100241148e-01 -1.167881515818570831e-01 -1.073828905667812972e-01 -9.170120821543835399e-02 -8.574413832819498260e-02 -8.348683026992988199e-02 -7.650457097278473562e-02 -7.054906700777845152e-02 -6.340664674188975503e-02 -5.397330230429540215e-02 -4.923345816985740669e-02 -4.179532336333862536e-02 -1.777932930318045987e-02 -3.175076014269807324e-03 3.175076014269799518e-03 1.777932930317999149e-02 4.179532336333822290e-02 4.923345816985726792e-02 5.397330230429474296e-02 6.340664674189003258e-02 7.054906700777827111e-02 7.650457097278459684e-02 8.348683026992932688e-02 8.574413832819510750e-02 9.170120821543878420e-02 1.073828905667817274e-01 1.167881515818566945e-01 1.375884204100242258e-01 1.403844015618013474e-01
-1.403464811715074978e-01 -1.376850964138286171e-01 -1.168036639585896957e-01 -1.073828879228231892e-01 -9.162839642621838088e-02 -8.573720370095420928e-02 -8.347656330740833852e-02 -7.650408612075404458e-02 -7.003372622642281553e-02 -6.340920967074592518e-02 -5.472033645281172698e-02 -4.923555228630495384e-02 -4.179886431533340330e-02 -1.778192414956690504e-02 -3.200936004491438617e-03 3.200936004491711836e-03 1.778192414956692585e-02 4.179886431533363922e-02 4.923555228630536323e-02 5.472033645281217107e-02 6.340920967074653580e-02 7.003372622642287104e-02 7.650408612075343395e-02 8.347656330740793607e-02 8.573720370095370968e-02 9.162839642621824210e-02 1.073828879228231059e-01 1.168036639585903758e-01 1.376850964138284228e-01 1.403464811715073035e-01
-1.403179779103811420e-01 -1.377559664601414602e-01 -1.168147793834323905e-01 -1.073828860313439937e-01 -9.157634208798345887e-02 -8.573290725685771274e-02 -8.346932284859333306e-02 -7.650375325364947021e-02 -6.962916275914003694e-02 -6.340948894061138041e-02 -5.529177645729130286e-02 -4.923704288366526072e-02 -4.180105168869910348e-02 -1.778373800722291009e-02 -3.219434998724022504e-03 3.219434998723752755e-03 1.778373800722308704e-02 4.180105168869926308e-02 4.923704288366526766e-02 5.529177645729145552e-02 6.340948894061185226e-02 6.962916275913971775e-02 7.650375325364983103e-02 8.346932284859334694e-02 8.573290725685805969e-02 9.157634208798401398e-02 1.073828860313448680e-01 1.168147793834324877e-01 1.377559664601409883e-01 1.403179779103811697e-01
-1.403002389588071108e-01 -1.377992888880414379e-01 -1.168214627533481487e-01 -1.073828848952825404e-01 -9.154508923875355475e-02 -8.573059403314868543e-02 -8.346501475454601304e-02 -7.650355845616166328e-02 -6.936888104255162224e-02 -6.340873917584273489e-02 -5.565302388714323673e-02 -4.923793560070020836e-02 -4.180223777922950634e-02 -1.778481071440189687e-02 -3.230545452130838876e-03 3.230545452130761247e-03 1.778481071440261505e-02 4.180223777922909695e-02 4.923793560069914671e-02 5.565302388714321591e-02 6.340873917584265163e-02 6.936888104255116427e-02 7.650355845616171879e-02 8.346501475454611019e-02 8.573059403314824134e-02 9.154508923875237514e-02 1.073828848952824988e-01 1.168214627533485789e-01 1.377992888880412159e-01 1.403002389588064724e-01
-1.402942116923231175e-01 -1.378138716266018859e-01 -1.168236929011303715e-01 -1.073828845163989493e-01 -9.153466804853030436e-02 -8.572986726074341424e-02 -8.346358464353960394e-02 -7.650349430201597301e-02 -6.927881446682365718e-02 -6.340829124921688875e-02 -5.577692993432214336e-02 -4.923823293363707027e-02 -4.180261304603423433e-02 -1.778516570516993842e-02 -3.234250782179494930e-03 3.234250782179592075e-03 1.778516570517014658e-02 4.180261304603460903e-02 4.923823293363718129e-02 5.577692993432234458e-02 6.340829124921644466e-02 6.927881446682378208e-02 7.650349430201561218e-02 8.346358464353940965e-02 8.572986726074316444e-02 9.153466804853056804e-02 1.073828845163988521e-01 1.168236929011306630e-01 1.378138716266017749e-01 1.402942116923237559e-01
