-1.268147016516310288e-01 -1.268147016516307513e-01 -1.065239014152059710e-01 -1.065239014152058600e-01 -1.058118033726686696e-01 -1.058118033726679341e-01 -9.858135768464311444e-02 -9.858135768464217075e-02 -7.791247344144956732e-02 -7.791247344144923426e-02 -6.525689968055350954e-02 -6.525689968055342627e-02 -6.098176408360866940e-02 -5.513804175329135165e-02 -5.513804175329123369e-02 5.513804175329160145e-02 5.513804175329167778e-02 6.098176408360768408e-02 6.525689968055353729e-02 6.525689968055371770e-02 7.791247344144881792e-02 7.791247344144963671e-02 9.858135768464254545e-02 9.858135768464282300e-02 1.058118033726681007e-01 1.058118033726684337e-01 1.065239014152059571e-01 1.065239014152063179e-01 1.268147016516307235e-01 1.268147016516307790e-01
-1.270460743788068558e-01 -1.265860488601392997e-01 -1.073193624015118253e-01 -1.062843581587669117e-01 -1.059828904576117642e-01 -1.050844388942409335e-01 -9.875064598067535837e-02 -9.840433118252553402e-02 -7.802787447599995874e-02 -7.779680782955718243e-02 -6.531577326624848912e-02 -6.520011805789645287e-02 -6.098382574881017204e-02 -5.575159638556416442e-02 -5.448233060150472346e-02 5.448233060150429324e-02 5.575159638556394237e-02 6.098382574880972795e-02 6.520011805789621695e-02 6.531577326624835034e-02 7.779680782955726570e-02 7.802787447599900117e-02 9.840433118252543687e-02 9.875064598067526123e-02 1.050844388942406837e-01 1.059828904576116948e-01 1.062843581587667452e-01 1.073193624015118530e-01 1.265860488601400491e-01 1.270460743788071056e-01
-1.272801224325455782e-01 -1.263601548585002454e-01 -1.082179252100582550e-01 -1.066491445245788677e-01 -1.056066993606406129e-01 -1.041974376066750196e-01 -9.891265743778414332e-02 -9.821810607858619258e-02 -7.814299295087208386e-02 -7.768089571003433669e-02 -6.537675364419015533e-02 -6.514541240784399445e-02 -6.099007840127242813e-02 -5.632498182374129359e-02 -5.378237677754010154e-02 5.378237677754007379e-02 5.632498182374159890e-02 6.099007840127217139e-02 6.514541240784366138e-02 6.537675364419001656e-02 7.768089571003394811e-02 7.814299295087188957e-02 9.821810607858548481e-02 9.891265743778390740e-02 1.041974376066750058e-01 1.056066993606407101e-01 1.066491445245791730e-01 1.082179252100585326e-01 1.263601548584999679e-01 1.272801224325455227e-01
-1.275167930970471930e-01 -1.261370555722667042e-01 -1.091359511467396015e-01 -1.069863511424286179e-01 -1.052796047420431202e-01 -1.032741010719490232e-01 -9.906668107311543403e-02 -9.801996631267359539e-02 -7.825781028325858035e-02 -7.756475587026021024e-02 -6.543985245043099086e-02 -6.509276772403196909e-02 -6.100073297531787703e-02 -5.686003504846838530e-02 -5.303604423926813749e-02 5.303604423926856770e-02 5.686003504846808693e-02 6.100073297531750233e-02 6.509276772403160827e-02 6.543985245043063004e-02 7.756475587025983554e-02 7.825781028325799749e-02 9.801996631267317905e-02 9.906668107311501770e-02 1.032741010719483848e-01 1.052796047420431619e-01 1.069863511424284791e-01 1.091359511467394072e-01 1.261370555722668985e-01 1.275167930970473318e-01
-1.277560235864337035e-01 -1.259167874440287049e-01 -1.100509962761559574e-01 -1.073155892926470067e-01 -1.049710281099101028e-01 -1.023565684427932415e-01 -9.920980003689784665e-02 -9.780523911810300175e-02 -7.837230653713815609e-02 -7.744840839171063251e-02 -6.550507619421103156e-02 -6.504217227602626661e-02 -6.101616864627647241e-02 -5.735838476829139415e-02 -5.224119587290530775e-02 5.224119587290532163e-02 5.735838476829151211e-02 6.101616864627684711e-02 6.504217227602683560e-02 6.550507619421089278e-02 7.744840839171091007e-02 7.837230653713839201e-02 9.780523911810314053e-02 9.920980003689747195e-02 1.023565684427928529e-01 1.049710281099101583e-01 1.073155892926470484e-01 1.100509962761554023e-01 1.259167874440282053e-01 1.277560235864333704e-01
-1.279977394221863962e-01 -1.256993917323661614e-01 -1.109548488798527272e-01 -1.076427441295078058e-01 -1.046726573246859610e-01 -1.014742213309861862e-01 -9.933282431538340007e-02 -9.756590321624032669e-02 -7.848645959370578740e-02 -7.733187517329866145e-02 -6.557242442398064641e-02 -6.499362010136716661e-02 -6.103697792333859229e-02 -5.782138175935310626e-02 -5.139574349112284446e-02 5.139574349112233792e-02 5.782138175935275237e-02 6.103697792333883515e-02 6.499362010136700007e-02 6.557242442398070192e-02 7.733187517329848104e-02 7.848645959370494085e-02 9.756590321624034057e-02 9.933282431538320578e-02 1.014742213309858809e-01 1.046726573246858638e-01 1.076427441295073201e-01 1.109548488798522692e-01 1.256993917323654675e-01 1.279977394221855080e-01
-1.282418531299608366e-01 -1.254849200386401742e-01 -1.118433696607110672e-01 -1.079700508508644047e-01 -1.043816700740619746e-01 -1.006826102707303050e-01 -9.940061929552138076e-02 -9.728813450713227895e-02 -7.860024422719906478e-02 -7.721518040012519124e-02 -6.564188800942002966e-02 -6.494711377497260074e-02 -6.106403644092957272e-02 -5.825001110236021490e-02 -5.049769932915783993e-02 5.049769932915858933e-02 5.825001110236057572e-02 6.106403644092950334e-02 6.494711377497253135e-02 6.564188800942007129e-02 7.721518040012510797e-02 7.860024422719906478e-02 9.728813450713150179e-02 9.940061929552153341e-02 1.006826102707296805e-01 1.043816700740616416e-01 1.079700508508645851e-01 1.118433696607114558e-01 1.254849200386404517e-01 1.282418531299606423e-01
-1.284882632513571488e-01 -1.252734416639222914e-01 -1.127140323610627409e-01 -1.082984930722088179e-01 -1.040970682439096573e-01 -1.001602754779466337e-01 -9.926214309873859776e-02 -9.694910182717672575e-02 -7.871363106086748385e-02 -7.709835095439214470e-02 -6.571344756896974060e-02 -6.490266756116938596e-02 -6.109860086300928500e-02 -5.864478137730233520e-02 -4.954522851355800533e-02 4.954522851355782492e-02 5.864478137730199520e-02 6.109860086300888948e-02 6.490266756116955249e-02 6.571344756896979611e-02 7.709835095439210306e-02 7.871363106086755324e-02 9.694910182717578206e-02 9.926214309873909736e-02 1.001602754779468696e-01 1.040970682439096573e-01 1.082984930722086514e-01 1.127140323610627964e-01 1.252734416639227355e-01 1.284882632513577594e-01
-1.287368536766470006e-01 -1.250650537800268025e-01 -1.135651381153105627e-01 -1.086285368077020141e-01 -1.038186816987863859e-01 -1.000628077085123496e-01 -9.879692299634039443e-02 -9.651739366742034809e-02 -7.882658536800407623e-02 -7.698141676398863320e-02 -6.578707208334794165e-02 -6.486031108783070487e-02 -6.114242881217399339e-02 -5.900559557687520829e-02 -4.853670126514877947e-02 4.853670126514840477e-02 5.900559557687504175e-02 6.114242881217374359e-02 6.486031108783113508e-02 6.578707208334835799e-02 7.698141676398857769e-02 7.882658536800361826e-02 9.651739366741957094e-02 9.879692299634004748e-02 1.000628077085122525e-01 1.038186816987866912e-01 1.086285368077015007e-01 1.135651381153099104e-01 1.250650537800271911e-01 1.287368536766470284e-01
-1.289874933095941645e-01 -1.248598960610550201e-01 -1.143954938119650377e-01 -1.089604025384815628e-01 -1.035468885909578418e-01 -1.001327468115642272e-01 -9.829033314265629706e-02 -9.596807819002327322e-02 -7.893906567000605334e-02 -7.686441108352147500e-02 -6.586271774337604246e-02 -6.482009372431031535e-02 -6.119788345454751921e-02 -5.933163992589910590e-02 -4.747074303430457581e-02 4.747074303430467990e-02 5.933163992589846059e-02 6.119788345454776901e-02 6.482009372431014882e-02 6.586271774337588980e-02 7.686441108352071172e-02 7.893906567000563701e-02 9.596807819002309281e-02 9.829033314265581134e-02 1.001327468115636721e-01 1.035468885909578973e-01 1.089604025384811603e-01 1.143954938119649684e-01 1.248598960610551034e-01 1.289874933095938314e-01
-1.292400360763343026e-01 -1.246581726162001580e-01 -1.152042428464550711e-01 -1.092941812971981869e-01 -1.032826137396695987e-01 -1.002390741106098937e-01 -9.786932074597173847e-02 -9.530743855720584523e-02 -7.905102206588783542e-02 -7.674737070227956315e-02 -6.594032708435157430e-02 -6.478208989664896444e-02 -6.126791122638588355e-02 -5.962140104629479187e-02 -4.634628039074541184e-02 4.634628039074509959e-02 5.962140104629447268e-02 6.126791122638564763e-02 6.478208989664864526e-02 6.594032708435169921e-02 7.674737070227950764e-02 7.905102206588773828e-02 9.530743855720577584e-02 9.786932074597157194e-02 1.002390741106099215e-01 1.032826137396691268e-01 1.092941812971967436e-01 1.152042428464537110e-01 1.246581726162004078e-01 1.292400360763335809e-01
-1.294943212873072014e-01 -1.244601863094378646e-01 -1.159907467995097002e-01 -1.096298897386086130e-01 -1.030275163431511043e-01 -1.003522817632005459e-01 -9.752962877077525627e-02 -9.457044646753895445e-02 -7.916239420372614410e-02 -7.663033607386650348e-02 -6.601982845822780555e-02 -6.474640563535136173e-02 -6.135566715438303675e-02 -5.987303601874762599e-02 -4.516258034390969317e-02 4.516258034390965848e-02 5.987303601874762599e-02 6.135566715438294655e-02 6.474640563535102866e-02 6.601982845822734758e-02 7.663033607386658674e-02 7.916239420372600533e-02 9.457044646753971773e-02 9.752962877077503423e-02 1.003522817631998520e-01 1.030275163431510904e-01 1.096298897386083077e-01 1.159907467995105607e-01 1.244601863094380312e-01 1.294943212873068128e-01
-1.297501743552701703e-01 -1.242663949711643595e-01 -1.167544736162883512e-01 -1.099674984757823964e-01 -1.027844037103868569e-01 -1.004616695359288742e-01 -9.724430699052312443e-02 -9.379449935690019335e-02 -7.927310877125942623e-02 -7.651335136289325045e-02 -6.610113588839586218e-02 -6.471318672021819651e-02 -6.146354592848042586e-02 -6.008533624122624345e-02 -4.391928088241359857e-02 4.391928088241337652e-02 6.008533624122669448e-02 6.146354592848023851e-02 6.471318672021819651e-02 6.610113588839577892e-02 7.651335136289356964e-02 7.927310877125945399e-02 9.379449935690081785e-02 9.724430699052342975e-02 1.004616695359294570e-01 1.027844037103880781e-01 1.099674984757823964e-01 1.167544736162887259e-01 1.242663949711635962e-01 1.297501743552696152e-01
-1.300074078638492892e-01 -1.240775081701237237e-01 -1.174948595025598341e-01 -1.103069475635299890e-01 -1.025579806063256771e-01 -1.005595448461385349e-01 -9.699208220796111390e-02 -9.300606850533667258e-02 -7.938307633605254376e-02 -7.639646440532343874e-02 -6.618414933974352266e-02 -6.468262885316039545e-02 -6.159178680287995949e-02 -6.025911611460054579e-02 -4.261641089444499764e-02 4.261641089444505315e-02 6.025911611460069151e-02 6.159178680287973051e-02 6.468262885316036770e-02 6.618414933974366143e-02 7.639646440532311955e-02 7.938307633605225233e-02 9.300606850533713055e-02 9.699208220796048940e-02 1.005595448461389652e-01 1.025579806063263710e-01 1.103069475635305718e-01 1.174948595025593207e-01 1.240775081701244870e-01 1.300074078638496500e-01
-1.302658229709037496e-01 -1.238946633490458360e-01 -1.182110995709246548e-01 -1.106481552639996119e-01 -1.023560166378984365e-01 -1.006367607034070188e-01 -9.675979624962678660e-02 -9.222153497708467096e-02 -7.949218729889150070e-02 -7.627972658062272260e-02 -6.626875541929824753e-02 -6.465499032783154909e-02 -6.173760316833312028e-02 -6.039807488362181759e-02 -4.125439823192288830e-02 4.125439823192292993e-02 6.039807488362174820e-02 6.173760316833315498e-02 6.465499032783199318e-02 6.626875541929869162e-02 7.627972658062259770e-02 7.949218729889188928e-02 9.222153497708426850e-02 9.675979624962613435e-02 1.006367607034070466e-01 1.023560166378983116e-01 1.106481552640002641e-01 1.182110995709250295e-01 1.238946633490456417e-01 1.302658229709047211e-01
-1.305252111197717502e-01 -1.237197672934584186e-01 -1.189017784472919809e-01 -1.109910229778710983e-01 -1.021904878452927490e-01 -1.006806064737350570e-01 -9.653968825729614123e-02 -9.145086745204111800e-02 -7.960030662760421427e-02 -7.616319259582113310e-02 -6.635482850147833567e-02 -6.463060761711723889e-02 -6.189576965955880666e-02 -6.050819808207014150e-02 -3.983406544157088586e-02 3.983406544157113566e-02 6.050819808207063416e-02 6.189576965955905646e-02 6.463060761711721114e-02 6.635482850147844669e-02 7.616319259582127188e-02 7.960030662760378406e-02 9.145086745204164536e-02 9.653968825729571102e-02 1.006806064737351264e-01 1.021904878452926657e-01 1.109910229778701823e-01 1.189017784472926331e-01 1.237197672934588211e-01 1.305252111197719167e-01
-1.307853560203947607e-01 -1.235562069802039753e-01 -1.195641354909493109e-01 -1.113354377337768403e-01 -1.020764000563813279e-01 -1.006756340269654854e-01 -9.632711328373204374e-02 -9.070026061223919467e-02 -7.970726689730205095e-02 -7.604692018383070462e-02 -6.644223224846472486e-02 -6.460991405018864930e-02 -6.206023912944919063e-02 -6.059612589580075370e-02 -3.835661351162893140e-02 3.835661351162887589e-02 6.059612589580067737e-02 6.206023912944885063e-02 6.460991405018853828e-02 6.644223224846447506e-02 7.604692018383032992e-02 7.970726689730259218e-02 9.070026061223895875e-02 9.632711328373165516e-02 1.006756340269657074e-01 1.020764000563809948e-01 1.113354377337767154e-01 1.195641354909488252e-01 1.235562069802034063e-01 1.307853560203945387e-01
-1.310460358521271240e-01 -1.234104462459798129e-01 -1.201924476316832413e-01 -1.116812728802576149e-01 -1.020246376159547053e-01 -1.006106616768935869e-01 -9.611919654215968223e-02 -8.997364877204039324e-02 -7.981285895388612328e-02 -7.593096972076976425e-02 -6.653082147305432181e-02 -6.459346108436875289e-02 -6.222552170563377255e-02 -6.066775661247942458e-02 -3.682359477030517497e-02 3.682359477030531375e-02 6.066775661247929274e-02 6.222552170563426521e-02 6.459346108436868350e-02 6.653082147305375282e-02 7.593096972076937567e-02 7.981285895388624818e-02 8.997364877204060141e-02 9.611919654215940467e-02 1.006106616768941697e-01 1.020246376159555518e-01 1.116812728802575039e-01 1.201924476316831164e-01 1.234104462459797297e-01 1.310460358521266799e-01
-1.313070256317363516e-01 -1.232958433305903490e-01 -1.207741946136201422e-01 -1.120283872029901318e-01 -1.020329473672578063e-01 -1.004877211279491672e-01 -9.591409218730061192e-02 -8.927355037715693775e-02 -7.991681920402309014e-02 -7.581540376951878546e-02 -6.662044427085953013e-02 -6.458194023212514290e-02 -6.238723082407784254e-02 -6.072768215301854039e-02 -3.523687672745147437e-02 3.523687672745139804e-02 6.072768215301840855e-02 6.238723082407759274e-02 6.458194023212483759e-02 6.662044427085965503e-02 7.581540376951889648e-02 7.991681920402306238e-02 8.927355037715749286e-02 9.591409218730151398e-02 1.004877211279485844e-01 1.020329473672578063e-01 1.120283872029897709e-01 1.207741946136201699e-01 1.232958433305900159e-01 1.313070256317360462e-01
-1.315680996844146577e-01 -1.232415029829783959e-01 -1.212811930551881412e-01 -1.123766224087804355e-01 -1.020877546500235655e-01 -1.003202063394383892e-01 -9.571057339463186209e-02 -8.860156044228356675e-02 -8.001881205999654412e-02 -7.570028655907254378e-02 -6.671094433341816232e-02 -6.457620097615728028e-02 -6.254202497314888254e-02 -6.077923161579486949e-02 -3.359859910647235853e-02 3.359859910647221976e-02 6.077923161579444622e-02 6.254202497314848008e-02 6.457620097615715538e-02 6.671094433341806518e-02 7.570028655907294624e-02 8.001881205999672453e-02 8.860156044228278960e-02 9.571057339463147351e-02 1.003202063394391386e-01 1.020877546500236904e-01 1.123766224087803384e-01 1.212811930551874195e-01 1.232415029829779657e-01 1.315680996844151296e-01
-1.318290341530587162e-01 -1.233043275813855005e-01 -1.216575351777841874e-01 -1.127257986817078728e-01 -1.021739789729090297e-01 -1.001230388588763426e-01 -9.550779935561036493e-02 -8.795866302729850317e-02 -8.011840534332169417e-02 -7.558568341141337632e-02 -6.680216334511518417e-02 -6.457725555679795504e-02 -6.268733625716658986e-02 -6.082474087206176522e-02 -3.191112653697365797e-02 3.191112653697362328e-02 6.082474087206189706e-02 6.268733625716645108e-02 6.457725555679741380e-02 6.680216334511472620e-02 7.558568341141314040e-02 8.011840534332197172e-02 8.795866302729882236e-02 9.550779935561028167e-02 1.001230388588759818e-01 1.021739789729095294e-01 1.127257986817083169e-01 1.216575351777839792e-01 1.233043275813857920e-01 1.318290341530581888e-01
-1.320896094819229427e-01 -1.235424450403228430e-01 -1.218461549568463642e-01 -1.130757077656514425e-01 -1.022804746798353787e-01 -9.990721644192772366e-02 -9.530517818127301477e-02 -8.734545359055749525e-02 -8.021503534262344748e-02 -7.547166012936915025e-02 -6.689394336583830147e-02 -6.458625570556161821e-02 -6.282111676739494943e-02 -6.086583220343998873e-02 -3.017699937453217907e-02 3.017699937453205764e-02 6.086583220344000261e-02 6.282111676739471351e-02 6.458625570556184026e-02 6.689394336583827372e-02 7.547166012936912249e-02 8.021503534262311441e-02 8.734545359055734259e-02 9.530517818127350049e-02 9.990721644192787632e-02 1.022804746798346986e-01 1.130757077656519144e-01 1.218461549568456426e-01 1.235424450403227042e-01 1.320896094819233868e-01
-1.323496128150780382e-01 -1.239336878380357249e-01 -1.218703481799766064e-01 -1.134261027094372737e-01 -1.024001819934378249e-01 -9.967965582194800167e-02 -9.510228328822178945e-02 -8.676232018919100009e-02 -8.030795653627617603e-02 -7.535828236023389692e-02 -6.698612910760642913e-02 -6.460442195271831611e-02 -6.294169179020840665e-02 -6.090363438582595962e-02 -2.839888491685159735e-02 2.839888491685177777e-02 6.090363438582587635e-02 6.294169179020812910e-02 6.460442195271809407e-02 6.698612910760654016e-02 7.535828236023393856e-02 8.030795653627612052e-02 8.676232018919122213e-02 9.510228328822233068e-02 9.967965582194804330e-02 1.024001819934373808e-01 1.134261027094367741e-01 1.218703481799765231e-01 1.239336878380356000e-01 1.323496128150782880e-01
-1.326088402574672198e-01 -1.244062262265237112e-01 -1.218031445904924903e-01 -1.137766829655843664e-01 -1.025288118652732394e-01 -9.944450429174238326e-02 -9.489880055692428984e-02 -8.620961372215586727e-02 -8.039616848963235252e-02 -7.524561495058604277e-02 -6.707857002608187680e-02 -6.463290985803026023e-02 -6.304773985510632450e-02 -6.093893892918388067e-02 -2.657953094888759055e-02 2.657953094888793749e-02 6.093893892918394312e-02 6.304773985510614409e-02 6.463290985803027411e-02 6.707857002608184904e-02 7.524561495058602889e-02 8.039616848963267171e-02 8.620961372215607543e-02 9.489880055692466454e-02 9.944450429174268857e-02 1.025288118652730313e-01 1.137766829655842832e-01 1.218031445904923238e-01 1.244062262265233643e-01 1.326088402574678027e-01
-1.328670989564849358e-01 -1.249125018834254530e-01 -1.216933877335387437e-01 -1.141270728775680698e-01 -1.026637437798511715e-01 -9.920423993084720449e-02 -9.469449373838371986e-02 -8.568783019854443739e-02 -8.047830895129090556e-02 -7.513372130786948044e-02 -6.717112216507199751e-02 -6.467261855140307714e-02 -6.313838021431086855e-02 -6.097230654793189819e-02 -2.472172313319355441e-02 2.472172313319353359e-02 6.097230654793211330e-02 6.313838021431071590e-02 6.467261855140266080e-02 6.717112216507112321e-02 7.513372130786924452e-02 8.047830895129101658e-02 8.568783019854395167e-02 9.469449373838433048e-02 9.920423993084707959e-02 1.026637437798506719e-01 1.141270728775678617e-01 1.216933877335392711e-01 1.249125018834260775e-01 1.328670989564844918e-01
-1.331242089740392320e-01 -1.254307879199575981e-01 -1.215641994413562965e-01 -1.144767905991230794e-01 -1.028033405558064078e-01 -9.896035586823563601e-02 -9.448918097975952946e-02 -8.519782667615523331e-02 -8.055249807037886955e-02 -7.502266278372957120e-02 -6.726364971176317098e-02 -6.472398616938433713e-02 -6.321330825410605148e-02 -6.100413881619572848e-02 -2.282824732157296907e-02 2.282824732157291009e-02 6.100413881619510398e-02 6.321330825410605148e-02 6.472398616938440652e-02 6.726364971176314322e-02 7.502266278372946018e-02 8.055249807037806464e-02 8.519782667615453942e-02 9.448918097975847474e-02 9.896035586823537233e-02 1.028033405558064495e-01 1.144767905991231627e-01 1.215641994413556998e-01 1.254307879199584308e-01 1.331242089740399814e-01
-1.333800049325573889e-01 -1.259515582093629904e-01 -1.214266503423192117e-01 -1.148252029765249455e-01 -1.029465528737965874e-01 -9.871375552760361383e-02 -9.428271828077114391e-02 -8.474109203906196597e-02 -8.061611634148185823e-02 -7.491249809298833329e-02 -6.735602624045375353e-02 -6.478685153008345576e-02 -6.327288805961492346e-02 -6.103472646907551202e-02 -2.090185744474336305e-02 2.090185744474343937e-02 6.103472646907479732e-02 6.327288805961507612e-02 6.478685153008383046e-02 6.735602624045330944e-02 7.491249809298750062e-02 8.061611634148194150e-02 8.474109203906160515e-02 9.428271828077094963e-02 9.871375552760355832e-02 1.029465528737962265e-01 1.148252029765252230e-01 1.214266503423189758e-01 1.259515582093624353e-01 1.333800049325575554e-01
-1.336343374324733546e-01 -1.264705074882102598e-01 -1.212868015776022435e-01 -1.151714596258952006e-01 -1.030926923781391169e-01 -9.846497982237413515e-02 -9.407498734436682553e-02 -8.432008427220341606e-02 -8.066550695301226426e-02 -7.480328278047118640e-02 -6.744813564110924142e-02 -6.486045255042241497e-02 -6.331812374695357237e-02 -6.106428224259295018e-02 -1.894524926856083410e-02 1.894524926856090002e-02 6.106428224259270038e-02 6.331812374695333645e-02 6.486045255042216517e-02 6.744813564110933857e-02 7.480328278047136681e-02 8.066550695301206997e-02 8.432008427220370750e-02 9.407498734436604837e-02 9.846497982237482904e-02 1.030926923781386312e-01 1.151714596258943124e-01 1.212868015776019104e-01 1.264705074882098157e-01 1.336343374324734934e-01
-1.338870742531768077e-01 -1.269856785400888810e-01 -1.211486714528264147e-01 -1.155143960271235171e-01 -1.032412990239847533e-01 -9.821434052462103825e-02 -9.386588623884836724e-02 -8.393860265087332850e-02 -8.069563570388044171e-02 -7.469506874586766265e-02 -6.753987274491998760e-02 -6.494356845249771304e-02 -6.335049729793174045e-02 -6.109296346760668961e-02 -1.696104000479126128e-02 1.696104000479104965e-02 6.109296346760613450e-02 6.335049729793101880e-02 6.494356845249743548e-02 6.753987274491982107e-02 7.469506874586724632e-02 8.069563570388008089e-02 8.393860265087300931e-02 9.386588623884790927e-02 9.821434052462105213e-02 1.032412990239840733e-01 1.155143960271235865e-01 1.211486714528254710e-01 1.269856785400891031e-01 1.338870742531755031e-01
-1.341381013637002184e-01 -1.274962473618971304e-01 -1.210155908941889236e-01 -1.158523907151988996e-01 -1.033920613616623879e-01 -9.796200106378495642e-02 -9.365532185374401963e-02 -8.360203564193205428e-02 -8.069986887386225438e-02 -7.458790383444133254e-02 -6.763114367133728211e-02 -6.503474112799936813e-02 -6.337173411478151663e-02 -6.112088781801616744e-02 -1.495175353604324617e-02 1.495175353604358270e-02 6.112088781801647275e-02 6.337173411478203011e-02 6.503474112800002038e-02 6.763114367133751803e-02 7.458790383444162397e-02 8.069986887386278174e-02 8.360203564193234571e-02 9.365532185374426943e-02 9.796200106378503969e-02 1.033920613616621381e-01 1.158523907151987331e-01 1.210155908941888958e-01 1.274962473618980185e-01 1.341381013637004682e-01
-1.343873237838068557e-01 -1.280019701921543962e-01 -1.208909641182577543e-01 -1.161831561235819876e-01 -1.035447671888210797e-01 -9.770802730673175396e-02 -9.344320347412604644e-02 -8.331706652047139727e-02 -8.067028799955899832e-02 -7.448183149896488164e-02 -6.772186592964239693e-02 -6.513248854318894054e-02 -6.338358117433574856e-02 -6.114814443067761313e-02 -1.291981085444116745e-02 1.291981085444112061e-02 6.114814443067772415e-02 6.338358117433604000e-02 6.513248854318914871e-02 6.772186592964261898e-02 7.448183149896463184e-02 8.067028799955965057e-02 8.331706652047198014e-02 9.344320347412582439e-02 9.770802730673107395e-02 1.035447671888205662e-01 1.161831561235817101e-01 1.208909641182577266e-01 1.280019701921553676e-01 1.343873237838062173e-01
-1.346346663508498354e-01 -1.285029121335558577e-01 -1.207788379873473428e-01 -1.165034397114947939e-01 -1.036992720944423102e-01 -9.745242080240482108e-02 -9.322943700980179660e-02 -8.309018751599635266e-02 -8.059919155418870940e-02 -7.437689053572459075e-02 -6.781196831307186035e-02 -6.523545423352021533e-02 -6.338765225087801547e-02 -6.117480185377300456e-02 -1.086752521285258392e-02 1.086752521285236535e-02 6.117480185377281721e-02 6.338765225087761301e-02 6.523545423352015982e-02 6.781196831307159667e-02 7.437689053572431319e-02 8.059919155418902859e-02 8.309018751599644981e-02 9.322943700980208803e-02 9.745242080240545945e-02 1.036992720944427265e-01 1.165034397114945997e-01 1.207788379873478424e-01 1.285029121335557467e-01 1.346346663508486696e-01
-1.348800744638744276e-01 -1.289993047884626376e-01 -1.206844443157631397e-01 -1.168086235185254312e-01 -1.038554788409010582e-01 -9.719514157175392077e-02 -9.301391954902410442e-02 -8.292486368377836869e-02 -8.048194304238377728e-02 -7.427311489512192222e-02 -6.790139062540069548e-02 -6.534248235418721462e-02 -6.338534974732104588e-02 -6.120091379135531029e-02 -8.797101434631386316e-03 8.797101434631549380e-03 6.120091379135520621e-02 6.338534974732105975e-02 6.534248235418739503e-02 6.790139062540045956e-02 7.427311489512157527e-02 8.048194304238390218e-02 8.292486368377846584e-02 9.301391954902302195e-02 9.719514157175400404e-02 1.038554788409016688e-01 1.168086235185247790e-01 1.206844443157635005e-01 1.289993047884625821e-01 1.348800744638748994e-01
-1.351235148951350773e-01 -1.294914671950925800e-01 -1.206147345664888709e-01 -1.170922682347400878e-01 -1.040133234897634151e-01 -9.693612458005251842e-02 -9.279653399199810915e-02 -8.281890118161046310e-02 -8.031961144734382774e-02 -7.417053356523466146e-02 -6.799008327928128537e-02 -6.545263568334572235e-02 -6.337784506098464998e-02 -6.122652329539071681e-02 -6.710638811127973488e-03 6.710638811127958743e-03 6.122652329539021027e-02 6.337784506098458059e-02 6.545263568334616644e-02 6.799008327928121598e-02 7.417053356523463370e-02 8.031961144734435509e-02 8.281890118161087944e-02 9.279653399199812303e-02 9.693612458005233801e-02 1.040133234897633874e-01 1.170922682347400740e-01 1.206147345664887738e-01 1.294914671950928298e-01 1.351235148951357157e-01
-1.353649767829621653e-01 -1.299797596983264247e-01 -1.205787239685247175e-01 -1.173458149202074724e-01 -1.041727658303744225e-01 -9.667529238861745366e-02 -9.257714357637157609e-02 -8.276449705753310959e-02 -8.011892745991161524e-02 -7.406917052487874131e-02 -6.807800680322069475e-02 -6.556518043348537328e-02 -6.336609316071716014e-02 -6.125166584987403601e-02 -4.610137025012815866e-03 4.610137025012648465e-03 6.125166584987351559e-02 6.336609316071739606e-02 6.556518043348491531e-02 6.807800680322093068e-02 7.406917052487883846e-02 8.011892745991155973e-02 8.276449705753342878e-02 9.257714357637107649e-02 9.667529238861771734e-02 1.041727658303753801e-01 1.173458149202073475e-01 1.205787239685245094e-01 1.299797596983265913e-01 1.353649767829620820e-01
-1.356044729519428338e-01 -1.304645557626828434e-01 -1.205871282236074260e-01 -1.175589759687861030e-01 -1.043337826177773847e-01 -9.641256554554930580e-02 -9.235558614761875396e-02 -8.275107292726446850e-02 -7.988945356694675259e-02 -7.396904476125092109e-02 -6.816513129056080145e-02 -6.567955671606458268e-02 -6.335086220267031887e-02 -6.127637165485879528e-02 -2.497504562717562434e-03 2.497504562717364242e-03 6.127637165485912835e-02 6.335086220267047152e-02 6.567955671606465207e-02 6.816513129056091247e-02 7.396904476125115702e-02 7.988945356694693301e-02 8.275107292726446850e-02 9.235558614761861518e-02 9.641256554554897273e-02 1.043337826177772043e-01 1.175589759687857838e-01 1.205871282236079950e-01 1.304645557626827879e-01 1.356044729519428615e-01
-1.358420417518345080e-01 -1.309462238345578400e-01 -1.206505399727370031e-01 -1.177215757686558423e-01 -1.044963626837110832e-01 -9.614787172396001280e-02 -9.213166806106595774e-02 -8.276837034878706256e-02 -7.964049057075259230e-02 -7.387017034616558120e-02 -6.825143581968193263e-02 -6.579534607612710917e-02 -6.333276653607274043e-02 -6.130066732661777762e-02 -3.745691139188838184e-04 3.745691139186750011e-04 6.130066732661732659e-02 6.333276653607262940e-02 6.579534607612713693e-02 6.825143581968200202e-02 7.387017034616548405e-02 7.964049057075227311e-02 8.276837034878702093e-02 9.213166806106584672e-02 9.614787172395965198e-02 1.044963626837116244e-01 1.177215757686559672e-01 1.206505399727364342e-01 1.309462238345564244e-01 1.358420417518344525e-01
-1.360777496731050140e-01 -1.314251147999943026e-01 -1.207760843065146111e-01 -1.178269058956640525e-01 -1.046605033204017488e-01 -9.588115427969842730e-02 -9.190515763714623976e-02 -8.280804119078898073e-02 -7.937948754685776598e-02 -7.377255656420773910e-02 -6.833690787040441750e-02 -6.591224169081842665e-02 -6.331229733949107763e-02 -6.132457716795298303e-02 -1.756910505268028571e-03 1.756910505267986504e-03 6.132457716795315650e-02 6.331229733949136906e-02 6.591224169081819073e-02 6.833690787040436199e-02 7.377255656420743379e-02 7.937948754685807129e-02 8.280804119078903625e-02 9.190515763714635078e-02 9.588115427969809423e-02 1.046605033204024982e-01 1.178269058956640525e-01 1.207760843065145834e-01 1.314251147999939695e-01 1.360777496731042369e-01
-1.363116950965855279e-01 -1.319015522932939777e-01 -1.209644549263629715e-01 -1.178746955458001427e-01 -1.048262075442171481e-01 -9.561238068267192969e-02 -9.167577813569456613e-02 -8.286387717544886622e-02 -7.911181128908766069e-02 -7.367620808587987957e-02 -6.842154275752553028e-02 -6.603002328315406289e-02 -6.328984871749435137e-02 -6.134812411992048714e-02 -3.895231329512477934e-03 3.895231329512563370e-03 6.134812411992023040e-02 6.328984871749421259e-02 6.603002328315404901e-02 6.842154275752529435e-02 7.367620808588015713e-02 7.911181128908750804e-02 8.286387717544890785e-02 9.167577813569480205e-02 9.561238068267209622e-02 1.048262075442172453e-01 1.178746955457997680e-01 1.209644549263633045e-01 1.319015522932937556e-01 1.363116950965858332e-01
-1.365440136860147369e-01 -1.323758239360707523e-01 -1.212099684208670647e-01 -1.178710610808611919e-01 -1.049934819772727207e-01 -9.534155111903130919e-02 -9.144320027836499998e-02 -8.293143965767839354e-02 -7.884111433312561423e-02 -7.358112517885831427e-02 -6.850534309883531126e-02 -6.614853698769596058e-02 -6.326573893580304808e-02 -6.137133047638599487e-02 -6.038732508681672953e-03 6.038732508681739740e-03 6.137133047638532873e-02 6.326573893580300645e-02 6.614853698769579404e-02 6.850534309883550554e-02 7.358112517885841142e-02 7.884111433312565587e-02 8.293143965767910131e-02 9.144320027836548570e-02 9.534155111903087898e-02 1.049934819772729427e-01 1.178710610808612891e-01 1.212099684208669398e-01 1.323758239360703082e-01 1.365440136860144593e-01
-1.367748861654029535e-01 -1.328481719010877193e-01 -1.215035381968032902e-01 -1.178255339376597516e-01 -1.051623351695233771e-01 -9.506870742891576631e-02 -9.120703444304983920e-02 -8.300758602333954683e-02 -7.856980524785008024e-02 -7.348730395094914269e-02 -6.858831833197141792e-02 -6.626767962850779736e-02 -6.324022727365756491e-02 -6.139421842188780287e-02 -8.185781211985872913e-03 8.185781211985975261e-03 6.139421842188819145e-02 6.324022727365768981e-02 6.626767962850795002e-02 6.858831833197150118e-02 7.348730395094922596e-02 7.856980524784946962e-02 8.300758602333925540e-02 9.120703444305069962e-02 9.506870742891547488e-02 1.051623351695230302e-01 1.178255339376595850e-01 1.215035381968036926e-01 1.328481719010880246e-01 1.367748861654026760e-01
-1.370045495865699625e-01 -1.333187811509088661e-01 -1.218359123366976604e-01 -1.177478230982126617e-01 -1.053327762395036421e-01 -9.479394240958341489e-02 -9.096682279660832371e-02 -8.309007468831779153e-02 -7.829943919070415925e-02 -7.339473661904491464e-02 -6.867048429218226835e-02 -6.638738663346163693e-02 -6.321352722624531961e-02 -6.141681043835033743e-02 -1.033475849379897511e-02 1.033475849379902889e-02 6.141681043835030968e-02 6.321352722624558329e-02 6.638738663346135938e-02 6.867048429218217120e-02 7.339473661904492852e-02 7.829943919070390945e-02 8.309007468831756948e-02 9.096682279660774084e-02 9.479394240958328999e-02 1.053327762395040168e-01 1.177478230982124119e-01 1.218359123366969249e-01 1.333187811509083665e-01 1.370045495865701290e-01
-1.372333137642662571e-01 -1.337877633213402084e-01 -1.221994203918253807e-01 -1.176460673868778700e-01 -1.055048137492021754e-01 -9.451740935626723461e-02 -9.072203184339053261e-02 -8.317727743238088889e-02 -7.803099985464194421e-02 -7.330341179945649988e-02 -6.875186286154538751e-02 -6.650762281901907713e-02 -6.318581679323222178e-02 -6.143912961552224633e-02 -1.248404541600573250e-02 1.248404541600554862e-02 6.143912961552207286e-02 6.318581679323205524e-02 6.650762281901859141e-02 6.875186286154520710e-02 7.330341179945640273e-02 7.803099985464082011e-02 8.317727743238108318e-02 9.072203184339075466e-02 9.451740935626654072e-02 1.055048137492026472e-01 1.176460673868782170e-01 1.221994203918244509e-01 1.337877633213402362e-01 1.372333137642662571e-01
-1.374615854633346457e-01 -1.342551334317279021e-01 -1.225883522873638387e-01 -1.175264545705467928e-01 -1.056784547541252534e-01 -9.423933151754849968e-02 -9.047204617403442617e-02 -8.326797964196269719e-02 -7.776509193599720482e-02 -7.321331481633532035e-02 -6.883248169941343086e-02 -6.662837538277138760e-02 -6.315724649625312215e-02 -6.146119989249042292e-02 -1.463200969761813651e-02 1.463200969761831866e-02 6.146119989249071436e-02 6.315724649625308051e-02 6.662837538277116556e-02 6.883248169941358352e-02 7.321331481633540361e-02 7.776509193599735748e-02 8.326797964196289148e-02 9.047204617403466209e-02 9.423933151754852744e-02 1.056784547541251978e-01 1.175264545705465707e-01 1.225883522873635195e-01 1.342551334317274858e-01 1.374615854633343681e-01
-1.376899043613359630e-01 -1.347207752409857462e-01 -1.229986946923397745e-01 -1.173934819830168286e-01 -1.058537039873953395e-01 -9.396001090021710578e-02 -9.021616463641202177e-02 -8.336124226861031661e-02 -7.750206979007376318e-02 -7.312442802664521901e-02 -6.891237406392712594e-02 -6.674964856492687781e-02 -6.312794565201079733e-02 -6.148304625226871239e-02 -1.677699314035663997e-02 1.677699314035669548e-02 6.148304625226903158e-02 6.312794565201140795e-02 6.674964856492743293e-02 6.891237406392758391e-02 7.312442802664519126e-02 7.750206979007313868e-02 8.336124226860956721e-02 9.021616463641160544e-02 9.396001090021756375e-02 1.058537039873947289e-01 1.173934819830175363e-01 1.229986946923407598e-01 1.347207752409859405e-01 1.376899043613362128e-01
-1.379189970658263598e-01 -1.351843888616729439e-01 -1.234277166747519972e-01 -1.172503668747670591e-01 -1.060305631494224271e-01 -9.367983557520284665e-02 -8.995360076448472020e-02 -8.345630390404155940e-02 -7.724212299149156580e-02 -7.303673116227034356e-02 -6.899157873530596674e-02 -6.687145955440343403e-02 -6.309802731932515063e-02 -6.150469488800629214e-02 -1.891730005766445455e-02 1.891730005766448577e-02 6.150469488800619500e-02 6.309802731932513675e-02 6.687145955440366996e-02 6.899157873530557816e-02 7.303673116227048234e-02 7.724212299149191274e-02 8.345630390404158716e-02 8.995360076448405406e-02 9.367983557520262461e-02 1.060305631494218859e-01 1.172503668747670452e-01 1.234277166747516502e-01 1.351843888616726941e-01 1.379189970658261655e-01
-1.381498588648523984e-01 -1.356454108771395495e-01 -1.238736008784456361e-01 -1.170994102385421870e-01 -1.062090302837965516e-01 -9.339928433739151659e-02 -8.968349015857306206e-02 -8.355250698827167144e-02 -7.698533332402052176e-02 -7.295020169260467424e-02 -6.907014005341476082e-02 -6.699383531017348570e-02 -6.306759224887295567e-02 -6.152617335733255588e-02 -2.105118691265845179e-02 2.105118691265847261e-02 6.152617335733274323e-02 6.306759224887206750e-02 6.699383531017354121e-02 6.907014005341405305e-02 7.295020169260453546e-02 7.698533332402117402e-02 8.355250698827172695e-02 8.968349015857250695e-02 9.339928433739107250e-02 1.062090302837961492e-01 1.170994102385413266e-01 1.238736008784460246e-01 1.356454108771395772e-01 1.381498588648530368e-01
-1.383838774922742654e-01 -1.361028926244793880e-01 -1.243351637979757257e-01 -1.169422704997510609e-01 -1.063890992268255453e-01 -9.311892731565721282e-02 -8.940490873010920048e-02 -8.364923606061586137e-02 -7.673171285621471771e-02 -7.286481521455494270e-02 -6.914810808482653448e-02 -6.711681004281323804e-02 -6.303673209535365363e-02 -6.154751074079110873e-02 -2.317685334575884937e-02 2.317685334575883202e-02 6.154751074079074097e-02 6.303673209535368138e-02 6.711681004281327967e-02 6.914810808482646509e-02 7.286481521455513699e-02 7.673171285621485649e-02 8.364923606061570871e-02 8.940490873010936701e-02 9.311892731565649117e-02 1.063890992268258090e-01 1.169422704997510193e-01 1.243351637979759200e-01 1.361028926244793047e-01 1.383838774922739323e-01
-1.386230175756452410e-01 -1.365553179321356281e-01 -1.248116555541214229e-01 -1.167801566225855903e-01 -1.065707591231091905e-01 -9.283942101040032480e-02 -8.911690754666662384e-02 -8.374585761028986719e-02 -7.648122940133195158e-02 -7.278054588172763739e-02 -6.922553893838270800e-02 -6.724042315691636240e-02 -6.300553210211633226e-02 -6.156873782116961680e-02 -2.529243474261087116e-02 2.529243474261064564e-02 6.156873782116975558e-02 6.300553210211644328e-02 6.724042315691654281e-02 6.922553893838208350e-02 7.278054588172767903e-02 7.648122940133221526e-02 8.374585761029001985e-02 8.911690754666680425e-02 9.283942101039986683e-02 1.065707591231097179e-01 1.167801566225858817e-01 1.248116555541205902e-01 1.365553179321359334e-01 1.386230175756462957e-01
-1.388700818559281125e-01 -1.370003441850638493e-01 -1.253026185829561878e-01 -1.166139611703629619e-01 -1.067539940033410545e-01 -9.256149637988403400e-02 -8.881857297873338442e-02 -8.384165017574601864e-02 -7.623382345478944833e-02 -7.269736689131914287e-02 -6.930249525314788328e-02 -6.736471749510512808e-02 -6.297407343626505727e-02 -6.158988730319958638e-02 -2.739599645390006916e-02 2.739599645390026345e-02 6.158988730320013455e-02 6.297407343626554299e-02 6.736471749510521134e-02 6.930249525314760572e-02 7.269736689131889307e-02 7.623382345478964262e-02 8.384165017574568557e-02 8.881857297873328727e-02 9.256149637988356216e-02 1.067539940033409157e-01 1.166139611703627954e-01 1.253026185829566597e-01 1.370003441850635439e-01 1.388700818559287509e-01
-1.391290339451747016e-01 -1.374344819125806749e-01 -1.258077869368413870e-01 -1.164443515801012879e-01 -1.069387824233042628e-01 -9.228593912869409444e-02 -8.850912619076328758e-02 -8.393570889423775105e-02 -7.598941927724676970e-02 -7.261525105692616389e-02 -6.937904688873072767e-02 -6.748973775135290454e-02 -6.294243533713904382e-02 -6.161099409798682230e-02 -2.948552972593170007e-02 2.948552972593184926e-02 6.161099409798637822e-02 6.294243533713887728e-02 6.748973775135334863e-02 6.937904688873115788e-02 7.261525105692598347e-02 7.598941927724733869e-02 8.393570889423787595e-02 8.850912619076294063e-02 9.228593912869355320e-02 1.069387824233044015e-01 1.164443515801013851e-01 1.258077869368416923e-01 1.374344819125810080e-01 1.391290339451751457e-01
-1.394052565757923634e-01 -1.378528388986382525e-01 -1.263270127221261252e-01 -1.162718331021179580e-01 -1.071250971651547951e-01 -9.201356233523726169e-02 -8.818808652474401100e-02 -8.402679813897870331e-02 -7.574793186972193781e-02 -7.253417150978752614e-02 -6.945527185505487311e-02 -6.761552893726656410e-02 -6.291069724396725071e-02 -6.163209570474111054e-02 -3.155894932734515379e-02 3.155894932734561176e-02 6.163209570474088156e-02 6.291069724396761154e-02 6.761552893726684166e-02 6.945527185505495638e-02 7.253417150978820616e-02 7.574793186972281211e-02 8.402679813897875882e-02 8.818808652474434406e-02 9.201356233523710904e-02 1.071250971651548922e-01 1.162718331021181245e-01 1.263270127221267081e-01 1.378528388986387243e-01 1.394052565757927520e-01
-1.397053757384797146e-01 -1.382492983534971964e-01 -1.268602104336997716e-01 -1.160967926482588813e-01 -1.073129050034778431e-01 -9.174517291478301306e-02 -8.785554518643233501e-02 -8.411310326951461358e-02 -7.550927098373370894e-02 -7.245410259264159492e-02 -6.953125752628128153e-02 -6.774213479096651003e-02 -6.287894109371258700e-02 -6.165323273536208598e-02 -3.361409275239379824e-02 3.361409275239362476e-02 6.165323273536151005e-02 6.287894109371237883e-02 6.774213479096659329e-02 6.953125752628105949e-02 7.245410259264174757e-02 7.550927098373425017e-02 8.411310326951502991e-02 8.785554518643216848e-02 9.174517291478269387e-02 1.073129050034772880e-01 1.160967926482593809e-01 1.268602104337001046e-01 1.382492983534968356e-01 1.397053757384799921e-01
-1.400360659003923314e-01 -1.386177158599162240e-01 -1.274073130457643033e-01 -1.159195297336188951e-01 -1.075021665395683584e-01 -9.148153488189085525e-02 -8.751264214326050228e-02 -8.419178496845566850e-02 -7.527334290487858182e-02 -7.237502104397812441e-02 -6.960710219042509639e-02 -6.786959601467684733e-02 -6.284725403692163759e-02 -6.167444964794634860e-02 -3.564872072777630629e-02 3.564872072777636181e-02 6.167444964794687595e-02 6.284725403692227597e-02 6.786959601467652814e-02 6.960710219042456903e-02 7.237502104397794400e-02 7.527334290487876223e-02 8.419178496845600157e-02 8.751264214325991941e-02 9.148153488189100790e-02 1.075021665395685388e-01 1.159195297336189368e-01 1.274073130457651359e-01 1.386177158599156134e-01 1.400360659003921648e-01
-1.404017669741377816e-01 -1.389542042719087156e-01 -1.279682358488219152e-01 -1.157402786197295891e-01 -1.076928361078246521e-01 -9.122333351854830519e-02 -8.716243594306266607e-02 -8.425814198973272107e-02 -7.504005046555664582e-02 -7.229690762382841307e-02 -6.968291698894883701e-02 -6.799794821361274111e-02 -6.281573192631401126e-02 -6.169579578779291196e-02 -3.766051851965587782e-02 3.766051851965582231e-02 6.169579578779230827e-02 6.281573192631371982e-02 6.799794821361257458e-02 6.968291698894836517e-02 7.229690762382787184e-02 7.504005046555667358e-02 8.425814198973241576e-02 8.716243594306320730e-02 9.122333351854799988e-02 1.076928361078244717e-01 1.157402786197290201e-01 1.279682358488213323e-01 1.389542042719087434e-01 1.404017669741375318e-01
-1.408027939067585943e-01 -1.392590254412104933e-01 -1.285428454631255268e-01 -1.155592243943707742e-01 -1.078848617580809438e-01 -9.097114491891881982e-02 -8.681153317570151906e-02 -8.430401099246163932e-02 -7.480929153087598205e-02 -7.221974941900853595e-02 -6.975882829234035520e-02 -6.812721938409461997e-02 -6.278448412517906307e-02 -6.171732688662422139e-02 -3.964709718040573122e-02 3.964709718040582836e-02 6.171732688662463079e-02 6.278448412517918797e-02 6.812721938409456446e-02 6.975882829234078542e-02 7.221974941900922984e-02 7.480929153087671757e-02 8.430401099246093155e-02 8.681153317570182437e-02 9.097114491891877819e-02 1.078848617580808189e-01 1.155592243943712322e-01 1.285428454631259987e-01 1.392590254412094941e-01 1.408027939067575396e-01
-1.412356956788593521e-01 -1.395362315134094644e-01 -1.291309324396348046e-01 -1.153765148227223342e-01 -1.080781853173527346e-01 -9.072541471250676615e-02 -8.647299925067614135e-02 -8.431487804725552870e-02 -7.458095602508177380e-02 -7.214354321052378338e-02 -6.983498052328322714e-02 -6.825742676117142749e-02 -6.275364052999969633e-02 -6.173910725600852134e-02 -4.160599329941625651e-02 4.160599329941652019e-02 6.173910725600881971e-02 6.275364052999969633e-02 6.825742676117181607e-02 6.983498052328329653e-02 7.214354321052425523e-02 7.458095602508213462e-02 8.431487804725644464e-02 8.647299925067622461e-02 9.072541471250709921e-02 1.080781853173530122e-01 1.153765148227225146e-01 1.291309324396355263e-01 1.395362315134094922e-01 1.412356956788599072e-01
-1.416953943310427788e-01 -1.397915242250281076e-01 -1.297321865420206222e-01 -1.151922692130894071e-01 -1.082727425335477944e-01 -9.048644817446908906e-02 -8.617018911316770557e-02 -8.426606123796473446e-02 -7.435492139493998787e-02 -7.206830053415796966e-02 -6.991153934661795133e-02 -6.838857278339820212e-02 -6.272336234393130483e-02 -6.176121305319184213e-02 -4.353466485289908539e-02 4.353466485289903681e-02 6.176121305319151600e-02 6.272336234393112442e-02 6.838857278339847967e-02 6.991153934661752112e-02 7.206830053415808068e-02 7.435492139493957153e-02 8.426606123796456793e-02 8.617018911316733087e-02 9.048644817446852007e-02 1.082727425335474059e-01 1.151922692130881026e-01 1.297321865420191234e-01 1.397915242250280521e-01 1.416953943310427511e-01
-1.421771022173201615e-01 -1.400303317839488859e-01 -1.303461742910830556e-01 -1.150065851490914282e-01 -1.084684633025845141e-01 -9.025441188209054610e-02 -8.593581421488899474e-02 -8.412364835726658663e-02 -7.413104621276642159e-02 -7.199405550421088262e-02 -6.998869492712850304e-02 -6.852063986348881641e-02 -6.269385937014286536e-02 -6.178373724028306951e-02 -4.543047902723097720e-02 4.543047902723097720e-02 6.178373724028282665e-02 6.269385937014283761e-02 6.852063986348844171e-02 6.998869492712862794e-02 7.199405550421113242e-02 7.413104621276690731e-02 8.412364835726658663e-02 8.593581421488853678e-02 9.025441188209037957e-02 1.084684633025843059e-01 1.150065851490913033e-01 1.303461742910835552e-01 1.400303317839476092e-01 1.421771022173200505e-01
-1.426771202491471935e-01 -1.402569944435430316e-01 -1.309723187072757700e-01 -1.148195436787787793e-01 -1.086652719787960381e-01 -9.002934519140827485e-02 -8.579442407569749796e-02 -8.386201384329486364e-02 -7.390916137029331090e-02 -7.192087727242132966e-02 -7.006666446673226467e-02 -6.865358357033506109e-02 -6.266541907148205637e-02 -6.180679728107810883e-02 -4.729068465503162566e-02 4.729068465503168117e-02 6.180679728107816434e-02 6.266541907148222290e-02 6.865358357033510273e-02 7.006666446673208426e-02 7.192087727242153783e-02 7.390916137029336641e-02 8.386201384329496078e-02 8.579442407569752571e-02 9.002934519140748382e-02 1.086652719787962462e-01 1.148195436787782936e-01 1.309723187072765749e-01 1.402569944435421156e-01 1.426771202491460278e-01
-1.431928310482827316e-01 -1.404747238588886227e-01 -1.316098814385169014e-01 -1.146312133744580297e-01 -1.088630877667690899e-01 -8.981117858430626155e-02 -8.574103512791059201e-02 -8.348518637110423357e-02 -7.368905795559659022e-02 -7.184889051466894494e-02 -7.014569215386542989e-02 -6.878732374069553013e-02 -6.263845791014960307e-02 -6.183054737176956611e-02 -4.911235541257549797e-02 4.911235541257596982e-02 6.183054737176982285e-02 6.263845791014946429e-02 6.878732374069546074e-02 7.014569215386519396e-02 7.184889051466913923e-02 7.368905795559646532e-02 8.348518637110451113e-02 8.574103512791096671e-02 8.981117858430638645e-02 1.088630877667694230e-01 1.146312133744578493e-01 1.316098814385167071e-01 1.404747238588889835e-01 1.431928310482838695e-01
-1.437222873432171255e-01 -1.406858385648062926e-01 -1.322579476160302137e-01 -1.144416535562321341e-01 -1.090618251907845837e-01 -8.959975556270885488e-02 -8.575060304263405764e-02 -8.301737597723193862e-02 -7.347047036054800417e-02 -7.177831033835069263e-02 -7.022604227891265927e-02 -6.892173297680449784e-02 -6.261361744793599027e-02 -6.185519834631379027e-02 -5.089227592652702248e-02 5.089227592652710574e-02 6.185519834631361680e-02 6.261361744793651762e-02 6.892173297680419253e-02 7.022604227891229844e-02 7.177831033835059549e-02 7.347047036054839275e-02 8.301737597723131412e-02 8.575060304263440458e-02 8.959975556270896591e-02 1.090618251907847364e-01 1.144416535562317871e-01 1.322579476160307410e-01 1.406858385648065701e-01 1.437222873432166259e-01
-1.442628932480166659e-01 -1.408920202693650092e-01 -1.329154138268477392e-01 -1.142509168885204596e-01 -1.092613946360024985e-01 -8.939485511973761789e-02 -8.579971833147095883e-02 -8.248128658539363722e-02 -7.325305230538768642e-02 -7.170950418171274932e-02 -7.030797596036723884e-02 -6.905662201635044684e-02 -6.259195710716826400e-02 -6.188105073900410091e-02 -5.262671012865036829e-02 5.262671012865013237e-02 6.188105073900407316e-02 6.259195710716827787e-02 6.905662201635080766e-02 7.030797596036657271e-02 7.170950418171255503e-02 7.325305230538718682e-02 8.248128658539322089e-02 8.579971833147105598e-02 8.939485511973754850e-02 1.092613946360014854e-01 1.142509168885207649e-01 1.329154138268477392e-01 1.408920202693655921e-01 1.442628932480161108e-01
-1.447824921613090066e-01 -1.410945141254112412e-01 -1.335809794936499706e-01 -1.140590515001145278e-01 -1.094617029534342284e-01 -8.919621259801552293e-02 -8.587332808259233452e-02 -8.189141747620425071e-02 -7.303634206758037595e-02 -7.164310655531903882e-02 -7.039168986145773188e-02 -6.919172171907013447e-02 -6.257537496445254865e-02 -6.190855004294285729e-02 -5.431090651283336512e-02 5.431090651283337206e-02 6.190855004294225361e-02 6.257537496445224334e-02 6.919172171907052304e-02 7.039168986145742657e-02 7.164310655531870575e-02 7.303634206758034819e-02 8.189141747620487521e-02 8.587332808259295902e-02 8.919621259801538415e-02 1.094617029534338537e-01 1.140590515001150551e-01 1.335809794936488604e-01 1.410945141254097701e-01 1.447824921613090343e-01
-1.447201289888475906e-01 -1.412942663088373185e-01 -1.342531416533073452e-01 -1.138661027366048989e-01 -1.096626541187983028e-01 -8.900353763802121287e-02 -8.596274058775343896e-02 -8.125610499622600014e-02 -7.281971088049644936e-02 -7.158024205556842712e-02 -7.047716741330084522e-02 -6.932666214062710441e-02 -6.256762818854061381e-02 -6.193837529194313324e-02 -5.593794990796244204e-02 5.593794990796206734e-02 6.193837529194384101e-02 6.256762818854093300e-02 6.932666214062671584e-02 7.047716741330095624e-02 7.158024205556882957e-02 7.281971088049642160e-02 8.125610499622623606e-02 8.596274058775366100e-02 8.900353763802064389e-02 1.096626541187981363e-01 1.138661027366054262e-01 1.342531416533068456e-01 1.412942663088374295e-01 1.447201289888480902e-01
-1.445143800368728637e-01 -1.414920072266396545e-01 -1.349301925368652788e-01 -1.136721146239971086e-01 -1.098641499335532845e-01 -8.881652870118243726e-02 -8.606297011987190659e-02 -8.058025888436720630e-02 -7.260228457925194112e-02 -7.152297853233909042e-02 -7.056382912903917670e-02 -6.946095071564702128e-02 -6.257715228017132758e-02 -6.197155038515351350e-02 -5.749575895982618479e-02 5.749575895982596274e-02 6.197155038515320125e-02 6.257715228017106390e-02 6.946095071564704904e-02 7.056382912903921834e-02 7.152297853233888225e-02 7.260228457925188561e-02 8.058025888436691486e-02 8.606297011987255885e-02 8.881652870118177112e-02 1.098641499335531457e-01 1.136721146239969976e-01 1.349301925368653343e-01 1.414920072266393769e-01 1.445143800368722253e-01
-1.442974753600479998e-01 -1.416882799947841998e-01 -1.356102183441288411e-01 -1.134771311004863503e-01 -1.100660907549151496e-01 -8.863488421905234282e-02 -8.617108124463029872e-02 -7.986715258792938255e-02 -7.238282218290328918e-02 -7.147526917223977205e-02 -7.064973560780928030e-02 -6.959395429780526610e-02 -6.262612283333748864e-02 -6.200938968264090717e-02 -5.895795391905100241e-02 5.895795391905116201e-02 6.200938968264071982e-02 6.262612283333755803e-02 6.959395429780533548e-02 7.064973560780932194e-02 7.147526917223941123e-02 7.238282218290298387e-02 7.986715258792988215e-02 8.617108124463013219e-02 8.863488421905242609e-02 1.100660907549146361e-01 1.134771311004866279e-01 1.356102183441285913e-01 1.416882799947846161e-01 1.442974753600484161e-01
-1.440691772420765460e-01 -1.418833815749543648e-01 -1.362910959737509697e-01 -1.132811970573025656e-01 -1.102683762405231305e-01 -8.845831076148071015e-02 -8.628529049493906256e-02 -7.911954193792124224e-02 -7.215952603699248014e-02 -7.144480098993233330e-02 -7.072994349564212802e-02 -6.972489358421896100e-02 -6.278278225395678147e-02 -6.205220860001499361e-02 -6.025260753150922521e-02 6.025260753150927379e-02 6.205220860001466748e-02 6.278278225395687862e-02 6.972489358421901651e-02 7.072994349564186434e-02 7.144480098993269412e-02 7.215952603699278545e-02 7.911954193792108958e-02 8.628529049493934011e-02 8.845831076148057137e-02 1.102683762405241713e-01 1.132811970573027183e-01 1.362910959737509697e-01 1.418833815749546423e-01 1.440691772420765182e-01
-1.438256039100335171e-01 -1.420770747043755555e-01 -1.369704818930407575e-01 -1.130843592176533907e-01 -1.104709060927255571e-01 -8.828652877574702518e-02 -8.640448583244970948e-02 -7.834050875248427248e-02 -7.192976037233711484e-02 -7.144552745226609436e-02 -7.079424819959995174e-02 -6.985286166558589416e-02 -6.323601914677060010e-02 -6.209442884130885604e-02 -6.119220351649595768e-02 6.119220351649590911e-02 6.209442884130898094e-02 6.323601914677010050e-02 6.985286166558617171e-02 7.079424819959985460e-02 7.144552745226574741e-02 7.192976037233685116e-02 7.834050875248486923e-02 8.640448583244951519e-02 8.828652877574677538e-02 1.104709060927249326e-01 1.130843592176539736e-01 1.369704818930407020e-01 1.420770747043754723e-01 1.438256039100338779e-01
-1.435618632710440878e-01 -1.422674350490051864e-01 -1.376457832786423807e-01 -1.128866668739484519e-01 -1.106735807871787464e-01 -8.811927648414008551e-02 -8.652796339168168649e-02 -7.753433136512777324e-02 -7.169003535825919926e-02 -7.149630329001259443e-02 -7.082852350870462443e-02 -6.997687666850302413e-02 -6.412837861857971500e-02 -6.212304424888785009e-02 -6.164156062705350436e-02 6.164156062705310191e-02 6.212304424888782234e-02 6.412837861857983990e-02 6.997687666850264943e-02 7.082852350870449953e-02 7.149630329001235851e-02 7.169003535825907436e-02 7.753433136512728752e-02 8.652796339168182527e-02 8.811927648414023817e-02 1.106735807871774002e-01 1.128866668739484935e-01 1.376457832786424640e-01 1.422674350490054362e-01 1.435618632710439491e-01
-1.432780647639904370e-01 -1.424449634125146691e-01 -1.383140951438282806e-01 -1.126881724969489851e-01 -1.108763022707489332e-01 -8.795631249386062778e-02 -8.665527815660555022e-02 -7.670766070828993755e-02 -7.161729949164857834e-02 -7.142890873602970869e-02 -7.082530703559113128e-02 -7.009596390881078776e-02 -6.523833881729640405e-02 -6.213239796910637741e-02 -6.181978565031995276e-02 6.181978565032018175e-02 6.213239796910657170e-02 6.523833881729618200e-02 7.009596390881045469e-02 7.082530703559120067e-02 7.142890873602938950e-02 7.161729949164860609e-02 7.670766070828990979e-02 8.665527815660531430e-02 8.795631249385979511e-02 1.108763022707492246e-01 1.126881724969485549e-01 1.383140951438285582e-01 1.424449634125146136e-01 1.432780647639909644e-01
-1.430271587117434851e-01 -1.425464080289664259e-01 -1.389720769879071172e-01 -1.124889322257030949e-01 -1.110789746143084206e-01 -8.779741761184205184e-02 -8.678615616844252700e-02 -7.587132137453288239e-02 -7.180561026442373873e-02 -7.114556695569704270e-02 -7.078940263570017433e-02 -7.020921861269924236e-02 -6.636837206951479162e-02 -6.212717621987646349e-02 -6.190766796360315516e-02 6.190766796360297475e-02 6.212717621987635941e-02 6.636837206951458346e-02 7.020921861269981135e-02 7.078940263570066005e-02 7.114556695569727862e-02 7.180561026442404404e-02 7.587132137453281300e-02 8.678615616844236047e-02 8.779741761184187143e-02 1.110789746143087259e-01 1.124889322257032198e-01 1.389720769879070617e-01 1.425464080289662316e-01 1.430271587117433185e-01
-1.430332398053730802e-01 -1.423409173240030301e-01 -1.396157266803620400e-01 -1.122890062437313097e-01 -1.112815046071786301e-01 -8.764239629630750372e-02 -8.692044117072998677e-02 -7.504300012475480230e-02 -7.207409442167640734e-02 -7.083283294029947552e-02 -7.071565898009253559e-02 -7.031553784163320497e-02 -6.743698636611439312e-02 -6.211278230863551825e-02 -6.196328282288730144e-02 6.196328282288741246e-02 6.211278230863540722e-02 6.743698636611433761e-02 7.031553784163309395e-02 7.071565898009293805e-02 7.083283294029946164e-02 7.207409442167653224e-02 7.504300012475464965e-02 8.692044117072977860e-02 8.764239629630701800e-02 1.112815046071782277e-01 1.122890062437311293e-01 1.396157266803621511e-01 1.423409173240024750e-01 1.430332398053728027e-01
-1.432144586536102104e-01 -1.419122156766052800e-01 -1.402399862763650806e-01 -1.120884590446795392e-01 -1.114838022813591789e-01 -8.749107813487340402e-02 -8.705806123718415335e-02 -7.425029258185411596e-02 -7.243877834751440148e-02 -7.068351204377178176e-02 -7.043856533550219012e-02 -7.036816043757551653e-02 -6.839798956018786069e-02 -6.209242600339342361e-02 -6.200475050256081672e-02 6.200475050256006732e-02 6.209242600339309748e-02 6.839798956018784681e-02 7.036816043757564143e-02 7.043856533550220400e-02 7.068351204377197605e-02 7.243877834751455413e-02 7.425029258185412984e-02 8.705806123718434764e-02 8.749107813487369545e-02 1.114838022813596646e-01 1.120884590446787343e-01 1.402399862763649419e-01 1.419122156766047249e-01 1.432144586536107100e-01
-1.434420215227804885e-01 -1.414004289076966625e-01 -1.408380829513009302e-01 -1.118873595893342676e-01 -1.116857813553743806e-01 -8.734331972921580145e-02 -8.719900740155882291e-02 -7.353065442606691871e-02 -7.292109587177721119e-02 -7.060081561540502981e-02 -7.051416217885181359e-02 -6.987528272765285153e-02 -6.921646326188249376e-02 -6.206761238342001219e-02 -6.203866125251689817e-02 6.203866125251653041e-02 6.206761238341985953e-02 6.921646326188232723e-02 6.987528272765257398e-02 7.051416217885185522e-02 7.060081561540509920e-02 7.292109587177698915e-02 7.353065442606675217e-02 8.719900740155937802e-02 8.734331972921575982e-02 1.116857813553743944e-01 1.118873595893341844e-01 1.408380829513009580e-01 1.414004289076966348e-01 1.434420215227804329e-01
-1.434420215227805162e-01 -1.414004289076967735e-01 -1.408380829513009858e-01 -1.118873595893339623e-01 -1.116857813553738810e-01 -8.734331972921584308e-02 -8.719900740155958618e-02 -7.353065442606704361e-02 -7.292109587177697527e-02 -7.060081561540512696e-02 -7.051416217885200788e-02 -6.987528272765239357e-02 -6.921646326188220233e-02 -6.206761238341965137e-02 -6.203866125251625979e-02 6.203866125251672470e-02 6.206761238342003301e-02 6.921646326188227172e-02 6.987528272765287929e-02 7.051416217885163318e-02 7.060081561540516859e-02 7.292109587177719732e-02 7.353065442606679381e-02 8.719900740155971108e-02 8.734331972921549614e-02 1.116857813553745471e-01 1.118873595893338235e-01 1.408380829513004862e-01 1.414004289076973009e-01 1.434420215227806827e-01
-1.432144586536106823e-01 -1.419122156766051690e-01 -1.402399862763647476e-01 -1.120884590446787760e-01 -1.114838022813596646e-01 -8.749107813487339014e-02 -8.705806123718420886e-02 -7.425029258185417147e-02 -7.243877834751440148e-02 -7.068351204377169850e-02 -7.043856533550214849e-02 -7.036816043757546102e-02 -6.839798956018783294e-02 -6.209242600339343748e-02 -6.200475050256031018e-02 6.200475050255995629e-02 6.209242600339297258e-02 6.839798956018763865e-02 7.036816043757533612e-02 7.043856533550178767e-02 7.068351204377175401e-02 7.243877834751426270e-02 7.425029258185388004e-02 8.705806123718430600e-02 8.749107813487357055e-02 1.114838022813601504e-01 1.120884590446793033e-01 1.402399862763649974e-01 1.419122156766047249e-01 1.432144586536109043e-01
-1.430332398053727472e-01 -1.423409173240023362e-01 -1.396157266803614572e-01 -1.122890062437315872e-01 -1.112815046071781028e-01 -8.764239629630743433e-02 -8.692044117072983411e-02 -7.504300012475445536e-02 -7.207409442167683755e-02 -7.083283294029980859e-02 -7.071565898009254947e-02 -7.031553784163338539e-02 -6.743698636611455965e-02 -6.211278230863553212e-02 -6.196328282288775247e-02 6.196328282288776634e-02 6.211278230863577499e-02 6.743698636611453190e-02 7.031553784163303844e-02 7.071565898009268825e-02 7.083283294029982247e-02 7.207409442167669877e-02 7.504300012475456638e-02 8.692044117072976472e-02 8.764239629630704576e-02 1.112815046071782554e-01 1.122890062437317815e-01 1.396157266803616237e-01 1.423409173240025583e-01 1.430332398053724974e-01
-1.430271587117434018e-01 -1.425464080289661206e-01 -1.389720769879067008e-01 -1.124889322257029978e-01 -1.110789746143089896e-01 -8.779741761184214899e-02 -8.678615616844273517e-02 -7.587132137453266034e-02 -7.180561026442353056e-02 -7.114556695569715372e-02 -7.078940263570046576e-02 -7.020921861269945052e-02 -6.636837206951502754e-02 -6.212717621987619288e-02 -6.190766796360314128e-02 6.190766796360320373e-02 6.212717621987640798e-02 6.636837206951469448e-02 7.020921861269963093e-02 7.078940263570020208e-02 7.114556695569695943e-02 7.180561026442344730e-02 7.587132137453279912e-02 8.678615616844247149e-02 8.779741761184205184e-02 1.110789746143084206e-01 1.124889322257030533e-01 1.389720769879065621e-01 1.425464080289660651e-01 1.430271587117440402e-01
-1.432780647639904925e-01 -1.424449634125144748e-01 -1.383140951438284472e-01 -1.126881724969485826e-01 -1.108763022707486279e-01 -8.795631249386029471e-02 -8.665527815660578614e-02 -7.670766070829025673e-02 -7.161729949164838405e-02 -7.142890873602944501e-02 -7.082530703559100638e-02 -7.009596390881059347e-02 -6.523833881729655670e-02 -6.213239796910607904e-02 -6.181978565031985562e-02 6.181978565032016787e-02 6.213239796910605128e-02 6.523833881729614037e-02 7.009596390881039918e-02 7.082530703559111740e-02 7.142890873602961155e-02 7.161729949164850895e-02 7.670766070828971550e-02 8.665527815660528654e-02 8.795631249386035022e-02 1.108763022707489609e-01 1.126881724969481940e-01 1.383140951438285027e-01 1.424449634125150299e-01 1.432780647639909088e-01
-1.435618632710443099e-01 -1.422674350490060746e-01 -1.376457832786429636e-01 -1.128866668739482715e-01 -1.106735807871786492e-01 -8.811927648414061287e-02 -8.652796339168185302e-02 -7.753433136512800916e-02 -7.169003535825922702e-02 -7.149630329001273321e-02 -7.082852350870469382e-02 -6.997687666850295474e-02 -6.412837861857950683e-02 -6.212304424888839827e-02 -6.164156062705344885e-02 6.164156062705351824e-02 6.212304424888779458e-02 6.412837861858020072e-02 6.997687666850253840e-02 7.082852350870422198e-02 7.149630329001244178e-02 7.169003535825907436e-02 7.753433136512798141e-02 8.652796339168222772e-02 8.811927648414037695e-02 1.106735807871787741e-01 1.128866668739471335e-01 1.376457832786416036e-01 1.422674350490053252e-01 1.435618632710440878e-01
-1.438256039100337391e-01 -1.420770747043759996e-01 -1.369704818930415624e-01 -1.130843592176532242e-01 -1.104709060927249048e-01 -8.828652877574647007e-02 -8.640448583244950131e-02 -7.834050875248441126e-02 -7.192976037233675402e-02 -7.144552745226577517e-02 -7.079424819959989623e-02 -6.985286166558597742e-02 -6.323601914676990621e-02 -6.209442884130927237e-02 -6.119220351649593687e-02 6.119220351649625605e-02 6.209442884130930707e-02 6.323601914677040581e-02 6.985286166558643539e-02 7.079424819959981297e-02 7.144552745226603885e-02 7.192976037233700382e-02 7.834050875248517454e-02 8.640448583244955683e-02 8.828652877574673374e-02 1.104709060927255432e-01 1.130843592176529327e-01 1.369704818930403967e-01 1.420770747043752225e-01 1.438256039100331007e-01
-1.440691772420765182e-01 -1.418833815749552529e-01 -1.362910959737508310e-01 -1.132811970573030236e-01 -1.102683762405236023e-01 -8.845831076148064076e-02 -8.628529049493960379e-02 -7.911954193792146428e-02 -7.215952603699267442e-02 -7.144480098993254147e-02 -7.072994349564210026e-02 -6.972489358421937733e-02 -6.278278225395689249e-02 -6.205220860001466748e-02 -6.025260753150916276e-02 6.025260753150912113e-02 6.205220860001468136e-02 6.278278225395686474e-02 6.972489358421916916e-02 7.072994349564218353e-02 7.144480098993244432e-02 7.215952603699278545e-02 7.911954193792079815e-02 8.628529049493884051e-02 8.845831076148093219e-02 1.102683762405243378e-01 1.132811970573032040e-01 1.362910959737507477e-01 1.418833815749550031e-01 1.440691772420765182e-01
-1.442974753600491655e-01 -1.416882799947842275e-01 -1.356102183441288411e-01 -1.134771311004865030e-01 -1.100660907549149414e-01 -8.863488421905257875e-02 -8.617108124463006280e-02 -7.986715258792997929e-02 -7.238282218290353898e-02 -7.147526917224020226e-02 -7.064973560780987705e-02 -6.959395429780579345e-02 -6.262612283333743313e-02 -6.200938968264073370e-02 -5.895795391905093996e-02 5.895795391905087751e-02 6.200938968264070594e-02 6.262612283333728047e-02 6.959395429780564080e-02 7.064973560780950235e-02 7.147526917223974430e-02 7.238282218290317815e-02 7.986715258792972949e-02 8.617108124463035423e-02 8.863488421905242609e-02 1.100660907549148165e-01 1.134771311004863642e-01 1.356102183441290632e-01 1.416882799947844496e-01 1.442974753600484994e-01
-1.445143800368725862e-01 -1.414920072266400708e-01 -1.349301925368648347e-01 -1.136721146239968311e-01 -1.098641499335538257e-01 -8.881652870118215970e-02 -8.606297011987287804e-02 -8.058025888436737283e-02 -7.260228457925181622e-02 -7.152297853233879898e-02 -7.056382912903942650e-02 -6.946095071564742374e-02 -6.257715228017110554e-02 -6.197155038515338166e-02 -5.749575895982667745e-02 5.749575895982608070e-02 6.197155038515315961e-02 6.257715228017095288e-02 6.946095071564738210e-02 7.056382912903934324e-02 7.152297853233903491e-02 7.260228457925183010e-02 8.058025888436692874e-02 8.606297011987300294e-02 8.881652870118321441e-02 1.098641499335529514e-01 1.136721146239969699e-01 1.349301925368651955e-01 1.414920072266390438e-01 1.445143800368731413e-01
-1.447201289888483122e-01 -1.412942663088369577e-01 -1.342531416533075395e-01 -1.138661027366042744e-01 -1.096626541187982196e-01 -8.900353763802054674e-02 -8.596274058775361937e-02 -8.125610499622590299e-02 -7.281971088049654650e-02 -7.158024205556856590e-02 -7.047716741330088686e-02 -6.932666214062661869e-02 -6.256762818854079422e-02 -6.193837529194359814e-02 -5.593794990796253225e-02 5.593794990796224081e-02 6.193837529194347324e-02 6.256762818854100239e-02 6.932666214062672971e-02 7.047716741330083134e-02 7.158024205556832997e-02 7.281971088049633833e-02 8.125610499622629157e-02 8.596274058775335569e-02 8.900353763802078266e-02 1.096626541187972065e-01 1.138661027366043993e-01 1.342531416533064015e-01 1.412942663088369855e-01 1.447201289888473685e-01
-1.447824921613092009e-01 -1.410945141254106028e-01 -1.335809794936503592e-01 -1.140590515001140004e-01 -1.094617029534341451e-01 -8.919621259801539803e-02 -8.587332808259275085e-02 -8.189141747620497236e-02 -7.303634206758037595e-02 -7.164310655531860861e-02 -7.039168986145749596e-02 -6.919172171906991242e-02 -6.257537496445224334e-02 -6.190855004294260749e-02 -5.431090651283301818e-02 5.431090651283353860e-02 6.190855004294303077e-02 6.257537496445235436e-02 6.919172171907031488e-02 7.039168986145774576e-02 7.164310655531862249e-02 7.303634206758086167e-02 8.189141747620493073e-02 8.587332808259311168e-02 8.919621259801549518e-02 1.094617029534337843e-01 1.140590515001143890e-01 1.335809794936499428e-01 1.410945141254103530e-01 1.447824921613092286e-01
-1.442628932480167492e-01 -1.408920202693653978e-01 -1.329154138268474894e-01 -1.142509168885213616e-01 -1.092613946360020266e-01 -8.939485511973727094e-02 -8.579971833147113924e-02 -8.248128658539316538e-02 -7.325305230538757539e-02 -7.170950418171287422e-02 -7.030797596036718333e-02 -6.905662201635051622e-02 -6.259195710716808358e-02 -6.188105073900428826e-02 -5.262671012864993808e-02 5.262671012864993114e-02 6.188105073900396214e-02 6.259195710716818073e-02 6.905662201635036357e-02 7.030797596036678088e-02 7.170950418171272156e-02 7.325305230538707579e-02 8.248128658539304048e-02 8.579971833147091720e-02 8.939485511973686849e-02 1.092613946360022625e-01 1.142509168885212228e-01 1.329154138268481000e-01 1.408920202693652035e-01 1.442628932480165549e-01
-1.437222873432166537e-01 -1.406858385648057930e-01 -1.322579476160302414e-01 -1.144416535562317871e-01 -1.090618251907844449e-01 -8.959975556270836916e-02 -8.575060304263366906e-02 -8.301737597723217454e-02 -7.347047036054829561e-02 -7.177831033835066488e-02 -7.022604227891243722e-02 -6.892173297680406763e-02 -6.261361744793574047e-02 -6.185519834631342251e-02 -5.089227592652672411e-02 5.089227592652689064e-02 6.185519834631333230e-02 6.261361744793582373e-02 6.892173297680434518e-02 7.022604227891263151e-02 7.177831033835103958e-02 7.347047036054861480e-02 8.301737597723203577e-02 8.575060304263390498e-02 8.959975556270907693e-02 1.090618251907840147e-01 1.144416535562316761e-01 1.322579476160304912e-01 1.406858385648056819e-01 1.437222873432165982e-01
-1.431928310482837308e-01 -1.404747238588891500e-01 -1.316098814385171789e-01 -1.146312133744577938e-01 -1.088630877667689650e-01 -8.981117858430626155e-02 -8.574103512791081405e-02 -8.348518637110412255e-02 -7.368905795559653471e-02 -7.184889051466852861e-02 -7.014569215386531886e-02 -6.878732374069530808e-02 -6.263845791014950593e-02 -6.183054737176976734e-02 -4.911235541257594206e-02 4.911235541257569226e-02 6.183054737176957999e-02 6.263845791014925612e-02 6.878732374069529421e-02 7.014569215386555479e-02 7.184889051466870902e-02 7.368905795559646532e-02 8.348518637110412255e-02 8.574103512791030057e-02 8.981117858430610890e-02 1.088630877667681462e-01 1.146312133744567252e-01 1.316098814385170679e-01 1.404747238588883451e-01 1.431928310482833144e-01
-1.426771202491464718e-01 -1.402569944435417271e-01 -1.309723187072760753e-01 -1.148195436787786960e-01 -1.086652719787965654e-01 -9.002934519140753933e-02 -8.579442407569766449e-02 -8.386201384329508568e-02 -7.390916137029313049e-02 -7.192087727242135742e-02 -7.006666446673219528e-02 -6.865358357033550518e-02 -6.266541907148240331e-02 -6.180679728107792148e-02 -4.729068465503138974e-02 4.729068465503162566e-02 6.180679728107817822e-02 6.266541907148222290e-02 6.865358357033533865e-02 7.006666446673219528e-02 7.192087727242182926e-02 7.390916137029317212e-02 8.386201384329466935e-02 8.579442407569778939e-02 9.002934519140741443e-02 1.086652719787965932e-01 1.148195436787787654e-01 1.309723187072760198e-01 1.402569944435415883e-01 1.426771202491467772e-01
-1.421771022173200505e-01 -1.400303317839481643e-01 -1.303461742910826948e-01 -1.150065851490918029e-01 -1.084684633025848610e-01 -9.025441188209049059e-02 -8.593581421488941108e-02 -8.412364835726687806e-02 -7.413104621276676853e-02 -7.199405550421127120e-02 -6.998869492712864182e-02 -6.852063986348874702e-02 -6.269385937014312904e-02 -6.178373724028309727e-02 -4.543047902723058168e-02 4.543047902723072046e-02 6.178373724028241726e-02 6.269385937014310128e-02 6.852063986348848335e-02 6.998869492712847529e-02 7.199405550421107691e-02 7.413104621276653261e-02 8.412364835726628132e-02 8.593581421488849514e-02 9.025441188209049059e-02 1.084684633025840977e-01 1.150065851490916780e-01 1.303461742910837218e-01 1.400303317839482753e-01 1.421771022173198007e-01
-1.416953943310426400e-01 -1.397915242250273304e-01 -1.297321865420197340e-01 -1.151922692130885467e-01 -1.082727425335474891e-01 -9.048644817446924171e-02 -8.617018911316721985e-02 -8.426606123796487324e-02 -7.435492139493987684e-02 -7.206830053415839987e-02 -6.991153934661763214e-02 -6.838857278339872947e-02 -6.272336234393104115e-02 -6.176121305319186988e-02 -4.353466485289923110e-02 4.353466485289928661e-02 6.176121305319161314e-02 6.272336234393091625e-02 6.838857278339854906e-02 6.991153934661778480e-02 7.206830053415816395e-02 7.435492139493986297e-02 8.426606123796441528e-02 8.617018911316667862e-02 9.048644817446846456e-02 1.082727425335476973e-01 1.151922692130886439e-01 1.297321865420198728e-01 1.397915242250277468e-01 1.416953943310427788e-01
-1.412356956788599904e-01 -1.395362315134093811e-01 -1.291309324396340830e-01 -1.153765148227213905e-01 -1.080781853173523599e-01 -9.072541471250673839e-02 -8.647299925067608584e-02 -8.431487804725590340e-02 -7.458095602508217625e-02 -7.214354321052393604e-02 -6.983498052328296346e-02 -6.825742676117138585e-02 -6.275364052999971021e-02 -6.173910725600871563e-02 -4.160599329941633284e-02 4.160599329941655489e-02 6.173910725600866012e-02 6.275364052999930775e-02 6.825742676117146912e-02 6.983498052328312999e-02 7.214354321052431074e-02 7.458095602508210686e-02 8.431487804725674995e-02 8.647299925067582216e-02 9.072541471250725187e-02 1.080781853173524015e-01 1.153765148227227783e-01 1.291309324396352487e-01 1.395362315134093256e-01 1.412356956788593798e-01
-1.408027939067570122e-01 -1.392590254412095496e-01 -1.285428454631261375e-01 -1.155592243943721065e-01 -1.078848617580811381e-01 -9.097114491891865329e-02 -8.681153317570200478e-02 -8.430401099246077889e-02 -7.480929153087664818e-02 -7.221974941900875800e-02 -6.975882829234045235e-02 -6.812721938409484201e-02 -6.278448412517892430e-02 -6.171732688662481814e-02 -3.964709718040543979e-02 3.964709718040556469e-02 6.171732688662426303e-02 6.278448412517918797e-02 6.812721938409491140e-02 6.975882829234021643e-02 7.221974941900893841e-02 7.480929153087693961e-02 8.430401099246115360e-02 8.681153317570175498e-02 9.097114491891898636e-02 1.078848617580811936e-01 1.155592243943715097e-01 1.285428454631258322e-01 1.392590254412094941e-01 1.408027939067574841e-01
-1.404017669741377539e-01 -1.389542042719084103e-01 -1.279682358488214711e-01 -1.157402786197289229e-01 -1.076928361078244856e-01 -9.122333351854870764e-02 -8.716243594306356812e-02 -8.425814198973292923e-02 -7.504005046555659031e-02 -7.229690762382813551e-02 -6.968291698894864272e-02 -6.799794821361269948e-02 -6.281573192631365044e-02 -6.169579578779275236e-02 -3.766051851965597497e-02 3.766051851965587088e-02 6.169579578779219725e-02 6.281573192631388636e-02 6.799794821361267172e-02 6.968291698894832353e-02 7.229690762382837144e-02 7.504005046555640990e-02 8.425814198973266556e-02 8.716243594306298526e-02 9.122333351854840233e-02 1.076928361078249019e-01 1.157402786197291589e-01 1.279682358488215266e-01 1.389542042719079384e-01 1.404017669741372543e-01
-1.400360659003927477e-01 -1.386177158599158077e-01 -1.274073130457648029e-01 -1.159195297336186592e-01 -1.075021665395687609e-01 -9.148153488189103566e-02 -8.751264214326036350e-02 -8.419178496845590443e-02 -7.527334290487870672e-02 -7.237502104397811054e-02 -6.960710219042470781e-02 -6.786959601467684733e-02 -6.284725403692252577e-02 -6.167444964794666779e-02 -3.564872072777625772e-02 3.564872072777632017e-02 6.167444964794637635e-02 6.284725403692202617e-02 6.786959601467680570e-02 6.960710219042484659e-02 7.237502104397787461e-02 7.527334290487890101e-02 8.419178496845580728e-02 8.751264214325936430e-02 9.148153488189131322e-02 1.075021665395691217e-01 1.159195297336181041e-01 1.274073130457644420e-01 1.386177158599149750e-01 1.400360659003922759e-01
-1.397053757384800754e-01 -1.382492983534970854e-01 -1.268602104337003822e-01 -1.160967926482600471e-01 -1.073129050034772186e-01 -9.174517291478320735e-02 -8.785554518643252930e-02 -8.411310326951487726e-02 -7.550927098373412527e-02 -7.245410259264178920e-02 -6.953125752628094847e-02 -6.774213479096675983e-02 -6.287894109371248985e-02 -6.165323273536248150e-02 -3.361409275239389538e-02 3.361409275239366640e-02 6.165323273536161414e-02 6.287894109371236495e-02 6.774213479096606594e-02 6.953125752628117051e-02 7.245410259264169206e-02 7.550927098373405588e-02 8.411310326951487726e-02 8.785554518643216848e-02 9.174517291478251346e-02 1.073129050034774684e-01 1.160967926482593948e-01 1.268602104336997993e-01 1.382492983534964748e-01 1.397053757384796036e-01
-1.394052565757916695e-01 -1.378528388986385023e-01 -1.263270127221262640e-01 -1.162718331021183604e-01 -1.071250971651550171e-01 -9.201356233523699801e-02 -8.818808652474460774e-02 -8.402679813897949435e-02 -7.574793186972234027e-02 -7.253417150978798411e-02 -6.945527185505519230e-02 -6.761552893726684166e-02 -6.291069724396772256e-02 -6.163209570474131871e-02 -3.155894932734537583e-02 3.155894932734539665e-02 6.163209570474106197e-02 6.291069724396772256e-02 6.761552893726702207e-02 6.945527185505512291e-02 7.253417150978819228e-02 7.574793186972200720e-02 8.402679813897809269e-02 8.818808652474446896e-02 9.201356233523717842e-02 1.071250971651551143e-01 1.162718331021174029e-01 1.263270127221260419e-01 1.378528388986383357e-01 1.394052565757923079e-01
-1.391290339451750624e-01 -1.374344819125810357e-01 -1.258077869368413593e-01 -1.164443515801012463e-01 -1.069387824233038325e-01 -9.228593912869365035e-02 -8.850912619076294063e-02 -8.393570889423755677e-02 -7.598941927724721379e-02 -7.261525105692574755e-02 -6.937904688873143544e-02 -6.748973775135297393e-02 -6.294243533713868299e-02 -6.161099409798656557e-02 -2.948552972593165844e-02 2.948552972593190477e-02 6.161099409798637822e-02 6.294243533713869687e-02 6.748973775135325148e-02 6.937904688873122727e-02 7.261525105692621940e-02 7.598941927724656153e-02 8.393570889423820902e-02 8.850912619076309329e-02 9.228593912869402505e-02 1.069387824233038881e-01 1.164443515801010520e-01 1.258077869368412760e-01 1.374344819125811190e-01 1.391290339451747016e-01
-1.388700818559283900e-01 -1.370003441850645154e-01 -1.253026185829566319e-01 -1.166139611703632673e-01 -1.067539940033407769e-01 -9.256149637988433931e-02 -8.881857297873349544e-02 -8.384165017574592149e-02 -7.623382345478900424e-02 -7.269736689131883756e-02 -6.930249525314777226e-02 -6.736471749510532236e-02 -6.297407343626533482e-02 -6.158988730319971822e-02 -2.739599645390013855e-02 2.739599645390011426e-02 6.158988730319973209e-02 6.297407343626511278e-02 6.736471749510558604e-02 6.930249525314723102e-02 7.269736689131915675e-02 7.623382345478969813e-02 8.384165017574621293e-02 8.881857297873374524e-02 9.256149637988446421e-02 1.067539940033404855e-01 1.166139611703628925e-01 1.253026185829566319e-01 1.370003441850644876e-01 1.388700818559293337e-01
-1.386230175756454075e-01 -1.365553179321360167e-01 -1.248116555541212841e-01 -1.167801566225862842e-01 -1.065707591231091211e-01 -9.283942101040057460e-02 -8.911690754666722059e-02 -8.374585761028932596e-02 -7.648122940133179892e-02 -7.278054588172809536e-02 -6.922553893838256922e-02 -6.724042315691655669e-02 -6.300553210211641553e-02 -6.156873782116974170e-02 -2.529243474261080871e-02 2.529243474261064564e-02 6.156873782116975558e-02 6.300553210211669308e-02 6.724042315691675098e-02 6.922553893838255534e-02 7.278054588172724881e-02 7.648122940133184056e-02 8.374585761028995046e-02 8.911690754666669323e-02 9.283942101040007500e-02 1.065707591231095930e-01 1.167801566225860482e-01 1.248116555541217282e-01 1.365553179321361277e-01 1.386230175756456851e-01
-1.383838774922740156e-01 -1.361028926244788606e-01 -1.243351637979759200e-01 -1.169422704997510609e-01 -1.063890992268257257e-01 -9.311892731565696302e-02 -8.940490873010925599e-02 -8.364923606061547279e-02 -7.673171285621512017e-02 -7.286481521455492882e-02 -6.914810808482629856e-02 -6.711681004281346008e-02 -6.303673209535363975e-02 -6.154751074079056750e-02 -2.317685334575881814e-02 2.317685334575891876e-02 6.154751074079056750e-02 6.303673209535358424e-02 6.711681004281298824e-02 6.914810808482634019e-02 7.286481521455542842e-02 7.673171285621442628e-02 8.364923606061590300e-02 8.940490873010947803e-02 9.311892731565664383e-02 1.063890992268251706e-01 1.169422704997513524e-01 1.243351637979751567e-01 1.361028926244798876e-01 1.383838774922734605e-01
-1.381498588648527315e-01 -1.356454108771392997e-01 -1.238736008784460246e-01 -1.170994102385422980e-01 -1.062090302837964684e-01 -9.339928433739096147e-02 -8.968349015857256246e-02 -8.355250698827189348e-02 -7.698533332402043849e-02 -7.295020169260513221e-02 -6.907014005341455265e-02 -6.699383531017381876e-02 -6.306759224887234505e-02 -6.152617335733292364e-02 -2.105118691265843445e-02 2.105118691265841016e-02 6.152617335733273629e-02 6.306759224887291404e-02 6.699383531017384652e-02 6.907014005341433061e-02 7.295020169260454934e-02 7.698533332402113238e-02 8.355250698827176858e-02 8.968349015857290940e-02 9.339928433739079494e-02 1.062090302837968847e-01 1.170994102385417013e-01 1.238736008784454695e-01 1.356454108771394107e-01 1.381498588648524539e-01
-1.379189970658258324e-01 -1.351843888616733880e-01 -1.234277166747521637e-01 -1.172503668747668232e-01 -1.060305631494218581e-01 -9.367983557520252746e-02 -8.995360076448462305e-02 -8.345630390404149002e-02 -7.724212299149134375e-02 -7.303673116227017703e-02 -6.899157873530605001e-02 -6.687145955440364220e-02 -6.309802731932481756e-02 -6.150469488800626439e-02 -1.891730005766451006e-02 1.891730005766444414e-02 6.150469488800630602e-02 6.309802731932491471e-02 6.687145955440321199e-02 6.899157873530568919e-02 7.303673116227028805e-02 7.724212299149146865e-02 8.345630390404112919e-02 8.995360076448412345e-02 9.367983557520317972e-02 1.060305631494216222e-01 1.172503668747677252e-01 1.234277166747515114e-01 1.351843888616726386e-01 1.379189970658254161e-01
-1.376899043613354079e-01 -1.347207752409860237e-01 -1.229986946923400659e-01 -1.173934819830167314e-01 -1.058537039873961028e-01 -9.396001090021760538e-02 -9.021616463641198014e-02 -8.336124226861005293e-02 -7.750206979007362440e-02 -7.312442802664526065e-02 -6.891237406392765330e-02 -6.674964856492757170e-02 -6.312794565201090835e-02 -6.148304625226892750e-02 -1.677699314035678568e-02 1.677699314035668160e-02 6.148304625226934383e-02 6.312794565201136632e-02 6.674964856492683618e-02 6.891237406392740350e-02 7.312442802664521901e-02 7.750206979007367991e-02 8.336124226860980313e-02 9.021616463641173034e-02 9.396001090021686986e-02 1.058537039873952701e-01 1.173934819830169257e-01 1.229986946923402186e-01 1.347207752409860237e-01 1.376899043613359075e-01
-1.374615854633343126e-01 -1.342551334317275136e-01 -1.225883522873638387e-01 -1.175264545705463487e-01 -1.056784547541253366e-01 -9.423933151754849968e-02 -9.047204617403420412e-02 -8.326797964196254453e-02 -7.776509193599741299e-02 -7.321331481633534810e-02 -6.883248169941390271e-02 -6.662837538277173455e-02 -6.315724649625309439e-02 -6.146119989249011067e-02 -1.463200969761822845e-02 1.463200969761831519e-02 6.146119989249004822e-02 6.315724649625292786e-02 6.662837538277141536e-02 6.883248169941341699e-02 7.321331481633541749e-02 7.776509193599705216e-02 8.326797964196229473e-02 9.047204617403466209e-02 9.423933151754841642e-02 1.056784547541249480e-01 1.175264545705470148e-01 1.225883522873637832e-01 1.342551334317277356e-01 1.374615854633346179e-01
-1.372333137642672840e-01 -1.337877633213401529e-01 -1.221994203918246591e-01 -1.176460673868784806e-01 -1.055048137492020366e-01 -9.451740935626679052e-02 -9.072203184339004689e-02 -8.317727743238058358e-02 -7.803099985464168054e-02 -7.330341179945665253e-02 -6.875186286154560955e-02 -6.650762281901896611e-02 -6.318581679323211076e-02 -6.143912961552216306e-02 -1.248404541600556424e-02 1.248404541600563016e-02 6.143912961552205898e-02 6.318581679323206912e-02 6.650762281901853590e-02 6.875186286154556792e-02 7.330341179945649988e-02 7.803099985464134747e-02 8.317727743238068072e-02 9.072203184339035220e-02 9.451740935626685991e-02 1.055048137492021476e-01 1.176460673868780643e-01 1.221994203918249228e-01 1.337877633213408468e-01 1.372333137642669232e-01
-1.370045495865704899e-01 -1.333187811509082554e-01 -1.218359123366968971e-01 -1.177478230982126339e-01 -1.053327762395034062e-01 -9.479394240958285978e-02 -9.096682279660794901e-02 -8.309007468831763887e-02 -7.829943919070402047e-02 -7.339473661904509505e-02 -6.867048429218272632e-02 -6.638738663346133162e-02 -6.321352722624540288e-02 -6.141681043835018478e-02 -1.033475849379893001e-02 1.033475849379912430e-02 6.141681043835029580e-02 6.321352722624566656e-02 6.638738663346097080e-02 6.867048429218251815e-02 7.339473661904549751e-02 7.829943919070399272e-02 8.309007468831777765e-02 9.096682279660800452e-02 9.479394240958349815e-02 1.053327762395039197e-01 1.177478230982129948e-01 1.218359123366968416e-01 1.333187811509082554e-01 1.370045495865704621e-01
-1.367748861654028425e-01 -1.328481719010878026e-01 -1.215035381968035816e-01 -1.178255339376603483e-01 -1.051623351695236130e-01 -9.506870742891525283e-02 -9.120703444305026941e-02 -8.300758602333947744e-02 -7.856980524784963615e-02 -7.348730395094918433e-02 -6.858831833197182037e-02 -6.626767962850786675e-02 -6.324022727365768981e-02 -6.139421842188793471e-02 -8.185781211985944036e-03 8.185781211985905872e-03 6.139421842188797634e-02 6.324022727365748164e-02 6.626767962850779736e-02 6.858831833197169547e-02 7.348730395094890677e-02 7.856980524784887288e-02 8.300758602333907499e-02 9.120703444305025553e-02 9.506870742891534998e-02 1.051623351695235020e-01 1.178255339376608340e-01 1.215035381968029293e-01 1.328481719010869422e-01 1.367748861654029813e-01
-1.365440136860138765e-01 -1.323758239360696976e-01 -1.212099684208677169e-01 -1.178710610808619275e-01 -1.049934819772721933e-01 -9.534155111903125368e-02 -9.144320027836523590e-02 -8.293143965767831027e-02 -7.884111433312562811e-02 -7.358112517885836978e-02 -6.850534309883520023e-02 -6.614853698769575241e-02 -6.326573893580310359e-02 -6.137133047638551608e-02 -6.038732508681665147e-03 6.038732508681722393e-03 6.137133047638509975e-02 6.326573893580314523e-02 6.614853698769548873e-02 6.850534309883536677e-02 7.358112517885830040e-02 7.884111433312576689e-02 8.293143965767828252e-02 9.144320027836538856e-02 9.534155111903115654e-02 1.049934819772720962e-01 1.178710610808614417e-01 1.212099684208672729e-01 1.323758239360708078e-01 1.365440136860145426e-01
-1.363116950965859997e-01 -1.319015522932938944e-01 -1.209644549263629437e-01 -1.178746955457994905e-01 -1.048262075442175367e-01 -9.561238068267191581e-02 -9.167577813569469103e-02 -8.286387717544906051e-02 -7.911181128908743865e-02 -7.367620808587982406e-02 -6.842154275752536374e-02 -6.603002328315428493e-02 -6.328984871749467056e-02 -6.134812411992109082e-02 -3.895231329512477934e-03 3.895231329512615845e-03 6.134812411992083409e-02 6.328984871749480934e-02 6.603002328315436820e-02 6.842154275752562742e-02 7.367620808588035142e-02 7.911181128908759130e-02 8.286387717544871356e-02 9.167577813569546819e-02 9.561238068267295664e-02 1.048262075442178975e-01 1.178746955458002815e-01 1.209644549263633601e-01 1.319015522932935336e-01 1.363116950965860275e-01
-1.360777496731048752e-01 -1.314251147999937752e-01 -1.207760843065145556e-01 -1.178269058956634696e-01 -1.046605033204027896e-01 -9.588115427969913507e-02 -9.190515763714675324e-02 -8.280804119078809256e-02 -7.937948754685848762e-02 -7.377255656420816932e-02 -6.833690787040451464e-02 -6.591224169081806583e-02 -6.331229733949120253e-02 -6.132457716795268465e-02 -1.756910505268001466e-03 1.756910505267999080e-03 6.132457716795305935e-02 6.331229733949113314e-02 6.591224169081835726e-02 6.833690787040426484e-02 7.377255656420758645e-02 7.937948754685808517e-02 8.280804119078889747e-02 9.190515763714635078e-02 9.588115427969833016e-02 1.046605033204024010e-01 1.178269058956646076e-01 1.207760843065145556e-01 1.314251147999934421e-01 1.360777496731047365e-01
-1.358420417518351186e-01 -1.309462238345578122e-01 -1.206505399727373640e-01 -1.177215757686556202e-01 -1.044963626837113885e-01 -9.614787172395987402e-02 -9.213166806106570794e-02 -8.276837034878760380e-02 -7.964049057075278659e-02 -7.387017034616491507e-02 -6.825143581968248774e-02 -6.579534607612666508e-02 -6.333276653607271267e-02 -6.130066732661718781e-02 -3.745691139190139227e-04 3.745691139185838739e-04 6.130066732661754170e-02 6.333276653607222695e-02 6.579534607612670671e-02 6.825143581968173834e-02 7.387017034616544242e-02 7.964049057075292537e-02 8.276837034878725685e-02 9.213166806106648510e-02 9.614787172395962422e-02 1.044963626837109305e-01 1.177215757686554953e-01 1.206505399727370031e-01 1.309462238345577845e-01 1.358420417518346468e-01
-1.356044729519427505e-01 -1.304645557626827324e-01 -1.205871282236071207e-01 -1.175589759687858393e-01 -1.043337826177768990e-01 -9.641256554554962499e-02 -9.235558614761878171e-02 -8.275107292726466279e-02 -7.988945356694671096e-02 -7.396904476125076844e-02 -6.816513129056085696e-02 -6.567955671606474921e-02 -6.335086220267058255e-02 -6.127637165485900345e-02 -2.497504562717389395e-03 2.497504562717467892e-03 6.127637165485914222e-02 6.335086220267087398e-02 6.567955671606449941e-02 6.816513129056094022e-02 7.396904476125107375e-02 7.988945356694686362e-02 8.275107292726456565e-02 9.235558614761903151e-02 9.641256554554990255e-02 1.043337826177772876e-01 1.175589759687861030e-01 1.205871282236078146e-01 1.304645557626825381e-01 1.356044729519429448e-01
-1.353649767829611938e-01 -1.299797596983268133e-01 -1.205787239685239681e-01 -1.173458149202084438e-01 -1.041727658303749082e-01 -9.667529238861721774e-02 -9.257714357637160385e-02 -8.276449705753315123e-02 -8.011892745991189280e-02 -7.406917052487860254e-02 -6.807800680322095843e-02 -6.556518043348506797e-02 -6.336609316071767362e-02 -6.125166584987351559e-02 -4.610137025012762090e-03 4.610137025012710048e-03 6.125166584987340457e-02 6.336609316071747933e-02 6.556518043348501246e-02 6.807800680322059761e-02 7.406917052487835273e-02 8.011892745991146259e-02 8.276449705753295694e-02 9.257714357637164548e-02 9.667529238861771734e-02 1.041727658303745752e-01 1.173458149202079581e-01 1.205787239685248424e-01 1.299797596983255921e-01 1.353649767829606942e-01
-1.351235148951354659e-01 -1.294914671950927743e-01 -1.206147345664886905e-01 -1.170922682347406707e-01 -1.040133234897630404e-01 -9.693612458005286536e-02 -9.279653399199812303e-02 -8.281890118161042147e-02 -8.031961144734346691e-02 -7.417053356523496677e-02 -6.799008327928128537e-02 -6.545263568334612481e-02 -6.337784506098473325e-02 -6.122652329539032129e-02 -6.710638811127911038e-03 6.710638811128023795e-03 6.122652329539027966e-02 6.337784506098508019e-02 6.545263568334597215e-02 6.799008327928145190e-02 7.417053356523452268e-02 8.031961144734411917e-02 8.281890118161004677e-02 9.279653399199787323e-02 9.693612458005307353e-02 1.040133234897635678e-01 1.170922682347404764e-01 1.206147345664890513e-01 1.294914671950927743e-01 1.351235148951354381e-01
-1.348800744638737892e-01 -1.289993047884613331e-01 -1.206844443157627789e-01 -1.168086235185252647e-01 -1.038554788409006974e-01 -9.719514157175325464e-02 -9.301391954902356318e-02 -8.292486368377827155e-02 -8.048194304238394381e-02 -7.427311489512138099e-02 -6.790139062540077874e-02 -6.534248235418690931e-02 -6.338534974732090710e-02 -6.120091379135561560e-02 -8.797101434631313457e-03 8.797101434631630912e-03 6.120091379135512294e-02 6.338534974732108751e-02 6.534248235418724238e-02 6.790139062540086201e-02 7.427311489512161691e-02 8.048194304238420749e-02 8.292486368377743888e-02 9.301391954902375747e-02 9.719514157175372648e-02 1.038554788409011415e-01 1.168086235185251398e-01 1.206844443157635005e-01 1.289993047884619715e-01 1.348800744638740390e-01
-1.346346663508496411e-01 -1.285029121335559132e-01 -1.207788379873466766e-01 -1.165034397114948911e-01 -1.036992720944428792e-01 -9.745242080240559823e-02 -9.322943700980150517e-02 -8.309018751599649144e-02 -8.059919155418858450e-02 -7.437689053572410502e-02 -6.781196831307138850e-02 -6.523545423351982675e-02 -6.338765225087761301e-02 -6.117480185377321966e-02 -1.086752521285263250e-02 1.086752521285236361e-02 6.117480185377287272e-02 6.338765225087751587e-02 6.523545423352049288e-02 6.781196831307138850e-02 7.437689053572356379e-02 8.059919155418823755e-02 8.309018751599636654e-02 9.322943700980168558e-02 9.745242080240558435e-02 1.036992720944430735e-01 1.165034397114956821e-01 1.207788379873482310e-01 1.285029121335559965e-01 1.346346663508490304e-01
-1.343873237838061896e-01 -1.280019701921547293e-01 -1.208909641182577266e-01 -1.161831561235817101e-01 -1.035447671888205801e-01 -9.770802730673164294e-02 -9.344320347412608807e-02 -8.331706652047149442e-02 -8.067028799955971996e-02 -7.448183149896456245e-02 -6.772186592964309082e-02 -6.513248854318884340e-02 -6.338358117433577632e-02 -6.114814443067813354e-02 -1.291981085444112234e-02 1.291981085444118132e-02 6.114814443067764088e-02 6.338358117433580408e-02 6.513248854318920422e-02 6.772186592964289653e-02 7.448183149896485389e-02 8.067028799955967833e-02 8.331706652047213280e-02 9.344320347412626848e-02 9.770802730673169845e-02 1.035447671888205523e-01 1.161831561235820154e-01 1.208909641182573380e-01 1.280019701921550346e-01 1.343873237838063839e-01
-1.341381013637002739e-01 -1.274962473618972136e-01 -1.210155908941891040e-01 -1.158523907151984417e-01 -1.033920613616623879e-01 -9.796200106378484540e-02 -9.365532185374379759e-02 -8.360203564193216530e-02 -8.069986887386261520e-02 -7.458790383444201255e-02 -6.763114367133765681e-02 -6.503474112799960405e-02 -6.337173411478222440e-02 -6.112088781801612580e-02 -1.495175353604349770e-02 1.495175353604345954e-02 6.112088781801656295e-02 6.337173411478187746e-02 6.503474112799968732e-02 6.763114367133779559e-02 7.458790383444141581e-02 8.069986887386229601e-02 8.360203564193238734e-02 9.365532185374339513e-02 9.796200106378462336e-02 1.033920613616624989e-01 1.158523907151983723e-01 1.210155908941888681e-01 1.274962473618974634e-01 1.341381013637007180e-01
-1.338870742531770019e-01 -1.269856785400896027e-01 -1.211486714528259429e-01 -1.155143960271224762e-01 -1.032412990239846839e-01 -9.821434052462110764e-02 -9.386588623884868643e-02 -8.393860265087296768e-02 -8.069563570388017804e-02 -7.469506874586699652e-02 -6.753987274492016801e-02 -6.494356845249710242e-02 -6.335049729793118534e-02 -6.109296346760668961e-02 -1.696104000479118148e-02 1.696104000479114332e-02 6.109296346760658553e-02 6.335049729793149065e-02 6.494356845249737997e-02 6.753987274491983495e-02 7.469506874586732958e-02 8.069563570388033069e-02 8.393860265087324524e-02 9.386588623884827010e-02 9.821434052462142683e-02 1.032412990239843925e-01 1.155143960271229481e-01 1.211486714528258735e-01 1.269856785400891308e-01 1.338870742531766966e-01
-1.336343374324736322e-01 -1.264705074882100100e-01 -1.212868015776030067e-01 -1.151714596258950618e-01 -1.030926923781389642e-01 -9.846497982237387148e-02 -9.407498734436679777e-02 -8.432008427220408220e-02 -8.066550695301212548e-02 -7.480328278047156110e-02 -6.744813564110899162e-02 -6.486045255042215130e-02 -6.331812374695351686e-02 -6.106428224259254078e-02 -1.894524926856079247e-02 1.894524926856090696e-02 6.106428224259289467e-02 6.331812374695378054e-02 6.486045255042192925e-02 6.744813564110846427e-02 7.480328278047103374e-02 8.066550695301186180e-02 8.432008427220373525e-02 9.407498734436654797e-02 9.846497982237430169e-02 1.030926923781393945e-01 1.151714596258945206e-01 1.212868015776027431e-01 1.264705074882103708e-01 1.336343374324736322e-01
-1.333800049325575832e-01 -1.259515582093633512e-01 -1.214266503423196836e-01 -1.148252029765253618e-01 -1.029465528737963653e-01 -9.871375552760383587e-02 -9.428271828077061656e-02 -8.474109203906168841e-02 -8.061611634148220518e-02 -7.491249809298798634e-02 -6.735602624045326781e-02 -6.478685153008356679e-02 -6.327288805961488183e-02 -6.103472646907524835e-02 -2.090185744474338733e-02 2.090185744474345325e-02 6.103472646907529692e-02 6.327288805961439611e-02 6.478685153008351127e-02 6.735602624045353148e-02 7.491249809298766715e-02 8.061611634148214967e-02 8.474109203906166066e-02 9.428271828077153249e-02 9.871375552760451588e-02 1.029465528737968510e-01 1.148252029765257504e-01 1.214266503423192395e-01 1.259515582093631847e-01 1.333800049325569170e-01
-1.331242089740392875e-01 -1.254307879199575426e-01 -1.215641994413555887e-01 -1.144767905991226908e-01 -1.028033405558069213e-01 -9.896035586823598296e-02 -9.448918097975958497e-02 -8.519782667615501126e-02 -8.055249807037771770e-02 -7.502266278372962671e-02 -6.726364971176307384e-02 -6.472398616938461469e-02 -6.321330825410641230e-02 -6.100413881619518724e-02 -2.282824732157297948e-02 2.282824732157296213e-02 6.100413881619457662e-02 6.321330825410600984e-02 6.472398616938475346e-02 6.726364971176314322e-02 7.502266278372997366e-02 8.055249807037809240e-02 8.519782667615503902e-02 9.448918097975896047e-02 9.896035586823506702e-02 1.028033405558062552e-01 1.144767905991228990e-01 1.215641994413552140e-01 1.254307879199578202e-01 1.331242089740397316e-01
-1.328670989564842975e-01 -1.249125018834259943e-01 -1.216933877335395070e-01 -1.141270728775683890e-01 -1.026637437798507968e-01 -9.920423993084688530e-02 -9.469449373838403905e-02 -8.568783019854377125e-02 -8.047830895129122475e-02 -7.513372130786923064e-02 -6.717112216507178934e-02 -6.467261855140293836e-02 -6.313838021431075753e-02 -6.097230654793217575e-02 -2.472172313319357870e-02 2.472172313319345380e-02 6.097230654793189819e-02 6.313838021431056324e-02 6.467261855140277182e-02 6.717112216507158118e-02 7.513372130786931391e-02 8.047830895129100270e-02 8.568783019854438188e-02 9.469449373838373374e-02 9.920423993084652448e-02 1.026637437798497560e-01 1.141270728775678339e-01 1.216933877335389658e-01 1.249125018834257445e-01 1.328670989564840199e-01
-1.326088402574673863e-01 -1.244062262265233088e-01 -1.218031445904928234e-01 -1.137766829655847411e-01 -1.025288118652734892e-01 -9.944450429174216122e-02 -9.489880055692545557e-02 -8.620961372215583951e-02 -8.039616848963250517e-02 -7.524561495058602889e-02 -6.707857002608172414e-02 -6.463290985803017696e-02 -6.304773985510629675e-02 -6.093893892918423455e-02 -2.657953094888768769e-02 2.657953094888787851e-02 6.093893892918419986e-02 6.304773985510619960e-02 6.463290985803006594e-02 6.707857002608187680e-02 7.524561495058597338e-02 8.039616848963306028e-02 8.620961372215579788e-02 9.489880055692435923e-02 9.944450429174285511e-02 1.025288118652732394e-01 1.137766829655840750e-01 1.218031445904928234e-01 1.244062262265235586e-01 1.326088402574676639e-01
-1.323496128150782603e-01 -1.239336878380358359e-01 -1.218703481799759125e-01 -1.134261027094364965e-01 -1.024001819934377278e-01 -9.967965582194827923e-02 -9.510228328822187271e-02 -8.676232018919131928e-02 -8.030795653627653685e-02 -7.535828236023379978e-02 -6.698612910760656791e-02 -6.460442195271870469e-02 -6.294169179020829563e-02 -6.090363438582625799e-02 -2.839888491685166327e-02 2.839888491685183328e-02 6.090363438582602207e-02 6.294169179020817073e-02 6.460442195271862142e-02 6.698612910760647077e-02 7.535828236023381366e-02 8.030795653627682829e-02 8.676232018919097233e-02 9.510228328822263599e-02 9.967965582194726615e-02 1.024001819934375612e-01 1.134261027094365382e-01 1.218703481799762872e-01 1.239336878380358081e-01 1.323496128150769835e-01
-1.320896094819234978e-01 -1.235424450403228985e-01 -1.218461549568459340e-01 -1.130757077656519977e-01 -1.022804746798351982e-01 -9.990721644192807060e-02 -9.530517818127316743e-02 -8.734545359055694014e-02 -8.021503534262354462e-02 -7.547166012936956658e-02 -6.689394336583845413e-02 -6.458625570556152107e-02 -6.282111676739504658e-02 -6.086583220344016915e-02 -3.017699937453205070e-02 3.017699937453199865e-02 6.086583220343971118e-02 6.282111676739515760e-02 6.458625570556182638e-02 6.689394336583781575e-02 7.547166012936960822e-02 8.021503534262354462e-02 8.734545359055659319e-02 9.530517818127356988e-02 9.990721644192780693e-02 1.022804746798347403e-01 1.130757077656517479e-01 1.218461549568456703e-01 1.235424450403225793e-01 1.320896094819234146e-01
-1.318290341530589660e-01 -1.233043275813865830e-01 -1.216575351777841874e-01 -1.127257986817089691e-01 -1.021739789729093906e-01 -1.001230388588754405e-01 -9.550779935560989309e-02 -8.795866302729880848e-02 -8.011840534332208275e-02 -7.558568341141327918e-02 -6.680216334511539233e-02 -6.457725555679745544e-02 -6.268733625716675639e-02 -6.082474087206171665e-02 -3.191112653697373430e-02 3.191112653697363022e-02 6.082474087206168889e-02 6.268733625716668700e-02 6.457725555679777463e-02 6.680216334511475396e-02 7.558568341141325142e-02 8.011840534332191621e-02 8.795866302729886399e-02 9.550779935561021228e-02 1.001230388588759262e-01 1.021739789729092934e-01 1.127257986817084140e-01 1.216575351777837433e-01 1.233043275813860140e-01 1.318290341530585774e-01
-1.315680996844156292e-01 -1.232415029829781045e-01 -1.212811930551878359e-01 -1.123766224087794918e-01 -1.020877546500236210e-01 -1.003202063394384863e-01 -9.571057339463186209e-02 -8.860156044228283123e-02 -8.001881205999676616e-02 -7.570028655907350135e-02 -6.671094433341819008e-02 -6.457620097615704435e-02 -6.254202497314906295e-02 -6.077923161579395356e-02 -3.359859910647230302e-02 3.359859910647237935e-02 6.077923161579410621e-02 6.254202497314881315e-02 6.457620097615732191e-02 6.671094433341812069e-02 7.570028655907352910e-02 8.001881205999694657e-02 8.860156044228327532e-02 9.571057339463159841e-02 1.003202063394383892e-01 1.020877546500235655e-01 1.123766224087814486e-01 1.212811930551885853e-01 1.232415029829783543e-01 1.315680996844151573e-01
-1.313070256317361850e-01 -1.232958433305902657e-01 -1.207741946136202948e-01 -1.120283872029895905e-01 -1.020329473672575565e-01 -1.004877211279490701e-01 -9.591409218730084785e-02 -8.927355037715699326e-02 -7.991681920402307626e-02 -7.581540376951823035e-02 -6.662044427085986320e-02 -6.458194023212540658e-02 -6.238723082407777315e-02 -6.072768215301797140e-02 -3.523687672745129396e-02 3.523687672745131477e-02 6.072768215301804079e-02 6.238723082407762049e-02 6.458194023212468493e-02 6.662044427085968279e-02 7.581540376951900750e-02 7.991681920402302075e-02 8.927355037715693775e-02 9.591409218730138908e-02 1.004877211279491811e-01 1.020329473672577231e-01 1.120283872029898542e-01 1.207741946136204753e-01 1.232958433305899465e-01 1.313070256317357687e-01
-1.310460358521270963e-01 -1.234104462459804791e-01 -1.201924476316835327e-01 -1.116812728802584614e-01 -1.020246376159557877e-01 -1.006106616768940865e-01 -9.611919654215933528e-02 -8.997364877204074018e-02 -7.981285895388690044e-02 -7.593096972076958384e-02 -6.653082147305407201e-02 -6.459346108436901657e-02 -6.222552170563425133e-02 -6.066775661247976459e-02 -3.682359477030528599e-02 3.682359477030529987e-02 6.066775661247916090e-02 6.222552170563447338e-02 6.459346108436883616e-02 6.653082147305376670e-02 7.593096972076913975e-02 7.981285895388690044e-02 8.997364877204064304e-02 9.611919654215951569e-02 1.006106616768932122e-01 1.020246376159550661e-01 1.116812728802579896e-01 1.201924476316836021e-01 1.234104462459798685e-01 1.310460358521270685e-01
-1.307853560203938448e-01 -1.235562069802030316e-01 -1.195641354909488252e-01 -1.113354377337765350e-01 -1.020764000563816470e-01 -1.006756340269662486e-01 -9.632711328373247395e-02 -9.070026061223966651e-02 -7.970726689730199543e-02 -7.604692018383034380e-02 -6.644223224846476650e-02 -6.460991405018821909e-02 -6.206023912944899634e-02 -6.059612589580130187e-02 -3.835661351162897303e-02 3.835661351162892446e-02 6.059612589580071207e-02 6.206023912944906573e-02 6.460991405018884359e-02 6.644223224846521059e-02 7.604692018383052421e-02 7.970726689730259218e-02 9.070026061223952774e-02 9.632711328373159965e-02 1.006756340269662070e-01 1.020764000563815499e-01 1.113354377337766044e-01 1.195641354909487419e-01 1.235562069802041418e-01 1.307853560203945664e-01
-1.305252111197718889e-01 -1.237197672934580855e-01 -1.189017784472920225e-01 -1.109910229778707930e-01 -1.021904878452929155e-01 -1.006806064737346407e-01 -9.653968825729573877e-02 -9.145086745204111800e-02 -7.960030662760379794e-02 -7.616319259582159107e-02 -6.635482850147839118e-02 -6.463060761711725277e-02 -6.189576965955886217e-02 -6.050819808206998190e-02 -3.983406544157089973e-02 3.983406544157092055e-02 6.050819808207014150e-02 6.189576965955945198e-02 6.463060761711747482e-02 6.635482850147776668e-02 7.616319259582209067e-02 7.960030662760453346e-02 9.145086745204129841e-02 9.653968825729601633e-02 1.006806064737351264e-01 1.021904878452929433e-01 1.109910229778712787e-01 1.189017784472928829e-01 1.237197672934584741e-01 1.305252111197720000e-01
-1.302658229709038884e-01 -1.238946633490458082e-01 -1.182110995709250295e-01 -1.106481552640003890e-01 -1.023560166378983949e-01 -1.006367607034071715e-01 -9.675979624962677272e-02 -9.222153497708479586e-02 -7.949218729889215296e-02 -7.627972658062252831e-02 -6.626875541929826141e-02 -6.465499032783218747e-02 -6.173760316833341866e-02 -6.039807488362208820e-02 -4.125439823192295768e-02 4.125439823192279809e-02 6.039807488362189392e-02 6.173760316833313416e-02 6.465499032783178501e-02 6.626875541929870550e-02 7.627972658062269484e-02 7.949218729889249990e-02 9.222153497708586445e-02 9.675979624962668946e-02 1.006367607034068107e-01 1.023560166378979785e-01 1.106481552640002364e-01 1.182110995709254320e-01 1.238946633490462801e-01 1.302658229709044158e-01
-1.300074078638500663e-01 -1.240775081701242233e-01 -1.174948595025596537e-01 -1.103069475635306690e-01 -1.025579806063266486e-01 -1.005595448461390623e-01 -9.699208220796048940e-02 -9.300606850533665870e-02 -7.938307633605237723e-02 -7.639646440532374405e-02 -6.618414933974316183e-02 -6.468262885316053423e-02 -6.159178680287966112e-02 -6.025911611460060130e-02 -4.261641089444530295e-02 4.261641089444519886e-02 6.025911611460040701e-02 6.159178680287983459e-02 6.468262885316047872e-02 6.618414933974325898e-02 7.639646440532353588e-02 7.938307633605219682e-02 9.300606850533704728e-02 9.699208220796086410e-02 1.005595448461387431e-01 1.025579806063265376e-01 1.103069475635299890e-01 1.174948595025597370e-01 1.240775081701239180e-01 1.300074078638502051e-01
-1.297501743552704478e-01 -1.242663949711636240e-01 -1.167544736162889757e-01 -1.099674984757828267e-01 -1.027844037103872871e-01 -1.004616695359295819e-01 -9.724430699052347138e-02 -9.379449935690038764e-02 -7.927310877125968991e-02 -7.651335136289365291e-02 -6.610113588839609811e-02 -6.471318672021821039e-02 -6.146354592848056464e-02 -6.008533624122637529e-02 -4.391928088241357775e-02 4.391928088241358469e-02 6.008533624122636141e-02 6.146354592848018994e-02 6.471318672021816876e-02 6.610113588839634791e-02 7.651335136289288963e-02 7.927310877125931521e-02 9.379449935690019335e-02 9.724430699052347138e-02 1.004616695359296652e-01 1.027844037103873565e-01 1.099674984757828683e-01 1.167544736162882679e-01 1.242663949711639432e-01 1.297501743552697262e-01
-1.294943212873074512e-01 -1.244601863094383087e-01 -1.159907467995102970e-01 -1.096298897386081828e-01 -1.030275163431508822e-01 -1.003522817631998659e-01 -9.752962877077504811e-02 -9.457044646753939854e-02 -7.916239420372617186e-02 -7.663033607386751656e-02 -6.601982845822698676e-02 -6.474640563535069560e-02 -6.135566715438278002e-02 -5.987303601874763986e-02 -4.516258034390939480e-02 4.516258034390979725e-02 5.987303601874718190e-02 6.135566715438349472e-02 6.474640563535079274e-02 6.601982845822712553e-02 7.663033607386730839e-02 7.916239420372551960e-02 9.457044646753967609e-02 9.752962877077517301e-02 1.003522817631998104e-01 1.030275163431509933e-01 1.096298897386085713e-01 1.159907467995102970e-01 1.244601863094383365e-01 1.294943212873072014e-01
-1.292400360763337752e-01 -1.246581726162000747e-01 -1.152042428464547935e-01 -1.092941812971972293e-01 -1.032826137396694877e-01 -1.002390741106101019e-01 -9.786932074597182174e-02 -9.530743855720570645e-02 -7.905102206588807134e-02 -7.674737070227975744e-02 -6.594032708435168533e-02 -6.478208989664864526e-02 -6.126791122638604314e-02 -5.962140104629501391e-02 -4.634628039074571021e-02 4.634628039074509959e-02 5.962140104629458370e-02 6.126791122638564763e-02 6.478208989664864526e-02 6.594032708435119960e-02 7.674737070227920233e-02 7.905102206588729419e-02 9.530743855720567870e-02 9.786932074597147480e-02 1.002390741106107264e-01 1.032826137396694044e-01 1.092941812971973542e-01 1.152042428464544604e-01 1.246581726161994502e-01 1.292400360763336087e-01
-1.289874933095946086e-01 -1.248598960610550201e-01 -1.143954938119651210e-01 -1.089604025384815766e-01 -1.035468885909591047e-01 -1.001327468115644076e-01 -9.829033314265611665e-02 -9.596807819002330098e-02 -7.893906567000581742e-02 -7.686441108352035090e-02 -6.586271774337607021e-02 -6.482009372431032923e-02 -6.119788345454797024e-02 -5.933163992589885610e-02 -4.747074303430458275e-02 4.747074303430446479e-02 5.933163992589888386e-02 6.119788345454797024e-02 6.482009372431021821e-02 6.586271774337588980e-02 7.686441108352040641e-02 7.893906567000581742e-02 9.596807819002345363e-02 9.829033314265621379e-02 1.001327468115642133e-01 1.035468885909578279e-01 1.089604025384818958e-01 1.143954938119652182e-01 1.248598960610555197e-01 1.289874933095938314e-01
-1.287368536766463345e-01 -1.250650537800264694e-01 -1.135651381153103684e-01 -1.086285368077020141e-01 -1.038186816987872046e-01 -1.000628077085125162e-01 -9.879692299634067199e-02 -9.651739366742032034e-02 -7.882658536800361826e-02 -7.698141676398857769e-02 -6.578707208334830248e-02 -6.486031108783066323e-02 -6.114242881217412523e-02 -5.900559557687541645e-02 -4.853670126514880029e-02 4.853670126514925132e-02 5.900559557687538870e-02 6.114242881217431258e-02 6.486031108783080201e-02 6.578707208334780288e-02 7.698141676398849442e-02 7.882658536800382643e-02 9.651739366742033421e-02 9.879692299634025565e-02 1.000628077085118084e-01 1.038186816987861361e-01 1.086285368077016533e-01 1.135651381153098688e-01 1.250650537800269690e-01 1.287368536766463900e-01
-1.284882632513581480e-01 -1.252734416639230408e-01 -1.127140323610631434e-01 -1.082984930722087624e-01 -1.040970682439100042e-01 -1.001602754779472026e-01 -9.926214309873912511e-02 -9.694910182717629554e-02 -7.871363106086759487e-02 -7.709835095439208918e-02 -6.571344756897018469e-02 -6.490266756116989944e-02 -6.109860086300921561e-02 -5.864478137730239071e-02 -4.954522851355814411e-02 4.954522851355792901e-02 5.864478137730233520e-02 6.109860086300969439e-02 6.490266756116967739e-02 6.571344756897029571e-02 7.709835095439197816e-02 7.871363106086749772e-02 9.694910182717626779e-02 9.926214309873891695e-02 1.001602754779468973e-01 1.040970682439094769e-01 1.082984930722079714e-01 1.127140323610627548e-01 1.252734416639224579e-01 1.284882632513573986e-01
-1.282418531299603093e-01 -1.254849200386401187e-01 -1.118433696607121358e-01 -1.079700508508647933e-01 -1.043816700740622105e-01 -1.006826102707299719e-01 -9.940061929552168607e-02 -9.728813450713182098e-02 -7.860024422719948112e-02 -7.721518040012569084e-02 -6.564188800942040436e-02 -6.494711377497275340e-02 -6.106403644092988497e-02 -5.825001110236108226e-02 -5.049769932915849913e-02 5.049769932915837423e-02 5.825001110236058960e-02 6.106403644092962130e-02 6.494711377497282279e-02 6.564188800942015456e-02 7.721518040012483042e-02 7.860024422719900927e-02 9.728813450713162669e-02 9.940061929552135300e-02 1.006826102707296111e-01 1.043816700740616138e-01 1.079700508508644463e-01 1.118433696607115113e-01 1.254849200386398411e-01 1.282418531299598929e-01
-1.279977394221859244e-01 -1.256993917323655230e-01 -1.109548488798527688e-01 -1.076427441295075421e-01 -1.046726573246862801e-01 -1.014742213309858532e-01 -9.933282431538356660e-02 -9.756590321624054873e-02 -7.848645959370562086e-02 -7.733187517329892513e-02 -6.557242442398107662e-02 -6.499362010136745804e-02 -6.103697792333872413e-02 -5.782138175935288421e-02 -5.139574349112249751e-02 5.139574349112269874e-02 5.782138175935317564e-02 6.103697792333847433e-02 6.499362010136748580e-02 6.557242442398131255e-02 7.733187517329805083e-02 7.848645959370535719e-02 9.756590321624047935e-02 9.933282431538324742e-02 1.014742213309858254e-01 1.046726573246858777e-01 1.076427441295076393e-01 1.109548488798522414e-01 1.256993917323656063e-01 1.279977394221863685e-01
-1.277560235864332594e-01 -1.259167874440283441e-01 -1.100509962761560268e-01 -1.073155892926473259e-01 -1.049710281099104359e-01 -1.023565684427937966e-01 -9.920980003689840176e-02 -9.780523911810376503e-02 -7.837230653713808670e-02 -7.744840839171075741e-02 -6.550507619421046257e-02 -6.504217227602678009e-02 -6.101616864627648629e-02 -5.735838476829111660e-02 -5.224119587290517591e-02 5.224119587290530081e-02 5.735838476829089455e-02 6.101616864627709691e-02 6.504217227602672458e-02 6.550507619421072625e-02 7.744840839171096558e-02 7.837230653713836426e-02 9.780523911810361237e-02 9.920980003689813809e-02 1.023565684427936301e-01 1.049710281099107412e-01 1.073155892926472427e-01 1.100509962761554023e-01 1.259167874440282608e-01 1.277560235864335370e-01
-1.275167930970468877e-01 -1.261370555722668430e-01 -1.091359511467397264e-01 -1.069863511424282015e-01 -1.052796047420437309e-01 -1.032741010719488289e-01 -9.906668107311508709e-02 -9.801996631267334559e-02 -7.825781028325878852e-02 -7.756475587025994656e-02 -6.543985245043079657e-02 -6.509276772403169153e-02 -6.100073297531757172e-02 -5.686003504846838530e-02 -5.303604423926862321e-02 5.303604423926837341e-02 5.686003504846871837e-02 6.100073297531791172e-02 6.509276772403195521e-02 6.543985245043092147e-02 7.756475587026011309e-02 7.825781028325846933e-02 9.801996631267362314e-02 9.906668107311529525e-02 1.032741010719484542e-01 1.052796047420435643e-01 1.069863511424286456e-01 1.091359511467393656e-01 1.261370555722662601e-01 1.275167930970471653e-01
-1.272801224325450786e-01 -1.263601548584997181e-01 -1.082179252100582550e-01 -1.066491445245794090e-01 -1.056066993606405574e-01 -1.041974376066748531e-01 -9.891265743778360209e-02 -9.821810607858524889e-02 -7.814299295087147323e-02 -7.768089571003378158e-02 -6.537675364418985002e-02 -6.514541240784391118e-02 -6.099007840127203955e-02 -5.632498182374164053e-02 -5.378237677754013624e-02 5.378237677754005991e-02 5.632498182374159890e-02 6.099007840127192159e-02 6.514541240784385567e-02 6.537675364419054391e-02 7.768089571003376770e-02 7.814299295087194508e-02 9.821810607858531827e-02 9.891265743778385189e-02 1.041974376066742702e-01 1.056066993606408627e-01 1.066491445245793396e-01 1.082179252100582412e-01 1.263601548584996348e-01 1.272801224325446345e-01
-1.270460743788070779e-01 -1.265860488601398270e-01 -1.073193624015115061e-01 -1.062843581587668146e-01 -1.059828904576113756e-01 -1.050844388942408364e-01 -9.875064598067558042e-02 -9.840433118252563116e-02 -7.802787447599970894e-02 -7.779680782955704366e-02 -6.531577326624836421e-02 -6.520011805789639736e-02 -6.098382574880992224e-02 -5.575159638556397707e-02 -5.448233060150439733e-02 5.448233060150470264e-02 5.575159638556361624e-02 6.098382574880984591e-02 6.520011805789661941e-02 6.531577326624854463e-02 7.779680782955673835e-02 7.802787447599979220e-02 9.840433118252493727e-02 9.875064598067452570e-02 1.050844388942411001e-01 1.059828904576115144e-01 1.062843581587666481e-01 1.073193624015120889e-01 1.265860488601399381e-01 1.270460743788074109e-01
-1.268147016516305570e-01 -1.268147016516303904e-01 -1.065239014152064151e-01 -1.065239014152060959e-01 -1.058118033726681423e-01 -1.058118033726678370e-01 -9.858135768464240667e-02 -9.858135768464212911e-02 -7.791247344144971998e-02 -7.791247344144934528e-02 -6.525689968055373158e-02 -6.525689968055320422e-02 -6.098176408360844736e-02 -5.513804175329136553e-02 -5.513804175329115737e-02 5.513804175329146268e-02 5.513804175329185125e-02 6.098176408360822531e-02 6.525689968055325973e-02 6.525689968055345402e-02 7.791247344144917875e-02 7.791247344144947018e-02 9.858135768464275361e-02 9.858135768464340587e-02 1.058118033726679202e-01 1.058118033726681145e-01 1.065239014152060959e-01 1.065239014152061375e-01 1.268147016516307513e-01 1.268147016516312231e-01
