-1.078868994011545346e-01 -1.078867435697957317e-01 -1.069083175375667577e-01 -1.069082224685358878e-01 -1.033079342894183822e-01 -7.995461078980631298e-02 -5.878079024365375632e-02 -5.572574706871046696e-02 -5.566119846437256324e-02 -3.960521740745816949e-02 -3.960513078751861510e-02 -3.904571934094809571e-02 -2.767014054052011757e-02 -1.678450673161384354e-02 -1.294124326973985703e-02 1.294124326973984489e-02 1.678450673161388518e-02 2.767014054052008634e-02 3.904571934094806795e-02 3.960513078751862204e-02 3.960521740745814173e-02 5.566119846437263957e-02 5.572574706871050165e-02 5.878079024365332611e-02 7.995461078980618808e-02 1.033079342894178826e-01 1.069082224685361654e-01 1.069083175375671740e-01 1.078867435697961757e-01 1.078868994011552146e-01
-1.083043914800752294e-01 -1.075805089013647936e-01 -1.074634965568122408e-01 -1.062250384197513109e-01 -1.033079290138040757e-01 -7.995464205912138078e-02 -5.878076240223200494e-02 -5.601920728025781837e-02 -5.536880972729787270e-02 -4.032565342042207512e-02 -3.904678521644591727e-02 -3.886146748814189172e-02 -2.766853760449362876e-02 -1.681106226515984015e-02 -1.290766491863097783e-02 1.290766491863119120e-02 1.681106226515989566e-02 2.766853760449371896e-02 3.886146748814194030e-02 3.904678521644582012e-02 4.032565342042224860e-02 5.536880972729867068e-02 5.601920728025813062e-02 5.878076240223190779e-02 7.995464205912126976e-02 1.033079290138036593e-01 1.062250384197512831e-01 1.074634965568121575e-01 1.075805089013647659e-01 1.083043914800753821e-01
-1.087950111704336781e-01 -1.080831230270456328e-01 -1.071397745388368156e-01 -1.055056532237801381e-01 -1.033079129670991803e-01 -7.995473579940948206e-02 -5.878069882623577352e-02 -5.634344985691089325e-02 -5.504776020795543179e-02 -4.102349840766356809e-02 -3.904927127622814104e-02 -3.809474438509817540e-02 -2.766370500175496447e-02 -1.688812345279749882e-02 -1.280952499730582395e-02 1.280952499730590027e-02 1.688812345279754740e-02 2.766370500175492284e-02 3.809474438509841132e-02 3.904927127622826594e-02 4.102349840766343625e-02 5.504776020795557057e-02 5.634344985691103896e-02 5.878069882623569720e-02 7.995473579940966247e-02 1.033079129670993190e-01 1.055056532237805128e-01 1.071397745388369543e-01 1.080831230270458826e-01 1.087950111704337336e-01
-1.093624687212260693e-01 -1.085293931720032745e-01 -1.067883875142404126e-01 -1.047613824690946382e-01 -1.033078851055937303e-01 -7.995489180787408723e-02 -5.878066674086154797e-02 -5.666894638759826380e-02 -5.472750745443361042e-02 -4.169914131605822333e-02 -3.905356667153787181e-02 -3.730446465609665863e-02 -2.765556659946842230e-02 -1.700890487639989193e-02 -1.265357778093597653e-02 1.265357778093612225e-02 1.700890487640003418e-02 2.765556659946871026e-02 3.730446465609692230e-02 3.905356667153774691e-02 4.169914131605852170e-02 5.472750745443388104e-02 5.666894638759849279e-02 5.878066674086186716e-02 7.995489180787397621e-02 1.033078851055934250e-01 1.047613824690946938e-01 1.067883875142402600e-01 1.085293931720031219e-01 1.093624687212263052e-01
-1.099721902977331967e-01 -1.089196382439515387e-01 -1.064395284794122931e-01 -1.039978820305004492e-01 -1.033078397147174504e-01 -7.995510974709153784e-02 -5.878080838202208447e-02 -5.699503411348113419e-02 -5.440856804741864283e-02 -4.235308397224148147e-02 -3.905957362571630537e-02 -3.649071034478992837e-02 -2.764397814197257219e-02 -1.716471157938319683e-02 -1.244846530532280234e-02 1.244846530532279540e-02 1.716471157938318642e-02 2.764397814197236056e-02 3.649071034478981040e-02 3.905957362571649966e-02 4.235308397224143290e-02 5.440856804741870528e-02 5.699503411348074561e-02 5.878080838202164038e-02 7.995510974709184315e-02 1.033078397147171174e-01 1.039978820305005880e-01 1.064395284794126817e-01 1.089196382439520522e-01 1.099721902977334187e-01
-1.097929824758247935e-01 -1.092822583248740653e-01 -1.060914026806395738e-01 -1.033079669367549386e-01 -1.032186136756785416e-01 -7.995538914585921531e-02 -5.878141349489405393e-02 -5.732122548865697942e-02 -5.409113898181321101e-02 -4.298587127968128696e-02 -3.906727183136664283e-02 -3.565367971102681444e-02 -2.762869499152346975e-02 -1.734698356790865051e-02 -1.220267128391411271e-02 1.220267128391410404e-02 1.734698356790873031e-02 2.762869499152356342e-02 3.565367971102666872e-02 3.906727183136660814e-02 4.298587127968088450e-02 5.409113898181329427e-02 5.732122548865646594e-02 5.878141349489428291e-02 7.995538914585954837e-02 1.032186136756782779e-01 1.033079669367549386e-01 1.060914026806399763e-01 1.092822583248735796e-01 1.097929824758243494e-01
-1.096364996305075473e-01 -1.091616769768491702e-01 -1.057425777134566452e-01 -1.033077727120126910e-01 -1.024269715309347323e-01 -7.995572940036867193e-02 -5.878312063349658279e-02 -5.764674018751927281e-02 -5.377536977953800701e-02 -4.359807420330677474e-02 -3.907664006970529291e-02 -3.479384291518481526e-02 -2.760931090207659894e-02 -1.754839781942400465e-02 -1.192341676097515533e-02 1.192341676097514319e-02 1.754839781942409485e-02 2.760931090207651220e-02 3.479384291518510669e-02 3.907664006970528597e-02 4.359807420330652494e-02 5.377536977953784048e-02 5.764674018751923812e-02 5.878312063349663136e-02 7.995572940036835274e-02 1.024269715309350098e-01 1.033077727120124967e-01 1.057425777134564648e-01 1.091616769768488093e-01 1.096364996305069645e-01
-1.099797446114393479e-01 -1.085519234324892335e-01 -1.053919459152816152e-01 -1.033076967855992290e-01 -1.016251171189870989e-01 -7.995612977568503088e-02 -5.878759063767714788e-02 -5.796979327839812263e-02 -5.346140906895406608e-02 -4.419027249061565493e-02 -3.908765343392294617e-02 -3.391207789799597500e-02 -2.758513994382615422e-02 -1.776315632036425118e-02 -1.161636883427887186e-02 1.161636883427892390e-02 1.776315632036412975e-02 2.758513994382618198e-02 3.391207789799602357e-02 3.908765343392330005e-02 4.419027249061571738e-02 5.346140906895423955e-02 5.796979327839817120e-02 5.878759063767708543e-02 7.995612977568458679e-02 1.016251171189867381e-01 1.033076967855991180e-01 1.053919459152821425e-01 1.085519234324894000e-01 1.099797446114394311e-01
-1.103204148952690727e-01 -1.079578562605699177e-01 -1.050385543233655905e-01 -1.033076124345760488e-01 -1.008156359615710040e-01 -7.995658940752387034e-02 -5.880057096597814809e-02 -5.828452163679418568e-02 -5.314942638785533080e-02 -4.476303459320427752e-02 -3.910028298074200159e-02 -3.300992656622386834e-02 -2.755497591381006819e-02 -1.798684779232357506e-02 -1.128577456305533168e-02 1.128577456305534729e-02 1.798684779232377975e-02 2.755497591381005779e-02 3.300992656622387528e-02 3.910028298074182118e-02 4.476303459320417344e-02 5.314942638785587203e-02 5.828452163679463671e-02 5.880057096597877259e-02 7.995658940752368993e-02 1.008156359615708930e-01 1.033076124345760211e-01 1.050385543233657848e-01 1.079578562605699038e-01 1.103204148952692115e-01
-1.106593489806896730e-01 -1.073797933458439796e-01 -1.046815000389907657e-01 -1.033075137988875847e-01 -1.000008906750796123e-01 -7.995710730427768587e-02 -5.885261619916856007e-02 -5.856026085364701012e-02 -5.283963443134457455e-02 -4.531689165614421339e-02 -3.911449573669485702e-02 -3.209014315028010933e-02 -2.751656019232920011e-02 -1.821617111591867372e-02 -1.093473169675525207e-02 1.093473169675529370e-02 1.821617111591877780e-02 2.751656019232919664e-02 3.209014315028023423e-02 3.911449573669493335e-02 4.531689165614431747e-02 5.283963443134456761e-02 5.856026085364678113e-02 5.885261619916817843e-02 7.995710730427801893e-02 1.000008906750794041e-01 1.033075137988873765e-01 1.046815000389911265e-01 1.073797933458439657e-01 1.106593489806899089e-01
-1.109974392241711155e-01 -1.068174101038435742e-01 -1.043198709197752649e-01 -1.033073951276335667e-01 -9.918313761456605537e-02 -7.995768234928235518e-02 -5.904889933829789161e-02 -5.869173343110091479e-02 -5.253232168083726839e-02 -4.585230003198520476e-02 -3.913025479371341764e-02 -3.115802396148860051e-02 -2.746526997802977918e-02 -1.844865945867033008e-02 -1.056545663145488055e-02 1.056545663145491872e-02 1.844865945867027804e-02 2.746526997802957795e-02 3.115802396148850337e-02 3.913025479371352172e-02 4.585230003198520476e-02 5.253232168083733777e-02 5.869173343110089397e-02 5.904889933829762100e-02 7.995768234928186946e-02 9.918313761456561128e-02 1.033073951276334418e-01 1.043198709197750013e-01 1.068174101038437129e-01 1.109974392241711988e-01
-1.113353044172294554e-01 -1.062704282018085145e-01 -1.039527199908041183e-01 -1.033072424571368914e-01 -9.836451316354398455e-02 -7.995831330326710895e-02 -5.934781658151062900e-02 -5.872044427377384745e-02 -5.222790749087853623e-02 -4.636958141536009353e-02 -3.914751943717036803e-02 -3.022513241678694701e-02 -2.739041447083619130e-02 -1.868245087222965631e-02 -1.017950279277871420e-02 1.017950279277868818e-02 1.868245087222975692e-02 2.739041447083603864e-02 3.022513241678690885e-02 3.914751943717036109e-02 4.636958141535960087e-02 5.222790749087882767e-02 5.872044427377336867e-02 5.934781658151078859e-02 7.995831330326688691e-02 9.836451316354392904e-02 1.033072424571370995e-01 1.039527199908039795e-01 1.062704282018086116e-01 1.113353044172289141e-01
-1.116733916377656427e-01 -1.057386809113288473e-01 -1.035791113043188355e-01 -1.033069803136991011e-01 -9.754701735973203558e-02 -7.995899880694504192e-02 -5.966801805494030553e-02 -5.872765052626272714e-02 -5.192704311978978832e-02 -4.686881747874326043e-02 -3.916624528886201995e-02 -2.932139027489309366e-02 -2.726317050918701870e-02 -1.891610875377787437e-02 -9.777924065317449703e-03 9.777924065317487867e-03 1.891610875377784315e-02 2.726317050918744544e-02 2.932139027489291325e-02 3.916624528886193668e-02 4.686881747874382248e-02 5.192704311978999648e-02 5.872765052626262999e-02 5.966801805494038879e-02 7.995899880694601336e-02 9.754701735973272947e-02 1.033069803136989068e-01 1.035791113043192380e-01 1.057386809113290554e-01 1.116733916377663921e-01
-1.120120431788835247e-01 -1.052221097422361973e-01 -1.033075035346387727e-01 -1.031971068642420358e-01 -9.673250110849321293e-02 -7.995973738367449790e-02 -5.999386705160153488e-02 -5.872890299505791056e-02 -5.163081184315940209e-02 -4.734964598765440541e-02 -3.918638445714384133e-02 -2.853320628594512368e-02 -2.699849126896940524e-02 -1.914847949180295203e-02 -9.361391762649893047e-03 9.361391762649813250e-03 1.914847949180311509e-02 2.699849126896936360e-02 2.853320628594520000e-02 3.918638445714398705e-02 4.734964598765421112e-02 5.163081184315954780e-02 5.872890299505821587e-02 5.999386705160150018e-02 7.995973738367496975e-02 9.673250110849285210e-02 1.031971068642416611e-01 1.033075035346385229e-01 1.052221097422357116e-01 1.120120431788830528e-01
-1.123515352779133059e-01 -1.047207239590723787e-01 -1.033068703825666124e-01 -1.028076183672970989e-01 -9.592265827863134808e-02 -7.996052744211554208e-02 -6.032182756335437157e-02 -5.872765926378434309e-02 -5.134116128757408581e-02 -4.781082528476516408e-02 -3.920788568927702222e-02 -2.802037168175383272e-02 -2.643826930672860467e-02 -1.937856656105645808e-02 -8.930276032367085587e-03 8.930276032367172323e-03 1.937856656105658298e-02 2.643826930672870876e-02 2.802037168175390905e-02 3.920788568927729284e-02 4.781082528476503224e-02 5.134116128757350295e-02 5.872765926378419737e-02 6.032182756335410789e-02 7.996052744211486207e-02 9.592265827863233341e-02 1.028076183672967520e-01 1.033068703825666124e-01 1.047207239590728506e-01 1.123515352779134585e-01
-1.126921008816301334e-01 -1.042345509136780035e-01 -1.033064333784022709e-01 -1.024083250819441265e-01 -9.511902234998613481e-02 -7.996136727877185824e-02 -6.065068816208329244e-02 -5.872506038588136412e-02 -5.106193898960670330e-02 -4.824919612738928082e-02 -3.923069452193102269e-02 -2.777679865743981624e-02 -2.559070531885788286e-02 -1.960538523193595256e-02 -8.484701234225969224e-03 8.484701234226068103e-03 1.960538523193626134e-02 2.559070531885799041e-02 2.777679865743997584e-02 3.923069452193105044e-02 4.824919612738940572e-02 5.106193898960638411e-02 5.872506038588105881e-02 6.065068816208343122e-02 7.996136727877178885e-02 9.511902234998570460e-02 1.024083250819438906e-01 1.033064333784022570e-01 1.042345509136775733e-01 1.126921008816299530e-01
-1.130339434695746686e-01 -1.037637962721266599e-01 -1.033054668513657820e-01 -1.019988819863307666e-01 -9.432296676965605531e-02 -7.996225508030078977e-02 -6.097990469991292073e-02 -5.872158864987930826e-02 -5.080168534495831112e-02 -4.865688668563504515e-02 -3.925475342601823792e-02 -2.765257787909237291e-02 -2.460849083795292602e-02 -1.982770785782595607e-02 -8.024582815040839229e-03 8.024582815040865250e-03 1.982770785782598730e-02 2.460849083795254785e-02 2.765257787909207801e-02 3.925475342601812689e-02 4.865688668563516311e-02 5.080168534495756172e-02 5.872158864987930132e-02 6.097990469991267093e-02 7.996225508030141427e-02 9.432296676965602755e-02 1.019988819863309470e-01 1.033054668513656987e-01 1.037637962721269097e-01 1.130339434695742801e-01
-1.133772457200910994e-01 -1.033333061850048723e-01 -1.032786288163018429e-01 -1.015789898339435754e-01 -9.353570812560416115e-02 -7.996318892538431533e-02 -6.130918381551223040e-02 -5.871748441047596606e-02 -5.058196851277335648e-02 -4.901297609981282444e-02 -3.928000194200065992e-02 -2.757297913439360135e-02 -2.357050594300830540e-02 -2.004337111854698900e-02 -7.549651609344546280e-03 7.549651609344625210e-03 2.004337111854687103e-02 2.357050594300847887e-02 2.757297913439343134e-02 3.928000194200028522e-02 4.901297609981274117e-02 5.058196851277332179e-02 5.871748441047543177e-02 6.130918381551248714e-02 7.996318892538530065e-02 9.353570812560461911e-02 1.015789898339433117e-01 1.032786288163005523e-01 1.033333061850050111e-01 1.133772457200911965e-01
-1.137221750927499414e-01 -1.033084989807804693e-01 -1.028596791594337534e-01 -1.011487384955938179e-01 -9.275831137268179816e-02 -7.996416678594873984e-02 -6.163834633370667698e-02 -5.871288288904158437e-02 -5.045918665281395876e-02 -4.926169117873181041e-02 -3.930637680162418768e-02 -2.751264954210573890e-02 -2.251055379858587710e-02 -2.024636752679872045e-02 -7.059470658888646749e-03 7.059470658888679709e-03 2.024636752679854698e-02 2.251055379858581812e-02 2.751264954210570421e-02 3.930637680162459707e-02 4.926169117873170633e-02 5.045918665281443755e-02 5.871288288904141783e-02 6.163834633370644800e-02 7.996416678594811533e-02 9.275831137268107651e-02 1.011487384955941510e-01 1.028596791594337534e-01 1.033084989807805110e-01 1.137221750927497610e-01
-1.140688874991445390e-01 -1.033075395813906616e-01 -1.024292875162142735e-01 -1.007086176137907685e-01 -9.199169651312849583e-02 -7.996518652737998056e-02 -6.196727357233273309e-02 -5.870786792816075350e-02 -5.052254625363113150e-02 -4.931442743828893388e-02 -3.933381203173504786e-02 -2.746212437990998290e-02 -2.147422982963132290e-02 -2.040350851152498632e-02 -6.553449721249281906e-03 6.553449721249252416e-03 2.040350851152498979e-02 2.147422982963113902e-02 2.746212437990976432e-02 3.933381203173515195e-02 4.931442743828871184e-02 5.052254625363098578e-02 5.870786792816107269e-02 6.196727357233263594e-02 7.996518652738009159e-02 9.199169651312885665e-02 1.007086176137912265e-01 1.024292875162142319e-01 1.033075395813909531e-01 1.140688874991447749e-01
-1.144175297463693175e-01 -1.033071188810744528e-01 -1.020093212300241248e-01 -1.002594423403639773e-01 -9.123664628519416453e-02 -7.996624590727779980e-02 -6.229588323178573278e-02 -5.870249602912695069e-02 -5.076018863743486653e-02 -4.918362235218704664e-02 -3.936223903537854757e-02 -2.741739255298265496e-02 -2.087981102180003559e-02 -2.010403321675293883e-02 -6.030863837530207536e-03 6.030863837530155494e-03 2.010403321675279312e-02 2.087981102179986559e-02 2.741739255298246761e-02 3.936223903537861002e-02 4.918362235218711603e-02 5.076018863743386039e-02 5.870249602912659681e-02 6.229588323178585768e-02 7.996624590727861859e-02 9.123664628519402575e-02 1.002594423403639773e-01 1.020093212300240137e-01 1.033071188810747026e-01 1.144175297463702473e-01
-1.147682411651515660e-01 -1.033068304348026822e-01 -1.015985871752946440e-01 -9.980222826798693103e-02 -9.049381453202312575e-02 -7.996734257205542762e-02 -6.262411734524525597e-02 -5.869680820308526698e-02 -5.107731078598663765e-02 -4.896463462932706956e-02 -3.939158664478224076e-02 -2.737663900123475311e-02 -2.097777008640342930e-02 -1.910343915121804834e-02 -5.490885041260101275e-03 5.490885041260175868e-03 1.910343915121823916e-02 2.097777008640369645e-02 2.737663900123479127e-02 3.939158664478244198e-02 4.896463462932717364e-02 5.107731078598710256e-02 5.869680820308491309e-02 6.262411734524582496e-02 7.996734257205573293e-02 9.049381453202347270e-02 9.980222826798662572e-02 1.015985871752947411e-01 1.033068304348023214e-01 1.147682411651516771e-01
-1.151211546777179129e-01 -1.033065921705395851e-01 -1.011955388038554421e-01 -9.933805661036818058e-02 -8.976373500848054687e-02 -7.996847405037416090e-02 -6.295193565590584406e-02 -5.869083628118232365e-02 -5.142134637478243397e-02 -4.871056359193386837e-02 -3.942178113995428723e-02 -2.733907320262470714e-02 -2.115552977432751461e-02 -1.802001536987332328e-02 -4.932641186994842115e-03 4.932641186994963546e-03 1.802001536987343430e-02 2.115552977432774706e-02 2.733907320262465510e-02 3.942178113995432193e-02 4.871056359193381285e-02 5.142134637478305847e-02 5.869083628118246937e-02 6.295193565590634366e-02 7.996847405037349477e-02 8.976373500848072728e-02 9.933805661036898549e-02 1.011955388038558307e-01 1.033065921705400986e-01 1.151211546777171635e-01
-1.154763974672928101e-01 -1.033063767613491002e-01 -1.007986515642800146e-01 -9.886796289742021127e-02 -8.904683044235177369e-02 -7.996963774188098339e-02 -6.327931162467601012e-02 -5.868460649395093598e-02 -5.177288502879233423e-02 -4.844133060596839818e-02 -3.945274622547755017e-02 -2.730445002062272669e-02 -2.134080844348460945e-02 -1.693212908717329351e-02 -4.355324027309259716e-03 4.355324027309257114e-03 1.693212908717328657e-02 2.134080844348476211e-02 2.730445002062271628e-02 3.945274622547739751e-02 4.844133060596869655e-02 5.177288502879227872e-02 5.868460649395125517e-02 6.327931162467637094e-02 7.996963774188144136e-02 8.904683044235194023e-02 9.886796289742046107e-02 1.007986515642798342e-01 1.033063767613491835e-01 1.154763974672924076e-01
-1.158340913543032674e-01 -1.033061726118677109e-01 -1.004065298221253344e-01 -9.839286410684394690e-02 -8.834342170643139092e-02 -7.997083089882994766e-02 -6.360622978639468572e-02 -5.867814161666892736e-02 -5.212446740846718440e-02 -4.816488492432040996e-02 -3.948440295651051146e-02 -2.727285321628102055e-02 -2.152417182901874074e-02 -1.585609456493903419e-02 -3.758381682812941046e-03 3.758381682812837396e-03 1.585609456493907582e-02 2.152417182901859155e-02 2.727285321628117321e-02 3.948440295651067800e-02 4.816488492431988955e-02 5.212446740846730930e-02 5.867814161666854572e-02 6.360622978639488001e-02 7.997083089883010032e-02 8.834342170643187664e-02 9.839286410684394690e-02 1.004065298221252789e-01 1.033061726118672113e-01 1.158340913543035311e-01
-1.161943529488429910e-01 -1.033059740536396570e-01 -1.000179480539215987e-01 -9.791352283992824090e-02 -8.765373698632940302e-02 -7.997205059669387772e-02 -6.393268382643634007e-02 -5.867146232403797068e-02 -5.247294292526985537e-02 -4.788484711793437182e-02 -3.951666960286099456e-02 -2.724459009402682014e-02 -2.170271432136181011e-02 -1.480287830036659119e-02 -3.141850862791964894e-03 3.141850862792063773e-03 1.480287830036666231e-02 2.170271432136186562e-02 2.724459009402693463e-02 3.951666960286129987e-02 4.788484711793433019e-02 5.247294292527007048e-02 5.867146232403808170e-02 6.393268382643649272e-02 7.997205059669346139e-02 8.765373698632965282e-02 9.791352283992788008e-02 1.000179480539214044e-01 1.033059740536400456e-01 1.161943529488440319e-01
-1.165572936263139792e-01 -1.033057780650355612e-01 -9.963185862565721029e-02 -9.743053887472703789e-02 -8.697792085118180583e-02 -7.997329368729302890e-02 -6.425867505264590274e-02 -5.866458809445683487e-02 -5.281691060397493420e-02 -4.760306955804760598e-02 -3.954946143712859824e-02 -2.722013703853081584e-02 -2.187495814409534320e-02 -1.378366134825879073e-02 -2.506914800503243397e-03 2.506914800503337506e-03 1.378366134825892431e-02 2.187495814409529810e-02 2.722013703853086788e-02 3.954946143712854273e-02 4.760306955804764067e-02 5.281691060397515625e-02 5.866458809445700834e-02 6.425867505264562518e-02 7.997329368729333421e-02 8.697792085118251360e-02 9.743053887472719055e-02 9.963185862565762663e-02 1.033057780650352003e-01 1.165572936263142428e-01
-1.169230193584492039e-01 -1.033055829550785509e-01 -9.924738159237474211e-02 -9.694435717369422056e-02 -8.631604315540000738e-02 -7.997455672320326336e-02 -6.458421108585185588e-02 -5.865753785565013673e-02 -5.315576310649025582e-02 -4.732059392192972808e-02 -3.958269042898836937e-02 -2.720010918381453313e-02 -2.203984622223508980e-02 -1.281150214543298228e-02 -1.856817541873024939e-03 1.856817541872929312e-03 1.281150214543290249e-02 2.203984622223499612e-02 2.720010918381449150e-02 3.958269042898801549e-02 4.732059392192938113e-02 5.315576310649022113e-02 5.865753785564994938e-02 6.458421108585139792e-02 7.997455672320323561e-02 8.631604315539950778e-02 9.694435717369495609e-02 9.924738159237463109e-02 1.033055829550790505e-01 1.169230193584487043e-01
-1.172916304223167033e-01 -1.033053877633261786e-01 -9.886378636676072806e-02 -9.645528369755855536e-02 -8.566810772362860871e-02 -7.997583583313898348e-02 -6.490930466754024630e-02 -5.865033048819795480e-02 -5.348928509880988835e-02 -4.703805453512307361e-02 -3.961626482238849584e-02 -2.718524085610347571e-02 -2.219645152577643527e-02 -1.190265442004460536e-02 -1.198324413020103538e-03 1.198324413020108092e-03 1.190265442004464699e-02 2.219645152577616465e-02 2.718524085610356938e-02 3.961626482238792685e-02 4.703805453512326096e-02 5.348928509881017285e-02 5.865033048819849604e-02 6.490930466754020467e-02 7.997583583313988553e-02 8.566810772362865034e-02 9.645528369755837494e-02 9.886378636676063092e-02 1.033053877633260814e-01 1.172916304223164119e-01
-1.176632210035893911e-01 -1.033051919587899270e-01 -9.848047122522220198e-02 -9.596350342799138400e-02 -8.503406080448734639e-02 -7.997712650979528493e-02 -6.523397252176796335e-02 -5.864298526591552735e-02 -5.381746688231576342e-02 -4.675586663155634204e-02 -3.965008856517895919e-02 -2.717636917160675195e-02 -2.234387585457015685e-02 -1.107832359783253971e-02 -5.439700771624389388e-04 5.439700771624245189e-04 1.107832359783266808e-02 2.234387585457031297e-02 2.717636917160655766e-02 3.965008856517924368e-02 4.675586663155624489e-02 5.381746688231574260e-02 5.864298526591495142e-02 6.523397252176796335e-02 7.997712650979586779e-02 8.503406080448736026e-02 9.596350342799096766e-02 9.848047122522178565e-02 1.033051919587898437e-01 1.176632210035891135e-01
-1.180378787062707630e-01 -1.033049952771824542e-01 -9.809694384376747844e-02 -9.546909752551507866e-02 -8.441379933374278111e-02 -7.997842323248000040e-02 -6.555823422707975079e-02 -5.863552229614964889e-02 -5.414041063640045309e-02 -4.647432219538771142e-02 -3.968406055073371574e-02 -2.717441584449712191e-02 -2.248121610436501494e-02 -1.036721274773160818e-02 -8.474273184424762078e-05 8.474273184432146850e-05 1.036721274773161859e-02 2.248121610436502882e-02 2.717441584449704559e-02 3.968406055073359778e-02 4.647432219538760734e-02 5.414041063639992574e-02 5.863552229614946848e-02 6.555823422707943160e-02 7.997842323248012530e-02 8.441379933374337785e-02 9.546909752551532846e-02 9.809694384376747844e-02 1.033049952771827040e-01 1.180378787062704160e-01
-1.184156839785700938e-01 -1.033047976274613367e-01 -9.771280427835388194e-02 -9.497205824008025932e-02 -8.380717915538792029e-02 -7.997971875667132802e-02 -6.588211106113625593e-02 -5.862796302260755293e-02 -5.445828002622945391e-02 -4.619364264920120672e-02 -3.971807361737998698e-02 -2.718036381522113271e-02 -2.260756263312506051e-02 -9.808519882300695963e-03 -6.536906640760932257e-04 6.536906640762227879e-04 9.808519882300831272e-03 2.260756263312523745e-02 2.718036381522120210e-02 3.971807361737967473e-02 4.619364264920072793e-02 5.445828002623009922e-02 5.862796302260785131e-02 6.588211106113649185e-02 7.997971875667120312e-02 8.380717915538744844e-02 9.497205824008067565e-02 9.771280427835436766e-02 1.033047976274620999e-01 1.184156839785701631e-01
-1.187967094632116916e-01 -1.033045990354015120e-01 -9.732773078757378515e-02 -9.447230117708019237e-02 -8.321402359702467777e-02 -7.998100267416384523e-02 -6.620562477967886772e-02 -5.862033086796481635e-02 -5.477127153595081482e-02 -4.591401005158454729e-02 -3.975201323229999445e-02 -2.719522671779660977e-02 -2.272201767674713463e-02 -9.452755864437042965e-03 -1.114821377039051670e-03 1.114821377039014808e-03 9.452755864437160926e-03 2.272201767674743647e-02 2.719522671779675549e-02 3.975201323230008466e-02 4.591401005158495668e-02 5.477127153595067605e-02 5.862033086796464287e-02 6.620562477967853465e-02 7.998100267416383136e-02 8.321402359702471940e-02 9.447230117708045605e-02 9.732773078757418761e-02 1.033045990354008181e-01 1.187967094632119691e-01
-1.191810192799108575e-01 -1.033043996080268284e-01 -9.694146837815331708e-02 -9.396967502822831109e-02 -8.263413346823775263e-02 -7.998225819764810673e-02 -6.652879628358548958e-02 -5.861265212871791253e-02 -5.507959722872157737e-02 -4.563558712344453067e-02 -3.978575575967678579e-02 -2.722001100168537288e-02 -2.282372835881330345e-02 -9.353599311505728098e-03 -1.414109555802658654e-03 1.414109555802656919e-03 9.353599311505797487e-03 2.282372835881332773e-02 2.722001100168526880e-02 3.978575575967686906e-02 4.563558712344443352e-02 5.507959722872207003e-02 5.861265212871827335e-02 6.652879628358571162e-02 7.998225819764823163e-02 8.263413346823744732e-02 9.396967502822815843e-02 9.694146837815283135e-02 1.033043996080264815e-01 1.191810192799109547e-01
-1.195686682478823565e-01 -1.033041995103492344e-01 -9.655381972974787230e-02 -9.346396909836733602e-02 -8.206730173483023361e-02 -7.998345396621336922e-02 -6.685164411277440266e-02 -5.860495730467311232e-02 -5.538347362566206633e-02 -4.535853141051481713e-02 -3.981916617480712323e-02 -2.725567290679552918e-02 -2.291192980680473862e-02 -9.545596336403306195e-03 -1.514021913219403036e-03 1.514021913219489989e-03 9.545596336403295787e-03 2.291192980680434657e-02 2.725567290679558469e-02 3.981916617480699833e-02 4.535853141051476856e-02 5.538347362566236470e-02 5.860495730467309844e-02 6.685164411277445817e-02 7.998345396621331371e-02 8.206730173483052504e-02 9.346396909836680866e-02 9.655381972974794169e-02 1.033041995103498034e-01 1.195686682478821206e-01
-1.199597010569236760e-01 -1.033039989496214173e-01 -9.616463808831421378e-02 -9.295491902766706005e-02 -8.151334505126747731e-02 -7.998451877255838283e-02 -6.717418268136940429e-02 -5.859728318160778437e-02 -5.568311366357509007e-02 -4.508300655642807214e-02 -3.985209503159946320e-02 -2.730307526442886726e-02 -2.298599272866917731e-02 -1.002201787443355793e-02 -1.416124663091809267e-03 1.416124663091576164e-03 1.002201787443352497e-02 2.298599272866914608e-02 2.730307526442857582e-02 3.985209503159915095e-02 4.508300655642749621e-02 5.568311366357524272e-02 5.859728318160744437e-02 6.717418268136951531e-02 7.998451877255803588e-02 8.151334505126707486e-02 9.295491902766676862e-02 9.616463808831415827e-02 1.033039989496210981e-01 1.199597010569226352e-01
-1.203541513967066739e-01 -1.033037981643492725e-01 -9.577382172578709219e-02 -9.244221110304350064e-02 -8.097221575657659320e-02 -7.998523573497799688e-02 -6.749642013090791093e-02 -5.858967625858148287e-02 -5.597871962652587602e-02 -4.480919255487310349e-02 -3.988437441276756340e-02 -2.736295166089236508e-02 -2.304546827593427841e-02 -1.073901199381143735e-02 -1.157564539163692240e-03 1.157564539163694842e-03 1.073901199381148072e-02 2.304546827593414657e-02 2.736295166089239977e-02 3.988437441276777851e-02 4.480919255487293001e-02 5.597871962652545275e-02 5.858967625858185063e-02 6.749642013090792481e-02 7.998523573497737238e-02 8.097221575657659320e-02 9.244221110304445821e-02 9.577382172578631503e-02 1.033037981643504105e-01 1.203541513967073956e-01
-1.207520410555086715e-01 -1.033035974164072529e-01 -9.538130960345467257e-02 -9.192548551662954592e-02 -8.044482772355297795e-02 -7.998442271652066171e-02 -6.781835561995717965e-02 -5.858219868670093422e-02 -5.627047500854696904e-02 -4.453729636025199889e-02 -3.991581247903688151e-02 -2.743588705247438503e-02 -2.309012244368914210e-02 -1.164069404289099982e-02 -7.866302219935378866e-04 7.866302219936172502e-04 1.164069404289099982e-02 2.309012244368914210e-02 2.743588705247466258e-02 3.991581247903713131e-02 4.453729636025232502e-02 5.627047500854686496e-02 5.858219868670083014e-02 6.781835561995741557e-02 7.998442271652102253e-02 8.044482772355321387e-02 9.192548551662924061e-02 9.538130960345490850e-02 1.033035974164073084e-01 1.207520410555093932e-01
-1.211533790013817197e-01 -1.033033969852134859e-01 -9.498707792488951529e-02 -9.140433888473845081e-02 -8.001116732117309616e-02 -7.990182801903551735e-02 -6.813997577683365836e-02 -5.857493918262132032e-02 -5.655853231940743964e-02 -4.426756410145938486e-02 -3.994618606962303115e-02 -2.752232394749822703e-02 -2.311995351749736652e-02 -1.267824487213125781e-02 -3.442069068725176232e-04 3.442069068726363976e-04 1.267824487213144689e-02 2.311995351749755734e-02 2.752232394749818886e-02 3.994618606962290625e-02 4.426756410145973875e-02 5.655853231940712739e-02 5.857493918262150767e-02 6.813997577683338081e-02 7.990182801903576715e-02 8.001116732117313779e-02 9.140433888473861734e-02 9.498707792488959856e-02 1.033033969852143186e-01 1.211533790013809148e-01
-1.215581604609535515e-01 -1.033031971633294327e-01 -9.459113731165022521e-02 -9.087832629808417773e-02 -7.999452948244530071e-02 -7.941390179653426418e-02 -6.846124989490012802e-02 -5.856803455297091010e-02 -5.684299087331420169e-02 -4.400029625925039323e-02 -3.997523056830989963e-02 -2.762260214590185267e-02 -2.313518926339332496e-02 -1.381509000338448402e-02 -1.410113098807925440e-04 1.410113098807796962e-04 1.381509000338444759e-02 2.313518926339338394e-02 2.762260214590181104e-02 3.997523056830992738e-02 4.400029625925077487e-02 5.684299087331436129e-02 5.856803455297154154e-02 6.846124989490069701e-02 7.941390179653425030e-02 7.999452948244487049e-02 9.087832629808383078e-02 9.459113731164937866e-02 1.033031971633290858e-01 1.215581604609537320e-01
-1.219663660133430694e-01 -1.033029982530258573e-01 -9.419353037773471604e-02 -9.034696313649182020e-02 -7.999439885569360753e-02 -7.892092388867151531e-02 -6.878212320758578247e-02 -5.856171607342471747e-02 -5.712385011166182941e-02 -4.373586751145940726e-02 -4.000262590777373117e-02 -2.773703938825900980e-02 -2.313626484490764051e-02 -1.502505292919345710e-02 -6.504603682539549479e-04 6.504603682538502140e-04 1.502505292919333740e-02 2.313626484490761970e-02 2.773703938825883980e-02 4.000262590777386301e-02 4.373586751145949053e-02 5.712385011166176696e-02 5.856171607342509217e-02 6.878212320758574083e-02 7.892092388867219532e-02 7.999439885569363529e-02 9.034696313649191735e-02 9.419353037773472992e-02 1.033029982530258711e-01 1.219663660133431249e-01
-1.223779607190763757e-01 -1.033028005635658192e-01 -9.379432951663020657e-02 -8.980972684985633059e-02 -7.999520632962883737e-02 -7.843825887102048866e-02 -6.910250716960050776e-02 -5.855642158695191501e-02 -5.740089746259137427e-02 -4.347475354614009635e-02 -4.002797710661407105e-02 -2.786606307229992294e-02 -2.312378654330772207e-02 -1.628916517267692265e-02 -1.172471655096988608e-03 1.172471655096852649e-03 1.628916517267700245e-02 2.312378654330764921e-02 2.786606307229970783e-02 4.002797710661370328e-02 4.347475354614006859e-02 5.740089746259169345e-02 5.855642158695164440e-02 6.910250716960057715e-02 7.843825887102043315e-02 7.999520632962844879e-02 8.980972684985631671e-02 9.379432951662937390e-02 1.033028005635663882e-01 1.223779607190755986e-01
-1.227928933063365258e-01 -1.033026044089802448e-01 -9.339363474886246130e-02 -8.926605888101171726e-02 -7.999625932599872813e-02 -7.796644172881042612e-02 -6.942226495224269878e-02 -5.855311193727877339e-02 -5.767339203403373804e-02 -4.321756803345126047e-02 -4.005078710366394290e-02 -2.801041395110916848e-02 -2.309848946814206314e-02 -1.759300638474464371e-02 -1.699732501644249600e-03 1.699732501644220109e-03 1.759300638474469228e-02 2.309848946814188272e-02 2.801041395110931767e-02 4.005078710366404005e-02 4.321756803345151027e-02 5.767339203403382131e-02 5.855311193727910646e-02 6.942226495224304572e-02 7.796644172881034285e-02 7.999625932599824241e-02 8.926605888101202257e-02 9.339363474886268335e-02 1.033026044089802170e-01 1.227928933063358735e-01
-1.232110954390982782e-01 -1.033024101062199052e-01 -9.299157150970302488e-02 -8.871536688519973679e-02 -7.999740101853379526e-02 -7.750554209051790933e-02 -6.974118905733037166e-02 -5.855438236295402304e-02 -5.793895345678597847e-02 -4.296511413804844637e-02 -4.007041894113799047e-02 -2.817146918864272404e-02 -2.306120121362296646e-02 -1.892471720115488851e-02 -2.227611653806396176e-03 2.227611653806366252e-03 1.892471720115488851e-02 2.306120121362292830e-02 2.817146918864278995e-02 4.007041894113795577e-02 4.296511413804841861e-02 5.793895345678559683e-02 5.855438236295371773e-02 6.974118905733042717e-02 7.750554209051770116e-02 7.999740101853433649e-02 8.871536688519976455e-02 9.299157150970284447e-02 1.033024101062195027e-01 1.232110954390988472e-01
-1.236324810936767632e-01 -1.033022179735799545e-01 -9.258828828728664362e-02 -8.815702738540764916e-02 -7.999857425613568496e-02 -7.705563678515323089e-02 -7.005896549356337155e-02 -5.856974222337874014e-02 -5.818828246746258342e-02 -4.271845625118193129e-02 -4.008604389654113476e-02 -2.835179085368777496e-02 -2.301284215118972604e-02 -2.027334229538629851e-02 -2.753119321684462106e-03 2.753119321684305981e-03 2.027334229538650320e-02 2.301284215118979889e-02 2.835179085368774721e-02 4.008604389654130823e-02 4.271845625118217415e-02 5.818828246746328425e-02 5.856974222337890668e-02 7.005896549356284420e-02 7.705563678515262027e-02 7.999857425613575435e-02 8.815702738540713568e-02 9.258828828728676852e-02 1.033022179735796631e-01 1.236324810936767354e-01
-1.240569460715770927e-01 -1.033020283293404062e-01 -9.218395405183349434e-02 -8.759038899524516919e-02 -7.999975143921037035e-02 -7.661693985385645278e-02 -7.037511409931038187e-02 -5.864301353750824009e-02 -5.837776272489977186e-02 -4.247901819296517195e-02 -4.009657310483155657e-02 -2.855613609986022358e-02 -2.295470416480852385e-02 -2.162681186184210735e-02 -3.274272825889367258e-03 3.274272825889357284e-03 2.162681186184207960e-02 2.295470416480874590e-02 2.855613609986019930e-02 4.009657310483144554e-02 4.247901819296533155e-02 5.837776272489970247e-02 5.864301353750805967e-02 7.037511409931046513e-02 7.661693985385613359e-02 7.999975143921018994e-02 8.759038899524493327e-02 9.218395405183284208e-02 1.033020283293407809e-01 1.240569460715775091e-01
-1.244843676772000446e-01 -1.033018414905622767e-01 -9.177875544697913779e-02 -8.701477634667616201e-02 -8.000091589548039006e-02 -7.618992490705039922e-02 -7.068888450190351225e-02 -5.883446954259398398e-02 -5.844732263596019717e-02 -4.224871142272153962e-02 -4.010057570906273156e-02 -2.879345724557474950e-02 -2.299413860979425059e-02 -2.286375032902010843e-02 -3.789709889845982969e-03 3.789709889846032843e-03 2.286375032902034435e-02 2.299413860979416385e-02 2.879345724557470093e-02 4.010057570906277319e-02 4.224871142272164370e-02 5.844732263595994043e-02 5.883446954259393541e-02 7.068888450190384531e-02 7.618992490705080167e-02 8.000091589548088966e-02 8.701477634667643957e-02 9.177875544697861043e-02 1.033018414905624016e-01 1.244843676772001556e-01
-1.249146045883592487e-01 -1.033016577720144991e-01 -9.137289374410906273e-02 -8.642949489000212315e-02 -8.000205521229550309e-02 -7.577552191457008479e-02 -7.099906503650958711e-02 -5.907929169993970248e-02 -5.846197875365998636e-02 -4.203008429606981677e-02 -4.009620440423596055e-02 -2.908102745316145862e-02 -2.428804882338896423e-02 -2.280547841576963802e-02 -4.298451318565522060e-03 4.298451318565388486e-03 2.280547841576950271e-02 2.428804882338909954e-02 2.908102745316130944e-02 4.009620440423618259e-02 4.203008429606976820e-02 5.846197875366012514e-02 5.907929169994017432e-02 7.099906503650942058e-02 7.577552191457015418e-02 8.000205521229554473e-02 8.642949489000216479e-02 9.137289374410992315e-02 1.033016577720141937e-01 1.249146045883588324e-01
-1.253474969452023080e-01 -1.033014774851944428e-01 -9.096658158892362289e-02 -8.583383681089501449e-02 -8.000315807718264005e-02 -7.537549098181628437e-02 -7.130361028105093590e-02 -5.933596808182999005e-02 -5.846343780822978176e-02 -4.182644797322677965e-02 -4.008119535181738080e-02 -2.945252833797078196e-02 -2.552975858268058396e-02 -2.272072299222965483e-02 -4.799753925412993984e-03 4.799753925412906380e-03 2.272072299222957850e-02 2.552975858268066028e-02 2.945252833797110809e-02 4.008119535181702692e-02 4.182644797322695313e-02 5.846343780823000380e-02 5.933596808183008026e-02 7.130361028105114407e-02 7.537549098181593743e-02 8.000315807718302863e-02 8.583383681089537531e-02 9.096658158892356738e-02 1.033014774851945261e-01 1.253474969452027521e-01
-1.257828666772804194e-01 -1.033013009374405822e-01 -9.056003959487260446e-02 -8.522708848303274520e-02 -8.000421206453184331e-02 -7.499319706386552153e-02 -7.159886537870892298e-02 -5.959571813098538118e-02 -5.846067237844584236e-02 -4.164186079615991160e-02 -4.005310582119889912e-02 -2.996850565160806903e-02 -2.663573459666978074e-02 -2.262807174228067056e-02 -5.293018332155729165e-03 5.293018332155712685e-03 2.262807174228081281e-02 2.663573459666986054e-02 2.996850565160795454e-02 4.005310582119867013e-02 4.164186079615989772e-02 5.846067237844631420e-02 5.959571813098535342e-02 7.159886537870939482e-02 7.499319706386539663e-02 8.000421206453181555e-02 8.522708848303259255e-02 9.056003959487256283e-02 1.033013009374405544e-01 1.257828666772806414e-01
-1.262205180739074117e-01 -1.033011284311026734e-01 -9.015349285890444930e-02 -8.460854025967287639e-02 -8.000520111152055469e-02 -7.463533274446150501e-02 -7.187784043277543888e-02 -5.985624990506045739e-02 -5.845616409279980746e-02 -4.148076047041869552e-02 -4.001009622890007444e-02 -3.070424299669101062e-02 -2.752467209484712671e-02 -2.252849685291314144e-02 -5.777730364851739984e-03 5.777730364851712229e-03 2.252849685291317267e-02 2.752467209484703650e-02 3.070424299669108348e-02 4.001009622889987322e-02 4.148076047041903552e-02 5.845616409279986991e-02 5.985624990506026311e-02 7.187784043277549439e-02 7.463533274446093602e-02 8.000520111152104041e-02 8.460854025967247394e-02 9.015349285890442155e-02 1.033011284311029787e-01 1.262205180739070787e-01
-1.266602385565428202e-01 -1.033009602627740220e-01 -8.974716748960043233e-02 -8.397750030371924079e-02 -8.000610129223503786e-02 -7.431589961173264147e-02 -7.212622407585106421e-02 -6.011682397607199385e-02 -5.845084019588474289e-02 -4.134706839570598258e-02 -3.995265076920245795e-02 -3.167926549074489423e-02 -2.816979862333724230e-02 -2.242264908463688713e-02 -6.253423106188551149e-03 6.253423106188629212e-03 2.242264908463689407e-02 2.816979862333723536e-02 3.167926549074504688e-02 3.995265076920231223e-02 4.134706839570605197e-02 5.845084019588512453e-02 6.011682397607250733e-02 7.212622407585128625e-02 7.431589961173262759e-02 8.000610129223521827e-02 8.397750030371969876e-02 8.974716748960064050e-02 1.033009602627742024e-01 1.266602385565436528e-01
-1.271017993959472347e-01 -1.033007967225682416e-01 -8.934128724512853392e-02 -8.333331647053282554e-02 -8.000687189778862840e-02 -7.406449886903569702e-02 -7.231408448655619881e-02 -6.037720202007559878e-02 -5.844512545331451842e-02 -4.124301336294239340e-02 -3.988652558480161592e-02 -3.282244847480116773e-02 -2.863170372950461090e-02 -2.231109484907481746e-02 -6.719651625425440700e-03 6.719651625425452843e-03 2.231109484907474114e-02 2.863170372950460049e-02 3.282244847480082772e-02 3.988652558480191429e-02 4.124301336294261544e-02 5.844512545331422698e-02 6.037720202007560572e-02 7.231408448655575472e-02 7.406449886903500313e-02 8.000687189778853126e-02 8.333331647053338065e-02 8.934128724512824249e-02 1.033007967225679502e-01 1.271017993959479564e-01
-1.275449543300908317e-01 -1.033006380934419627e-01 -8.893607037798674508e-02 -8.267541727762772741e-02 -8.000743296490279988e-02 -7.393296891275655258e-02 -7.238921787783803019e-02 -6.063734482807842108e-02 -5.843924467667753475e-02 -4.116862291945393160e-02 -3.982738790129270595e-02 -3.403893298196823680e-02 -2.898721191377943984e-02 -2.219435991947704689e-02 -7.175975385751804866e-03 7.175975385751734610e-03 2.219435991947701914e-02 2.898721191377928025e-02 3.403893298196830619e-02 3.982738790129260187e-02 4.116862291945365404e-02 5.843924467667708372e-02 6.063734482807809495e-02 7.238921787783778039e-02 7.393296891275681626e-02 8.000743296490289702e-02 8.267541727762771353e-02 8.893607037798614834e-02 1.033006380934419904e-01 1.275449543300913591e-01
-1.279893520416676700e-01 -1.033004846505539559e-01 -8.853172677550891212e-02 -8.200340996729080234e-02 -8.000759575945397273e-02 -7.396170652311678806e-02 -7.231080323697625101e-02 -6.089730497403317983e-02 -5.843333064994980092e-02 -4.112307061650472689e-02 -3.980975227854006981e-02 -3.524377322480780339e-02 -2.928540682393135711e-02 -2.207294843810179638e-02 -7.621945135408074272e-03 7.621945135408242540e-03 2.207294843810172352e-02 2.928540682393114894e-02 3.524377322480774788e-02 3.980975227853995185e-02 4.112307061650453260e-02 5.843333064995014092e-02 6.089730497403334636e-02 7.231080323697597345e-02 7.396170652311662153e-02 8.000759575945350088e-02 8.200340996729110765e-02 8.853172677550830150e-02 1.033004846505528596e-01 1.279893520416679198e-01
-1.280781055161915039e-01 -1.033003366606575352e-01 -8.812845547058063833e-02 -8.131742302415939649e-02 -8.000676864968601920e-02 -7.412261616246951235e-02 -7.210640897713983810e-02 -6.115718261924450727e-02 -5.842746900155177531e-02 -4.110966561835328187e-02 -3.990623939973095280e-02 -3.633311907173551042e-02 -2.955216957625609805e-02 -2.194735690841237083e-02 -8.057092194794864340e-03 8.057092194794869544e-03 2.194735690841235348e-02 2.955216957625634439e-02 3.633311907173537858e-02 3.990623939973072382e-02 4.110966561835320554e-02 5.842746900155136591e-02 6.115718261924475707e-02 7.210640897713981035e-02 7.412261616246908214e-02 8.000676864968567226e-02 8.131742302415907730e-02 8.812845547058058282e-02 1.033003366606569384e-01 1.280781055161917259e-01
-1.280781401714979895e-01 -1.033001943815276963e-01 -8.772644257771812504e-02 -8.062052183345105871e-02 -8.000163268491349011e-02 -7.435806861347725449e-02 -7.183294723455649344e-02 -6.141710541066595225e-02 -5.842171909652989908e-02 -4.115813536544484647e-02 -4.023140449376833017e-02 -3.714727908239141146e-02 -2.980098202215656147e-02 -2.181808721411443441e-02 -8.480918734638036652e-03 8.480918734638000223e-03 2.181808721411451421e-02 2.980098202215652331e-02 3.714727908239111309e-02 4.023140449376835792e-02 4.115813536544488116e-02 5.842171909653027378e-02 6.141710541066603551e-02 7.183294723455652120e-02 7.435806861347682428e-02 8.000163268491349011e-02 8.062052183345085055e-02 8.772644257771773646e-02 1.033001943815279600e-01 1.280781401714980172e-01
-1.280781606418272267e-01 -1.033000580614187036e-01 -8.732585968764486339e-02 -8.005599865039469965e-02 -7.984904577920072521e-02 -7.463038473616204205e-02 -7.152699994936578820e-02 -6.167721881991478777e-02 -5.841612464586912190e-02 -4.147793694252433633e-02 -4.068806416717543617e-02 -3.756482274591820686e-02 -3.003916941894939352e-02 -2.168565987118128285e-02 -8.892888066675692579e-03 8.892888066675789724e-03 2.168565987118131408e-02 3.003916941894908127e-02 3.756482274591799175e-02 4.068806416717528351e-02 4.147793694252435714e-02 5.841612464586921905e-02 6.167721881991441307e-02 7.152699994936553840e-02 7.463038473616261104e-02 7.984904577920065583e-02 8.005599865039469965e-02 8.732585968764512707e-02 1.033000580614183012e-01 1.280781606418271712e-01
-1.280781775837986081e-01 -1.032999279385416191e-01 -8.692686273104294203e-02 -8.002287079171817308e-02 -7.915102227555016745e-02 -7.492008030902920501e-02 -7.120610008496995602e-02 -6.193768154042497004e-02 -5.841071947620585930e-02 -4.239150818280815886e-02 -4.086204300327624106e-02 -3.767155293101301372e-02 -3.027091765326781272e-02 -2.155062804353017475e-02 -9.292414241589452145e-03 9.292414241589498983e-03 2.155062804353027883e-02 3.027091765326779885e-02 3.767155293101277086e-02 4.086204300327625494e-02 4.239150818280803396e-02 5.841071947620621319e-02 6.193768154042490065e-02 7.120610008496947030e-02 7.492008030902926052e-02 7.915102227555025072e-02 8.002287079171845063e-02 8.692686273104277550e-02 1.032999279385422853e-01 1.280781775837984415e-01
-1.280781927534755393e-01 -1.032998042405834926e-01 -8.652959130120596587e-02 -8.002000085903412940e-02 -7.841203284285790109e-02 -7.521473997702511627e-02 -7.087844122465201957e-02 -6.219866364116196505e-02 -5.840553084689453778e-02 -4.359031918251953658e-02 -4.090851743105797939e-02 -3.761664876932188650e-02 -3.049872557343861340e-02 -2.141359265409227552e-02 -9.678850437304247628e-03 9.678850437304023849e-03 2.141359265409211593e-02 3.049872557343856830e-02 3.761664876932179630e-02 4.090851743105786142e-02 4.359031918251968230e-02 5.840553084689434349e-02 6.219866364116237445e-02 7.087844122465186691e-02 7.521473997702471381e-02 7.841203284285787334e-02 8.002000085903422655e-02 8.652959130120538300e-02 1.032998042405841588e-01 1.280781927534748177e-01
-1.280782066788461737e-01 -1.032996871842464109e-01 -8.613416840762853910e-02 -8.001941233678490362e-02 -7.767120916699739308e-02 -7.549840698008025708e-02 -7.054797110498466084e-02 -6.246034646529816103e-02 -5.840058144803533802e-02 -4.488508610772441731e-02 -4.092974127353261882e-02 -3.748399200543209298e-02 -3.072413225242332652e-02 -2.127521882701898306e-02 -1.005147577496592719e-02 1.005147577496590117e-02 2.127521882701893796e-02 3.072413225242352081e-02 3.748399200543216236e-02 4.092974127353238289e-02 4.488508610772413976e-02 5.840058144803554618e-02 6.246034646529817491e-02 7.054797110498445267e-02 7.549840698008020157e-02 7.767120916699726818e-02 8.001941233678504239e-02 8.613416840762805338e-02 1.032996871842466746e-01 1.280782066788456464e-01
-1.280782195636084031e-01 -1.032995769748070447e-01 -8.574070061911576168e-02 -8.001943990830769071e-02 -7.698087955554569484e-02 -7.571771858137520128e-02 -7.021657375010124935e-02 -6.272292387528594082e-02 -5.839589065568079329e-02 -4.621744481028505769e-02 -4.094394909218170009e-02 -3.731120343160831271e-02 -3.094809816163634694e-02 -2.113625378831313420e-02 -1.040948036466047763e-02 1.040948036466028161e-02 2.113625378831300236e-02 3.094809816163605551e-02 3.731120343160813230e-02 4.094394909218155437e-02 4.621744481028525892e-02 5.839589065568066145e-02 6.272292387528613511e-02 7.021657375010104118e-02 7.571771858137497924e-02 7.698087955554573647e-02 8.001943990830757969e-02 8.574070061911558127e-02 1.032995769748072529e-01 1.280782195636079590e-01
-1.280782314958773815e-01 -1.032994738057171069e-01 -8.534927854633039823e-02 -8.001969929048073638e-02 -7.661062420859561517e-02 -7.560195743120087797e-02 -6.988499646827789347e-02 -6.298660479588681638e-02 -5.839147535674141243e-02 -4.756322538154579560e-02 -4.095561139934396355e-02 -3.711590140776799274e-02 -3.117121229613257702e-02 -2.099754617094307801e-02 -1.075194860571619844e-02 1.075194860571618803e-02 2.099754617094306761e-02 3.117121229613306621e-02 3.711590140776784702e-02 4.095561139934401906e-02 4.756322538154582336e-02 5.839147535674138467e-02 6.298660479588656658e-02 6.988499646827783796e-02 7.560195743120115552e-02 7.661062420859569844e-02 8.001969929048050045e-02 8.534927854633052313e-02 1.032994738057181061e-01 1.280782314958775203e-01
-1.280782425146496095e-01 -1.032993778582192573e-01 -8.495997760984062841e-02 -8.002005398654535306e-02 -7.674258849482118450e-02 -7.496839696338680747e-02 -6.955322792442372726e-02 -6.325161727253918176e-02 -5.838735052805005959e-02 -4.891018032089197026e-02 -4.096608865568516361e-02 -3.690720137996321426e-02 -3.139380591723075348e-02 -2.086006636088771210e-02 -1.107784110366048097e-02 1.107784110366053822e-02 2.086006636088765659e-02 3.139380591723063552e-02 3.690720137996323508e-02 4.096608865568484442e-02 4.891018032089231721e-02 5.838735052804999021e-02 6.325161727253918176e-02 6.955322792442372726e-02 7.496839696338669645e-02 7.674258849482117062e-02 8.002005398654524204e-02 8.495997760984029534e-02 1.032993778582189798e-01 1.280782425146505810e-01
-1.280782526356057383e-01 -1.032992893009878205e-01 -8.457285904024976209e-02 -8.002044302109338758e-02 -7.702350657172130077e-02 -7.417036170562257835e-02 -6.922059004839835328e-02 -6.351821454478895346e-02 -5.838352969888158800e-02 -5.025113366330205555e-02 -4.097581028765344413e-02 -3.669032320210804943e-02 -3.161601152873772663e-02 -2.072492701767418566e-02 -1.138597608585048028e-02 1.138597608585049069e-02 2.072492701767416831e-02 3.161601152873750459e-02 3.669032320210772330e-02 4.097581028765331923e-02 5.025113366330188902e-02 5.838352969888121330e-02 6.351821454478896734e-02 6.922059004839781204e-02 7.417036170562264774e-02 7.702350657172142567e-02 8.002044302109334595e-02 8.457285904024965106e-02 1.032992893009884033e-01 1.280782526356058493e-01
-1.280782618626099545e-01 -1.032992082898111230e-01 -8.418797106130827823e-02 -8.002083486535455092e-02 -7.733965337650851313e-02 -7.332245274245630107e-02 -6.888561034165952002e-02 -6.378668402167993190e-02 -5.838002543074968104e-02 -5.158136686952728700e-02 -4.098488130669529494e-02 -3.646856896971421846e-02 -3.183778464316052575e-02 -2.059340213420620541e-02 -1.167501197628274638e-02 1.167501197628281230e-02 2.059340213420616031e-02 3.183778464316078943e-02 3.646856896971419071e-02 4.098488130669508678e-02 5.158136686952712741e-02 5.838002543074934797e-02 6.378668402167989027e-02 6.888561034165954777e-02 7.332245274245638433e-02 7.733965337650851313e-02 8.002083486535455092e-02 8.418797106130872232e-02 1.032992082898103736e-01 1.280782618626110647e-01
-1.280782701933772250e-01 -1.032991349672759129e-01 -8.380535021437954257e-02 -8.002121145797883028e-02 -7.766944143489662444e-02 -7.244838052189803146e-02 -6.854561206454680422e-02 -6.405736065812747682e-02 -5.837685006181728836e-02 -5.289746768305656627e-02 -4.099328676194936155e-02 -3.624426795468408541e-02 -3.205889327226234264e-02 -2.046694190480043141e-02 -1.194343389074853205e-02 1.194343389074834644e-02 2.046694190480004977e-02 3.205889327226221774e-02 3.624426795468405765e-02 4.099328676194911869e-02 5.289746768305718383e-02 5.837685006181730918e-02 6.405736065812717150e-02 6.854561206454687361e-02 7.244838052189786493e-02 7.766944143489651342e-02 8.002121145797870538e-02 8.380535021437925114e-02 1.032991349672763293e-01 1.280782701933778078e-01
-1.280782776225107000e-01 -1.032990694625063877e-01 -8.342502279273047994e-02 -8.002156164286423901e-02 -7.800660011936991212e-02 -7.155872238315447165e-02 -6.819578798859472768e-02 -6.433064727535270366e-02 -5.837401745543088771e-02 -5.419675919341923609e-02 -4.100096925920277552e-02 -3.601929857325521234e-02 -3.227886918854426523e-02 -2.034717924495380373e-02 -1.218954824046530883e-02 1.218954824046525678e-02 2.034717924495387312e-02 3.227886918854450810e-02 3.601929857325551071e-02 4.100096925920272001e-02 5.419675919341943732e-02 5.837401745543083914e-02 6.433064727535246774e-02 6.819578798859457502e-02 7.155872238315447165e-02 7.800660011937020355e-02 8.002156164286339246e-02 8.342502279273075749e-02 1.032990694625067762e-01 1.280782776225103115e-01
-1.280782841432152597e-01 -1.032990118909044436e-01 -8.304700636668468916e-02 -8.002187813155081653e-02 -7.834867715923328479e-02 -7.066444520989818845e-02 -6.782718340535097423e-02 -6.460704624087652836e-02 -5.837154894911290859e-02 -5.547697569107600674e-02 -4.100786042957480643e-02 -3.579545298893211519e-02 -3.249690003068801680e-02 -2.023592219687743096e-02 -1.241149124133908432e-02 1.241149124133913463e-02 2.023592219687734770e-02 3.249690003068803762e-02 3.579545298893221927e-02 4.100786042957491745e-02 5.547697569107615245e-02 5.837154894911256164e-02 6.460704624087677816e-02 6.782718340535143220e-02 7.066444520989793865e-02 7.834867715923327092e-02 8.002187813155069163e-02 8.304700636668520264e-02 1.032990118909044297e-01 1.280782841432151486e-01
-1.280782897483391525e-01 -1.032989623539339180e-01 -8.267131139603867140e-02 -8.002215596801080799e-02 -7.869452169873418501e-02 -6.978371210590458840e-02 -6.742241222090833430e-02 -6.488721042959810781e-02 -5.836950591734945543e-02 -5.673601980328011468e-02 -4.101389406072478844e-02 -3.557480084008596277e-02 -3.271161299566473918e-02 -2.013512508516190555e-02 -1.260725849391693305e-02 1.260725849391683764e-02 2.013512508516191249e-02 3.271161299566444081e-02 3.557480084008637217e-02 4.101389406072448313e-02 5.673601980327983713e-02 5.836950591734940685e-02 6.488721042959773311e-02 6.742241222090876451e-02 6.978371210590493534e-02 7.869452169873385194e-02 8.002215596801105779e-02 8.267131139603835221e-02 1.032989623539341956e-01 1.280782897483397631e-01
-1.280782944310180638e-01 -1.032989209389282154e-01 -8.229794294600775717e-02 -8.002239170762370790e-02 -7.904352707870465622e-02 -6.895010835232655289e-02 -6.694819349615263593e-02 -6.517202823738546535e-02 -5.836862252068720364e-02 -5.797115121811108329e-02 -4.101901147915660434e-02 -3.536021358251071472e-02 -3.292063915431016341e-02 -2.004683098639528649e-02 -1.277476309712812126e-02 1.277476309712782289e-02 2.004683098639512343e-02 3.292063915430989279e-02 3.536021358251080493e-02 4.101901147915684720e-02 5.797115121811093758e-02 5.836862252068710649e-02 6.517202823738575679e-02 6.694819349615220572e-02 6.895010835232660840e-02 7.904352707870446193e-02 8.002239170762334708e-02 8.229794294600735471e-02 1.032989209389277435e-01 1.280782944310177585e-01
-1.280782981850890068e-01 -1.032988877189165156e-01 -8.192690255230279661e-02 -8.002258300523266976e-02 -7.939534873554801586e-02 -6.821543852947736797e-02 -6.635284157659299131e-02 -6.546277134327985192e-02 -5.918376925945714739e-02 -5.836531759588382134e-02 -4.102316356010835691e-02 -3.515632475373882404e-02 -3.311970844582039220e-02 -1.997308006697095378e-02 -1.291192776549975225e-02 1.291192776549969674e-02 1.997308006697086358e-02 3.311970844582012852e-02 3.515632475373893506e-02 4.102316356010829446e-02 5.836531759588391849e-02 5.918376925945716821e-02 6.546277134328015723e-02 6.635284157659340765e-02 6.821543852947747899e-02 7.939534873554805749e-02 8.002258300523312773e-02 8.192690255230287988e-02 1.032988877189161270e-01 1.280782981850891178e-01
-1.280783010053729021e-01 -1.032988627524926983e-01 -8.155819034051109417e-02 -8.002272892678942429e-02 -7.974978128663788579e-02 -6.761886810825369631e-02 -6.576137050045517685e-02 -6.559724570679892341e-02 -6.036623351465962573e-02 -5.836456700999528846e-02 -4.102631127871098071e-02 -3.497146790786717641e-02 -3.330074703302965400e-02 -1.991578385433615331e-02 -1.301681090529752116e-02 1.301681090529745524e-02 1.991578385433620535e-02 3.330074703302963318e-02 3.497146790786727355e-02 4.102631127871090438e-02 5.836456700999567704e-02 6.036623351465970205e-02 6.559724570679921485e-02 6.576137050045499644e-02 6.761886810825343264e-02 7.974978128663809396e-02 8.002272892678938265e-02 8.155819034051120520e-02 1.032988627524921016e-01 1.280783010053732629e-01
-1.280783028878505758e-01 -1.032988460836984645e-01 -8.119180774378144394e-02 -8.010671351980531985e-02 -8.002281502645336442e-02 -6.714466181908348985e-02 -6.607090700510497017e-02 -6.469722225596545584e-02 -6.151731168107328618e-02 -5.836391269347856320e-02 -4.102842567227461129e-02 -3.482131358014804029e-02 -3.344826308406732146e-02 -1.987657483705927361e-02 -1.308775727153358402e-02 1.308775727153354065e-02 1.987657483705925279e-02 3.344826308406718268e-02 3.482131358014800560e-02 4.102842567227496517e-02 5.836391269347870892e-02 6.151731168107301556e-02 6.469722225596549747e-02 6.607090700510517833e-02 6.714466181908365638e-02 8.002281502645346156e-02 8.010671351980512556e-02 8.119180774378112475e-02 1.032988460836982286e-01 1.280783028878504370e-01
-1.280783038297809151e-01 -1.032988377419422343e-01 -8.082776484954015683e-02 -8.046603543621555499e-02 -8.002287011525849314e-02 -6.674846103813251996e-02 -6.639670344739587171e-02 -6.369722800662007411e-02 -6.263100759820527941e-02 -5.836357124078925263e-02 -4.102948761840480990e-02 -3.473239311896943182e-02 -3.353583737030996909e-02 -1.985665206293295640e-02 -1.312355255051174223e-02 1.312355255051188101e-02 1.985665206293295987e-02 3.353583737030992745e-02 3.473239311896944570e-02 4.102948761840481684e-02 5.836357124079000203e-02 6.263100759820529329e-02 6.369722800662026840e-02 6.639670344739538599e-02 6.674846103813203424e-02 8.002287011525832661e-02 8.046603543621548560e-02 8.082776484954022622e-02 1.032988377419420539e-01 1.280783038297811371e-01
-1.280783038297807208e-01 -1.032988377419424147e-01 -8.082776484954015683e-02 -8.046603543621548560e-02 -8.002287011525800742e-02 -6.674846103813220077e-02 -6.639670344739563579e-02 -6.369722800662024065e-02 -6.263100759820579289e-02 -5.836357124078964120e-02 -4.102948761840497643e-02 -3.473239311896922366e-02 -3.353583737030976092e-02 -1.985665206293286619e-02 -1.312355255051175437e-02 1.312355255051189315e-02 1.985665206293298762e-02 3.353583737031014256e-02 3.473239311896922366e-02 4.102948761840477521e-02 5.836357124078955794e-02 6.263100759820544594e-02 6.369722800662026840e-02 6.639670344739587171e-02 6.674846103813249221e-02 8.002287011525822946e-02 8.046603543621538845e-02 8.082776484954050378e-02 1.032988377419428311e-01 1.280783038297816645e-01
-1.280783028878502983e-01 -1.032988460836979511e-01 -8.119180774378158272e-02 -8.010671351980512556e-02 -8.002281502645336442e-02 -6.714466181908380904e-02 -6.607090700510524772e-02 -6.469722225596578891e-02 -6.151731168107338332e-02 -5.836391269347861871e-02 -4.102842567227496517e-02 -3.482131358014797090e-02 -3.344826308406719656e-02 -1.987657483705929790e-02 -1.308775727153368117e-02 1.308775727153364474e-02 1.987657483705925279e-02 3.344826308406715493e-02 3.482131358014805417e-02 4.102842567227491660e-02 5.836391269347845218e-02 6.151731168107332781e-02 6.469722225596562237e-02 6.607090700510495629e-02 6.714466181908333720e-02 8.002281502645328115e-02 8.010671351980500066e-02 8.119180774378124965e-02 1.032988460836982147e-01 1.280783028878501040e-01
-1.280783010053736515e-01 -1.032988627524929065e-01 -8.155819034051130234e-02 -8.002272892678956306e-02 -7.974978128663796906e-02 -6.761886810825369631e-02 -6.576137050045506582e-02 -6.559724570679915934e-02 -6.036623351465961185e-02 -5.836456700999528846e-02 -4.102631127871075173e-02 -3.497146790786723886e-02 -3.330074703302967482e-02 -1.991578385433602494e-02 -1.301681090529766861e-02 1.301681090529745524e-02 1.991578385433600412e-02 3.330074703302966788e-02 3.497146790786712783e-02 4.102631127871092520e-02 5.836456700999543418e-02 6.036623351465977838e-02 6.559724570679929812e-02 6.576137050045523236e-02 6.761886810825365468e-02 7.974978128663784416e-02 8.002272892678913285e-02 8.155819034051119132e-02 1.032988627524921571e-01 1.280783010053735682e-01
-1.280782981850896174e-01 -1.032988877189160715e-01 -8.192690255230281049e-02 -8.002258300523289181e-02 -7.939534873554814076e-02 -6.821543852947756226e-02 -6.635284157659297744e-02 -6.546277134327985192e-02 -5.918376925945734168e-02 -5.836531759588420992e-02 -4.102316356010823201e-02 -3.515632475373896976e-02 -3.311970844582032281e-02 -1.997308006697091909e-02 -1.291192776549969154e-02 1.291192776549957878e-02 1.997308006697093297e-02 3.311970844582024648e-02 3.515632475373897670e-02 4.102316356010857895e-02 5.836531759588412666e-02 5.918376925945721678e-02 6.546277134328007397e-02 6.635284157659293580e-02 6.821543852947713205e-02 7.939534873554818240e-02 8.002258300523305834e-02 8.192690255230279661e-02 1.032988877189168347e-01 1.280782981850896451e-01
-1.280782944310178417e-01 -1.032989209389276464e-01 -8.229794294600807636e-02 -8.002239170762338871e-02 -7.904352707870405947e-02 -6.895010835232637247e-02 -6.694819349615269144e-02 -6.517202823738577067e-02 -5.836862252068718976e-02 -5.797115121811120125e-02 -4.101901147915687496e-02 -3.536021358251095065e-02 -3.292063915431008014e-02 -2.004683098639525873e-02 -1.277476309712802412e-02 1.277476309712797901e-02 2.004683098639515465e-02 3.292063915431013565e-02 3.536021358251070085e-02 4.101901147915681944e-02 5.797115121811100003e-02 5.836862252068668322e-02 6.517202823738581230e-02 6.694819349615287185e-02 6.895010835232637247e-02 7.904352707870400396e-02 8.002239170762355525e-02 8.229794294600717430e-02 1.032989209389275492e-01 1.280782944310178972e-01
-1.280782897483391525e-01 -1.032989623539337654e-01 -8.267131139603811629e-02 -8.002215596801055819e-02 -7.869452169873400460e-02 -6.978371210590493534e-02 -6.742241222090814001e-02 -6.488721042959758045e-02 -5.836950591734977462e-02 -5.673601980327990651e-02 -4.101389406072505212e-02 -3.557480084008634441e-02 -3.271161299566452407e-02 -2.013512508516191943e-02 -1.260725849391688969e-02 1.260725849391682030e-02 2.013512508516181881e-02 3.271161299566427427e-02 3.557480084008626808e-02 4.101389406072464966e-02 5.673601980327992039e-02 5.836950591734972604e-02 6.488721042959759433e-02 6.742241222090857022e-02 6.978371210590467166e-02 7.869452169873396297e-02 8.002215596801051656e-02 8.267131139603808854e-02 1.032989623539337931e-01 1.280782897483397631e-01
-1.280782841432152597e-01 -1.032990118909045130e-01 -8.304700636668510549e-02 -8.002187813155003937e-02 -7.834867715923331255e-02 -7.066444520989786926e-02 -6.782718340535145995e-02 -6.460704624087661163e-02 -5.837154894911242287e-02 -5.547697569107638144e-02 -4.100786042957503541e-02 -3.579545298893224009e-02 -3.249690003068810007e-02 -2.023592219687740668e-02 -1.241149124133905136e-02 1.241149124133898024e-02 2.023592219687734076e-02 3.249690003068793354e-02 3.579545298893195560e-02 4.100786042957483418e-02 5.547697569107619409e-02 5.837154894911238817e-02 6.460704624087654224e-02 6.782718340535133505e-02 7.066444520989771660e-02 7.834867715923327092e-02 8.002187813155051122e-02 8.304700636668477243e-02 1.032990118909044852e-01 1.280782841432155095e-01
-1.280782776225105613e-01 -1.032990694625063877e-01 -8.342502279273057708e-02 -8.002156164286444717e-02 -7.800660011936987048e-02 -7.155872238315434675e-02 -6.819578798859483870e-02 -6.433064727535295346e-02 -5.837401745543121384e-02 -5.419675919341922915e-02 -4.100096925920265756e-02 -3.601929857325530948e-02 -3.227886918854440401e-02 -2.034717924495372393e-02 -1.218954824046526546e-02 1.218954824046538168e-02 2.034717924495384189e-02 3.227886918854427217e-02 3.601929857325535111e-02 4.100096925920301144e-02 5.419675919341916670e-02 5.837401745543083914e-02 6.433064727535250937e-02 6.819578798859451951e-02 7.155872238315427736e-02 7.800660011937038396e-02 8.002156164286441942e-02 8.342502279273070198e-02 1.032990694625070122e-01 1.280782776225107833e-01
-1.280782701933780854e-01 -1.032991349672762460e-01 -8.380535021437951482e-02 -8.002121145797895518e-02 -7.766944143489640240e-02 -7.244838052189846167e-02 -6.854561206454690137e-02 -6.405736065812715763e-02 -5.837685006181729530e-02 -5.289746768305732261e-02 -4.099328676194909787e-02 -3.624426795468416174e-02 -3.205889327226191243e-02 -2.046694190480020589e-02 -1.194343389074839328e-02 1.194343389074849736e-02 2.046694190480023712e-02 3.205889327226220387e-02 3.624426795468408541e-02 4.099328676194943094e-02 5.289746768305695485e-02 5.837685006181751735e-02 6.405736065812736579e-02 6.854561206454720668e-02 7.244838052189842004e-02 7.766944143489658281e-02 8.002121145797871926e-02 8.380535021437969523e-02 1.032991349672765791e-01 1.280782701933780854e-01
-1.280782618626095382e-01 -1.032992082898114006e-01 -8.418797106130830599e-02 -8.002083486535462031e-02 -7.733965337650908212e-02 -7.332245274245667577e-02 -6.888561034165936736e-02 -6.378668402167966822e-02 -5.838002543074966022e-02 -5.158136686952728006e-02 -4.098488130669530188e-02 -3.646856896971398948e-02 -3.183778464316069229e-02 -2.059340213420637541e-02 -1.167501197628262842e-02 1.167501197628275159e-02 2.059340213420616725e-02 3.183778464316059514e-02 3.646856896971396866e-02 4.098488130669508678e-02 5.158136686952704414e-02 5.838002543074984063e-02 6.378668402167970986e-02 6.888561034165983921e-02 7.332245274245684230e-02 7.733965337650836047e-02 8.002083486535507828e-02 8.418797106130908314e-02 1.032992082898109149e-01 1.280782618626098712e-01
-1.280782526356054885e-01 -1.032992893009887503e-01 -8.457285904025022005e-02 -8.002044302109374840e-02 -7.702350657172141180e-02 -7.417036170562260611e-02 -6.922059004839821450e-02 -6.351821454478881468e-02 -5.838352969888147698e-02 -5.025113366330238862e-02 -4.097581028765335392e-02 -3.669032320210771636e-02 -3.161601152873772663e-02 -2.072492701767422382e-02 -1.138597608585041263e-02 1.138597608585043171e-02 2.072492701767422382e-02 3.161601152873781684e-02 3.669032320210761922e-02 4.097581028765336780e-02 5.025113366330206249e-02 5.838352969888122718e-02 6.351821454478917550e-02 6.922059004839804797e-02 7.417036170562280040e-02 7.702350657172128690e-02 8.002044302109326268e-02 8.457285904024962331e-02 1.032992893009880009e-01 1.280782526356057660e-01
-1.280782425146499981e-01 -1.032993778582189381e-01 -8.495997760984043412e-02 -8.002005398654545021e-02 -7.674258849482082367e-02 -7.496839696338702952e-02 -6.955322792442361624e-02 -6.325161727253898747e-02 -5.838735052805003878e-02 -4.891018032089251150e-02 -4.096608865568471258e-02 -3.690720137996340855e-02 -3.139380591723057307e-02 -2.086006636088764618e-02 -1.107784110366058852e-02 1.107784110366050526e-02 2.086006636088769822e-02 3.139380591723048286e-02 3.690720137996343631e-02 4.096608865568485136e-02 4.891018032089208822e-02 5.838735052805010817e-02 6.325161727253905686e-02 6.955322792442361624e-02 7.496839696338714054e-02 7.674258849482083755e-02 8.002005398654510326e-02 8.495997760984078107e-02 1.032993778582194377e-01 1.280782425146501646e-01
-1.280782314958771595e-01 -1.032994738057182865e-01 -8.534927854633053701e-02 -8.001969929048034780e-02 -7.661062420859582334e-02 -7.560195743120114165e-02 -6.988499646827744938e-02 -6.298660479588667760e-02 -5.839147535674176631e-02 -4.756322538154560825e-02 -4.095561139934379008e-02 -3.711590140776772906e-02 -3.117121229613273661e-02 -2.099754617094312659e-02 -1.075194860571615160e-02 1.075194860571617068e-02 2.099754617094291842e-02 3.117121229613263253e-02 3.711590140776777763e-02 4.095561139934350559e-02 4.756322538154562213e-02 5.839147535674128753e-02 6.298660479588669148e-02 6.988499646827737999e-02 7.560195743120125267e-02 7.661062420859554578e-02 8.001969929048081964e-02 8.534927854633035660e-02 1.032994738057180922e-01 1.280782314958783252e-01
-1.280782195636086807e-01 -1.032995769748065451e-01 -8.574070061911577556e-02 -8.001943990830784337e-02 -7.698087955554563933e-02 -7.571771858137513189e-02 -7.021657375010131874e-02 -6.272292387528607960e-02 -5.839589065568092513e-02 -4.621744481028529361e-02 -4.094394909218147111e-02 -3.731120343160843067e-02 -3.094809816163636776e-02 -2.113625378831297461e-02 -1.040948036466043253e-02 1.040948036466022263e-02 2.113625378831292256e-02 3.094809816163597224e-02 3.731120343160829883e-02 4.094394909218131845e-02 4.621744481028507850e-02 5.839589065568097370e-02 6.272292387528599633e-02 7.021657375010119384e-02 7.571771858137472944e-02 7.698087955554594464e-02 8.001943990830800990e-02 8.574070061911563678e-02 1.032995769748074610e-01 1.280782195636080423e-01
-1.280782066788450912e-01 -1.032996871842462028e-01 -8.613416840762803950e-02 -8.001941233678480647e-02 -7.767120916699739308e-02 -7.549840698008081219e-02 -7.054797110498416124e-02 -6.246034646529785572e-02 -5.840058144803502577e-02 -4.488508610772425772e-02 -4.092974127353274372e-02 -3.748399200543194726e-02 -3.072413225242320509e-02 -2.127521882701891021e-02 -1.005147577496596709e-02 1.005147577496581617e-02 2.127521882701891368e-02 3.072413225242349999e-02 3.748399200543196114e-02 4.092974127353270902e-02 4.488508610772418833e-02 5.840058144803522006e-02 6.246034646529817491e-02 7.054797110498463308e-02 7.549840698008031259e-02 7.767120916699747635e-02 8.001941233678476484e-02 8.613416840762810889e-02 1.032996871842465081e-01 1.280782066788459239e-01
-1.280781927534752895e-01 -1.032998042405843669e-01 -8.652959130120538300e-02 -8.002000085903412940e-02 -7.841203284285806763e-02 -7.521473997702471381e-02 -7.087844122465178365e-02 -6.219866364116234669e-02 -5.840553084689479452e-02 -4.359031918251954352e-02 -4.090851743105786142e-02 -3.761664876932143547e-02 -3.049872557343862034e-02 -2.141359265409223736e-02 -9.678850437304077625e-03 9.678850437304060278e-03 2.141359265409227552e-02 3.049872557343846075e-02 3.761664876932165058e-02 4.090851743105781285e-02 4.359031918251946719e-02 5.840553084689473207e-02 6.219866364116232588e-02 7.087844122465192243e-02 7.521473997702476932e-02 7.841203284285802599e-02 8.002000085903429594e-02 8.652959130120520259e-02 1.032998042405843253e-01 1.280781927534755671e-01
-1.280781775837980252e-01 -1.032999279385416747e-01 -8.692686273104317796e-02 -8.002287079171797879e-02 -7.915102227555000092e-02 -7.492008030902948257e-02 -7.120610008496991439e-02 -6.193768154042487289e-02 -5.841071947620559562e-02 -4.239150818280817273e-02 -4.086204300327601902e-02 -3.767155293101272229e-02 -3.027091765326772599e-02 -2.155062804353025802e-02 -9.292414241589452145e-03 9.292414241589318571e-03 2.155062804353020250e-02 3.027091765326751088e-02 3.767155293101307617e-02 4.086204300327590105e-02 4.239150818280804089e-02 5.841071947620605359e-02 6.193768154042518514e-02 7.120610008496984500e-02 7.492008030902966298e-02 7.915102227555000092e-02 8.002287079171770123e-02 8.692686273104316408e-02 1.032999279385412028e-01 1.280781775837983305e-01
-1.280781606418271712e-01 -1.033000580614185510e-01 -8.732585968764515483e-02 -8.005599865039449148e-02 -7.984904577920086399e-02 -7.463038473616251389e-02 -7.152699994936537187e-02 -6.167721881991504451e-02 -5.841612464586920517e-02 -4.147793694252446123e-02 -4.068806416717511698e-02 -3.756482274591792930e-02 -3.003916941894910556e-02 -2.168565987118120306e-02 -8.892888066675657885e-03 8.892888066675812275e-03 2.168565987118139388e-02 3.003916941894930678e-02 3.756482274591815135e-02 4.068806416717535984e-02 4.147793694252426000e-02 5.841612464586905945e-02 6.167721881991508615e-02 7.152699994936563554e-02 7.463038473616238899e-02 7.984904577920041990e-02 8.005599865039508822e-02 8.732585968764476625e-02 1.033000580614186620e-01 1.280781606418276153e-01
-1.280781401714980727e-01 -1.033001943815279322e-01 -8.772644257771805565e-02 -8.062052183345122525e-02 -8.000163268491380930e-02 -7.435806861347696306e-02 -7.183294723455688202e-02 -6.141710541066547346e-02 -5.842171909652999623e-02 -4.115813536544484647e-02 -4.023140449376830241e-02 -3.714727908239148085e-02 -2.980098202215657188e-02 -2.181808721411463911e-02 -8.480918734638064407e-03 8.480918734638118184e-03 2.181808721411452809e-02 2.980098202215642617e-02 3.714727908239162657e-02 4.023140449376831629e-02 4.115813536544498524e-02 5.842171909652986439e-02 6.141710541066570245e-02 7.183294723455685427e-02 7.435806861347729613e-02 8.000163268491351787e-02 8.062052183345097545e-02 8.772644257771809728e-02 1.033001943815279600e-01 1.280781401714974621e-01
-1.280781055161919202e-01 -1.033003366606579237e-01 -8.812845547058109630e-02 -8.131742302415922996e-02 -8.000676864968589430e-02 -7.412261616246970664e-02 -7.210640897713958830e-02 -6.115718261924437543e-02 -5.842746900155140061e-02 -4.110966561835370514e-02 -3.990623939973098055e-02 -3.633311907173561450e-02 -2.955216957625644500e-02 -2.194735690841257553e-02 -8.057092194794975362e-03 8.057092194794748113e-03 2.194735690841216613e-02 2.955216957625602867e-02 3.633311907173553817e-02 3.990623939973106382e-02 4.110966561835341371e-02 5.842746900155156020e-02 6.115718261924453503e-02 7.210640897713969932e-02 7.412261616246908214e-02 8.000676864968608859e-02 8.131742302415950752e-02 8.812845547058051343e-02 1.033003366606574103e-01 1.280781055161916981e-01
-1.279893520416677533e-01 -1.033004846505530816e-01 -8.853172677550839864e-02 -8.200340996729069132e-02 -8.000759575945370905e-02 -7.396170652311630234e-02 -7.231080323697634815e-02 -6.089730497403328391e-02 -5.843333064994998133e-02 -4.112307061650485873e-02 -3.980975227853995185e-02 -3.524377322480776176e-02 -2.928540682393133629e-02 -2.207294843810190740e-02 -7.621945135408136722e-03 7.621945135408162743e-03 2.207294843810185883e-02 2.928540682393133629e-02 3.524377322480794217e-02 3.980975227853982001e-02 4.112307061650473383e-02 5.843333064994952336e-02 6.089730497403362391e-02 7.231080323697597345e-02 7.396170652311649663e-02 8.000759575945373681e-02 8.200340996729035825e-02 8.853172677550841252e-02 1.033004846505525265e-01 1.279893520416677533e-01
-1.275449543300912203e-01 -1.033006380934419072e-01 -8.893607037798575976e-02 -8.267541727762790782e-02 -8.000743296490357703e-02 -7.393296891275670524e-02 -7.238921787783791917e-02 -6.063734482807784515e-02 -5.843924467667693801e-02 -4.116862291945374425e-02 -3.982738790129289330e-02 -3.403893298196823680e-02 -2.898721191377927331e-02 -2.219435991947697404e-02 -7.175975385751697314e-03 7.175975385751709457e-03 2.219435991947696016e-02 2.898721191377941556e-02 3.403893298196843803e-02 3.982738790129287249e-02 4.116862291945384833e-02 5.843924467667675759e-02 6.063734482807831699e-02 7.238921787783780815e-02 7.393296891275667748e-02 8.000743296490307743e-02 8.267541727762758863e-02 8.893607037798580139e-02 1.033006380934414908e-01 1.275449543300911925e-01
-1.271017993959475956e-01 -1.033007967225686163e-01 -8.934128724512839514e-02 -8.333331647053303370e-02 -8.000687189778851738e-02 -7.406449886903597457e-02 -7.231408448655614329e-02 -6.037720202007593184e-02 -5.844512545331428943e-02 -4.124301336294258769e-02 -3.988652558480194205e-02 -3.282244847480118854e-02 -2.863170372950472192e-02 -2.231109484907475154e-02 -6.719651625425443302e-03 6.719651625425428557e-03 2.231109484907465093e-02 2.863170372950456927e-02 3.282244847480113303e-02 3.988652558480216409e-02 4.124301336294262238e-02 5.844512545331451842e-02 6.037720202007597348e-02 7.231408448655612942e-02 7.406449886903591906e-02 8.000687189778862840e-02 8.333331647053283942e-02 8.934128724512847841e-02 1.033007967225686580e-01 1.271017993959478454e-01
-1.266602385565431532e-01 -1.033009602627740081e-01 -8.974716748960047397e-02 -8.397750030371925467e-02 -8.000610129223539868e-02 -7.431589961173232228e-02 -7.212622407585168871e-02 -6.011682397607170242e-02 -5.845084019588496493e-02 -4.134706839570580911e-02 -3.995265076920238856e-02 -3.167926549074485260e-02 -2.816979862333739495e-02 -2.242264908463691142e-02 -6.253423106188619671e-03 6.253423106188642222e-03 2.242264908463707448e-02 2.816979862333737761e-02 3.167926549074518566e-02 3.995265076920264530e-02 4.134706839570613524e-02 5.845084019588470819e-02 6.011682397607214651e-02 7.212622407585120299e-02 7.431589961173222514e-02 8.000610129223473255e-02 8.397750030371890773e-02 8.974716748960039070e-02 1.033009602627745355e-01 1.266602385565435418e-01
-1.262205180739071064e-01 -1.033011284311027983e-01 -9.015349285890465747e-02 -8.460854025967254333e-02 -8.000520111152135960e-02 -7.463533274446161603e-02 -7.187784043277466173e-02 -5.985624990506070026e-02 -5.845616409279989073e-02 -4.148076047041887593e-02 -4.001009622890012302e-02 -3.070424299669104878e-02 -2.752467209484696017e-02 -2.252849685291319348e-02 -5.777730364851782485e-03 5.777730364851700086e-03 2.252849685291325246e-02 2.752467209484691854e-02 3.070424299669093429e-02 4.001009622889999812e-02 4.148076047041879266e-02 5.845616409279943276e-02 5.985624990506070026e-02 7.187784043277507806e-02 7.463533274446108867e-02 8.000520111152108205e-02 8.460854025967284864e-02 9.015349285890451869e-02 1.033011284311026595e-01 1.262205180739070787e-01
-1.257828666772799475e-01 -1.033013009374404573e-01 -9.056003959487238242e-02 -8.522708848303243989e-02 -8.000421206453191270e-02 -7.499319706386460560e-02 -7.159886537870890910e-02 -5.959571813098558241e-02 -5.846067237844608522e-02 -4.164186079615985608e-02 -4.005310582119864932e-02 -2.996850565160786087e-02 -2.663573459667003401e-02 -2.262807174228062199e-02 -5.293018332155653705e-03 5.293018332155761257e-03 2.262807174228072954e-02 2.663573459666970095e-02 2.996850565160792332e-02 4.005310582119879503e-02 4.164186079615993935e-02 5.846067237844628645e-02 5.959571813098527709e-02 7.159886537870917278e-02 7.499319706386506357e-02 8.000421206453185718e-02 8.522708848303345297e-02 9.056003959487249344e-02 1.033013009374404295e-01 1.257828666772805304e-01
-1.253474969452016141e-01 -1.033014774851940265e-01 -9.096658158892426127e-02 -8.583383681089501449e-02 -8.000315807718270944e-02 -7.537549098181609009e-02 -7.130361028105075549e-02 -5.933596808183008026e-02 -5.846343780822979563e-02 -4.182644797322692537e-02 -4.008119535181745713e-02 -2.945252833797104564e-02 -2.552975858268071233e-02 -2.272072299222940503e-02 -4.799753925412951483e-03 4.799753925413068577e-03 2.272072299222950217e-02 2.552975858268066028e-02 2.945252833797093461e-02 4.008119535181711018e-02 4.182644797322686292e-02 5.846343780822997604e-02 5.933596808183002475e-02 7.130361028105086652e-02 7.537549098181582641e-02 8.000315807718215433e-02 8.583383681089545858e-02 9.096658158892356738e-02 1.033014774851935685e-01 1.253474969452022525e-01
-1.249146045883589157e-01 -1.033016577720133611e-01 -9.137289374410953458e-02 -8.642949489000202601e-02 -8.000205521229572514e-02 -7.577552191457016806e-02 -7.099906503650968426e-02 -5.907929169994013963e-02 -5.846197875366001412e-02 -4.203008429606987228e-02 -4.009620440423610627e-02 -2.908102745316127474e-02 -2.428804882338894688e-02 -2.280547841576954435e-02 -4.298451318565540274e-03 4.298451318565464814e-03 2.280547841576944720e-02 2.428804882338904056e-02 2.908102745316116025e-02 4.009620440423577320e-02 4.203008429607004576e-02 5.846197875365978514e-02 5.907929169993975105e-02 7.099906503650911527e-02 7.577552191457047337e-02 8.000205521229489247e-02 8.642949489000228969e-02 9.137289374410963172e-02 1.033016577720144019e-01 1.249146045883587769e-01
-1.244843676772001556e-01 -1.033018414905627902e-01 -9.177875544697870758e-02 -8.701477634667602323e-02 -8.000091589547998761e-02 -7.618992490705109311e-02 -7.068888450190378980e-02 -5.883446954259386602e-02 -5.844732263596007227e-02 -4.224871142272132452e-02 -4.010057570906262747e-02 -2.879345724557467665e-02 -2.299413860979416385e-02 -2.286375032902024720e-02 -3.789709889845979934e-03 3.789709889846028940e-03 2.286375032902033394e-02 2.299413860979420202e-02 2.879345724557479114e-02 4.010057570906293972e-02 4.224871142272145635e-02 5.844732263596002370e-02 5.883446954259396317e-02 7.068888450190405348e-02 7.618992490705057963e-02 8.000091589548063986e-02 8.701477634667592609e-02 9.177875544697894350e-02 1.033018414905628179e-01 1.244843676771999336e-01
-1.240569460715771760e-01 -1.033020283293403646e-01 -9.218395405183345270e-02 -8.759038899524507205e-02 -7.999975143921068954e-02 -7.661693985385634176e-02 -7.037511409931007655e-02 -5.864301353750790702e-02 -5.837776272489956370e-02 -4.247901819296547032e-02 -4.009657310483161208e-02 -2.855613609986017501e-02 -2.295470416480869386e-02 -2.162681186184219409e-02 -3.274272825889379401e-03 3.274272825889348176e-03 2.162681186184221491e-02 2.295470416480864181e-02 2.855613609986028603e-02 4.009657310483154269e-02 4.247901819296523440e-02 5.837776272489991758e-02 5.864301353750803192e-02 7.037511409931034023e-02 7.661693985385630012e-02 7.999975143921037035e-02 8.759038899524485000e-02 9.218395405183280045e-02 1.033020283293403230e-01 1.240569460715773425e-01
-1.236324810936768187e-01 -1.033022179735798574e-01 -9.258828828728690730e-02 -8.815702738540705241e-02 -7.999857425613589312e-02 -7.705563678515246762e-02 -7.005896549356280256e-02 -5.856974222337895525e-02 -5.818828246746290955e-02 -4.271845625118216028e-02 -4.008604389654130823e-02 -2.835179085368787211e-02 -2.301284215118984053e-02 -2.027334229538641994e-02 -2.753119321684408764e-03 2.753119321684406162e-03 2.027334229538631932e-02 2.301284215118960114e-02 2.835179085368774027e-02 4.008604389654140537e-02 4.271845625118185497e-02 5.818828246746269445e-02 5.856974222337927444e-02 7.005896549356308012e-02 7.705563678515260639e-02 7.999857425613590700e-02 8.815702738540777406e-02 9.258828828728685179e-02 1.033022179735803153e-01 1.236324810936767632e-01
-1.232110954390981672e-01 -1.033024101062199746e-01 -9.299157150970333019e-02 -8.871536688519957026e-02 -7.999740101853371199e-02 -7.750554209051765953e-02 -6.974118905733002471e-02 -5.855438236295385651e-02 -5.793895345678569397e-02 -4.296511413804848106e-02 -4.007041894113803210e-02 -2.817146918864276220e-02 -2.306120121362303238e-02 -1.892471720115503769e-02 -2.227611653806349772e-03 2.227611653806400079e-03 1.892471720115499953e-02 2.306120121362296646e-02 2.817146918864276914e-02 4.007041894113779618e-02 4.296511413804805779e-02 5.793895345678586051e-02 5.855438236295373161e-02 6.974118905733019125e-02 7.750554209051790933e-02 7.999740101853375362e-02 8.871536688519962577e-02 9.299157150970313590e-02 1.033024101062200717e-01 1.232110954390986529e-01
-1.227928933063355543e-01 -1.033026044089808276e-01 -9.339363474886247518e-02 -8.926605888101162012e-02 -7.999625932599892242e-02 -7.796644172881052326e-02 -6.942226495224274041e-02 -5.855311193727866931e-02 -5.767339203403325232e-02 -4.321756803345159353e-02 -4.005078710366383188e-02 -2.801041395110915808e-02 -2.309848946814182027e-02 -1.759300638474449799e-02 -1.699732501644215122e-03 1.699732501644235071e-03 1.759300638474464024e-02 2.309848946814182374e-02 2.801041395110919971e-02 4.005078710366408862e-02 4.321756803345137843e-02 5.767339203403341885e-02 5.855311193727869012e-02 6.942226495224324001e-02 7.796644172881050938e-02 7.999625932599846445e-02 8.926605888101220299e-02 9.339363474886293315e-02 1.033026044089803142e-01 1.227928933063356653e-01
-1.223779607190764313e-01 -1.033028005635662355e-01 -9.379432951662940166e-02 -8.980972684985655263e-02 -7.999520632962886513e-02 -7.843825887102066907e-02 -6.910250716960029960e-02 -5.855642158695168603e-02 -5.740089746259106895e-02 -4.347475354613965920e-02 -4.002797710661396002e-02 -2.786606307229982579e-02 -2.312378654330771513e-02 -1.628916517267692265e-02 -1.172471655097075344e-03 1.172471655096990993e-03 1.628916517267685674e-02 2.312378654330785044e-02 2.786606307229979804e-02 4.002797710661378655e-02 4.347475354613963838e-02 5.740089746259136039e-02 5.855642158695183175e-02 6.910250716960071593e-02 7.843825887102079397e-02 7.999520632962876798e-02 8.980972684985660814e-02 9.379432951662973472e-02 1.033028005635660967e-01 1.223779607190760288e-01
-1.219663660133429445e-01 -1.033029982530259266e-01 -9.419353037773459114e-02 -9.034696313649120958e-02 -7.999439885569394060e-02 -7.892092388867193165e-02 -6.878212320758574083e-02 -5.856171607342457869e-02 -5.712385011166198900e-02 -4.373586751145966400e-02 -4.000262590777359240e-02 -2.773703938825907225e-02 -2.313626484490749480e-02 -1.502505292919340853e-02 -6.504603682538632244e-04 6.504603682538032680e-04 1.502505292919335995e-02 2.313626484490770643e-02 2.773703938825893001e-02 4.000262590777390465e-02 4.373586751145952523e-02 5.712385011166157267e-02 5.856171607342472440e-02 6.878212320758576859e-02 7.892092388867189001e-02 7.999439885569406550e-02 9.034696313649193122e-02 9.419353037773464665e-02 1.033029982530252050e-01 1.219663660133436245e-01
-1.215581604609538707e-01 -1.033031971633292245e-01 -9.459113731164998928e-02 -9.087832629808410834e-02 -7.999452948244559214e-02 -7.941390179653463888e-02 -6.846124989490053048e-02 -5.856803455297091010e-02 -5.684299087331382005e-02 -4.400029625925053200e-02 -3.997523056830997595e-02 -2.762260214590209206e-02 -2.313518926339330761e-02 -1.381509000338444065e-02 -1.410113098807310697e-04 1.410113098807340784e-04 1.381509000338454474e-02 2.313518926339320353e-02 2.762260214590177634e-02 3.997523056830969840e-02 4.400029625925028220e-02 5.684299087331396577e-02 5.856803455297142358e-02 6.846124989490094681e-02 7.941390179653411152e-02 7.999452948244480111e-02 9.087832629808360874e-02 9.459113731164989214e-02 1.033031971633299045e-01 1.215581604609537320e-01
-1.211533790013810952e-01 -1.033033969852139577e-01 -9.498707792488934876e-02 -9.140433888473829815e-02 -8.001116732117301289e-02 -7.990182801903510101e-02 -6.813997577683333917e-02 -5.857493918262132032e-02 -5.655853231940703718e-02 -4.426756410145940568e-02 -3.994618606962297563e-02 -2.752232394749816805e-02 -2.311995351749742897e-02 -1.267824487213125434e-02 -3.442069068724560948e-04 3.442069068725167017e-04 1.267824487213130638e-02 2.311995351749736999e-02 2.752232394749811600e-02 3.994618606962298257e-02 4.426756410145950282e-02 5.655853231940697473e-02 5.857493918262107746e-02 6.813997577683350571e-02 7.990182801903489285e-02 8.001116732117288799e-02 9.140433888473797897e-02 9.498707792488943202e-02 1.033033969852142075e-01 1.211533790013813311e-01
-1.207520410555086021e-01 -1.033035974164067533e-01 -9.538130960345456155e-02 -9.192548551662912959e-02 -8.044482772355326938e-02 -7.998442271652095314e-02 -6.781835561995740169e-02 -5.858219868670107300e-02 -5.627047500854657353e-02 -4.453729636025205441e-02 -3.991581247903693702e-02 -2.743588705247438503e-02 -2.309012244368916986e-02 -1.164069404289107268e-02 -7.866302219935343088e-04 7.866302219936193102e-04 1.164069404289098421e-02 2.309012244368908312e-02 2.743588705247446483e-02 3.991581247903728397e-02 4.453729636025181154e-02 5.627047500854671230e-02 5.858219868670059421e-02 6.781835561995706863e-02 7.998442271652096702e-02 8.044482772355303346e-02 9.192548551662881040e-02 9.538130960345514442e-02 1.033035974164070586e-01 1.207520410555090046e-01
-1.203541513967069515e-01 -1.033037981643500913e-01 -9.577382172578664810e-02 -9.244221110304363942e-02 -8.097221575657641279e-02 -7.998523573497778871e-02 -6.749642013090811909e-02 -5.858967625858169104e-02 -5.597871962652565397e-02 -4.480919255487306879e-02 -3.988437441276745238e-02 -2.736295166089237896e-02 -2.304546827593428882e-02 -1.073901199381139399e-02 -1.157564539163744499e-03 1.157564539163669038e-03 1.073901199381136796e-02 2.304546827593434086e-02 2.736295166089238590e-02 3.988437441276740381e-02 4.480919255487318675e-02 5.597871962652585520e-02 5.858967625858163553e-02 6.749642013090800807e-02 7.998523573497745565e-02 8.097221575657632953e-02 9.244221110304409739e-02 9.577382172578674524e-02 1.033037981643495778e-01 1.203541513967072984e-01
-1.199597010569228572e-01 -1.033039989496208760e-01 -9.616463808831379745e-02 -9.295491902766710168e-02 -8.151334505126692220e-02 -7.998451877255809139e-02 -6.717418268136926551e-02 -5.859728318160771499e-02 -5.568311366357533293e-02 -4.508300655642749621e-02 -3.985209503159950484e-02 -2.730307526442882216e-02 -2.298599272866931956e-02 -1.002201787443349375e-02 -1.416124663091856755e-03 1.416124663091699546e-03 1.002201787443346946e-02 2.298599272866921200e-02 2.730307526442875971e-02 3.985209503159935912e-02 4.508300655642751009e-02 5.568311366357523579e-02 5.859728318160759009e-02 6.717418268136991777e-02 7.998451877255828568e-02 8.151334505126736629e-02 9.295491902766706005e-02 9.616463808831404725e-02 1.033039989496212924e-01 1.199597010569237870e-01
-1.195686682478832724e-01 -1.033041995103491789e-01 -9.655381972974795557e-02 -9.346396909836733602e-02 -8.206730173483078872e-02 -7.998345396621393821e-02 -6.685164411277466634e-02 -5.860495730467275843e-02 -5.538347362566242021e-02 -4.535853141051447018e-02 -3.981916617480683873e-02 -2.725567290679557775e-02 -2.291192980680455127e-02 -9.545596336403202112e-03 -1.514021913219373112e-03 1.514021913219370293e-03 9.545596336403247215e-03 2.291192980680457555e-02 2.725567290679565755e-02 3.981916617480711629e-02 4.535853141051502530e-02 5.538347362566276716e-02 5.860495730467318864e-02 6.685164411277422225e-02 7.998345396621313330e-02 8.206730173483074708e-02 9.346396909836764133e-02 9.655381972974798332e-02 1.033041995103496230e-01 1.195686682478829393e-01
-1.191810192799099416e-01 -1.033043996080263566e-01 -9.694146837815313666e-02 -9.396967502822829721e-02 -8.263413346823765548e-02 -7.998225819764775979e-02 -6.652879628358573938e-02 -5.861265212871849539e-02 -5.507959722872175085e-02 -4.563558712344438495e-02 -3.978575575967713274e-02 -2.722001100168528268e-02 -2.282372835881328610e-02 -9.353599311505717689e-03 -1.414109555802549149e-03 1.414109555802702889e-03 9.353599311505820038e-03 2.282372835881334161e-02 2.722001100168542492e-02 3.978575575967689681e-02 4.563558712344418372e-02 5.507959722872149411e-02 5.861265212871794722e-02 6.652879628358579489e-02 7.998225819764893940e-02 8.263413346823797467e-02 9.396967502822808904e-02 9.694146837815306728e-02 1.033043996080262178e-01 1.191810192799107326e-01
-1.187967094632118442e-01 -1.033045990354008736e-01 -9.732773078757431251e-02 -9.447230117708008135e-02 -8.321402359702473328e-02 -7.998100267416417830e-02 -6.620562477967895099e-02 -5.862033086796459430e-02 -5.477127153595116871e-02 -4.591401005158479709e-02 -3.975201323230034139e-02 -2.719522671779677284e-02 -2.272201767674739137e-02 -9.452755864437034292e-03 -1.114821377039111302e-03 1.114821377039115421e-03 9.452755864437101946e-03 2.272201767674719361e-02 2.719522671779658202e-02 3.975201323230019568e-02 4.591401005158458892e-02 5.477127153595058584e-02 5.862033086796409470e-02 6.620562477967853465e-02 7.998100267416397013e-02 8.321402359702437246e-02 9.447230117708037278e-02 9.732773078757403495e-02 1.033045990354015953e-01 1.187967094632123161e-01
-1.184156839785700660e-01 -1.033047976274613505e-01 -9.771280427835409010e-02 -9.497205824008030095e-02 -8.380717915538775376e-02 -7.997971875667192476e-02 -6.588211106113590898e-02 -5.862796302260703252e-02 -5.445828002622950248e-02 -4.619364264920088753e-02 -3.971807361737973718e-02 -2.718036381522097658e-02 -2.260756263312517847e-02 -9.808519882300680351e-03 -6.536906640760324020e-04 6.536906640761906955e-04 9.808519882300770557e-03 2.260756263312531725e-02 2.718036381522135475e-02 3.971807361738009107e-02 4.619364264920109570e-02 5.445828002622978697e-02 5.862796302260777498e-02 6.588211106113682491e-02 7.997971875667166108e-02 8.380717915538776763e-02 9.497205824008016217e-02 9.771280427835418725e-02 1.033047976274614338e-01 1.184156839785700105e-01
-1.180378787062704715e-01 -1.033049952771833702e-01 -9.809694384376732579e-02 -9.546909752551534234e-02 -8.441379933374268396e-02 -7.997842323248008367e-02 -6.555823422707927894e-02 -5.863552229614943379e-02 -5.414041063640018248e-02 -4.647432219538756570e-02 -3.968406055073369493e-02 -2.717441584449716355e-02 -2.248121610436493514e-02 -1.036721274773170533e-02 -8.474273184433633562e-05 8.474273184428152920e-05 1.036721274773168798e-02 2.248121610436501841e-02 2.717441584449717049e-02 3.968406055073343125e-02 4.647432219538766979e-02 5.414041063640005758e-02 5.863552229614962807e-02 6.555823422707948711e-02 7.997842323248002816e-02 8.441379933374285049e-02 9.546909752551491213e-02 9.809694384376725640e-02 1.033049952771825097e-01 1.180378787062695695e-01
-1.176632210035889192e-01 -1.033051919587893580e-01 -9.848047122522192443e-02 -9.596350342799103705e-02 -8.503406080448745741e-02 -7.997712650979547921e-02 -6.523397252176792172e-02 -5.864298526591483346e-02 -5.381746688231590914e-02 -4.675586663155618938e-02 -3.965008856517868163e-02 -2.717636917160658888e-02 -2.234387585456977521e-02 -1.107832359783252757e-02 -5.439700771623929686e-04 5.439700771624160621e-04 1.107832359783249461e-02 2.234387585456994868e-02 2.717636917160650561e-02 3.965008856517897307e-02 4.675586663155636286e-02 5.381746688231558995e-02 5.864298526591501387e-02 6.523397252176822703e-02 7.997712650979503513e-02 8.503406080448804027e-02 9.596350342799128685e-02 9.848047122522214647e-02 1.033051919587898299e-01 1.176632210035889747e-01
-1.172916304223166062e-01 -1.033053877633265255e-01 -9.886378636676183829e-02 -9.645528369755863862e-02 -8.566810772362851156e-02 -7.997583583313892797e-02 -6.490930466754023243e-02 -5.865033048819793399e-02 -5.348928509881031162e-02 -4.703805453512288626e-02 -3.961626482238807256e-02 -2.718524085610354510e-02 -2.219645152577637975e-02 -1.190265442004461577e-02 -1.198324413020024825e-03 1.198324413020059086e-03 1.190265442004466434e-02 2.219645152577632424e-02 2.718524085610350347e-02 3.961626482238853053e-02 4.703805453512317075e-02 5.348928509880971488e-02 5.865033048819826011e-02 6.490930466754014916e-02 7.997583583313894184e-02 8.566810772362892790e-02 9.645528369755901332e-02 9.886378636676163012e-02 1.033053877633264700e-01 1.172916304223165646e-01
-1.169230193584484129e-01 -1.033055829550790228e-01 -9.924738159237490864e-02 -9.694435717369495609e-02 -8.631604315539975758e-02 -7.997455672320337439e-02 -6.458421108585139792e-02 -5.865753785565096246e-02 -5.315576310649056113e-02 -4.732059392192956154e-02 -3.958269042898801549e-02 -2.720010918381443946e-02 -2.203984622223523898e-02 -1.281150214543303432e-02 -1.856817541873027324e-03 1.856817541872927795e-03 1.281150214543287993e-02 2.203984622223483306e-02 2.720010918381429027e-02 3.958269042898785589e-02 4.732059392192943664e-02 5.315576310649011010e-02 5.865753785565029632e-02 6.458421108585124526e-02 7.997455672320316622e-02 8.631604315539907757e-02 9.694435717369449812e-02 9.924738159237507518e-02 1.033055829550800081e-01 1.169230193584489125e-01
-1.165572936263149367e-01 -1.033057780650352558e-01 -9.963185862565764050e-02 -9.743053887472789831e-02 -8.697792085118249972e-02 -7.997329368729375054e-02 -6.425867505264587498e-02 -5.866458809445657119e-02 -5.281691060397478849e-02 -4.760306955804784190e-02 -3.954946143712826517e-02 -2.722013703853071870e-02 -2.187495814409522871e-02 -1.378366134825882022e-02 -2.506914800503232555e-03 2.506914800503303245e-03 1.378366134825878553e-02 2.187495814409535014e-02 2.722013703853081931e-02 3.954946143712844558e-02 4.760306955804780027e-02 5.281691060397495502e-02 5.866458809445680017e-02 6.425867505264586110e-02 7.997329368729406973e-02 8.697792085118287442e-02 9.743053887472767627e-02 9.963185862565734907e-02 1.033057780650353946e-01 1.165572936263143400e-01
-1.161943529488432825e-01 -1.033059740536394211e-01 -1.000179480539215571e-01 -9.791352283992776906e-02 -8.765373698633001365e-02 -7.997205059669394711e-02 -6.393268382643638170e-02 -5.867146232403798456e-02 -5.247294292527006354e-02 -4.788484711793455223e-02 -3.951666960286071700e-02 -2.724459009402685136e-02 -2.170271432136200787e-02 -1.480287830036664497e-02 -3.141850862792035584e-03 3.141850862791944511e-03 1.480287830036671956e-02 2.170271432136193154e-02 2.724459009402676116e-02 3.951666960286098762e-02 4.788484711793451060e-02 5.247294292527009130e-02 5.867146232403761680e-02 6.393268382643665926e-02 7.997205059669336424e-02 8.765373698632970834e-02 9.791352283992749150e-02 1.000179480539214460e-01 1.033059740536397680e-01 1.161943529488436988e-01
-1.158340913543030593e-01 -1.033061726118677942e-01 -1.004065298221254038e-01 -9.839286410684398854e-02 -8.834342170643215419e-02 -7.997083089882991991e-02 -6.360622978639442204e-02 -5.867814161666853184e-02 -5.212446740846752441e-02 -4.816488492431962587e-02 -3.948440295651043513e-02 -2.727285321628122525e-02 -2.152417182901866094e-02 -1.585609456493904459e-02 -3.758381682812943648e-03 3.758381682812893775e-03 1.585609456493901337e-02 2.152417182901849441e-02 2.727285321628111422e-02 3.948440295651035881e-02 4.816488492431981322e-02 5.212446740846745502e-02 5.867814161666878164e-02 6.360622978639413061e-02 7.997083089882912887e-02 8.834342170643154357e-02 9.839286410684412731e-02 1.004065298221254038e-01 1.033061726118676832e-01 1.158340913543032952e-01
-1.154763974672928378e-01 -1.033063767613490863e-01 -1.007986515642798342e-01 -9.886796289742055821e-02 -8.904683044235202349e-02 -7.996963774188087237e-02 -6.327931162467669013e-02 -5.868460649395164375e-02 -5.177288502879222321e-02 -4.844133060596889778e-02 -3.945274622547779303e-02 -2.730445002062264689e-02 -2.134080844348493905e-02 -1.693212908717342188e-02 -4.355324027309355993e-03 4.355324027309297880e-03 1.693212908717328657e-02 2.134080844348466843e-02 2.730445002062253934e-02 3.945274622547748772e-02 4.844133060596842594e-02 5.177288502879234811e-02 5.868460649395097067e-02 6.327931162467612114e-02 7.996963774188137197e-02 8.904683044235189859e-02 9.886796289741993371e-02 1.007986515642803060e-01 1.033063767613489475e-01 1.154763974672928101e-01
-1.151211546777181488e-01 -1.033065921705400986e-01 -1.011955388038560250e-01 -9.933805661036811119e-02 -8.976373500848014442e-02 -7.996847405037384171e-02 -6.295193565590614937e-02 -5.869083628118256651e-02 -5.142134637478306541e-02 -4.871056359193396551e-02 -3.942178113995438438e-02 -2.733907320262459612e-02 -2.115552977432754236e-02 -1.802001536987335104e-02 -4.932641186994867269e-03 4.932641186994825636e-03 1.802001536987330593e-02 2.115552977432761175e-02 2.733907320262459265e-02 3.942178113995421090e-02 4.871056359193406265e-02 5.142134637478269765e-02 5.869083628118250406e-02 6.295193565590617713e-02 7.996847405037343925e-02 8.976373500848025544e-02 9.933805661036756995e-02 1.011955388038556225e-01 1.033065921705400153e-01 1.151211546777177464e-01
-1.147682411651519685e-01 -1.033068304348027378e-01 -1.015985871752945469e-01 -9.980222826798686164e-02 -9.049381453202252901e-02 -7.996734257205528884e-02 -6.262411734524597762e-02 -5.869680820308509350e-02 -5.107731078598649194e-02 -4.896463462932736793e-02 -3.939158664478245586e-02 -2.737663900123498209e-02 -2.097777008640369298e-02 -1.910343915121795119e-02 -5.490885041260090867e-03 5.490885041260175868e-03 1.910343915121815589e-02 2.097777008640358543e-02 2.737663900123467331e-02 3.939158664478233096e-02 4.896463462932732630e-02 5.107731078598660296e-02 5.869680820308504493e-02 6.262411734524535312e-02 7.996734257205524721e-02 9.049381453202358372e-02 9.980222826798676450e-02 1.015985871752946440e-01 1.033068304348021132e-01 1.147682411651520101e-01
-1.144175297463700669e-01 -1.033071188810745639e-01 -1.020093212300238333e-01 -1.002594423403638385e-01 -9.123664628519391473e-02 -7.996624590727806348e-02 -6.229588323178567727e-02 -5.870249602912638864e-02 -5.076018863743433918e-02 -4.918362235218704664e-02 -3.936223903537847124e-02 -2.741739255298234618e-02 -2.087981102179985518e-02 -2.010403321675277230e-02 -6.030863837530179780e-03 6.030863837530144218e-03 2.010403321675277924e-02 2.087981102179981355e-02 2.741739255298243291e-02 3.936223903537863084e-02 4.918362235218689399e-02 5.076018863743435305e-02 5.870249602912661763e-02 6.229588323178545523e-02 7.996624590727838267e-02 9.123664628519369268e-02 1.002594423403639218e-01 1.020093212300234031e-01 1.033071188810742030e-01 1.144175297463699559e-01
-1.140688874991444279e-01 -1.033075395813909669e-01 -1.024292875162147037e-01 -1.007086176137914763e-01 -9.199169651312867624e-02 -7.996518652737978627e-02 -6.196727357233253880e-02 -5.870786792816076738e-02 -5.052254625363106211e-02 -4.931442743828866326e-02 -3.933381203173520746e-02 -2.746212437990992392e-02 -2.147422982963128821e-02 -2.040350851152483713e-02 -6.553449721249266294e-03 6.553449721249251549e-03 2.040350851152492040e-02 2.147422982963124657e-02 2.746212437990983371e-02 3.933381203173515889e-02 4.931442743828861469e-02 5.052254625363086782e-02 5.870786792816082289e-02 6.196727357233210165e-02 7.996518652738018873e-02 9.199169651312862073e-02 1.007086176137908240e-01 1.024292875162142874e-01 1.033075395813907449e-01 1.140688874991446361e-01
-1.137221750927493447e-01 -1.033084989807806775e-01 -1.028596791594336285e-01 -1.011487384955946089e-01 -9.275831137268103488e-02 -7.996416678594873984e-02 -6.163834633370660759e-02 -5.871288288904163988e-02 -5.045918665281438203e-02 -4.926169117873155368e-02 -3.930637680162435421e-02 -2.751264954210576319e-02 -2.251055379858602976e-02 -2.024636752679867535e-02 -7.059470658888648484e-03 7.059470658888686648e-03 2.024636752679862331e-02 2.251055379858609568e-02 2.751264954210577360e-02 3.930637680162483993e-02 4.926169117873163000e-02 5.045918665281428489e-02 5.871288288904152886e-02 6.163834633370686433e-02 7.996416678594876759e-02 9.275831137268110427e-02 1.011487384955935265e-01 1.028596791594335313e-01 1.033084989807801501e-01 1.137221750927493724e-01
-1.133772457200914185e-01 -1.033333061850051637e-01 -1.032786288163010519e-01 -1.015789898339431452e-01 -9.353570812560514647e-02 -7.996318892538496759e-02 -6.130918381551173774e-02 -5.871748441047561218e-02 -5.058196851277360628e-02 -4.901297609981261627e-02 -3.928000194200062523e-02 -2.757297913439351461e-02 -2.357050594300826030e-02 -2.004337111854680512e-02 -7.549651609344617403e-03 7.549651609344515055e-03 2.004337111854672532e-02 2.357050594300832622e-02 2.757297913439349726e-02 3.928000194200059747e-02 4.901297609981294934e-02 5.058196851277342587e-02 5.871748441047548034e-02 6.130918381551176549e-02 7.996318892538509249e-02 9.353570812560516035e-02 1.015789898339431174e-01 1.032786288163006355e-01 1.033333061850051221e-01 1.133772457200912104e-01
-1.130339434695745021e-01 -1.037637962721270901e-01 -1.033054668513658653e-01 -1.019988819863305446e-01 -9.432296676965579163e-02 -7.996225508030074813e-02 -6.097990469991261542e-02 -5.872158864987861437e-02 -5.080168534495797805e-02 -4.865688668563524638e-02 -3.925475342601806444e-02 -2.765257787909230699e-02 -2.460849083795283235e-02 -1.982770785782590056e-02 -8.024582815040820147e-03 8.024582815040835759e-03 1.982770785782592832e-02 2.460849083795288786e-02 2.765257787909238332e-02 3.925475342601821710e-02 4.865688668563525332e-02 5.080168534495773519e-02 5.872158864987914867e-02 6.097990469991289297e-02 7.996225508030066487e-02 9.432296676965575000e-02 1.019988819863301144e-01 1.033054668513662261e-01 1.037637962721267570e-01 1.130339434695745437e-01
-1.126921008816299530e-01 -1.042345509136779480e-01 -1.033064333784024652e-01 -1.024083250819440155e-01 -9.511902234998535766e-02 -7.996136727877264927e-02 -6.065068816208368102e-02 -5.872506038588134331e-02 -5.106193898960638411e-02 -4.824919612738919061e-02 -3.923069452193091861e-02 -2.777679865744012502e-02 -2.559070531885795918e-02 -1.960538523193600807e-02 -8.484701234225983102e-03 8.484701234226033409e-03 1.960538523193607746e-02 2.559070531885802510e-02 2.777679865743993767e-02 3.923069452193129331e-02 4.824919612738951674e-02 5.106193898960629390e-02 5.872506038588129473e-02 6.065068816208339653e-02 7.996136727877181660e-02 9.511902234998566297e-02 1.024083250819439600e-01 1.033064333784021183e-01 1.042345509136779480e-01 1.126921008816295089e-01
-1.123515352779134446e-01 -1.047207239590726008e-01 -1.033068703825663071e-01 -1.028076183672973348e-01 -9.592265827863190319e-02 -7.996052744211479268e-02 -6.032182756335458668e-02 -5.872765926378434309e-02 -5.134116128757393316e-02 -4.781082528476511551e-02 -3.920788568927717488e-02 -2.802037168175398885e-02 -2.643826930672889264e-02 -1.937856656105648584e-02 -8.930276032367172323e-03 8.930276032367144567e-03 1.937856656105654482e-02 2.643826930672882672e-02 2.802037168175388129e-02 3.920788568927708467e-02 4.781082528476535837e-02 5.134116128757423153e-02 5.872765926378428758e-02 6.032182756335412177e-02 7.996052744211491758e-02 9.592265827863229177e-02 1.028076183672975152e-01 1.033068703825670565e-01 1.047207239590731143e-01 1.123515352779127507e-01
-1.120120431788836357e-01 -1.052221097422362667e-01 -1.033075035346385784e-01 -1.031971068642415640e-01 -9.673250110849311578e-02 -7.995973738367471995e-02 -5.999386705160147243e-02 -5.872890299505754280e-02 -5.163081184315939515e-02 -4.734964598765433602e-02 -3.918638445714375806e-02 -2.853320628594515837e-02 -2.699849126896942605e-02 -1.914847949180300060e-02 -9.361391762649877435e-03 9.361391762649861822e-03 1.914847949180304570e-02 2.699849126896937401e-02 2.853320628594520347e-02 3.918638445714432011e-02 4.734964598765423194e-02 5.163081184315986005e-02 5.872890299505802159e-02 5.999386705160168753e-02 7.995973738367483097e-02 9.673250110849239414e-02 1.031971068642416473e-01 1.033075035346385367e-01 1.052221097422355728e-01 1.120120431788832333e-01
-1.116733916377663643e-01 -1.057386809113284309e-01 -1.035791113043189188e-01 -1.033069803136990872e-01 -9.754701735973199395e-02 -7.995899880694527784e-02 -5.966801805494070798e-02 -5.872765052626306020e-02 -5.192704311978992016e-02 -4.686881747874326737e-02 -3.916624528886216566e-02 -2.932139027489272243e-02 -2.726317050918727197e-02 -1.891610875377784315e-02 -9.777924065317472255e-03 9.777924065317441030e-03 1.891610875377783274e-02 2.726317050918720605e-02 2.932139027489301733e-02 3.916624528886190892e-02 4.686881747874362125e-02 5.192704311978987158e-02 5.872765052626307408e-02 5.966801805494044431e-02 7.995899880694570805e-02 9.754701735973234089e-02 1.033069803136989484e-01 1.035791113043186690e-01 1.057386809113285836e-01 1.116733916377660174e-01
-1.113353044172291223e-01 -1.062704282018083479e-01 -1.039527199908041044e-01 -1.033072424571371134e-01 -9.836451316354416496e-02 -7.995831330326726161e-02 -5.934781658151067757e-02 -5.872044427377356296e-02 -5.222790749087834888e-02 -4.636958141535986455e-02 -3.914751943717018068e-02 -3.022513241678694701e-02 -2.739041447083617395e-02 -1.868245087222971876e-02 -1.017950279277868297e-02 1.017950279277869338e-02 1.868245087222970488e-02 2.739041447083612191e-02 3.022513241678707191e-02 3.914751943717061783e-02 4.636958141535981598e-02 5.222790749087846685e-02 5.872044427377366010e-02 5.934781658151078859e-02 7.995831330326744202e-02 9.836451316354466456e-02 1.033072424571363779e-01 1.039527199908035771e-01 1.062704282018084728e-01 1.113353044172287198e-01
-1.109974392241710878e-01 -1.068174101038432688e-01 -1.043198709197748208e-01 -1.033073951276332614e-01 -9.918313761456525046e-02 -7.995768234928216089e-02 -5.904889933829768345e-02 -5.869173343110106744e-02 -5.253232168083733777e-02 -4.585230003198500354e-02 -3.913025479371392418e-02 -3.115802396148848255e-02 -2.746526997802986939e-02 -1.844865945867021212e-02 -1.056545663145498117e-02 1.056545663145487361e-02 1.844865945867018436e-02 2.746526997802968204e-02 3.115802396148853806e-02 3.913025479371376458e-02 4.585230003198532966e-02 5.253232168083710185e-02 5.869173343110073438e-02 5.904889933829719773e-02 7.995768234928221641e-02 9.918313761456512556e-02 1.033073951276336083e-01 1.043198709197748208e-01 1.068174101038435048e-01 1.109974392241708102e-01
-1.106593489806902836e-01 -1.073797933458437992e-01 -1.046815000389908351e-01 -1.033075137988872516e-01 -1.000008906750789600e-01 -7.995710730427769974e-02 -5.885261619916826170e-02 -5.856026085364680195e-02 -5.283963443134413740e-02 -4.531689165614435216e-02 -3.911449573669499580e-02 -3.209014315028017872e-02 -2.751656019232894684e-02 -1.821617111591864249e-02 -1.093473169675523472e-02 1.093473169675533360e-02 1.821617111591867372e-02 2.751656019232920705e-02 3.209014315028053260e-02 3.911449573669530805e-02 4.531689165614443543e-02 5.283963443134465782e-02 5.856026085364683664e-02 5.885261619916851150e-02 7.995710730427769974e-02 1.000008906750789045e-01 1.033075137988865994e-01 1.046815000389906269e-01 1.073797933458436188e-01 1.106593489806900199e-01
-1.103204148952700719e-01 -1.079578562605704589e-01 -1.050385543233658681e-01 -1.033076124345759100e-01 -1.008156359615707959e-01 -7.995658940752378707e-02 -5.880057096597822441e-02 -5.828452163679409548e-02 -5.314942638785580958e-02 -4.476303459320431916e-02 -3.910028298074191139e-02 -3.300992656622376425e-02 -2.755497591381018269e-02 -1.798684779232386302e-02 -1.128577456305523800e-02 1.128577456305528831e-02 1.798684779232397057e-02 2.755497591380998840e-02 3.300992656622387528e-02 3.910028298074195996e-02 4.476303459320415262e-02 5.314942638785574019e-02 5.828452163679435916e-02 5.880057096597844646e-02 7.995658940752378707e-02 1.008156359615713787e-01 1.033076124345762709e-01 1.050385543233664787e-01 1.079578562605702369e-01 1.103204148952693781e-01
-1.099797446114392369e-01 -1.085519234324900661e-01 -1.053919459152821425e-01 -1.033076967855995343e-01 -1.016251171189876262e-01 -7.995612977568579416e-02 -5.878759063767715481e-02 -5.796979327839794222e-02 -5.346140906895410772e-02 -4.419027249061607820e-02 -3.908765343392327923e-02 -3.391207789799621786e-02 -2.758513994382595647e-02 -1.776315632036417486e-02 -1.161636883427882676e-02 1.161636883427884410e-02 1.776315632036421649e-02 2.758513994382596687e-02 3.391207789799612765e-02 3.908765343392349434e-02 4.419027249061589085e-02 5.346140906895406608e-02 5.796979327839808793e-02 5.878759063767704379e-02 7.995612977568550273e-02 1.016251171189869185e-01 1.033076967855992290e-01 1.053919459152823229e-01 1.085519234324894416e-01 1.099797446114395560e-01
-1.096364996305068118e-01 -1.091616769768485457e-01 -1.057425777134566175e-01 -1.033077727120131767e-01 -1.024269715309353013e-01 -7.995572940036813070e-02 -5.878312063349659666e-02 -5.764674018751955731e-02 -5.377536977953740333e-02 -4.359807420330669842e-02 -3.907664006970515413e-02 -3.479384291518487077e-02 -2.760931090207667526e-02 -1.754839781942404281e-02 -1.192341676097525942e-02 1.192341676097516921e-02 1.754839781942407057e-02 2.760931090207660588e-02 3.479384291518504424e-02 3.907664006970548720e-02 4.359807420330678168e-02 5.377536977953801395e-02 5.764674018751923812e-02 5.878312063349659666e-02 7.995572940036857479e-02 1.024269715309343437e-01 1.033077727120131073e-01 1.057425777134560346e-01 1.091616769768483236e-01 1.096364996305072143e-01
-1.097929824758247797e-01 -1.092822583248738849e-01 -1.060914026806399763e-01 -1.033079669367548692e-01 -1.032186136756785139e-01 -7.995538914585927082e-02 -5.878141349489418577e-02 -5.732122548865688921e-02 -5.409113898181312080e-02 -4.298587127968112043e-02 -3.906727183136676773e-02 -3.565367971102683525e-02 -2.762869499152366057e-02 -1.734698356790854989e-02 -1.220267128391405720e-02 1.220267128391409189e-02 1.734698356790867133e-02 2.762869499152345934e-02 3.565367971102683525e-02 3.906727183136672610e-02 4.298587127968104410e-02 5.409113898181333591e-02 5.732122548865700717e-02 5.878141349489392903e-02 7.995538914585943735e-02 1.032186136756784028e-01 1.033079669367547027e-01 1.060914026806392962e-01 1.092822583248740098e-01 1.097929824758247241e-01
-1.099721902977330024e-01 -1.089196382439517607e-01 -1.064395284794129731e-01 -1.039978820305008100e-01 -1.033078397147174643e-01 -7.995510974709177376e-02 -5.878080838202188324e-02 -5.699503411348095377e-02 -5.440856804741896202e-02 -4.235308397224121085e-02 -3.905957362571631231e-02 -3.649071034478984510e-02 -2.764397814197236750e-02 -1.716471157938314479e-02 -1.244846530532268784e-02 1.244846530532288040e-02 1.716471157938320724e-02 2.764397814197255138e-02 3.649071034479010184e-02 3.905957362571648578e-02 4.235308397224154392e-02 5.440856804741882324e-02 5.699503411348125215e-02 5.878080838202224406e-02 7.995510974709173213e-02 1.033078397147174504e-01 1.039978820305007129e-01 1.064395284794126956e-01 1.089196382439517052e-01 1.099721902977331967e-01
-1.093624687212257918e-01 -1.085293931720027472e-01 -1.067883875142401906e-01 -1.047613824690947909e-01 -1.033078851055939384e-01 -7.995489180787355987e-02 -5.878066674086176308e-02 -5.666894638759863850e-02 -5.472750745443336062e-02 -4.169914131605830659e-02 -3.905356667153764283e-02 -3.730446465609690149e-02 -2.765556659946831822e-02 -1.700890487639993703e-02 -1.265357778093607194e-02 1.265357778093611184e-02 1.700890487640008622e-02 2.765556659946864435e-02 3.730446465609685291e-02 3.905356667153793426e-02 4.169914131605814700e-02 5.472750745443362430e-02 5.666894638759858299e-02 5.878066674086186022e-02 7.995489180787375416e-02 1.033078851055938829e-01 1.047613824690949019e-01 1.067883875142403294e-01 1.085293931720030663e-01 1.093624687212259722e-01
-1.087950111704338446e-01 -1.080831230270458826e-01 -1.071397745388369543e-01 -1.055056532237805128e-01 -1.033079129670992635e-01 -7.995473579940941267e-02 -5.878069882623579434e-02 -5.634344985691098345e-02 -5.504776020795551505e-02 -4.102349840766384564e-02 -3.904927127622811328e-02 -3.809474438509857785e-02 -2.766370500175475283e-02 -1.688812345279745025e-02 -1.280952499730584823e-02 1.280952499730587252e-02 1.688812345279751964e-02 2.766370500175481875e-02 3.809474438509840438e-02 3.904927127622825206e-02 4.102349840766363748e-02 5.504776020795571628e-02 5.634344985691117774e-02 5.878069882623614129e-02 7.995473579940903797e-02 1.033079129670985419e-01 1.055056532237799577e-01 1.071397745388366074e-01 1.080831230270456744e-01 1.087950111704337197e-01
-1.083043914800756735e-01 -1.075805089013651128e-01 -1.074634965568125600e-01 -1.062250384197513942e-01 -1.033079290138040202e-01 -7.995464205912081179e-02 -5.878076240223184534e-02 -5.601920728025787388e-02 -5.536880972729809475e-02 -4.032565342042209594e-02 -3.904678521644599359e-02 -3.886146748814204438e-02 -2.766853760449385080e-02 -1.681106226515985055e-02 -1.290766491863105589e-02 1.290766491863113569e-02 1.681106226516002056e-02 2.766853760449393754e-02 3.886146748814191254e-02 3.904678521644575073e-02 4.032565342042217227e-02 5.536880972729811556e-02 5.601920728025790164e-02 5.878076240223215065e-02 7.995464205912147793e-02 1.033079290138042700e-01 1.062250384197507419e-01 1.074634965568121853e-01 1.075805089013644328e-01 1.083043914800752294e-01
-1.078868994011546317e-01 -1.078867435697958566e-01 -1.069083175375669381e-01 -1.069082224685359017e-01 -1.033079342894181879e-01 -7.995461078980617420e-02 -5.878079024365367306e-02 -5.572574706871043226e-02 -5.566119846437254243e-02 -3.960521740745801683e-02 -3.960513078751847632e-02 -3.904571934094831082e-02 -2.767014054052005859e-02 -1.678450673161384007e-02 -1.294124326973986223e-02 1.294124326973988305e-02 1.678450673161385742e-02 2.767014054052012798e-02 3.904571934094822061e-02 3.960513078751845550e-02 3.960521740745794744e-02 5.566119846437261875e-02 5.572574706871059880e-02 5.878079024365348570e-02 7.995461078980603542e-02 1.033079342894185071e-01 1.069082224685360683e-01 1.069083175375668548e-01 1.078867435697959121e-01 1.078868994011547150e-01
