-2.206983321098571482e-01 -2.113735257750528618e-01 -1.927640721593168738e-01 -1.531271503432697634e-01 -1.429096586640479782e-01 -1.346785368004542738e-01 -1.200733737203836388e-01 -1.140621160731868367e-01 -9.818901600915753980e-02 -7.471912213690330706e-02 -6.149404703377836512e-02 -3.955316014344274073e-02 -2.204436594921908507e-02 -1.732305618992573126e-02 -1.223962020959879545e-03 1.223962020959959342e-03 1.732305618992568616e-02 2.204436594921925854e-02 3.955316014344231051e-02 6.149404703377821246e-02 7.471912213690228011e-02 9.818901600915799777e-02 1.140621160731861428e-01 1.200733737203844020e-01 1.346785368004546624e-01 1.429096586640472566e-01 1.531271503432698744e-01 1.927640721593165130e-01 2.113735257750521679e-01 2.206983321098566209e-01
-2.206982797374204830e-01 -2.113735704332001808e-01 -1.927639664726073510e-01 -1.531274465470070512e-01 -1.429098889137218609e-01 -1.346784011666888048e-01 -1.200731115142506383e-01 -1.140622157367640194e-01 -9.818949217546299457e-02 -7.471959648444169433e-02 -6.149294095393707804e-02 -3.955364508191123313e-02 -2.204431080207411991e-02 -1.732020553858576103e-02 -1.221503324089867875e-03 1.221503324089971091e-03 1.732020553858584430e-02 2.204431080207411298e-02 3.955364508191145517e-02 6.149294095393782050e-02 7.471959648444162494e-02 9.818949217546349417e-02 1.140622157367658790e-01 1.200731115142517208e-01 1.346784011666889991e-01 1.429098889137218331e-01 1.531274465470068291e-01 1.927639664726070734e-01 2.113735704331995424e-01 2.206982797374192617e-01
-2.206981226966552578e-01 -2.113737043225212553e-01 -1.927636496180286374e-01 -1.531283347727896982e-01 -1.429105787580697284e-01 -1.346779942793012441e-01 -1.200723315481791037e-01 -1.140625067155507516e-01 -9.819091853867202568e-02 -7.472101780475304267e-02 -6.148962459860703167e-02 -3.955509812689486648e-02 -2.204413908392140187e-02 -1.731168869543631139e-02 -1.214125937215682375e-03 1.214125937215846090e-03 1.731168869543632180e-02 2.204413908392136717e-02 3.955509812689479016e-02 6.148962459860658758e-02 7.472101780475243205e-02 9.819091853867248365e-02 1.140625067155508071e-01 1.200723315481788261e-01 1.346779942793014662e-01 1.429105787580697839e-01 1.531283347727888933e-01 1.927636496180314962e-01 2.113737043225205336e-01 2.206981226966560072e-01
-2.206978612171822673e-01 -2.113739271878326831e-01 -1.927631222117117960e-01 -1.531298138638720885e-01 -1.429117254886816402e-01 -1.346773161839992239e-01 -1.200710537245798099e-01 -1.140629650377255611e-01 -9.819328871077218079e-02 -7.472338094117218776e-02 -6.148410360900166682e-02 -3.955751397938755271e-02 -2.204383237196779616e-02 -1.729761038884191846e-02 -1.201826088913991643e-03 1.201826088913980585e-03 1.729761038884189070e-02 2.204383237196795228e-02 3.955751397938735842e-02 6.148410360900161131e-02 7.472338094117195184e-02 9.819328871077240284e-02 1.140629650377257276e-01 1.200710537245789633e-01 1.346773161839985578e-01 1.429117254886820843e-01 1.531298138638716444e-01 1.927631222117119902e-01 2.113739271878327108e-01 2.206978612171826559e-01
-2.206974956816128430e-01 -2.113742386044208110e-01 -1.927623852788229175e-01 -1.531318818908422585e-01 -1.429133246101954025e-01 -1.346763669701535049e-01 -1.200693110315401574e-01 -1.140635509644243595e-01 -9.819659210846366781e-02 -7.472667733332692686e-02 -6.147638734951785255e-02 -3.956088384847364359e-02 -2.204336129044737538e-02 -1.727814318120800968e-02 -1.184597884083295844e-03 1.184597884083328371e-03 1.727814318120796805e-02 2.204336129044740314e-02 3.956088384847371991e-02 6.147638734951809542e-02 7.472667733332667706e-02 9.819659210846373720e-02 1.140635509644234158e-01 1.200693110315401574e-01 1.346763669701531441e-01 1.429133246101950694e-01 1.531318818908413704e-01 1.927623852788216963e-01 2.113742386044210053e-01 2.206974956816103728e-01
-2.206970266254272006e-01 -2.113746379789249730e-01 -1.927614402510118841e-01 -1.531345361493944568e-01 -1.429153698681289997e-01 -1.346751467902977117e-01 -1.200671492665579682e-01 -1.140642093134299623e-01 -9.820081404722945384e-02 -7.473089506786997904e-02 -6.146648885210231200e-02 -3.956519551207608038e-02 -2.204268740578288824e-02 -1.725352459100616340e-02 -1.162433887586863859e-03 1.162433887586859955e-03 1.725352459100634728e-02 2.204268740578288477e-02 3.956519551207629548e-02 6.146648885210265201e-02 7.473089506787007619e-02 9.820081404723007834e-02 1.140642093134302398e-01 1.200671492665578155e-01 1.346751467902977395e-01 1.429153698681286111e-01 1.531345361493946233e-01 1.927614402510127445e-01 2.113746379789276375e-01 2.206970266254272006e-01
-2.206964547368131524e-01 -2.113751245505932630e-01 -1.927602889628532989e-01 -1.531377731572975687e-01 -1.429178532875310104e-01 -1.346736558868721900e-01 -1.200646266451961958e-01 -1.140648699170783986e-01 -9.820593587102094402e-02 -7.473601894879670915e-02 -6.145442473998617011e-02 -3.957043340119729968e-02 -2.204176569457201237e-02 -1.722405325139227811e-02 -1.135325936548739782e-03 1.135325936548700317e-03 1.722405325139227117e-02 2.204176569457198809e-02 3.957043340119729968e-02 6.145442473998628807e-02 7.473601894879629282e-02 9.820593587102162403e-02 1.140648699170779823e-01 1.200646266451964178e-01 1.346736558868720235e-01 1.429178532875303442e-01 1.531377731572975964e-01 1.927602889628532434e-01 2.113751245505931797e-01 2.206964547368135410e-01
-2.206957808564074530e-01 -2.113756973928549998e-01 -1.927589336472790849e-01 -1.531415886506155288e-01 -1.429207652221515801e-01 -1.346718946256620086e-01 -1.200618132904753832e-01 -1.140654482186746477e-01 -9.821193511561553124e-02 -7.474203058663574095e-02 -6.144021513233866721e-02 -3.957657870686790563e-02 -2.204054742313967322e-02 -1.719008426972067766e-02 -1.103266175878335215e-03 1.103266175878278837e-03 1.719008426972097603e-02 2.204054742313975648e-02 3.957657870686809298e-02 6.144021513233879905e-02 7.474203058663517196e-02 9.821193511561576717e-02 1.140654482186754942e-01 1.200618132904738983e-01 1.346718946256630911e-01 1.429207652221513025e-01 1.531415886506150015e-01 1.927589336472787795e-01 2.113756973928564709e-01 2.206957808564052326e-01
-2.206950059769993144e-01 -2.113763554152775226e-01 -1.927573769300512108e-01 -1.531459775792816946e-01 -1.429240944137425140e-01 -1.346698635352480689e-01 -1.200587905982062609e-01 -1.140658460123665507e-01 -9.821878570321186663e-02 -7.474890850564862299e-02 -6.142388353178536431e-02 -3.958360950875709078e-02 -2.203898326113074013e-02 -1.715202397010865548e-02 -1.066248309187738455e-03 1.066248309187813265e-03 1.715202397010862079e-02 2.203898326113092401e-02 3.958360950875686179e-02 6.142388353178494798e-02 7.474890850564851197e-02 9.821878570321097845e-02 1.140658460123664814e-01 1.200587905982060805e-01 1.346698635352484297e-01 1.429240944137431524e-01 1.531459775792817779e-01 1.927573769300510997e-01 2.113763554152780499e-01 2.206950059769989259e-01
-2.206941312431687230e-01 -2.113770973658483654e-01 -1.927556218232934493e-01 -1.531509341021437265e-01 -1.429278280610105922e-01 -1.346675633516728476e-01 -1.200556504732863683e-01 -1.140659523315730034e-01 -9.822645816541125674e-02 -7.475662826799003846e-02 -6.140545669705007453e-02 -3.959150092418893541e-02 -2.203702645103365262e-02 -1.711032420380868488e-02 -1.024269054275890167e-03 1.024269054275920958e-03 1.711032420380857733e-02 2.203702645103386773e-02 3.959150092418880357e-02 6.140545669705026188e-02 7.475662826799045479e-02 9.822645816541070163e-02 1.140659523315729063e-01 1.200556504732866459e-01 1.346675633516730697e-01 1.429278280610108975e-01 1.531509341021428106e-01 1.927556218232940322e-01 2.113770973658494756e-01 2.206941312431687230e-01
-2.206931579508210894e-01 -2.113779218336015453e-01 -1.927536717180913239e-01 -1.531564515815976857e-01 -1.429319518976899517e-01 -1.346649950674185248e-01 -1.200524944323099058e-01 -1.140656444906879008e-01 -9.823491989138548319e-02 -7.476516261367026350e-02 -6.138496450326350745e-02 -3.960022527606976706e-02 -2.203463586858489531e-02 -1.706547640165911525e-02 -9.773297887032425611e-04 9.773297887033253941e-04 1.706547640165942750e-02 2.203463586858495429e-02 3.960022527606966297e-02 6.138496450326380582e-02 7.476516261367019411e-02 9.823491989138581626e-02 1.140656444906879979e-01 1.200524944323104332e-01 1.346649950674190521e-01 1.429319518976900072e-01 1.531564515815988792e-01 1.927536717180918791e-01 2.113779218336002130e-01 2.206931579508212560e-01
-2.206920875466562570e-01 -2.113788272515820799e-01 -1.927515303762122323e-01 -1.531625225779664479e-01 -1.429364502790992919e-01 -1.346621599836994587e-01 -1.200494325689238917e-01 -1.140647892836771787e-01 -9.824413539771138792e-02 -7.477448161501050461e-02 -6.136243979266942788e-02 -3.960975227801807885e-02 -2.203177883234698139e-02 -1.701800552258309757e-02 -9.254383666784583200e-04 9.254383666784507306e-04 1.701800552258337859e-02 2.203177883234715140e-02 3.960975227801805110e-02 6.136243979266892135e-02 7.477448161501067114e-02 9.824413539771044424e-02 1.140647892836784555e-01 1.200494325689251268e-01 1.346621599837000416e-01 1.429364502791004576e-01 1.531625225779671140e-01 1.927515303762112886e-01 2.113788272515810251e-01 2.206920875466566734e-01
-2.206909216275183272e-01 -2.113798119001480402e-01 -1.927492019209680052e-01 -1.531691388437777246e-01 -1.429413062765231834e-01 -1.346590597650252075e-01 -1.200465823800111326e-01 -1.140632443413778646e-01 -9.825406661618001081e-02 -7.478455284422087790e-02 -6.133791821863491395e-02 -3.962004923478725654e-02 -2.202843355041888065e-02 -1.696846402599114928e-02 -8.686110835136026448e-04 8.686110835135395442e-04 1.696846402599115275e-02 2.202843355041893617e-02 3.962004923478729124e-02 6.133791821863455312e-02 7.478455284422043381e-02 9.825406661617964998e-02 1.140632443413771152e-01 1.200465823800112297e-01 1.346590597650250409e-01 1.429413062765238496e-01 1.531691388437782519e-01 1.927492019209674223e-01 2.113798119001474851e-01 2.206909216275176888e-01
-2.206896619396502002e-01 -2.113808739105893786e-01 -1.927466908272740809e-01 -1.531762913181287933e-01 -1.429465017786333281e-01 -1.346556964949260360e-01 -1.200440674533906488e-01 -1.140608596466402280e-01 -9.826467319572225467e-02 -7.479534155261950701e-02 -6.131143808591593691e-02 -3.963108125587635339e-02 -2.202459112438063388e-02 -1.691742596773094034e-02 -8.068747583984600940e-04 8.068747583986596956e-04 1.691742596773107218e-02 2.202459112438078306e-02 3.963108125587610359e-02 6.131143808591689448e-02 7.479534155261978456e-02 9.826467319572330938e-02 1.140608596466402003e-01 1.200440674533907598e-01 1.346556964949280066e-01 1.429465017786345493e-01 1.531762913181291819e-01 1.927466908272728874e-01 2.113808739105900725e-01 2.206896619396509773e-01
-2.206883103778231880e-01 -2.113820112690712461e-01 -1.927440019109259994e-01 -1.531839701213090488e-01 -1.429520175991904063e-01 -1.346520727317420674e-01 -1.200420160210800696e-01 -1.140574792029625528e-01 -9.827591281453995631e-02 -7.480681085999914270e-02 -6.128304019017008497e-02 -3.964281148007658268e-02 -2.202025706197368107e-02 -1.686548129201715859e-02 -7.402689003232502864e-04 7.402689003230524195e-04 1.686548129201715165e-02 2.202025706197358393e-02 3.964281148007660349e-02 6.128304019016966170e-02 7.480681085999836555e-02 9.827591281453912364e-02 1.140574792029624834e-01 1.200420160210787096e-01 1.346520727317418453e-01 1.429520175991904618e-01 1.531839701213082716e-01 1.927440019109251945e-01 2.113820112690711350e-01 2.206883103778234378e-01
-2.206868689843225761e-01 -2.113832218208832880e-01 -1.927411403171605253e-01 -1.531921645498825757e-01 -1.429578335901437180e-01 -1.346481915633151172e-01 -1.200405593862705483e-01 -1.140529428478985197e-01 -9.828774149855187825e-02 -7.481892195257933142e-02 -6.125276765962148207e-02 -3.965520130856854675e-02 -2.201545227827204215e-02 -1.681323036777580479e-02 -6.688479158523847907e-04 6.688479158524371576e-04 1.681323036777579785e-02 2.201545227827172296e-02 3.965520130856867859e-02 6.125276765962148207e-02 7.481892195257891509e-02 9.828774149855128150e-02 1.140529428478991858e-01 1.200405593862707981e-01 1.346481915633156445e-01 1.429578335901440789e-01 1.531921645498815487e-01 1.927411403171604698e-01 2.113832218208842595e-01 2.206868689843230480e-01
-2.206853399477966826e-01 -2.113845032749968322e-01 -1.927381115085214369e-01 -1.532008630724450704e-01 -1.429639287592600894e-01 -1.346440566595340782e-01 -1.200398302371518816e-01 -1.140470881975091111e-01 -9.830011394233090227e-02 -7.483163428802350192e-02 -6.122066580172335487e-02 -3.966821064409958159e-02 -2.201021358885188114e-02 -1.676127879823282110e-02 -5.926833114119676007e-04 5.926833114118052956e-04 1.676127879823288702e-02 2.201021358885189155e-02 3.966821064409942199e-02 6.122066580172338957e-02 7.483163428802337702e-02 9.830011394233145738e-02 1.140470881975097772e-01 1.200398302371535747e-01 1.346440566595341060e-01 1.429639287592605057e-01 1.532008630724452369e-01 1.927381115085208541e-01 2.113845032749976927e-01 2.206853399477969324e-01
-2.206837256019280602e-01 -2.113858532089078757e-01 -1.927349212521059785e-01 -1.532100533262417408e-01 -1.429702813913551196e-01 -1.346396723216211067e-01 -1.200399608660527861e-01 -1.140397527024419738e-01 -9.831298382888552234e-02 -7.484490580595345999e-02 -6.118678195745011483e-02 -3.968179813372011561e-02 -2.200459371706713421e-02 -1.671023251768723877e-02 -5.118658370846293883e-04 5.118658370844975493e-04 1.671023251768727347e-02 2.200459371706703707e-02 3.968179813371995601e-02 6.118678195744995524e-02 7.484490580595358489e-02 9.831298382888573051e-02 1.140397527024403224e-01 1.200399608660529804e-01 1.346396723216218283e-01 1.429702813913552861e-01 1.532100533262426290e-01 1.927349212521057009e-01 2.113858532089076814e-01 2.206837256019285043e-01
-2.206820284239544849e-01 -2.113872690737706450e-01 -1.927315756062230045e-01 -1.532197221148810518e-01 -1.429768691721798046e-01 -1.346350435271903845e-01 -1.200410813181544134e-01 -1.140307757902958852e-01 -9.832630414478486791e-02 -7.485869314247828310e-02 -6.115116536566390926e-02 -3.969592141255824658e-02 -2.199866085110539424e-02 -1.666069317897340973e-02 -4.265075140195793025e-04 4.265075140195297545e-04 1.666069317897344096e-02 2.199866085110522423e-02 3.969592141255795514e-02 6.115116536566320843e-02 7.485869314247763084e-02 9.832630414478396585e-02 1.140307757902961350e-01 1.200410813181542052e-01 1.346350435271901624e-01 1.429768691721799156e-01 1.532197221148803856e-01 1.927315756062235041e-01 2.113872690737699234e-01 2.206820284239526808e-01
-2.206802510329523848e-01 -2.113887481997877016e-01 -1.927280809065226308e-01 -1.532298554073319719e-01 -1.429836693140122683e-01 -1.346301759701183931e-01 -1.200433174997359576e-01 -1.140200010630521843e-01 -9.834002748746413503e-02 -7.487295184725928365e-02 -6.111386703975284912e-02 -3.971053734615456743e-02 -2.199249779553027681e-02 -1.661325382830275768e-02 -3.367434837969190010e-04 3.367434837967654237e-04 1.661325382830277850e-02 2.199249779553023518e-02 3.971053734615432457e-02 6.111386703975258544e-02 7.487295184725885344e-02 9.834002748746345501e-02 1.140200010630520455e-01 1.200433174997344449e-01 1.346301759701183376e-01 1.429836693140128234e-01 1.532298554073319719e-01 1.927280809065228806e-01 2.113887481997877849e-01 2.206802510329524680e-01
-2.206783961879750788e-01 -2.113902878018729392e-01 -1.927244437516435760e-01 -1.532404383384452229e-01 -1.429906586819901793e-01 -1.346250760943886182e-01 -1.200467892811357268e-01 -1.140072785127599492e-01 -9.835410636173652632e-02 -7.488763660171005032e-02 -6.107493965844999068e-02 -3.972560226896177521e-02 -2.198620076721984409e-02 -1.656849486013374159e-02 -2.427336158554470650e-04 2.427336158554911107e-04 1.656849486013353343e-02 2.198620076721985450e-02 3.972560226896169888e-02 6.107493965844993516e-02 7.488763660170980052e-02 9.835410636173591570e-02 1.140072785127598937e-01 1.200467892811352133e-01 1.346250760943882019e-01 1.429906586819910952e-01 1.532404383384450841e-01 1.927244437516424103e-01 2.113902878018722453e-01 2.206783961879738298e-01
-2.206764667859008600e-01 -2.113918849855475346e-01 -1.927206709884349278e-01 -1.532514552111766681e-01 -1.429978139202247034e-01 -1.346197511211705833e-01 -1.200516086340799038e-01 -1.139924667141601899e-01 -9.836849346295366281e-02 -7.490270143698361804e-02 -6.103443747241434764e-02 -3.974107221675349938e-02 -2.197987788787402613e-02 -1.652698024243114475e-02 -1.446638087279632397e-04 1.446638087279990454e-04 1.652698024243136332e-02 2.197987788787413369e-02 3.974107221675299978e-02 6.103443747241377171e-02 7.490270143698364580e-02 9.836849346295312158e-02 1.139924667141596626e-01 1.200516086340803340e-01 1.346197511211715270e-01 1.429978139202249254e-01 1.532514552111754469e-01 1.927206709884347613e-01 2.113918849855467574e-01 2.206764667859006657e-01
-2.206744658591002495e-01 -2.113935367530658527e-01 -1.927167696968157262e-01 -1.532628895007175363e-01 -1.430051115767578540e-01 -1.346142090684780412e-01 -1.200578778460506812e-01 -1.139754349495260555e-01 -9.838314194451859562e-02 -7.491809995048538673e-02 -6.099241622786647637e-02 -3.975690315083766496e-02 -2.197364742531976792e-02 -1.648925400137117928e-02 -4.274692263754744466e-05 4.274692263725002089e-05 1.648925400137126948e-02 2.197364742531965343e-02 3.975690315083722087e-02 6.099241622786630290e-02 7.491809995048512305e-02 9.838314194451855399e-02 1.139754349495266939e-01 1.200578778460498902e-01 1.346142090684779025e-01 1.430051115767577707e-01 1.532628895007183134e-01 1.927167696968167532e-01 2.113935367530646314e-01 2.206744658591008323e-01
-2.206723965728256964e-01 -2.113952400097632300e-01 -1.927127471742971776e-01 -1.532747238607499451e-01 -1.430125282264423370e-01 -1.346084587628891827e-01 -1.200656878557739976e-01 -1.139560652195381191e-01 -9.839800566786353897e-02 -7.493378551970900081e-02 -6.094893310820248544e-02 -3.977305117219235436e-02 -2.196763583441036990e-02 -1.645583695356681031e-02 -6.277671479093250824e-05 6.277671479089307039e-05 1.645583695356669929e-02 2.196763583441018949e-02 3.977305117219253477e-02 6.094893310820233973e-02 7.493378551970918122e-02 9.839800566786341407e-02 1.139560652195384938e-01 1.200656878557740947e-01 1.346084587628883222e-01 1.430125282264410602e-01 1.532747238607500562e-01 1.927127471742973441e-01 2.113952400097628692e-01 2.206723965728255021e-01
-2.206702622223228882e-01 -2.113969915705814218e-01 -1.927086109202450215e-01 -1.532869401319497671e-01 -1.430200405908504946e-01 -1.346025098429351197e-01 -1.200751167531869251e-01 -1.139342540944281584e-01 -9.841303943333108706e-02 -7.494971151230253592e-02 -6.090404669417930766e-02 -3.978947272385070788e-02 -2.196197564596472432e-02 -1.642722367292053995e-02 -1.716392812393633012e-04 1.716392812394114940e-04 1.642722367292049485e-02 2.196197564596476595e-02 3.978947272385072870e-02 6.090404669417921746e-02 7.494971151230278572e-02 9.841303943333097604e-02 1.139342540944282556e-01 1.200751167531876190e-01 1.346025098429351474e-01 1.430200405908503281e-01 1.532869401319496283e-01 1.927086109202433006e-01 2.113969915705819769e-01 2.206702622223237487e-01
-2.206680662296952866e-01 -2.113987881668038527e-01 -1.927043686199249040e-01 -1.532995193529621547e-01 -1.430276256543811519e-01 -1.345963727538812549e-01 -1.200862284843413758e-01 -1.139099143624356519e-01 -9.842819919075285195e-02 -7.496583149132807211e-02 -6.085781694293460747e-02 -3.980612478011130023e-02 -2.195680324931210958e-02 -1.640387967811126474e-02 -2.835459531511830993e-04 2.835459531511617406e-04 1.640387967811111902e-02 2.195680324931198468e-02 3.980612478011141125e-02 6.085781694293432992e-02 7.496583149132773904e-02 9.842819919075282420e-02 1.139099143624359017e-01 1.200862284843422501e-01 1.345963727538813659e-01 1.430276256543811242e-01 1.532995193529615163e-01 1.927043686199256534e-01 2.113987881668031865e-01 2.206680662296941486e-01
-2.206658121404407036e-01 -2.114006264529103840e-01 -1.927000281283796912e-01 -1.533124417739543388e-01 -1.430352607757446326e-01 -1.345900587337488519e-01 -1.200990717965697840e-01 -1.138829764375833276e-01 -9.844344222887667362e-02 -7.498209941476634277e-02 -6.081030518574857824e-02 -3.982296502142471106e-02 -2.195225661094721975e-02 -1.638623882563162992e-02 -3.981759506314099233e-04 3.981759506314172959e-04 1.638623882563141482e-02 2.195225661094735853e-02 3.982296502142491229e-02 6.081030518574861987e-02 7.498209941476631502e-02 9.844344222887693729e-02 1.138829764375828002e-01 1.200990717965702004e-01 1.345900587337478527e-01 1.430352607757434391e-01 1.533124417739545053e-01 1.927000281283806626e-01 2.114006264529104395e-01 2.206658121404430350e-01
-2.206635036197151511e-01 -2.114025030136155447e-01 -1.926955974541845473e-01 -1.533256868728983535e-01 -1.430429237941014953e-01 -1.345835797905633735e-01 -1.201136794520381718e-01 -1.138533894958316389e-01 -9.845872734308476482e-02 -7.499846982841927578e-02 -6.076157414416385322e-02 -3.983995199404411630e-02 -2.194847296870839487e-02 -1.637470089249587479e-02 -5.151841507407889029e-04 5.151841507407908544e-04 1.637470089249592337e-02 2.194847296870839487e-02 3.983995199404402610e-02 6.076157414416353403e-02 7.499846982841947007e-02 9.845872734308461216e-02 1.138533894958316806e-01 1.201136794520378387e-01 1.345835797905632902e-01 1.430429237941009957e-01 1.533256868728977707e-01 1.926955974541854633e-01 2.114025030136153505e-01 2.206635036197161781e-01
-2.206611444482407258e-01 -2.114044143709921386e-01 -1.926910847431289042e-01 -1.533392333746917968e-01 -1.430505931291699562e-01 -1.345769486709545992e-01 -1.201300677290049190e-01 -1.138211223174361297e-01 -9.847401498118103780e-02 -7.501489805139825717e-02 -6.071168796372025667e-02 -3.985704525381378316e-02 -2.194558653788276567e-02 -1.636962933262918821e-02 -6.342032705573629305e-04 6.342032705572871448e-04 1.636962933262946923e-02 2.194558653788278302e-02 3.985704525381369989e-02 6.071168796372029136e-02 7.501489805139768818e-02 9.847401498118096841e-02 1.138211223174361297e-01 1.201300677290051272e-01 1.345769486709545715e-01 1.430505931291695676e-01 1.533392333746910197e-01 1.926910847431299867e-01 2.114044143709915835e-01 2.206611444482413364e-01
-2.206587385179194227e-01 -2.114063569917206953e-01 -1.926864982618778088e-01 -1.533530592732022524e-01 -1.430582478746810215e-01 -1.345701788203117477e-01 -1.201482362201092696e-01 -1.137861638231940503e-01 -9.848926736727585396e-02 -7.503134035349066921e-02 -6.066071226433184665e-02 -3.987420549370519068e-02 -2.194372626280177707e-02 -1.637134919193824686e-02 -7.548466044810504903e-04 7.548466044810160126e-04 1.637134919193856952e-02 2.194372626280184299e-02 3.987420549370539191e-02 6.066071226433131236e-02 7.503134035349079412e-02 9.848926736727636744e-02 1.137861638231941336e-01 1.201482362201086590e-01 1.345701788203129134e-01 1.430582478746804942e-01 1.533530592732031406e-01 1.926864982618787525e-01 2.114063569917206120e-01 2.206587385179201999e-01
-2.206562898270967576e-01 -2.114083272944037584e-01 -1.926818463816356297e-01 -1.533671418563118116e-01 -1.430658678846487841e-01 -1.345632843348797403e-01 -1.201681679265941688e-01 -1.137485233026890724e-01 -9.850444860406844250e-02 -7.504775412376028798e-02 -6.060871420598125392e-02 -3.989139465495934733e-02 -2.194301364473321553e-02 -1.638014516951723926e-02 -8.767112825654360718e-04 8.767112825654148215e-04 1.638014516951726354e-02 2.194301364473313573e-02 3.989139465495962489e-02 6.060871420598147596e-02 7.504775412376026023e-02 9.850444860406888659e-02 1.137485233026890585e-01 1.201681679265938635e-01 1.345632843348798513e-01 1.430658678846486176e-01 1.533671418563122835e-01 1.926818463816347415e-01 2.114083272944050351e-01 2.206562898270971185e-01
-2.206538024754774452e-01 -2.114103216569442611e-01 -1.926771375618651083e-01 -1.533814577339991381e-01 -1.430734338519911719e-01 -1.345562799062291759e-01 -1.201898296371410602e-01 -1.137082303428315205e-01 -9.851952475401762332e-02 -7.506409802977118129e-02 -6.055576256821278147e-02 -3.990857602190929498e-02 -2.194356067427060200e-02 -1.639625981656314332e-02 -9.993819988125488690e-04 9.993819988125510374e-04 1.639625981656377823e-02 2.194356067427031057e-02 3.990857602190936437e-02 6.055576256821337128e-02 7.506409802977163925e-02 9.851952475401780374e-02 1.137082303428312152e-01 1.201898296371425034e-01 1.345562799062287040e-01 1.430734338519908666e-01 1.533814577340001650e-01 1.926771375618640258e-01 2.114103216569431509e-01 2.206538024754767513e-01
-2.206512806586937436e-01 -2.114123364239513803e-01 -1.926723803341071628e-01 -1.533959828694986538e-01 -1.430809273791025515e-01 -1.345491807587007593e-01 -1.202131725705997967e-01 -1.136653344743965982e-01 -9.853446390012413070e-02 -7.508033216691080425e-02 -6.050192784159567211e-02 -3.992571430076113925e-02 -2.194546789385250912e-02 -1.641989187042723619e-02 -1.122435141060618233e-03 1.122435141060598935e-03 1.641989187042718415e-02 2.194546789385243279e-02 3.992571430076101435e-02 6.050192784159537374e-02 7.508033216691044343e-02 9.853446390012317313e-02 1.136653344743972088e-01 1.202131725705994636e-01 1.345491807587016198e-01 1.430809273791024683e-01 1.533959828694987648e-01 1.926723803341063301e-01 2.114123364239492986e-01 2.206512806586932718e-01
-2.206487286625238298e-01 -2.114143679141693988e-01 -1.926675832859184034e-01 -1.534106926135082594e-01 -1.430883310400945241e-01 -1.345420025804764663e-01 -1.202381332539676773e-01 -1.136199045622484083e-01 -9.854923618716450451e-02 -7.509641819731600887e-02 -6.044728232915876076e-02 -3.994277568278048474e-02 -2.194882261350547190e-02 -1.645119472855621073e-02 -1.245443238065701208e-03 1.245443238065793799e-03 1.645119472855639808e-02 2.194882261350536781e-02 3.994277568278069290e-02 6.044728232915903138e-02 7.509641819731623091e-02 9.854923618716451839e-02 1.136199045622478393e-01 1.202381332539688291e-01 1.345420025804771602e-01 1.430883310400940522e-01 1.534106926135093696e-01 1.926675832859193749e-01 2.114143679141692045e-01 2.206487286625239130e-01
-2.206461508567423846e-01 -2.114164124278977430e-01 -1.926627550449580006e-01 -1.534255617414531925e-01 -1.430956284344465645e-01 -1.345347614490303434e-01 -1.202646346008582473e-01 -1.135720279710891456e-01 -9.856381384439263926e-02 -7.511231947796723207e-02 -6.039190025554779656e-02 -3.995972789249072760e-02 -2.195369730036254505e-02 -1.649027507549450863e-02 -1.367979625399156577e-03 1.367979625399189537e-03 1.649027507549452945e-02 2.195369730036256586e-02 3.995972789249070678e-02 6.039190025554770636e-02 7.511231947796750963e-02 9.856381384439327764e-02 1.135720279710893121e-01 1.202646346008587608e-01 1.345347614490304822e-01 1.430956284344472584e-01 1.534255617414532202e-01 1.926627550449573623e-01 2.114164124278971879e-01 2.206461508567405805e-01
-2.206435516886212367e-01 -2.114184662543670268e-01 -1.926579042632693972e-01 -1.534405644937262836e-01 -1.431028042319471560e-01 -1.345274737518082075e-01 -1.202925871515822115e-01 -1.135218095428071755e-01 -9.857817119079551049e-02 -7.512800117752026219e-02 -6.033585788146665629e-02 -3.997654022160295612e-02 -2.196014815991985739e-02 -1.653719168489449151e-02 -1.489623220613047827e-03 1.489623220612888667e-03 1.653719168489454355e-02 2.196014815991992331e-02 3.997654022160313653e-02 6.033585788146665629e-02 7.512800117752008178e-02 9.857817119079523294e-02 1.135218095428068563e-01 1.202925871515820588e-01 1.345274737518082908e-01 1.431028042319473503e-01 1.534405644937261726e-01 1.926579042632693139e-01 2.114184662543666104e-01 2.206435516886203207e-01
-2.206409356760685447e-01 -2.114205256790797349e-01 -1.926530396017714364e-01 -1.534556746188635856e-01 -1.431098442088377387e-01 -1.345201561030394399e-01 -1.203218904340963152e-01 -1.134693704234678024e-01 -9.859228462410477012e-02 -7.514343038152751508e-02 -6.027923362079777581e-02 -3.999318354950689991e-02 -2.196821392436369355e-02 -1.659195442683590246e-02 -1.609963290495281321e-03 1.609963290495275683e-03 1.659195442683608634e-02 2.196821392436371437e-02 3.999318354950694848e-02 6.027923362079790764e-02 7.514343038152809795e-02 9.859228462410517257e-02 1.134693704234670253e-01 1.203218904340958295e-01 1.345201561030390236e-01 1.431098442088382106e-01 1.534556746188630305e-01 1.926530396017702151e-01 2.114205256790803455e-01 2.206409356760674345e-01
-2.206383074004214240e-01 -2.114225869910602573e-01 -1.926481697149793615e-01 -1.534708654195223176e-01 -1.431167352751811506e-01 -1.345128252576266725e-01 -1.203524344050395101e-01 -1.134148467781688069e-01 -9.860613259481365578e-02 -7.515857618568549947e-02 -6.022210815760808272e-02 -4.000963035122027250e-02 -2.197791486064056693e-02 -1.665452351771775155e-02 -1.728604089755751347e-03 1.728604089755793848e-03 1.665452351771786257e-02 2.197791486064036223e-02 4.000963035121970351e-02 6.022210815760775660e-02 7.515857618568566600e-02 9.860613259481430803e-02 1.134148467781685016e-01 1.203524344050391770e-01 1.345128252576255901e-01 1.431167352751811783e-01 1.534708654195228450e-01 1.926481697149797223e-01 2.114225869910603128e-01 2.206383074004204248e-01
-2.206356714988728929e-01 -2.114246464900243483e-01 -1.926433032359890218e-01 -1.534861098011947034e-01 -1.431234654935194806e-01 -1.345054980231289998e-01 -1.203841009319089467e-01 -1.133583884303238781e-01 -9.861969556647257051e-02 -7.517340977679393133e-02 -6.016456456010938619e-02 -4.002585469375247174e-02 -2.198925200827117968e-02 -1.672480905467729068e-02 -1.845169251638106639e-03 1.845169251637986509e-03 1.672480905467733231e-02 2.198925200827110682e-02 4.002585469375253419e-02 6.016456456010929599e-02 7.517340977679426439e-02 9.861969556647288970e-02 1.133583884303240169e-01 1.203841009319088357e-01 1.345054980231304986e-01 1.431234654935205353e-01 1.534861098011950364e-01 1.926433032359882724e-01 2.114246464900253475e-01 2.206356714988731982e-01
-2.206330326565835442e-01 -2.114267004934188010e-01 -1.926384487617187613e-01 -1.535013803234656082e-01 -1.431300240889853692e-01 -1.344981911708849898e-01 -1.204167652805992195e-01 -1.133001574589381222e-01 -9.863295596360721618e-02 -7.518790450114254398e-02 -6.010668838850329737e-02 -4.004183222186961238e-02 -2.200220665427039812e-02 -1.680267087811562754e-02 -1.959305816987708549e-03 1.959305816987701610e-03 1.680267087811564489e-02 2.200220665427035302e-02 4.004183222186959851e-02 6.010668838850384554e-02 7.518790450114307133e-02 9.863295596360717454e-02 1.133001574589383026e-01 1.204167652805997607e-01 1.344981911708859335e-01 1.431300240889855913e-01 1.535013803234671348e-01 1.926384487617190111e-01 2.114267004934191341e-01 2.206330326565819067e-01
-2.206303955984379728e-01 -2.114287453433475461e-01 -1.926336148384585611e-01 -1.535166492537021199e-01 -1.431364014510631277e-01 -1.344909213472853526e-01 -1.204502975767502843e-01 -1.132403267834604932e-01 -9.864589810855839414e-02 -7.520203592004871818e-02 -6.004856779351106649e-02 -4.005754013425957827e-02 -2.201674005000029896e-02 -1.688791880392284325e-02 -2.070687799196282812e-03 2.070687799196319675e-03 1.688791880392294734e-02 2.201674005000009079e-02 4.005754013425912724e-02 6.004856779351089996e-02 7.520203592004855164e-02 9.864589810855843577e-02 1.132403267834605348e-01 1.204502975767508532e-01 1.344909213472864074e-01 1.431364014510636273e-01 1.535166492537025917e-01 1.926336148384588942e-01 2.114287453433486841e-01 2.206303955984378062e-01
-2.206277650805081036e-01 -2.114307774133168116e-01 -1.926288099476973492e-01 -1.535318886229878610e-01 -1.431425891272953832e-01 -1.344837049863042699e-01 -1.204845642141798984e-01 -1.131790787611651056e-01 -9.865850814858337370e-02 -7.521578185230437530e-02 -5.999029360228900348e-02 -4.007295715110352485e-02 -2.203279337239508195e-02 -1.698031326115398421e-02 -2.179019197854056410e-03 2.179019197854072457e-03 1.698031326115415421e-02 2.203279337239510624e-02 4.007295715110364281e-02 5.999029360228898961e-02 7.521578185230454183e-02 9.865850814858390105e-02 1.131790787611654803e-01 1.204845642141800094e-01 1.344837049863052414e-01 1.431425891272948281e-01 1.535318886229879720e-01 1.926288099476966553e-01 2.114307774133170059e-01 2.206277650805071322e-01
-2.206251458811918642e-01 -2.114327931148296258e-01 -1.926240424922843752e-01 -1.535470702841010837e-01 -1.431485798092384243e-01 -1.344765582242977708e-01 -1.205194291887972946e-01 -1.131166038171813187e-01 -9.867077397451995413e-02 -7.522912240332936540e-02 -5.993195938836344550e-02 -4.008806347405032000e-02 -2.205028792985420233e-02 -1.707956636134663059e-02 -2.284036393207977602e-03 2.284036393208014465e-03 1.707956636134670692e-02 2.205028792985441050e-02 4.008806347405028531e-02 5.993195938836321651e-02 7.522912240332947642e-02 9.867077397451935739e-02 1.131166038171817351e-01 1.205194291887969615e-01 1.344765582242979651e-01 1.431485798092390072e-01 1.535470702841016111e-01 1.926240424922846250e-01 2.114327931148296535e-01 2.206251458811912813e-01
-2.206225427920814330e-01 -2.114347889037951067e-01 -1.926193207828929832e-01 -1.535621659713529985e-01 -1.431543673110639014e-01 -1.344694968180900618e-01 -1.205547553414702822e-01 -1.130530991224792531e-01 -9.868268513229053185e-02 -7.524203998083035805e-02 -5.987366152212815484e-02 -4.010284073955124040e-02 -2.206912561126348274e-02 -1.718534341286996267e-02 -2.385509875673249690e-03 2.385509875673162954e-03 1.718534341286999390e-02 2.206912561126325029e-02 4.010284073955105305e-02 5.987366152212768300e-02 7.524203998083020539e-02 9.868268513229019878e-02 1.130530991224789339e-01 1.205547553414695328e-01 1.344694968180890626e-01 1.431543673110632631e-01 1.535621659713528320e-01 1.926193207828930387e-01 2.114347889037952177e-01 2.206225427920808224e-01
-2.206199606085564868e-01 -2.114367612867258106e-01 -1.926146530248200039e-01 -1.535771473620537453e-01 -1.431599465412101702e-01 -1.344625360673480929e-01 -1.205904054981258855e-01 -1.129887673306186335e-01 -9.869423272853061757e-02 -7.525451929683385499e-02 -5.981549919845706442e-02 -4.011727196651238003e-02 -2.208918957515627196e-02 -1.729726487846074134e-02 -2.483245288472954969e-03 2.483245288472911167e-03 1.729726487846093563e-02 2.208918957515633441e-02 4.011727196651260208e-02 5.981549919845647462e-02 7.525451929683397989e-02 9.869423272853149187e-02 1.129887673306187723e-01 1.205904054981260937e-01 1.344625360673483982e-01 1.431599465412100036e-01 1.535771473620535510e-01 1.926146530248191158e-01 2.114367612867267265e-01 2.206199606085561815e-01
-2.206174041201437730e-01 -2.114387068267225833e-01 -1.926100473051198247e-01 -1.535919861393990615e-01 -1.431653134675554551e-01 -1.344556907421415870e-01 -1.206262434997199401e-01 -1.129238153800233568e-01 -9.870540933152731344e-02 -7.526654735597715362e-02 -5.975757443795291779e-02 -4.013134149916480764e-02 -2.211034517505000921e-02 -1.741490875747794473e-02 -2.577083785634799382e-03 2.577083785634857495e-03 1.741490875747785799e-02 2.211034517504998492e-02 4.013134149916482846e-02 5.975757443795296636e-02 7.526654735597705648e-02 9.870540933152710528e-02 1.129238153800242311e-01 1.206262434997192878e-01 1.344556907421426417e-01 1.431653134675547334e-01 1.535919861393983121e-01 1.926100473051186313e-01 2.114387068267224723e-01 2.206174041201444946e-01
-2.206148781006400661e-01 -2.114406221492405591e-01 -1.926055115800651141e-01 -1.536066540565246274e-01 -1.431704650765825149e-01 -1.344489750165629716e-01 -1.206621351185191704e-01 -1.128584533650905108e-01 -9.871620886867217559e-02 -7.527811343000427591e-02 -5.969999205842606987e-02 -4.014503494602528200e-02 -2.213244111651863424e-02 -1.753781335752268786e-02 -2.666901730667845406e-03 2.666901730667738286e-03 1.753781335752244153e-02 2.213244111651838791e-02 4.014503494602504607e-02 5.969999205842553558e-02 7.527811343000365141e-02 9.871620886867166211e-02 1.128584533650906774e-01 1.206621351185189900e-01 1.344489750165630826e-01 1.431704650765821540e-01 1.536066540565238503e-01 1.926055115800655027e-01 2.114406221492418636e-01 2.206148781006410653e-01
-2.206123872980624012e-01 -2.114425039476190982e-01 -1.926010536629634839e-01 -1.536211230014981333e-01 -1.431753993270621084e-01 -1.344424024091642744e-01 -1.206979488603577289e-01 -1.127928934765615593e-01 -9.872662652155986263e-02 -7.528920901845916058e-02 -5.964285961326191293e-02 -4.015833911578923360e-02 -2.215531084169454490e-02 -1.766548040407285233e-02 -2.752609782010407864e-03 2.752609782010186686e-03 1.766548040407299805e-02 2.215531084169435755e-02 4.015833911578924748e-02 5.964285961326214192e-02 7.528920901845946589e-02 9.872662652156112550e-02 1.127928934765605323e-01 1.206979488603569101e-01 1.344424024091645242e-01 1.431753993270631076e-01 1.536211230014984386e-01 1.926010536629639835e-01 2.114425039476189871e-01 2.206123872980633172e-01
-2.206099364244128169e-01 -2.114443489883570670e-01 -1.925966812123052485e-01 -1.536353650630100931e-01 -1.431801150987908611e-01 -1.344359857309142814e-01 -1.207335566551271527e-01 -1.127273490093909647e-01 -9.873665861981807679e-02 -7.529982779565479178e-02 -5.958628729350723408e-02 -4.017124195094438216e-02 -2.217877413763443342e-02 -1.779737842262623174e-02 -2.834151428713212965e-03 2.834151428713113652e-03 1.779737842262607214e-02 2.217877413763463118e-02 4.017124195094438910e-02 5.958628729350699121e-02 7.529982779565458362e-02 9.873665861981750780e-02 1.127273490093904512e-01 1.207335566551260425e-01 1.344359857309138651e-01 1.431801150987904170e-01 1.536353650630090661e-01 1.925966812123050820e-01 2.114443489883575389e-01 2.206099364244124839e-01
-2.206075301453211956e-01 -2.114461541161444524e-01 -1.925924017202543803e-01 -1.536493525964891527e-01 -1.431846121369093616e-01 -1.344297370412193549e-01 -1.207688344397992164e-01 -1.126620334346673802e-01 -9.874630253468688612e-02 -7.530996554403555920e-02 -5.953038779067115760e-02 -4.018373245987034992e-02 -2.220263896636900935e-02 -1.793294631630044933e-02 -2.911501053040796948e-03 2.911501053040677685e-03 1.793294631630031749e-02 2.220263896636912385e-02 4.018373245987039155e-02 5.953038779067100494e-02 7.530996554403522614e-02 9.874630253468626162e-02 1.126620334346665059e-01 1.207688344397986890e-01 1.344297370412194936e-01 1.431846121369089453e-01 1.536493525964891527e-01 1.925924017202560179e-01 2.114461541161444802e-01 2.206075301453210291e-01
-2.206051730695802737e-01 -2.114479162586444805e-01 -1.925882225014977078e-01 -1.536630582904334463e-01 -1.431888909923884345e-01 -1.344236676124983265e-01 -1.208036626397927110e-01 -1.125971595310365780e-01 -9.875555657335363668e-02 -7.531962007417659921e-02 -5.947527611755056010e-02 -4.019580064814601283e-02 -2.222670351651926876e-02 -1.807159705333866162e-02 -2.984661605336377376e-03 2.984661605336363932e-03 1.807159705333882815e-02 2.222670351651922366e-02 4.019580064814606141e-02 5.947527611755039356e-02 7.531962007417640492e-02 9.875555657335412241e-02 1.125971595310365503e-01 1.208036626397940572e-01 1.344236676124982433e-01 1.431888909923886566e-01 1.536630582904335851e-01 1.925882225014982074e-01 2.114479162586454519e-01 2.206051730695798296e-01
-2.206028697386107629e-01 -2.114496324309991793e-01 -1.925841506824315097e-01 -1.536764552326588540e-01 -1.431929529592133599e-01 -1.344177879036133894e-01 -1.208379265555756948e-01 -1.125329385704291751e-01 -9.876441987493148056e-02 -7.532879113172756547e-02 -5.942106938469879363e-02 -4.020743744974911160e-02 -2.225075847904375154e-02 -1.821272137363386806e-02 -3.053661980561571225e-03 3.053661980561544771e-03 1.821272137363401031e-02 2.225075847904384521e-02 4.020743744974901446e-02 5.942106938469890465e-02 7.532879113172723240e-02 9.876441987493091157e-02 1.125329385704286478e-01 1.208379265555754312e-01 1.344177879036133894e-01 1.431929529592134709e-01 1.536764552326590483e-01 1.925841506824318150e-01 2.114496324309974862e-01 2.206028697386099025e-01
-2.206006246158928596e-01 -2.114512997400845584e-01 -1.925801931907012987e-01 -1.536895169762715618e-01 -1.431968000088600645e-01 -1.344121075423937439e-01 -1.208715166620401571e-01 -1.124695795526258341e-01 -9.877289230893264438e-02 -7.533748029173004124e-02 -5.936788653060272314e-02 -4.021863465880576999e-02 -2.227458955296334961e-02 -1.835569142110305557e-02 -3.118554185664086480e-03 3.118554185664049617e-03 1.835569142110281271e-02 2.227458955296324553e-02 4.021863465880589489e-02 5.936788653060258436e-02 7.533748029172974980e-02 9.877289230893404604e-02 1.124695795526263198e-01 1.208715166620403653e-01 1.344121075423937439e-01 1.431968000088598425e-01 1.536895169762718394e-01 1.925801931907003550e-01 2.114512997400839200e-01 2.206006246158934425e-01
-2.205984420764003362e-01 -2.114529153885110480e-01 -1.925763567450842206e-01 -1.537022176050570343e-01 -1.432004347225817042e-01 -1.344066353172896078e-01 -1.209043288286319184e-01 -1.124072884832295754e-01 -9.878097437703338424e-02 -7.534569084083948820e-02 -5.931584800413742392e-02 -4.022938486250460938e-02 -2.229798019063640793e-02 -1.849986420915691182e-02 -3.179410382909125983e-03 3.179410382909096059e-03 1.849986420915701590e-02 2.229798019063647732e-02 4.022938486250420692e-02 5.931584800413732678e-02 7.534569084083944657e-02 9.878097437703282913e-02 1.124072884832295893e-01 1.209043288286331952e-01 1.344066353172893580e-01 1.432004347225820373e-01 1.537022176050570621e-01 1.925763567450842206e-01 2.114529153885106039e-01 2.205984420764003640e-01
-2.205963263960765697e-01 -2.114544766783482688e-01 -1.925726478457444879e-01 -1.537145317981131187e-01 -1.432038602221016033e-01 -1.344013791781134837e-01 -1.209362644682342169e-01 -1.123462676899152912e-01 -9.878866711879580320e-02 -7.535342764812312522e-02 -5.926507539846029987e-02 -4.023968137575303916e-02 -2.232071459616221873e-02 -1.864458482920016563e-02 -3.236319887253972204e-03 3.236319887253961362e-03 1.864458482920018298e-02 2.232071459616219097e-02 4.023968137575287263e-02 5.926507539846053579e-02 7.535342764812288929e-02 9.878866711879569218e-02 1.123462676899150692e-01 1.209362644682343974e-01 1.344013791781139278e-01 1.432038602221021584e-01 1.537145317981136461e-01 1.925726478457455149e-01 2.114544766783478802e-01 2.205963263960758203e-01
-2.205942817413832358e-01 -2.114559810146043051e-01 -1.925690727648194100e-01 -1.537264348934327396e-01 -1.432070800992059634e-01 -1.343963462456438662e-01 -1.209672306228568167e-01 -1.122867151723033058e-01 -9.879597202200078587e-02 -7.536069702520835356e-02 -5.921569103620927949e-02 -4.024951817812903038e-02 -2.234258099435977932e-02 -1.878918931669860612e-02 -3.289386186578687008e-03 3.289386186578672263e-03 1.878918931669863734e-02 2.234258099435994585e-02 4.024951817812877364e-02 5.921569103620931418e-02 7.536069702520807601e-02 9.879597202200031403e-02 1.122867151723028339e-01 1.209672306228564004e-01 1.343963462456438662e-01 1.432070800992061854e-01 1.537264348934324343e-01 1.925690727648196876e-01 2.114559810146035834e-01 2.205942817413845403e-01
-2.205923121589791203e-01 -2.114574259084469887e-01 -1.925656375373818174e-01 -1.537379029502483896e-01 -1.432100983447986420e-01 -1.343915428297651760e-01 -1.209971399938926800e-01 -1.122288239813815230e-01 -9.880289093809457857e-02 -7.536750657671657805e-02 -5.916781750660719819e-02 -4.025888985361304739e-02 -2.236337519095428494e-02 -1.893300709571771323e-02 -3.338724042949981624e-03 3.338724042949943027e-03 1.893300709571792140e-02 2.236337519095405596e-02 4.025888985361254779e-02 5.916781750660737860e-02 7.536750657671695275e-02 9.880289093809452305e-02 1.122288239813819671e-01 1.209971399938916670e-01 1.343915428297645653e-01 1.432100983447978926e-01 1.537379029502476402e-01 1.925656375373824003e-01 2.114574259084487373e-01 2.205923121589800084e-01
-2.205904215655397349e-01 -2.114588089801921755e-01 -1.925623479527545368e-01 -1.537489128098867841e-01 -1.432129192779036941e-01 -1.343869744556577539e-01 -1.210259109244705283e-01 -1.121727816250946419e-01 -9.880942600320348490e-02 -7.537386504204100779e-02 -5.912157715597377711e-02 -4.026779153356976199e-02 -2.238290444610751759e-02 -1.907536293122068585e-02 -3.384456721853803824e-03 3.384456721853816401e-03 1.907536293122072055e-02 2.238290444610745514e-02 4.026779153356982444e-02 5.912157715597411017e-02 7.537386504204129922e-02 9.880942600320279101e-02 1.121727816250951276e-01 1.210259109244699038e-01 1.343869744556568380e-01 1.432129192779028615e-01 1.537489128098867841e-01 1.925623479527528992e-01 2.114588089801914261e-01 2.205904215655392075e-01
-2.205886137377924550e-01 -2.114601279620273167e-01 -1.925592095461974851e-01 -1.537594421549577373e-01 -1.432155474751178881e-01 -1.343826458974488325e-01 -1.210534673410126050e-01 -1.121187694974229015e-01 -9.881557956505095108e-02 -7.537978212965400215e-02 -5.907709153400852314e-02 -4.027621884336655272e-02 -2.240099168174917998e-02 -1.921557832975821778e-02 -3.426713385173798306e-03 3.426713385173717642e-03 1.921557832975791941e-02 2.240099168174906202e-02 4.027621884336659436e-02 5.907709153400864804e-02 7.537978212965364133e-02 9.881557956505131191e-02 1.121187694974236371e-01 1.210534673410132295e-01 1.343826458974487770e-01 1.432155474751173052e-01 1.537594421549577928e-01 1.925592095461973741e-01 2.114601279620271224e-01 2.205886137377912337e-01
-2.205868923027764772e-01 -2.114613807005298329e-01 -1.925562275909675214e-01 -1.537694695666246281e-01 -1.432179877009807367e-01 -1.343785612186200740e-01 -1.210797386607717491e-01 -1.120669623290087985e-01 -9.882135411602996355e-02 -7.538526834529021836e-02 -5.903448079922930802e-02 -4.028416785297349312e-02 -2.241748003596870029e-02 -1.935297234535230532e-02 -3.465626673128848097e-03 3.465626673128973864e-03 1.935297234535214919e-02 2.241748003596879049e-02 4.028416785297357638e-02 5.903448079922939129e-02 7.538526834529049592e-02 9.882135411602975539e-02 1.120669623290089789e-01 1.210797386607712772e-01 1.343785612186211009e-01 1.432179877009813751e-01 1.537694695666241007e-01 1.925562275909682153e-01 2.114613807005289725e-01 2.205868923027748396e-01
-2.205852607283893818e-01 -2.114625651589477906e-01 -1.925534070907510553e-01 -1.537789745798037178e-01 -1.432202448397187078e-01 -1.343747238183421178e-01 -1.211046596716250506e-01 -1.120175276580769597e-01 -9.882675223255002472e-02 -7.539033481545932835e-02 -5.899386308793444500e-02 -4.029163503181586170e-02 -2.243223776152769577e-02 -1.948686177151122065e-02 -3.501330490825819205e-03 3.501330490825932829e-03 1.948686177151087717e-02 2.243223776152765067e-02 4.029163503181590333e-02 5.899386308793382050e-02 7.539033481545906468e-02 9.882675223254894226e-02 1.120175276580773205e-01 1.211046596716247037e-01 1.343747238183425063e-01 1.432202448397202899e-01 1.537789745798031071e-01 1.925534070907510831e-01 2.114625651589483180e-01 2.205852607283889932e-01
-2.205837223142496362e-01 -2.114636794192795433e-01 -1.925507527724828472e-01 -1.537879377360844568e-01 -1.432223238287677891e-01 -1.343711364828388821e-01 -1.211281703900650430e-01 -1.119706253210863561e-01 -9.883177652072801245e-02 -7.539499310785922892e-02 -5.895535385208348911e-02 -4.029861720807385861e-02 -2.244516343532464153e-02 -1.961656073726198574e-02 -3.533958006755210778e-03 3.533958006755135751e-03 1.961656073726187818e-02 2.244516343532463459e-02 4.029861720807387943e-02 5.895535385208318380e-02 7.539499310785917341e-02 9.883177652072760999e-02 1.119706253210863978e-01 1.211281703900654316e-01 1.343711364828391597e-01 1.432223238287674005e-01 1.537879377360844846e-01 1.925507527724823198e-01 2.114636794192777947e-01 2.205837223142492476e-01
-2.205822801829065427e-01 -2.114647216841332444e-01 -1.925482690795617957e-01 -1.537963406342027495e-01 -1.432242295945113097e-01 -1.343678014408124510e-01 -1.211502159028229608e-01 -1.119264069631413089e-01 -9.883642956833342541e-02 -7.539925505038680420e-02 -5.891906517251517539e-02 -4.030511153254215384e-02 -2.245619139451012283e-02 -1.974137978168572644e-02 -3.563639863605375536e-03 3.563639863605377704e-03 1.974137978168578542e-02 2.245619139451021651e-02 4.030511153254212608e-02 5.891906517251492559e-02 7.539925505038694298e-02 9.883642956833454951e-02 1.119264069631399766e-01 1.211502159028225445e-01 1.343678014408136168e-01 1.432242295945108379e-01 1.537963406342022221e-01 1.925482690795616569e-01 2.114647216841330224e-01 2.205822801829064872e-01
-2.205809372714586658e-01 -2.114656902784201320e-01 -1.925459601654639641e-01 -1.538041659778885961e-01 -1.432259669905861232e-01 -1.343647204218721136e-01 -1.211707461972045957e-01 -1.118850155687719228e-01 -9.884071390284089598e-02 -7.540313255050992702e-02 -5.888510505485598095e-02 -4.031111544707977057e-02 -2.246529723411314072e-02 -1.986062456643714752e-02 -3.590502596200810265e-03 3.590502596200912180e-03 1.986062456643728630e-02 2.246529723411296725e-02 4.031111544707956934e-02 5.888510505485630014e-02 7.540313255050981600e-02 9.884071390284128455e-02 1.118850155687720060e-01 1.211707461972041239e-01 1.343647204218735292e-01 1.432259669905856792e-01 1.538041659778903447e-01 1.925459601654641584e-01 2.114656902784196324e-01 2.205809372714579719e-01
-2.205796963235902297e-01 -2.114665836508460850e-01 -1.925438298877586163e-01 -1.538113976209639355e-01 -1.432275407391238875e-01 -1.343618947168918054e-01 -1.211897159847859090e-01 -1.118465850141500961e-01 -9.884463195533589597e-02 -7.540663741684604238e-02 -5.885357671639545457e-02 -4.031662665757927699e-02 -2.247250308060408722e-02 -1.997359450921782492e-02 -3.614667247125224591e-03 3.614667247125218086e-03 1.997359450921777635e-02 2.247250308060406640e-02 4.031662665757913822e-02 5.885357671639558641e-02 7.540663741684607013e-02 9.884463195533532698e-02 1.118465850141511786e-01 1.211897159847853817e-01 1.343618947168925271e-01 1.432275407391240540e-01 1.538113976209651290e-01 1.925438298877596155e-01 2.114665836508455854e-01 2.205796963235886754e-01
-2.205785598820722282e-01 -2.114674003752436138e-01 -1.925418818025482759e-01 -1.538180206095042524e-01 -1.432289553752473799e-01 -1.343593252391956094e-01 -1.212070845227508631e-01 -1.118112396422022564e-01 -9.884818602994079051e-02 -7.540978118483634973e-02 -5.882457787294480961e-02 -4.032164311130977119e-02 -2.247788218729063897e-02 -2.007958179171363475e-02 -3.636248167578715138e-03 3.636248167578810114e-03 2.007958179171380475e-02 2.247788218729046550e-02 4.032164311130963935e-02 5.882457787294466389e-02 7.540978118483705750e-02 9.884818602994162318e-02 1.118112396422026311e-01 1.212070845227491978e-01 1.343593252391966919e-01 1.432289553752475464e-01 1.538180206095050295e-01 1.925418818025481926e-01 2.114674003752428921e-01 2.205785598820730886e-01
-2.205775302817805095e-01 -2.114681391517468090e-01 -1.925401191593255901e-01 -1.538240212209706359e-01 -1.432302151951350688e-01 -1.343570125854583741e-01 -1.212228154367602506e-01 -1.117790938624328295e-01 -9.885137827836744384e-02 -7.541257494842873443e-02 -5.879820003534851763e-02 -4.032616297838340774e-02 -2.248156217922437153e-02 -2.017787141492555572e-02 -3.655351989079470496e-03 3.655351989079458352e-03 2.017787141492570838e-02 2.248156217922454153e-02 4.032616297838355346e-02 5.879820003534893397e-02 7.541257494842873443e-02 9.885137827836736057e-02 1.117790938624324271e-01 1.212228154367595151e-01 1.343570125854583186e-01 1.432302151951350411e-01 1.538240212209715518e-01 1.925401191593269501e-01 2.114681391517473086e-01 2.205775302817795103e-01
-2.205766096432118517e-01 -2.114687988078224889e-01 -1.925385448962735058e-01 -1.538293870001675445e-01 -1.432313242079218951e-01 -1.343549570952111138e-01 -1.212368765488960609e-01 -1.117502517774569271e-01 -9.885421067910964144e-02 -7.541502919966071306e-02 -5.877452782575085660e-02 -4.033018463702853912e-02 -2.248372602285893251e-02 -2.026774322780424548e-02 -3.672076750604138986e-03 3.672076750604196232e-03 2.026774322780426976e-02 2.248372602285889435e-02 4.033018463702834483e-02 5.877452782575101620e-02 7.541502919966031060e-02 9.885421067910898918e-02 1.117502517774569271e-01 1.212368765488955752e-01 1.343549570952106142e-01 1.432313242079223392e-01 1.538293870001674613e-01 1.925385448962745882e-01 2.114687988078225167e-01 2.205766096432117684e-01
-2.205757998665867914e-01 -2.114693782991502458e-01 -1.925371616360040672e-01 -1.538341067919178351e-01 -1.432322860917049634e-01 -1.343531589079065003e-01 -1.212492397138679456e-01 -1.117248068384405213e-01 -9.885668502080109665e-02 -7.541715367801525571e-02 -5.875363832395337493e-02 -4.033370666227832635e-02 -2.248460955652923157e-02 -2.034847709435990901e-02 -3.686511165526308326e-03 3.686511165526318735e-03 2.034847709436000962e-02 2.248460955652938076e-02 4.033370666227811818e-02 5.875363832395338187e-02 7.541715367801579695e-02 9.885668502080233178e-02 1.117248068384403686e-01 1.212492397138676820e-01 1.343531589079061950e-01 1.432322860917060736e-01 1.538341067919188621e-01 1.925371616360032623e-01 2.114693782991495241e-01 2.205757998665859032e-01
-2.205751026265251324e-01 -2.114698767103938004e-01 -1.925359716817299782e-01 -1.538381707703658230e-01 -1.432331041538534300e-01 -1.343516180165079676e-01 -1.212598806663267026e-01 -1.117028415316532741e-01 -9.885880288919227099e-02 -7.541895723134109386e-02 -5.873560045421303416e-02 -4.033672781763039672e-02 -2.248449428801145220e-02 -2.041936249402418954e-02 -3.698734013082843799e-03 3.698734013082945714e-03 2.041936249402442199e-02 2.248449428801146607e-02 4.033672781763025100e-02 5.873560045421351294e-02 7.541895723134120488e-02 9.885880288919118852e-02 1.117028415316535517e-01 1.212598806663263556e-01 1.343516180165081342e-01 1.432331041538524863e-01 1.538381707703647128e-01 1.925359716817295064e-01 2.114698767103926347e-01 2.205751026265239390e-01
-2.205745193673335214e-01 -2.114702932558469028e-01 -1.925349770139345718e-01 -1.538415704647963234e-01 -1.432337812958484891e-01 -1.343503343166563835e-01 -1.212687788818087309e-01 -1.116844270983852055e-01 -9.886056565720757749e-02 -7.542044769002090310e-02 -5.872047442257491423e-02 -4.033924704920127668e-02 -2.248369429635787772e-02 -2.047971371872053109e-02 -3.708813639970662008e-03 3.708813639970593920e-03 2.047971371872035762e-02 2.248369429635791589e-02 4.033924704920189425e-02 5.872047442257472688e-02 7.542044769002081983e-02 9.886056565720838241e-02 1.116844270983849835e-01 1.212687788818099105e-01 1.343503343166563280e-01 1.432337812958485168e-01 1.538415704647962678e-01 1.925349770139352379e-01 2.114702932558452375e-01 2.205745193673334659e-01
-2.205740512989246005e-01 -2.114706272799649067e-01 -1.925341792874602775e-01 -1.538442987819335916e-01 -1.432343199828328695e-01 -1.343493076505431760e-01 -1.212759174535057438e-01 -1.116696232903296032e-01 -9.886197447758719725e-02 -7.542163175597013658e-02 -5.870831121430597488e-02 -4.034126348188009359e-02 -2.248253664855790618e-02 -2.052889125635212059e-02 -3.716807558911380208e-03 3.716807558911354187e-03 2.052889125635211365e-02 2.248253664855784373e-02 4.034126348187988542e-02 5.870831121430597488e-02 7.542163175597024760e-02 9.886197447758704460e-02 1.116696232903293395e-01 1.212759174535051887e-01 1.343493076505438144e-01 1.432343199828324809e-01 1.538442987819342023e-01 1.925341792874608327e-01 2.114706272799647402e-01 2.205740512989252944e-01
-2.205736993933855583e-01 -2.114708782578135216e-01 -1.925335798291021028e-01 -1.538463500246027849e-01 -1.432347222179825574e-01 -1.343485378447217271e-01 -1.212812829867088854e-01 -1.116584781624234551e-01 -9.886303027758648609e-02 -7.542251490784171453e-02 -5.869915216025915067e-02 -4.034277641700260292e-02 -2.248133588669229757e-02 -2.056632880491158707e-02 -3.722762132544059615e-03 3.722762132544099080e-03 2.056632880491154197e-02 2.248133588669218655e-02 4.034277641700290823e-02 5.869915216025912985e-02 7.542251490784217249e-02 9.886303027758694406e-02 1.116584781624245237e-01 1.212812829867080250e-01 1.343485378447218104e-01 1.432347222179827240e-01 1.538463500246027571e-01 1.925335798291004374e-01 2.114708782578131885e-01 2.205736993933851697e-01
-2.205734643822173935e-01 -2.114710457953922762e-01 -1.925331796356590797e-01 -1.538477199067354029e-01 -1.432349895218755220e-01 -1.343480247411787121e-01 -1.212848655125265407e-01 -1.116510279048711363e-01 -9.886373375532270247e-02 -7.542310132367421871e-02 -5.869302857993165257e-02 -4.034378533110567766e-02 -2.248036479341545754e-02 -2.059156370898974908e-02 -3.726712332718605785e-03 3.726712332718603617e-03 2.059156370898963112e-02 2.248036479341530836e-02 4.034378533110532378e-02 5.869302857993144440e-02 7.542310132367407993e-02 9.886373375532291063e-02 1.116510279048718718e-01 1.212848655125270125e-01 1.343480247411784900e-01 1.432349895218755220e-01 1.538477199067356527e-01 1.925331796356590519e-01 2.114710457953915823e-01 2.205734643822163388e-01
-2.205733467542507487e-01 -2.114711296299021104e-01 -1.925329793724765426e-01 -1.538484055646641424e-01 -1.432351229169143980e-01 -1.343477682211328128e-01 -1.212866584220704258e-01 -1.116472967158177731e-01 -9.886408537738015923e-02 -7.542339382196777686e-02 -5.868996150776383675e-02 -4.034428987535464833e-02 -2.247982540636153312e-02 -2.060426684755290241e-02 -3.728681567121982805e-03 3.728681567122083852e-03 2.060426684755257976e-02 2.247982540636150883e-02 4.034428987535453037e-02 5.868996150776358001e-02 7.542339382196761033e-02 9.886408537737920166e-02 1.116472967158183283e-01 1.212866584220702731e-01 1.343477682211323132e-01 1.432351229169143148e-01 1.538484055646633653e-01 1.925329793724779859e-01 2.114711296299038590e-01 2.205733467542505821e-01
-2.205733467542502491e-01 -2.114711296299042198e-01 -1.925329793724783189e-01 -1.538484055646630877e-01 -1.432351229169147588e-01 -1.343477682211328406e-01 -1.212866584220706062e-01 -1.116472967158185642e-01 -9.886408537737927105e-02 -7.542339382196783237e-02 -5.868996150776340653e-02 -4.034428987535448874e-02 -2.247982540636158863e-02 -2.060426684755280527e-02 -3.728681567122115511e-03 3.728681567122019234e-03 2.060426684755267343e-02 2.247982540636139781e-02 4.034428987535475242e-02 5.868996150776398246e-02 7.542339382196797115e-02 9.886408537738002045e-02 1.116472967158185919e-01 1.212866584220711613e-01 1.343477682211330904e-01 1.432351229169147866e-01 1.538484055646644477e-01 1.925329793724768757e-01 2.114711296299031651e-01 2.205733467542509707e-01
-2.205734643822168106e-01 -2.114710457953913880e-01 -1.925331796356587466e-01 -1.538477199067358192e-01 -1.432349895218760494e-01 -1.343480247411794060e-01 -1.212848655125263603e-01 -1.116510279048722881e-01 -9.886373375532321595e-02 -7.542310132367432973e-02 -5.869302857993127093e-02 -4.034378533110521969e-02 -2.248036479341521468e-02 -2.059156370898972480e-02 -3.726712332718692521e-03 3.726712332718512544e-03 2.059156370898961724e-02 2.248036479341529448e-02 4.034378533110541398e-02 5.869302857993172196e-02 7.542310132367473219e-02 9.886373375532342411e-02 1.116510279048719273e-01 1.212848655125264435e-01 1.343480247411785455e-01 1.432349895218746061e-01 1.538477199067357637e-01 1.925331796356586911e-01 2.114710457953928591e-01 2.205734643822170882e-01
-2.205736993933851697e-01 -2.114708782578125223e-01 -1.925335798291012979e-01 -1.538463500246021465e-01 -1.432347222179831681e-01 -1.343485378447218104e-01 -1.212812829867090103e-01 -1.116584781624243433e-01 -9.886303027758656936e-02 -7.542251490784174228e-02 -5.869915216025912985e-02 -4.034277641700267231e-02 -2.248133588669209981e-02 -2.056632880491118462e-02 -3.722762132544047906e-03 3.722762132544173673e-03 2.056632880491148993e-02 2.248133588669228022e-02 4.034277641700251271e-02 5.869915216025948373e-02 7.542251490784165902e-02 9.886303027758618078e-02 1.116584781624244127e-01 1.212812829867088021e-01 1.343485378447219492e-01 1.432347222179832236e-01 1.538463500246022853e-01 1.925335798291013534e-01 2.114708782578112456e-01 2.205736993933849754e-01
-2.205740512989236290e-01 -2.114706272799643794e-01 -1.925341792874600555e-01 -1.538442987819339802e-01 -1.432343199828323976e-01 -1.343493076505428430e-01 -1.212759174535049667e-01 -1.116696232903298253e-01 -9.886197447758759971e-02 -7.542163175597046965e-02 -5.870831121430659938e-02 -4.034126348187984379e-02 -2.248253664855796863e-02 -2.052889125635198528e-02 -3.716807558911365897e-03 3.716807558911376305e-03 2.052889125635205120e-02 2.248253664855791312e-02 4.034126348187979522e-02 5.870831121430598876e-02 7.542163175597023372e-02 9.886197447758653112e-02 1.116696232903298808e-01 1.212759174535054107e-01 1.343493076505433426e-01 1.432343199828322589e-01 1.538442987819342578e-01 1.925341792874593339e-01 2.114706272799645459e-01 2.205740512989242674e-01
-2.205745193673336046e-01 -2.114702932558460702e-01 -1.925349770139334615e-01 -1.538415704647966842e-01 -1.432337812958486556e-01 -1.343503343166559116e-01 -1.212687788818099105e-01 -1.116844270983838316e-01 -9.886056565720723055e-02 -7.542044769002105575e-02 -5.872047442257482402e-02 -4.033924704920155424e-02 -2.248369429635794364e-02 -2.047971371872055191e-02 -3.708813639970647696e-03 3.708813639970634686e-03 2.047971371872054150e-02 2.248369429635796793e-02 4.033924704920169996e-02 5.872047442257514321e-02 7.542044769002112514e-02 9.886056565720709177e-02 1.116844270983856080e-01 1.212687788818099383e-01 1.343503343166567721e-01 1.432337812958475731e-01 1.538415704647964899e-01 1.925349770139341554e-01 2.114702932558460702e-01 2.205745193673336324e-01
-2.205751026265254933e-01 -2.114698767103941057e-01 -1.925359716817300337e-01 -1.538381707703657952e-01 -1.432331041538526251e-01 -1.343516180165087726e-01 -1.212598806663263140e-01 -1.117028415316532186e-01 -9.885880288919113301e-02 -7.541895723134124652e-02 -5.873560045421343662e-02 -4.033672781763033427e-02 -2.248449428801155975e-02 -2.041936249402433526e-02 -3.698734013082978240e-03 3.698734013082945714e-03 2.041936249402438730e-02 2.248449428801145913e-02 4.033672781763018855e-02 5.873560045421340192e-02 7.541895723134066365e-02 9.885880288919085546e-02 1.117028415316530660e-01 1.212598806663272438e-01 1.343516180165077178e-01 1.432331041538518202e-01 1.538381707703643242e-01 1.925359716817301170e-01 2.114698767103940780e-01 2.205751026265253822e-01
-2.205757998665865971e-01 -2.114693782991494686e-01 -1.925371616360022631e-01 -1.538341067919190008e-01 -1.432322860917060736e-01 -1.343531589079058897e-01 -1.212492397138681260e-01 -1.117248068384393694e-01 -9.885668502080113829e-02 -7.541715367801554715e-02 -5.875363832395368024e-02 -4.033370666227819451e-02 -2.248460955652922116e-02 -2.034847709435994717e-02 -3.686511165526255851e-03 3.686511165526262356e-03 2.034847709435997146e-02 2.248460955652940851e-02 4.033370666227800022e-02 5.875363832395323616e-02 7.541715367801567205e-02 9.885668502080081910e-02 1.117248068384403131e-01 1.212492397138668493e-01 1.343531589079063060e-01 1.432322860917046303e-01 1.538341067919187233e-01 1.925371616360015137e-01 2.114693782991497462e-01 2.205757998665865138e-01
-2.205766096432127954e-01 -2.114687988078208236e-01 -1.925385448962736168e-01 -1.538293870001671282e-01 -1.432313242079236160e-01 -1.343549570952111694e-01 -1.212368765488952838e-01 -1.117502517774572185e-01 -9.885421067910898918e-02 -7.541502919966021345e-02 -5.877452782575105089e-02 -4.033018463702831014e-02 -2.248372602285892904e-02 -2.026774322780420037e-02 -3.672076750604190160e-03 3.672076750604158068e-03 2.026774322780405119e-02 2.248372602285907129e-02 4.033018463702839340e-02 5.877452782575078027e-02 7.541502919966135143e-02 9.885421067910973858e-02 1.117502517774571491e-01 1.212368765488954364e-01 1.343549570952109751e-01 1.432313242079229776e-01 1.538293870001674335e-01 1.925385448962745050e-01 2.114687988078221281e-01 2.205766096432112966e-01
-2.205775302817798433e-01 -2.114681391517479192e-01 -1.925401191593257566e-01 -1.538240212209714963e-01 -1.432302151951348745e-01 -1.343570125854591235e-01 -1.212228154367592653e-01 -1.117790938624326491e-01 -9.885137827836706914e-02 -7.541257494842860953e-02 -5.879820003534898254e-02 -4.032616297838367836e-02 -2.248156217922443398e-02 -2.017787141492560082e-02 -3.655351989079601033e-03 3.655351989079430163e-03 2.017787141492571185e-02 2.248156217922433336e-02 4.032616297838346325e-02 5.879820003534904499e-02 7.541257494842899811e-02 9.885137827836801283e-02 1.117790938624327601e-01 1.212228154367599869e-01 1.343570125854584851e-01 1.432302151951346525e-01 1.538240212209709967e-01 1.925401191593271999e-01 2.114681391517477804e-01 2.205775302817815087e-01
-2.205785598820720617e-01 -2.114674003752430587e-01 -1.925418818025483869e-01 -1.538180206095048630e-01 -1.432289553752479627e-01 -1.343593252391966364e-01 -1.212070845227494614e-01 -1.118112396422019927e-01 -9.884818602994197012e-02 -7.540978118483666892e-02 -5.882457787294478879e-02 -4.032164311130993078e-02 -2.247788218729048285e-02 -2.007958179171357230e-02 -3.636248167578724245e-03 3.636248167578776721e-03 2.007958179171359658e-02 2.247788218729060428e-02 4.032164311130971568e-02 5.882457787294458756e-02 7.540978118483626647e-02 9.884818602994112358e-02 1.118112396422029087e-01 1.212070845227503912e-01 1.343593252391963588e-01 1.432289553752476297e-01 1.538180206095046965e-01 1.925418818025478040e-01 2.114674003752425591e-01 2.205785598820721727e-01
-2.205796963235893693e-01 -2.114665836508462793e-01 -1.925438298877578946e-01 -1.538113976209648792e-01 -1.432275407391239708e-01 -1.343618947168923883e-01 -1.211897159847863253e-01 -1.118465850141504708e-01 -9.884463195533571556e-02 -7.540663741684579258e-02 -5.885357671639555172e-02 -4.031662665757902025e-02 -2.247250308060401436e-02 -1.997359450921783186e-02 -3.614667247125267092e-03 3.614667247125093186e-03 1.997359450921786309e-02 2.247250308060402824e-02 4.031662665757915903e-02 5.885357671639539212e-02 7.540663741684580645e-02 9.884463195533539637e-02 1.118465850141501655e-01 1.211897159847855482e-01 1.343618947168919442e-01 1.432275407391232769e-01 1.538113976209642408e-01 1.925438298877601984e-01 2.114665836508448915e-01 2.205796963235884534e-01
-2.205809372714581940e-01 -2.114656902784210757e-01 -1.925459601654642972e-01 -1.538041659778892900e-01 -1.432259669905857069e-01 -1.343647204218730018e-01 -1.211707461972046512e-01 -1.118850155687723391e-01 -9.884071390284157599e-02 -7.540313255051002417e-02 -5.888510505485577973e-02 -4.031111544707961097e-02 -2.246529723411315807e-02 -1.986062456643716487e-02 -3.590502596200900037e-03 3.590502596200850164e-03 1.986062456643740079e-02 2.246529723411350155e-02 4.031111544707946526e-02 5.888510505485585605e-02 7.540313255050988539e-02 9.884071390284138170e-02 1.118850155687719783e-01 1.211707461972048039e-01 1.343647204218729185e-01 1.432259669905852073e-01 1.538041659778895398e-01 1.925459601654631592e-01 2.114656902784209647e-01 2.205809372714593319e-01
-2.205822801829067370e-01 -2.114647216841345767e-01 -1.925482690795623231e-01 -1.537963406342029715e-01 -1.432242295945109767e-01 -1.343678014408128674e-01 -1.211502159028232523e-01 -1.119264069631402680e-01 -9.883642956833331439e-02 -7.539925505038719278e-02 -5.891906517251552233e-02 -4.030511153254211915e-02 -2.245619139451023732e-02 -1.974137978168580276e-02 -3.563639863605282294e-03 3.563639863605465741e-03 1.974137978168604216e-02 2.245619139451017487e-02 4.030511153254204976e-02 5.891906517251502967e-02 7.539925505038666542e-02 9.883642956833442461e-02 1.119264069631406150e-01 1.211502159028230163e-01 1.343678014408132837e-01 1.432242295945103938e-01 1.537963406342032491e-01 1.925482690795617402e-01 2.114647216841329669e-01 2.205822801829065427e-01
-2.205837223142491921e-01 -2.114636794192799596e-01 -1.925507527724819035e-01 -1.537879377360849842e-01 -1.432223238287675116e-01 -1.343711364828393262e-01 -1.211281703900648071e-01 -1.119706253210862451e-01 -9.883177652072765162e-02 -7.539499310785890973e-02 -5.895535385208320461e-02 -4.029861720807364350e-02 -2.244516343532453745e-02 -1.961656073726201002e-02 -3.533958006755078072e-03 3.533958006755078072e-03 1.961656073726179839e-02 2.244516343532457214e-02 4.029861720807388636e-02 5.895535385208289930e-02 7.539499310785874320e-02 9.883177652072738795e-02 1.119706253210857178e-01 1.211281703900650708e-01 1.343711364828386323e-01 1.432223238287678169e-01 1.537879377360849287e-01 1.925507527724815149e-01 2.114636794192789881e-01 2.205837223142495807e-01
-2.205852607283891320e-01 -2.114625651589491784e-01 -1.925534070907512496e-01 -1.537789745798040508e-01 -1.432202448397192907e-01 -1.343747238183421455e-01 -1.211046596716249396e-01 -1.120175276580779727e-01 -9.882675223254942798e-02 -7.539033481545884263e-02 -5.899386308793402173e-02 -4.029163503181589640e-02 -2.243223776152765761e-02 -1.948686177151087717e-02 -3.501330490825868644e-03 3.501330490825966656e-03 1.948686177151096044e-02 2.243223776152783455e-02 4.029163503181572292e-02 5.899386308793393152e-02 7.539033481545902304e-02 9.882675223254895613e-02 1.120175276580775009e-01 1.211046596716249951e-01 1.343747238183428117e-01 1.432202448397195960e-01 1.537789745798035512e-01 1.925534070907512774e-01 2.114625651589485122e-01 2.205852607283889932e-01
-2.205868923027750061e-01 -2.114613807005305823e-01 -1.925562275909671328e-01 -1.537694695666242950e-01 -1.432179877009815416e-01 -1.343785612186202127e-01 -1.210797386607714299e-01 -1.120669623290097144e-01 -9.882135411602996355e-02 -7.538526834529070408e-02 -5.903448079922964109e-02 -4.028416785297362496e-02 -2.241748003596862049e-02 -1.935297234535223940e-02 -3.465626673128997717e-03 3.465626673128923124e-03 1.935297234535231573e-02 2.241748003596854416e-02 4.028416785297334046e-02 5.903448079922902353e-02 7.538526834528998244e-02 9.882135411602975539e-02 1.120669623290091177e-01 1.210797386607716936e-01 1.343785612186204070e-01 1.432179877009816804e-01 1.537694695666239619e-01 1.925562275909687704e-01 2.114613807005291946e-01 2.205868923027753670e-01
-2.205886137377912337e-01 -2.114601279620272611e-01 -1.925592095461980124e-01 -1.537594421549580426e-01 -1.432155474751173885e-01 -1.343826458974496096e-01 -1.210534673410129519e-01 -1.121187694974231930e-01 -9.881557956505218621e-02 -7.537978212965396052e-02 -5.907709153400839130e-02 -4.027621884336652497e-02 -2.240099168174913141e-02 -1.921557832975812063e-02 -3.426713385173744963e-03 3.426713385173795270e-03 1.921557832975794369e-02 2.240099168174905161e-02 4.027621884336683028e-02 5.907709153400907132e-02 7.537978212965405767e-02 9.881557956505176987e-02 1.121187694974237065e-01 1.210534673410147144e-01 1.343826458974491100e-01 1.432155474751171664e-01 1.537594421549584034e-01 1.925592095461982345e-01 2.114601279620275942e-01 2.205886137377923717e-01
-2.205904215655393463e-01 -2.114588089801940352e-01 -1.925623479527531767e-01 -1.537489128098874502e-01 -1.432129192779024729e-01 -1.343869744556571433e-01 -1.210259109244698206e-01 -1.121727816250951137e-01 -9.880942600320376246e-02 -7.537386504204188209e-02 -5.912157715597377711e-02 -4.026779153357003954e-02 -2.238290444610757310e-02 -1.907536293122069973e-02 -3.384456721853789079e-03 3.384456721853794283e-03 1.907536293122050891e-02 2.238290444610747248e-02 4.026779153356990770e-02 5.912157715597393670e-02 7.537386504204102167e-02 9.880942600320219427e-02 1.121727816250949472e-01 1.210259109244696679e-01 1.343869744556573931e-01 1.432129192779029447e-01 1.537489128098870617e-01 1.925623479527545923e-01 2.114588089801925364e-01 2.205904215655400680e-01
-2.205923121589797031e-01 -2.114574259084473495e-01 -1.925656375373821227e-01 -1.537379029502482231e-01 -1.432100983447988085e-01 -1.343915428297649817e-01 -1.209971399938936376e-01 -1.122288239813819255e-01 -9.880289093809450918e-02 -7.536750657671725806e-02 -5.916781750660743411e-02 -4.025888985361254085e-02 -2.236337519095429882e-02 -1.893300709571790405e-02 -3.338724042949959940e-03 3.338724042949912669e-03 1.893300709571804630e-02 2.236337519095433352e-02 4.025888985361270045e-02 5.916781750660733002e-02 7.536750657671648090e-02 9.880289093809319079e-02 1.122288239813815786e-01 1.209971399938923609e-01 1.343915428297655368e-01 1.432100983447981424e-01 1.537379029502475292e-01 1.925656375373814844e-01 2.114574259084476271e-01 2.205923121589799252e-01
-2.205942817413834578e-01 -2.114559810146038332e-01 -1.925690727648201317e-01 -1.537264348934326841e-01 -1.432070800992057968e-01 -1.343963462456438107e-01 -1.209672306228573024e-01 -1.122867151723026952e-01 -9.879597202199993933e-02 -7.536069702520803437e-02 -5.921569103620880070e-02 -4.024951817812875976e-02 -2.234258099435983483e-02 -1.878918931669843265e-02 -3.289386186578682671e-03 3.289386186578691345e-03 1.878918931669850551e-02 2.234258099435972381e-02 4.024951817812915528e-02 5.921569103620887703e-02 7.536069702520833968e-02 9.879597202200093853e-02 1.122867151723036666e-01 1.209672306228559285e-01 1.343963462456441160e-01 1.432070800992059911e-01 1.537264348934337943e-01 1.925690727648194100e-01 2.114559810146034446e-01 2.205942817413824586e-01
-2.205963263960754317e-01 -2.114544766783470753e-01 -1.925726478457437940e-01 -1.537145317981127579e-01 -1.432038602221009926e-01 -1.344013791781128453e-01 -1.209362644682344251e-01 -1.123462676899146667e-01 -9.878866711879524809e-02 -7.535342764812312522e-02 -5.926507539846083417e-02 -4.023968137575334447e-02 -2.232071459616224995e-02 -1.864458482920002338e-02 -3.236319887253891105e-03 3.236319887253845135e-03 1.864458482920017604e-02 2.232071459616225689e-02 4.023968137575290038e-02 5.926507539846064682e-02 7.535342764812305583e-02 9.878866711879552565e-02 1.123462676899147084e-01 1.209362644682346333e-01 1.344013791781132894e-01 1.432038602221019086e-01 1.537145317981134796e-01 1.925726478457440438e-01 2.114544766783484353e-01 2.205963263960764031e-01
-2.205984420764003640e-01 -2.114529153885105206e-01 -1.925763567450833602e-01 -1.537022176050567568e-01 -1.432004347225820373e-01 -1.344066353172893302e-01 -1.209043288286316270e-01 -1.124072884832297975e-01 -9.878097437703288464e-02 -7.534569084083947432e-02 -5.931584800413702840e-02 -4.022938486250429019e-02 -2.229798019063636283e-02 -1.849986420915699856e-02 -3.179410382909119044e-03 3.179410382909168484e-03 1.849986420915699509e-02 2.229798019063634895e-02 4.022938486250421386e-02 5.931584800413723657e-02 7.534569084083983515e-02 9.878097437703245443e-02 1.124072884832297697e-01 1.209043288286325846e-01 1.344066353172897188e-01 1.432004347225813989e-01 1.537022176050579780e-01 1.925763567450836655e-01 2.114529153885107982e-01 2.205984420763990317e-01
-2.206006246158926376e-01 -2.114512997400842809e-01 -1.925801931906997166e-01 -1.536895169762706737e-01 -1.431968000088594262e-01 -1.344121075423932721e-01 -1.208715166620400738e-01 -1.124695795526256537e-01 -9.877289230893267213e-02 -7.533748029172954164e-02 -5.936788653060297294e-02 -4.021863465880578387e-02 -2.227458955296347104e-02 -1.835569142110294108e-02 -3.118554185664060025e-03 3.118554185664019693e-03 1.835569142110290292e-02 2.227458955296306511e-02 4.021863465880567284e-02 5.936788653060252191e-02 7.533748029172959715e-02 9.877289230893314398e-02 1.124695795526256953e-01 1.208715166620406012e-01 1.344121075423937439e-01 1.431968000088588155e-01 1.536895169762706737e-01 1.925801931907010489e-01 2.114512997400845307e-01 2.206006246158928596e-01
-2.206028697386112902e-01 -2.114496324309994846e-01 -1.925841506824331473e-01 -1.536764552326597977e-01 -1.431929529592135819e-01 -1.344177879036140832e-01 -1.208379265555752508e-01 -1.125329385704294666e-01 -9.876441987493146668e-02 -7.532879113172759322e-02 -5.942106938469864097e-02 -4.020743744974895201e-02 -2.225075847904402215e-02 -1.821272137363377439e-02 -3.053661980561533928e-03 3.053661980561488826e-03 1.821272137363368418e-02 2.225075847904376194e-02 4.020743744974887568e-02 5.942106938469871730e-02 7.532879113172762098e-02 9.876441987493052299e-02 1.125329385704287727e-01 1.208379265555747095e-01 1.344177879036131396e-01 1.431929529592136652e-01 1.536764552326593536e-01 1.925841506824315930e-01 2.114496324309974307e-01 2.206028697386110682e-01
-2.206051730695814395e-01 -2.114479162586442029e-01 -1.925882225014980964e-01 -1.536630582904332520e-01 -1.431888909923874076e-01 -1.344236676124978269e-01 -1.208036626397936131e-01 -1.125971595310361617e-01 -9.875555657335348403e-02 -7.531962007417623839e-02 -5.947527611755010213e-02 -4.019580064814619325e-02 -2.222670351651925835e-02 -1.807159705333867550e-02 -2.984661605336419443e-03 2.984661605336363932e-03 1.807159705333886285e-02 2.222670351651927570e-02 4.019580064814592263e-02 5.947527611755029642e-02 7.531962007417661309e-02 9.875555657335460813e-02 1.125971595310364393e-01 1.208036626397937241e-01 1.344236676124975216e-01 1.431888909923882125e-01 1.536630582904327524e-01 1.925882225014982907e-01 2.114479162586446748e-01 2.206051730695796631e-01
-2.206075301453210291e-01 -2.114461541161438696e-01 -1.925924017202542415e-01 -1.536493525964890416e-01 -1.431846121369091951e-01 -1.344297370412195214e-01 -1.207688344397988972e-01 -1.126620334346668389e-01 -9.874630253468724694e-02 -7.530996554403525389e-02 -5.953038779067099107e-02 -4.018373245987066911e-02 -2.220263896636916548e-02 -1.793294631630064362e-02 -2.911501053040721921e-03 2.911501053040732763e-03 1.793294631630071995e-02 2.220263896636918630e-02 4.018373245987068298e-02 5.953038779067091474e-02 7.530996554403514287e-02 9.874630253468646979e-02 1.126620334346671581e-01 1.207688344397991054e-01 1.344297370412198822e-01 1.431846121369092784e-01 1.536493525964894302e-01 1.925924017202542693e-01 2.114461541161450076e-01 2.206075301453229998e-01
-2.206099364244121230e-01 -2.114443489883552352e-01 -1.925966812123050542e-01 -1.536353650630097045e-01 -1.431801150987900006e-01 -1.344359857309141704e-01 -1.207335566551263756e-01 -1.127273490093905484e-01 -9.873665861981785474e-02 -7.529982779565463913e-02 -5.958628729350690795e-02 -4.017124195094422950e-02 -2.217877413763440220e-02 -1.779737842262621092e-02 -2.834151428713117121e-03 2.834151428713179138e-03 1.779737842262637398e-02 2.217877413763436750e-02 4.017124195094463196e-02 5.958628729350752551e-02 7.529982779565465301e-02 9.873665861981834047e-02 1.127273490093902986e-01 1.207335566551272499e-01 1.344359857309136153e-01 1.431801150987911109e-01 1.536353650630100098e-01 1.925966812123052208e-01 2.114443489883550964e-01 2.206099364244136773e-01
-2.206123872980624845e-01 -2.114425039476192369e-01 -1.926010536629645664e-01 -1.536211230014975782e-01 -1.431753993270620529e-01 -1.344424024091644410e-01 -1.206979488603571460e-01 -1.127928934765605740e-01 -9.872662652155987650e-02 -7.528920901845892466e-02 -5.964285961326178803e-02 -4.015833911578937238e-02 -2.215531084169429857e-02 -1.766548040407300152e-02 -2.752609782010289469e-03 2.752609782010327199e-03 1.766548040407309172e-02 2.215531084169441653e-02 4.015833911578937931e-02 5.964285961326186436e-02 7.528920901845931324e-02 9.872662652156009855e-02 1.127928934765609348e-01 1.206979488603573542e-01 1.344424024091644132e-01 1.431753993270619973e-01 1.536211230014987161e-01 1.926010536629633729e-01 2.114425039476196255e-01 2.206123872980632616e-01
-2.206148781006403159e-01 -2.114406221492398374e-01 -1.926055115800647255e-01 -1.536066540565238225e-01 -1.431704650765825149e-01 -1.344489750165629438e-01 -1.206621351185193508e-01 -1.128584533650904415e-01 -9.871620886867181477e-02 -7.527811343000395672e-02 -5.969999205842568130e-02 -4.014503494602525424e-02 -2.213244111651837404e-02 -1.753781335752258377e-02 -2.666901730667848441e-03 2.666901730667766042e-03 1.753781335752241724e-02 2.213244111651838444e-02 4.014503494602510852e-02 5.969999205842570211e-02 7.527811343000409550e-02 9.871620886867206457e-02 1.128584533650911770e-01 1.206621351185183794e-01 1.344489750165635822e-01 1.431704650765819598e-01 1.536066540565241278e-01 1.926055115800642814e-01 2.114406221492413918e-01 2.206148781006405935e-01
-2.206174041201439950e-01 -2.114387068267212788e-01 -1.926100473051186035e-01 -1.535919861393995056e-01 -1.431653134675555661e-01 -1.344556907421421699e-01 -1.206262434997208699e-01 -1.129238153800244671e-01 -9.870540933152682772e-02 -7.526654735597690382e-02 -5.975757443795275126e-02 -4.013134149916486315e-02 -2.211034517505009594e-02 -1.741490875747779901e-02 -2.577083785634827137e-03 2.577083785634827137e-03 1.741490875747770881e-02 2.211034517505013411e-02 4.013134149916483540e-02 5.975757443795266105e-02 7.526654735597702872e-02 9.870540933152716079e-02 1.129238153800234123e-01 1.206262434997194682e-01 1.344556907421433078e-01 1.431653134675556216e-01 1.535919861393990893e-01 1.926100473051195194e-01 2.114387068267226388e-01 2.206174041201437730e-01
-2.206199606085571252e-01 -2.114367612867267820e-01 -1.926146530248202537e-01 -1.535771473620531069e-01 -1.431599465412101424e-01 -1.344625360673474546e-01 -1.205904054981261214e-01 -1.129887673306193552e-01 -9.869423272853206086e-02 -7.525451929683360519e-02 -5.981549919845749463e-02 -4.011727196651247718e-02 -2.208918957515648013e-02 -1.729726487846094604e-02 -2.483245288472997036e-03 2.483245288472827900e-03 1.729726487846072747e-02 2.208918957515633094e-02 4.011727196651251881e-02 5.981549919845700891e-02 7.525451929683339702e-02 9.869423272853142248e-02 1.129887673306191470e-01 1.205904054981259133e-01 1.344625360673482317e-01 1.431599465412102534e-01 1.535771473620524408e-01 1.926146530248199762e-01 2.114367612867252000e-01 2.206199606085572917e-01
-2.206225427920799620e-01 -2.114347889037953843e-01 -1.926193207828941212e-01 -1.535621659713517217e-01 -1.431543673110634574e-01 -1.344694968180896733e-01 -1.205547553414697409e-01 -1.130530991224788229e-01 -9.868268513229111472e-02 -7.524203998083014988e-02 -5.987366152212793280e-02 -4.010284073955141387e-02 -2.206912561126345151e-02 -1.718534341287009798e-02 -2.385509875673248389e-03 2.385509875673140837e-03 1.718534341286990716e-02 2.206912561126351396e-02 4.010284073955108775e-02 5.987366152212798831e-02 7.524203998083031641e-02 9.868268513229139227e-02 1.130530991224797943e-01 1.205547553414691719e-01 1.344694968180890349e-01 1.431543673110632076e-01 1.535621659713526377e-01 1.926193207828928722e-01 2.114347889037963835e-01 2.206225427920803506e-01
-2.206251458811920585e-01 -2.114327931148300144e-01 -1.926240424922846806e-01 -1.535470702841016666e-01 -1.431485798092385353e-01 -1.344765582242972157e-01 -1.205194291887976554e-01 -1.131166038171804583e-01 -9.867077397451896881e-02 -7.522912240332937928e-02 -5.993195938836341774e-02 -4.008806347405018122e-02 -2.205028792985444866e-02 -1.707956636134656467e-02 -2.284036393207983674e-03 2.284036393208001454e-03 1.707956636134665834e-02 2.205028792985425437e-02 4.008806347405030612e-02 5.993195938836340386e-02 7.522912240332915723e-02 9.867077397451946841e-02 1.131166038171807081e-01 1.205194291887964481e-01 1.344765582242974933e-01 1.431485798092380357e-01 1.535470702841016388e-01 1.926240424922842642e-01 2.114327931148296535e-01 2.206251458811914756e-01
-2.206277650805073820e-01 -2.114307774133166451e-01 -1.926288099476979043e-01 -1.535318886229871949e-01 -1.431425891272952722e-01 -1.344837049863045475e-01 -1.204845642141795375e-01 -1.131790787611646337e-01 -9.865850814858294349e-02 -7.521578185230420877e-02 -5.999029360228895491e-02 -4.007295715110360118e-02 -2.203279337239498134e-02 -1.698031326115405359e-02 -2.179019197854121029e-03 2.179019197853978348e-03 1.698031326115387318e-02 2.203279337239498481e-02 4.007295715110369833e-02 5.999029360228917002e-02 7.521578185230472224e-02 9.865850814858488638e-02 1.131790787611644533e-01 1.204845642141803841e-01 1.344837049863056577e-01 1.431425891272952722e-01 1.535318886229882496e-01 1.926288099476982651e-01 2.114307774133165618e-01 2.206277650805083257e-01
-2.206303955984362797e-01 -2.114287453433478514e-01 -1.926336148384579783e-01 -1.535166492537028970e-01 -1.431364014510638771e-01 -1.344909213472856857e-01 -1.204502975767506034e-01 -1.132403267834603960e-01 -9.864589810855885210e-02 -7.520203592004837123e-02 -6.004856779351089996e-02 -4.005754013425934928e-02 -2.201674005000033713e-02 -1.688791880392286754e-02 -2.070687799196246816e-03 2.070687799196286715e-03 1.688791880392283284e-02 2.201674005000021223e-02 4.005754013425932153e-02 6.004856779351110119e-02 7.520203592004849613e-02 9.864589810855846352e-02 1.132403267834600075e-01 1.204502975767498540e-01 1.344909213472857967e-01 1.431364014510639326e-01 1.535166492537018701e-01 1.926336148384578673e-01 2.114287453433486563e-01 2.206303955984381948e-01
-2.206330326565834610e-01 -2.114267004934192451e-01 -1.926384487617188446e-01 -1.535013803234656360e-01 -1.431300240889851472e-01 -1.344981911708854339e-01 -1.204167652805989974e-01 -1.133001574589379140e-01 -9.863295596360782680e-02 -7.518790450114302970e-02 -6.010668838850379697e-02 -4.004183222186993851e-02 -2.200220665427025241e-02 -1.680267087811578020e-02 -1.959305816987679926e-03 1.959305816987726764e-03 1.680267087811581489e-02 2.200220665427044323e-02 4.004183222186975116e-02 6.010668838850340839e-02 7.518790450114241908e-02 9.863295596360691087e-02 1.133001574589375948e-01 1.204167652805990113e-01 1.344981911708856559e-01 1.431300240889866460e-01 1.535013803234659135e-01 1.926384487617193164e-01 2.114267004934197169e-01 2.206330326565819344e-01
-2.206356714988735035e-01 -2.114246464900236822e-01 -1.926433032359898823e-01 -1.534861098011963132e-01 -1.431234654935203410e-01 -1.345054980231302211e-01 -1.203841009319088079e-01 -1.133583884303234895e-01 -9.861969556647241786e-02 -7.517340977679384806e-02 -6.016456456010951109e-02 -4.002585469375256888e-02 -2.198925200827120049e-02 -1.672480905467742945e-02 -1.845169251638072595e-03 1.845169251638028359e-03 1.672480905467738088e-02 2.198925200827116233e-02 4.002585469375238153e-02 6.016456456010940701e-02 7.517340977679393133e-02 9.861969556647295909e-02 1.133583884303232814e-01 1.203841009319086136e-01 1.345054980231296660e-01 1.431234654935204520e-01 1.534861098011942315e-01 1.926433032359887998e-01 2.114246464900237654e-01 2.206356714988724210e-01
-2.206383074004200917e-01 -2.114225869910609512e-01 -1.926481697149791672e-01 -1.534708654195235389e-01 -1.431167352751805399e-01 -1.345128252576263672e-01 -1.203524344050389966e-01 -1.134148467781683906e-01 -9.860613259481329496e-02 -7.515857618568524967e-02 -6.022210815760846436e-02 -4.000963035121999495e-02 -2.197791486064071959e-02 -1.665452351771798400e-02 -1.728604089755763490e-03 1.728604089755748311e-03 1.665452351771793196e-02 2.197791486064054264e-02 4.000963035122006434e-02 6.022210815760833946e-02 7.515857618568574927e-02 9.860613259481418313e-02 1.134148467781686959e-01 1.203524344050398154e-01 1.345128252576259786e-01 1.431167352751809285e-01 1.534708654195240385e-01 1.926481697149786676e-01 2.114225869910613675e-01 2.206383074004212574e-01
-2.206409356760690721e-01 -2.114205256790804566e-01 -1.926530396017713254e-01 -1.534556746188626419e-01 -1.431098442088373779e-01 -1.345201561030395787e-01 -1.203218904340954687e-01 -1.134693704234674833e-01 -9.859228462410613014e-02 -7.514343038152820897e-02 -6.027923362079834479e-02 -3.999318354950692767e-02 -2.196821392436365886e-02 -1.659195442683590593e-02 -1.609963290495265058e-03 1.609963290495312546e-03 1.659195442683621124e-02 2.196821392436377682e-02 3.999318354950699012e-02 6.027923362079828234e-02 7.514343038152815346e-02 9.859228462410514482e-02 1.134693704234676082e-01 1.203218904340954409e-01 1.345201561030393289e-01 1.431098442088374056e-01 1.534556746188633636e-01 1.926530396017697710e-01 2.114205256790800957e-01 2.206409356760680729e-01
-2.206435516886214310e-01 -2.114184662543680815e-01 -1.926579042632688976e-01 -1.534405644937263946e-01 -1.431028042319467397e-01 -1.345274737518081243e-01 -1.202925871515822392e-01 -1.135218095428071755e-01 -9.857817119079552437e-02 -7.512800117752051199e-02 -6.033585788146703099e-02 -3.997654022160321285e-02 -2.196014815991976718e-02 -1.653719168489440478e-02 -1.489623220612955020e-03 1.489623220613015952e-03 1.653719168489450192e-02 2.196014815991981575e-02 3.997654022160302550e-02 6.033585788146661466e-02 7.512800117752015117e-02 9.857817119079480273e-02 1.135218095428072449e-01 1.202925871515829331e-01 1.345274737518088459e-01 1.431028042319473226e-01 1.534405644937259505e-01 1.926579042632685368e-01 2.114184662543682758e-01 2.206435516886196269e-01
-2.206461508567418850e-01 -2.114164124278967993e-01 -1.926627550449590276e-01 -1.534255617414524986e-01 -1.430956284344464813e-01 -1.345347614490299271e-01 -1.202646346008586636e-01 -1.135720279710892150e-01 -9.856381384439238946e-02 -7.511231947796731534e-02 -6.039190025554778268e-02 -3.995972789249072760e-02 -2.195369730036268036e-02 -1.649027507549457455e-02 -1.367979625399205366e-03 1.367979625399148337e-03 1.649027507549435945e-02 2.195369730036261444e-02 3.995972789249093576e-02 6.039190025554745656e-02 7.511231947796723207e-02 9.856381384439229232e-02 1.135720279710885766e-01 1.202646346008588579e-01 1.345347614490299826e-01 1.430956284344470641e-01 1.534255617414530537e-01 1.926627550449565573e-01 2.114164124278976598e-01 2.206461508567409135e-01
-2.206487286625233024e-01 -2.114143679141691490e-01 -1.926675832859193471e-01 -1.534106926135073989e-01 -1.430883310400937192e-01 -1.345420025804771325e-01 -1.202381332539685238e-01 -1.136199045622483528e-01 -9.854923618716426859e-02 -7.509641819731618928e-02 -6.044728232915849014e-02 -3.994277568278040841e-02 -2.194882261350544414e-02 -1.645119472855634604e-02 -1.245443238065692968e-03 1.245443238065806158e-03 1.645119472855633563e-02 2.194882261350538169e-02 3.994277568278058882e-02 6.044728232915821953e-02 7.509641819731605050e-02 9.854923618716468492e-02 1.136199045622477560e-01 1.202381332539685793e-01 1.345420025804764663e-01 1.430883310400935249e-01 1.534106926135085092e-01 1.926675832859190418e-01 2.114143679141688437e-01 2.206487286625237465e-01
-2.206512806586931885e-01 -2.114123364239499925e-01 -1.926723803341072738e-01 -1.533959828695000971e-01 -1.430809273791026348e-01 -1.345491807587012034e-01 -1.202131725705992832e-01 -1.136653344743973060e-01 -9.853446390012388090e-02 -7.508033216691090139e-02 -6.050192784159540149e-02 -3.992571430076111844e-02 -2.194546789385242239e-02 -1.641989187042727436e-02 -1.122435141060603705e-03 1.122435141060561204e-03 1.641989187042725354e-02 2.194546789385223851e-02 3.992571430076094496e-02 6.050192784159522802e-02 7.508033216690994383e-02 9.853446390012443601e-02 1.136653344743974864e-01 1.202131725705994081e-01 1.345491807587007316e-01 1.430809273791025238e-01 1.533959828694988481e-01 1.926723803341061358e-01 2.114123364239493819e-01 2.206512806586929942e-01
-2.206538024754777505e-01 -2.114103216569434285e-01 -1.926771375618647753e-01 -1.533814577339999707e-01 -1.430734338519901450e-01 -1.345562799062285653e-01 -1.201898296371416985e-01 -1.137082303428311458e-01 -9.851952475401797027e-02 -7.506409802977169476e-02 -6.055576256821295494e-02 -3.990857602190976683e-02 -2.194356067427056731e-02 -1.639625981656330292e-02 -9.993819988125204629e-04 9.993819988125512543e-04 1.639625981656327516e-02 2.194356067427042506e-02 3.990857602190960030e-02 6.055576256821271902e-02 7.506409802977119516e-02 9.851952475401729026e-02 1.137082303428306462e-01 1.201898296371407826e-01 1.345562799062282877e-01 1.430734338519910331e-01 1.533814577339999430e-01 1.926771375618636373e-01 2.114103216569444832e-01 2.206538024754770289e-01
-2.206562898270958972e-01 -2.114083272944054792e-01 -1.926818463816338256e-01 -1.533671418563121724e-01 -1.430658678846487009e-01 -1.345632843348800178e-01 -1.201681679265947100e-01 -1.137485233026890585e-01 -9.850444860406910863e-02 -7.504775412376092636e-02 -6.060871420598148984e-02 -3.989139465495946529e-02 -2.194301364473296920e-02 -1.638014516951722538e-02 -8.767112825654742357e-04 8.767112825654350960e-04 1.638014516951725660e-02 2.194301364473292756e-02 3.989139465495920855e-02 6.060871420598173964e-02 7.504775412376039900e-02 9.850444860406901149e-02 1.137485233026883230e-01 1.201681679265952513e-01 1.345632843348797125e-01 1.430658678846491449e-01 1.533671418563121169e-01 1.926818463816353244e-01 2.114083272944043967e-01 2.206562898270974238e-01
-2.206587385179194782e-01 -2.114063569917218055e-01 -1.926864982618791133e-01 -1.533530592732017528e-01 -1.430582478746807440e-01 -1.345701788203124416e-01 -1.201482362201085757e-01 -1.137861638231945360e-01 -9.848926736727628417e-02 -7.503134035349018349e-02 -6.066071226433134012e-02 -3.987420549370529477e-02 -2.194372626280192279e-02 -1.637134919193835095e-02 -7.548466044810783543e-04 7.548466044810210000e-04 1.637134919193841687e-02 2.194372626280192626e-02 3.987420549370543355e-02 6.066071226433145808e-02 7.503134035349051656e-02 9.848926736727622866e-02 1.137861638231937728e-01 1.201482362201089366e-01 1.345701788203125526e-01 1.430582478746811326e-01 1.533530592732030851e-01 1.926864982618794186e-01 2.114063569917219165e-01 2.206587385179197280e-01
-2.206611444482415862e-01 -2.114044143709918888e-01 -1.926910847431292373e-01 -1.533392333746919634e-01 -1.430505931291701227e-01 -1.345769486709540719e-01 -1.201300677290049190e-01 -1.138211223174348391e-01 -9.847401498118149576e-02 -7.501489805139774369e-02 -6.071168796372076321e-02 -3.985704525381395663e-02 -2.194558653788283506e-02 -1.636962933262924719e-02 -6.342032705573675926e-04 6.342032705572729417e-04 1.636962933262902514e-02 2.194558653788279690e-02 3.985704525381356805e-02 6.071168796371961135e-02 7.501489805139732736e-02 9.847401498118092678e-02 1.138211223174355469e-01 1.201300677290055574e-01 1.345769486709545992e-01 1.430505931291697619e-01 1.533392333746910197e-01 1.926910847431297646e-01 2.114044143709922774e-01 2.206611444482402540e-01
-2.206635036197166222e-01 -2.114025030136159333e-01 -1.926955974541858241e-01 -1.533256868728984923e-01 -1.430429237941013565e-01 -1.345835797905640119e-01 -1.201136794520374224e-01 -1.138533894958314308e-01 -9.845872734308522278e-02 -7.499846982841906762e-02 -6.076157414416366587e-02 -3.983995199404406773e-02 -2.194847296870856834e-02 -1.637470089249590255e-02 -5.151841507407889029e-04 5.151841507407920471e-04 1.637470089249598582e-02 2.194847296870849201e-02 3.983995199404397752e-02 6.076157414416341607e-02 7.499846982841916476e-02 9.845872734308469543e-02 1.138533894958314308e-01 1.201136794520373530e-01 1.345835797905635955e-01 1.430429237941017173e-01 1.533256868728977151e-01 1.926955974541854077e-01 2.114025030136161831e-01 2.206635036197159283e-01
-2.206658121404435069e-01 -2.114006264529107448e-01 -1.927000281283806626e-01 -1.533124417739535061e-01 -1.430352607757436889e-01 -1.345900587337484355e-01 -1.200990717965696869e-01 -1.138829764375830084e-01 -9.844344222887679852e-02 -7.498209941476574603e-02 -6.081030518574886967e-02 -3.982296502142501637e-02 -2.195225661094742445e-02 -1.638623882563133849e-02 -3.981759506313432991e-04 3.981759506314764933e-04 1.638623882563153278e-02 2.195225661094742792e-02 3.982296502142444738e-02 6.081030518574902233e-02 7.498209941476614848e-02 9.844344222887603524e-02 1.138829764375832582e-01 1.200990717965698118e-01 1.345900587337488796e-01 1.430352607757439387e-01 1.533124417739544221e-01 1.927000281283805516e-01 2.114006264529115497e-01 2.206658121404435069e-01
-2.206680662296945927e-01 -2.113987881668032698e-01 -1.927043686199250150e-01 -1.532995193529621547e-01 -1.430276256543803748e-01 -1.345963727538813659e-01 -1.200862284843421529e-01 -1.139099143624356936e-01 -9.842819919075300461e-02 -7.496583149132726720e-02 -6.085781694293422583e-02 -3.980612478011118921e-02 -2.195680324931186325e-02 -1.640387967811125086e-02 -2.835459531511046573e-04 2.835459531511288350e-04 1.640387967811115025e-02 2.195680324931193264e-02 3.980612478011161248e-02 6.085781694293431604e-02 7.496583149132775292e-02 9.842819919075281032e-02 1.139099143624361238e-01 1.200862284843417366e-01 1.345963727538818100e-01 1.430276256543815405e-01 1.532995193529621270e-01 1.927043686199260697e-01 2.113987881668035473e-01 2.206680662296948980e-01
-2.206702622223229160e-01 -2.113969915705830038e-01 -1.927086109202457431e-01 -1.532869401319500446e-01 -1.430200405908505501e-01 -1.346025098429349531e-01 -1.200751167531861618e-01 -1.139342540944281862e-01 -9.841303943333033766e-02 -7.494971151230288287e-02 -6.090404669417864847e-02 -3.978947272385079809e-02 -2.196197564596470003e-02 -1.642722367292034219e-02 -1.716392812393664725e-04 1.716392812394065067e-04 1.642722367292043933e-02 2.196197564596484922e-02 3.978947272385068706e-02 6.090404669417959910e-02 7.494971151230232775e-02 9.841303943333076787e-02 1.139342540944281862e-01 1.200751167531870361e-01 1.346025098429347033e-01 1.430200405908503003e-01 1.532869401319498504e-01 1.927086109202462427e-01 2.113969915705827818e-01 2.206702622223233601e-01
-2.206723965728233372e-01 -2.113952400097615925e-01 -1.927127471742985931e-01 -1.532747238607494178e-01 -1.430125282264423370e-01 -1.346084587628884888e-01 -1.200656878557743446e-01 -1.139560652195377027e-01 -9.839800566786394143e-02 -7.493378551970934776e-02 -6.094893310820245769e-02 -3.977305117219246539e-02 -2.196763583441051909e-02 -1.645583695356669582e-02 -6.277671479096942533e-05 6.277671479076800767e-05 1.645583695356679296e-02 2.196763583441030399e-02 3.977305117219262498e-02 6.094893310820236748e-02 7.493378551970891754e-02 9.839800566786371938e-02 1.139560652195378831e-01 1.200656878557743446e-01 1.346084587628889051e-01 1.430125282264419484e-01 1.532747238607498341e-01 1.927127471742975107e-01 2.113952400097628970e-01 2.206723965728249748e-01
-2.206744658591013319e-01 -2.113935367530660470e-01 -1.927167696968171695e-01 -1.532628895007177028e-01 -1.430051115767583814e-01 -1.346142090684784298e-01 -1.200578778460511115e-01 -1.139754349495262359e-01 -9.838314194451866501e-02 -7.491809995048556714e-02 -6.099241622786659434e-02 -3.975690315083744986e-02 -2.197364742531946954e-02 -1.648925400137121050e-02 -4.274692263746164361e-05 4.274692263732633518e-05 1.648925400137110989e-02 2.197364742531970200e-02 3.975690315083715148e-02 6.099241622786674005e-02 7.491809995048499815e-02 9.838314194451933115e-02 1.139754349495260832e-01 1.200578778460503482e-01 1.346142090684783466e-01 1.430051115767579928e-01 1.532628895007177028e-01 1.927167696968163368e-01 2.113935367530662413e-01 2.206744658591016095e-01
-2.206764667858997775e-01 -2.113918849855471460e-01 -1.927206709884363434e-01 -1.532514552111752526e-01 -1.429978139202257859e-01 -1.346197511211710274e-01 -1.200516086340793903e-01 -1.139924667141600928e-01 -9.836849346295339913e-02 -7.490270143698378458e-02 -6.103443747241427131e-02 -3.974107221675310386e-02 -2.197987788787414062e-02 -1.652698024243144659e-02 -1.446638087279632397e-04 1.446638087279989370e-04 1.652698024243113087e-02 2.197987788787423430e-02 3.974107221675312468e-02 6.103443747241484030e-02 7.490270143698392336e-02 9.836849346295398200e-02 1.139924667141597320e-01 1.200516086340791544e-01 1.346197511211717213e-01 1.429978139202251475e-01 1.532514552111753359e-01 1.927206709884339841e-01 2.113918849855467574e-01 2.206764667858985007e-01
-2.206783961879738576e-01 -2.113902878018734388e-01 -1.927244437516425768e-01 -1.532404383384453062e-01 -1.429906586819897074e-01 -1.346250760943890901e-01 -1.200467892811354492e-01 -1.140072785127597549e-01 -9.835410636173624876e-02 -7.488763660170982828e-02 -6.107493965844964373e-02 -3.972560226896173358e-02 -2.198620076722012859e-02 -1.656849486013371731e-02 -2.427336158554314254e-04 2.427336158553742879e-04 1.656849486013376588e-02 2.198620076721955960e-02 3.972560226896167807e-02 6.107493965844960904e-02 7.488763660170974501e-02 9.835410636173617938e-02 1.140072785127601573e-01 1.200467892811352133e-01 1.346250760943885350e-01 1.429906586819895131e-01 1.532404383384452784e-01 1.927244437516437980e-01 2.113902878018721621e-01 2.206783961879753841e-01
-2.206802510329534117e-01 -2.113887481997869799e-01 -1.927280809065225198e-01 -1.532298554073316110e-01 -1.429836693140125459e-01 -1.346301759701180600e-01 -1.200433174997349584e-01 -1.140200010630519484e-01 -9.834002748746303868e-02 -7.487295184725925590e-02 -6.111386703975265483e-02 -3.971053734615449804e-02 -2.199249779553031151e-02 -1.661325382830292768e-02 -3.367434837968550330e-04 3.367434837968319938e-04 1.661325382830289646e-02 2.199249779553022824e-02 3.971053734615425518e-02 6.111386703975293239e-02 7.487295184725868691e-02 9.834002748746342726e-02 1.140200010630510741e-01 1.200433174997352637e-01 1.346301759701174217e-01 1.429836693140121295e-01 1.532298554073318886e-01 1.927280809065225198e-01 2.113887481997879791e-01 2.206802510329542721e-01
-2.206820284239527918e-01 -2.113872690737696458e-01 -1.927315756062238095e-01 -1.532197221148808575e-01 -1.429768691721801654e-01 -1.346350435271903567e-01 -1.200410813181545383e-01 -1.140307757902956076e-01 -9.832630414478493730e-02 -7.485869314247850514e-02 -6.115116536566349986e-02 -3.969592141255837148e-02 -2.199866085110532138e-02 -1.666069317897349300e-02 -4.265075140195785978e-04 4.265075140195280197e-04 1.666069317897327789e-02 2.199866085110536995e-02 3.969592141255810780e-02 6.115116536566293781e-02 7.485869314247781126e-02 9.832630414478479852e-02 1.140307757902957880e-01 1.200410813181542330e-01 1.346350435271910784e-01 1.429768691721797769e-01 1.532197221148803301e-01 1.927315756062227547e-01 2.113872690737709781e-01 2.206820284239532637e-01
-2.206837256019282267e-01 -2.113858532089079589e-01 -1.927349212521055621e-01 -1.532100533262425734e-01 -1.429702813913550918e-01 -1.346396723216210234e-01 -1.200399608660527584e-01 -1.140397527024407248e-01 -9.831298382888460641e-02 -7.484490580595361264e-02 -6.118678195745028831e-02 -3.968179813371994213e-02 -2.200459371706701972e-02 -1.671023251768685713e-02 -5.118658370845845023e-04 5.118658370846008738e-04 1.671023251768711734e-02 2.200459371706689482e-02 3.968179813371971315e-02 6.118678195745042014e-02 7.484490580595339060e-02 9.831298382888470355e-02 1.140397527024401836e-01 1.200399608660529527e-01 1.346396723216216063e-01 1.429702813913549531e-01 1.532100533262408526e-01 1.927349212521066169e-01 2.113858532089084863e-01 2.206837256019287541e-01
-2.206853399477948507e-01 -2.113845032749962771e-01 -1.927381115085209373e-01 -1.532008630724444875e-01 -1.429639287592598673e-01 -1.346440566595347443e-01 -1.200398302371533388e-01 -1.140470881975098050e-01 -9.830011394233142963e-02 -7.483163428802361294e-02 -6.122066580172345895e-02 -3.966821064409956771e-02 -2.201021358885214482e-02 -1.676127879823292172e-02 -5.926833114118756603e-04 5.926833114118299070e-04 1.676127879823292172e-02 2.201021358885216564e-02 3.966821064409956077e-02 6.122066580172368794e-02 7.483163428802305783e-02 9.830011394233101329e-02 1.140470881975099576e-01 1.200398302371525477e-01 1.346440566595343002e-01 1.429639287592597841e-01 1.532008630724454590e-01 1.927381115085212981e-01 2.113845032749971375e-01 2.206853399477948230e-01
-2.206868689843219655e-01 -2.113832218208834268e-01 -1.927411403171612470e-01 -1.531921645498819373e-01 -1.429578335901437458e-01 -1.346481915633155058e-01 -1.200405593862709092e-01 -1.140529428478981866e-01 -9.828774149855092068e-02 -7.481892195257931755e-02 -6.125276765962134329e-02 -3.965520130856845654e-02 -2.201545227827203868e-02 -1.681323036777601643e-02 -6.688479158523828391e-04 6.688479158524417113e-04 1.681323036777599908e-02 2.201545227827192766e-02 3.965520130856819286e-02 6.125276765962089226e-02 7.481892195257899836e-02 9.828774149855142028e-02 1.140529428478979090e-01 1.200405593862703124e-01 1.346481915633160886e-01 1.429578335901438013e-01 1.531921645498815210e-01 1.927411403171594428e-01 2.113832218208837876e-01 2.206868689843231313e-01
-2.206883103778230215e-01 -2.113820112690723563e-01 -1.927440019109259717e-01 -1.531839701213081051e-01 -1.429520175991914055e-01 -1.346520727317419286e-01 -1.200420160210800141e-01 -1.140574792029621365e-01 -9.827591281453972039e-02 -7.480681085999869862e-02 -6.128304019016976578e-02 -3.964281148007649941e-02 -2.202025706197359434e-02 -1.686548129201708920e-02 -7.402689003232211214e-04 7.402689003230975224e-04 1.686548129201712390e-02 2.202025706197342086e-02 3.964281148007630512e-02 6.128304019016947435e-02 7.480681085999775493e-02 9.827591281453926242e-02 1.140574792029620116e-01 1.200420160210801945e-01 1.346520727317419286e-01 1.429520175991904063e-01 1.531839701213082716e-01 1.927440019109257219e-01 2.113820112690722453e-01 2.206883103778241040e-01
-2.206896619396503667e-01 -2.113808739105900725e-01 -1.927466908272734425e-01 -1.531762913181285157e-01 -1.429465017786343273e-01 -1.346556964949272017e-01 -1.200440674533908014e-01 -1.140608596466404778e-01 -9.826467319572237957e-02 -7.479534155261932660e-02 -6.131143808591626998e-02 -3.963108125587636726e-02 -2.202459112438056796e-02 -1.691742596773090565e-02 -8.068747583985291577e-04 8.068747583985594069e-04 1.691742596773091259e-02 2.202459112438067551e-02 3.963108125587639502e-02 6.131143808591641570e-02 7.479534155261913231e-02 9.826467319572240733e-02 1.140608596466408525e-01 1.200440674533911345e-01 1.346556964949276181e-01 1.429465017786340220e-01 1.531762913181302643e-01 1.927466908272724433e-01 2.113808739105910162e-01 2.206896619396512271e-01
-2.206909216275178276e-01 -2.113798119001476516e-01 -1.927492019209670893e-01 -1.531691388437791956e-01 -1.429413062765244880e-01 -1.346590597650248466e-01 -1.200465823800103693e-01 -1.140632443413779756e-01 -9.825406661618080184e-02 -7.478455284422075300e-02 -6.133791821863462251e-02 -3.962004923478748553e-02 -2.202843355041878004e-02 -1.696846402599128806e-02 -8.686110835136416760e-04 8.686110835135412789e-04 1.696846402599131234e-02 2.202843355041876616e-02 3.962004923478740920e-02 6.133791821863429639e-02 7.478455284422057259e-02 9.825406661617989978e-02 1.140632443413772540e-01 1.200465823800099807e-01 1.346590597650252075e-01 1.429413062765242104e-01 1.531691388437778911e-01 1.927492019209685326e-01 2.113798119001492337e-01 2.206909216275177721e-01
-2.206920875466573673e-01 -2.113788272515811362e-01 -1.927515303762121768e-01 -1.531625225779659483e-01 -1.429364502791008185e-01 -1.346621599836997918e-01 -1.200494325689247382e-01 -1.140647892836781502e-01 -9.824413539771073567e-02 -7.477448161501019930e-02 -6.136243979267007320e-02 -3.960975227801810661e-02 -2.203177883234693282e-02 -1.701800552258326410e-02 -9.254383666784161445e-04 9.254383666785827864e-04 1.701800552258313573e-02 2.203177883234676282e-02 3.960975227801821763e-02 6.136243979266958748e-02 7.477448161501080992e-02 9.824413539771152670e-02 1.140647892836779143e-01 1.200494325689249187e-01 1.346621599837001526e-01 1.429364502791002078e-01 1.531625225779658372e-01 1.927515303762119825e-01 2.113788272515817468e-01 2.206920875466574228e-01
-2.206931579508200070e-01 -2.113779218336032384e-01 -1.927536717180916293e-01 -1.531564515815989347e-01 -1.429319518976890357e-01 -1.346649950674196627e-01 -1.200524944323101001e-01 -1.140656444906878314e-01 -9.823491989138570524e-02 -7.476516261367034677e-02 -6.138496450326409726e-02 -3.960022527606982257e-02 -2.203463586858500287e-02 -1.706547640165952465e-02 -9.773297887032484157e-04 9.773297887031690521e-04 1.706547640165950383e-02 2.203463586858482592e-02 3.960022527606965603e-02 6.138496450326308418e-02 7.476516261366984717e-02 9.823491989138494196e-02 1.140656444906886224e-01 1.200524944323104609e-01 1.346649950674191076e-01 1.429319518976901737e-01 1.531564515815985739e-01 1.927536717180913795e-01 2.113779218336001853e-01 2.206931579508221997e-01
-2.206941312431672242e-01 -2.113770973658487817e-01 -1.927556218232938379e-01 -1.531509341021438375e-01 -1.429278280610119245e-01 -1.346675633516731807e-01 -1.200556504732865487e-01 -1.140659523315724899e-01 -9.822645816541146491e-02 -7.475662826799026051e-02 -6.140545669705055332e-02 -3.959150092418924766e-02 -2.203702645103336466e-02 -1.711032420380860508e-02 -1.024269054275883878e-03 1.024269054275822296e-03 1.711032420380863284e-02 2.203702645103346180e-02 3.959150092418959460e-02 6.140545669705024800e-02 7.475662826799026051e-02 9.822645816541161756e-02 1.140659523315723928e-01 1.200556504732852997e-01 1.346675633516733472e-01 1.429278280610107310e-01 1.531509341021439208e-01 1.927556218232929219e-01 2.113770973658485319e-01 2.206941312431677238e-01
-2.206950059769989536e-01 -2.113763554152793267e-01 -1.927573769300514051e-01 -1.531459775792814448e-01 -1.429240944137426528e-01 -1.346698635352474860e-01 -1.200587905982059556e-01 -1.140658460123664120e-01 -9.821878570321115887e-02 -7.474890850564888667e-02 -6.142388353178503818e-02 -3.958360950875706302e-02 -2.203898326113092054e-02 -1.715202397010857568e-02 -1.066248309187853164e-03 1.066248309187777486e-03 1.715202397010864507e-02 2.203898326113081993e-02 3.958360950875719486e-02 6.142388353178482308e-02 7.474890850564867850e-02 9.821878570321165847e-02 1.140658460123659956e-01 1.200587905982057474e-01 1.346698635352481521e-01 1.429240944137433744e-01 1.531459775792813061e-01 1.927573769300505169e-01 2.113763554152783275e-01 2.206950059769994810e-01
-2.206957808564059820e-01 -2.113756973928540561e-01 -1.927589336472786685e-01 -1.531415886506157786e-01 -1.429207652221519131e-01 -1.346718946256622307e-01 -1.200618132904748281e-01 -1.140654482186749391e-01 -9.821193511561567002e-02 -7.474203058663619892e-02 -6.144021513233843823e-02 -3.957657870686782237e-02 -2.204054742313968709e-02 -1.719008426972104542e-02 -1.103266175878199473e-03 1.103266175878291414e-03 1.719008426972096215e-02 2.204054742313983628e-02 3.957657870686775298e-02 6.144021513233831333e-02 7.474203058663562993e-02 9.821193511561503164e-02 1.140654482186750779e-01 1.200618132904751334e-01 1.346718946256620919e-01 1.429207652221530511e-01 1.531415886506148905e-01 1.927589336472785575e-01 2.113756973928545835e-01 2.206957808564069812e-01
-2.206964547368152341e-01 -2.113751245505940957e-01 -1.927602889628536043e-01 -1.531377731572982903e-01 -1.429178532875306218e-01 -1.346736558868721345e-01 -1.200646266451960154e-01 -1.140648699170787872e-01 -9.820593587102083299e-02 -7.473601894879618179e-02 -6.145442473998608685e-02 -3.957043340119727887e-02 -2.204176569457223095e-02 -1.722405325139224688e-02 -1.135325936548746070e-03 1.135325936548838227e-03 1.722405325139232668e-02 2.204176569457204707e-02 3.957043340119716091e-02 6.145442473998607297e-02 7.473601894879663976e-02 9.820593587102192934e-02 1.140648699170777186e-01 1.200646266451959598e-01 1.346736558868723843e-01 1.429178532875308993e-01 1.531377731572977907e-01 1.927602889628533545e-01 2.113751245505919030e-01 2.206964547368142904e-01
-2.206970266254290602e-01 -2.113746379789256113e-01 -1.927614402510126890e-01 -1.531345361493947621e-01 -1.429153698681290552e-01 -1.346751467902975175e-01 -1.200671492665581208e-01 -1.140642093134292684e-01 -9.820081404722889873e-02 -7.473089506786997904e-02 -6.146648885210254099e-02 -3.956519551207617752e-02 -2.204268740578277375e-02 -1.725352459100625013e-02 -1.162433887586806179e-03 1.162433887586840440e-03 1.725352459100634728e-02 2.204268740578296804e-02 3.956519551207592772e-02 6.146648885210228425e-02 7.473089506787003455e-02 9.820081404722934282e-02 1.140642093134289076e-01 1.200671492665580792e-01 1.346751467902973232e-01 1.429153698681288609e-01 1.531345361493946788e-01 1.927614402510124947e-01 2.113746379789275542e-01 2.206970266254283386e-01
-2.206974956816112055e-01 -2.113742386044195065e-01 -1.927623852788221959e-01 -1.531318818908422863e-01 -1.429133246101960131e-01 -1.346763669701532551e-01 -1.200693110315404211e-01 -1.140635509644233464e-01 -9.819659210846337638e-02 -7.472667733332688522e-02 -6.147638734951739459e-02 -3.956088384847380318e-02 -2.204336129044741702e-02 -1.727814318120790213e-02 -1.184597884083184822e-03 1.184597884083260283e-03 1.727814318120798887e-02 2.204336129044738926e-02 3.956088384847391420e-02 6.147638734951770684e-02 7.472667733332709339e-02 9.819659210846357067e-02 1.140635509644235407e-01 1.200693110315398521e-01 1.346763669701526445e-01 1.429133246101947086e-01 1.531318818908420365e-01 1.927623852788227232e-01 2.113742386044197563e-01 2.206974956816099009e-01
-2.206978612171821563e-01 -2.113739271878326831e-01 -1.927631222117119902e-01 -1.531298138638718664e-01 -1.429117254886822785e-01 -1.346773161839992516e-01 -1.200710537245786996e-01 -1.140629650377251031e-01 -9.819328871077150078e-02 -7.472338094117207674e-02 -6.148410360900145172e-02 -3.955751397938715025e-02 -2.204383237196787249e-02 -1.729761038884192192e-02 -1.201826088913938518e-03 1.201826088913976682e-03 1.729761038884198091e-02 2.204383237196807371e-02 3.955751397938710168e-02 6.148410360900174315e-02 7.472338094117277063e-02 9.819328871077294407e-02 1.140629650377256166e-01 1.200710537245796017e-01 1.346773161839983080e-01 1.429117254886812238e-01 1.531298138638724216e-01 1.927631222117121568e-01 2.113739271878336268e-01 2.206978612171828502e-01
-2.206981226966548693e-01 -2.113737043225223100e-01 -1.927636496180301917e-01 -1.531283347727893096e-01 -1.429105787580706444e-01 -1.346779942793012164e-01 -1.200723315481789788e-01 -1.140625067155502242e-01 -9.819091853867274733e-02 -7.472101780475261246e-02 -6.148962459860625451e-02 -3.955509812689473464e-02 -2.204413908392132901e-02 -1.731168869543628017e-02 -1.214125937215697120e-03 1.214125937215754366e-03 1.731168869543633568e-02 2.204413908392123533e-02 3.955509812689471383e-02 6.148962459860665697e-02 7.472101780475264021e-02 9.819091853867185915e-02 1.140625067155505989e-01 1.200723315481795894e-01 1.346779942793015772e-01 1.429105787580698672e-01 1.531283347727888933e-01 1.927636496180321068e-01 2.113737043225216161e-01 2.206981226966559517e-01
-2.206982797374193450e-01 -2.113735704331999310e-01 -1.927639664726068791e-01 -1.531274465470066348e-01 -1.429098889137217221e-01 -1.346784011666890268e-01 -1.200731115142519012e-01 -1.140622157367644496e-01 -9.818949217546318886e-02 -7.471959648444148616e-02 -6.149294095393788295e-02 -3.955364508191127476e-02 -2.204431080207408522e-02 -1.732020553858562920e-02 -1.221503324089815183e-03 1.221503324089999931e-03 1.732020553858581308e-02 2.204431080207421359e-02 3.955364508191112904e-02 6.149294095393827153e-02 7.471959648444141677e-02 9.818949217546298069e-02 1.140622157367652822e-01 1.200731115142516930e-01 1.346784011666893877e-01 1.429098889137210560e-01 1.531274465470068291e-01 1.927639664726070734e-01 2.113735704331992649e-01 2.206982797374202332e-01
-2.206983321098574258e-01 -2.113735257750525842e-01 -1.927640721593163464e-01 -1.531271503432695968e-01 -1.429096586640475064e-01 -1.346785368004550787e-01 -1.200733737203842771e-01 -1.140621160731861428e-01 -9.818901600915797001e-02 -7.471912213690252991e-02 -6.149404703377826797e-02 -3.955316014344227582e-02 -2.204436594921909895e-02 -1.732305618992573126e-02 -1.223962020959899061e-03 1.223962020959836394e-03 1.732305618992563759e-02 2.204436594921905385e-02 3.955316014344236603e-02 6.149404703377829573e-02 7.471912213690307114e-02 9.818901600915837247e-02 1.140621160731865869e-01 1.200733737203848184e-01 1.346785368004545791e-01 1.429096586640476729e-01 1.531271503432697634e-01 1.927640721593157358e-01 2.113735257750530283e-01 2.206983321098562045e-01
