-1.291668372920081742e-01 -1.254062435023831079e-01 -1.135290569765360913e-01 -1.097152653095360419e-01 -1.037723005358021922e-01 -9.410409757902089833e-02 -8.385741958547660024e-02 -7.588876248830071780e-02 -7.211814619662773596e-02 -6.166493708944745938e-02 -4.259265975885284661e-02 -3.868878443521885785e-02 -3.654086645174900450e-02 -2.620988731520292742e-02 -8.644750952867576166e-03 8.644750952867515451e-03 2.620988731520289619e-02 3.654086645174881021e-02 3.868878443521890642e-02 4.259265975885340172e-02 6.166493708944791041e-02 7.211814619662772208e-02 7.588876248830073168e-02 8.385741958547621167e-02 9.410409757902041261e-02 1.037723005358018452e-01 1.097152653095358477e-01 1.135290569765356611e-01 1.254062435023826916e-01 1.291668372920084240e-01
-1.291656859678738389e-01 -1.254052877724606829e-01 -1.135748829745288485e-01 -1.096692547550196101e-01 -1.037695400734161694e-01 -9.410217673425712304e-02 -8.383622116604126651e-02 -7.588927938947044594e-02 -7.211686681639545293e-02 -6.165944105137202702e-02 -4.259329821751042799e-02 -3.867920945744977163e-02 -3.653802763537343512e-02 -2.620347603715625709e-02 -8.643816232883374390e-03 8.643816232883219999e-03 2.620347603715595525e-02 3.653802763537320614e-02 3.867920945744972999e-02 4.259329821751063616e-02 6.165944105137269315e-02 7.211686681639521701e-02 7.588927938947021001e-02 8.383622116604064201e-02 9.410217673425678997e-02 1.037695400734166967e-01 1.096692547550198460e-01 1.135748829745293342e-01 1.254052877724608495e-01 1.291656859678737834e-01
-1.291622505128665332e-01 -1.254024263900088143e-01 -1.137052042050271383e-01 -1.095385593494920123e-01 -1.037612489670782512e-01 -9.409645194705315574e-02 -8.377280234078125776e-02 -7.589081953011389547e-02 -7.211302543417252853e-02 -6.164296215661712458e-02 -4.259519759121489779e-02 -3.865066623470654605e-02 -3.652936889419162309e-02 -2.618415230879328134e-02 -8.640993804125026573e-03 8.640993804125234740e-03 2.618415230879358666e-02 3.652936889419138022e-02 3.865066623470657381e-02 4.259519759121488391e-02 6.164296215661713846e-02 7.211302543417262567e-02 7.589081953011340975e-02 8.377280234078098020e-02 9.409645194705291982e-02 1.037612489670788618e-01 1.095385593494927201e-01 1.137052042050265138e-01 1.254024263900082592e-01 1.291622505128662557e-01
-1.291565855404060437e-01 -1.253976768258470709e-01 -1.139026323471257623e-01 -1.093410905627646840e-01 -1.037474005585796166e-01 -9.408703461082017216e-02 -8.366769946312213602e-02 -7.589335109580822025e-02 -7.210661224870219821e-02 -6.161552903481874732e-02 -4.259831131426376760e-02 -3.860371348548084086e-02 -3.651445233386770711e-02 -2.615164504698236358e-02 -8.636228347895805180e-03 8.636228347895695892e-03 2.615164504698270359e-02 3.651445233386764466e-02 3.860371348548081311e-02 4.259831131426400352e-02 6.161552903481849058e-02 7.210661224870194841e-02 7.589335109580767902e-02 8.366769946312183071e-02 9.408703461082111585e-02 1.037474005585796305e-01 1.093410905627646562e-01 1.139026323471254154e-01 1.253976768258469043e-01 1.291565855404061269e-01
-1.291487790483115961e-01 -1.253910683545758908e-01 -1.141473035037448153e-01 -1.090975343044356949e-01 -1.037279588501769934e-01 -9.407410436532802345e-02 -8.352182866909237113e-02 -7.589682062350569525e-02 -7.209761067389018618e-02 -6.157719262304086477e-02 -4.260256634771888984e-02 -3.853932773379210863e-02 -3.649251159524261046e-02 -2.610549787073179751e-02 -8.629425935872955117e-03 8.629425935872767767e-03 2.610549787073158934e-02 3.649251159524267984e-02 3.853932773379190740e-02 4.260256634771867473e-02 6.157719262304035129e-02 7.209761067388943678e-02 7.589682062350508462e-02 8.352182866909178827e-02 9.407410436532778752e-02 1.037279588501773264e-01 1.090975343044359308e-01 1.141473035037445655e-01 1.253910683545759186e-01 1.291487790483117071e-01
-1.291389482275874523e-01 -1.253826422678456232e-01 -1.144220047256115647e-01 -1.088261537070038115e-01 -1.037028914451203071e-01 -9.405790056401421018e-02 -8.333651480860916616e-02 -7.590115227230381789e-02 -7.208599698027245983e-02 -6.152803093551204722e-02 -4.260786928081110314e-02 -3.845897040426141805e-02 -3.646239866019446857e-02 -2.604506258189193124e-02 -8.620451352989709840e-03 8.620451352989159932e-03 2.604506258189218104e-02 3.646239866019417714e-02 3.845897040426179275e-02 4.260786928081122110e-02 6.152803093551306030e-02 7.208599698027244596e-02 7.590115227230423423e-02 8.333651480860924943e-02 9.405790056401379384e-02 1.037028914451201544e-01 1.088261537070035478e-01 1.144220047256120504e-01 1.253826422678452068e-01 1.291389482275878409e-01
-1.291272342176634225e-01 -1.253724521323823504e-01 -1.147136214831230711e-01 -1.085412507082170741e-01 -1.036721880139507834e-01 -9.403871126909428557e-02 -8.311352375132355363e-02 -7.590624665304500363e-02 -7.207173982874461038e-02 -6.146815560299546954e-02 -4.261411356163680164e-02 -3.836467587503047255e-02 -3.642251639312991257e-02 -2.596949080305538393e-02 -8.609124182109835141e-03 8.609124182109925347e-03 2.596949080305553659e-02 3.642251639312950318e-02 3.836467587503035459e-02 4.261411356163692654e-02 6.146815560299585812e-02 7.207173982874442997e-02 7.590624665304508689e-02 8.311352375132363690e-02 9.403871126909346678e-02 1.036721880139518659e-01 1.085412507082176292e-01 1.147136214831226270e-01 1.253724521323829610e-01 1.291272342176631449e-01
-1.291137962920457516e-01 -1.253605640578500102e-01 -1.150127050974053544e-01 -1.082534947999280739e-01 -1.036358840820161414e-01 -9.401686061654647431e-02 -8.285509119171136083e-02 -7.591197904675366093e-02 -7.205479973410400252e-02 -6.139772001027907905e-02 -4.262118693252948259e-02 -3.825914383616278724e-02 -3.637075398492955330e-02 -2.587772471963626850e-02 -8.595213472262419260e-03 8.595213472262906718e-03 2.587772471963612625e-02 3.637075398492959494e-02 3.825914383616275949e-02 4.262118693252909402e-02 6.139772001027932885e-02 7.205479973410384986e-02 7.591197904675392460e-02 8.285509119171124981e-02 9.401686061654648818e-02 1.036358840820159333e-01 1.082534947999279074e-01 1.150127050974044801e-01 1.253605640578502045e-01 1.291137962920455573e-01
-1.290988059420436207e-01 -1.253470569367487464e-01 -1.153125862523928791e-01 -1.079707014891651412e-01 -1.035940890971093070e-01 -9.399269549234885723e-02 -8.256394089742512266e-02 -7.591819675967544090e-02 -7.203512850953977531e-02 -6.131692876761746236e-02 -4.262897828002208678e-02 -3.814579754911064102e-02 -3.630446362589181269e-02 -2.576848841214423105e-02 -8.578430745207659205e-03 8.578430745207631450e-03 2.576848841214414779e-02 3.630446362589170167e-02 3.814579754911066878e-02 4.262897828002217698e-02 6.131692876761734440e-02 7.203512850953958102e-02 7.591819675967531600e-02 8.256394089742513653e-02 9.399269549234853804e-02 1.035940890971094042e-01 1.079707014891647249e-01 1.153125862523918799e-01 1.253470569367488296e-01 1.290988059420439538e-01
-1.290824412525478915e-01 -1.253320226196219522e-01 -1.156085884435917033e-01 -1.076985160792537505e-01 -1.035470164344593769e-01 -9.396657246274711661e-02 -8.224328627071361697e-02 -7.592471524606576871e-02 -7.201266875923566235e-02 -6.122604813350683572e-02 -4.263738335311463568e-02 -3.802873879188663903e-02 -3.622054658172740860e-02 -2.564028201145746727e-02 -8.558421015488176797e-03 8.558421015488041489e-03 2.564028201145740135e-02 3.622054658172736696e-02 3.802873879188649331e-02 4.263738335311467731e-02 6.122604813350704389e-02 7.201266875923514887e-02 7.592471524606574096e-02 8.224328627071343656e-02 9.396657246274756070e-02 1.035470164344594046e-01 1.076985160792534868e-01 1.156085884435907596e-01 1.253320226196214804e-01 1.290824412525474751e-01
-1.290648818577712353e-01 -1.253155659933618271e-01 -1.158974493685546031e-01 -1.074409044301663785e-01 -1.034950114148415756e-01 -9.393884580339426082e-02 -8.189681106879419248e-02 -7.593131245922733752e-02 -7.198735350547609546e-02 -6.112541686590423212e-02 -4.264630907757701456e-02 -3.791250893675920941e-02 -3.611573688551992373e-02 -2.549138189879028224e-02 -8.534751403437543932e-03 8.534751403437779854e-03 2.549138189879024061e-02 3.611573688551977107e-02 3.791250893675902900e-02 4.264630907757664680e-02 6.112541686590473866e-02 7.198735350547588729e-02 7.593131245922699057e-02 8.189681106879483086e-02 9.393884580339385837e-02 1.034950114148413813e-01 1.074409044301661287e-01 1.158974493685547003e-01 1.253155659933614940e-01 1.290648818577712909e-01
-1.290463046513554979e-01 -1.252978049376678449e-01 -1.161769194143347506e-01 -1.072004905779043032e-01 -1.034385720268439918e-01 -9.390985728982097214e-02 -8.152862792952325632e-02 -7.593772063516189552e-02 -7.195910605968511287e-02 -6.101545682683841981e-02 -4.265567643512906126e-02 -3.780159958954468907e-02 -3.598713530491216839e-02 -2.531985139920124236e-02 -8.506896805893681551e-03 8.506896805893669408e-03 2.531985139920111053e-02 3.598713530491248064e-02 3.780159958954491112e-02 4.265567643512910984e-02 6.101545682683871819e-02 7.195910605968500184e-02 7.593772063516149307e-02 8.152862792952286775e-02 9.390985728982108316e-02 1.034385720268430203e-01 1.072004905779049555e-01 1.161769194143349448e-01 1.252978049376678449e-01 1.290463046513544987e-01
-1.290268803233917683e-01 -1.252788701436865770e-01 -1.164454854075916146e-01 -1.069788002564345808e-01 -1.033783565805408006e-01 -9.387992817536582046e-02 -8.114321662295213844e-02 -7.594361432295124170e-02 -7.192784027405522973e-02 -6.089668251981750213e-02 -4.266542204986469022e-02 -3.769978832234937433e-02 -3.583291241780158648e-02 -2.512356780126249675e-02 -8.474221953684857311e-03 8.474221953684900679e-03 2.512356780126229205e-02 3.583291241780157954e-02 3.769978832234940902e-02 4.266542204986368408e-02 6.089668251981777969e-02 7.192784027405513259e-02 7.594361432295104741e-02 8.114321662295162496e-02 9.387992817536584822e-02 1.033783565805403842e-01 1.069788002564337481e-01 1.164454854075917117e-01 1.252788701436872154e-01 1.290268803233918515e-01
-1.290067707173582767e-01 -1.252589047884195561e-01 -1.167021778445285762e-01 -1.067764559832064253e-01 -1.033151736767915080e-01 -9.384935353027672178e-02 -8.074534731557747591e-02 -7.594859287557439997e-02 -7.189346134136800903e-02 -6.076970862607841695e-02 -4.267549872271909212e-02 -3.760955030438157404e-02 -3.565292271609520058e-02 -2.490027286385398941e-02 -8.435959029147097749e-03 8.435959029146481922e-03 2.490027286385373614e-02 3.565292271609529773e-02 3.760955030438173363e-02 4.267549872271904354e-02 6.076970862607898594e-02 7.189346134136777311e-02 7.594859287557413630e-02 8.074534731557758693e-02 9.384935353027662464e-02 1.033151736767914941e-01 1.067764559832066334e-01 1.167021778445286456e-01 1.252589047884196949e-01 1.290067707173581102e-01
-1.289861269458489057e-01 -1.252380640676703516e-01 -1.169464331107425842e-01 -1.065933513584042952e-01 -1.032499528679099582e-01 -9.381839888480315859e-02 -8.033999729064324191e-02 -7.595215469187120705e-02 -7.185586734361022743e-02 -6.063525455617452958e-02 -4.268587518905875289e-02 -3.753183172998389439e-02 -3.544893541179256619e-02 -2.464765485008897292e-02 -8.391179848113210216e-03 8.391179848113244910e-03 2.464765485008896251e-02 3.544893541179243435e-02 3.753183172998382500e-02 4.268587518905854472e-02 6.063525455617381488e-02 7.185586734361014416e-02 7.595215469187124868e-02 8.033999729064326967e-02 9.381839888480279777e-02 1.032499528679098749e-01 1.065933513584040732e-01 1.169464331107418209e-01 1.252380640676702128e-01 1.289861269458485726e-01
-1.289650881730765031e-01 -1.252165145982453709e-01 -1.171779923580049954e-01 -1.064288168093122239e-01 -1.031836985675506219e-01 -9.378729893744106039e-02 -7.993227237915889738e-02 -7.595365910320617253e-02 -7.181495178113364575e-02 -6.049414507942979524e-02 -4.269653536333550825e-02 -3.746626563220959577e-02 -3.522439286992853913e-02 -2.436346996846084495e-02 -8.338761448166051235e-03 8.338761448166139706e-03 2.436346996846109128e-02 3.522439286992831708e-02 3.746626563220966516e-02 4.269653536333559846e-02 6.049414507942944136e-02 7.181495178113375677e-02 7.595365910320708847e-02 7.993227237915943861e-02 9.378729893744096324e-02 1.031836985675497476e-01 1.064288168093120712e-01 1.171779923580051896e-01 1.252165145982455374e-01 1.289650881730762533e-01
-1.289437809593810269e-01 -1.251944337062216028e-01 -1.173968254336373029e-01 -1.062817779269089741e-01 -1.031174337305143796e-01 -9.375625797182475518e-02 -7.952734685090216693e-02 -7.595226978075701740e-02 -7.177060733641153767e-02 -6.034730626055952174e-02 -4.270747729777299440e-02 -3.741164843923535516e-02 -3.498387155958242872e-02 -2.404570919758747261e-02 -8.277343810498953916e-03 8.277343810498967794e-03 2.404570919758755587e-02 3.498387155958249117e-02 3.741164843923525801e-02 4.270747729777274460e-02 6.034730626055956337e-02 7.177060733641137114e-02 7.595226978075658719e-02 7.952734685090243061e-02 9.375625797182379761e-02 1.031174337305141020e-01 1.062817779269090296e-01 1.173968254336365258e-01 1.251944337062218526e-01 1.289437809593813045e-01
-1.289223190628755455e-01 -1.251720086221285166e-01 -1.176030724845135433e-01 -1.061509012815638753e-01 -1.030521420534650789e-01 -9.372545157255311732e-02 -7.913043766811002355e-02 -7.594687097162976241e-02 -7.172273112887589397e-02 -6.019575622947120203e-02 -4.271871203453105753e-02 -3.736642081449010472e-02 -3.473249932062794781e-02 -2.369281223534177444e-02 -8.205278459182946751e-03 8.205278459182608480e-03 2.369281223534161138e-02 3.473249932062747597e-02 3.736642081448971614e-02 4.271871203453135590e-02 6.019575622947136856e-02 7.172273112887626867e-02 7.594687097163010936e-02 7.913043766811012070e-02 9.372545157255315895e-02 1.030521420534656341e-01 1.061509012815629038e-01 1.176030724845133490e-01 1.251720086221290440e-01 1.289223190628754068e-01
-1.289008036007632252e-01 -1.251494356057003265e-01 -1.177969984617071031e-01 -1.060347208883529180e-01 -1.029887171640433696e-01 -9.369502923184958032e-02 -7.874682995041294709e-02 -7.593594579231828512e-02 -7.167123168428876645e-02 -6.004059072274525038e-02 -4.273026248342465250e-02 -3.732900491150280275e-02 -3.447548059586776070e-02 -2.330392364840561809e-02 -8.120566980934738888e-03 8.120566980934463067e-03 2.330392364840567360e-02 3.447548059586748315e-02 3.732900491150251132e-02 4.273026248342454841e-02 6.004059072274538222e-02 7.167123168428848889e-02 7.593594579231803532e-02 7.874682995041333566e-02 9.369502923184896970e-02 1.029887171640436194e-01 1.060347208883529041e-01 1.177969984617069366e-01 1.251494356056996049e-01 1.289008036007628089e-01
-1.288793234841400237e-01 -1.251269190226420580e-01 -1.179789573514137407e-01 -1.059317401527155450e-01 -1.029279248140477221e-01 -9.366511747977798730e-02 -7.838196619315689062e-02 -7.591740850770643811e-02 -7.161603775433766916e-02 -5.988296382233654347e-02 -4.274216241577288161e-02 -3.729798125866803926e-02 -3.421775800563112840e-02 -2.287917796070462403e-02 -8.020789353889928169e-03 8.020789353889661022e-03 2.287917796070454424e-02 3.421775800563087166e-02 3.729798125866810171e-02 4.274216241577291631e-02 5.988296382233680715e-02 7.161603775433784957e-02 7.591740850770602178e-02 7.838196619315661307e-02 9.366511747977740443e-02 1.029279248140479441e-01 1.059317401527156144e-01 1.179789573514143097e-01 1.251269190226415584e-01 1.288793234841398017e-01
-1.288579560525152656e-01 -1.251046703939808213e-01 -1.181493639476261931e-01 -1.058405074324658135e-01 -1.028703806327573300e-01 -9.363582323431607346e-02 -7.804158910513010750e-02 -7.588840359409824987e-02 -7.155710896009362387e-02 -5.972406481373575271e-02 -4.275445563193583376e-02 -3.727215151256296072e-02 -3.396378273411204685e-02 -2.241999205510764731e-02 -7.903023792875595380e-03 7.903023792875468745e-03 2.241999205510743221e-02 3.396378273411143622e-02 3.727215151256277337e-02 4.275445563193557702e-02 5.972406481373530168e-02 7.155710896009348509e-02 7.588840359409818048e-02 7.804158910513010750e-02 9.363582323431583754e-02 1.028703806327569276e-01 1.058405074324655776e-01 1.181493639476260959e-01 1.251046703939807103e-01 1.288579560525145440e-01
-1.288367678465057176e-01 -1.250829074353259907e-01 -1.183086716040579189e-01 -1.057596666705392513e-01 -1.028165427958169509e-01 -9.360723713936021373e-02 -7.773185454054970522e-02 -7.584515603083046009e-02 -7.149444798344441188e-02 -5.956509251499330498e-02 -4.276719533568760362e-02 -3.725053874654878083e-02 -3.371736457623780714e-02 -2.192933681816945993e-02 -7.763763247954939481e-03 7.763763247954911725e-03 2.192933681816958830e-02 3.371736457623780020e-02 3.725053874654807307e-02 4.276719533568760362e-02 5.956509251499256946e-02 7.149444798344498087e-02 7.584515603083026580e-02 7.773185454054899746e-02 9.360723713936074108e-02 1.028165427958167705e-01 1.057596666705395011e-01 1.183086716040572806e-01 1.250829074353262405e-01 1.288367678465055233e-01
-1.288158154682866874e-01 -1.250618530993399813e-01 -1.184573548033296259e-01 -1.056879868723354238e-01 -1.027667168243742435e-01 -9.357943672821525394e-02 -7.745916028982217927e-02 -7.578312650232298109e-02 -7.142811369767776419e-02 -5.940722871669847777e-02 -4.278044373199987177e-02 -3.723236098643583486e-02 -3.348158695506375793e-02 -2.141195653555278550e-02 -7.598839555221588785e-03 7.598839555221296484e-03 2.141195653555280284e-02 3.348158695506340404e-02 3.723236098643591119e-02 4.278044373200065587e-02 5.940722871669910227e-02 7.142811369767750052e-02 7.578312650232292558e-02 7.745916028982251234e-02 9.357943672821501802e-02 1.027667168243734108e-01 1.056879868723354099e-01 1.184573548033300283e-01 1.250618530993402588e-01 1.288158154682873258e-01
-1.287951464892192199e-01 -1.250417346302781230e-01 -1.185958956478847665e-01 -1.056243752376758993e-01 -1.027210688286774865e-01 -9.355248931070359042e-02 -7.722922083260068404e-02 -7.569793978432148851e-02 -7.135823424578924268e-02 -5.925161247053006841e-02 -4.279427185459484112e-02 -3.721699749727062217e-02 -3.325878147259987705e-02 -2.087450342891348717e-02 -7.403375312769554413e-03 7.403375312769685385e-03 2.087450342891343166e-02 3.325878147259965500e-02 3.721699749727105933e-02 4.279427185459498684e-02 5.925161247053018637e-02 7.135823424578924268e-02 7.569793978432115544e-02 7.722922083260108650e-02 9.355248931070379859e-02 1.027210688286775836e-01 1.056243752376761214e-01 1.185958956478845999e-01 1.250417346302784560e-01 1.287951464892191367e-01
-1.287748003725290580e-01 -1.250227826350673865e-01 -1.187247735618329053e-01 -1.055678787316200185e-01 -1.026796435923058026e-01 -9.352645453072527815e-02 -7.704511586599180339e-02 -7.558735624353439542e-02 -7.128501871534492773e-02 -5.909931685472558788e-02 -4.280875962438420584e-02 -3.720395668791418031e-02 -3.305055684229985663e-02 -2.032555368417514330e-02 -7.171795891349249524e-03 7.171795891349320648e-03 2.032555368417517452e-02 3.305055684229991214e-02 3.720395668791404153e-02 4.280875962438394911e-02 5.909931685472496338e-02 7.128501871534453915e-02 7.558735624353393745e-02 7.704511586599173401e-02 9.352645453072527815e-02 1.026796435923050532e-01 1.055678787316199352e-01 1.187247735618334882e-01 1.250227826350676363e-01 1.287748003725292245e-01
-1.287548093861548282e-01 -1.250052301714040248e-01 -1.188444576269197944e-01 -1.055176782080069209e-01 -1.026423845412723773e-01 -9.350138657746123738e-02 -7.690528251498694734e-02 -7.545331400979160552e-02 -7.120876582976923275e-02 -5.895132955193118501e-02 -4.282399613836077729e-02 -3.719284879552176015e-02 -3.285787241445613238e-02 -1.977546892314721236e-02 -6.897947495669485250e-03 6.897947495669190347e-03 1.977546892314711521e-02 3.285787241445607687e-02 3.719284879552132300e-02 4.282399613836079810e-02 5.895132955193088664e-02 7.120876582976921887e-02 7.545331400979178593e-02 7.690528251498655876e-02 9.350138657746077941e-02 1.026423845412725161e-01 1.055176782080071152e-01 1.188444576269201414e-01 1.250052301714038305e-01 1.287548093861538290e-01
-1.287351994869539995e-01 -1.249893118500690070e-01 -1.189554010772922582e-01 -1.054730782733107053e-01 -1.026091534863053933e-01 -9.347733605854693928e-02 -7.680350611480050993e-02 -7.530198432893416005e-02 -7.112986809731047799e-02 -5.880853815331921197e-02 -4.284008018957517760e-02 -3.718336386249394832e-02 -3.268114192616469044e-02 -1.923606638037917566e-02 -6.575375587318257886e-03 6.575375587318026301e-03 1.923606638037884606e-02 3.268114192616471819e-02 3.718336386249392056e-02 4.284008018957541353e-02 5.880853815331944096e-02 7.112986809731011717e-02 7.530198432893397964e-02 7.680350611480030176e-02 9.347733605854648131e-02 1.026091534863051019e-01 1.054730782733109135e-01 1.189554010772920362e-01 1.249893118500694511e-01 1.287351994869539717e-01
-1.287159911626199471e-01 -1.249752629463005138e-01 -1.190580375576821698e-01 -1.054334951596480885e-01 -1.025797488253713807e-01 -9.345435155933275173e-02 -7.673129451520241395e-02 -7.514145251321381613e-02 -7.104881021687629861e-02 -5.867172062512514968e-02 -4.285712102178172722e-02 -3.717525447067569766e-02 -3.252035149956211679e-02 -1.872007219955942534e-02 -6.197809550441438393e-03 6.197809550441644826e-03 1.872007219955939758e-02 3.252035149956213761e-02 3.717525447067579480e-02 4.285712102178219907e-02 5.867172062512528846e-02 7.104881021687628473e-02 7.514145251321359409e-02 7.673129451520185884e-02 9.345435155933172477e-02 1.025797488253715750e-01 1.054334951596476860e-01 1.190580375576823224e-01 1.249752629463010134e-01 1.287159911626195863e-01
-1.286972002219204381e-01 -1.249633185137061231e-01 -1.191527788141349131e-01 -1.053984440993702004e-01 -1.025539215330756315e-01 -9.343248092091979706e-02 -7.668052925864035640e-02 -7.497912839515584460e-02 -7.096616123538443399e-02 -5.854154091219178346e-02 -4.287523932661956722e-02 -3.716832239929042381e-02 -3.237517768895059600e-02 -1.824036949128697571e-02 -5.759860288057389033e-03 5.759860288057631894e-03 1.824036949128719082e-02 3.237517768895083192e-02 3.716832239929002135e-02 4.287523932661920639e-02 5.854154091219111733e-02 7.096616123538374010e-02 7.497912839515641359e-02 7.668052925864024538e-02 9.343248092092026891e-02 1.025539215330761589e-01 1.053984440993704780e-01 1.191527788141352462e-01 1.249633185137070668e-01 1.286972002219204936e-01
-1.286788385274364732e-01 -1.249537124939580496e-01 -1.192400135395157712e-01 -1.053675271012936565e-01 -1.025313887172798200e-01 -9.341177227298093355e-02 -7.664477068924931136e-02 -7.482050629150462095e-02 -7.088256086911881582e-02 -5.841854926569178125e-02 -4.289456849635134295e-02 -3.716240838725980850e-02 -3.224509535018198897e-02 -1.780912199493960013e-02 -5.257862993535213601e-03 5.257862993535203193e-03 1.780912199493977360e-02 3.224509535018207917e-02 3.716240838726000972e-02 4.289456849635114866e-02 5.841854926569173267e-02 7.088256086911813580e-02 7.482050629150462095e-02 7.664477068924943626e-02 9.341177227298075314e-02 1.025313887172789457e-01 1.053675271012942671e-01 1.192400135395155492e-01 1.249537124939580218e-01 1.286788385274365010e-01
-1.286609146678410476e-01 -1.249466768161811014e-01 -1.193201071399127150e-01 -1.053404216099463053e-01 -1.025118448119531900e-01 -9.339227485702945863e-02 -7.661936933695129293e-02 -7.466911902276994473e-02 -7.079870132783966374e-02 -5.830318660383147777e-02 -4.291525615108179870e-02 -3.715738430240816959e-02 -3.212946967273997562e-02 -1.743693508718452065e-02 -4.690709389628584108e-03 4.690709389628552883e-03 1.743693508718440616e-02 3.212946967273998256e-02 3.715738430240868306e-02 4.291525615108177788e-02 5.830318660383189411e-02 7.079870132783958048e-02 7.466911902276988922e-02 7.661936933695112639e-02 9.339227485702908393e-02 1.025118448119535230e-01 1.053404216099454033e-01 1.193201071399125623e-01 1.249466768161813790e-01 1.286609146678410753e-01
-1.286434345691199466e-01 -1.249424404815061285e-01 -1.193934022244371729e-01 -1.053168702520138333e-01 -1.024949706368150776e-01 -9.337403967325544341e-02 -7.660109771793037481e-02 -7.452696874226512336e-02 -7.071530667197570286e-02 -5.819579205560094365e-02 -4.293746596571251795e-02 -3.715314716173184761e-02 -3.202763067053380347e-02 -1.713225807469799175e-02 -4.060463445158243867e-03 4.060463445158224785e-03 1.713225807469787726e-02 3.202763067053397000e-02 3.715314716173231946e-02 4.293746596571267754e-02 5.819579205560120733e-02 7.071530667197518938e-02 7.452696874226519275e-02 7.660109771793027766e-02 9.337403967325547116e-02 1.024949706368155633e-01 1.053168702520139721e-01 1.193934022244365345e-01 1.249424404815065726e-01 1.286434345691203907e-01
-1.286264020459484680e-01 -1.249412286302734598e-01 -1.194602196509913367e-01 -1.052966717023084975e-01 -1.024804406271239421e-01 -9.335711998003705381e-02 -7.658773538852395313e-02 -7.439499894324906604e-02 -7.063311201129587880e-02 -5.809661278895821707e-02 -4.296137982857441140e-02 -3.714961457523199145e-02 -3.193893121770336602e-02 -1.690118575623110117e-02 -3.372591283334142043e-03 3.372591283333864487e-03 1.690118575623084443e-02 3.193893121770356724e-02 3.714961457523197758e-02 4.296137982857409915e-02 5.809661278895777298e-02 7.063311201129618411e-02 7.439499894324909379e-02 7.658773538852302332e-02 9.335711998003712320e-02 1.024804406271238727e-01 1.052966717023094273e-01 1.194602196509912118e-01 1.249412286302729602e-01 1.286264020459485236e-01
-1.286098192958654851e-01 -1.249432615916146044e-01 -1.195208599853759823e-01 -1.052796726032265290e-01 -1.024679285531787387e-01 -9.334157167061776783e-02 -7.657774492724302162e-02 -7.427346781292423761e-02 -7.055284467131102411e-02 -5.800581526357179857e-02 -4.298720037046283721e-02 -3.714672129157681885e-02 -3.186279131817179588e-02 -1.674768563651669179e-02 -2.635756421077764186e-03 2.635756421077723420e-03 1.674768563651669526e-02 3.186279131817167792e-02 3.714672129157685354e-02 4.298720037046227516e-02 5.800581526357142387e-02 7.055284467131046899e-02 7.427346781292480660e-02 7.657774492724241100e-02 9.334157167061854499e-02 1.024679285531778922e-01 1.052796726032257796e-01 1.195208599853748027e-01 1.249432615916143546e-01 1.286098192958654574e-01
-1.285936873399446123e-01 -1.249487539170244382e-01 -1.195756052516479540e-01 -1.052657604222265453e-01 -1.024571120319155565e-01 -9.332745354650805181e-02 -7.657004790665158933e-02 -7.416221258519228865e-02 -7.047520890419732564e-02 -5.792349714636101099e-02 -4.301515390934552985e-02 -3.714441660751933993e-02 -3.179873197312541727e-02 -1.667412761956584694e-02 -1.861267170949027286e-03 1.861267170949041597e-03 1.667412761956620082e-02 3.179873197312517441e-02 3.714441660751898605e-02 4.301515390934541883e-02 5.792349714636108732e-02 7.047520890419677053e-02 7.416221258519216375e-02 7.657004790665182525e-02 9.332745354650738567e-02 1.024571120319150569e-01 1.052657604222260734e-01 1.195756052516487172e-01 1.249487539170247435e-01 1.285936873399448344e-01
-1.285780064144607937e-01 -1.249579134007468284e-01 -1.196247208689104613e-01 -1.052548571135065725e-01 -1.024476760984921742e-01 -9.331482750223656086e-02 -7.656387668685292469e-02 -7.406082870909441729e-02 -7.040087498511102271e-02 -5.784969925795641760e-02 -4.304549386174718467e-02 -3.714266246824547008e-02 -3.174640209405707458e-02 -1.668190555222687221e-02 -1.062334322062902453e-03 1.062334322063229882e-03 1.668190555222717752e-02 3.174640209405749786e-02 3.714266246824502599e-02 4.304549386174708753e-02 5.784969925795651474e-02 7.040087498511120312e-02 7.406082870909455607e-02 7.656387668685236958e-02 9.331482750223651923e-02 1.024476760984931178e-01 1.052548571135067529e-01 1.196247208689105862e-01 1.249579134007465231e-01 1.285780064144609047e-01
-1.285627763185741290e-01 -1.249709400895921002e-01 -1.196684576844803255e-01 -1.052469134505086279e-01 -1.024393160639118228e-01 -9.330375863120249358e-02 -7.655867741867922183e-02 -7.396878892304382946e-02 -7.033047280369929266e-02 -5.778441705695468861e-02 -4.307850467579291825e-02 -3.714143213702584406e-02 -3.170560168999921741e-02 -1.677194315241812422e-02 -2.532788107795252335e-04 2.532788107797659806e-04 1.677194315241816586e-02 3.170560168999941864e-02 3.714143213702562896e-02 4.307850467579297377e-02 5.778441705695466779e-02 7.033047280369840448e-02 7.396878892304335762e-02 7.655867741867945775e-02 9.330375863120213276e-02 1.024393160639111983e-01 1.052469134505087528e-01 1.196684576844804088e-01 1.249709400895916284e-01 1.285627763185746009e-01
-1.285479967234806620e-01 -1.249880252830376237e-01 -1.197070540267112099e-01 -1.052419039073122786e-01 -1.024317398415306030e-01 -9.329431525762231503e-02 -7.655404623202445580e-02 -7.388552134493628354e-02 -7.026458947446477532e-02 -5.772761129941141045e-02 -4.311450634151797051e-02 -3.714070935377460081e-02 -3.167630423653155364e-02 -1.694494135871768559e-02 -5.512415631528466784e-04 5.512415631526313559e-04 1.694494135871753293e-02 3.167630423653156058e-02 3.714070935377445509e-02 4.311450634151762357e-02 5.772761129941093861e-02 7.026458947446483083e-02 7.388552134493636681e-02 7.655404623202398395e-02 9.329431525762203747e-02 1.024317398415305058e-01 1.052419039073129864e-01 1.197070540267111682e-01 1.249880252830369021e-01 1.285479967234803289e-01
-1.285336674487183029e-01 -1.250093505204511179e-01 -1.197407377130238898e-01 -1.052398219839124072e-01 -1.024246698841147496e-01 -9.328656889492308035e-02 -7.654968670130311847e-02 -7.381045991586084043e-02 -7.020377011110834342e-02 -5.767921762290603716e-02 -4.315385952890669896e-02 -3.714048793698596779e-02 -3.165868082060650790e-02 -1.720130614543782452e-02 -1.336982498539909673e-03 1.336982498539902951e-03 1.720130614543802922e-02 3.165868082060657729e-02 3.714048793698616902e-02 4.315385952890620630e-02 5.767921762290630083e-02 7.020377011110875975e-02 7.381045991586063226e-02 7.654968670130253561e-02 9.328656889492208115e-02 1.024246698841146663e-01 1.052398219839121712e-01 1.197407377130251388e-01 1.250093505204515620e-01 1.285336674487183306e-01
-1.285197887115771542e-01 -1.250350865461098970e-01 -1.197697279607133902e-01 -1.052406758895744476e-01 -1.024178448355742010e-01 -9.328059412622530244e-02 -7.654538100351476748e-02 -7.374307631643327310e-02 -7.014852073328063653e-02 -5.763915489228597921e-02 -4.319697138925233243e-02 -3.714077181535043598e-02 -3.165312837765578424e-02 -1.754077273449341015e-02 -2.090858162729403863e-03 2.090858162729463277e-03 1.754077273449355934e-02 3.165312837765583975e-02 3.714077181535005434e-02 4.319697138925302632e-02 5.763915489228596534e-02 7.014852073328105286e-02 7.374307631643270411e-02 7.654538100351518382e-02 9.328059412622573265e-02 1.024178448355737153e-01 1.052406758895749195e-01 1.197697279607131821e-01 1.250350865461094252e-01 1.285197887115763216e-01
-1.285063613557198281e-01 -1.250653922341338209e-01 -1.197942371599281935e-01 -1.052444845176058463e-01 -1.024110209687300876e-01 -9.327646839785658228e-02 -7.654096998177004063e-02 -7.368289960377448489e-02 -7.009931225225073115e-02 -5.760733220653467546e-02 -4.324430202503743575e-02 -3.714157550733435814e-02 -3.166030404479385635e-02 -1.796181220568514661e-02 -2.801669216486776109e-03 2.801669216486500288e-03 1.796181220568507722e-02 3.166030404479378696e-02 3.714157550733443447e-02 4.324430202503734555e-02 5.760733220653495301e-02 7.009931225225045359e-02 7.368289960377483183e-02 7.654096998177035982e-02 9.327646839785595778e-02 1.024110209687301709e-01 1.052444845176062210e-01 1.197942371599281380e-01 1.250653922341339042e-01 1.285063613557196061e-01
-1.284933870653999499e-01 -1.251004134448676086e-01 -1.198144724800875721e-01 -1.052512736622850109e-01 -1.024039734528230799e-01 -9.327427171191035593e-02 -7.653633908124658769e-02 -7.362952788163920625e-02 -7.005658455367798354e-02 -5.758365450446460698e-02 -4.329637157874154790e-02 -3.714292510272138026e-02 -3.168116719515751828e-02 -1.846096725143247380e-02 -3.460744018564858825e-03 3.460744018565068726e-03 1.846096725143264033e-02 3.168116719515774726e-02 3.714292510272138720e-02 4.329637157874200587e-02 5.758365450446507189e-02 7.005658455367830273e-02 7.362952788163913687e-02 7.653633908124711505e-02 9.327427171190971755e-02 1.024039734528236906e-01 1.052512736622849970e-01 1.198144724800873501e-01 1.251004134448679417e-01 1.284933870653995058e-01
-1.284808685719453225e-01 -1.251402817719330096e-01 -1.198306372925983798e-01 -1.052610724432843647e-01 -1.023964974723571841e-01 -9.327408619875972307e-02 -7.653140821629032808e-02 -7.358263499574119182e-02 -7.002074980653358316e-02 -5.756802672396442444e-02 -4.335376779910479761e-02 -3.714485984393881696e-02 -3.171702978756593683e-02 -1.903229636441022832e-02 -4.062376094938957224e-03 4.062376094938924265e-03 1.903229636441023873e-02 3.171702978756577029e-02 3.714485984393845613e-02 4.335376779910438821e-02 5.756802672396407056e-02 7.002074980653370806e-02 7.358263499574069222e-02 7.653140821628980073e-02 9.327408619876076390e-02 1.023964974723577254e-01 1.052610724432839762e-01 1.198306372925983104e-01 1.251402817719329819e-01 1.284808685719455446e-01
-1.284688098596572792e-01 -1.251851131258487071e-01 -1.198429324039028271e-01 -1.052739099137402906e-01 -1.023884092025074688e-01 -9.327599554500734524e-02 -7.652612430968921964e-02 -7.354197433054190935e-02 -6.999219423820743358e-02 -5.756035646940509815e-02 -4.341715379624454946e-02 -3.714743446297036344e-02 -3.176961370158785242e-02 -1.966708365848611820e-02 -4.603946164116276378e-03 4.603946164116174029e-03 1.966708365848611473e-02 3.176961370158806752e-02 3.714743446297078672e-02 4.341715379624450782e-02 5.756035646940533407e-02 6.999219423820754460e-02 7.354197433054132649e-02 7.652612430968899759e-02 9.327599554500702606e-02 1.023884092025078296e-01 1.052739099137405682e-01 1.198429324039031740e-01 1.251851131258489569e-01 1.284688098596571959e-01
-1.284572163788516019e-01 -1.252350060864627357e-01 -1.198515571030338983e-01 -1.052898118347276313e-01 -1.023795466357699940e-01 -9.328008424668934873e-02 -7.652045567582063668e-02 -7.350738113769504645e-02 -6.997127770615599318e-02 -5.756055512886609077e-02 -4.348727547045461855e-02 -3.715072251054499924e-02 -3.184110977123221636e-02 -2.035388976920108825e-02 -5.085686820259796570e-03 5.085686820259608353e-03 2.035388976920086621e-02 3.184110977123212616e-02 3.715072251054520047e-02 4.348727547045461855e-02 5.756055512886611158e-02 6.997127770615634013e-02 7.350738113769583748e-02 7.652045567582060892e-02 9.328008424668936260e-02 1.023795466357686895e-01 1.052898118347268264e-01 1.198515571030333154e-01 1.252350060864626247e-01 1.284572163788517407e-01
-1.284460952746644402e-01 -1.252900399433417300e-01 -1.198567100365849347e-01 -1.053087976010918386e-01 -1.023697702496255690e-01 -9.328643665167266064e-02 -7.651438769456039846e-02 -7.347877436046142130e-02 -6.995833046115965126e-02 -5.756853736232338259e-02 -4.356496776240485064e-02 -3.715482103137606601e-02 -3.193422579782810578e-02 -2.107891347637409762e-02 -5.510149913501061897e-03 5.510149913500819036e-03 2.107891347637391721e-02 3.193422579782784210e-02 3.715482103137581621e-02 4.356496776240432328e-02 5.756853736232304258e-02 6.995833046115934595e-02 7.347877436046129640e-02 7.651438769455935762e-02 9.328643665167274390e-02 1.023697702496258188e-01 1.053087976010918386e-01 1.198567100365843519e-01 1.252900399433414802e-01 1.284460952746643014e-01
-1.284354556413390136e-01 -1.253502723317084511e-01 -1.198585899309199537e-01 -1.053308773018431371e-01 -1.023589635052727792e-01 -9.329513574925267505e-02 -7.650791940109025191e-02 -7.345615856787082731e-02 -6.995364654535683735e-02 -5.758421885991735906e-02 -4.365115839001314224e-02 -3.715985711344287068e-02 -3.205219803758448810e-02 -2.182656182292895194e-02 -5.881514172817941394e-03 5.881514172818074968e-03 2.182656182292916705e-02 3.205219803758473790e-02 3.715985711344275272e-02 4.365115839001328102e-02 5.758421885991744926e-02 6.995364654535710103e-02 7.345615856787075793e-02 7.650791940109015477e-02 9.329513574925246688e-02 1.023589635052722518e-01 1.053308773018438727e-01 1.198585899309200092e-01 1.253502723317083678e-01 1.284354556413394854e-01
-1.284253088132350507e-01 -1.254157363624094634e-01 -1.198573961860673748e-01 -1.053560488933697331e-01 -1.023470331720455068e-01 -9.330626165930053229e-02 -7.650106073374884907e-02 -7.343962632585017414e-02 -6.995747332068334712e-02 -5.760751225306563750e-02 -4.374686707777276223e-02 -3.716599710347155000e-02 -3.219872126174253002e-02 -2.258012581356157872e-02 -6.204886637588427969e-03 6.204886637588368122e-03 2.258012581356144341e-02 3.219872126174216920e-02 3.716599710347091162e-02 4.374686707777242223e-02 5.760751225306512402e-02 6.995747332068349977e-02 7.343962632585014638e-02 7.650106073374830784e-02 9.330626165930049065e-02 1.023470331720458260e-01 1.053560488933686090e-01 1.198573961860663478e-01 1.254157363624098520e-01 1.284253088132358833e-01
-1.284156687056840218e-01 -1.254864371388285660e-01 -1.198533293680827949e-01 -1.053842954570338580e-01 -1.023339094799066012e-01 -9.331988976840567551e-02 -7.649383025969351546e-02 -7.342936106376680983e-02 -6.996999671322305658e-02 -5.763832105988275778e-02 -4.385319743807228332e-02 -3.717345968744407980e-02 -3.237772890498028661e-02 -2.332251992795569481e-02 -6.485711842461600388e-03 6.485711842461369669e-03 2.332251992795544501e-02 3.237772890498043926e-02 3.717345968744430879e-02 4.385319743807217924e-02 5.763832105988278554e-02 6.996999671322305658e-02 7.342936106376696248e-02 7.649383025969364036e-02 9.331988976840563388e-02 1.023339094799063376e-01 1.053842954570344131e-01 1.198533293680829198e-01 1.254864371388280664e-01 1.284156687056839385e-01
-1.284065522212052279e-01 -1.255623475527718191e-01 -1.198465916265215175e-01 -1.054155825060357765e-01 -1.023195461116857968e-01 -9.333608845693225353e-02 -7.648625325030952715e-02 -7.342564019892233729e-02 -6.999132193229679055e-02 -5.767653157116394563e-02 -4.397131767745768999e-02 -3.718253466707077681e-02 -3.259293930882885271e-02 -2.403711989716928940e-02 -6.729341042026471507e-03 6.729341042026396914e-03 2.403711989716950451e-02 3.259293930882908169e-02 3.718253466707070048e-02 4.397131767745784264e-02 5.767653157116418156e-02 6.999132193229627708e-02 7.342564019892156013e-02 7.648625325030883326e-02 9.333608845693192047e-02 1.023195461116855748e-01 1.054155825060355683e-01 1.198465916265211012e-01 1.255623475527719857e-01 1.284065522212053390e-01
-1.283979797394692590e-01 -1.256434032564392733e-01 -1.198373870612508274e-01 -1.054498553016309653e-01 -1.023039200562205764e-01 -9.335491635987051839e-02 -7.647836001334833156e-02 -7.342883791200788268e-02 -7.002144973874360745e-02 -5.772200264725577817e-02 -4.410242533373163326e-02 -3.719361024796020293e-02 -3.284710519654803623e-02 -2.470876360635953714e-02 -6.940761527827720052e-03 6.940761527827968118e-03 2.470876360635970714e-02 3.284710519654796684e-02 3.719361024796050824e-02 4.410242533373142509e-02 5.772200264725584756e-02 7.002144973874313560e-02 7.342883791200804922e-02 7.647836001334809564e-02 9.335491635987086534e-02 1.023039200562210760e-01 1.054498553016310486e-01 1.198373870612509801e-01 1.256434032564393288e-01 1.283979797394692313e-01
-1.283899757127170416e-01 -1.257294967202681746e-01 -1.198259220583659801e-01 -1.054870361381846366e-01 -1.022870313513865453e-01 -9.337641910698599168e-02 -7.647018441254836707e-02 -7.343942647764797882e-02 -7.006024886346172431e-02 -5.777455351325964245e-02 -4.424769065335659723e-02 -3.720721317362579023e-02 -3.314099963175311941e-02 -2.532491197465429680e-02 -7.124456660926233378e-03 7.124456660926205623e-03 2.532491197465467844e-02 3.314099963175332064e-02 3.720721317362610248e-02 4.424769065335707602e-02 5.777455351325975347e-02 7.006024886346143288e-02 7.343942647764752085e-02 7.647018441254815890e-02 9.337641910698588066e-02 1.022870313513861706e-01 1.054870361381849142e-01 1.198259220583656887e-01 1.257294967202681746e-01 1.283899757127171248e-01
-1.283825693919437572e-01 -1.258204703086412690e-01 -1.198124056087570694e-01 -1.055270215617461205e-01 -1.022689027510650245e-01 -9.340062549577612949e-02 -7.646176252125112816e-02 -7.345797441029702779e-02 -7.010742598071197096e-02 -5.783394982196886358e-02 -4.440817360579217554e-02 -3.722406829500713582e-02 -3.347234979174843611e-02 -2.587679435456760602e-02 -7.284358450378237634e-03 7.284358450378033804e-03 2.587679435456769622e-02 3.347234979174848468e-02 3.722406829500758685e-02 4.440817360579204370e-02 5.783394982196898848e-02 7.010742598071266485e-02 7.345797441029738861e-02 7.646176252125164163e-02 9.340062549577551887e-02 1.022689027510654408e-01 1.055270215617463286e-01 1.198124056087566391e-01 1.258204703086409082e-01 1.283825693919439237e-01
-1.283757957124986027e-01 -1.259161083397445646e-01 -1.197970496153557551e-01 -1.055696794996972832e-01 -1.022495793512319812e-01 -9.342754306617848115e-02 -7.645313136692342970e-02 -7.348513888444309361e-02 -7.016249575671175409e-02 -5.789988850606118953e-02 -4.458471177024283388e-02 -3.724518718877203871e-02 -3.383510047519628500e-02 -2.636018307168688790e-02 -7.423858065893401172e-03 7.423858065893220760e-03 2.636018307168691913e-02 3.383510047519618785e-02 3.724518718877230239e-02 4.458471177024302123e-02 5.789988850606100218e-02 7.016249575671164307e-02 7.348513888444296871e-02 7.645313136692326317e-02 9.342754306617846727e-02 1.022495793512322032e-01 1.055696794996974081e-01 1.197970496153555331e-01 1.259161083397446201e-01 1.283757957124985749e-01
-1.283696963697938398e-01 -1.260161281453631710e-01 -1.197800691865007622e-01 -1.056148463005195104e-01 -1.022291282069231200e-01 -9.345715307100778413e-02 -7.644432772991553715e-02 -7.352164900126983982e-02 -7.022475487728760402e-02 -5.797198225563749557e-02 -4.477778132827668622e-02 -3.727199831923525691e-02 -3.421937598313735257e-02 -2.677543805041531291e-02 -7.545848014969381602e-03 7.545848014969616657e-03 2.677543805041506311e-02 3.421937598313724849e-02 3.727199831923513201e-02 4.477778132827618662e-02 5.797198225563726659e-02 7.022475487728779830e-02 7.352164900126945124e-02 7.644432772991528735e-02 9.345715307100764535e-02 1.022291282069235085e-01 1.056148463005199545e-01 1.197800691865006789e-01 1.260161281453635040e-01 1.283696963697940063e-01
-1.283643211144393503e-01 -1.261201702153400828e-01 -1.197616829038248426e-01 -1.056623237134019094e-01 -1.022076379636733257e-01 -9.348940487320711590e-02 -7.643538696363638696e-02 -7.356827571023140389e-02 -7.029326540870294016e-02 -5.804974480611089366e-02 -4.498734153983167255e-02 -3.730652960371354937e-02 -3.461222541900715877e-02 -2.712673000805539483e-02 -7.652778288134446695e-03 7.652778288134490063e-03 2.712673000805557524e-02 3.461222541900692978e-02 3.730652960371338284e-02 4.498734153983142275e-02 5.804974480611115734e-02 7.029326540870238504e-02 7.356827571023120960e-02 7.643538696363649798e-02 9.348940487320629711e-02 1.022076379636736726e-01 1.056623237134016874e-01 1.197616829038247177e-01 1.261201702153394444e-01 1.283643211144393226e-01
-1.283597292872692697e-01 -1.262277876053492787e-01 -1.197421130436912146e-01 -1.057118758770100309e-01 -1.021852185141110536e-01 -9.352420985227649641e-02 -7.642634180550662848e-02 -7.362578396014085591e-02 -7.036685392901100011e-02 -5.813257855031429833e-02 -4.521268335920915898e-02 -3.735163318266396248e-02 -3.499886632885367693e-02 -2.742072355549255921e-02 -7.746715667825634574e-03 7.746715667825690953e-03 2.742072355549234411e-02 3.499886632885386428e-02 3.735163318266409432e-02 4.521268335920870102e-02 5.813257855031429833e-02 7.036685392901063929e-02 7.362578396014093918e-02 7.642634180550651746e-02 9.352420985227680172e-02 1.021852185141114422e-01 1.057118758770100170e-01 1.197421130436912423e-01 1.262277876053498893e-01 1.283597292872697970e-01
-1.283559915910500726e-01 -1.263384349135877327e-01 -1.197215857222031221e-01 -1.057632264341731437e-01 -1.021620006732344432e-01 -9.356143496911810409e-02 -7.641722114996217508e-02 -7.369486356560477069e-02 -7.044413289089626606e-02 -5.821976621635458621e-02 -4.545231210897127117e-02 -3.741116187367594936e-02 -3.536402080075068399e-02 -2.766518736578416765e-02 -7.829400245923092902e-03 7.829400245923247292e-03 2.766518736578394561e-02 3.536402080075067011e-02 3.741116187367525547e-02 4.545231210897042462e-02 5.821976621635517601e-02 7.044413289089621055e-02 7.369486356560431273e-02 7.641722114996148119e-02 9.356143496911797919e-02 1.021620006732344293e-01 1.057632264341732686e-01 1.197215857222026086e-01 1.263384349135883156e-01 1.283559915910501836e-01
-1.283531920439904273e-01 -1.264514573037042455e-01 -1.197003309253539538e-01 -1.058160559421982838e-01 -1.021381358450632187e-01 -9.360089622102679696e-02 -7.640804875811343932e-02 -7.377603801261409244e-02 -7.052354882191014251e-02 -5.831046838149062106e-02 -4.570389740527538297e-02 -3.748979958178325772e-02 -3.569323917057279361e-02 -2.786789736557789693e-02 -7.902296308626221427e-03 7.902296308625829380e-03 2.786789736557758468e-02 3.569323917057291157e-02 3.748979958178368793e-02 4.570389740527545236e-02 5.831046838149115535e-02 7.052354882191028129e-02 7.377603801261400918e-02 7.640804875811353647e-02 9.360089622102679696e-02 1.021381358450623306e-01 1.058160559421989916e-01 1.197003309253549669e-01 1.264514573037048006e-01 1.283531920439904828e-01
-1.283514299582242113e-01 -1.265660802865867796e-01 -1.196785823787640535e-01 -1.058699998035814299e-01 -1.021137956298449057e-01 -9.364235231445890151e-02 -7.639884188658474518e-02 -7.386955535603448308e-02 -7.060345768062681326e-02 -5.840372833106800832e-02 -4.596431623301672903e-02 -3.759194968148269617e-02 -3.597464489276126776e-02 -2.803596367335328687e-02 -7.966636599575829120e-03 7.966636599576125757e-03 2.803596367335335626e-02 3.597464489276114979e-02 3.759194968148271698e-02 4.596431623301632657e-02 5.840372833106825812e-02 7.060345768062702143e-02 7.386955535603394185e-02 7.639884188658450925e-02 9.364235231445913743e-02 1.021137956298439065e-01 1.058699998035813883e-01 1.196785823787631375e-01 1.265660802865874179e-01 1.283514299582241280e-01
-1.283508215975256439e-01 -1.266814013013096152e-01 -1.196565772060579486e-01 -1.059246469940314794e-01 -1.020891712960034226e-01 -9.368549898700094525e-02 -7.638960983594947352e-02 -7.397527194521678895e-02 -7.068222129001697218e-02 -5.849848517092158529e-02 -4.622979647230109762e-02 -3.771928455695656990e-02 -3.620153640814026408e-02 -2.817552836753176373e-02 -8.023459989773587889e-03 8.023459989773721462e-03 2.817552836753202394e-02 3.620153640814017387e-02 3.771928455695681276e-02 4.622979647230136130e-02 5.849848517092084976e-02 7.068222129001690279e-02 7.397527194521648364e-02 7.638960983594977883e-02 9.368549898700014034e-02 1.020891712960040193e-01 1.059246469940318819e-01 1.196565772060577959e-01 1.266814013013093931e-01 1.283508215975252553e-01
-1.283515008378779410e-01 -1.267963845987245819e-01 -1.196345553222848690e-01 -1.059795399075639383e-01 -1.020644730163540181e-01 -9.372996451239817839e-02 -7.638035245695248832e-02 -7.409254608277821008e-02 -7.075831194402334989e-02 -5.859359518994683436e-02 -4.649614359305773159e-02 -3.786823127974586062e-02 -3.637470563401552781e-02 -2.829171079988394844e-02 -8.073643084650496821e-03 8.073643084650923563e-03 2.829171079988355639e-02 3.637470563401544454e-02 3.786823127974551367e-02 4.649614359305744710e-02 5.859359518994707722e-02 7.075831194402325275e-02 7.409254608277804355e-02 7.638035245695312669e-02 9.372996451239790083e-02 1.020644730163542263e-01 1.059795399075642020e-01 1.196345553222841751e-01 1.267963845987236660e-01 1.283515008378775524e-01
-1.283536176104066451e-01 -1.269098615842334521e-01 -1.196127585094405033e-01 -1.060341756641209193e-01 -1.020399287460125592e-01 -9.377530700966557609e-02 -7.637105872765875825e-02 -7.422016198343747706e-02 -7.083040782163506355e-02 -5.868786037307353182e-02 -4.675901224523271865e-02 -3.803021590674188213e-02 -3.650179977821312038e-02 -2.838868540610486532e-02 -8.117926499905529433e-03 8.117926499905397594e-03 2.838868540610477859e-02 3.650179977821267630e-02 3.803021590674194458e-02 4.675901224523285049e-02 5.868786037307361508e-02 7.083040782163464721e-02 7.422016198343704685e-02 7.637105872765843906e-02 9.377530700966626998e-02 1.020399287460121429e-01 1.060341756641210859e-01 1.196127585094401424e-01 1.269098615842333688e-01 1.283536176104064230e-01
-1.283573320843746923e-01 -1.270205396612808790e-01 -1.195914291262732826e-01 -1.060880092253135704e-01 -1.020157826030787390e-01 -9.382101423157204745e-02 -7.636170565746891459e-02 -7.435630201111770310e-02 -7.089746232261773251e-02 -5.878006189536333359e-02 -4.701417556778236112e-02 -3.819501286561520492e-02 -3.659350468370578535e-02 -2.846981302070443129e-02 -8.156936574369584927e-03 8.156936574369187676e-03 2.846981302070400455e-02 3.659350468370602127e-02 3.819501286561513553e-02 4.701417556778244439e-02 5.878006189536276460e-02 7.089746232261752434e-02 7.435630201111734228e-02 7.636170565746858152e-02 9.382101423157207520e-02 1.020157826030794329e-01 1.060880092253144308e-01 1.195914291262738932e-01 1.270205396612807403e-01 1.283573320843741927e-01
-1.283628014711679644e-01 -1.271270236850977065e-01 -1.195708084147625722e-01 -1.061404586299838637e-01 -1.019922926063862034e-01 -9.386650650887441716e-02 -7.635225803564760216e-02 -7.449857673225986077e-02 -7.095873643993225177e-02 -5.886899563105800481e-02 -4.725775066085045190e-02 -3.835405448171205767e-02 -3.665978226999799111e-02 -2.853778106789451804e-02 -8.191203242089217795e-03 8.191203242089580353e-03 2.853778106789470193e-02 3.665978226999775519e-02 3.835405448171196052e-02 4.725775066085064618e-02 5.886899563105783828e-02 7.095873643993209912e-02 7.449857673226029098e-02 7.635225803564743563e-02 9.386650650887465308e-02 1.019922926063866614e-01 1.061404586299850017e-01 1.195708084147628775e-01 1.271270236850982893e-01 1.283628014711683529e-01
-1.283701552949141067e-01 -1.272278550629692695e-01 -1.195511343816915845e-01 -1.061909125867643300e-01 -1.019697276317746981e-01 -9.391114345468891400e-02 -7.634267000442336581e-02 -7.464411031922557616e-02 -7.101379259506260255e-02 -5.895350638982904679e-02 -4.748635452682439806e-02 -3.850165103525721860e-02 -3.670826250619575043e-02 -2.859473158667131740e-02 -8.221174703864273653e-03 8.221174703864485289e-03 2.859473158667098086e-02 3.670826250619575043e-02 3.850165103525743371e-02 4.748635452682426622e-02 5.895350638982985170e-02 7.101379259506190866e-02 7.464411031922524309e-02 7.634267000442344908e-02 9.391114345468833113e-02 1.019697276317751977e-01 1.061909125867640108e-01 1.195511343816914041e-01 1.272278550629692140e-01 1.283701552949141900e-01
-1.283794548666028768e-01 -1.273215734129629628e-01 -1.195326392557539280e-01 -1.062387405420980035e-01 -1.019483634742247569e-01 -9.395423487276152730e-02 -7.633289021563824384e-02 -7.478966740486647780e-02 -7.106245713473789694e-02 -5.903251783496812205e-02 -4.769718340536200502e-02 -3.863466624990804371e-02 -3.674426556819719580e-02 -2.864236958149857931e-02 -8.247229446299506050e-03 8.247229446299459213e-03 2.864236958149892279e-02 3.674426556819702927e-02 3.863466624990820331e-02 4.769718340536201195e-02 5.903251783496818450e-02 7.106245713473770265e-02 7.478966740486671372e-02 7.633289021563818832e-02 9.395423487276165220e-02 1.019483634742246736e-01 1.062387405420972819e-01 1.195326392557543860e-01 1.273215734129634347e-01 1.283794548666032376e-01
-1.283906352512840798e-01 -1.274068027665261893e-01 -1.195155465481902296e-01 -1.062833051811026691e-01 -1.019284779513549566e-01 -9.399505605776446726e-02 -7.632287354946729052e-02 -7.493180001493839060e-02 -7.110476374811518230e-02 -5.910505578704576546e-02 -4.788802349722794116e-02 -3.875173405492109147e-02 -3.677136790715131165e-02 -2.868205093805076614e-02 -8.269686067021699005e-03 8.269686067021757986e-03 2.868205093805079042e-02 3.677136790715138798e-02 3.875173405492114698e-02 4.788802349722801055e-02 5.910505578704590424e-02 7.110476374811512679e-02 7.493180001493841835e-02 7.632287354946805380e-02 9.399505605776441175e-02 1.019284779513543321e-01 1.062833051811025165e-01 1.195155465481905765e-01 1.274068027665264669e-01 1.283906352512838023e-01
-1.284034353572490461e-01 -1.274823564463322123e-01 -1.195000677768197767e-01 -1.063239771231328928e-01 -1.019103450562856283e-01 -9.403286733231848438e-02 -7.631260403726387864e-02 -7.506699075461759074e-02 -7.114089052727720630e-02 -5.917026368880451415e-02 -4.805720971381730044e-02 -3.885255916489691735e-02 -3.679195752836213890e-02 -2.871485199814029915e-02 -8.288811283929642046e-03 8.288811283929468574e-03 2.871485199814019854e-02 3.679195752836194461e-02 3.885255916489663980e-02 4.805720971381741147e-02 5.917026368880482640e-02 7.114089052727660956e-02 7.506699075461713278e-02 7.631260403726347619e-02 9.403286733231849825e-02 1.019103450562862806e-01 1.063239771231332814e-01 1.195000677768196795e-01 1.274823564463318515e-01 1.284034353572483245e-01
-1.284173341935637980e-01 -1.275473417007088328e-01 -1.194863989473542720e-01 -1.063601513593759595e-01 -1.018942282628198526e-01 -9.406693725805706507e-02 -7.630213520941936389e-02 -7.519177025764477162e-02 -7.117110051987816932e-02 -5.922741016008242765e-02 -4.820355157799530860e-02 -3.893742420200740212e-02 -3.680763917482927916e-02 -2.874162375037229294e-02 -8.304826436154693486e-03 8.304826436154478381e-03 2.874162375037189396e-02 3.680763917482920977e-02 3.893742420200705517e-02 4.820355157799505880e-02 5.922741016008176845e-02 7.117110051987762809e-02 7.519177025764449407e-02 7.630213520941882266e-02 9.406693725805737039e-02 1.018942282628198248e-01 1.063601513593754599e-01 1.194863989473550075e-01 1.275473417007086108e-01 1.284173341935634372e-01
-1.284315236272222660e-01 -1.276012321915440673e-01 -1.194747169188330876e-01 -1.063912647675257922e-01 -1.018803731968845189e-01 -9.409656852719709696e-02 -7.629165348727004470e-02 -7.530279284261699735e-02 -7.119569149730171909e-02 -5.927588957996820368e-02 -4.832624366204300859e-02 -3.900687476246337410e-02 -3.681950166248777745e-02 -2.876303354456573314e-02 -8.317912724738663402e-03 8.317912724738972183e-03 2.876303354456547987e-02 3.681950166248780520e-02 3.900687476246318675e-02 4.832624366204287675e-02 5.927588957996795388e-02 7.119569149730155255e-02 7.530279284261726103e-02 7.629165348726989204e-02 9.409656852719656961e-02 1.018803731968851017e-01 1.063912647675265138e-01 1.194747169188331848e-01 1.276012321915446224e-01 1.284315236272227101e-01
-1.284449488379063864e-01 -1.276438748789273381e-01 -1.194651758082613952e-01 -1.064168138545060205e-01 -1.018690000029808806e-01 -9.412112514051636236e-02 -7.628156190106713530e-02 -7.539686793977004586e-02 -7.121495695903519441e-02 -5.931521734671998253e-02 -4.842477415156105913e-02 -3.906152791065056057e-02 -3.682828806486795198e-02 -2.877959683704845936e-02 -8.328215390888625211e-03 8.328215390888519393e-03 2.877959683704857732e-02 3.682828806486769524e-02 3.906152791065081037e-02 4.842477415156085097e-02 5.931521734672029478e-02 7.121495695903543033e-02 7.539686793977005974e-02 7.628156190106642753e-02 9.412112514051614032e-02 1.018690000029808806e-01 1.064168138545058262e-01 1.194651758082613952e-01 1.276438748789272548e-01 1.284449488379064419e-01
-1.284564283939272911e-01 -1.276754165472112623e-01 -1.194579036088205121e-01 -1.064363717486785516e-01 -1.018602958359782207e-01 -9.414005916706320864e-02 -7.627255539539655460e-02 -7.547097499085052286e-02 -7.122915789403100328e-02 -5.934502182925300434e-02 -4.849884092914758665e-02 -3.910195937640898595e-02 -3.683450287165634246e-02 -2.879170098445829953e-02 -8.335846987640603903e-03 8.335846987640525840e-03 2.879170098445847648e-02 3.683450287165614817e-02 3.910195937640929126e-02 4.849884092914751726e-02 5.934502182925371905e-02 7.122915789403114206e-02 7.547097499085053673e-02 7.627255539539627704e-02 9.414005916706250088e-02 1.018602958359788729e-01 1.064363717486779548e-01 1.194579036088201235e-01 1.276754165472109015e-01 1.284564283939275686e-01
-1.284648331906715901e-01 -1.276961675491971870e-01 -1.194529992027678483e-01 -1.064496034112225736e-01 -1.018544079771676464e-01 -9.415293521586955150e-02 -7.626561059115639918e-02 -7.552234054183737388e-02 -7.123850356684567620e-02 -5.936503506357523191e-02 -4.854828094132863231e-02 -3.912863895038765777e-02 -3.683847904600001666e-02 -2.879962263674621173e-02 -8.340889865454063218e-03 8.340889865454477817e-03 2.879962263674676684e-02 3.683847904599941991e-02 3.912863895038791451e-02 4.854828094132898619e-02 5.936503506357462823e-02 7.123850356684548191e-02 7.552234054183799838e-02 7.626561059115688490e-02 9.415293521586885761e-02 1.018544079771676880e-01 1.064496034112219075e-01 1.194529992027675153e-01 1.276961675491973813e-01 1.284648331906716734e-01
-1.284692782196697469e-01 -1.277064455846892155e-01 -1.194505299416251803e-01 -1.064562780774949008e-01 -1.018514380907560302e-01 -9.415945077167943433e-02 -7.626178044708432913e-02 -7.554868992653726578e-02 -7.124313927634345900e-02 -5.937508403787541966e-02 -4.857301593404284717e-02 -3.914189475759684983e-02 -3.684041918516144792e-02 -2.880353987229248083e-02 -8.343397962222706687e-03 8.343397962222803832e-03 2.880353987229324411e-02 3.684041918516094832e-02 3.914189475759768944e-02 4.857301593404325657e-02 5.937508403787572497e-02 7.124313927634291777e-02 7.554868992653714088e-02 7.626178044708388504e-02 9.415945077167919841e-02 1.018514380907561967e-01 1.064562780774949147e-01 1.194505299416246391e-01 1.277064455846888269e-01 1.284692782196701355e-01
-1.284692782196695526e-01 -1.277064455846884661e-01 -1.194505299416251248e-01 -1.064562780774948175e-01 -1.018514380907562522e-01 -9.415945077167889310e-02 -7.626178044708432913e-02 -7.554868992653694659e-02 -7.124313927634307042e-02 -5.937508403787569722e-02 -4.857301593404272921e-02 -3.914189475759703024e-02 -3.684041918516116343e-02 -2.880353987229282431e-02 -8.343397962222868017e-03 8.343397962222796893e-03 2.880353987229310186e-02 3.684041918516108710e-02 3.914189475759734249e-02 4.857301593404300677e-02 5.937508403787535027e-02 7.124313927634361165e-02 7.554868992653687720e-02 7.626178044708409320e-02 9.415945077167901800e-02 1.018514380907562106e-01 1.064562780774949147e-01 1.194505299416253746e-01 1.277064455846886604e-01 1.284692782196693583e-01
-1.284648331906713403e-01 -1.276961675491971038e-01 -1.194529992027671822e-01 -1.064496034112215883e-01 -1.018544079771678684e-01 -9.415293521586906578e-02 -7.626561059115659347e-02 -7.552234054183716572e-02 -7.123850356684492680e-02 -5.936503506357525273e-02 -4.854828094132914579e-02 -3.912863895038799084e-02 -3.683847904599966278e-02 -2.879962263674644418e-02 -8.340889865454247099e-03 8.340889865454418836e-03 2.879962263674627765e-02 3.683847904599953788e-02 3.912863895038769940e-02 4.854828094132885435e-02 5.936503506357484333e-02 7.123850356684532925e-02 7.552234054183722123e-02 7.626561059115649632e-02 9.415293521586932945e-02 1.018544079771678823e-01 1.064496034112217410e-01 1.194529992027671822e-01 1.276961675491978254e-01 1.284648331906718399e-01
-1.284564283939272356e-01 -1.276754165472110403e-01 -1.194579036088204288e-01 -1.064363717486782324e-01 -1.018602958359790950e-01 -9.414005916706330579e-02 -7.627255539539669338e-02 -7.547097499085060612e-02 -7.122915789403104492e-02 -5.934502182925331659e-02 -4.849884092914753114e-02 -3.910195937640884717e-02 -3.683450287165605797e-02 -2.879170098445778953e-02 -8.335846987640513697e-03 8.335846987640760028e-03 2.879170098445859444e-02 3.683450287165607184e-02 3.910195937640908309e-02 4.849884092914764216e-02 5.934502182925281699e-02 7.122915789403166942e-02 7.547097499085106409e-02 7.627255539539676277e-02 9.414005916706287558e-02 1.018602958359787619e-01 1.064363717486781352e-01 1.194579036088199986e-01 1.276754165472112068e-01 1.284564283939276519e-01
-1.284449488379065807e-01 -1.276438748789267830e-01 -1.194651758082617005e-01 -1.064168138545061038e-01 -1.018690000029816578e-01 -9.412112514051641787e-02 -7.628156190106614998e-02 -7.539686793976971280e-02 -7.121495695903462542e-02 -5.931521734672006579e-02 -4.842477415156097587e-02 -3.906152791065065771e-02 -3.682828806486763279e-02 -2.877959683704840038e-02 -8.328215390888540209e-03 8.328215390888640823e-03 2.877959683704849753e-02 3.682828806486777851e-02 3.906152791065069935e-02 4.842477415156075382e-02 5.931521734672050294e-02 7.121495695903447276e-02 7.539686793977017076e-02 7.628156190106682999e-02 9.412112514051645951e-02 1.018690000029814358e-01 1.064168138545063674e-01 1.194651758082616172e-01 1.276438748789270050e-01 1.284449488379063031e-01
-1.284315236272229321e-01 -1.276012321915444003e-01 -1.194747169188333652e-01 -1.063912647675259032e-01 -1.018803731968840193e-01 -9.409656852719612552e-02 -7.629165348726986429e-02 -7.530279284261681694e-02 -7.119569149730098356e-02 -5.927588957996776653e-02 -4.832624366204302246e-02 -3.900687476246338103e-02 -3.681950166248817297e-02 -2.876303354456582681e-02 -8.317912724738640851e-03 8.317912724738599217e-03 2.876303354456582681e-02 3.681950166248759010e-02 3.900687476246318675e-02 4.832624366204302246e-02 5.927588957996781510e-02 7.119569149730146929e-02 7.530279284261703898e-02 7.629165348727008633e-02 9.409656852719645859e-02 1.018803731968844911e-01 1.063912647675258755e-01 1.194747169188329905e-01 1.276012321915447612e-01 1.284315236272225991e-01
-1.284173341935638812e-01 -1.275473417007087495e-01 -1.194863989473548826e-01 -1.063601513593755848e-01 -1.018942282628201440e-01 -9.406693725805830020e-02 -7.630213520941886429e-02 -7.519177025764434141e-02 -7.117110051987793340e-02 -5.922741016008203907e-02 -4.820355157799489226e-02 -3.893742420200729804e-02 -3.680763917482905018e-02 -2.874162375037202927e-02 -8.304826436154547770e-03 8.304826436154115823e-03 2.874162375037208825e-02 3.680763917482928610e-02 3.893742420200688864e-02 4.820355157799541268e-02 5.922741016008239989e-02 7.117110051987755870e-02 7.519177025764392508e-02 7.630213520941928063e-02 9.406693725805796713e-02 1.018942282628199913e-01 1.063601513593753767e-01 1.194863989473548271e-01 1.275473417007092214e-01 1.284173341935639923e-01
-1.284034353572490461e-01 -1.274823564463326286e-01 -1.195000677768204844e-01 -1.063239771231330733e-01 -1.019103450562855173e-01 -9.403286733231845662e-02 -7.631260403726412844e-02 -7.506699075461747972e-02 -7.114089052727692875e-02 -5.917026368880413945e-02 -4.805720971381732820e-02 -3.885255916489698674e-02 -3.679195752836203481e-02 -2.871485199813997649e-02 -8.288811283929872764e-03 8.288811283929475512e-03 2.871485199814036854e-02 3.679195752836238176e-02 3.885255916489705613e-02 4.805720971381739065e-02 5.917026368880465292e-02 7.114089052727685936e-02 7.506699075461729931e-02 7.631260403726379538e-02 9.403286733231812355e-02 1.019103450562855590e-01 1.063239771231330733e-01 1.195000677768201930e-01 1.274823564463325731e-01 1.284034353572494624e-01
-1.283906352512843851e-01 -1.274068027665263281e-01 -1.195155465481898410e-01 -1.062833051811031271e-01 -1.019284779513547207e-01 -9.399505605776477257e-02 -7.632287354946792890e-02 -7.493180001493900122e-02 -7.110476374811523781e-02 -5.910505578704565444e-02 -4.788802349722813545e-02 -3.875173405492138984e-02 -3.677136790715162390e-02 -2.868205093805070716e-02 -8.269686067021404102e-03 8.269686067021745843e-03 2.868205093805075920e-02 3.677136790715159614e-02 3.875173405492109147e-02 4.788802349722787177e-02 5.910505578704534219e-02 7.110476374811511291e-02 7.493180001493818243e-02 7.632287354946754032e-02 9.399505605776456441e-02 1.019284779513543043e-01 1.062833051811021279e-01 1.195155465481900769e-01 1.274068027665264113e-01 1.283906352512836913e-01
-1.283794548666032376e-01 -1.273215734129631571e-01 -1.195326392557541917e-01 -1.062387405420982256e-01 -1.019483634742245626e-01 -9.395423487276223506e-02 -7.633289021563868793e-02 -7.478966740486649167e-02 -7.106245713473825776e-02 -5.903251783496826777e-02 -4.769718340536241441e-02 -3.863466624990858495e-02 -3.674426556819718193e-02 -2.864236958149899218e-02 -8.247229446299811362e-03 8.247229446299589317e-03 2.864236958149890544e-02 3.674426556819702233e-02 3.863466624990788412e-02 4.769718340536190787e-02 5.903251783496853144e-02 7.106245713473742509e-02 7.478966740486678311e-02 7.633289021563784138e-02 9.395423487276118035e-02 1.019483634742249234e-01 1.062387405420978231e-01 1.195326392557542194e-01 1.273215734129627130e-01 1.283794548666030988e-01
-1.283701552949132740e-01 -1.272278550629682425e-01 -1.195511343816918343e-01 -1.061909125867635945e-01 -1.019697276317749618e-01 -9.391114345468937197e-02 -7.634267000442317153e-02 -7.464411031922554840e-02 -7.101379259506201969e-02 -5.895350638982955332e-02 -4.748635452682455071e-02 -3.850165103525723942e-02 -3.670826250619626391e-02 -2.859473158667105719e-02 -8.221174703864384675e-03 8.221174703864289265e-03 2.859473158667133127e-02 3.670826250619593778e-02 3.850165103525728799e-02 4.748635452682431479e-02 5.895350638982901209e-02 7.101379259506257480e-02 7.464411031922528472e-02 7.634267000442357398e-02 9.391114345468883073e-02 1.019697276317748508e-01 1.061909125867635945e-01 1.195511343816916816e-01 1.272278550629691862e-01 1.283701552949139124e-01
-1.283628014711677146e-01 -1.271270236850975122e-01 -1.195708084147626277e-01 -1.061404586299842245e-01 -1.019922926063863838e-01 -9.386650650887432001e-02 -7.635225803564733849e-02 -7.449857673225993016e-02 -7.095873643993193258e-02 -5.886899563105809502e-02 -4.725775066084979270e-02 -3.835405448171202991e-02 -3.665978226999803968e-02 -2.853778106789449376e-02 -8.191203242089106773e-03 8.191203242089500555e-03 2.853778106789449376e-02 3.665978226999818540e-02 3.835405448171205073e-02 4.725775066085034087e-02 5.886899563105777583e-02 7.095873643993233504e-02 7.449857673225952770e-02 7.635225803564757441e-02 9.386650650887445879e-02 1.019922926063869945e-01 1.061404586299848074e-01 1.195708084147633909e-01 1.271270236850978452e-01 1.283628014711679921e-01
-1.283573320843739429e-01 -1.270205396612810733e-01 -1.195914291262738655e-01 -1.060880092253134038e-01 -1.020157826030785309e-01 -9.382101423157285236e-02 -7.636170565746906724e-02 -7.435630201111732840e-02 -7.089746232261752434e-02 -5.878006189536252174e-02 -4.701417556778244439e-02 -3.819501286561501063e-02 -3.659350468370561188e-02 -2.846981302070426822e-02 -8.156936574369647378e-03 8.156936574369099205e-03 2.846981302070395251e-02 3.659350468370576454e-02 3.819501286561475389e-02 4.701417556778256929e-02 5.878006189536275766e-02 7.089746232261723291e-02 7.435630201111753657e-02 7.636170565746887295e-02 9.382101423157228337e-02 1.020157826030790721e-01 1.060880092253140700e-01 1.195914291262739904e-01 1.270205396612802962e-01 1.283573320843737486e-01
-1.283536176104058679e-01 -1.269098615842330913e-01 -1.196127585094407253e-01 -1.060341756641208777e-01 -1.020399287460115600e-01 -9.377530700966642263e-02 -7.637105872765881376e-02 -7.422016198343704685e-02 -7.083040782163513294e-02 -5.868786037307360814e-02 -4.675901224523316968e-02 -3.803021590674197927e-02 -3.650179977821262772e-02 -2.838868540610485144e-02 -8.117926499905380247e-03 8.117926499905489535e-03 2.838868540610463981e-02 3.650179977821278038e-02 3.803021590674172947e-02 4.675901224523243416e-02 5.868786037307356651e-02 7.083040782163481375e-02 7.422016198343708848e-02 7.637105872765859171e-02 9.377530700966635324e-02 1.020399287460123927e-01 1.060341756641213495e-01 1.196127585094401702e-01 1.269098615842331745e-01 1.283536176104058957e-01
-1.283515008378778854e-01 -1.267963845987236382e-01 -1.196345553222842306e-01 -1.059795399075637162e-01 -1.020644730163541430e-01 -9.372996451239738736e-02 -7.638035245695237729e-02 -7.409254608277773824e-02 -7.075831194402294744e-02 -5.859359518994707722e-02 -4.649614359305744016e-02 -3.786823127974539571e-02 -3.637470563401500045e-02 -2.829171079988367782e-02 -8.073643084650635598e-03 8.073643084650819479e-03 2.829171079988344190e-02 3.637470563401536822e-02 3.786823127974569408e-02 4.649614359305760669e-02 5.859359518994718824e-02 7.075831194402269764e-02 7.409254608277782150e-02 7.638035245695258546e-02 9.372996451239841431e-02 1.020644730163540181e-01 1.059795399075642436e-01 1.196345553222842306e-01 1.267963845987241378e-01 1.283515008378780520e-01
-1.283508215975253386e-01 -1.266814013013098372e-01 -1.196565772060581012e-01 -1.059246469940316321e-01 -1.020891712960036446e-01 -9.368549898700091749e-02 -7.638960983594987597e-02 -7.397527194521744121e-02 -7.068222129001668075e-02 -5.849848517092136324e-02 -4.622979647230120864e-02 -3.771928455695652826e-02 -3.620153640814004897e-02 -2.817552836753179843e-02 -8.023459989773547990e-03 8.023459989773900139e-03 2.817552836753183312e-02 3.620153640814009061e-02 3.771928455695652826e-02 4.622979647230162498e-02 5.849848517092143263e-02 7.068222129001655585e-02 7.397527194521699712e-02 7.638960983595038945e-02 9.368549898700044565e-02 1.020891712960032977e-01 1.059246469940314794e-01 1.196565772060577681e-01 1.266814013013092266e-01 1.283508215975250888e-01
-1.283514299582241558e-01 -1.265660802865871404e-01 -1.196785823787641645e-01 -1.058699998035811801e-01 -1.021137956298443505e-01 -9.364235231445879049e-02 -7.639884188658480069e-02 -7.386955535603433043e-02 -7.060345768062725735e-02 -5.840372833106799444e-02 -4.596431623301665270e-02 -3.759194968148255739e-02 -3.597464489276110122e-02 -2.803596367335347075e-02 -7.966636599576023409e-03 7.966636599575976571e-03 2.803596367335337014e-02 3.597464489276119143e-02 3.759194968148284188e-02 4.596431623301678454e-02 5.840372833106770301e-02 7.060345768062653571e-02 7.386955535603417777e-02 7.639884188658421782e-02 9.364235231445845742e-02 1.021137956298440730e-01 1.058699998035807083e-01 1.196785823787638314e-01 1.265660802865871126e-01 1.283514299582244333e-01
-1.283531920439901775e-01 -1.264514573037042455e-01 -1.197003309253539954e-01 -1.058160559421986724e-01 -1.021381358450628579e-01 -9.360089622102751861e-02 -7.640804875811324504e-02 -7.377603801261381489e-02 -7.052354882190983720e-02 -5.831046838149087780e-02 -4.570389740527555644e-02 -3.748979958178330629e-02 -3.569323917057314749e-02 -2.786789736557788652e-02 -7.902296308626136426e-03 7.902296308626126017e-03 2.786789736557749447e-02 3.569323917057296708e-02 3.748979958178327854e-02 4.570389740527527195e-02 5.831046838149097494e-02 7.052354882190989271e-02 7.377603801261382876e-02 7.640804875811330055e-02 9.360089622102714391e-02 1.021381358450631355e-01 1.058160559421984920e-01 1.197003309253547448e-01 1.264514573037046063e-01 1.283531920439902607e-01
-1.283559915910502114e-01 -1.263384349135882601e-01 -1.197215857222033719e-01 -1.057632264341731437e-01 -1.021620006732337771e-01 -9.356143496911856206e-02 -7.641722114996189752e-02 -7.369486356560429885e-02 -7.044413289089641872e-02 -5.821976621635488458e-02 -4.545231210897102136e-02 -3.741116187367534568e-02 -3.536402080075080889e-02 -2.766518736578430990e-02 -7.829400245923292395e-03 7.829400245922858714e-03 2.766518736578428214e-02 3.536402080075081583e-02 3.741116187367558854e-02 4.545231210897106300e-02 5.821976621635435722e-02 7.044413289089582197e-02 7.369486356560416007e-02 7.641722114996141180e-02 9.356143496911827062e-02 1.021620006732337216e-01 1.057632264341734074e-01 1.197215857222027613e-01 1.263384349135879547e-01 1.283559915910500171e-01
-1.283597292872700468e-01 -1.262277876053503056e-01 -1.197421130436916170e-01 -1.057118758770102113e-01 -1.021852185141108732e-01 -9.352420985227659356e-02 -7.642634180550657297e-02 -7.362578396014064774e-02 -7.036685392901079195e-02 -5.813257855031436078e-02 -4.521268335920919368e-02 -3.735163318266408045e-02 -3.499886632885382265e-02 -2.742072355549248289e-02 -7.746715667825719576e-03 7.746715667825874833e-03 2.742072355549245166e-02 3.499886632885385734e-02 3.735163318266380289e-02 4.521268335920879122e-02 5.813257855031416649e-02 7.036685392901093072e-02 7.362578396014052284e-02 7.642634180550617051e-02 9.352420985227714867e-02 1.021852185141112201e-01 1.057118758770110439e-01 1.197421130436909925e-01 1.262277876053493064e-01 1.283597292872696027e-01
-1.283643211144395724e-01 -1.261201702153403603e-01 -1.197616829038239961e-01 -1.056623237134029919e-01 -1.022076379636737975e-01 -9.348940487320658854e-02 -7.643538696363634533e-02 -7.356827571023143164e-02 -7.029326540870266260e-02 -5.804974480611049814e-02 -4.498734153983158929e-02 -3.730652960371346610e-02 -3.461222541900707550e-02 -2.712673000805565851e-02 -7.652778288134523023e-03 7.652778288134463175e-03 2.712673000805556831e-02 3.461222541900695754e-02 3.730652960371332733e-02 4.498734153983138112e-02 5.804974480611046345e-02 7.029326540870275974e-02 7.356827571023136225e-02 7.643538696363667839e-02 9.348940487320708814e-02 1.022076379636736865e-01 1.056623237134026033e-01 1.197616829038242042e-01 1.261201702153390281e-01 1.283643211144391283e-01
-1.283696963697942561e-01 -1.260161281453639481e-01 -1.197800691865006095e-01 -1.056148463005194688e-01 -1.022291282069229118e-01 -9.345715307100710412e-02 -7.644432772991555103e-02 -7.352164900126942348e-02 -7.022475487728770116e-02 -5.797198225563734986e-02 -4.477778132827664459e-02 -3.727199831923514589e-02 -3.421937598313716522e-02 -2.677543805041500760e-02 -7.545848014969587167e-03 7.545848014969669566e-03 2.677543805041513944e-02 3.421937598313713746e-02 3.727199831923506262e-02 4.477778132827654745e-02 5.797198225563759272e-02 7.022475487728782606e-02 7.352164900126921532e-02 7.644432772991520408e-02 9.345715307100732616e-02 1.022291282069231616e-01 1.056148463005191496e-01 1.197800691865000544e-01 1.260161281453643645e-01 1.283696963697944504e-01
-1.283757957124992966e-01 -1.259161083397445646e-01 -1.197970496153552694e-01 -1.055696794996967003e-01 -1.022495793512319812e-01 -9.342754306617863380e-02 -7.645313136692370726e-02 -7.348513888444274667e-02 -7.016249575671162919e-02 -5.789988850606130055e-02 -4.458471177024278531e-02 -3.724518718877242729e-02 -3.383510047519626418e-02 -2.636018307168675953e-02 -7.423858065893402906e-03 7.423858065893280608e-03 2.636018307168722444e-02 3.383510047519638214e-02 3.724518718877212892e-02 4.458471177024270898e-02 5.789988850606156423e-02 7.016249575671183736e-02 7.348513888444269115e-02 7.645313136692363787e-02 9.342754306617881421e-02 1.022495793512316620e-01 1.055696794996971444e-01 1.197970496153546310e-01 1.259161083397445369e-01 1.283757957124989912e-01
-1.283825693919436739e-01 -1.258204703086409082e-01 -1.198124056087577077e-01 -1.055270215617460650e-01 -1.022689027510653992e-01 -9.340062549577564377e-02 -7.646176252125186368e-02 -7.345797441029745800e-02 -7.010742598071276199e-02 -5.783394982196868317e-02 -4.440817360579211309e-02 -3.722406829500753134e-02 -3.347234979174843611e-02 -2.587679435456745336e-02 -7.284358450378027733e-03 7.284358450378122275e-03 2.587679435456766847e-02 3.347234979174807529e-02 3.722406829500744807e-02 4.440817360579230044e-02 5.783394982196856521e-02 7.010742598071227627e-02 7.345797441029715269e-02 7.646176252125147510e-02 9.340062549577582418e-02 1.022689027510653992e-01 1.055270215617466617e-01 1.198124056087570277e-01 1.258204703086409915e-01 1.283825693919439515e-01
-1.283899757127165975e-01 -1.257294967202681746e-01 -1.198259220583653417e-01 -1.054870361381847477e-01 -1.022870313513858376e-01 -9.337641910698596392e-02 -7.647018441254799237e-02 -7.343942647764793719e-02 -7.006024886346165492e-02 -5.777455351325923999e-02 -4.424769065335656948e-02 -3.720721317362563063e-02 -3.314099963175323044e-02 -2.532491197465431068e-02 -7.124456660926327053e-03 7.124456660926124958e-03 2.532491197465424476e-02 3.314099963175311248e-02 3.720721317362667147e-02 4.424769065335662499e-02 5.777455351325995470e-02 7.006024886346072511e-02 7.343942647764747922e-02 7.647018441254856136e-02 9.337641910698536718e-02 1.022870313513862262e-01 1.054870361381856220e-01 1.198259220583651058e-01 1.257294967202682023e-01 1.283899757127166530e-01
-1.283979797394688982e-01 -1.256434032564388292e-01 -1.198373870612508413e-01 -1.054498553016302437e-01 -1.023039200562203543e-01 -9.335491635987061554e-02 -7.647836001334801237e-02 -7.342883791200835453e-02 -7.002144973874364908e-02 -5.772200264725599328e-02 -4.410242533373149448e-02 -3.719361024796070947e-02 -3.284710519654791827e-02 -2.470876360635974184e-02 -6.940761527827767757e-03 6.940761527827755614e-03 2.470876360635960653e-02 3.284710519654779337e-02 3.719361024796072335e-02 4.410242533373142509e-02 5.772200264725568103e-02 7.002144973874317724e-02 7.342883791200813248e-02 7.647836001334837319e-02 9.335491635987043513e-02 1.023039200562200768e-01 1.054498553016312290e-01 1.198373870612515629e-01 1.256434032564399950e-01 1.283979797394695088e-01
-1.284065522212050614e-01 -1.255623475527721244e-01 -1.198465916265209208e-01 -1.054155825060360541e-01 -1.023195461116856581e-01 -9.333608845693165679e-02 -7.648625325030924960e-02 -7.342564019892156013e-02 -6.999132193229655463e-02 -5.767653157116446605e-02 -4.397131767745808550e-02 -3.718253466707063803e-02 -3.259293930882903312e-02 -2.403711989716959818e-02 -6.729341042026387373e-03 6.729341042026301505e-03 2.403711989716939695e-02 3.259293930882888046e-02 3.718253466707074906e-02 4.397131767745755121e-02 5.767653157116446605e-02 6.999132193229667953e-02 7.342564019892204585e-02 7.648625325030891653e-02 9.333608845693178169e-02 1.023195461116860605e-01 1.054155825060358598e-01 1.198465916265210318e-01 1.255623475527716248e-01 1.284065522212050059e-01
-1.284156687056833834e-01 -1.254864371388285382e-01 -1.198533293680824063e-01 -1.053842954570338997e-01 -1.023339094799066290e-01 -9.331988976840563388e-02 -7.649383025969359873e-02 -7.342936106376705963e-02 -6.996999671322323699e-02 -5.763832105988275778e-02 -4.385319743807259557e-02 -3.717345968744404511e-02 -3.237772890498048090e-02 -2.332251992795546583e-02 -6.485711842461700134e-03 6.485711842461589979e-03 2.332251992795573645e-02 3.237772890498086253e-02 3.717345968744448920e-02 4.385319743807250537e-02 5.763832105988278554e-02 6.996999671322325087e-02 7.342936106376697636e-02 7.649383025969384853e-02 9.331988976840530081e-02 1.023339094799067817e-01 1.053842954570345519e-01 1.198533293680831002e-01 1.254864371388283995e-01 1.284156687056836055e-01
-1.284253088132351339e-01 -1.254157363624097132e-01 -1.198573961860671111e-01 -1.053560488933697054e-01 -1.023470331720462562e-01 -9.330626165930075433e-02 -7.650106073374850213e-02 -7.343962632585036843e-02 -6.995747332068315283e-02 -5.760751225306493667e-02 -4.374686707777265121e-02 -3.716599710347168878e-02 -3.219872126174250226e-02 -2.258012581356152321e-02 -6.204886637588506032e-03 6.204886637588457460e-03 2.258012581356152321e-02 3.219872126174256471e-02 3.716599710347116836e-02 4.374686707777264427e-02 5.760751225306480483e-02 6.995747332068309732e-02 7.343962632585017414e-02 7.650106073374837723e-02 9.330626165930136495e-02 1.023470331720461868e-01 1.053560488933701494e-01 1.198573961860669862e-01 1.254157363624096300e-01 1.284253088132351062e-01
-1.284354556413387638e-01 -1.253502723317080070e-01 -1.198585899309195235e-01 -1.053308773018429428e-01 -1.023589635052723490e-01 -9.329513574925207831e-02 -7.650791940109047395e-02 -7.345615856787036935e-02 -6.995364654535703164e-02 -5.758421885991709538e-02 -4.365115839001357939e-02 -3.715985711344309272e-02 -3.205219803758496688e-02 -2.182656182292880970e-02 -5.881514172817943129e-03 5.881514172818084508e-03 2.182656182292905950e-02 3.205219803758439095e-02 3.715985711344245435e-02 4.365115839001319775e-02 5.758421885991713007e-02 6.995364654535701776e-02 7.345615856787056364e-02 7.650791940109018252e-02 9.329513574925216157e-02 1.023589635052722657e-01 1.053308773018433175e-01 1.198585899309193986e-01 1.253502723317082013e-01 1.284354556413390136e-01
-1.284460952746641627e-01 -1.252900399433407308e-01 -1.198567100365846155e-01 -1.053087976010914223e-01 -1.023697702496251388e-01 -9.328643665167243859e-02 -7.651438769455977396e-02 -7.347877436046176824e-02 -6.995833046115908227e-02 -5.756853736232322993e-02 -4.356496776240470492e-02 -3.715482103137576764e-02 -3.193422579782791842e-02 -2.107891347637417048e-02 -5.510149913500951742e-03 5.510149913501067968e-03 2.107891347637402130e-02 3.193422579782796006e-02 3.715482103137555253e-02 4.356496776240440655e-02 5.756853736232295932e-02 6.995833046115956799e-02 7.347877436046112987e-02 7.651438769455964906e-02 9.328643665167306309e-02 1.023697702496255690e-01 1.053087976010917137e-01 1.198567100365845878e-01 1.252900399433417855e-01 1.284460952746646067e-01
-1.284572163788511578e-01 -1.252350060864624581e-01 -1.198515571030328991e-01 -1.052898118347271039e-01 -1.023795466357689393e-01 -9.328008424668936260e-02 -7.652045567582069219e-02 -7.350738113769551829e-02 -6.997127770615629849e-02 -5.756055512886577158e-02 -4.348727547045459774e-02 -3.715072251054499924e-02 -3.184110977123245229e-02 -2.035388976920087661e-02 -5.085686820259849479e-03 5.085686820259625700e-03 2.035388976920084886e-02 3.184110977123204289e-02 3.715072251054564456e-02 4.348727547045446590e-02 5.756055512886546627e-02 6.997127770615590991e-02 7.350738113769561544e-02 7.652045567582035912e-02 9.328008424668891851e-02 1.023795466357695916e-01 1.052898118347274647e-01 1.198515571030334959e-01 1.252350060864627357e-01 1.284572163788515742e-01
-1.284688098596570016e-01 -1.251851131258495398e-01 -1.198429324039027716e-01 -1.052739099137398188e-01 -1.023884092025072329e-01 -9.327599554500730361e-02 -7.652612430968895596e-02 -7.354197433054139588e-02 -6.999219423820735031e-02 -5.756035646940563938e-02 -4.341715379624446619e-02 -3.714743446297088386e-02 -3.176961370158807446e-02 -1.966708365848611820e-02 -4.603946164116267704e-03 4.603946164116284184e-03 1.966708365848624657e-02 3.176961370158851161e-02 3.714743446297039120e-02 4.341715379624518090e-02 5.756035646940547285e-02 6.999219423820776664e-02 7.354197433054190935e-02 7.652612430968924739e-02 9.327599554500771994e-02 1.023884092025078296e-01 1.052739099137403322e-01 1.198429324039029242e-01 1.251851131258493455e-01 1.284688098596572792e-01
-1.284808685719457666e-01 -1.251402817719338423e-01 -1.198306372925982549e-01 -1.052610724432843231e-01 -1.023964974723574617e-01 -9.327408619876015328e-02 -7.653140821629017543e-02 -7.358263499574146937e-02 -7.002074980653372194e-02 -5.756802672396391790e-02 -4.335376779910445066e-02 -3.714485984393896961e-02 -3.171702978756615193e-02 -1.903229636441022138e-02 -4.062376094939026613e-03 4.062376094938919928e-03 1.903229636441016240e-02 3.171702978756597152e-02 3.714485984393847695e-02 4.335376779910442291e-02 5.756802672396416770e-02 7.002074980653361091e-02 7.358263499574098365e-02 7.653140821629046686e-02 9.327408619875994511e-02 1.023964974723573923e-01 1.052610724432837402e-01 1.198306372925978247e-01 1.251402817719337868e-01 1.284808685719456833e-01
-1.284933870654000332e-01 -1.251004134448686356e-01 -1.198144724800881966e-01 -1.052512736622849554e-01 -1.024039734528242457e-01 -9.327427171190999511e-02 -7.653633908124746199e-02 -7.362952788163922013e-02 -7.005658455367852477e-02 -5.758365450446530087e-02 -4.329637157874167280e-02 -3.714292510272181047e-02 -3.168116719515770563e-02 -1.846096725143273054e-02 -3.460744018564993699e-03 3.460744018565017552e-03 1.846096725143271319e-02 3.168116719515745583e-02 3.714292510272139414e-02 4.329637157874149933e-02 5.758365450446455841e-02 7.005658455367831661e-02 7.362952788163874829e-02 7.653633908124610197e-02 9.327427171191080002e-02 1.024039734528241763e-01 1.052512736622851913e-01 1.198144724800878080e-01 1.251004134448683580e-01 1.284933870653997556e-01
-1.285063613557200224e-01 -1.250653922341340984e-01 -1.197942371599285405e-01 -1.052444845176053190e-01 -1.024110209687301293e-01 -9.327646839785681820e-02 -7.654096998176938837e-02 -7.368289960377452652e-02 -7.009931225225080054e-02 -5.760733220653498771e-02 -4.324430202503722065e-02 -3.714157550733463570e-02 -3.166030404479381472e-02 -1.796181220568505640e-02 -2.801669216486585290e-03 2.801669216486695445e-03 1.796181220568518477e-02 3.166030404479353022e-02 3.714157550733433732e-02 4.324430202503701942e-02 5.760733220653502240e-02 7.009931225225031481e-02 7.368289960377465142e-02 7.654096998176997124e-02 9.327646839785636024e-02 1.024110209687300183e-01 1.052444845176053606e-01 1.197942371599282907e-01 1.250653922341334601e-01 1.285063613557201612e-01
-1.285197887115763771e-01 -1.250350865461098138e-01 -1.197697279607135845e-01 -1.052406758895743782e-01 -1.024178448355745341e-01 -9.328059412622510815e-02 -7.654538100351498953e-02 -7.374307631643339800e-02 -7.014852073328081694e-02 -5.763915489228564615e-02 -4.319697138925263774e-02 -3.714077181535044292e-02 -3.165312837765581894e-02 -1.754077273449349342e-02 -2.090858162729521390e-03 2.090858162729399526e-03 1.754077273449344831e-02 3.165312837765568710e-02 3.714077181535024863e-02 4.319697138925253366e-02 5.763915489228569472e-02 7.014852073328067816e-02 7.374307631643346739e-02 7.654538100351551688e-02 9.328059412622524693e-02 1.024178448355742149e-01 1.052406758895739758e-01 1.197697279607132098e-01 1.250350865461096195e-01 1.285197887115764326e-01
-1.285336674487173592e-01 -1.250093505204498689e-01 -1.197407377130243061e-01 -1.052398219839125459e-01 -1.024246698841144304e-01 -9.328656889492267790e-02 -7.654968670130299357e-02 -7.381045991586082655e-02 -7.020377011110809362e-02 -5.767921762290614818e-02 -4.315385952890671284e-02 -3.714048793698622453e-02 -3.165868082060629279e-02 -1.720130614543770656e-02 -1.336982498539887555e-03 1.336982498539947186e-03 1.720130614543788697e-02 3.165868082060658423e-02 3.714048793698639106e-02 4.315385952890628957e-02 5.767921762290643961e-02 7.020377011110855159e-02 7.381045991586107635e-02 7.654968670130303521e-02 9.328656889492249749e-02 1.024246698841143471e-01 1.052398219839121296e-01 1.197407377130242229e-01 1.250093505204513400e-01 1.285336674487173869e-01
-1.285479967234804122e-01 -1.249880252830380123e-01 -1.197070540267115984e-01 -1.052419039073127366e-01 -1.024317398415300062e-01 -9.329431525762203747e-02 -7.655404623202428926e-02 -7.388552134493615864e-02 -7.026458947446463654e-02 -5.772761129941131331e-02 -4.311450634151803296e-02 -3.714070935377494082e-02 -3.167630423653153282e-02 -1.694494135871773763e-02 -5.512415631528195734e-04 5.512415631526347169e-04 1.694494135871753987e-02 3.167630423653167854e-02 3.714070935377460775e-02 4.311450634151777622e-02 5.772761129941136188e-02 7.026458947446485859e-02 7.388552134493558965e-02 7.655404623202380354e-02 9.329431525762191257e-02 1.024317398415301172e-01 1.052419039073128476e-01 1.197070540267114735e-01 1.249880252830372074e-01 1.285479967234805510e-01
-1.285627763185752392e-01 -1.249709400895924333e-01 -1.196684576844805892e-01 -1.052469134505089055e-01 -1.024393160639114619e-01 -9.330375863120203561e-02 -7.655867741867949938e-02 -7.396878892304378783e-02 -7.033047280369897347e-02 -5.778441705695475800e-02 -4.307850467579273090e-02 -3.714143213702564977e-02 -3.170560168999930761e-02 -1.677194315241811035e-02 -2.532788107796084460e-04 2.532788107796924175e-04 1.677194315241799932e-02 3.170560168999905087e-02 3.714143213702531671e-02 4.307850467579272397e-02 5.778441705695480657e-02 7.033047280369840448e-02 7.396878892304381559e-02 7.655867741867945775e-02 9.330375863120225766e-02 1.024393160639112538e-01 1.052469134505082393e-01 1.196684576844808945e-01 1.249709400895918782e-01 1.285627763185745176e-01
-1.285780064144608215e-01 -1.249579134007460512e-01 -1.196247208689103919e-01 -1.052548571135063366e-01 -1.024476760984922574e-01 -9.331482750223665801e-02 -7.656387668685284142e-02 -7.406082870909488913e-02 -7.040087498511132802e-02 -5.784969925795638290e-02 -4.304549386174735121e-02 -3.714266246824551865e-02 -3.174640209405717173e-02 -1.668190555222694160e-02 -1.062334322062944954e-03 1.062334322063146616e-03 1.668190555222756263e-02 3.174640209405728969e-02 3.714266246824505374e-02 4.304549386174760101e-02 5.784969925795636209e-02 7.040087498511063413e-02 7.406082870909459770e-02 7.656387668685291081e-02 9.331482750223651923e-02 1.024476760984930207e-01 1.052548571135064753e-01 1.196247208689103642e-01 1.249579134007467451e-01 1.285780064144610435e-01
-1.285936873399443348e-01 -1.249487539170245493e-01 -1.195756052516478013e-01 -1.052657604222275167e-01 -1.024571120319153067e-01 -9.332745354650703873e-02 -7.657004790665199179e-02 -7.416221258519221926e-02 -7.047520890419689543e-02 -5.792349714636110813e-02 -4.301515390934573801e-02 -3.714441660751929830e-02 -3.179873197312592381e-02 -1.667412761956614531e-02 -1.861267170949195988e-03 1.861267170948854030e-03 1.667412761956617306e-02 3.179873197312593075e-02 3.714441660751883340e-02 4.301515390934550903e-02 5.792349714636053915e-02 7.047520890419699258e-02 7.416221258519169190e-02 7.657004790665117300e-02 9.332745354650785752e-02 1.024571120319152373e-01 1.052657604222260596e-01 1.195756052516480372e-01 1.249487539170244105e-01 1.285936873399447233e-01
-1.286098192958647912e-01 -1.249432615916140771e-01 -1.195208599853755937e-01 -1.052796726032258628e-01 -1.024679285531781558e-01 -9.334157167061765681e-02 -7.657774492724316040e-02 -7.427346781292457067e-02 -7.055284467131077430e-02 -5.800581526357173612e-02 -4.298720037046298292e-02 -3.714672129157686048e-02 -3.186279131817204568e-02 -1.674768563651653566e-02 -2.635756421077581606e-03 2.635756421077733395e-03 1.674768563651663975e-02 3.186279131817187221e-02 3.714672129157671476e-02 4.298720037046259435e-02 5.800581526357163897e-02 7.055284467131087145e-02 7.427346781292497313e-02 7.657774492724288284e-02 9.334157167061793436e-02 1.024679285531784334e-01 1.052796726032262237e-01 1.195208599853748027e-01 1.249432615916137995e-01 1.286098192958649855e-01
-1.286264020459483015e-01 -1.249412286302738206e-01 -1.194602196509916142e-01 -1.052966717023088167e-01 -1.024804406271241641e-01 -9.335711998003806689e-02 -7.658773538852335638e-02 -7.439499894324960727e-02 -7.063311201129657269e-02 -5.809661278895763420e-02 -4.296137982857410609e-02 -3.714961457523192206e-02 -3.193893121770322724e-02 -1.690118575623095892e-02 -3.372591283334055307e-03 3.372591283334021046e-03 1.690118575623106648e-02 3.193893121770343541e-02 3.714961457523183880e-02 4.296137982857473059e-02 5.809661278895789788e-02 7.063311201129569838e-02 7.439499894324952400e-02 7.658773538852400864e-02 9.335711998003777545e-02 1.024804406271240531e-01 1.052966717023095661e-01 1.194602196509913089e-01 1.249412286302739594e-01 1.286264020459484958e-01
-1.286434345691205294e-01 -1.249424404815056011e-01 -1.193934022244372423e-01 -1.053168702520139166e-01 -1.024949706368150498e-01 -9.337403967325598464e-02 -7.660109771793016664e-02 -7.452696874226574786e-02 -7.071530667197520326e-02 -5.819579205560084650e-02 -4.293746596571273305e-02 -3.715314716173214599e-02 -3.202763067053414348e-02 -1.713225807469800910e-02 -4.060463445158256877e-03 4.060463445158222183e-03 1.713225807469792583e-02 3.202763067053390061e-02 3.715314716173186149e-02 4.293746596571262203e-02 5.819579205560097834e-02 7.071530667197613307e-02 7.452696874226580337e-02 7.660109771792958377e-02 9.337403967325566545e-02 1.024949706368151053e-01 1.053168702520129313e-01 1.193934022244377974e-01 1.249424404815062672e-01 1.286434345691203351e-01
-1.286609146678415472e-01 -1.249466768161817121e-01 -1.193201071399129787e-01 -1.053404216099453616e-01 -1.025118448119532455e-01 -9.339227485702819576e-02 -7.661936933695136231e-02 -7.466911902276995860e-02 -7.079870132783983028e-02 -5.830318660383166512e-02 -4.291525615108195829e-02 -3.715738430240867612e-02 -3.212946967273992704e-02 -1.743693508718454493e-02 -4.690709389628594517e-03 4.690709389628499107e-03 1.743693508718442003e-02 3.212946967274001031e-02 3.715738430240865531e-02 4.291525615108199299e-02 5.830318660383169982e-02 7.079870132783863679e-02 7.466911902276950064e-02 7.661936933695130680e-02 9.339227485702915332e-02 1.025118448119535092e-01 1.053404216099453200e-01 1.193201071399127705e-01 1.249466768161813235e-01 1.286609146678412141e-01
-1.286788385274370561e-01 -1.249537124939586324e-01 -1.192400135395154520e-01 -1.053675271012939757e-01 -1.025313887172791955e-01 -9.341177227298069763e-02 -7.664477068924947789e-02 -7.482050629150453769e-02 -7.088256086911873255e-02 -5.841854926569162859e-02 -4.289456849635145397e-02 -3.716240838726014156e-02 -3.224509535018183631e-02 -1.780912199493973544e-02 -5.257862993535285592e-03 5.257862993535276051e-03 1.780912199493952380e-02 3.224509535018135753e-02 3.716240838726011381e-02 4.289456849635124580e-02 5.841854926569159390e-02 7.088256086911863540e-02 7.482050629150420462e-02 7.664477068924921421e-02 9.341177227298073926e-02 1.025313887172791122e-01 1.053675271012943088e-01 1.192400135395157296e-01 1.249537124939578275e-01 1.286788385274367785e-01
-1.286972002219211042e-01 -1.249633185137068170e-01 -1.191527788141345662e-01 -1.053984440993704363e-01 -1.025539215330757148e-01 -9.343248092092036605e-02 -7.668052925864028702e-02 -7.497912839515620542e-02 -7.096616123538435073e-02 -5.854154091219137407e-02 -4.287523932662008069e-02 -3.716832239929010462e-02 -3.237517768895073478e-02 -1.824036949128700347e-02 -5.759860288057441942e-03 5.759860288057482708e-03 1.824036949128708326e-02 3.237517768895073478e-02 3.716832239929036830e-02 4.287523932661958803e-02 5.854154091219151979e-02 7.096616123538422582e-02 7.497912839515621930e-02 7.668052925863971803e-02 9.343248092092014401e-02 1.025539215330763670e-01 1.053984440993711025e-01 1.191527788141349131e-01 1.249633185137064006e-01 1.286972002219201883e-01
-1.287159911626194753e-01 -1.249752629463009024e-01 -1.190580375576817951e-01 -1.054334951596476305e-01 -1.025797488253711032e-01 -9.345435155933222438e-02 -7.673129451520177557e-02 -7.514145251321338592e-02 -7.104881021687629861e-02 -5.867172062512529540e-02 -4.285712102178185906e-02 -3.717525447067584338e-02 -3.252035149956229027e-02 -1.872007219955928656e-02 -6.197809550441449669e-03 6.197809550441660438e-03 1.872007219955948779e-02 3.252035149956195026e-02 3.717525447067552419e-02 4.285712102178181049e-02 5.867172062512469866e-02 7.104881021687599330e-02 7.514145251321360797e-02 7.673129451520153965e-02 9.345435155933239091e-02 1.025797488253704232e-01 1.054334951596477693e-01 1.190580375576815730e-01 1.249752629463002085e-01 1.287159911626193642e-01
-1.287351994869538885e-01 -1.249893118500684241e-01 -1.189554010772924802e-01 -1.054730782733108857e-01 -1.026091534863055044e-01 -9.347733605854631478e-02 -7.680350611480069034e-02 -7.530198432893357718e-02 -7.112986809731063065e-02 -5.880853815331905238e-02 -4.284008018957487229e-02 -3.718336386249376097e-02 -3.268114192616483615e-02 -1.923606638037898831e-02 -6.575375587318087016e-03 6.575375587318092220e-03 1.923606638037900912e-02 3.268114192616481534e-02 3.718336386249392056e-02 4.284008018957484454e-02 5.880853815331929524e-02 7.112986809731031146e-02 7.530198432893395188e-02 7.680350611480046830e-02 9.347733605854673111e-02 1.026091534863052268e-01 1.054730782733106081e-01 1.189554010772925080e-01 1.249893118500690903e-01 1.287351994869537219e-01
-1.287548093861549947e-01 -1.250052301714042191e-01 -1.188444576269205993e-01 -1.055176782080073927e-01 -1.026423845412730296e-01 -9.350138657746040471e-02 -7.690528251498633672e-02 -7.545331400979177205e-02 -7.120876582976898295e-02 -5.895132955193135849e-02 -4.282399613836099933e-02 -3.719284879552185036e-02 -3.285787241445630585e-02 -1.977546892314711868e-02 -6.897947495669379432e-03 6.897947495669418463e-03 1.977546892314714644e-02 3.285787241445600748e-02 3.719284879552149647e-02 4.282399613836090912e-02 5.895132955193113644e-02 7.120876582976876090e-02 7.545331400979179981e-02 7.690528251498704448e-02 9.350138657746118187e-02 1.026423845412726549e-01 1.055176782080066850e-01 1.188444576269197250e-01 1.250052301714036918e-01 1.287548093861544396e-01
-1.287748003725289747e-01 -1.250227826350670257e-01 -1.187247735618335159e-01 -1.055678787316197548e-01 -1.026796435923053863e-01 -9.352645453072462589e-02 -7.704511586599192829e-02 -7.558735624353390969e-02 -7.128501871534514978e-02 -5.909931685472521318e-02 -4.280875962438406707e-02 -3.720395668791399990e-02 -3.305055684230016888e-02 -2.032555368417507738e-02 -7.171795891349078654e-03 7.171795891349337128e-03 2.032555368417526473e-02 3.305055684230005092e-02 3.720395668791407623e-02 4.280875962438412952e-02 5.909931685472512991e-02 7.128501871534455303e-02 7.558735624353420113e-02 7.704511586599198381e-02 9.352645453072509774e-02 1.026796435923051087e-01 1.055678787316199768e-01 1.187247735618329886e-01 1.250227826350674976e-01 1.287748003725291968e-01
-1.287951464892192199e-01 -1.250417346302774291e-01 -1.185958956478846693e-01 -1.056243752376756079e-01 -1.027210688286768897e-01 -9.355248931070381246e-02 -7.722922083260054527e-02 -7.569793978432136361e-02 -7.135823424578874308e-02 -5.925161247052989494e-02 -4.279427185459468846e-02 -3.721699749727079565e-02 -3.325878147259966194e-02 -2.087450342891346289e-02 -7.403375312769875337e-03 7.403375312769877072e-03 2.087450342891338309e-02 3.325878147260000889e-02 3.721699749727112178e-02 4.279427185459490357e-02 5.925161247052956187e-02 7.135823424578878471e-02 7.569793978432115544e-02 7.722922083260046200e-02 9.355248931070402063e-02 1.027210688286781387e-01 1.056243752376761352e-01 1.185958956478842669e-01 1.250417346302781230e-01 1.287951464892188036e-01
-1.288158154682870482e-01 -1.250618530993401478e-01 -1.184573548033292373e-01 -1.056879868723352017e-01 -1.027667168243737023e-01 -9.357943672821475434e-02 -7.745916028982191559e-02 -7.578312650232252312e-02 -7.142811369767773644e-02 -5.940722871669822797e-02 -4.278044373200007994e-02 -3.723236098643552955e-02 -3.348158695506384813e-02 -2.141195653555272652e-02 -7.598839555221321637e-03 7.598839555221424853e-03 2.141195653555288611e-02 3.348158695506350813e-02 3.723236098643611935e-02 4.278044373200026035e-02 5.940722871669896349e-02 7.142811369767805563e-02 7.578312650232260639e-02 7.745916028982213763e-02 9.357943672821529557e-02 1.027667168243735357e-01 1.056879868723352017e-01 1.184573548033309304e-01 1.250618530993406197e-01 1.288158154682867984e-01
-1.288367678465051069e-01 -1.250829074353261849e-01 -1.183086716040573499e-01 -1.057596666705396815e-01 -1.028165427958162015e-01 -9.360723713936026924e-02 -7.773185454054955257e-02 -7.584515603083062663e-02 -7.149444798344498087e-02 -5.956509251499342988e-02 -4.276719533568761750e-02 -3.725053874654869063e-02 -3.371736457623770999e-02 -2.192933681816941136e-02 -7.763763247954934277e-03 7.763763247954889174e-03 2.192933681816950850e-02 3.371736457623767530e-02 3.725053874654859348e-02 4.276719533568759668e-02 5.956509251499340213e-02 7.149444798344432861e-02 7.584515603083090418e-02 7.773185454054995502e-02 9.360723713935976964e-02 1.028165427958169509e-01 1.057596666705391403e-01 1.183086716040581965e-01 1.250829074353258519e-01 1.288367678465050237e-01
-1.288579560525153767e-01 -1.251046703939806548e-01 -1.181493639476262902e-01 -1.058405074324657025e-01 -1.028703806327566084e-01 -9.363582323431619836e-02 -7.804158910513020464e-02 -7.588840359409830538e-02 -7.155710896009380428e-02 -5.972406481373570414e-02 -4.275445563193595866e-02 -3.727215151256267622e-02 -3.396378273411205378e-02 -2.241999205510766119e-02 -7.903023792875302211e-03 7.903023792875496500e-03 2.241999205510745302e-02 3.396378273411139459e-02 3.727215151256303705e-02 4.275445563193564641e-02 5.972406481373573189e-02 7.155710896009423450e-02 7.588840359409831926e-02 7.804158910513037117e-02 9.363582323431585142e-02 1.028703806327580239e-01 1.058405074324658551e-01 1.181493639476251245e-01 1.251046703939809879e-01 1.288579560525148493e-01
-1.288793234841403568e-01 -1.251269190226418082e-01 -1.179789573514138934e-01 -1.059317401527154340e-01 -1.029279248140479996e-01 -9.366511747977780689e-02 -7.838196619315739022e-02 -7.591740850770659077e-02 -7.161603775433802999e-02 -5.988296382233701531e-02 -4.274216241577353387e-02 -3.729798125866863601e-02 -3.421775800563151698e-02 -2.287917796070475240e-02 -8.020789353889874393e-03 8.020789353889537857e-03 2.287917796070460669e-02 3.421775800563114228e-02 3.729798125866808783e-02 4.274216241577299957e-02 5.988296382233700144e-02 7.161603775433771080e-02 7.591740850770636873e-02 7.838196619315734859e-02 9.366511747977755709e-02 1.029279248140478192e-01 1.059317401527149621e-01 1.179789573514141848e-01 1.251269190226417805e-01 1.288793234841398017e-01
-1.289008036007630587e-01 -1.251494356056998825e-01 -1.177969984617080884e-01 -1.060347208883526404e-01 -1.029887171640440496e-01 -9.369502923184917786e-02 -7.874682995041386302e-02 -7.593594579231806307e-02 -7.167123168428926605e-02 -6.004059072274523651e-02 -4.273026248342492311e-02 -3.732900491150285827e-02 -3.447548059586774682e-02 -2.330392364840573258e-02 -8.120566980934749296e-03 8.120566980934463067e-03 2.330392364840576033e-02 3.447548059586742070e-02 3.732900491150296235e-02 4.273026248342504801e-02 6.004059072274514630e-02 7.167123168428861379e-02 7.593594579231834063e-02 7.874682995041348832e-02 9.369502923184908072e-02 1.029887171640437582e-01 1.060347208883531261e-01 1.177969984617073251e-01 1.251494356057005763e-01 1.289008036007638636e-01
-1.289223190628754068e-01 -1.251720086221289885e-01 -1.176030724845136405e-01 -1.061509012815633479e-01 -1.030521420534656341e-01 -9.372545157255345039e-02 -7.913043766810998192e-02 -7.594687097162972078e-02 -7.172273112887610214e-02 -6.019575622947116039e-02 -4.271871203453132121e-02 -3.736642081449021574e-02 -3.473249932062786455e-02 -2.369281223534177444e-02 -8.205278459182792361e-03 8.205278459182643175e-03 2.369281223534163219e-02 3.473249932062751760e-02 3.736642081449007696e-02 4.271871203453143223e-02 6.019575622947114651e-02 7.172273112887639357e-02 7.594687097162974854e-02 7.913043766810994029e-02 9.372545157255378345e-02 1.030521420534655508e-01 1.061509012815628761e-01 1.176030724845125858e-01 1.251720086221283501e-01 1.289223190628750182e-01
-1.289437809593815265e-01 -1.251944337062213808e-01 -1.173968254336372058e-01 -1.062817779269083496e-01 -1.031174337305136440e-01 -9.375625797182488008e-02 -7.952734685090252775e-02 -7.595226978075690638e-02 -7.177060733641191237e-02 -6.034730626055977154e-02 -4.270747729777259194e-02 -3.741164843923557026e-02 -3.498387155958268546e-02 -2.404570919758745526e-02 -8.277343810499056265e-03 8.277343810498811669e-03 2.404570919758743097e-02 3.498387155958224137e-02 3.741164843923525801e-02 4.270747729777268908e-02 6.034730626056008379e-02 7.177060733641091317e-02 7.595226978075704516e-02 7.952734685090259714e-02 9.375625797182443599e-02 1.031174337305135746e-01 1.062817779269087520e-01 1.173968254336372613e-01 1.251944337062217971e-01 1.289437809593815543e-01
-1.289650881730756982e-01 -1.252165145982450101e-01 -1.171779923580050925e-01 -1.064288168093124043e-01 -1.031836985675510798e-01 -9.378729893744115753e-02 -7.993227237915956351e-02 -7.595365910320683867e-02 -7.181495178113399269e-02 -6.049414507942919850e-02 -4.269653536333567478e-02 -3.746626563220935291e-02 -3.522439286992869178e-02 -2.436346996846099761e-02 -8.338761448166039092e-03 8.338761448166132767e-03 2.436346996846095597e-02 3.522439286992843505e-02 3.746626563220970679e-02 4.269653536333560540e-02 6.049414507942967728e-02 7.181495178113393718e-02 7.595365910320706071e-02 7.993227237915952188e-02 9.378729893744086610e-02 1.031836985675504137e-01 1.064288168093122933e-01 1.171779923580048982e-01 1.252165145982459815e-01 1.289650881730761700e-01
-1.289861269458489335e-01 -1.252380640676707402e-01 -1.169464331107415850e-01 -1.065933513584047393e-01 -1.032499528679094170e-01 -9.381839888480247858e-02 -8.033999729064365825e-02 -7.595215469187109603e-02 -7.185586734360993599e-02 -6.063525455617485571e-02 -4.268587518905887779e-02 -3.753183172998413725e-02 -3.544893541179261476e-02 -2.464765485008922966e-02 -8.391179848113392362e-03 8.391179848113244910e-03 2.464765485008891741e-02 3.544893541179258700e-02 3.753183172998353356e-02 4.268587518905828798e-02 6.063525455617409937e-02 7.185586734360981109e-02 7.595215469187124868e-02 8.033999729064361661e-02 9.381839888480281164e-02 1.032499528679098333e-01 1.065933513584046838e-01 1.169464331107424315e-01 1.252380640676709067e-01 1.289861269458487669e-01
-1.290067707173581935e-01 -1.252589047884191398e-01 -1.167021778445283403e-01 -1.067764559832064253e-01 -1.033151736767921602e-01 -9.384935353027666627e-02 -8.074534731557715672e-02 -7.594859287557428895e-02 -7.189346134136796740e-02 -6.076970862607884022e-02 -4.267549872271920314e-02 -3.760955030438146302e-02 -3.565292271609559610e-02 -2.490027286385387145e-02 -8.435959029147000604e-03 8.435959029146998869e-03 2.490027286385389574e-02 3.565292271609553365e-02 3.760955030438182384e-02 4.267549872271921702e-02 6.076970862607877083e-02 7.189346134136814781e-02 7.594859287557430283e-02 8.074534731557729550e-02 9.384935353027683280e-02 1.033151736767916051e-01 1.067764559832066473e-01 1.167021778445283819e-01 1.252589047884194451e-01 1.290067707173577771e-01
-1.290268803233917128e-01 -1.252788701436870766e-01 -1.164454854075913509e-01 -1.069788002564349000e-01 -1.033783565805410226e-01 -9.387992817536576495e-02 -8.114321662295184701e-02 -7.594361432295115844e-02 -7.192784027405547953e-02 -6.089668251981777969e-02 -4.266542204986386450e-02 -3.769978832234936739e-02 -3.583291241780175995e-02 -2.512356780126256614e-02 -8.474221953684918027e-03 8.474221953684937109e-03 2.512356780126253492e-02 3.583291241780137137e-02 3.769978832234927024e-02 4.266542204986389919e-02 6.089668251981770336e-02 7.192784027405466074e-02 7.594361432295139436e-02 8.114321662295130577e-02 9.387992817536557066e-02 1.033783565805413557e-01 1.069788002564347196e-01 1.164454854075912399e-01 1.252788701436871321e-01 1.290268803233921013e-01
-1.290463046513553591e-01 -1.252978049376679004e-01 -1.161769194143348477e-01 -1.072004905779041367e-01 -1.034385720268437003e-01 -9.390985728982098601e-02 -8.152862792952285387e-02 -7.593772063516214532e-02 -7.195910605968518226e-02 -6.101545682683887778e-02 -4.265567643512911677e-02 -3.780159958954447397e-02 -3.598713530491221696e-02 -2.531985139920106542e-02 -8.506896805893834207e-03 8.506896805893629510e-03 2.531985139920102726e-02 3.598713530491217533e-02 3.780159958954464050e-02 4.265567643512951229e-02 6.101545682683814226e-02 7.195910605968525164e-02 7.593772063516163184e-02 8.152862792952346449e-02 9.390985728982129133e-02 1.034385720268432285e-01 1.072004905779043449e-01 1.161769194143349171e-01 1.252978049376680114e-01 1.290463046513550538e-01
-1.290648818577714296e-01 -1.253155659933620769e-01 -1.158974493685548113e-01 -1.074409044301666422e-01 -1.034950114148419920e-01 -9.393884580339363632e-02 -8.189681106879405370e-02 -7.593131245922721262e-02 -7.198735350547638689e-02 -6.112541686590446804e-02 -4.264630907757671618e-02 -3.791250893675913308e-02 -3.611573688552003475e-02 -2.549138189879017816e-02 -8.534751403437382603e-03 8.534751403438041797e-03 2.549138189879033428e-02 3.611573688551971556e-02 3.791250893675891798e-02 4.264630907757679251e-02 6.112541686590419049e-02 7.198735350547622036e-02 7.593131245922667139e-02 8.189681106879431738e-02 9.393884580339334489e-02 1.034950114148414785e-01 1.074409044301662397e-01 1.158974493685545476e-01 1.253155659933609944e-01 1.290648818577711798e-01
-1.290824412525484466e-01 -1.253320226196215637e-01 -1.156085884435912037e-01 -1.076985160792546803e-01 -1.035470164344601263e-01 -9.396657246274781050e-02 -8.224328627071399167e-02 -7.592471524606661526e-02 -7.201266875923563460e-02 -6.122604813350744635e-02 -4.263738335311455241e-02 -3.802873879188690964e-02 -3.622054658172776248e-02 -2.564028201145756442e-02 -8.558421015488095265e-03 8.558421015488039754e-03 2.564028201145712033e-02 3.622054658172745717e-02 3.802873879188672923e-02 4.263738335311437894e-02 6.122604813350723124e-02 7.201266875923613420e-02 7.592471524606594913e-02 8.224328627071372799e-02 9.396657246274718600e-02 1.035470164344602928e-01 1.076985160792538060e-01 1.156085884435913563e-01 1.253320226196217024e-01 1.290824412525475862e-01
-1.290988059420442313e-01 -1.253470569367488296e-01 -1.153125862523923517e-01 -1.079707014891648498e-01 -1.035940890971094458e-01 -9.399269549234853804e-02 -8.256394089742470632e-02 -7.591819675967512171e-02 -7.203512850953934510e-02 -6.131692876761666439e-02 -4.262897828002199657e-02 -3.814579754911042592e-02 -3.630446362589159759e-02 -2.576848841214425187e-02 -8.578430745207846556e-03 8.578430745207761554e-03 2.576848841214400554e-02 3.630446362589167392e-02 3.814579754911080062e-02 4.262897828002164963e-02 6.131692876761722644e-02 7.203512850953920632e-02 7.591819675967551029e-02 8.256394089742480347e-02 9.399269549234857968e-02 1.035940890971088352e-01 1.079707014891642114e-01 1.153125862523923517e-01 1.253470569367488574e-01 1.290988059420437317e-01
-1.291137962920455573e-01 -1.253605640578502878e-01 -1.150127050974046883e-01 -1.082534947999279490e-01 -1.036358840820164884e-01 -9.401686061654754289e-02 -8.285509119171080572e-02 -7.591197904675409114e-02 -7.205479973410376660e-02 -6.139772001027918313e-02 -4.262118693252944790e-02 -3.825914383616257908e-02 -3.637075398492942147e-02 -2.587772471963625809e-02 -8.595213472262533752e-03 8.595213472263036822e-03 2.587772471963651830e-02 3.637075398492937983e-02 3.825914383616296766e-02 4.262118693252926055e-02 6.139772001027946763e-02 7.205479973410326699e-02 7.591197904675427155e-02 8.285509119171116654e-02 9.401686061654694615e-02 1.036358840820161414e-01 1.082534947999284902e-01 1.150127050974045356e-01 1.253605640578502323e-01 1.291137962920463067e-01
-1.291272342176629784e-01 -1.253724521323828223e-01 -1.147136214831227796e-01 -1.085412507082172962e-01 -1.036721880139518659e-01 -9.403871126909343903e-02 -8.311352375132358139e-02 -7.590624665304479546e-02 -7.207173982874477691e-02 -6.146815560299521281e-02 -4.261411356163678776e-02 -3.836467587503049337e-02 -3.642251639312967665e-02 -2.596949080305536312e-02 -8.609124182109868101e-03 8.609124182109991266e-03 2.596949080305558516e-02 3.642251639312982237e-02 3.836467587503061827e-02 4.261411356163706532e-02 6.146815560299522668e-02 7.207173982874391649e-02 7.590624665304476770e-02 8.311352375132342873e-02 9.403871126909311984e-02 1.036721880139522683e-01 1.085412507082168243e-01 1.147136214831227657e-01 1.253724521323822672e-01 1.291272342176624788e-01
-1.291389482275870915e-01 -1.253826422678455399e-01 -1.144220047256120087e-01 -1.088261537070036450e-01 -1.037028914451208483e-01 -9.405790056401364119e-02 -8.333651480860895799e-02 -7.590115227230455341e-02 -7.208599698027236269e-02 -6.152803093551321989e-02 -4.260786928081114477e-02 -3.845897040426145969e-02 -3.646239866019407999e-02 -2.604506258189179593e-02 -8.620451352989437488e-03 8.620451352989000338e-03 2.604506258189191736e-02 3.646239866019419101e-02 3.845897040426168173e-02 4.260786928081104763e-02 6.152803093551288682e-02 7.208599698027202962e-02 7.590115227230442851e-02 8.333651480860918004e-02 9.405790056401401589e-02 1.037028914451204875e-01 1.088261537070040058e-01 1.144220047256124251e-01 1.253826422678455677e-01 1.291389482275878409e-01
-1.291487790483124842e-01 -1.253910683545769178e-01 -1.141473035037442324e-01 -1.090975343044355006e-01 -1.037279588501773403e-01 -9.407410436532821774e-02 -8.352182866909244052e-02 -7.589682062350482095e-02 -7.209761067388936739e-02 -6.157719262304073293e-02 -4.260256634771886208e-02 -3.853932773379219190e-02 -3.649251159524262433e-02 -2.610549787073173852e-02 -8.629425935872897871e-03 8.629425935872856238e-03 2.610549787073159975e-02 3.649251159524286026e-02 3.853932773379226129e-02 4.260256634771859841e-02 6.157719262304064967e-02 7.209761067388985312e-02 7.589682062350522340e-02 8.352182866909235726e-02 9.407410436532814835e-02 1.037279588501773403e-01 1.090975343044361806e-01 1.141473035037445100e-01 1.253910683545758353e-01 1.291487790483121234e-01
-1.291565855404058494e-01 -1.253976768258473484e-01 -1.139026323471243052e-01 -1.093410905627646840e-01 -1.037474005585793113e-01 -9.408703461082078279e-02 -8.366769946312220541e-02 -7.589335109580837291e-02 -7.210661224870154595e-02 -6.161552903481860161e-02 -4.259831131426376066e-02 -3.860371348548054943e-02 -3.651445233386748507e-02 -2.615164504698233236e-02 -8.636228347895546706e-03 8.636228347895709770e-03 2.615164504698284237e-02 3.651445233386760303e-02 3.860371348548094494e-02 4.259831131426419087e-02 6.161552903481933019e-02 7.210661224870215658e-02 7.589335109580819250e-02 8.366769946312239969e-02 9.408703461082122688e-02 1.037474005585796305e-01 1.093410905627650864e-01 1.139026323471251378e-01 1.253976768258472652e-01 1.291565855404061269e-01
-1.291622505128660614e-01 -1.254024263900080927e-01 -1.137052042050270134e-01 -1.095385593494921095e-01 -1.037612489670782789e-01 -9.409645194705271165e-02 -8.377280234078154919e-02 -7.589081953011361792e-02 -7.211302543417288935e-02 -6.164296215661666661e-02 -4.259519759121499494e-02 -3.865066623470659463e-02 -3.652936889419187289e-02 -2.618415230879318767e-02 -8.640993804124899938e-03 8.640993804125068206e-03 2.618415230879344094e-02 3.652936889419184513e-02 3.865066623470642809e-02 4.259519759121552229e-02 6.164296215661688172e-02 7.211302543417281996e-02 7.589081953011403425e-02 8.377280234078152144e-02 9.409645194705322513e-02 1.037612489670783761e-01 1.095385593494925258e-01 1.137052042050266110e-01 1.254024263900087588e-01 1.291622505128663945e-01
-1.291656859678736169e-01 -1.254052877724602666e-01 -1.135748829745289179e-01 -1.096692547550189717e-01 -1.037695400734161000e-01 -9.410217673425740059e-02 -8.383622116604130814e-02 -7.588927938947062635e-02 -7.211686681639546681e-02 -6.165944105137242254e-02 -4.259329821751044881e-02 -3.867920945744967448e-02 -3.653802763537324083e-02 -2.620347603715622239e-02 -8.643816232883299797e-03 8.643816232883370920e-03 2.620347603715609056e-02 3.653802763537314369e-02 3.867920945744977856e-02 4.259329821751104556e-02 6.165944105137240866e-02 7.211686681639510599e-02 7.588927938947027940e-02 8.383622116604097507e-02 9.410217673425651241e-02 1.037695400734168771e-01 1.096692547550200125e-01 1.135748829745290983e-01 1.254052877724613213e-01 1.291656859678731173e-01
-1.291668372920078689e-01 -1.254062435023824140e-01 -1.135290569765352031e-01 -1.097152653095360836e-01 -1.037723005358022060e-01 -9.410409757902127303e-02 -8.385741958547700270e-02 -7.588876248830071780e-02 -7.211814619662754167e-02 -6.166493708944741081e-02 -4.259265975885309641e-02 -3.868878443521916316e-02 -3.654086645174872000e-02 -2.620988731520314599e-02 -8.644750952867591778e-03 8.644750952867522389e-03 2.620988731520296558e-02 3.654086645174881021e-02 3.868878443521885785e-02 4.259265975885335315e-02 6.166493708944721652e-02 7.211814619662808290e-02 7.588876248830064841e-02 8.385741958547636432e-02 9.410409757902050976e-02 1.037723005358020950e-01 1.097152653095358615e-01 1.135290569765349117e-01 1.254062435023828859e-01 1.291668372920080632e-01
