-1.327772996824221896e-01 -1.314832526886309805e-01 -1.198873269031024980e-01 -1.188294635157312318e-01 -9.872706113433005193e-02 -9.636992392941050312e-02 -9.210144391255442597e-02 -8.817126611498735111e-02 -7.786558259095562040e-02 -6.691205216399585820e-02 -6.239915860726638619e-02 -5.872513610947301815e-02 -5.303695510348446079e-02 -2.811409049404164223e-02 -6.364351100693629512e-03 6.364351100693497673e-03 2.811409049404120508e-02 5.303695510348490488e-02 5.872513610947316387e-02 6.239915860726608088e-02 6.691205216399580269e-02 7.786558259095538448e-02 8.817126611498771194e-02 9.210144391255406515e-02 9.636992392941073904e-02 9.872706113433118991e-02 1.188294635157308571e-01 1.198873269031025257e-01 1.314832526886305364e-01 1.327772996824218288e-01
-1.327845997467057004e-01 -1.314761651228250894e-01 -1.198852712929159986e-01 -1.188294606826298117e-01 -9.873377966342404555e-02 -9.636829399215485203e-02 -9.210316943473159657e-02 -8.817229082869099122e-02 -7.786354519816650332e-02 -6.706725895867562959e-02 -6.239123247504084480e-02 -5.856631306433258272e-02 -5.302831744897438387e-02 -2.811153112856860578e-02 -6.357012547281770676e-03 6.357012547281819248e-03 2.811153112856823108e-02 5.302831744897475164e-02 5.856631306433263823e-02 6.239123247504200359e-02 6.706725895867572673e-02 7.786354519816628128e-02 8.817229082869101897e-02 9.210316943473151330e-02 9.636829399215553205e-02 9.873377966342454515e-02 1.188294606826295619e-01 1.198852712929150272e-01 1.314761651228246175e-01 1.327845997467056172e-01
-1.328062946136305822e-01 -1.314550791862830748e-01 -1.198791146179917499e-01 -1.188294521204669718e-01 -9.875385599415052729e-02 -9.636351492258590778e-02 -9.210834189043867748e-02 -8.817535527600993406e-02 -7.785748325948685378e-02 -6.749708974717251453e-02 -6.237278040829673936e-02 -5.812246732919388453e-02 -5.300025966641159353e-02 -2.810380128716332554e-02 -6.335000824516540466e-03 6.335000824516466740e-03 2.810380128716272879e-02 5.300025966641121883e-02 5.812246732919374576e-02 6.237278040829680875e-02 6.749708974717276433e-02 7.785748325948654847e-02 8.817535527600990630e-02 9.210834189043905218e-02 9.636351492258560247e-02 9.875385599415076321e-02 1.188294521204667498e-01 1.198791146179917222e-01 1.314550791862829082e-01 1.328062946136303601e-01
-1.328418206832616411e-01 -1.314204727337834611e-01 -1.198688871452520399e-01 -1.188294376376616557e-01 -9.878706157690685108e-02 -9.635590970446418491e-02 -9.211694886175392227e-02 -8.818043059685691520e-02 -7.784755314647076596e-02 -6.812413359656629974e-02 -6.235231708881617402e-02 -5.747005689512595106e-02 -5.294526251503425818e-02 -2.809074371019690958e-02 -6.298327717129696170e-03 6.298327717129502748e-03 2.809074371019731897e-02 5.294526251503400838e-02 5.747005689512581228e-02 6.235231708881657647e-02 6.812413359656645240e-02 7.784755314647022473e-02 8.818043059685698459e-02 9.211694886175386676e-02 9.635590970446512860e-02 9.878706157690705925e-02 1.188294376376621275e-01 1.198688871452521232e-01 1.314204727337830447e-01 1.328418206832618909e-01
-1.328903834095137571e-01 -1.313729972317491668e-01 -1.198546386619733506e-01 -1.188294169046441723e-01 -9.883304405533886727e-02 -9.634598798390693608e-02 -9.212896937485823279e-02 -8.818746942088757923e-02 -7.783403597896956794e-02 -6.887468666071305812e-02 -6.233385155324566718e-02 -5.669575925963604712e-02 -5.284640114610084094e-02 -2.807208942301099228e-02 -6.247012774178745120e-03 6.247012774178687007e-03 2.807208942301097146e-02 5.284640114610071604e-02 5.669575925963573487e-02 6.233385155324537574e-02 6.887468666071311363e-02 7.783403597897017856e-02 8.818746942088753760e-02 9.212896937485798299e-02 9.634598798390650587e-02 9.883304405533906156e-02 1.188294169046445053e-01 1.198546386619731979e-01 1.313729972317492500e-01 1.328903834095131742e-01
-1.329510961838331062e-01 -1.313133386036102190e-01 -1.198364375203450488e-01 -1.188293894374505416e-01 -9.889136335651310672e-02 -9.633440974123429201e-02 -9.214437351074618310e-02 -8.819640693512985352e-02 -7.781737494909102271e-02 -6.969570832300847618e-02 -6.231774392916060445e-02 -5.588785988872482097e-02 -5.266811826505021776e-02 -2.804744697191845562e-02 -6.181083171316431937e-03 6.181083171316310507e-03 2.804744697191848685e-02 5.266811826505016225e-02 5.588785988872432137e-02 6.231774392916071548e-02 6.969570832300801821e-02 7.781737494909148067e-02 8.819640693512950658e-02 9.214437351074603044e-02 9.633440974123450018e-02 9.889136335651257936e-02 1.188293894374503334e-01 1.198364375203446464e-01 1.313133386036105521e-01 1.329510961838327454e-01
-1.330230808902456430e-01 -1.312421162699195232e-01 -1.198143693596594173e-01 -1.188293545726220729e-01 -9.896153130810243781e-02 -9.632194516245584648e-02 -9.216312191444314683e-02 -8.820716232563116654e-02 -7.779824401070831175e-02 -7.055237787390501725e-02 -6.230319485802320034e-02 -5.514922095372430666e-02 -5.234315832714122457e-02 -2.801628642092034507e-02 -6.100573519495729180e-03 6.100573519495670199e-03 2.801628642092042834e-02 5.234315832714166866e-02 5.514922095372506994e-02 6.230319485802334606e-02 7.055237787390467030e-02 7.779824401070789541e-02 8.820716232563076409e-02 9.216312191444304969e-02 9.632194516245567995e-02 9.896153130810304843e-02 1.188293545726224476e-01 1.198143693596595005e-01 1.312421162699192734e-01 1.330230808902458650e-01
-1.331055153532993973e-01 -1.311598351433572174e-01 -1.197885355612102465e-01 -1.188293114308743570e-01 -9.904304846709824361e-02 -9.630943683951780077e-02 -9.218516525887715529e-02 -8.821964054262802779e-02 -7.777767449440346759e-02 -7.142180384185571607e-02 -6.228935637701821931e-02 -5.458762354249371840e-02 -5.178730336036140025e-02 -2.797791710243634905e-02 -6.005525622879637031e-03 6.005525622879707287e-03 2.797791710243617211e-02 5.178730336036192761e-02 5.458762354249394044e-02 6.228935637701799727e-02 7.142180384185575770e-02 7.777767449440281533e-02 8.821964054262856902e-02 9.218516525887716917e-02 9.630943683951762035e-02 9.904304846709838239e-02 1.188293114308743570e-01 1.197885355612105240e-01 1.311598351433575504e-01 1.331055153532998414e-01
-1.331976385470707014e-01 -1.310668796966862337e-01 -1.197590515008199047e-01 -1.188292588656018195e-01 -9.913543395810070491e-02 -9.629776825147030872e-02 -9.221044373788434001e-02 -8.823373432766602742e-02 -7.775729706550105202e-02 -7.228803960508574378e-02 -6.227558822624543189e-02 -5.423817359657664289e-02 -5.098148686118562922e-02 -2.793145772688265804e-02 -5.895988191494966162e-03 5.895988191495150910e-03 2.793145772688248804e-02 5.098148686118478962e-02 5.423817359657693432e-02 6.227558822624608414e-02 7.228803960508588256e-02 7.775729706550171816e-02 8.823373432766684621e-02 9.221044373788427062e-02 9.629776825147053076e-02 9.913543395810044123e-02 1.188292588656019166e-01 1.197590515008199324e-01 1.310668796966866223e-01 1.331976385470698965e-01
-1.332987320377500007e-01 -1.309635316281730633e-01 -1.197260446704803416e-01 -1.188291953902254755e-01 -9.923824650345103304e-02 -9.628784002641875561e-02 -9.223888668165168558e-02 -8.824932643222441198e-02 -7.773983030992151488e-02 -7.313863524320414478e-02 -6.226144906442509369e-02 -5.404323610262738026e-02 -4.999487275012639426e-02 -2.787579700396567578e-02 -5.772016518722250522e-03 5.772016518722378024e-03 2.787579700396600538e-02 4.999487275012651222e-02 5.404323610262773414e-02 6.226144906442524635e-02 7.313863524320406151e-02 7.773983030992213938e-02 8.824932643222434259e-02 9.223888668165174110e-02 9.628784002641818662e-02 9.923824650345047793e-02 1.188291953902251979e-01 1.197260446704797726e-01 1.309635316281727579e-01 1.332987320377500007e-01
-1.334080927192801413e-01 -1.308499960799982820e-01 -1.196896527444440278e-01 -1.188291190750337817e-01 -9.935109671189028269e-02 -9.628055352971288949e-02 -9.227041240605098060e-02 -8.826629195079396806e-02 -7.773013570772235870e-02 -7.396183168081661707e-02 -6.224664080954050299e-02 -5.393607529382494353e-02 -4.890308043151164741e-02 -2.780954242818183680e-02 -5.633672140970122887e-03 5.633672140970024007e-03 2.780954242818167721e-02 4.890308043151148781e-02 5.393607529382478394e-02 6.224664080954017686e-02 7.396183168081653381e-02 7.773013570772237257e-02 8.826629195079420398e-02 9.227041240605064754e-02 9.628055352971226499e-02 9.935109671188996350e-02 1.188291190750335596e-01 1.196896527444444025e-01 1.308499960799991979e-01 1.334080927192808630e-01
-1.335250057040174021e-01 -1.307264275876943438e-01 -1.196500216675653733e-01 -1.188290273988983625e-01 -9.947365179766161358e-02 -9.627680015283233972e-02 -9.230492842220644478e-02 -8.828450068701122755e-02 -7.773765427940802775e-02 -7.474309068592180361e-02 -6.223096066202177257e-02 -5.387708694992084796e-02 -4.775310986618756803e-02 -2.773095439551816546e-02 -5.481022507951323688e-03 5.481022507951001897e-03 2.773095439551781505e-02 4.775310986618704068e-02 5.387708694992062591e-02 6.223096066202125215e-02 7.474309068592063787e-02 7.773765427940793060e-02 8.828450068701171327e-02 9.230492842220669458e-02 9.627680015283204829e-02 9.947365179766137766e-02 1.188290273988983625e-01 1.196500216675651512e-01 1.307264275876941773e-01 1.335250057040177074e-01
-1.336487212847004835e-01 -1.305929519167081665e-01 -1.196073038468208893e-01 -1.188289170322331528e-01 -9.960563431354797770e-02 -9.627745421416777916e-02 -9.234233214048788441e-02 -8.830381946924953374e-02 -7.778218983634262174e-02 -7.545869222744192029e-02 -6.221426790264567713e-02 -5.384608470242204653e-02 -4.657180501730370098e-02 -2.763786251340072386e-02 -5.314140708596230486e-03 5.314140708596577431e-03 2.763786251340017569e-02 4.657180501730400629e-02 5.384608470242227551e-02 6.221426790264532325e-02 7.545869222744168436e-02 7.778218983634230255e-02 8.830381946924970027e-02 9.234233214048699623e-02 9.627745421416775140e-02 9.960563431354790831e-02 1.188289170322329585e-01 1.196073038468208061e-01 1.305929519167084440e-01 1.336487212847002892e-01
-1.337784369848027122e-01 -1.304496828806535891e-01 -1.195616565345721666e-01 -1.188287835121284164e-01 -9.974681643788499419e-02 -9.628336740381771008e-02 -9.238251219829488048e-02 -8.832411433184053640e-02 -7.790530175244195221e-02 -7.606396318536866319e-02 -6.219646234595767320e-02 -5.383264782351654398e-02 -4.537602802564594251e-02 -2.752756121182819635e-02 -5.133105322185311202e-03 5.133105322185366713e-03 2.752756121182774879e-02 4.537602802564637272e-02 5.383264782351766808e-02 6.219646234595753442e-02 7.606396318536781664e-02 7.790530175244272937e-02 8.832411433184091110e-02 9.238251219829485272e-02 9.628336740381691905e-02 9.974681643788452234e-02 1.188287835121284164e-01 1.195616565345733046e-01 1.304496828806541719e-01 1.337784369848030452e-01
-1.339132843830430353e-01 -1.302967346126368831e-01 -1.195132405108220303e-01 -1.188286207427502461e-01 -9.989701109372933763e-02 -9.629536299287672074e-02 -9.242535051684504233e-02 -8.834525247968169626e-02 -7.817118586671277514e-02 -7.649216153082670500e-02 -6.217747058805690730e-02 -5.383109045569092060e-02 -4.417808742494802599e-02 -2.739668331549208885e-02 -4.938000500170862742e-03 4.938000500170605135e-03 2.739668331549197089e-02 4.417808742494846314e-02 5.383109045569121898e-02 6.217747058805662974e-02 7.649216153082691316e-02 7.817118586671238656e-02 8.834525247968159911e-02 9.242535051684509784e-02 9.629536299287587420e-02 9.989701109372885190e-02 1.188286207427494967e-01 1.195132405108227103e-01 1.302967346126371051e-01 1.339132843830437292e-01
-1.340523199841602286e-01 -1.301342302256404404e-01 -1.194622192142301836e-01 -1.188284202019932873e-01 -1.000560608661693746e-01 -9.631422843927506250e-02 -9.247072514121215669e-02 -8.836710395754601710e-02 -7.860201058195434576e-02 -7.671899368605172853e-02 -6.215723721124671169e-02 -5.383812052899836220e-02 -4.298840809189394263e-02 -2.724105451606093770e-02 -4.728916436314179773e-03 4.728916436314364521e-03 2.724105451606102790e-02 4.298840809189409529e-02 5.383812052899798056e-02 6.215723721124651741e-02 7.671899368605182568e-02 7.860201058195386004e-02 8.836710395754571179e-02 9.247072514121215669e-02 9.631422843927467392e-02 1.000560608661697354e-01 1.188284202019930930e-01 1.194622192142303779e-01 1.301342302256408567e-01 1.340523199841608670e-01
-1.341945194397329566e-01 -1.299623078208263782e-01 -1.194087585647097549e-01 -1.188281696329873960e-01 -1.002238254153207525e-01 -9.634070548716612559e-02 -9.251851383474345158e-02 -8.838954295141673856e-02 -7.913443042201970257e-02 -7.680601076799400961e-02 -6.213571910437624968e-02 -5.385172784835727533e-02 -4.181692574645529820e-02 -2.705554111828391978e-02 -4.505950458071403611e-03 4.505950458071348967e-03 2.705554111828426325e-02 4.181692574645523575e-02 5.385172784835742105e-02 6.213571910437629131e-02 7.680601076799346838e-02 7.913443042202020217e-02 8.838954295141622508e-02 9.251851383474336832e-02 9.634070548716637539e-02 1.002238254153208774e-01 1.188281696329874515e-01 1.194087585647101574e-01 1.299623078208253790e-01 1.341945194397329288e-01
-1.343387746272113326e-01 -1.297811246540948871e-01 -1.193530279245197390e-01 -1.188278507863042843e-01 -1.004001678966393585e-01 -9.637547735484021383e-02 -9.256859828258211242e-02 -8.841244865875035053e-02 -7.969978254275998653e-02 -7.682035906841758188e-02 -6.211288175022849217e-02 -5.387062791113822469e-02 -4.067386995212030065e-02 -2.683392156395604869e-02 -4.269209080626279462e-03 4.269209080626219614e-03 2.683392156395634359e-02 4.067386995212175088e-02 5.387062791113725324e-02 6.211288175022815911e-02 7.682035906841792883e-02 7.969978254276047225e-02 8.841244865875071135e-02 9.256859828258298672e-02 9.637547735484040812e-02 1.004001678966382344e-01 1.188278507863046313e-01 1.193530279245204745e-01 1.297811246540947205e-01 1.343387746272109162e-01
-1.344838933356326260e-01 -1.295908600840979252e-01 -1.192952031093942600e-01 -1.188274353067169803e-01 -1.005849408025278335e-01 -9.641915313526881748e-02 -9.262086861727825138e-02 -8.843570567989307574e-02 -8.026115729385824293e-02 -7.679768171827823509e-02 -6.208869676931901699e-02 -5.389396777139842526e-02 -3.957018159759296411e-02 -2.656884266292607044e-02 -4.018811520538485317e-03 4.018811520538374295e-03 2.656884266292626820e-02 3.957018159759292247e-02 5.389396777139866812e-02 6.208869676931914189e-02 7.679768171827756895e-02 8.026115729385752129e-02 8.843570567989335329e-02 9.262086861727847342e-02 9.641915313526851217e-02 1.005849408025281111e-01 1.188274353067174383e-01 1.192952031093940241e-01 1.295908600840980363e-01 1.344838933356323207e-01
-1.346286015218669807e-01 -1.293917177547858621e-01 -1.192354734883201983e-01 -1.188268767251327157e-01 -1.007779716174776324e-01 -9.647225008433220339e-02 -9.267522783190269842e-02 -8.845920390668848832e-02 -8.080112855061162558e-02 -7.675437785823771564e-02 -6.206314027827607854e-02 -5.392116220879279026e-02 -3.851760230591344536e-02 -2.625196357662642685e-02 -3.754895388450169447e-03 3.754895388450029368e-03 2.625196357662545540e-02 3.851760230591301515e-02 5.392116220879243638e-02 6.206314027827555813e-02 7.675437785823807646e-02 8.080112855061169497e-02 8.845920390668818301e-02 9.267522783190251801e-02 9.647225008433175930e-02 1.007779716174775353e-01 1.188268767251321467e-01 1.192354734883201706e-01 1.293917177547859731e-01 1.346286015218666754e-01
-1.347715482670574227e-01 -1.291839273294778656e-01 -1.191740582004985338e-01 -1.188260935219498104e-01 -1.009790487123096853e-01 -9.653517501027700232e-02 -9.273159552511124615e-02 -8.848283792049477237e-02 -8.131097133252440656e-02 -7.669838599715970984e-02 -6.203619178485679508e-02 -5.395179815684807145e-02 -3.752836190990154613e-02 -2.587442964357557565e-02 -3.477625597087182462e-03 3.477625597087300423e-03 2.587442964357553749e-02 3.752836190990226084e-02 5.395179815684773839e-02 6.203619178485639957e-02 7.669838599716026495e-02 8.131097133252429554e-02 8.848283792049509155e-02 9.273159552511087145e-02 9.653517501027629455e-02 1.009790487123099212e-01 1.188260935219499076e-01 1.191740582004985338e-01 1.291839273294782264e-01 1.347715482670566178e-01
-1.349113136692896842e-01 -1.289677459917498159e-01 -1.191112454259850295e-01 -1.188249293168922860e-01 -1.011879079659468300e-01 -9.660820643849427070e-02 -9.278991036890060773e-02 -8.850650596339498799e-02 -8.178593139643101917e-02 -7.663392217520416383e-02 -6.200783344227817073e-02 -5.398557663203638890e-02 -3.661436360283642361e-02 -2.542781195646624456e-02 -3.187207969430046282e-03 3.187207969429732297e-03 2.542781195646604681e-02 3.661436360283637503e-02 5.398557663203602808e-02 6.200783344227731031e-02 7.663392217520398342e-02 8.178593139643053345e-02 8.850650596339443288e-02 9.278991036890070487e-02 9.660820643849470091e-02 1.011879079659469133e-01 1.188249293168921472e-01 1.191112454259846826e-01 1.289677459917502600e-01 1.349113136692890458e-01
-1.350464199498178364e-01 -1.287434598553665321e-01 -1.190474994199156589e-01 -1.188230454654571472e-01 -1.014042206677950447e-01 -9.669147951920534223e-02 -9.285013074212677964e-02 -8.853010861452012548e-02 -8.222327375049678921e-02 -7.656344183506133549e-02 -6.197804954786398368e-02 -5.402227615937683913e-02 -3.578586841975497923e-02 -2.490553109445881388e-02 -2.883909662060117705e-03 2.883909662059770326e-03 2.490553109445915389e-02 3.578586841975425759e-02 5.402227615937588157e-02 6.197804954786408083e-02 7.656344183506158529e-02 8.222327375049723330e-02 8.853010861451991731e-02 9.285013074212679351e-02 9.669147951920464834e-02 1.014042206677951002e-01 1.188230454654570500e-01 1.190474994199156589e-01 1.287434598553668930e-01 1.350464199498176421e-01
-1.351753460210578794e-01 -1.285113853743033163e-01 -1.189838074292698389e-01 -1.188195739326147332e-01 -1.016275832927040212e-01 -9.678497568070532076e-02 -9.291223315295424334e-02 -8.855354738375563473e-02 -8.262143266098237460e-02 -7.648849900439055882e-02 -6.194682621024060615e-02 -5.406172899326516096e-02 -3.504993289110720084e-02 -2.430452370058244424e-02 -2.568089393048739785e-03 2.568089393049043795e-03 2.430452370058283629e-02 3.504993289110717308e-02 5.406172899326476544e-02 6.194682621024082125e-02 7.648849900439054494e-02 8.262143266098209704e-02 8.855354738375491308e-02 9.291223315295435436e-02 9.678497568070443258e-02 1.016275832927041878e-01 1.188195739326150246e-01 1.189838074292701164e-01 1.285113853743034551e-01 1.351753460210581570e-01
-1.352965456604506567e-01 -1.282718708081442283e-01 -1.189230563052474376e-01 -1.188117406211433441e-01 -1.018575097291848086e-01 -9.688851874558447597e-02 -9.297620837107710423e-02 -8.857672351469642047e-02 -8.297961074073598176e-02 -7.641015172875575967e-02 -6.191415113425371292e-02 -5.410380521284059024e-02 -3.440913732290044880e-02 -2.362662332122313080e-02 -2.240241654222511255e-03 2.240241654222541179e-03 2.362662332122324529e-02 3.440913732289997695e-02 5.410380521284081923e-02 6.191415113425315780e-02 7.641015172875531558e-02 8.297961074073599563e-02 8.857672351469719763e-02 9.297620837107663239e-02 9.688851874558467026e-02 1.018575097291838372e-01 1.188117406211437188e-01 1.189230563052477430e-01 1.282718708081442283e-01 1.352965456604509897e-01
-1.354084692532782075e-01 -1.280252977730862718e-01 -1.188749375405294822e-01 -1.187899604176911594e-01 -1.020934264632577526e-01 -9.700177861989288386e-02 -9.304205555732002197e-02 -8.859953734413095194e-02 -8.329757064058217197e-02 -7.632916731826333567e-02 -6.188001348903440085e-02 -5.414840180983910428e-02 -3.386118603829723489e-02 -2.287908137878028395e-02 -1.901060660522881389e-03 1.901060660522864909e-03 2.287908137878017292e-02 3.386118603829620793e-02 5.414840180983933327e-02 6.188001348903420656e-02 7.632916731826352996e-02 8.329757064058282423e-02 8.859953734413139603e-02 9.304205555731930033e-02 9.700177861989334183e-02 1.020934264632575722e-01 1.187899604176912566e-01 1.188749375405295100e-01 1.280252977730858832e-01 1.354084692532788181e-01
-1.355095888146450323e-01 -1.277720828903655959e-01 -1.188516659739779352e-01 -1.187421187091571989e-01 -1.023346710698153222e-01 -9.712428281173951516e-02 -9.310977503418391144e-02 -8.862188856448971475e-02 -8.357551188104533901e-02 -7.624613280535331994e-02 -6.184440383522267493e-02 -5.419543502727960232e-02 -3.339960005646682578e-02 -2.207401439283656480e-02 -1.551531764724351642e-03 1.551531764724705092e-03 2.207401439283649194e-02 3.339960005646600699e-02 5.419543502727995621e-02 6.184440383522246676e-02 7.624613280535319504e-02 8.357551188104457573e-02 8.862188856449036700e-02 9.310977503418373102e-02 9.712428281173944578e-02 1.023346710698153222e-01 1.187421187091565328e-01 1.188516659739780601e-01 1.277720828903667061e-01 1.355095888146447269e-01
-1.355984256917984743e-01 -1.275126795294197202e-01 -1.188432708319487746e-01 -1.186782806990385047e-01 -1.025804941498857509e-01 -9.725543508281137006e-02 -9.317936059698062046e-02 -8.864367764774155889e-02 -8.381398495214008315e-02 -7.616151756191877342e-02 -6.180731409446577757e-02 -5.424483486666065168e-02 -3.301518247477584073e-02 -2.122710359750305115e-02 -1.193060323984251880e-03 1.193060323984571720e-03 2.122710359750292972e-02 3.301518247477550072e-02 5.424483486666051985e-02 6.180731409446574981e-02 7.616151756191789912e-02 8.381398495214002764e-02 8.864367764774136460e-02 9.317936059697957962e-02 9.725543508281138394e-02 1.025804941498856815e-01 1.186782806990384076e-01 1.188432708319486636e-01 1.275126795294194704e-01 1.355984256917983910e-01
-1.356735800122269853e-01 -1.272475796302967310e-01 -1.188396126763316407e-01 -1.186086749568261850e-01 -1.028300645994437712e-01 -9.739453966694437692e-02 -9.325079235274046086e-02 -8.866480850025583449e-02 -8.401382077440433527e-02 -7.607571038586474765e-02 -6.176873754915840342e-02 -5.429654107403313751e-02 -3.269764806160400938e-02 -2.035616145251466919e-02 -8.276500833946342757e-04 8.276500833946754754e-04 2.035616145251495021e-02 3.269764806160400245e-02 5.429654107403350527e-02 6.176873754915832709e-02 7.607571038586474765e-02 8.401382077440468221e-02 8.866480850025615368e-02 9.325079235274057188e-02 9.739453966694447407e-02 1.028300645994435214e-01 1.186086749568268789e-01 1.188396126763318905e-01 1.272475796302965922e-01 1.356735800122276792e-01
-1.357337606237656036e-01 -1.269773155771544704e-01 -1.188376515634643471e-01 -1.185364259045258856e-01 -1.030824778372994577e-01 -9.754082887369820709e-02 -9.332403096922470276e-02 -8.868519214946589402e-02 -8.417606602054902853e-02 -7.598904228669561833e-02 -6.172866886366115691e-02 -5.435050015552689989e-02 -3.243692588189548559e-02 -1.948006042727335255e-02 -4.581438336696268157e-04 4.581438336694143121e-04 1.948006042727343928e-02 3.243692588189529130e-02 5.435050015552694153e-02 6.172866886366037281e-02 7.598904228669506322e-02 8.417606602054832077e-02 8.868519214946585238e-02 9.332403096922420316e-02 9.754082887369763810e-02 1.030824778372992911e-01 1.185364259045258301e-01 1.188376515634645275e-01 1.269773155771545814e-01 1.357337606237659644e-01
-1.357778140235461617e-01 -1.267024620807474800e-01 -1.188364492646865750e-01 -1.184625524032952987e-01 -1.033367663940815140e-01 -9.769349163963315930e-02 -9.339901394918274924e-02 -8.870475097812453857e-02 -8.430192117663053153e-02 -7.590180091393483597e-02 -6.168710412062543280e-02 -5.440666312342512523e-02 -3.222395300130900114e-02 -1.861820466800315904e-02 -8.853571822934775955e-05 8.853571822976842999e-05 1.861820466800364476e-02 3.222395300130950768e-02 5.440666312342579136e-02 6.168710412062530790e-02 7.590180091393547435e-02 8.430192117663040663e-02 8.870475097812484389e-02 9.339901394918279087e-02 9.769349163963314542e-02 1.033367663940815973e-01 1.184625524032948546e-01 1.188364492646865472e-01 1.267024620807473134e-01 1.357778140235458841e-01
-1.358047506470945742e-01 -1.264236380118241299e-01 -1.188356449066856335e-01 -1.183874931016971332e-01 -1.035919121044966418e-01 -9.785170071422071014e-02 -9.347565418767145307e-02 -8.872342281273662423e-02 -8.439268153089110602e-02 -7.581423991459851353e-02 -6.164404086770751412e-02 -5.446498377029425353e-02 -3.205101951435374019e-02 -1.779046905902367109e-02 -2.756482092006525431e-04 2.756482092011159311e-04 1.779046905902374048e-02 3.205101951435337937e-02 5.446498377029433680e-02 6.164404086770790270e-02 7.581423991459816658e-02 8.439268153089073132e-02 8.872342281273724873e-02 9.347565418767166123e-02 9.785170071421969706e-02 1.035919121044965585e-01 1.183874931016978271e-01 1.188356449066859943e-01 1.264236380118234637e-01 1.358047506470941024e-01
-1.358137669302200146e-01 -1.261415081083663847e-01 -1.188350735646713507e-01 -1.183114890380003309e-01 -1.038468590727653212e-01 -9.801463660369545694e-02 -9.355384071104230759e-02 -8.874116412379673413e-02 -8.444968276481124025e-02 -7.572658510583830938e-02 -6.159947817120898367e-02 -5.452541733157834081e-02 -3.191181721737607058e-02 -1.701740777238022057e-02 -6.269359151581430740e-04 6.269359151582214618e-04 1.701740777238010260e-02 3.191181721737640364e-02 5.452541733157799386e-02 6.159947817120930286e-02 7.572658510583896163e-02 8.444968276481117087e-02 8.874116412379674801e-02 9.355384071104257127e-02 9.801463660369526265e-02 1.038468590727651131e-01 1.183114890380004836e-01 1.188350735646713369e-01 1.261415081083657741e-01 1.358137669302200146e-01
-1.358042617832840859e-01 -1.258567844573392491e-01 -1.188346499003461454e-01 -1.182347014354722253e-01 -1.041005266026207299e-01 -9.818150702045055911e-02 -9.363344121117365970e-02 -8.875795174172113056e-02 -8.447425312176291834e-02 -7.563903857970992461e-02 -6.155341667416496659e-02 -5.458791943894811260e-02 -3.180133411701244889e-02 -1.632048664281827988e-02 -9.555588558386180886e-04 9.555588558386387968e-04 1.632048664281809947e-02 3.180133411701233787e-02 5.458791943894837628e-02 6.155341667416549395e-02 7.563903857971046585e-02 8.447425312176286283e-02 8.875795174172101953e-02 9.363344121117424257e-02 9.818150702045062850e-02 1.041005266026209242e-01 1.182347014354721559e-01 1.188346499003464507e-01 1.258567844573395822e-01 1.358042617832834476e-01
-1.357758465157071770e-01 -1.255702276257619487e-01 -1.188343255230516066e-01 -1.181572560472312627e-01 -1.043518213896712787e-01 -9.835156125782572312e-02 -9.371430582116496710e-02 -8.877378279595837807e-02 -8.446767368998618630e-02 -7.555178141765719890e-02 -6.150585865715939293e-02 -5.465244529485457914e-02 -3.171569177614290413e-02 -1.572204707688961908e-02 -1.249362742362934752e-03 1.249362742363034065e-03 1.572204707688956357e-02 3.171569177614298740e-02 5.465244529485517588e-02 6.150585865715951783e-02 7.555178141765812871e-02 8.446767368998649161e-02 8.877378279595855848e-02 9.371430582116418995e-02 9.835156125782563985e-02 1.043518213896712371e-01 1.181572560472320538e-01 1.188343255230521756e-01 1.255702276257616434e-01 1.357758465157079819e-01
-1.357283477697061314e-01 -1.252826472870190166e-01 -1.188340710092513908e-01 -1.180792631520537900e-01 -1.045996484450774228e-01 -9.852409951204747773e-02 -9.379627153522712701e-02 -8.878867294869022264e-02 -8.443114754127463428e-02 -7.546497543187570545e-02 -6.145680810081600998e-02 -5.471894901806045874e-02 -3.165198002366874375e-02 -1.524464970209927182e-02 -1.494292640669346930e-03 1.494292640669167387e-03 1.524464970209939499e-02 3.165198002366836211e-02 5.471894901806095834e-02 6.145680810081618345e-02 7.546497543187528911e-02 8.443114754127502286e-02 8.878867294869013937e-02 9.379627153522757110e-02 9.852409951204735283e-02 1.045996484450772840e-01 1.180792631520547337e-01 1.188340710092515573e-01 1.252826472870189334e-01 1.357283477697054097e-01
-1.356618035919987530e-01 -1.249949021573009272e-01 -1.188338674589936167e-01 -1.180008283563671184e-01 -1.048429204291521505e-01 -9.869847762956267256e-02 -9.387916673254481648e-02 -8.880265330593643813e-02 -8.436577763273836461e-02 -7.537876418987540794e-02 -6.140627074951806458e-02 -5.478738312321190101e-02 -3.160811490861615419e-02 -1.490946147110213359e-02 -1.675794230806983533e-03 1.675794230807018661e-03 1.490946147110236430e-02 3.160811490861623746e-02 5.478738312321242143e-02 6.140627074951858499e-02 7.537876418987490834e-02 8.436577763273818420e-02 8.880265330593579975e-02 9.387916673254435851e-02 9.869847762956246440e-02 1.048429204291519978e-01 1.180008283563670907e-01 1.188338674589935196e-01 1.249949021573007607e-01 1.356618035919989196e-01
-1.355764533070855926e-01 -1.247078990260029191e-01 -1.188337021822613443e-01 -1.179220596341179345e-01 -1.050805652959239528e-01 -9.887410804146917753e-02 -9.396281538386583310e-02 -8.881576656711405449e-02 -8.427255272317388246e-02 -7.529327347435321727e-02 -6.135425417646334784e-02 -5.485769810679116953e-02 -3.158272977141202142e-02 -1.473362615445318081e-02 -1.781226385151513016e-03 1.781226385151786452e-03 1.473362615445346531e-02 3.158272977141247939e-02 5.485769810679182873e-02 6.135425417646324375e-02 7.529327347435299522e-02 8.427255272317460411e-02 8.881576656711456796e-02 9.396281538386483390e-02 9.887410804146984367e-02 1.050805652959238834e-01 1.179220596341178789e-01 1.188337021822616635e-01 1.247078990260037240e-01 1.355764533070858147e-01
-1.354727222813684462e-01 -1.244225906361143968e-01 -1.188335663411446558e-01 -1.178430727841811437e-01 -1.053115323629657679e-01 -9.905045776829680959e-02 -9.404704066153971032e-02 -8.882806299672932338e-02 -8.415234017523266774e-02 -7.520861125818750770e-02 -6.130076785075974644e-02 -5.492984211820355067e-02 -3.157510174756483767e-02 -1.472720137934257524e-02 -1.802750166047278457e-03 1.802750166047225547e-03 1.472720137934242432e-02 3.157510174756472665e-02 5.492984211820362006e-02 6.130076785075997542e-02 7.520861125818781301e-02 8.415234017523293142e-02 8.882806299672890704e-02 9.404704066153928010e-02 9.905045776829596305e-02 1.053115323629657957e-01 1.178430727841805747e-01 1.188335663411440452e-01 1.244225906361144246e-01 1.354727222813679188e-01
-1.353512029351873480e-01 -1.241399721508010673e-01 -1.188334535877181020e-01 -1.177639962386606981e-01 -1.055347971096116666e-01 -9.922704437203322403e-02 -9.413166780810749978e-02 -8.883959670007171572e-02 -8.400588440469596019e-02 -7.512486721922365107e-02 -6.124582320785990769e-02 -5.500376069922208871e-02 -3.158511330258139543e-02 -1.489092152405013629e-02 -1.739478945460426777e-03 1.739478945459948210e-03 1.489092152404977373e-02 3.158511330258222116e-02 5.500376069922221361e-02 6.124582320786045586e-02 7.512486721922273514e-02 8.400588440469516915e-02 8.883959670007199327e-02 9.413166780810758305e-02 9.922704437203404282e-02 1.055347971096112780e-01 1.177639962386605038e-01 1.188334535877177689e-01 1.241399721508017473e-01 1.353512029351874868e-01
-1.352126334538091557e-01 -1.238610759370990799e-01 -1.188333592399739985e-01 -1.176849756034014233e-01 -1.057493651617869429e-01 -9.940343064082653168e-02 -9.421652622737691773e-02 -8.885042251742358843e-02 -8.383380983238898632e-02 -7.504211177141756339e-02 -6.118943372532184566e-02 -5.507939657803287425e-02 -3.161324816255630527e-02 -1.521598902621776675e-02 -1.597711438451552982e-03 1.597711438451430684e-03 1.521598902621744062e-02 3.161324816255609016e-02 5.507939657803272854e-02 6.118943372532187341e-02 7.504211177141729971e-02 8.383380983238858386e-02 8.885042251742304720e-02 9.421652622737657079e-02 9.940343064082633739e-02 1.057493651617868874e-01 1.176849756034018951e-01 1.188333592399744704e-01 1.238610759370985664e-01 1.352126334538086561e-01
-1.350578755842609668e-01 -1.235869644146708607e-01 -1.188332797633742527e-01 -1.176061780166972742e-01 -1.059542760380736970e-01 -9.957921865495084068e-02 -9.430145083861452004e-02 -8.886059367689007338e-02 -8.363662740917207628e-02 -7.496039454043861017e-02 -6.113161500665012515e-02 -5.515668950604372955e-02 -3.166062185018294478e-02 -1.568602450734973841e-02 -1.389113175130738667e-03 1.389113175130518574e-03 1.568602450734946085e-02 3.166062185018329173e-02 5.515668950604274423e-02 6.113161500664935494e-02 7.496039454043826322e-02 8.363662740917222893e-02 8.886059367688961541e-02 9.430145083861529720e-02 9.957921865495036884e-02 1.059542760380740994e-01 1.176061780166965803e-01 1.188332797633743082e-01 1.235869644146715407e-01 1.350578755842617162e-01
-1.348878927210725165e-01 -1.233187207656742806e-01 -1.188332124335288037e-01 -1.175277962123415648e-01 -1.061486073065006086e-01 -9.975404373232424349e-02 -9.438628278040360475e-02 -8.887016020431857954e-02 -8.341474405078448673e-02 -7.487974215546543133e-02 -6.107238487688257389e-02 -5.523557612673560963e-02 -3.172904805079348328e-02 -1.628010947099728725e-02 -1.127881273662386871e-03 1.127881273662369524e-03 1.628010947099721092e-02 3.172904805079362900e-02 5.523557612673562350e-02 6.107238487688225470e-02 7.487974215546566725e-02 8.341474405078534715e-02 8.887016020431860730e-02 9.438628278040364639e-02 9.975404373232422961e-02 1.061486073065007474e-01 1.175277962123411901e-01 1.188332124335291784e-01 1.233187207656733092e-01 1.348878927210726830e-01
-1.347037292289167687e-01 -1.230574373887867307e-01 -1.188331551102286832e-01 -1.174500520075887622e-01 -1.063314798307693626e-01 -9.992756860905908922e-02 -9.447086957177845690e-02 -8.887916799654312083e-02 -8.316847459539418452e-02 -7.480015515635150825e-02 -6.101176349470380234e-02 -5.531598986626006659e-02 -3.182114235237459149e-02 -1.697558639817993431e-02 -8.281793132398140378e-04 8.281793132397039913e-04 1.697558639817983370e-02 3.182114235237451516e-02 5.531598986625952535e-02 6.101176349470307375e-02 7.480015515635170253e-02 8.316847459539362941e-02 8.887916799654330124e-02 9.447086957177881772e-02 9.992756860905949168e-02 1.063314798307694320e-01 1.174500520075885263e-01 1.188331551102282807e-01 1.230574373887858008e-01 1.347037292289170740e-01
-1.345064916715316417e-01 -1.228042021111750981e-01 -1.188331060821643664e-01 -1.173731987869410798e-01 -1.065020647620297939e-01 -1.000994780874445572e-01 -9.455506484170340953e-02 -8.888765841988449656e-02 -8.289805616924818266e-02 -7.472160371491971820e-02 -6.094977348719843313e-02 -5.539786083522128812e-02 -3.194046324918491803e-02 -1.774987927667378423e-02 -5.025292573171568798e-04 5.025292573172769010e-04 1.774987927667380852e-02 3.194046324918489027e-02 5.539786083522169058e-02 6.094977348719802374e-02 7.472160371491963493e-02 8.289805616924850185e-02 8.888765841988512106e-02 9.455506484170277115e-02 1.000994780874440299e-01 1.065020647620284200e-01 1.173731987869405385e-01 1.188331060821635893e-01 1.228042021111744320e-01 1.345064916715311976e-01
-1.342973323520716966e-01 -1.225600823451204469e-01 -1.188330639578551035e-01 -1.172975224251713855e-01 -1.066595928477311189e-01 -1.002694742850568366e-01 -9.463872773049127052e-02 -8.889566828807933530e-02 -8.260366512515336657e-02 -7.464402172366804700e-02 -6.088644011512898274e-02 -5.548111573032304955e-02 -3.209168444571892931e-02 -1.858129597514313405e-02 -1.611631861115338737e-04 1.611631861116328613e-04 1.858129597514340814e-02 3.209168444571811746e-02 5.548111573032397936e-02 6.088644011512928805e-02 7.464402172366765842e-02 8.260366512515239512e-02 8.889566828807872467e-02 9.463872773049093745e-02 1.002694742850571835e-01 1.066595928477309385e-01 1.172975224251715937e-01 1.188330639578546039e-01 1.225600823451193505e-01 1.342973323520708917e-01
-1.340774353454526058e-01 -1.223261075800559372e-01 -1.188330275876207098e-01 -1.172233400107354911e-01 -1.068033664708810809e-01 -1.004372725445267789e-01 -9.472172205383087851e-02 -8.890323008861727994e-02 -8.228543703477810001e-02 -7.456729858737223826e-02 -6.082179147878356840e-02 -5.556567772298116881e-02 -3.228077875732105612e-02 -1.944912396170392008e-02 -1.879840735413260046e-04 1.879840735414631833e-04 1.944912396170432600e-02 3.228077875732029284e-02 5.556567772298125901e-02 6.082179147878404024e-02 7.456729858737212724e-02 8.228543703477797511e-02 8.890323008861679421e-02 9.472172205383064258e-02 1.004372725445279169e-01 1.068033664708807756e-01 1.172233400107348666e-01 1.188330275876203629e-01 1.223261075800561454e-01 1.340774353454528001e-01
-1.338480050302244262e-01 -1.221032508128292171e-01 -1.188329960070169528e-01 -1.171509957293446341e-01 -1.069327745902002580e-01 -1.006025980110047541e-01 -9.480391530542457701e-02 -8.891037235190929477e-02 -8.194349062018936591e-02 -7.449126771876748987e-02 -6.075585877740120877e-02 -5.565146631974637187e-02 -3.251516722125689235e-02 -2.033338197733979349e-02 -5.389693905744169207e-04 5.389693905744886949e-04 2.033338197734000860e-02 3.251516722125684378e-02 5.565146631974667024e-02 6.075585877740104224e-02 7.449126771876715680e-02 8.194349062018919938e-02 8.891037235191036336e-02 9.480391530542425782e-02 1.006025980110039769e-01 1.069327745902012294e-01 1.171509957293447590e-01 1.188329960070168279e-01 1.221032508128297445e-01 1.338480050302253976e-01
-1.336102570076815876e-01 -1.218924097042585197e-01 -1.188329683955873656e-01 -1.170808533871385421e-01 -1.070473104208237020e-01 -1.007651828499050023e-01 -9.488517756021867811e-02 -8.891712008524729760e-02 -8.157795708401102686e-02 -7.441569021460188449e-02 -6.068867663901971604e-02 -5.573839717601865307e-02 -3.280374352835784685e-02 -2.121453705833067915e-02 -8.874418604625445217e-04 8.874418604624220068e-04 2.121453705833071038e-02 3.280374352835814522e-02 5.573839717601879185e-02 6.068867663901982012e-02 7.441569021460209266e-02 8.157795708401116563e-02 8.891712008524814415e-02 9.488517756021898342e-02 1.007651828499050994e-01 1.070473104208239656e-01 1.170808533871395690e-01 1.188329683955875182e-01 1.218924097042586724e-01 1.336102570076824758e-01
-1.333654112235984068e-01 -1.216943883668182014e-01 -1.188329440469574477e-01 -1.170132853258238209e-01 -1.071465912868217601e-01 -1.009247640567981219e-01 -9.496538032814444419e-02 -8.892349521836664938e-02 -8.118901717413630481e-02 -7.434023134709540070e-02 -6.062028354283473947e-02 -5.582638183980695445e-02 -3.315662933953976432e-02 -2.207345208995650093e-02 -1.230262029205759968e-03 1.230262029205823286e-03 2.207345208995675073e-02 3.315662933953985453e-02 5.582638183980732915e-02 6.062028354283448967e-02 7.434023134709533132e-02 8.118901717413624930e-02 8.892349521836724613e-02 9.496538032814405561e-02 1.009247640567977888e-01 1.071465912868221904e-01 1.170132853258238625e-01 1.188329440469578224e-01 1.216943883668187565e-01 1.333654112235972133e-01
-1.331146870737329457e-01 -1.215098806972573775e-01 -1.188329223477332108e-01 -1.169486579158027784e-01 -1.072303796233562562e-01 -1.010810818007251977e-01 -9.504439539869914688e-02 -8.892951702752044385e-02 -8.077694972229218506e-02 -7.426442612969985646e-02 -6.055072236334600733e-02 -5.591532739566792976e-02 -3.358448259079351711e-02 -2.289179694930656636e-02 -1.565183411894628153e-03 1.565183411894737007e-03 2.289179694930652820e-02 3.358448259079332976e-02 5.591532739566838772e-02 6.055072236334629182e-02 7.426442612969963442e-02 8.077694972229233772e-02 8.892951702752047161e-02 9.504439539870045139e-02 1.010810818007256279e-01 1.072303796233565476e-01 1.169486579158032502e-01 1.188329223477330582e-01 1.215098806972577244e-01 1.331146870737329735e-01
-1.328593002673663093e-01 -1.213394560454540555e-01 -1.188329027635314367e-01 -1.168873143734602688e-01 -1.072986036652440189e-01 -1.012338782386527913e-01 -9.512209370967210365e-02 -8.893520251982579838e-02 -8.034219771556640188e-02 -7.418762792166118392e-02 -6.048004107553760916e-02 -5.600513596956231688e-02 -3.409724019598622813e-02 -2.365306148824076332e-02 -1.890604036154343564e-03 1.890604036154267887e-03 2.365306148824052740e-02 3.409724019598692896e-02 5.600513596956258056e-02 6.048004107553729691e-02 7.418762792166133657e-02 8.034219771556588841e-02 8.893520251982688085e-02 9.512209370967189548e-02 1.012338782386541097e-01 1.072986036652439357e-01 1.168873143734597414e-01 1.188329027635304513e-01 1.213394560454536669e-01 1.328593002673650325e-01
-1.326004612334895638e-01 -1.211835477615191975e-01 -1.188328848310127583e-01 -1.168295562503788299e-01 -1.073513760100084508e-01 -1.013828967396902675e-01 -9.519834426864738630e-02 -8.894056677000541922e-02 -7.988546188071568577e-02 -7.410893014460523398e-02 -6.040829367440003761e-02 -5.609570404203604449e-02 -3.470240631804243081e-02 -2.434406220366887308e-02 -2.205380486934558053e-03 2.205380486934153429e-03 2.434406220366893206e-02 3.470240631804198672e-02 5.609570404203548244e-02 6.040829367439950331e-02 7.410893014460454009e-02 7.988546188071629639e-02 8.894056677000561351e-02 9.519834426864819121e-02 1.013828967396904895e-01 1.073513760100081593e-01 1.168295562503777196e-01 1.188328848310124530e-01 1.211835477615184342e-01 1.326004612334897026e-01
-1.323393748729315145e-01 -1.210424448262467506e-01 -1.188328681549762900e-01 -1.167756254563662305e-01 -1.073890080757339965e-01 -1.015278814613264358e-01 -9.527301315332210863e-02 -8.894562320821788881e-02 -7.940783847991000899e-02 -7.402704450648678325e-02 -6.033554138216686014e-02 -5.618692149791677110e-02 -3.540335865870015974e-02 -2.495646645015040660e-02 -2.508692351524182459e-03 2.508692351524378483e-03 2.495646645014996251e-02 3.540335865870065934e-02 5.618692149791740947e-02 6.033554138216680462e-02 7.402704450648708856e-02 7.940783847991027267e-02 8.894562320821773616e-02 9.527301315332187270e-02 1.015278814613255198e-01 1.073890080757344129e-01 1.167756254563664248e-01 1.188328681549761651e-01 1.210424448262464592e-01 1.323393748729308206e-01
-1.320772414796085314e-01 -1.209162864151955147e-01 -1.188328524094328376e-01 -1.167256889592601377e-01 -1.074120185623988338e-01 -1.016685772249542180e-01 -9.534596261569384945e-02 -8.895038386165084188e-02 -7.891102954548458170e-02 -7.394010766086811515e-02 -6.026185424567895299e-02 -5.627867031273194737e-02 -3.619837227599295715e-02 -2.548762892324371587e-02 -2.799945134393522651e-03 2.799945134393330964e-03 2.548762892324381302e-02 3.619837227599279755e-02 5.627867031273247472e-02 6.026185424567851584e-02 7.394010766086767106e-02 7.891102954548426252e-02 8.895038386165077249e-02 9.534596261569369680e-02 1.016685772249538849e-01 1.074120185623988338e-01 1.167256889592601099e-01 1.188328524094327543e-01 1.209162864151962918e-01 1.320772414796080596e-01
-1.318152586693502049e-01 -1.208050589571270234e-01 -1.188328373412403521e-01 -1.166798282337952047e-01 -1.074211344044451871e-01 -1.018047296434825139e-01 -9.541705031553499028e-02 -8.895485955452864246e-02 -7.839767308571592153e-02 -7.384536901967607425e-02 -6.018731326885409794e-02 -5.637082273465809229e-02 -3.708083801072250413e-02 -2.594025743151404453e-02 -3.078701588262031195e-03 3.078701588261964408e-03 2.594025743151378779e-02 3.708083801072269842e-02 5.637082273465789106e-02 6.018731326885443100e-02 7.384536901967569955e-02 7.839767308571628235e-02 8.895485955452807347e-02 9.541705031553429639e-02 1.018047296434827914e-01 1.074211344044451732e-01 1.166798282337946496e-01 1.188328373412402134e-01 1.208050589571272038e-01 1.318152586693508155e-01
-1.315546241609715228e-01 -1.207085950956371945e-01 -1.188328227743268573e-01 -1.166380350632231083e-01 -1.074172833460544374e-01 -1.019360854593146931e-01 -9.548612870969591659e-02 -8.895906007202702970e-02 -7.787187036844739341e-02 -7.373868300796226904e-02 -6.011201328858490484e-02 -5.646323875874671716e-02 -3.804054733769046681e-02 -2.632103075384205695e-02 -3.344633603745728392e-03 3.344633603745369738e-03 2.632103075384228247e-02 3.804054733769064028e-02 5.646323875874720288e-02 6.011201328858556403e-02 7.373868300796239394e-02 7.787187036844672727e-02 8.895906007202777910e-02 9.548612870969613864e-02 1.019360854593143323e-01 1.074172833460543958e-01 1.166380350632232749e-01 1.188328227743269544e-01 1.207085950956368336e-01 1.315546241609711897e-01
-1.312965392474926274e-01 -1.206265739865361175e-01 -1.188328086120759297e-01 -1.166002144852961997e-01 -1.074015780868336767e-01 -1.020623930562058468e-01 -9.555304462540829824e-02 -8.896299429360640665e-02 -7.734002036013204462e-02 -7.361369630003235243e-02 -6.003606689788470313e-02 -5.655576259557272556e-02 -3.906542200346277416e-02 -2.663878543216070122e-02 -3.597488769393092888e-03 3.597488769392974493e-03 2.663878543216040631e-02 3.906542200346239252e-02 5.655576259557318353e-02 6.003606689788482109e-02 7.361369630003221365e-02 7.734002036013179482e-02 8.896299429360694788e-02 9.555304462540818722e-02 1.020623930562056803e-01 1.074015780868335102e-01 1.166002144852959915e-01 1.188328086120761518e-01 1.206265739865358400e-01 1.312965392474936543e-01
-1.310422127723268881e-01 -1.205585225526090987e-01 -1.188327948353446462e-01 -1.165661946697481022e-01 -1.073752927951373004e-01 -1.021834031134119247e-01 -9.561763904731650221e-02 -8.896667030091080786e-02 -7.681205498198215298e-02 -7.346063732966423565e-02 -5.995960986637240836e-02 -5.664821768992030909e-02 -4.014304529135018229e-02 -2.690291031071467484e-02 -3.837067300597756317e-03 3.837067300597847824e-03 2.690291031071400177e-02 4.014304529134987698e-02 5.664821768992023276e-02 5.995960986637195733e-02 7.346063732966350013e-02 7.681205498198249992e-02 8.896667030091126582e-02 9.561763904731605812e-02 1.021834031134121606e-01 1.073752927951373420e-01 1.165661946697482965e-01 1.188327948353447572e-01 1.205585225526088350e-01 1.310422127723262498e-01
-1.307928653825692344e-01 -1.205038176169111880e-01 -1.188327814941464305e-01 -1.165357425270993202e-01 -1.073398335169168383e-01 -1.022988693751692435e-01 -9.567974714895541299e-02 -8.897009546480903752e-02 -7.630289671239016969e-02 -7.326488801578356913e-02 -5.988280873518558867e-02 -5.674039961432483792e-02 -4.126166885505774817e-02 -2.712227068841632782e-02 -4.063206245117544080e-03 4.063206245117379281e-03 2.712227068841631741e-02 4.126166885505779675e-02 5.674039961432501139e-02 5.988280873518586622e-02 7.326488801578326382e-02 7.630289671238930926e-02 8.897009546480900977e-02 9.567974714895489952e-02 1.022988693751701594e-01 1.073398335169170187e-01 1.165357425270992786e-01 1.188327814941462779e-01 1.205038176169112851e-01 1.307928653825689014e-01
-1.305497337666305380e-01 -1.204616891640943044e-01 -1.188327686923418419e-01 -1.165085830858644811e-01 -1.072967044971289974e-01 -1.024085495132793233e-01 -9.573919859937025933e-02 -8.897327651548958549e-02 -7.583295184424750091e-02 -7.300652666285439851e-02 -5.980587162079492591e-02 -5.683206579248121365e-02 -4.241068860775723537e-02 -2.730466417455675726e-02 -4.275768765459850990e-03 4.275768765459897827e-03 2.730466417455730196e-02 4.241068860775733251e-02 5.683206579248124141e-02 5.980587162079477326e-02 7.300652666285474546e-02 7.583295184424727886e-02 8.897327651549004346e-02 9.573919859937085608e-02 1.024085495132794899e-01 1.072967044971288170e-01 1.165085830858645088e-01 1.188327686923417170e-01 1.204616891640944570e-01 1.305497337666309821e-01
-1.303140744942483387e-01 -1.204312252562043106e-01 -1.188327565665151797e-01 -1.164844202843954152e-01 -1.072474726152099350e-01 -1.025122060656268597e-01 -9.579581817383255038e-02 -8.897621959890787691e-02 -7.542471330068026281e-02 -7.266377165152471118e-02 -5.972906383131792313e-02 -5.692292040499018213e-02 -4.358073613037984767e-02 -2.745665659548864046e-02 -4.474636944349664157e-03 4.474636944349704923e-03 2.745665659548892149e-02 4.358073613037986155e-02 5.692292040498977274e-02 5.972906383131772190e-02 7.266377165152496098e-02 7.542471330067952728e-02 8.897621959890798793e-02 9.579581817383217568e-02 1.025122060656262074e-01 1.072474726152096297e-01 1.164844202843947629e-01 1.188327565665152630e-01 1.204312252562040747e-01 1.303140744942474505e-01
-1.300871669637825578e-01 -1.204113793011524630e-01 -1.188327452619986763e-01 -1.164629568540391097e-01 -1.071937320225128110e-01 -1.026096074392709306e-01 -9.584942669358070821e-02 -8.897893032227788268e-02 -7.509366639213953254e-02 -7.222213805773780582e-02 -5.965273081293575447e-02 -5.701259183296680799e-02 -4.476354402923459624e-02 -2.758363278246826061e-02 -4.659707021297412530e-03 4.659707021297692688e-03 2.758363278246957206e-02 4.476354402923490849e-02 5.701259183296738392e-02 5.965273081293673979e-02 7.222213805773733397e-02 7.509366639213935213e-02 8.897893032227788268e-02 9.584942669358072209e-02 1.026096074392717633e-01 1.071937320225133522e-01 1.164629568540389709e-01 1.188327452619995089e-01 1.204113793011523381e-01 1.300871669637831129e-01
-1.298703148288501696e-01 -1.204009804255391780e-01 -1.188327349100074815e-01 -1.164439113702027961e-01 -1.071370707224094665e-01 -1.027005289735034299e-01 -9.589984231280805627e-02 -8.898141379081621338e-02 -7.484008557265743600e-02 -7.168272794032121142e-02 -5.957733241331358148e-02 -5.710059832434641325e-02 -4.595169572263207991e-02 -2.768994224556878270e-02 -4.830886295828642346e-03 4.830886295828827094e-03 2.768994224556827269e-02 4.595169572263217012e-02 5.710059832434637855e-02 5.957733241331376189e-02 7.168272794032089223e-02 7.484008557265679762e-02 8.898141379081631053e-02 9.589984231280788973e-02 1.027005289735027915e-01 1.071370707224084950e-01 1.164439113702025463e-01 1.188327349100075647e-01 1.204009804255390670e-01 1.298703148288495868e-01
-1.296648451347168496e-01 -1.203987476623324671e-01 -1.188327256096677609e-01 -1.164270311898151777e-01 -1.070790403489399051e-01 -1.027847540660397768e-01 -9.594688216103333667e-02 -8.898367463750182782e-02 -7.465137754551036398e-02 -7.106001323754541910e-02 -5.950349478054827584e-02 -5.718629474836874060e-02 -4.713831542833337579e-02 -2.777906968533688445e-02 -4.988091164094409988e-03 4.988091164094442947e-03 2.777906968533637444e-02 4.713831542833413213e-02 5.718629474836864346e-02 5.950349478054890728e-02 7.106001323754593257e-02 7.465137754551096072e-02 8.898367463750170292e-02 9.594688216103355871e-02 1.027847540660399989e-01 1.070790403489398218e-01 1.164270311898153998e-01 1.188327256096680801e-01 1.203987476623323005e-01 1.296648451347168773e-01
-1.294721042659643384e-01 -1.204033085692330363e-01 -1.188327174174197420e-01 -1.164121007191623175e-01 -1.070211298769589703e-01 -1.028620753737504168e-01 -9.599036433557987802e-02 -8.898571704723891307e-02 -7.451123429195567749e-02 -7.037287142448830912e-02 -5.943208975907555980e-02 -5.726878856396740852e-02 -4.831671026949121289e-02 -2.785379610892055671e-02 -5.131245918170458491e-03 5.131245918170625024e-03 2.785379610892066773e-02 4.831671026949100473e-02 5.726878856396722117e-02 5.943208975907534469e-02 7.037287142448843402e-02 7.451123429195623260e-02 8.898571704723994003e-02 9.599036433558008619e-02 1.028620753737492649e-01 1.070211298769588176e-01 1.164121007191610130e-01 1.188327174174197420e-01 1.204033085692322036e-01 1.294721042659634502e-01
-1.292934497254317194e-01 -1.204132227776006092e-01 -1.188327103444054844e-01 -1.163989451194381158e-01 -1.069647435167529193e-01 -1.029322961068071113e-01 -9.603011022204813174e-02 -8.898754477655392015e-02 -7.440584672198864713e-02 -6.963866353636770368e-02 -5.936435641344599279e-02 -5.734680535664819084e-02 -4.947994204123648543e-02 -2.791633727672817450e-02 -5.260282051429514098e-03 5.260282051429259961e-03 2.791633727672783102e-02 4.947994204123656176e-02 5.734680535664868350e-02 5.936435641344584013e-02 6.963866353636741224e-02 7.440584672198925775e-02 8.898754477655403117e-02 9.603011022204845093e-02 1.029322961068074305e-01 1.069647435167535715e-01 1.163989451194377966e-01 1.188327103444050403e-01 1.204132227776007202e-01 1.292934497254316084e-01
-1.291302367804668949e-01 -1.204270108344444590e-01 -1.188327043607222133e-01 -1.163874300591640903e-01 -1.069111826619645322e-01 -1.029952314398596691e-01 -9.606594710111888979e-02 -8.898916116966476553e-02 -7.432535089674281725e-02 -6.887225257660037347e-02 -5.930208345771983969e-02 -5.741847242183079764e-02 -5.062027374934175566e-02 -2.796845683091811474e-02 -5.375137893228063880e-03 5.375137893228180974e-03 2.796845683091817719e-02 5.062027374934158913e-02 5.741847242183033273e-02 5.930208345771996459e-02 6.887225257660097022e-02 7.432535089674349726e-02 8.898916116966464063e-02 9.606594710111936164e-02 1.029952314398598773e-01 1.069111826619638800e-01 1.163874300591637295e-01 1.188327043607211586e-01 1.204270108344446394e-01 1.291302367804668394e-01
-1.289837991877823831e-01 -1.204431885004914327e-01 -1.188326994043844287e-01 -1.163774584202611623e-01 -1.068616314950022322e-01 -1.030507100626642386e-01 -9.609771097855984712e-02 -8.899056917163090941e-02 -7.426314431825913054e-02 -6.808744822500602256e-02 -5.924786597715894082e-02 -5.748097383506588914e-02 -5.172839848479207636e-02 -2.801155609220378623e-02 -5.475758451964544624e-03 5.475758451964478704e-03 2.801155609220366133e-02 5.172839848479168084e-02 5.748097383506625691e-02 5.924786597715866326e-02 6.808744822500618910e-02 7.426314431825906115e-02 8.899056917163170044e-02 9.609771097855994426e-02 1.030507100626635586e-01 1.068616314950014273e-01 1.163774584202613566e-01 1.188326994043839430e-01 1.204431885004912522e-01 1.289837991877820778e-01
-1.288554236051856483e-01 -1.204603063353543585e-01 -1.188326953925601254e-01 -1.163689649678865262e-01 -1.068171457099126864e-01 -1.030985758826054033e-01 -9.612524955379578295e-02 -8.899177133908228732e-02 -7.421488188306873957e-02 -6.729928599048476401e-02 -5.920540369128175079e-02 -5.753002177256973104e-02 -5.279231720980268050e-02 -2.804674406302360562e-02 -5.562095384393560792e-03 5.562095384393557322e-03 2.804674406302319969e-02 5.279231720980345072e-02 5.753002177256986982e-02 5.920540369128170222e-02 6.729928599048459748e-02 7.421488188306901712e-02 8.899177133908169057e-02 9.612524955379626868e-02 1.030985758826058196e-01 1.068171457099131166e-01 1.163689649678864013e-01 1.188326953925601115e-01 1.204603063353545667e-01 1.288554236051863700e-01
-1.287463179577039707e-01 -1.204769938676432672e-01 -1.188326922330164709e-01 -1.163619099465201812e-01 -1.067786437741757161e-01 -1.031386898699094418e-01 -9.614842522258351676e-02 -8.899276984893852993e-02 -7.417769722812828093e-02 -6.652696418461327699e-02 -5.917963251970390776e-02 -5.755912005462698183e-02 -5.379572487735814063e-02 -2.807489130154696214e-02 -5.634107036050679113e-03 5.634107036050875136e-03 2.807489130154734377e-02 5.379572487735818226e-02 5.755912005462666264e-02 5.917963251970349142e-02 6.652696418461313821e-02 7.417769722812903033e-02 8.899276984893828013e-02 9.614842522258437718e-02 1.031386898699101218e-01 1.067786437741758826e-01 1.163619099465193346e-01 1.188326922330160684e-01 1.204769938676432672e-01 1.287463179577035821e-01
-1.286575749340413688e-01 -1.204920068908361674e-01 -1.188326898343990273e-01 -1.163562724234703943e-01 -1.067469001946555335e-01 -1.031709320031239524e-01 -9.616711799368513058e-02 -8.899356650543850666e-02 -7.414968821429178403e-02 -6.579793192612874708e-02 -5.917599287855087459e-02 -5.755874890704877622e-02 -5.471593725178788836e-02 -2.809667088804808713e-02 -5.691758516211196071e-03 5.691758516211170051e-03 2.809667088804821203e-02 5.471593725178772877e-02 5.755874890704830438e-02 5.917599287855082602e-02 6.579793192612841402e-02 7.414968821429207546e-02 8.899356650543865932e-02 9.616711799368518609e-02 1.031709320031236887e-01 1.067469001946548535e-01 1.163562724234699641e-01 1.188326898343987498e-01 1.204920068908364589e-01 1.286575749340400643e-01
-1.285901328475256844e-01 -1.205042755118304609e-01 -1.188326881146072045e-01 -1.163520440198400757e-01 -1.067225403512927911e-01 -1.031952032312220963e-01 -9.618122819027211112e-02 -8.899416274569463270e-02 -7.412959483175522724e-02 -6.515350957707409518e-02 -5.919723829770064116e-02 -5.751609055759908384e-02 -5.552202291809409801e-02 -2.811258909858320790e-02 -5.735021783522000621e-03 5.735021783521758627e-03 2.811258909858357913e-02 5.552202291809361923e-02 5.751609055759917405e-02 5.919723829770132811e-02 6.515350957707428947e-02 7.412959483175504682e-02 8.899416274569506291e-02 9.618122819027183357e-02 1.031952032312223322e-01 1.067225403512922360e-01 1.163520440198401035e-01 1.188326881146070935e-01 1.205042755118304193e-01 1.285901328475244076e-01
-1.285447371028805574e-01 -1.205129496862633043e-01 -1.188326870071128166e-01 -1.163492234889217658e-01 -1.067060365858867599e-01 -1.032114273278355310e-01 -9.619067880609935561e-02 -8.899455964395851237e-02 -7.411660175939727146e-02 -6.465415663581156047e-02 -5.923617604709880552e-02 -5.741822094144317240e-02 -5.617377425457817375e-02 -2.812300780353671134e-02 -5.763875727054242233e-03 5.763875727054257846e-03 2.812300780353639215e-02 5.617377425457840273e-02 5.741822094144301281e-02 5.923617604709897205e-02 6.465415663581218497e-02 7.411660175939688289e-02 8.899455964395840135e-02 9.619067880609818988e-02 1.032114273278361416e-01 1.067060365858875232e-01 1.163492234889222515e-01 1.188326870071131913e-01 1.205129496862626520e-01 1.285447371028807240e-01
-1.285219061888176750e-01 -1.205174383693055212e-01 -1.188326864653318493e-01 -1.163478124476092085e-01 -1.066977053551539795e-01 -1.032195524843897150e-01 -9.619541739551713821e-02 -8.899475791471755937e-02 -7.411021996332603501e-02 -6.437490916076248071e-02 -5.926923752716330845e-02 -5.728127740549068814e-02 -5.660363179442588766e-02 -2.812816008043391922e-02 -5.778306233278810745e-03 5.778306233278599109e-03 2.812816008043369370e-02 5.660363179442599174e-02 5.728127740549047997e-02 5.926923752716339866e-02 6.437490916076235581e-02 7.411021996332654849e-02 8.899475791471703201e-02 9.619541739551658310e-02 1.032195524843900619e-01 1.066977053551539795e-01 1.163478124476089726e-01 1.188326864653325710e-01 1.205174383693064094e-01 1.285219061888175363e-01
-1.285219061888173697e-01 -1.205174383693058127e-01 -1.188326864653326265e-01 -1.163478124476092085e-01 -1.066977053551537991e-01 -1.032195524843897150e-01 -9.619541739551648596e-02 -8.899475791471689323e-02 -7.411021996332660400e-02 -6.437490916076281378e-02 -5.926923752716360683e-02 -5.728127740549052160e-02 -5.660363179442613052e-02 -2.812816008043428351e-02 -5.778306233278833297e-03 5.778306233278815950e-03 2.812816008043380125e-02 5.660363179442613746e-02 5.728127740549045221e-02 5.926923752716378724e-02 6.437490916076225866e-02 7.411021996332593786e-02 8.899475791471755937e-02 9.619541739551736026e-02 1.032195524843899787e-01 1.066977053551536186e-01 1.163478124476090836e-01 1.188326864653320436e-01 1.205174383693057572e-01 1.285219061888174530e-01
-1.285447371028809183e-01 -1.205129496862632210e-01 -1.188326870071134689e-01 -1.163492234889221821e-01 -1.067060365858869125e-01 -1.032114273278352534e-01 -9.619067880609886989e-02 -8.899455964395783236e-02 -7.411660175939710493e-02 -6.465415663581196293e-02 -5.923617604709864592e-02 -5.741822094144342220e-02 -5.617377425457888152e-02 -2.812300780353667665e-02 -5.763875727054268254e-03 5.763875727054215345e-03 2.812300780353723523e-02 5.617377425457849988e-02 5.741822094144298505e-02 5.923617604709911777e-02 6.465415663581203232e-02 7.411660175939709105e-02 8.899455964395804053e-02 9.619067880609852295e-02 1.032114273278355310e-01 1.067060365858864546e-01 1.163492234889219185e-01 1.188326870071135383e-01 1.205129496862634014e-01 1.285447371028809738e-01
-1.285901328475244632e-01 -1.205042755118306969e-01 -1.188326881146073433e-01 -1.163520440198396871e-01 -1.067225403512926662e-01 -1.031952032312224987e-01 -9.618122819027193071e-02 -8.899416274569479923e-02 -7.412959483175547704e-02 -6.515350957707415069e-02 -5.919723829770097423e-02 -5.751609055759920874e-02 -5.552202291809371637e-02 -2.811258909858316279e-02 -5.735021783521906079e-03 5.735021783521636329e-03 2.811258909858313157e-02 5.552202291809379964e-02 5.751609055759937528e-02 5.919723829770122403e-02 6.515350957707388702e-02 7.412959483175478315e-02 8.899416274569484087e-02 9.618122819027205561e-02 1.031952032312224987e-01 1.067225403512919724e-01 1.163520440198394790e-01 1.188326881146078984e-01 1.205042755118309050e-01 1.285901328475246297e-01
-1.286575749340395092e-01 -1.204920068908369724e-01 -1.188326898343981392e-01 -1.163562724234697698e-01 -1.067469001946553392e-01 -1.031709320031235916e-01 -9.616711799368475588e-02 -8.899356650543850666e-02 -7.414968821429229751e-02 -6.579793192612898300e-02 -5.917599287855123541e-02 -5.755874890704883173e-02 -5.471593725178803408e-02 -2.809667088804791019e-02 -5.691758516211085049e-03 5.691758516211383422e-03 2.809667088804799345e-02 5.471593725178833245e-02 5.755874890704833907e-02 5.917599287855106194e-02 6.579793192612878872e-02 7.414968821429192281e-02 8.899356650543834013e-02 9.616711799368564406e-02 1.031709320031237720e-01 1.067469001946542984e-01 1.163562724234697282e-01 1.188326898343985000e-01 1.204920068908359176e-01 1.286575749340399533e-01
-1.287463179577043870e-01 -1.204769938676436003e-01 -1.188326922330169011e-01 -1.163619099465197232e-01 -1.067786437741757161e-01 -1.031386898699098303e-01 -9.614842522258411350e-02 -8.899276984893755849e-02 -7.417769722812866950e-02 -6.652696418461370720e-02 -5.917963251970392857e-02 -5.755912005462693326e-02 -5.379572487735782144e-02 -2.807489130154723969e-02 -5.634107036050832636e-03 5.634107036050844779e-03 2.807489130154681642e-02 5.379572487735791164e-02 5.755912005462671122e-02 5.917963251970417837e-02 6.652696418461333250e-02 7.417769722812841970e-02 8.899276984893762787e-02 9.614842522258405799e-02 1.031386898699089283e-01 1.067786437741757577e-01 1.163619099465200563e-01 1.188326922330165958e-01 1.204769938676431701e-01 1.287463179577033601e-01
-1.288554236051860369e-01 -1.204603063353535397e-01 -1.188326953925601254e-01 -1.163689649678862348e-01 -1.068171457099128807e-01 -1.030985758826052645e-01 -9.612524955379631031e-02 -8.899177133908187098e-02 -7.421488188306832323e-02 -6.729928599048423665e-02 -5.920540369128136915e-02 -5.753002177256977268e-02 -5.279231720980342296e-02 -2.804674406302322745e-02 -5.562095384393389054e-03 5.562095384393448035e-03 2.804674406302306439e-02 5.279231720980290948e-02 5.753002177256985594e-02 5.920540369128171609e-02 6.729928599048463911e-02 7.421488188306861467e-02 8.899177133908184323e-02 9.612524955379578295e-02 1.030985758826056253e-01 1.068171457099125893e-01 1.163689649678863597e-01 1.188326953925600560e-01 1.204603063353541781e-01 1.288554236051863422e-01
-1.289837991877823553e-01 -1.204431885004910857e-01 -1.188326994043841234e-01 -1.163774584202611623e-01 -1.068616314950015661e-01 -1.030507100626640998e-01 -9.609771097855875077e-02 -8.899056917163142288e-02 -7.426314431825910278e-02 -6.808744822500617522e-02 -5.924786597715870490e-02 -5.748097383506568792e-02 -5.172839848479250657e-02 -2.801155609220364398e-02 -5.475758451964492582e-03 5.475758451964570644e-03 2.801155609220324846e-02 5.172839848479222208e-02 5.748097383506570179e-02 5.924786597715803182e-02 6.808744822500613358e-02 7.426314431825872808e-02 8.899056917163128411e-02 9.609771097855999977e-02 1.030507100626644884e-01 1.068616314950016633e-01 1.163774584202614537e-01 1.188326994043846230e-01 1.204431885004912939e-01 1.289837991877831325e-01
-1.291302367804671447e-01 -1.204270108344445700e-01 -1.188327043607214778e-01 -1.163874300591636185e-01 -1.069111826619636579e-01 -1.029952314398602936e-01 -9.606594710111907021e-02 -8.898916116966480716e-02 -7.432535089674294215e-02 -6.887225257660092859e-02 -5.930208345771935396e-02 -5.741847242183038824e-02 -5.062027374934158913e-02 -2.796845683091796556e-02 -5.375137893228082095e-03 5.375137893228001430e-03 2.796845683091777821e-02 5.062027374934191526e-02 5.741847242183024946e-02 5.930208345772052664e-02 6.887225257660023470e-02 7.432535089674287276e-02 8.898916116966473777e-02 9.606594710111945878e-02 1.029952314398600438e-01 1.069111826619643379e-01 1.163874300591637295e-01 1.188327043607212835e-01 1.204270108344445978e-01 1.291302367804664231e-01
-1.292934497254314419e-01 -1.204132227776005815e-01 -1.188327103444046656e-01 -1.163989451194376717e-01 -1.069647435167535576e-01 -1.029322961068081105e-01 -9.603011022204824276e-02 -8.898754477655392015e-02 -7.440584672198839733e-02 -6.963866353636691264e-02 -5.936435641344562503e-02 -5.734680535664844758e-02 -4.947994204123622175e-02 -2.791633727672783796e-02 -5.260282051429651141e-03 5.260282051429415219e-03 2.791633727672768878e-02 4.947994204123607603e-02 5.734680535664794104e-02 5.936435641344562503e-02 6.963866353636719020e-02 7.440584672198816141e-02 8.898754477655351769e-02 9.603011022204849256e-02 1.029322961068073472e-01 1.069647435167535299e-01 1.163989451194374358e-01 1.188327103444049154e-01 1.204132227776001790e-01 1.292934497254313031e-01
-1.294721042659641164e-01 -1.204033085692324118e-01 -1.188327174174199224e-01 -1.164121007191612073e-01 -1.070211298769589703e-01 -1.028620753737493343e-01 -9.599036433557942005e-02 -8.898571704723995390e-02 -7.451123429195651016e-02 -7.037287142448866994e-02 -5.943208975907542102e-02 -5.726878856396729750e-02 -4.831671026949137943e-02 -2.785379610892065039e-02 -5.131245918170704821e-03 5.131245918170824517e-03 2.785379610892048385e-02 4.831671026949099085e-02 5.726878856396732526e-02 5.943208975907524755e-02 7.037287142448851729e-02 7.451123429195588566e-02 8.898571704723946818e-02 9.599036433557957271e-02 1.028620753737496951e-01 1.070211298769591646e-01 1.164121007191619567e-01 1.188327174174197698e-01 1.204033085692322314e-01 1.294721042659638111e-01
-1.296648451347169606e-01 -1.203987476623316066e-01 -1.188327256096678580e-01 -1.164270311898155108e-01 -1.070790403489397247e-01 -1.027847540660404291e-01 -9.594688216103304523e-02 -8.898367463750163353e-02 -7.465137754551012805e-02 -7.106001323754533583e-02 -5.950349478054790808e-02 -5.718629474836829651e-02 -4.713831542833390315e-02 -2.777906968533595464e-02 -4.988091164094214831e-03 4.988091164094242587e-03 2.777906968533596851e-02 4.713831542833434030e-02 5.718629474836833121e-02 5.950349478054871299e-02 7.106001323754579380e-02 7.465137754551084970e-02 8.898367463750177231e-02 9.594688216103373912e-02 1.027847540660404985e-01 1.070790403489396414e-01 1.164270311898161214e-01 1.188327256096674278e-01 1.203987476623319675e-01 1.296648451347165720e-01
-1.298703148288490872e-01 -1.204009804255388588e-01 -1.188327349100076619e-01 -1.164439113702027684e-01 -1.071370707224092306e-01 -1.027005289735037352e-01 -9.589984231280795912e-02 -8.898141379081674074e-02 -7.484008557265722783e-02 -7.168272794032094775e-02 -5.957733241331371332e-02 -5.710059832434572630e-02 -4.595169572263260033e-02 -2.768994224556863004e-02 -4.830886295828827962e-03 4.830886295828696990e-03 2.768994224556819983e-02 4.595169572263244073e-02 5.710059832434656590e-02 5.957733241331360924e-02 7.168272794032091999e-02 7.484008557265732497e-02 8.898141379081690727e-02 9.589984231280798688e-02 1.027005289735036797e-01 1.071370707224088836e-01 1.164439113702023104e-01 1.188327349100075092e-01 1.204009804255385258e-01 1.298703148288489762e-01
-1.300871669637823913e-01 -1.204113793011521022e-01 -1.188327452619993563e-01 -1.164629568540397897e-01 -1.071937320225127693e-01 -1.026096074392712360e-01 -9.584942669358086087e-02 -8.897893032227799370e-02 -7.509366639213931049e-02 -7.222213805773784745e-02 -5.965273081293617080e-02 -5.701259183296720351e-02 -4.476354402923509584e-02 -2.758363278246938124e-02 -4.659707021297656258e-03 4.659707021297720443e-03 2.758363278246877756e-02 4.476354402923433257e-02 5.701259183296671779e-02 5.965273081293669816e-02 7.222213805773776418e-02 7.509366639214004602e-02 8.897893032227743859e-02 9.584942669358094414e-02 1.026096074392715135e-01 1.071937320225128942e-01 1.164629568540397342e-01 1.188327452619988844e-01 1.204113793011520328e-01 1.300871669637829742e-01
-1.303140744942484774e-01 -1.204312252562045604e-01 -1.188327565665155822e-01 -1.164844202843953597e-01 -1.072474726152090885e-01 -1.025122060656268042e-01 -9.579581817383255038e-02 -8.897621959890811283e-02 -7.542471330067959667e-02 -7.266377165152586304e-02 -5.972906383131845742e-02 -5.692292040499014744e-02 -4.358073613037969501e-02 -2.745665659548907414e-02 -4.474636944349489817e-03 4.474636944349624258e-03 2.745665659548867515e-02 4.358073613037986155e-02 5.692292040499043887e-02 5.972906383131713903e-02 7.266377165152478057e-02 7.542471330067986035e-02 8.897621959890805732e-02 9.579581817383249487e-02 1.025122060656271927e-01 1.072474726152095603e-01 1.164844202843951931e-01 1.188327565665153879e-01 1.204312252562045882e-01 1.303140744942474227e-01
-1.305497337666305657e-01 -1.204616891640935550e-01 -1.188327686923419391e-01 -1.165085830858646615e-01 -1.072967044971292888e-01 -1.024085495132801282e-01 -9.573919859937046750e-02 -8.897327651548986305e-02 -7.583295184424762581e-02 -7.300652666285468995e-02 -5.980587162079500224e-02 -5.683206579248085977e-02 -4.241068860775696475e-02 -2.730466417455807565e-02 -4.275768765459996706e-03 4.275768765460202271e-03 2.730466417455710074e-02 4.241068860775742272e-02 5.683206579248162998e-02 5.980587162079434305e-02 7.300652666285482872e-02 7.583295184424837521e-02 8.897327651548968264e-02 9.573919859937091159e-02 1.024085495132791707e-01 1.072967044971287753e-01 1.165085830858652582e-01 1.188327686923415921e-01 1.204616891640941517e-01 1.305497337666305657e-01
-1.307928653825684573e-01 -1.205038176169119096e-01 -1.188327814941466665e-01 -1.165357425270996672e-01 -1.073398335169163803e-01 -1.022988693751704647e-01 -9.567974714895464972e-02 -8.897009546480864894e-02 -7.630289671238961458e-02 -7.326488801578341648e-02 -5.988280873518570663e-02 -5.674039961432460893e-02 -4.126166885505731796e-02 -2.712227068841661579e-02 -4.063206245117753114e-03 4.063206245117516324e-03 2.712227068841623068e-02 4.126166885505784532e-02 5.674039961432490731e-02 5.988280873518531111e-02 7.326488801578399934e-02 7.630289671239015581e-02 8.897009546480925957e-02 9.567974714895480237e-02 1.022988693751696737e-01 1.073398335169164913e-01 1.165357425270995145e-01 1.188327814941469579e-01 1.205038176169119790e-01 1.307928653825683740e-01
-1.310422127723264996e-01 -1.205585225526094872e-01 -1.188327948353437996e-01 -1.165661946697478107e-01 -1.073752927951384106e-01 -1.021834031134122717e-01 -9.561763904731689079e-02 -8.896667030091019723e-02 -7.681205498198243053e-02 -7.346063732966386095e-02 -5.995960986637242224e-02 -5.664821768992056583e-02 -4.014304529134909982e-02 -2.690291031071477199e-02 -3.837067300597793180e-03 3.837067300597559859e-03 2.690291031071387687e-02 4.014304529134980065e-02 5.664821768991975398e-02 5.995960986637201978e-02 7.346063732966363891e-02 7.681205498198183379e-02 8.896667030091102990e-02 9.561763904731623853e-02 1.021834031134122162e-01 1.073752927951387159e-01 1.165661946697475748e-01 1.188327948353438412e-01 1.205585225526096677e-01 1.310422127723267216e-01
-1.312965392474933213e-01 -1.206265739865358538e-01 -1.188328086120751526e-01 -1.166002144852958666e-01 -1.074015780868340375e-01 -1.020623930562056525e-01 -9.555304462540839538e-02 -8.896299429360712829e-02 -7.734002036013178094e-02 -7.361369630003235243e-02 -6.003606689788464068e-02 -5.655576259557278107e-02 -3.906542200346248966e-02 -2.663878543216292860e-02 -3.597488769393169215e-03 3.597488769393117174e-03 2.663878543216106898e-02 3.906542200346248966e-02 5.655576259557273944e-02 6.003606689788467538e-02 7.361369630003215814e-02 7.734002036013225279e-02 8.896299429360619848e-02 9.555304462540811783e-02 1.020623930562057358e-01 1.074015780868324971e-01 1.166002144852966160e-01 1.188328086120760269e-01 1.206265739865359926e-01 1.312965392474937376e-01
-1.315546241609706901e-01 -1.207085950956372500e-01 -1.188328227743266075e-01 -1.166380350632234553e-01 -1.074172833460547288e-01 -1.019360854593143045e-01 -9.548612870969498678e-02 -8.895906007202734889e-02 -7.787187036844740728e-02 -7.373868300796235231e-02 -6.011201328858490484e-02 -5.646323875874718901e-02 -3.804054733769024477e-02 -2.632103075384185573e-02 -3.344633603745791276e-03 3.344633603745818598e-03 2.632103075384183838e-02 3.804054733769003660e-02 5.646323875874689757e-02 6.011201328858467585e-02 7.373868300796239394e-02 7.787187036844665788e-02 8.895906007202671051e-02 9.548612870969530597e-02 1.019360854593143878e-01 1.074172833460530635e-01 1.166380350632236357e-01 1.188328227743272320e-01 1.207085950956373749e-01 1.315546241609719669e-01
-1.318152586693512596e-01 -1.208050589571271483e-01 -1.188328373412407407e-01 -1.166798282337950243e-01 -1.074211344044446736e-01 -1.018047296434831800e-01 -9.541705031553490701e-02 -8.895485955452821225e-02 -7.839767308571633786e-02 -7.384536901967589384e-02 -6.018731326885419508e-02 -5.637082273465839066e-02 -3.708083801072299679e-02 -2.594025743151425964e-02 -3.078701588262295740e-03 3.078701588261955301e-03 2.594025743151373575e-02 3.708083801072256658e-02 5.637082273465791188e-02 6.018731326885417426e-02 7.384536901967553302e-02 7.839767308571582438e-02 8.895485955452787918e-02 9.541705031553474048e-02 1.018047296434827359e-01 1.074211344044457006e-01 1.166798282337943998e-01 1.188328373412404354e-01 1.208050589571269678e-01 1.318152586693508155e-01
-1.320772414796080596e-01 -1.209162864151964306e-01 -1.188328524094330318e-01 -1.167256889592608593e-01 -1.074120185623989171e-01 -1.016685772249539543e-01 -9.534596261569343312e-02 -8.895038386165003697e-02 -7.891102954548477599e-02 -7.394010766086811515e-02 -6.026185424567875870e-02 -5.627867031273244003e-02 -3.619837227599193713e-02 -2.548762892324407670e-02 -2.799945134393464104e-03 2.799945134393466272e-03 2.548762892324432303e-02 3.619837227599218693e-02 5.627867031273221798e-02 6.026185424567880033e-02 7.394010766086760167e-02 7.891102954548473436e-02 8.895038386164999533e-02 9.534596261569330822e-02 1.016685772249536768e-01 1.074120185623987922e-01 1.167256889592610813e-01 1.188328524094329625e-01 1.209162864151964445e-01 1.320772414796086980e-01
-1.323393748729307928e-01 -1.210424448262462510e-01 -1.188328681549757904e-01 -1.167756254563666884e-01 -1.073890080757349819e-01 -1.015278814613266717e-01 -9.527301315332112330e-02 -8.894562320821762513e-02 -7.940783847991017552e-02 -7.402704450648668610e-02 -6.033554138216713075e-02 -5.618692149791645191e-02 -3.540335865870021526e-02 -2.495646645014997639e-02 -2.508692351524189831e-03 2.508692351524032405e-03 2.495646645015037884e-02 3.540335865870062465e-02 5.618692149791727070e-02 6.033554138216760954e-02 7.402704450648713019e-02 7.940783847990949551e-02 8.894562320821793044e-02 9.527301315332120657e-02 1.015278814613257141e-01 1.073890080757349957e-01 1.167756254563669660e-01 1.188328681549759708e-01 1.210424448262460151e-01 1.323393748729313202e-01
-1.326004612334876487e-01 -1.211835477615190726e-01 -1.188328848310127028e-01 -1.168295562503787605e-01 -1.073513760100082426e-01 -1.013828967396915581e-01 -9.519834426864749732e-02 -8.894056677000591882e-02 -7.988546188071569965e-02 -7.410893014460517847e-02 -6.040829367440021802e-02 -5.609570404203581551e-02 -3.470240631804277082e-02 -2.434406220366864063e-02 -2.205380486934420577e-03 2.205380486934706806e-03 2.434406220366945248e-02 3.470240631804137610e-02 5.609570404203573918e-02 6.040829367439980169e-02 7.410893014460516459e-02 7.988546188071606047e-02 8.894056677000507227e-02 9.519834426864759447e-02 1.013828967396911557e-01 1.073513760100084369e-01 1.168295562503779556e-01 1.188328848310125224e-01 1.211835477615188783e-01 1.326004612334898691e-01
-1.328593002673654766e-01 -1.213394560454536669e-01 -1.188329027635305069e-01 -1.168873143734597553e-01 -1.072986036652443798e-01 -1.012338782386531799e-01 -9.512209370967221467e-02 -8.893520251982595104e-02 -8.034219771556631862e-02 -7.418762792166096187e-02 -6.048004107553815734e-02 -5.600513596956262913e-02 -3.409724019598564526e-02 -2.365306148824101659e-02 -1.890604036154198064e-03 1.890604036154298027e-03 2.365306148824029148e-02 3.409724019598649181e-02 5.600513596956237239e-02 6.048004107553702630e-02 7.418762792166126718e-02 8.034219771556617984e-02 8.893520251982672820e-02 9.512209370967139588e-02 1.012338782386531799e-01 1.072986036652443659e-01 1.168873143734599773e-01 1.188329027635304097e-01 1.213394560454531673e-01 1.328593002673655044e-01
-1.331146870737316135e-01 -1.215098806972563089e-01 -1.188329223477331692e-01 -1.169486579158030282e-01 -1.072303796233556039e-01 -1.010810818007252115e-01 -9.504439539869966036e-02 -8.892951702752081855e-02 -8.077694972229246262e-02 -7.426442612969963442e-02 -6.055072236334584773e-02 -5.591532739566775628e-02 -3.358448259079355874e-02 -2.289179694930641024e-02 -1.565183411894512794e-03 1.565183411894989192e-03 2.289179694930638595e-02 3.358448259079468284e-02 5.591532739566831139e-02 6.055072236334560487e-02 7.426442612969964829e-02 8.077694972229215731e-02 8.892951702752040222e-02 9.504439539869941056e-02 1.010810818007259748e-01 1.072303796233564643e-01 1.169486579158027367e-01 1.188329223477329610e-01 1.215098806972570861e-01 1.331146870737314747e-01
-1.333654112235977962e-01 -1.216943883668185206e-01 -1.188329440469576975e-01 -1.170132853258247924e-01 -1.071465912868219822e-01 -1.009247640567993293e-01 -9.496538032814443031e-02 -8.892349521836759307e-02 -8.118901717413641583e-02 -7.434023134709592806e-02 -6.062028354283390680e-02 -5.582638183980744018e-02 -3.315662933954012515e-02 -2.207345208995653563e-02 -1.230262029205673232e-03 1.230262029205817214e-03 2.207345208995681318e-02 3.315662933953947983e-02 5.582638183980655200e-02 6.062028354283423293e-02 7.434023134709530356e-02 8.118901717413641583e-02 8.892349521836789839e-02 9.496538032814431929e-02 1.009247640567980525e-01 1.071465912868221626e-01 1.170132853258241540e-01 1.188329440469572673e-01 1.216943883668185622e-01 1.333654112235974631e-01
-1.336102570076820317e-01 -1.218924097042585752e-01 -1.188329683955875182e-01 -1.170808533871391804e-01 -1.070473104208240350e-01 -1.007651828499055019e-01 -9.488517756021855321e-02 -8.891712008524775557e-02 -8.157795708401102686e-02 -7.441569021460246736e-02 -6.068867663901906379e-02 -5.573839717601909716e-02 -3.280374352835786766e-02 -2.121453705833036690e-02 -8.874418604625099356e-04 8.874418604622628460e-04 2.121453705833077977e-02 3.280374352835779134e-02 5.573839717601896532e-02 6.068867663901929971e-02 7.441569021460146816e-02 8.157795708401160972e-02 8.891712008524761679e-02 9.488517756021820626e-02 1.007651828499048219e-01 1.070473104208241044e-01 1.170808533871392776e-01 1.188329683955872407e-01 1.218924097042584365e-01 1.336102570076814489e-01
-1.338480050302255364e-01 -1.221032508128302302e-01 -1.188329960070175217e-01 -1.171509957293449533e-01 -1.069327745902011878e-01 -1.006025980110043933e-01 -9.480391530542446599e-02 -8.891037235190918375e-02 -8.194349062018890795e-02 -7.449126771876665720e-02 -6.075585877740141000e-02 -5.565146631974718372e-02 -3.251516722125707276e-02 -2.033338197734015432e-02 -5.389693905745432303e-04 5.389693905744775276e-04 2.033338197733985594e-02 3.251516722125654540e-02 5.565146631974660085e-02 6.075585877740082019e-02 7.449126771876718456e-02 8.194349062018967123e-02 8.891037235190919763e-02 9.480391530542431333e-02 1.006025980110046292e-01 1.069327745902007853e-01 1.171509957293443427e-01 1.188329960070166474e-01 1.221032508128296473e-01 1.338480050302245650e-01
-1.340774353454526890e-01 -1.223261075800566866e-01 -1.188330275876207098e-01 -1.172233400107349083e-01 -1.068033664708818858e-01 -1.004372725445273895e-01 -9.472172205383114219e-02 -8.890323008861680809e-02 -8.228543703477780857e-02 -7.456729858737264072e-02 -6.082179147878338105e-02 -5.556567772298125901e-02 -3.228077875732022345e-02 -1.944912396170395130e-02 -1.879840735413256794e-04 1.879840735414644302e-04 1.944912396170430519e-02 3.228077875732020263e-02 5.556567772298092595e-02 6.082179147878347125e-02 7.456729858737236316e-02 8.228543703477834981e-02 8.890323008861759913e-02 9.472172205383043442e-02 1.004372725445277365e-01 1.068033664708807756e-01 1.172233400107356716e-01 1.188330275876200853e-01 1.223261075800560482e-01 1.340774353454519674e-01
-1.342973323520698925e-01 -1.225600823451196419e-01 -1.188330639578546316e-01 -1.172975224251716075e-01 -1.066595928477313687e-01 -1.002694742850578080e-01 -9.463872773049124276e-02 -8.889566828807937693e-02 -8.260366512515310289e-02 -7.464402172366807475e-02 -6.088644011512858722e-02 -5.548111573032362548e-02 -3.209168444571848522e-02 -1.858129597514318956e-02 -1.611631861115893577e-04 1.611631861117518254e-04 1.858129597514348794e-02 3.209168444571823542e-02 5.548111573032354221e-02 6.088644011512911458e-02 7.464402172366818577e-02 8.260366512515224247e-02 8.889566828807921040e-02 9.463872773049142317e-02 1.002694742850574611e-01 1.066595928477306332e-01 1.172975224251720794e-01 1.188330639578547843e-01 1.225600823451202109e-01 1.342973323520701701e-01
-1.345064916715312808e-01 -1.228042021111751259e-01 -1.188331060821639917e-01 -1.173731987869408855e-01 -1.065020647620280037e-01 -1.000994780874441686e-01 -9.455506484170382586e-02 -8.888765841988523209e-02 -8.289805616924858511e-02 -7.472160371492020392e-02 -6.094977348719849558e-02 -5.539786083522180160e-02 -3.194046324918469598e-02 -1.774987927667388832e-02 -5.025292573172548917e-04 5.025292573174914646e-04 1.774987927667366627e-02 3.194046324918476537e-02 5.539786083522147547e-02 6.094977348719866905e-02 7.472160371492002351e-02 8.289805616924841858e-02 8.888765841988476024e-02 9.455506484170357606e-02 1.000994780874440437e-01 1.065020647620287253e-01 1.173731987869408855e-01 1.188331060821641166e-01 1.228042021111745707e-01 1.345064916715320580e-01
-1.347037292289165189e-01 -1.230574373887857453e-01 -1.188331551102280725e-01 -1.174500520075880544e-01 -1.063314798307681691e-01 -9.992756860905897820e-02 -9.447086957177870670e-02 -8.887916799654324573e-02 -8.316847459539478127e-02 -7.480015515635130008e-02 -6.101176349470299742e-02 -5.531598986625914371e-02 -3.182114235237503558e-02 -1.697558639817933410e-02 -8.281793132395170749e-04 8.281793132398864625e-04 1.697558639817996901e-02 3.182114235237457761e-02 5.531598986626048292e-02 6.101176349470312926e-02 7.480015515635142498e-02 8.316847459539422616e-02 8.887916799654299593e-02 9.447086957177804056e-02 9.992756860906028271e-02 1.063314798307690295e-01 1.174500520075883736e-01 1.188331551102282529e-01 1.230574373887861478e-01 1.347037292289173238e-01
-1.348878927210722944e-01 -1.233187207656734341e-01 -1.188332124335289841e-01 -1.175277962123403297e-01 -1.061486073065006502e-01 -9.975404373232384103e-02 -9.438628278040327169e-02 -8.887016020431881547e-02 -8.341474405078480592e-02 -7.487974215546562562e-02 -6.107238487688274042e-02 -5.523557612673571371e-02 -3.172904805079340002e-02 -1.628010947099722133e-02 -1.127881273662333528e-03 1.127881273662330059e-03 1.628010947099723868e-02 3.172904805079303919e-02 5.523557612673585943e-02 6.107238487688279593e-02 7.487974215546611134e-02 8.341474405078455612e-02 8.887016020431855179e-02 9.438628278040403496e-02 9.975404373232397981e-02 1.061486073065006364e-01 1.175277962123410236e-01 1.188332124335286094e-01 1.233187207656731149e-01 1.348878927210723222e-01
-1.350578755842603840e-01 -1.235869644146706109e-01 -1.188332797633741555e-01 -1.176061780166968024e-01 -1.059542760380742937e-01 -9.957921865495024394e-02 -9.430145083861520006e-02 -8.886059367688978194e-02 -8.363662740917196525e-02 -7.496039454043836037e-02 -6.113161500664989617e-02 -5.515668950604315363e-02 -3.166062185018351377e-02 -1.568602450734959616e-02 -1.389113175130721103e-03 1.389113175130803502e-03 1.568602450734976617e-02 3.166062185018393704e-02 5.515668950604293852e-02 6.113161500664996556e-02 7.496039454043820771e-02 8.363662740917211791e-02 8.886059367688982358e-02 9.430145083861497801e-02 9.957921865495023006e-02 1.059542760380735166e-01 1.176061780166967607e-01 1.188332797633739057e-01 1.235869644146706942e-01 1.350578755842609113e-01
-1.352126334538091279e-01 -1.238610759370989411e-01 -1.188333592399739985e-01 -1.176849756034012984e-01 -1.057493651617861102e-01 -9.940343064082662883e-02 -9.421652622737716753e-02 -8.885042251742339414e-02 -8.383380983238893081e-02 -7.504211177141711930e-02 -6.118943372532223424e-02 -5.507939657803295752e-02 -3.161324816255575015e-02 -1.521598902621801135e-02 -1.597711438451361295e-03 1.597711438451400760e-03 1.521598902621747358e-02 3.161324816255613873e-02 5.507939657803293670e-02 6.118943372532185954e-02 7.504211177141713318e-02 8.383380983238902795e-02 8.885042251742326924e-02 9.421652622737745897e-02 9.940343064082660107e-02 1.057493651617861519e-01 1.176849756034012012e-01 1.188333592399739014e-01 1.238610759370989689e-01 1.352126334538093777e-01
-1.353512029351879864e-01 -1.241399721508018861e-01 -1.188334535877176440e-01 -1.177639962386599903e-01 -1.055347971096112780e-01 -9.922704437203305750e-02 -9.413166780810799938e-02 -8.883959670007196552e-02 -8.400588440469625162e-02 -7.512486721922331800e-02 -6.124582320786069872e-02 -5.500376069922219280e-02 -3.158511330258217953e-02 -1.489092152405004262e-02 -1.739478945460255039e-03 1.739478945460071375e-03 1.489092152404989690e-02 3.158511330258170768e-02 5.500376069922248423e-02 6.124582320785970646e-02 7.512486721922392863e-02 8.400588440469569651e-02 8.883959670007197940e-02 9.413166780810795775e-02 9.922704437203330730e-02 1.055347971096120274e-01 1.177639962386601569e-01 1.188334535877176718e-01 1.241399721508012199e-01 1.353512029351881252e-01
-1.354727222813687793e-01 -1.244225906361140915e-01 -1.188335663411437815e-01 -1.178430727841798531e-01 -1.053115323629658651e-01 -9.905045776829617121e-02 -9.404704066154052911e-02 -8.882806299672885153e-02 -8.415234017523291754e-02 -7.520861125818785464e-02 -6.130076785076003093e-02 -5.492984211820403639e-02 -3.157510174756517074e-02 -1.472720137934248677e-02 -1.802750166047291033e-03 1.802750166047276939e-03 1.472720137934248330e-02 3.157510174756383153e-02 5.492984211820372414e-02 6.130076785075914969e-02 7.520861125818782689e-02 8.415234017523283427e-02 8.882806299672940664e-02 9.404704066153934949e-02 9.905045776829671245e-02 1.053115323629655736e-01 1.178430727841813103e-01 1.188335663411443227e-01 1.244225906361145634e-01 1.354727222813687237e-01
-1.355764533070857036e-01 -1.247078990260027248e-01 -1.188337021822607198e-01 -1.179220596341173655e-01 -1.050805652959245357e-01 -9.887410804146998244e-02 -9.396281538386538901e-02 -8.881576656711422102e-02 -8.427255272317367429e-02 -7.529327347435259277e-02 -6.135425417646309804e-02 -5.485769810679176628e-02 -3.158272977141215326e-02 -1.473362615445327449e-02 -1.781226385151486345e-03 1.781226385151704486e-03 1.473362615445350868e-02 3.158272977141252102e-02 5.485769810679191893e-02 6.135425417646366009e-02 7.529327347435249562e-02 8.427255272317432655e-02 8.881576656711381856e-02 9.396281538386488941e-02 9.887410804147019061e-02 1.050805652959247855e-01 1.179220596341175875e-01 1.188337021822611361e-01 1.247078990260030024e-01 1.355764533070856481e-01
-1.356618035919995580e-01 -1.249949021573004554e-01 -1.188338674589933669e-01 -1.180008283563671601e-01 -1.048429204291526085e-01 -9.869847762956303339e-02 -9.387916673254445565e-02 -8.880265330593652140e-02 -8.436577763273836461e-02 -7.537876418987539406e-02 -6.140627074951760661e-02 -5.478738312321218551e-02 -3.160811490861620277e-02 -1.490946147110250655e-02 -1.675794230806734167e-03 1.675794230806966186e-03 1.490946147110218042e-02 3.160811490861634154e-02 5.478738312321206061e-02 6.140627074951803682e-02 7.537876418987592142e-02 8.436577763273837849e-02 8.880265330593657691e-02 9.387916673254517730e-02 9.869847762956282522e-02 1.048429204291514150e-01 1.180008283563669935e-01 1.188338674589934085e-01 1.249949021573006497e-01 1.356618035919986143e-01
-1.357283477697051322e-01 -1.252826472870188224e-01 -1.188340710092515157e-01 -1.180792631520535124e-01 -1.045996484450774089e-01 -9.852409951204735283e-02 -9.379627153522743233e-02 -8.878867294869005611e-02 -8.443114754127520327e-02 -7.546497543187559442e-02 -6.145680810081566303e-02 -5.471894901806045874e-02 -3.165198002366830660e-02 -1.524464970209948346e-02 -1.494292640669220946e-03 1.494292640669186902e-03 1.524464970209922325e-02 3.165198002366861885e-02 5.471894901806073630e-02 6.145680810081621120e-02 7.546497543187542789e-02 8.443114754127509225e-02 8.878867294869050020e-02 9.379627153522740457e-02 9.852409951204754712e-02 1.045996484450777697e-01 1.180792631520529712e-01 1.188340710092517377e-01 1.252826472870188779e-01 1.357283477697055207e-01
-1.357758465157081484e-01 -1.255702276257608663e-01 -1.188343255230515233e-01 -1.181572560472311934e-01 -1.043518213896704461e-01 -9.835156125782557046e-02 -9.371430582116418995e-02 -8.877378279595880828e-02 -8.446767368998707448e-02 -7.555178141765737931e-02 -6.150585865715920558e-02 -5.465244529485471098e-02 -3.171569177614330659e-02 -1.572204707688991746e-02 -1.249362742362944510e-03 1.249362742363049894e-03 1.572204707688947684e-02 3.171569177614270291e-02 5.465244529485518282e-02 6.150585865715996192e-02 7.555178141765761524e-02 8.446767368998649161e-02 8.877378279595898869e-02 9.371430582116445362e-02 9.835156125782529291e-02 1.043518213896714314e-01 1.181572560472313876e-01 1.188343255230514817e-01 1.255702276257613936e-01 1.357758465157072048e-01
-1.358042617832840027e-01 -1.258567844573393046e-01 -1.188346499003462009e-01 -1.182347014354717535e-01 -1.041005266026210074e-01 -9.818150702045071176e-02 -9.363344121117427032e-02 -8.875795174172090851e-02 -8.447425312176272405e-02 -7.563903857971095157e-02 -6.155341667416562579e-02 -5.458791943894848731e-02 -3.180133411701262930e-02 -1.632048664281801620e-02 -9.555588558384452667e-04 9.555588558388786223e-04 1.632048664281819661e-02 3.180133411701269175e-02 5.458791943894825138e-02 6.155341667416522333e-02 7.563903857971006339e-02 8.447425312176283507e-02 8.875795174172040891e-02 9.363344121117417318e-02 9.818150702045051748e-02 1.041005266026204384e-01 1.182347014354723225e-01 1.188346499003462980e-01 1.258567844573390548e-01 1.358042617832845855e-01
-1.358137669302193762e-01 -1.261415081083669398e-01 -1.188350735646713785e-01 -1.183114890380002060e-01 -1.038468590727663066e-01 -9.801463660369566511e-02 -9.355384071104218269e-02 -8.874116412379670638e-02 -8.444968276481043534e-02 -7.572658510583878122e-02 -6.159947817120901142e-02 -5.452541733157838244e-02 -3.191181721737669508e-02 -1.701740777238033159e-02 -6.269359151580748777e-04 6.269359151581666012e-04 1.701740777238004709e-02 3.191181721737622323e-02 5.452541733157824366e-02 6.159947817120948327e-02 7.572658510583828162e-02 8.444968276481047698e-02 8.874116412379637331e-02 9.355384071104223820e-02 9.801463660369548470e-02 1.038468590727663066e-01 1.183114890380005391e-01 1.188350735646709483e-01 1.261415081083656908e-01 1.358137669302195427e-01
-1.358047506470941856e-01 -1.264236380118237135e-01 -1.188356449066857584e-01 -1.183874931016972859e-01 -1.035919121044970304e-01 -9.785170071421976645e-02 -9.347565418767209144e-02 -8.872342281273695730e-02 -8.439268153089134195e-02 -7.581423991459863843e-02 -6.164404086770814556e-02 -5.446498377029423271e-02 -3.205101951435369162e-02 -1.779046905902375089e-02 -2.756482092008394054e-04 2.756482092007753832e-04 1.779046905902363293e-02 3.205101951435314345e-02 5.446498377029423271e-02 6.164404086770791658e-02 7.581423991459811107e-02 8.439268153089091173e-02 8.872342281273738751e-02 9.347565418767220247e-02 9.785170071422059912e-02 1.035919121044963642e-01 1.183874931016969390e-01 1.188356449066854115e-01 1.264236380118233527e-01 1.358047506470944910e-01
-1.357778140235454678e-01 -1.267024620807481461e-01 -1.188364492646866999e-01 -1.184625524032955346e-01 -1.033367663940815417e-01 -9.769349163963290950e-02 -9.339901394918363742e-02 -8.870475097812495491e-02 -8.430192117663004581e-02 -7.590180091393465556e-02 -6.168710412062599485e-02 -5.440666312342567340e-02 -3.222395300130910523e-02 -1.861820466800342966e-02 -8.853571822951960559e-05 8.853571822957433069e-05 1.861820466800355109e-02 3.222395300130940360e-02 5.440666312342581218e-02 6.168710412062556464e-02 7.590180091393497475e-02 8.430192117663033724e-02 8.870475097812551002e-02 9.339901394918305455e-02 9.769349163963320093e-02 1.033367663940823744e-01 1.184625524032954097e-01 1.188364492646862697e-01 1.267024620807479518e-01 1.357778140235460784e-01
-1.357337606237660754e-01 -1.269773155771544704e-01 -1.188376515634642500e-01 -1.185364259045252888e-01 -1.030824778372995409e-01 -9.754082887369808219e-02 -9.332403096922482766e-02 -8.868519214946617157e-02 -8.417606602054904241e-02 -7.598904228669534078e-02 -6.172866886366070588e-02 -5.435050015552669173e-02 -3.243692588189511783e-02 -1.948006042727333867e-02 -4.581438336694414171e-04 4.581438336695740150e-04 1.948006042727363704e-02 3.243692588189520110e-02 5.435050015552653213e-02 6.172866886366092792e-02 7.598904228669514649e-02 8.417606602054886200e-02 8.868519214946597728e-02 9.332403096922466113e-02 9.754082887369805444e-02 1.030824778372993050e-01 1.185364259045259550e-01 1.188376515634640002e-01 1.269773155771541373e-01 1.357337606237664640e-01
-1.356735800122276792e-01 -1.272475796302973694e-01 -1.188396126763320571e-01 -1.186086749568268095e-01 -1.028300645994428830e-01 -9.739453966694468223e-02 -9.325079235274057188e-02 -8.866480850025569571e-02 -8.401382077440514018e-02 -7.607571038586492806e-02 -6.176873754915825770e-02 -5.429654107403299179e-02 -3.269764806160404408e-02 -2.035616145251473511e-02 -8.276500833947632958e-04 8.276500833946904374e-04 2.035616145251467266e-02 3.269764806160387755e-02 5.429654107403279056e-02 6.176873754915774423e-02 7.607571038586469214e-02 8.401382077440477936e-02 8.866480850025576510e-02 9.325079235274090494e-02 9.739453966694432141e-02 1.028300645994432577e-01 1.186086749568265875e-01 1.188396126763316130e-01 1.272475796302968976e-01 1.356735800122281788e-01
-1.355984256917982522e-01 -1.275126795294193038e-01 -1.188432708319485387e-01 -1.186782806990381717e-01 -1.025804941498853623e-01 -9.725543508281156435e-02 -9.317936059698064821e-02 -8.864367764774090663e-02 -8.381398495214002764e-02 -7.616151756191869016e-02 -6.180731409446640207e-02 -5.424483486666085291e-02 -3.301518247477529255e-02 -2.122710359750299910e-02 -1.193060323984257952e-03 1.193060323984560227e-03 2.122710359750296788e-02 3.301518247477546603e-02 5.424483486666047821e-02 6.180731409446580532e-02 7.616151756191849587e-02 8.381398495213981947e-02 8.864367764774101766e-02 9.317936059697988493e-02 9.725543508281163374e-02 1.025804941498857092e-01 1.186782806990383521e-01 1.188432708319490244e-01 1.275126795294193038e-01 1.355984256917983632e-01
-1.355095888146450323e-01 -1.277720828903662342e-01 -1.188516659739776993e-01 -1.187421187091568520e-01 -1.023346710698152251e-01 -9.712428281173940414e-02 -9.310977503418395307e-02 -8.862188856449081109e-02 -8.357551188104461737e-02 -7.624613280535333382e-02 -6.184440383522236268e-02 -5.419543502727953294e-02 -3.339960005646607638e-02 -2.207401439283644684e-02 -1.551531764724435993e-03 1.551531764724376795e-03 2.207401439283626296e-02 3.339960005646553515e-02 5.419543502728012274e-02 6.184440383522175205e-02 7.624613280535348647e-02 8.357551188104546391e-02 8.862188856449000618e-02 9.310977503418359225e-02 9.712428281173893230e-02 1.023346710698152251e-01 1.187421187091571989e-01 1.188516659739781850e-01 1.277720828903662342e-01 1.355095888146441996e-01
-1.354084692532786516e-01 -1.280252977730864661e-01 -1.188749375405295239e-01 -1.187899604176909790e-01 -1.020934264632574751e-01 -9.700177861989313366e-02 -9.304205555731967503e-02 -8.859953734413182624e-02 -8.329757064058106175e-02 -7.632916731826326628e-02 -6.188001348903438698e-02 -5.414840180983970797e-02 -3.386118603829599283e-02 -2.287908137878011741e-02 -1.901060660522766029e-03 1.901060660523222912e-03 2.287908137878014517e-02 3.386118603829602058e-02 5.414840180983935408e-02 6.188001348903440085e-02 7.632916731826382140e-02 8.329757064058204707e-02 8.859953734413113235e-02 9.304205555731964727e-02 9.700177861989316141e-02 1.020934264632581828e-01 1.187899604176908958e-01 1.188749375405295239e-01 1.280252977730862163e-01 1.354084692532785683e-01
-1.352965456604502681e-01 -1.282718708081438952e-01 -1.189230563052470629e-01 -1.188117406211428584e-01 -1.018575097291842813e-01 -9.688851874558436494e-02 -9.297620837107616054e-02 -8.857672351469673966e-02 -8.297961074073609278e-02 -7.641015172875670336e-02 -6.191415113425349781e-02 -5.410380521284077066e-02 -3.440913732289913735e-02 -2.362662332122307876e-02 -2.240241654222456177e-03 2.240241654222880751e-03 2.362662332122341183e-02 3.440913732290081656e-02 5.410380521284060412e-02 6.191415113425280392e-02 7.641015172875582906e-02 8.297961074073602339e-02 8.857672351469743355e-02 9.297620837107663239e-02 9.688851874558453148e-02 1.018575097291841425e-01 1.188117406211433441e-01 1.189230563052470629e-01 1.282718708081433401e-01 1.352965456604512395e-01
-1.351753460210569913e-01 -1.285113853743036771e-01 -1.189838074292690340e-01 -1.188195739326152328e-01 -1.016275832927042433e-01 -9.678497568070441870e-02 -9.291223315295468743e-02 -8.855354738375498247e-02 -8.262143266098272154e-02 -7.648849900439104454e-02 -6.194682621024075186e-02 -5.406172899326503606e-02 -3.504993289110690247e-02 -2.430452370058262118e-02 -2.568089393048562409e-03 2.568089393048686876e-03 2.430452370058272180e-02 3.504993289110747839e-02 5.406172899326468911e-02 6.194682621024073105e-02 7.648849900439086413e-02 8.262143266098244399e-02 8.855354738375516288e-02 9.291223315295424334e-02 9.678497568070452972e-02 1.016275832927045347e-01 1.188195739326151495e-01 1.189838074292700471e-01 1.285113853743032608e-01 1.351753460210569358e-01
-1.350464199498171425e-01 -1.287434598553671150e-01 -1.190474994199151731e-01 -1.188230454654574247e-01 -1.014042206677947811e-01 -9.669147951920491202e-02 -9.285013074212715434e-02 -8.853010861452068059e-02 -8.222327375049656717e-02 -7.656344183506107182e-02 -6.197804954786455961e-02 -5.402227615937638810e-02 -3.578586841975461841e-02 -2.490553109445878266e-02 -2.883909662060145894e-03 2.883909662060323703e-03 2.490553109445936900e-02 3.578586841975511801e-02 5.402227615937594402e-02 6.197804954786439308e-02 7.656344183506111345e-02 8.222327375049699738e-02 8.853010861452009772e-02 9.285013074212718209e-02 9.669147951920473161e-02 1.014042206677954194e-01 1.188230454654576468e-01 1.190474994199161168e-01 1.287434598553673093e-01 1.350464199498174755e-01
-1.349113136692901282e-01 -1.289677459917503433e-01 -1.191112454259850295e-01 -1.188249293168921333e-01 -1.011879079659473157e-01 -9.660820643849478417e-02 -9.278991036890077426e-02 -8.850650596339448839e-02 -8.178593139643068610e-02 -7.663392217520473282e-02 -6.200783344227715072e-02 -5.398557663203697177e-02 -3.661436360283655544e-02 -2.542781195646562700e-02 -3.187207969429989903e-03 3.187207969429711480e-03 2.542781195646609538e-02 3.661436360283602115e-02 5.398557663203586848e-02 6.200783344227814298e-02 7.663392217520442751e-02 8.178593139642975629e-02 8.850650596339475207e-02 9.278991036890101018e-02 9.660820643849461764e-02 1.011879079659466218e-01 1.188249293168922305e-01 1.191112454259852932e-01 1.289677459917504543e-01 1.349113136692895176e-01
-1.347715482670563680e-01 -1.291839273294788648e-01 -1.191740582004985061e-01 -1.188260935219498798e-01 -1.009790487123101432e-01 -9.653517501027593373e-02 -9.273159552511110737e-02 -8.848283792049568830e-02 -8.131097133252458697e-02 -7.669838599716102823e-02 -6.203619178485652447e-02 -5.395179815684828656e-02 -3.752836190990226778e-02 -2.587442964357556177e-02 -3.477625597087144298e-03 3.477625597087272234e-03 2.587442964357548197e-02 3.752836190990221921e-02 5.395179815684769675e-02 6.203619178485708652e-02 7.669838599716045924e-02 8.131097133252510045e-02 8.848283792049549401e-02 9.273159552511127390e-02 9.653517501027680803e-02 1.009790487123099073e-01 1.188260935219504627e-01 1.191740582004987697e-01 1.291839273294790869e-01 1.347715482670567566e-01
-1.346286015218669252e-01 -1.293917177547848907e-01 -1.192354734883206285e-01 -1.188268767251334235e-01 -1.007779716174784096e-01 -9.647225008433246707e-02 -9.267522783190228208e-02 -8.845920390668883526e-02 -8.080112855061172272e-02 -7.675437785823768788e-02 -6.206314027827593977e-02 -5.392116220879237393e-02 -3.851760230591338985e-02 -2.625196357662612848e-02 -3.754895388450130416e-03 3.754895388450128681e-03 2.625196357662551092e-02 3.851760230591335515e-02 5.392116220879245719e-02 6.206314027827551649e-02 7.675437785823782666e-02 8.080112855061165333e-02 8.845920390668852995e-02 9.267522783190243474e-02 9.647225008433253646e-02 1.007779716174781875e-01 1.188268767251327157e-01 1.192354734883205314e-01 1.293917177547855291e-01 1.346286015218665089e-01
-1.344838933356333199e-01 -1.295908600840972869e-01 -1.192952031093941490e-01 -1.188274353067171052e-01 -1.005849408025284303e-01 -9.641915313526908116e-02 -9.262086861727880649e-02 -8.843570567989336717e-02 -8.026115729385735476e-02 -7.679768171827812406e-02 -6.208869676931923903e-02 -5.389396777139856404e-02 -3.957018159759274206e-02 -2.656884266292709046e-02 -4.018811520538459296e-03 4.018811520538429806e-03 2.656884266292668800e-02 3.957018159759301962e-02 5.389396777139861955e-02 6.208869676931889209e-02 7.679768171827812406e-02 8.026115729385770170e-02 8.843570567989307574e-02 9.262086861727797382e-02 9.641915313526921993e-02 1.005849408025283331e-01 1.188274353067166333e-01 1.192952031093936910e-01 1.295908600840978697e-01 1.344838933356325705e-01
-1.343387746272108607e-01 -1.297811246540944152e-01 -1.193530279245208769e-01 -1.188278507863046035e-01 -1.004001678966382066e-01 -9.637547735484036648e-02 -9.256859828258269529e-02 -8.841244865875107217e-02 -7.969978254276047225e-02 -7.682035906841742923e-02 -6.211288175022783298e-02 -5.387062791113791937e-02 -4.067386995212147333e-02 -2.683392156395671829e-02 -4.269209080626415638e-03 4.269209080626320228e-03 2.683392156395628114e-02 4.067386995212125128e-02 5.387062791113750304e-02 6.211288175022799951e-02 7.682035906841741535e-02 7.969978254276005591e-02 8.841244865875112768e-02 9.256859828258241774e-02 9.637547735484033873e-02 1.004001678966382344e-01 1.188278507863049505e-01 1.193530279245205994e-01 1.297811246540950536e-01 1.343387746272114713e-01
-1.341945194397334562e-01 -1.299623078208257121e-01 -1.194087585647103655e-01 -1.188281696329872711e-01 -1.002238254153205443e-01 -9.634070548716627824e-02 -9.251851383474318791e-02 -8.838954295141657203e-02 -7.913443042202010502e-02 -7.680601076799420390e-02 -6.213571910437634682e-02 -5.385172784835727533e-02 -4.181692574645559657e-02 -2.705554111828371161e-02 -4.505950458071692442e-03 4.505950458071461724e-03 2.705554111828419039e-02 4.181692574645538840e-02 5.385172784835738635e-02 6.213571910437638846e-02 7.680601076799392635e-02 7.913443042201995237e-02 8.838954295141637774e-02 9.251851383474300750e-02 9.634070548716557048e-02 1.002238254153202945e-01 1.188281696329869935e-01 1.194087585647094774e-01 1.299623078208263782e-01 1.341945194397334840e-01
-1.340523199841604507e-01 -1.301342302256404959e-01 -1.194622192142302114e-01 -1.188284202019931346e-01 -1.000560608661694301e-01 -9.631422843927468780e-02 -9.247072514121225384e-02 -8.836710395754589220e-02 -7.860201058195412371e-02 -7.671899368605114566e-02 -6.215723721124621903e-02 -5.383812052899809159e-02 -4.298840809189463652e-02 -2.724105451606096198e-02 -4.728916436314241356e-03 4.728916436314301204e-03 2.724105451606081973e-02 4.298840809189432427e-02 5.383812052899852874e-02 6.215723721124698925e-02 7.671899368605195058e-02 7.860201058195394330e-02 8.836710395754659997e-02 9.247072514121189302e-02 9.631422843927432698e-02 1.000560608661695133e-01 1.188284202019926905e-01 1.194622192142301281e-01 1.301342302256408290e-01 1.340523199841601454e-01
-1.339132843830433128e-01 -1.302967346126372161e-01 -1.195132405108221274e-01 -1.188286207427499824e-01 -9.989701109372878252e-02 -9.629536299287663748e-02 -9.242535051684547254e-02 -8.834525247968089134e-02 -7.817118586671263636e-02 -7.649216153082666336e-02 -6.217747058805676852e-02 -5.383109045569100387e-02 -4.417808742494842150e-02 -2.739668331549216518e-02 -4.938000500170808098e-03 4.938000500170996315e-03 2.739668331549165864e-02 4.417808742494857416e-02 5.383109045569092754e-02 6.217747058805620647e-02 7.649216153082716296e-02 7.817118586671292779e-02 8.834525247968136319e-02 9.242535051684556968e-02 9.629536299287591583e-02 9.989701109372885190e-02 1.188286207427494273e-01 1.195132405108215168e-01 1.302967346126371329e-01 1.339132843830430908e-01
-1.337784369848031285e-01 -1.304496828806537001e-01 -1.195616565345724441e-01 -1.188287835121280694e-01 -9.974681643788541052e-02 -9.628336740381814030e-02 -9.238251219829506089e-02 -8.832411433184100824e-02 -7.790530175244247957e-02 -7.606396318536802481e-02 -6.219646234595652828e-02 -5.383264782351749461e-02 -4.537602802564624782e-02 -2.752756121182796042e-02 -5.133105322185287783e-03 5.133105322185171557e-03 2.752756121182823798e-02 4.537602802564573434e-02 5.383264782351736971e-02 6.219646234595707646e-02 7.606396318536810808e-02 7.790530175244275712e-02 8.832411433184045313e-02 9.238251219829501926e-02 9.628336740381740477e-02 9.974681643788492480e-02 1.188287835121282637e-01 1.195616565345724441e-01 1.304496828806535058e-01 1.337784369848023791e-01
-1.336487212847004835e-01 -1.305929519167086106e-01 -1.196073038468212640e-01 -1.188289170322329308e-01 -9.960563431354735320e-02 -9.627745421416750160e-02 -9.234233214048730154e-02 -8.830381946925007497e-02 -7.778218983634248296e-02 -7.545869222744214233e-02 -6.221426790264463630e-02 -5.384608470242236572e-02 -4.657180501730415201e-02 -2.763786251340123040e-02 -5.314140708596677178e-03 5.314140708596390948e-03 2.763786251340070652e-02 4.657180501730326383e-02 5.384608470242230327e-02 6.221426790264543427e-02 7.545869222744226723e-02 7.778218983634163641e-02 8.830381946924976966e-02 9.234233214048702398e-02 9.627745421416730731e-02 9.960563431354750585e-02 1.188289170322329030e-01 1.196073038468207367e-01 1.305929519167085273e-01 1.336487212847003725e-01
-1.335250057040177074e-01 -1.307264275876948434e-01 -1.196500216675651512e-01 -1.188290273988989870e-01 -9.947365179766189114e-02 -9.627680015283202053e-02 -9.230492842220701377e-02 -8.828450068701081122e-02 -7.773765427940750039e-02 -7.474309068592191463e-02 -6.223096066202196686e-02 -5.387708694992078551e-02 -4.775310986618761661e-02 -2.773095439551815852e-02 -5.481022507951142410e-03 5.481022507951186645e-03 2.773095439551759994e-02 4.775310986618689496e-02 5.387708694992079939e-02 6.223096066202159216e-02 7.474309068592058236e-02 7.773765427940776407e-02 8.828450068701103326e-02 9.230492842220683336e-02 9.627680015283172910e-02 9.947365179766158583e-02 1.188290273988987372e-01 1.196500216675658868e-01 1.307264275876945936e-01 1.335250057040183458e-01
-1.334080927192807520e-01 -1.308499960799985040e-01 -1.196896527444439168e-01 -1.188291190750331849e-01 -9.935109671189075453e-02 -9.628055352971229275e-02 -9.227041240605077244e-02 -8.826629195079360723e-02 -7.773013570772231706e-02 -7.396183168081613135e-02 -6.224664080954010748e-02 -5.393607529382455495e-02 -4.890308043151162659e-02 -2.780954242818173272e-02 -5.633672140970045691e-03 5.633672140969961557e-03 2.780954242818173966e-02 4.890308043151216782e-02 5.393607529382454108e-02 6.224664080953991319e-02 7.396183168081726933e-02 7.773013570772231706e-02 8.826629195079427337e-02 9.227041240605052264e-02 9.628055352971275072e-02 9.935109671189024105e-02 1.188291190750334764e-01 1.196896527444437502e-01 1.308499960799989759e-01 1.334080927192812793e-01
-1.332987320377498897e-01 -1.309635316281727579e-01 -1.197260446704805081e-01 -1.188291953902246151e-01 -9.923824650345094978e-02 -9.628784002641820050e-02 -9.223888668165194926e-02 -8.824932643222437034e-02 -7.773983030992108467e-02 -7.313863524320345089e-02 -6.226144906442467736e-02 -5.404323610262744271e-02 -4.999487275012641507e-02 -2.787579700396562027e-02 -5.772016518722103071e-03 5.772016518722273941e-03 2.787579700396550231e-02 4.999487275012666487e-02 5.404323610262735944e-02 6.226144906442507981e-02 7.313863524320379783e-02 7.773983030992187571e-02 8.824932643222456463e-02 9.223888668165156068e-02 9.628784002641833928e-02 9.923824650345129672e-02 1.188291953902252951e-01 1.197260446704800085e-01 1.309635316281726192e-01 1.332987320377497786e-01
-1.331976385470704793e-01 -1.310668796966864003e-01 -1.197590515008203210e-01 -1.188292588656025967e-01 -9.913543395810080205e-02 -9.629776825147065566e-02 -9.221044373788442328e-02 -8.823373432766605517e-02 -7.775729706550178755e-02 -7.228803960508577153e-02 -6.227558822624544577e-02 -5.423817359657730902e-02 -5.098148686118502554e-02 -2.793145772688232151e-02 -5.895988191494963560e-03 5.895988191495032081e-03 2.793145772688242559e-02 5.098148686118481737e-02 5.423817359657689269e-02 6.227558822624514739e-02 7.228803960508579929e-02 7.775729706550131570e-02 8.823373432766623559e-02 9.221044373788492288e-02 9.629776825147111363e-02 9.913543395810121839e-02 1.188292588656029991e-01 1.197590515008205708e-01 1.310668796966861505e-01 1.331976385470701740e-01
-1.331055153532998414e-01 -1.311598351433570508e-01 -1.197885355612099689e-01 -1.188293114308739823e-01 -9.904304846709845178e-02 -9.630943683951825873e-02 -9.218516525887698876e-02 -8.821964054262849964e-02 -7.777767449440338432e-02 -7.142180384185542463e-02 -6.228935637701773359e-02 -5.458762354249383636e-02 -5.178730336036205251e-02 -2.797791710243604374e-02 -6.005525622879667388e-03 6.005525622879571111e-03 2.797791710243619293e-02 5.178730336036155291e-02 5.458762354249344084e-02 6.228935637701759481e-02 7.142180384185557729e-02 7.777767449440320391e-02 8.821964054262890209e-02 9.218516525887654467e-02 9.630943683951753709e-02 9.904304846709811871e-02 1.188293114308745374e-01 1.197885355612102187e-01 1.311598351433567178e-01 1.331055153533000635e-01
-1.330230808902451989e-01 -1.312421162699196897e-01 -1.198143693596595977e-01 -1.188293545726223782e-01 -9.896153130810329823e-02 -9.632194516245608240e-02 -9.216312191444285540e-02 -8.820716232563091674e-02 -7.779824401070811746e-02 -7.055237787390498949e-02 -6.230319485802304769e-02 -5.514922095372527117e-02 -5.234315832714168254e-02 -2.801628642092045610e-02 -6.100573519495645913e-03 6.100573519495510605e-03 2.801628642092039018e-02 5.234315832714142580e-02 5.514922095372448707e-02 6.230319485802335994e-02 7.055237787390515602e-02 7.779824401070839501e-02 8.820716232563098613e-02 9.216312191444289703e-02 9.632194516245612403e-02 9.896153130810307619e-02 1.188293545726224754e-01 1.198143693596594173e-01 1.312421162699193566e-01 1.330230808902454209e-01
-1.329510961838324956e-01 -1.313133386036092198e-01 -1.198364375203455345e-01 -1.188293894374504861e-01 -9.889136335651260712e-02 -9.633440974123408385e-02 -9.214437351074629412e-02 -8.819640693513014496e-02 -7.781737494909164721e-02 -6.969570832300880925e-02 -6.231774392916102079e-02 -5.588785988872444627e-02 -5.266811826505021776e-02 -2.804744697191840011e-02 -6.181083171316563776e-03 6.181083171316412855e-03 2.804744697191802194e-02 5.266811826505007205e-02 5.588785988872550098e-02 6.231774392916100691e-02 6.969570832300875374e-02 7.781737494909174435e-02 8.819640693512945107e-02 9.214437351074607208e-02 9.633440974123452794e-02 9.889136335651277365e-02 1.188293894374503334e-01 1.198364375203454651e-01 1.313133386036118844e-01 1.329510961838331617e-01
-1.328903834095132297e-01 -1.313729972317493611e-01 -1.198546386619731008e-01 -1.188294169046440474e-01 -9.883304405533888115e-02 -9.634598798390721364e-02 -9.212896937485769155e-02 -8.818746942088750984e-02 -7.783403597897028958e-02 -6.887468666071307200e-02 -6.233385155324554228e-02 -5.669575925963601937e-02 -5.284640114610043848e-02 -2.807208942301077717e-02 -6.247012774178620220e-03 6.247012774178671395e-03 2.807208942301116575e-02 5.284640114610069522e-02 5.669575925963594998e-02 6.233385155324575044e-02 6.887468666071266954e-02 7.783403597896998427e-02 8.818746942088753760e-02 9.212896937485789972e-02 9.634598798390717200e-02 9.883304405533843706e-02 1.188294169046445053e-01 1.198546386619729759e-01 1.313729972317489170e-01 1.328903834095136460e-01
-1.328418206832617243e-01 -1.314204727337835998e-01 -1.198688871452520399e-01 -1.188294376376612255e-01 -9.878706157690693435e-02 -9.635590970446474002e-02 -9.211694886175410268e-02 -8.818043059685669316e-02 -7.784755314647104352e-02 -6.812413359656631362e-02 -6.235231708881670137e-02 -5.747005689512547227e-02 -5.294526251503407777e-02 -2.809074371019742652e-02 -6.298327717129524432e-03 6.298327717129743875e-03 2.809074371019749938e-02 5.294526251503418879e-02 5.747005689512555554e-02 6.235231708881671525e-02 6.812413359656695200e-02 7.784755314647026636e-02 8.818043059685727603e-02 9.211694886175435248e-02 9.635590970446464287e-02 9.878706157690671230e-02 1.188294376376616557e-01 1.198688871452523036e-01 1.314204727337830725e-01 1.328418206832621962e-01
-1.328062946136301659e-01 -1.314550791862830192e-01 -1.198791146179912087e-01 -1.188294521204670551e-01 -9.875385599415073545e-02 -9.636351492258601881e-02 -9.210834189043856646e-02 -8.817535527601035039e-02 -7.785748325948685378e-02 -6.749708974717177901e-02 -6.237278040829726672e-02 -5.812246732919340575e-02 -5.300025966641197517e-02 -2.810380128716329085e-02 -6.335000824516452862e-03 6.335000824516242093e-03 2.810380128716331860e-02 5.300025966641156577e-02 5.812246732919323922e-02 6.237278040829682263e-02 6.749708974717237575e-02 7.785748325948686765e-02 8.817535527600987855e-02 9.210834189043834441e-02 9.636351492258569962e-02 9.875385599415079096e-02 1.188294521204664722e-01 1.198791146179913336e-01 1.314550791862828527e-01 1.328062946136302769e-01
-1.327845997467058670e-01 -1.314761651228243400e-01 -1.198852712929152770e-01 -1.188294606826302141e-01 -9.873377966342375411e-02 -9.636829399215518510e-02 -9.210316943473155493e-02 -8.817229082869129653e-02 -7.786354519816701680e-02 -6.706725895867526877e-02 -6.239123247504113623e-02 -5.856631306433163903e-02 -5.302831744897401611e-02 -2.811153112856846006e-02 -6.357012547281816646e-03 6.357012547281480110e-03 2.811153112856842537e-02 5.302831744897408550e-02 5.856631306433204148e-02 6.239123247504112235e-02 6.706725895867579612e-02 7.786354519816618414e-02 8.817229082869097734e-02 9.210316943473159657e-02 9.636829399215490755e-02 9.873377966342389289e-02 1.188294606826299366e-01 1.198852712929157904e-01 1.314761651228245065e-01 1.327845997467050343e-01
-1.327772996824217178e-01 -1.314832526886302588e-01 -1.198873269031020122e-01 -1.188294635157305656e-01 -9.872706113433017683e-02 -9.636992392941105823e-02 -9.210144391255463414e-02 -8.817126611498724009e-02 -7.786558259095505141e-02 -6.691205216399580269e-02 -6.239915860726597679e-02 -5.872513610947334428e-02 -5.303695510348487019e-02 -2.811409049404145835e-02 -6.364351100693646859e-03 6.364351100693574001e-03 2.811409049404139243e-02 5.303695510348467590e-02 5.872513610947297652e-02 6.239915860726601843e-02 6.691205216399595535e-02 7.786558259095538448e-02 8.817126611498737887e-02 9.210144391255452312e-02 9.636992392941040597e-02 9.872706113433077357e-02 1.188294635157306073e-01 1.198873269031021094e-01 1.314832526886308695e-01 1.327772996824218288e-01
