-9.985177711022730218e-02 -9.716758720777736447e-02 -8.791879637048993779e-02 -7.726640083789644564e-02 -7.203807677211418459e-02 -7.036773683786477773e-02 -6.613639506962634695e-02 -5.507282581429250035e-02 -4.893947652825190314e-02 -4.095278281880508631e-02 -3.377178503594949893e-02 -2.635773999107322504e-02 -1.744088909627918363e-02 -1.272458105893537438e-02 -5.159283614591176530e-04 5.159283614590785133e-04 1.272458105893485743e-02 1.744088909627984282e-02 2.635773999107381485e-02 3.377178503594974179e-02 4.095278281880482263e-02 4.893947652825191008e-02 5.507282581429231300e-02 6.613639506962662451e-02 7.036773683786499978e-02 7.203807677211361560e-02 7.726640083789643176e-02 8.791879637049000717e-02 9.716758720777703140e-02 9.985177711022677483e-02
-9.985183843392739234e-02 -9.716758446716289299e-02 -8.791880330930498810e-02 -7.726645087068281792e-02 -7.203798703695375727e-02 -7.036765242162841549e-02 -6.613668995325125421e-02 -5.507284126980205308e-02 -4.894115984456959279e-02 -4.095267632579076278e-02 -3.377175796936663504e-02 -2.635618422426659613e-02 -1.744059779007246444e-02 -1.272094487906598632e-02 -5.196037826375153341e-04 5.196037826375177193e-04 1.272094487906620316e-02 1.744059779007244709e-02 2.635618422426691879e-02 3.377175796936666280e-02 4.095267632579112360e-02 4.894115984456997442e-02 5.507284126980224737e-02 6.613668995325090727e-02 7.036765242162867917e-02 7.203798703695331318e-02 7.726645087068308160e-02 8.791880330930484932e-02 9.716758446716300401e-02 9.985183843392689274e-02
-9.985202213764461654e-02 -9.716757621683665136e-02 -8.791882388776146862e-02 -7.726660076764184371e-02 -7.203771834984305789e-02 -7.036739886567218438e-02 -6.613757294097509509e-02 -5.507288732916152535e-02 -4.894619603214108577e-02 -4.095235890825234260e-02 -3.377167593937854817e-02 -2.635153314093341761e-02 -1.743972790963721486e-02 -1.271004132611049976e-02 -5.306193325073561449e-04 5.306193325071432076e-04 1.271004132611053099e-02 1.743972790963705874e-02 2.635153314093322333e-02 3.377167593937873552e-02 4.095235890825218300e-02 4.894619603214135639e-02 5.507288732916117840e-02 6.613757294097530326e-02 7.036739886567265623e-02 7.203771834984316891e-02 7.726660076764170493e-02 8.791882388776094126e-02 9.716757621683691504e-02 9.985202213764435286e-02
-9.985232742072076839e-02 -9.716756237167256671e-02 -8.791885739382956921e-02 -7.726684992607892044e-02 -7.203727226380167437e-02 -7.036697524821476646e-02 -6.613903905456433585e-02 -5.507296307188613155e-02 -4.895454400024945585e-02 -4.095183670219407907e-02 -3.377153646748620730e-02 -2.634383512788873033e-02 -1.743829146755640144e-02 -1.269188562317100609e-02 -5.489428189422232429e-04 5.489428189421481077e-04 1.269188562317064180e-02 1.743829146755628695e-02 2.634383512788905993e-02 3.377153646748627669e-02 4.095183670219381539e-02 4.895454400024882441e-02 5.507296307188574297e-02 6.613903905456426646e-02 7.036697524821430849e-02 7.203727226380117477e-02 7.726684992607849023e-02 8.791885739382925002e-02 9.716756237167244181e-02 9.985232742071993572e-02
-9.985275295367990189e-02 -9.716754279086514678e-02 -8.791890264722057591e-02 -7.726719734647792548e-02 -7.203665136017464721e-02 -7.036638003286831144e-02 -6.614108003428630089e-02 -5.507306696727388984e-02 -4.896613590358889212e-02 -4.095111977474946707e-02 -3.377133546309886436e-02 -2.633316995555096129e-02 -1.743630814883171884e-02 -1.266650401283462429e-02 -5.745204165667611423e-04 5.745204165664521447e-04 1.266650401283465378e-02 1.743630814883169802e-02 2.633316995555081558e-02 3.377133546309865619e-02 4.095111977474923809e-02 4.896613590358902396e-02 5.507306696727377188e-02 6.614108003428603721e-02 7.036638003286831144e-02 7.203665136017516069e-02 7.726719734647828630e-02 8.791890264722020121e-02 9.716754279086514678e-02 9.985275295367961046e-02
-9.985329688564606454e-02 -9.716751727952788187e-02 -8.791895800898781588e-02 -7.726764163993068979e-02 -7.203585923804771418e-02 -7.036561106877430027e-02 -6.614368439472741168e-02 -5.507319687967547617e-02 -4.898087808204525107e-02 -4.095022189217387143e-02 -3.377106728223089327e-02 -2.631964749146411056e-02 -1.743380482055485042e-02 -1.263393504117861152e-02 -6.072764041114899489e-04 6.072764041116188605e-04 1.263393504117910418e-02 1.743380482055510716e-02 2.631964749146396831e-02 3.377106728223126103e-02 4.095022189217378816e-02 4.898087808204554944e-02 5.507319687967547617e-02 6.614368439472724515e-02 7.036561106877402272e-02 7.203585923804779745e-02 7.726764163993073142e-02 8.791895800898719138e-02 9.716751727952856188e-02 9.985329688564593964e-02
-9.985395685467293725e-02 -9.716748559091034632e-02 -8.791902139489453372e-02 -7.726818103841785745e-02 -7.203490049926393468e-02 -7.036466559126280940e-02 -6.614683750256328265e-02 -5.507335007608481214e-02 -4.899865233928166197e-02 -4.094916020912495874e-02 -3.377072480646517438e-02 -2.630340594815556640e-02 -1.743081487205606905e-02 -1.259423131222938905e-02 -6.471127868750895353e-04 6.471127868750312052e-04 1.259423131222895190e-02 1.743081487205558333e-02 2.630340594815583355e-02 3.377072480646526459e-02 4.094916020912470894e-02 4.899865233928109992e-02 5.507335007608397254e-02 6.614683750256306061e-02 7.036466559126260123e-02 7.203490049926392080e-02 7.726818103841777419e-02 8.791902139489515822e-02 9.716748559091006876e-02 9.985395685467302052e-02
-9.985473000095206053e-02 -9.716744742920473132e-02 -8.791909029247632623e-02 -7.726881340787133956e-02 -7.203378072893894257e-02 -7.036354022355841009e-02 -6.615052167593156451e-02 -5.507352323626384799e-02 -4.901931752528974895e-02 -4.094795489218140683e-02 -3.377029953922620203e-02 -2.628460971206434543e-02 -1.742737741064115733e-02 -1.254746167227847528e-02 -6.939087943610342240e-04 6.939087943610636059e-04 1.254746167227854120e-02 1.742737741064144183e-02 2.628460971206472013e-02 3.377029953922604244e-02 4.094795489218149009e-02 4.901931752529038733e-02 5.507352323626413942e-02 6.615052167593175880e-02 7.036354022355791049e-02 7.203378072893855399e-02 7.726881340787147834e-02 8.791909029247643725e-02 9.716744742920528644e-02 9.985473000095186624e-02
-9.985561298282731590e-02 -9.716740245293563338e-02 -8.791916178168170115e-02 -7.726953626387540741e-02 -7.203250647127706907e-02 -7.036223098010892241e-02 -6.615471630489466737e-02 -5.507371246566682144e-02 -4.904271138112929751e-02 -4.094662869272495953e-02 -3.376978171592699696e-02 -2.626344681063169997e-02 -1.742353634314638272e-02 -1.249371377543278920e-02 -7.475202402109479196e-04 7.475202402109552922e-04 1.249371377543282736e-02 1.742353634314584496e-02 2.626344681063147446e-02 3.376978171592681655e-02 4.094662869272491790e-02 4.904271138112965833e-02 5.507371246566698797e-02 6.615471630489570820e-02 7.036223098010896404e-02 7.203250647127731887e-02 7.726953626387604579e-02 8.791916178168159013e-02 9.716740245293596645e-02 9.985561298282821796e-02
-9.985660199555368433e-02 -9.716735027887425658e-02 -8.791923255899863898e-02 -7.727034678985883476e-02 -7.203108520050713337e-02 -7.036073327228926921e-02 -6.615939799238292063e-02 -5.507391331145937430e-02 -4.906865259909366089e-02 -4.094520648556365661e-02 -3.376916042424912140e-02 -2.624012608292295573e-02 -1.741933937714676764e-02 -1.243309697625370053e-02 -8.077787285018267786e-04 8.077787285018470532e-04 1.243309697625335185e-02 1.741933937714740949e-02 2.624012608292219939e-02 3.376916042424919773e-02 4.094520648556385090e-02 4.906865259909399396e-02 5.507391331145936736e-02 6.615939799238228225e-02 7.036073327228994922e-02 7.203108520050628683e-02 7.727034678985907068e-02 8.791923255899875000e-02 9.716735027887414555e-02 9.985660199555303207e-02
-9.985769279269661458e-02 -9.716729048645848799e-02 -8.791929896490385810e-02 -7.727124185760264607e-02 -7.202952528669620547e-02 -7.035904191728929724e-02 -6.616454071483081345e-02 -5.507412078198967165e-02 -4.909694304859796993e-02 -4.094371478997774899e-02 -3.376842373076612003e-02 -2.621487412509236961e-02 -1.741483697770783087e-02 -1.236574549276940084e-02 -8.744906873931274560e-04 8.744906873930805100e-04 1.236574549276916839e-02 1.741483697770767822e-02 2.621487412509213369e-02 3.376842373076675841e-02 4.094371478997754082e-02 4.909694304859799074e-02 5.507412078198990757e-02 6.616454071483020283e-02 7.035904191728881152e-02 7.202952528669609444e-02 7.727124185760256281e-02 8.791929896490358054e-02 9.716729048645895983e-02 9.985769279269680887e-02
-9.985888071008426625e-02 -9.716722262267921129e-02 -8.791935701447275986e-02 -7.727221804986320053e-02 -7.202783595622182233e-02 -7.035715115112002593e-02 -6.617011600161760987e-02 -5.507432937007294277e-02 -4.912737011717106111e-02 -4.094218128928279327e-02 -3.376755881024317424e-02 -2.618793208547246995e-02 -1.741008131575787904e-02 -1.229182178367898767e-02 -9.474362079573816348e-04 9.474362079575361336e-04 1.229182178367877257e-02 1.741008131575761536e-02 2.618793208547257056e-02 3.376755881024304240e-02 4.094218128928243938e-02 4.912737011717113744e-02 5.507432937007265134e-02 6.617011600161744334e-02 7.035715115112015083e-02 7.202783595622223867e-02 7.727221804986346421e-02 8.791935701447274598e-02 9.716722262267941945e-02 9.985888071008407196e-02
-9.986016069217158730e-02 -9.716714620736528751e-02 -8.791940243097190466e-02 -7.727327168488797027e-02 -7.202602724664658451e-02 -7.035505464671677756e-02 -6.617609313219038891e-02 -5.507453308047677992e-02 -4.915970911689399730e-02 -4.094063436365294462e-02 -3.376655207426812466e-02 -2.615955238491627158e-02 -1.740512524272074327e-02 -1.221152008725459245e-02 -1.026367662942692096e-03 1.026367662942697084e-03 1.221152008725413969e-02 1.740512524271987591e-02 2.615955238491586218e-02 3.376655207426813854e-02 4.094063436365263237e-02 4.915970911689385159e-02 5.507453308047632889e-02 6.617609313219040279e-02 7.035505464671679143e-02 7.202602724664630696e-02 7.727327168488822007e-02 8.791940243097240426e-02 9.716714620736545405e-02 9.986016069217198976e-02
-9.986152732070055493e-02 -9.716706073884726069e-02 -8.791943068221619306e-02 -7.727439884258621716e-02 -7.202410995575882213e-02 -7.035274553817014165e-02 -6.618243934964990194e-02 -5.507472546199969343e-02 -4.919372570925915206e-02 -4.093910264899457141e-02 -3.376538929630933800e-02 -2.612999543644823827e-02 -1.740002132293197792e-02 -1.212507007615930797e-02 -1.111008077286328513e-03 1.111008077286060932e-03 1.212507007615926460e-02 1.740002132293244630e-02 2.612999543644857134e-02 3.376538929630899799e-02 4.093910264899471019e-02 4.919372570925900634e-02 5.507472546199926322e-02 6.618243934965013786e-02 7.035274553817023879e-02 7.202410995575871111e-02 7.727439884258617553e-02 8.791943068221655389e-02 9.716706073884763539e-02 9.986152732070067983e-02
-9.986297484548603554e-02 -9.716696569992261390e-02 -8.791943701945659218e-02 -7.727559539208857242e-02 -7.202209558456640348e-02 -7.035021645214102615e-02 -6.618912008934958735e-02 -5.507489964450854730e-02 -4.922917830536643891e-02 -4.093761463230703723e-02 -3.376405573083630929e-02 -2.609952643427715380e-02 -1.739482095089213767e-02 -1.203274059154997230e-02 -1.201049219696837369e-03 1.201049219697004986e-03 1.203274059154996536e-02 1.739482095089127031e-02 2.609952643427730645e-02 3.376405573083637868e-02 4.093761463230728703e-02 4.922917830536579359e-02 5.507489964450788811e-02 6.618912008934940694e-02 7.035021645214142860e-02 7.202209558456634797e-02 7.727559539208851691e-02 8.791943701945639789e-02 9.716696569992248900e-02 9.986297484548599390e-02
-9.986449721717413630e-02 -9.716686056407798644e-02 -8.791941651855218753e-02 -7.727685702043532445e-02 -7.201999627405487880e-02 -7.034745954749697938e-02 -6.619609922090871623e-02 -5.507504838128171598e-02 -4.926582040334471363e-02 -4.093619829136600774e-02 -3.376253622473510824e-02 -2.606841227612849074e-02 -1.738957357490786629e-02 -1.193484343075192425e-02 -1.296149382880259961e-03 1.296149382880191006e-03 1.193484343075171782e-02 1.738957357490729730e-02 2.606841227612821665e-02 3.376253622473500415e-02 4.093619829136551508e-02 4.926582040334397811e-02 5.507504838128152863e-02 6.619609922090859133e-02 7.034745954749664631e-02 7.201999627405464288e-02 7.727685702043542160e-02 8.791941651855282591e-02 9.716686056407694561e-02 9.986449721717392813e-02
-9.986608812177322214e-02 -9.716674480191210550e-02 -8.791936412314686755e-02 -7.727817926209516741e-02 -7.201782473557438724e-02 -7.034446656416123989e-02 -6.620333930185821891e-02 -5.507516409695727838e-02 -4.930340283054844563e-02 -4.093488078396479574e-02 -3.376081531985024309e-02 -2.603691867498640275e-02 -1.738432604254658287e-02 -1.183173717430933795e-02 -1.395930819639728355e-03 1.395930819639647040e-03 1.183173717430931193e-02 1.738432604254678410e-02 2.603691867498652071e-02 3.376081531985003492e-02 4.093488078396539248e-02 4.930340283054875095e-02 5.507516409695668858e-02 6.620333930185848259e-02 7.034446656416150356e-02 7.201782473557485909e-02 7.727817926209540333e-02 8.791936412314613203e-02 9.716674480191228591e-02 9.986608812177338867e-02
-9.986774101676872128e-02 -9.716661788769821728e-02 -8.791927468954939540e-02 -7.727955752902852804e-02 -7.201559417480535297e-02 -7.034122888209985713e-02 -6.621080184096130028e-02 -5.507523894129714992e-02 -4.934167586402232047e-02 -4.093368818943723952e-02 -3.375887734606038137e-02 -2.600530750705977098e-02 -1.737912207694090883e-02 -1.172383104880691043e-02 -1.499976803987497758e-03 1.499976803987335561e-03 1.172383104880674737e-02 1.737912207694107189e-02 2.600530750706019426e-02 3.375887734606033280e-02 4.093368818943769749e-02 4.934167586402190414e-02 5.507523894129682379e-02 6.621080184096085619e-02 7.034122888210010693e-02 7.201559417480535297e-02 7.727955752902831987e-02 8.791927468954990887e-02 9.716661788769768993e-02 9.986774101676905435e-02
-9.986944916859147314e-02 -9.716647930601735039e-02 -8.791914303301494316e-02 -7.728098714098721733e-02 -7.201331820931482219e-02 -7.033773759122007030e-02 -6.621844756911123009e-02 -5.507526484892365237e-02 -4.938039120879519905e-02 -4.093264530287429870e-02 -3.375670650483171553e-02 -2.597383443253488064e-02 -1.737400188683192043e-02 -1.161158882955340421e-02 -1.607828291902663881e-03 1.607828291902571290e-03 1.161158882955360197e-02 1.737400188683134797e-02 2.597383443253491186e-02 3.375670650483148655e-02 4.093264530287447911e-02 4.938039120879499089e-02 5.507526484892392993e-02 6.621844756911095253e-02 7.033773759121987601e-02 7.201331820931454464e-02 7.728098714098689814e-02 8.791914303301469336e-02 9.716647930601673977e-02 9.986944916859179233e-02
-9.987120569122580338e-02 -9.716632855842324834e-02 -8.791896397508400240e-02 -7.728246335575572612e-02 -7.201101077985723464e-02 -7.033398357282150126e-02 -6.622623671555383229e-02 -5.507523360503482901e-02 -4.941930381942875178e-02 -4.093177548054051373e-02 -3.375428694364036863e-02 -2.594274681495490828e-02 -1.736900190759668380e-02 -1.149553278943026349e-02 -1.718980167373328899e-03 1.718980167373135911e-03 1.149553278943034849e-02 1.736900190759646176e-02 2.594274681495456827e-02 3.375428694364027843e-02 4.093177548054086068e-02 4.941930381942870321e-02 5.507523360503465554e-02 6.622623671555398495e-02 7.033398357282212576e-02 7.201101077985713750e-02 7.728246335575630899e-02 8.791896397508375260e-02 9.716632855842309568e-02 9.987120569122576175e-02
-9.987300358568310110e-02 -9.716616517005530196e-02 -8.791873239163051912e-02 -7.728398139902714625e-02 -7.200868605567672942e-02 -7.032995759301924332e-02 -6.623412928707496372e-02 -5.507513691701550890e-02 -4.945817355570290147e-02 -4.093110053332411208e-02 -3.375160282205619949e-02 -2.591228195425813313e-02 -1.736415466572825000e-02 -1.137624769361378178e-02 -1.832877078591136537e-03 1.832877078591141741e-03 1.137624769361359964e-02 1.736415466572842001e-02 2.591228195425784517e-02 3.375160282205626888e-02 4.093110053332409820e-02 4.945817355570288065e-02 5.507513691701503705e-02 6.623412928707538005e-02 7.032995759301985395e-02 7.200868605567681269e-02 7.728398139902664665e-02 8.791873239163046361e-02 9.716616517005531584e-02 9.987300358568360070e-02
-9.987483578012074092e-02 -9.716598869615404588e-02 -8.791844326127022657e-02 -7.728553649360361821e-02 -7.200635833423822685e-02 -7.032565040831563474e-02 -6.624208534770067991e-02 -5.507496649168410613e-02 -4.949676666832866084e-02 -4.093064066386433580e-02 -3.374863837056710919e-02 -2.588266563808290510e-02 -1.735948875538078848e-02 -1.125438482027068740e-02 -1.948908900318830186e-03 1.948908900318741715e-03 1.125438482027083659e-02 1.735948875538063929e-02 2.588266563808261714e-02 3.374863837056726185e-02 4.093064066386430805e-02 4.949676666832845268e-02 5.507496649168432123e-02 6.624208534770088808e-02 7.032565040831542658e-02 7.200635833423843501e-02 7.728553649360418720e-02 8.791844326126982412e-02 9.716598869615354628e-02 9.987483578012129604e-02
-9.987669517029594546e-02 -9.716579872841636656e-02 -8.791809171373356213e-02 -7.728712388766097174e-02 -7.200404193595741353e-02 -7.032105288321559289e-02 -6.625006529640145581e-02 -5.507471411776915932e-02 -4.953485711496041083e-02 -4.093041444212001945e-02 -3.374537794346420955e-02 -2.585411100626290593e-02 -1.735502891292578162e-02 -1.113066594934269092e-02 -2.066405906486509878e-03 2.066405906486653427e-03 1.113066594934255561e-02 1.735502891292561856e-02 2.585411100626260408e-02 3.374537794346434139e-02 4.093041444212036639e-02 4.953485711496011940e-02 5.507471411776882625e-02 6.625006529640148356e-02 7.032105288321562064e-02 7.200404193595719149e-02 7.728712388766080521e-02 8.791809171373311804e-02 9.716579872841647758e-02 9.987669517029625077e-02
-9.987857466011136609e-02 -9.716559490114307085e-02 -8.791767307783793228e-02 -7.728873888176074347e-02 -7.200175109470056956e-02 -7.031615611947848732e-02 -6.625803014027453752e-02 -5.507437175302385551e-02 -4.957222771051614241e-02 -4.093043881358005009e-02 -3.374180606726058518e-02 -2.582681771480402344e-02 -1.735079617375365202e-02 -1.100588719868872585e-02 -2.184633808239807608e-03 2.184633808239858348e-03 1.100588719868852289e-02 1.735079617375322528e-02 2.582681771480383956e-02 3.374180606726051579e-02 4.093043881358048031e-02 4.957222771051593424e-02 5.507437175302351551e-02 6.625803014027446813e-02 7.031615611947829303e-02 7.200175109470019486e-02 7.728873888176060469e-02 8.791767307783861229e-02 9.716559490114347331e-02 9.987857466011190732e-02
-9.988046720194122818e-02 -9.716537689710279257e-02 -8.791718292867571616e-02 -7.729037685437920024e-02 -7.199949984498554834e-02 -7.031095159623336477e-02 -6.626594176068015263e-02 -5.507393161521612068e-02 -4.960867111893021292e-02 -4.093072913410812641e-02 -3.373790748622024216e-02 -2.580097137830136139e-02 -1.734680809489265799e-02 -1.088092249165881382e-02 -2.302788914282990953e-03 2.302788914283048199e-03 1.088092249165850157e-02 1.734680809489284187e-02 2.580097137830092077e-02 3.373790748622045726e-02 4.093072913410820274e-02 4.960867111893039333e-02 5.507393161521612068e-02 6.626594176068008324e-02 7.031095159623333701e-02 7.199949984498578426e-02 7.729037685437939453e-02 8.791718292867541085e-02 9.716537689710277870e-02 9.988046720194143635e-02
-9.988236583646428746e-02 -9.716514445309171188e-02 -8.791661713359581742e-02 -7.729203328568809428e-02 -7.199730190701132682e-02 -7.030543131985433902e-02 -6.627376316988682625e-02 -5.507338627602609976e-02 -4.964399069591009933e-02 -4.093129922536821452e-02 -3.373366720662630130e-02 -2.577674326379241626e-02 -1.734307902719798775e-02 -1.075672630489376939e-02 -2.419993810163462850e-03 2.419993810163347924e-03 1.075672630489334612e-02 1.734307902719769284e-02 2.577674326379255157e-02 3.373366720662654417e-02 4.093129922536860310e-02 4.964399069590940544e-02 5.507338627602607894e-02 6.627376316988640992e-02 7.030543131985469985e-02 7.199730190701124355e-02 7.729203328568794162e-02 8.791661713359592845e-02 9.716514445309108738e-02 9.988236583646403766e-02
-9.988426373170489203e-02 -9.716489736511541020e-02 -8.791597189664064615e-02 -7.729370377938084291e-02 -7.199517057081512850e-02 -7.029958798211610738e-02 -6.628145875584978697e-02 -5.507272875671576084e-02 -4.967800119414227111e-02 -4.093216144498617454e-02 -3.372907054142729871e-02 -2.575429020466302871e-02 -1.733962042163009892e-02 -1.063433516376504490e-02 -2.535294137236471755e-03 2.535294137236585813e-03 1.063433516376479510e-02 1.733962042162999484e-02 2.575429020466328892e-02 3.372907054142722238e-02 4.093216144498608433e-02 4.967800119414218785e-02 5.507272875671582330e-02 6.628145875584946778e-02 7.029958798211596860e-02 7.199517057081543381e-02 7.729370377937999637e-02 8.791597189664099310e-02 9.716489736511492448e-02 9.988426373170504469e-02
-9.988615422099085539e-02 -9.716463549316561865e-02 -8.791524380100614044e-02 -7.729538408233915803e-02 -7.199311858102455663e-02 -7.029341512480052900e-02 -6.628899451290283518e-02 -5.507195262425512022e-02 -4.971052934369836473e-02 -4.093332676590728803e-02 -3.372410315690541061e-02 -2.573375470019742192e-02 -1.733644115551926171e-02 -1.051486712442869370e-02 -2.647657281539132594e-03 2.647657281539077083e-03 1.051486712442864686e-02 1.733644115551980988e-02 2.573375470019757111e-02 3.372410315690545224e-02 4.093332676590818314e-02 4.971052934369876719e-02 5.507195262425527982e-02 6.628899451290290457e-02 7.029341512480069554e-02 7.199311858102525052e-02 7.729538408233943558e-02 8.791524380100690372e-02 9.716463549316560477e-02 9.988615422099064722e-02
-9.988803083954386763e-02 -9.716435876553931872e-02 -8.791442984918784731e-02 -7.729707010198620665e-02 -7.199115802378805440e-02 -7.028690730859335489e-02 -6.629633825630311394e-02 -5.507105208643939265e-02 -4.974141432120236100e-02 -4.093480485984968970e-02 -3.371875112297165883e-02 -2.571526516483842520e-02 -1.733354786628476737e-02 -1.039951821617098211e-02 -2.755974047661725271e-03 2.755974047661903514e-03 1.039951821617103069e-02 1.733354786628600944e-02 2.571526516483887623e-02 3.371875112297174903e-02 4.093480485985006440e-02 4.974141432120229855e-02 5.507105208643960081e-02 6.629633825630416866e-02 7.028690730859310509e-02 7.199115802378813767e-02 7.729707010198623440e-02 8.791442984918756975e-02 9.716435876553995710e-02 9.988803083954464479e-02
-9.988988735942802566e-02 -9.716406718267600606e-02 -8.791352750042327746e-02 -7.729875792117868460e-02 -7.198930021758981335e-02 -7.028006028379794878e-02 -6.630345981877733275e-02 -5.507002208439219781e-02 -4.977050812166571719e-02 -4.093660418021153463e-02 -3.371300096866464840e-02 -2.569893629086922315e-02 -1.733094528185939731e-02 -1.028955454550357050e-02 -2.859064663312661445e-03 2.859064663312616342e-03 1.028955454550337101e-02 1.733094528185948405e-02 2.569893629086881376e-02 3.371300096866522433e-02 4.093660418021153463e-02 4.977050812166700783e-02 5.507002208439183005e-02 6.630345981877723560e-02 7.028006028379814307e-02 7.198930021759060438e-02 7.729875792117919808e-02 8.791352750042345787e-02 9.716406718267579790e-02 9.988988735942795627e-02
-9.989171782257065535e-02 -9.716376082047281648e-02 -8.791253470512101764e-02 -7.730044381055868608e-02 -7.198755560971176193e-02 -7.027287116016739388e-02 -6.631033122743922037e-02 -5.506885838076691631e-02 -4.979767584690168031e-02 -4.093873204033091073e-02 -3.370683974439139113e-02 -2.568486948900278871e-02 -1.732863653887249666e-02 -1.018629854435667073e-02 -2.955690676735475350e-03 2.955690676735206034e-03 1.018629854435624572e-02 1.732863653887316280e-02 2.568486948900372199e-02 3.370683974439131481e-02 4.093873204033072338e-02 4.979767584690103499e-02 5.506885838076615303e-02 6.631033122743978936e-02 7.027287116016721347e-02 7.198755560971144274e-02 7.730044381055857505e-02 8.791253470512085111e-02 9.716376082047235851e-02 9.989171782256994758e-02
-9.989351657162019726e-02 -9.716343983305213150e-02 -8.791144993591554213e-02 -7.730212423828308754e-02 -7.198593368009532922e-02 -7.026533857293186525e-02 -6.631692685974061030e-02 -5.506755764190438690e-02 -4.982279592399228157e-02 -4.094119468348442203e-02 -3.370025509240497791e-02 -2.567315337304173009e-02 -1.732662348137131020e-02 -1.009110777760322680e-02 -3.044574372919313463e-03 3.044574372919714184e-03 1.009110777760345926e-02 1.732662348137109162e-02 2.567315337304144907e-02 3.370025509240472811e-02 4.094119468348499796e-02 4.982279592399212892e-02 5.506755764190399832e-02 6.631692685974141521e-02 7.026533857293197627e-02 7.198593368009610638e-02 7.730212423828308754e-02 8.791144993591604173e-02 9.716343983305227028e-02 9.989351657161997522e-02
-9.989527827838909357e-02 -9.716310445497210180e-02 -8.791027221508604383e-02 -7.730379587712417344e-02 -7.198444285435008638e-02 -7.025746284202033509e-02 -6.632322357733513862e-02 -5.506611751218295353e-02 -4.984576026669212956e-02 -4.094399734154709897e-02 -3.369323532699020768e-02 -2.566386425710721897e-02 -1.732490693439497909e-02 -1.000534494684609046e-02 -3.124427108916496849e-03 3.124427108916456516e-03 1.000534494684573832e-02 1.732490693439456969e-02 2.566386425710727795e-02 3.369323532699022156e-02 4.094399734154696713e-02 4.984576026669213650e-02 5.506611751218219719e-02 6.632322357733530516e-02 7.025746284201965508e-02 7.198444285435059986e-02 7.730379587712395140e-02 8.791027221508607159e-02 9.716310445497197690e-02 9.989527827838855234e-02
-9.989699796966257372e-02 -9.716275500283604039e-02 -8.790900113804585303e-02 -7.730545560893981039e-02 -7.198309042751753484e-02 -7.024924612140297231e-02 -6.632920083706926595e-02 -5.506453667886267167e-02 -4.986647439163881951e-02 -4.094714427969286391e-02 -3.368576952578021533e-02 -2.565706663689151096e-02 -1.732348694816296039e-02 -9.930338390432891238e-03 -3.193987301316913822e-03 3.193987301317200919e-03 9.930338390433045628e-03 1.732348694816298815e-02 2.565706663689197586e-02 3.368576952578011124e-02 4.094714427969330106e-02 4.986647439163884726e-02 5.506453667886321984e-02 6.632920083706919656e-02 7.024924612140286129e-02 7.198309042751793729e-02 7.730545560894062918e-02 8.790900113804614446e-02 9.716275500283670652e-02 9.989699796966262924e-02
-9.989867105018251925e-02 -9.716239187632638719e-02 -8.790763689268535352e-02 -7.730710052657188691e-02 -7.198188250006684608e-02 -7.024069253555639825e-02 -6.633484077858214922e-02 -5.506281492581716758e-02 -4.988485750018098464e-02 -4.095063882501784325e-02 -3.367784763359721323e-02 -2.565281362959825895e-02 -1.732236300974833096e-02 -9.867333596572821358e-03 -3.252067577599434840e-03 3.252067577599284352e-03 9.867333596572767582e-03 1.732236300974860504e-02 2.565281362959935529e-02 3.367784763359717159e-02 4.095063882501797509e-02 4.988485750018089443e-02 5.506281492581709125e-02 6.633484077858221861e-02 7.024069253555605130e-02 7.198188250006697098e-02 7.730710052657227549e-02 8.790763689268529801e-02 9.716239187632642882e-02 9.989867105018285232e-02
-9.990029332262183315e-02 -9.716201555861773975e-02 -8.790618027435512238e-02 -7.730872793326003245e-02 -7.198082392738132385e-02 -7.023180830017358711e-02 -6.634012828828096675e-02 -5.506095317469909128e-02 -4.990084253524459945e-02 -4.095448337734895056e-02 -3.366946058017761256e-02 -2.565114735078402250e-02 -1.732153422013465310e-02 -9.817437999703306287e-03 -3.297608845223625948e-03 3.297608845223537477e-03 9.817437999703358328e-03 1.732153422013492372e-02 2.565114735078433475e-02 3.366946058017744603e-02 4.095448337734921423e-02 4.990084253524485619e-02 5.506095317469859862e-02 6.634012828828060593e-02 7.023180830017324017e-02 7.198082392738168467e-02 7.730872793326028225e-02 8.790618027435444237e-02 9.716201555861712913e-02 9.990029332262104211e-02
-9.990186100441515726e-02 -9.716162661619370811e-02 -8.790463269633361221e-02 -7.731033533968993676e-02 -7.197991828372313217e-02 -7.022260182447273569e-02 -6.634505103974375206e-02 -5.505895351231466367e-02 -4.991437622124856449e-02 -4.095867940096929033e-02 -3.366060041309149042e-02 -2.565209920992497436e-02 -1.732099943529773547e-02 -9.781563375556899878e-03 -3.329736982561075712e-03 3.329736982561083084e-03 9.781563375557208659e-03 1.732099943529805119e-02 2.565209920992481477e-02 3.366060041309167084e-02 4.095867940097023402e-02 4.991437622124844653e-02 5.505895351231448326e-02 6.634505103974369655e-02 7.022260182447241650e-02 7.197991828372357626e-02 7.731033533969060290e-02 8.790463269633401466e-02 9.716162661619394403e-02 9.990186100441558747e-02
-9.990337074132318862e-02 -9.716122569807096598e-02 -8.790299619566087352e-02 -7.731192045883820974e-02 -7.197916784138040647e-02 -7.021308379275487122e-02 -6.634959951085982188e-02 -5.505681920323204220e-02 -4.992541909342329554e-02 -4.096322739633117410e-02 -3.365126044709784020e-02 -2.565569011022566723e-02 -1.732075737054983300e-02 -9.760371975928319385e-03 -3.347816025670087570e-03 3.347816025669928842e-03 9.760371975927578658e-03 1.732075737054989545e-02 2.565569011022573315e-02 3.365126044709770142e-02 4.096322739633122267e-02 4.992541909342301798e-02 5.505681920323252793e-02 6.634959951086015495e-02 7.021308379275503775e-02 7.197916784138078117e-02 7.731192045883820974e-02 8.790299619566054046e-02 9.716122569807077169e-02 9.990337074132309148e-02
-9.990481961763460206e-02 -9.716081353440558788e-02 -8.790127343424289363e-02 -7.731348119879499770e-02 -7.197857356535465601e-02 -7.020326722322318969e-02 -6.635376697827539971e-02 -5.505455468696469207e-02 -4.993394552126424746e-02 -4.096812685123531889e-02 -3.364143543110292844e-02 -2.566193054190147801e-02 -1.732080666788385348e-02 -9.754233466298592795e-03 -3.351490798371175098e-03 3.351490798371233211e-03 9.754233466298053296e-03 1.732080666788334000e-02 2.566193054190095413e-02 3.364143543110232476e-02 4.096812685123597808e-02 4.993394552126421276e-02 5.505455468696474064e-02 6.635376697827578829e-02 7.020326722322334234e-02 7.197857356535465601e-02 7.731348119879506708e-02 8.790127343424231077e-02 9.716081353440582380e-02 9.990481961763467145e-02
-9.990620516296983000e-02 -9.716039093454582887e-02 -8.789946769521025938e-02 -7.731501565378404162e-02 -7.197813512361704580e-02 -7.019316750250748083e-02 -6.635754948991426372e-02 -5.505216555940505019e-02 -4.993994372905290885e-02 -4.097337617133027521e-02 -3.363112173376441721e-02 -2.567082056184447417e-02 -1.732114592636291306e-02 -9.763199152811274234e-03 -3.340712505394649329e-03 3.340712505394993238e-03 9.763199152810863105e-03 1.732114592636268754e-02 2.567082056184516459e-02 3.363112173376413272e-02 4.097337617133036541e-02 4.993994372905238149e-02 5.505216555940509876e-02 6.635754948991451352e-02 7.019316750250764736e-02 7.197813512361711519e-02 7.731501565378440244e-02 8.789946769521017611e-02 9.716039093454534314e-02 9.990620516297002429e-02
-9.990752535564013936e-02 -9.715995878449734668e-02 -8.789758287452230368e-02 -7.731652209360773131e-02 -7.197785091260115731e-02 -7.018280239480639837e-02 -6.636094581655997693e-02 -5.504965853857746866e-02 -4.994341581459552093e-02 -4.097897259013737886e-02 -3.362031754862387228e-02 -2.568234965631021119e-02 -1.732177369592258903e-02 -9.786997737258822105e-03 -3.315743051885437255e-03 3.315743051885700066e-03 9.786997737258686797e-03 1.732177369592264107e-02 2.568234965630972547e-02 3.362031754862328942e-02 4.097897259013792010e-02 4.994341581459593032e-02 5.504965853857719110e-02 6.636094581656094837e-02 7.018280239480631510e-02 7.197785091260125445e-02 7.731652209360792560e-02 8.789758287452181795e-02 9.715995878449716627e-02 9.990752535564001446e-02
-9.990877862258158715e-02 -9.715951804385965229e-02 -8.789562346786906899e-02 -7.731799895178174953e-02 -7.197771809727118719e-02 -7.017219202503040265e-02 -6.636395738365458152e-02 -5.504704141512169191e-02 -4.994437776556605313e-02 -4.098491205923973646e-02 -3.360902311942376430e-02 -2.569649648690937316e-02 -1.732268843519316551e-02 -9.825053376349313083e-03 -3.277137310707855557e-03 3.277137310707997804e-03 9.825053376349389411e-03 1.732268843519272489e-02 2.569649648690901927e-02 3.360902311942360471e-02 4.098491205924006259e-02 4.994437776556642089e-02 5.504704141512173354e-02 6.636395738365440111e-02 7.017219202502997244e-02 7.197771809727129821e-02 7.731799895178188831e-02 8.789562346786972125e-02 9.715951804385959678e-02 9.990877862258164266e-02
-9.990996383590482199e-02 -9.715906974223206816e-02 -8.789359455297572621e-02 -7.731944481261730784e-02 -7.197773266479798315e-02 -7.016135883583708710e-02 -6.636658818458288089e-02 -5.504432298832469955e-02 -4.994285947097347467e-02 -4.099118911966000839e-02 -3.359724098598542569e-02 -2.571322852400039632e-02 -1.732388843419144925e-02 -9.876523121684811432e-03 -3.225706254555993965e-03 3.225706254555893351e-03 9.876523121684858270e-03 1.732388843419203212e-02 2.571322852400039632e-02 3.359724098598546732e-02 4.099118911966000145e-02 4.994285947097382161e-02 5.504432298832491466e-02 6.636658818458274212e-02 7.016135883583707322e-02 7.197773266479746967e-02 7.731944481261747437e-02 8.789359455297508783e-02 9.715906974223145753e-02 9.990996383590418362e-02
-9.991108030612329272e-02 -9.715861497513268719e-02 -8.789150176741787612e-02 -7.732085839753896628e-02 -7.197788949059233388e-02 -7.015032751893408858e-02 -6.636884467687520495e-02 -5.504151298886020283e-02 -4.993890472360781180e-02 -4.099779675592353512e-02 -3.358497625062992209e-02 -2.573250157528052945e-02 -1.732537170306980290e-02 -9.940347964796720365e-03 -3.162466717707791697e-03 3.162466717707837233e-03 9.940347964796949348e-03 1.732537170306987576e-02 2.573250157528053292e-02 3.358497625062938780e-02 4.099779675592325756e-02 4.993890472360872773e-02 5.504151298886013344e-02 6.636884467687520495e-02 7.015032751893397756e-02 7.197788949059283348e-02 7.732085839753864709e-02 8.789150176741787612e-02 9.715861497513290923e-02 9.991108030612315394e-02
-9.991212777216695873e-02 -9.715815489945835159e-02 -8.788935128215796810e-02 -7.732223855089924436e-02 -7.197818241522753457e-02 -7.013912492147245104e-02 -6.637073566279698411e-02 -5.503862198973082792e-02 -4.993257120758173850e-02 -4.100472623478122747e-02 -3.357223686464808760e-02 -2.575425922129418246e-02 -1.732713582840853320e-02 -1.001531042046130415e-02 -3.088584839111326551e-03 3.088584839111148742e-03 1.001531042046120180e-02 1.732713582840837360e-02 2.575425922129371756e-02 3.357223686464762269e-02 4.100472623478117890e-02 4.993257120758197443e-02 5.503862198973064751e-02 6.637073566279631798e-02 7.013912492147196531e-02 7.197818241522774274e-02 7.732223855089881415e-02 8.788935128215780157e-02 9.715815489945826833e-02 9.991212777216713914e-02
-9.991310638830513957e-02 -9.715769072851243582e-02 -8.788714977098158188e-02 -7.732358422558929800e-02 -7.197860433060170038e-02 -7.012777992878872768e-02 -6.637227215587231111e-02 -5.503566130717484767e-02 -4.992393046352495284e-02 -4.101196693111215652e-02 -3.355903393371778565e-02 -2.577843217344261834e-02 -1.732917779907811040e-02 -1.010009193697089004e-02 -3.005319878717545128e-03 3.005319878717410687e-03 1.010009193697108086e-02 1.732917779907756223e-02 2.577843217344217425e-02 3.355903393371795218e-02 4.101196693111237856e-02 4.992393046352455038e-02 5.503566130717461174e-02 6.637227215587256091e-02 7.012777992878864441e-02 7.197860433060165875e-02 7.732358422558935351e-02 8.788714977098169290e-02 9.715769072851207500e-02 9.991310638830461222e-02
-9.991401670813340741e-02 -9.715722372664642448e-02 -8.788490437610078920e-02 -7.732489446869501848e-02 -7.197914727358682707e-02 -7.011632332511531784e-02 -6.637346723494991219e-02 -5.503264289354078964e-02 -4.991306782254134600e-02 -4.101950614409948653e-02 -3.354538204040073690e-02 -2.580493757407856595e-02 -1.733149380422581085e-02 -1.019332496766399247e-02 -2.913973549102281697e-03 2.913973549102076566e-03 1.019332496766372186e-02 1.733149380422628616e-02 2.580493757407830574e-02 3.354538204040049404e-02 4.101950614409943796e-02 4.991306782254151253e-02 5.503264289354008187e-02 6.637346723494969014e-02 7.011632332511545662e-02 7.197914727358661890e-02 7.732489446869515726e-02 8.788490437610067818e-02 9.715722372664611917e-02 9.991401670813347680e-02
-9.991485966581348244e-02 -9.715675520354828676e-02 -8.788262267019249230e-02 -7.732616840746237008e-02 -7.197980252533676959e-02 -7.010478763419844550e-02 -6.637433588737468027e-02 -5.502957922428104720e-02 -4.990008229872557044e-02 -4.102732890741515870e-02 -3.353129958095051738e-02 -2.583367826220186320e-02 -1.733407900669926838e-02 -1.029363658400837302e-02 -2.815847954180512175e-03 2.815847954180447990e-03 1.029363658400848230e-02 1.733407900669945920e-02 2.583367826220187013e-02 3.353129958095024676e-02 4.102732890741501992e-02 4.990008229872602147e-02 5.502957922428105414e-02 6.637433588737433332e-02 7.010478763419764059e-02 7.197980252533675571e-02 7.732616840746245335e-02 8.788262267019172902e-02 9.715675520354789818e-02 9.991485966581348244e-02
-9.991563655475158012e-02 -9.715628650822132062e-02 -8.788031261518657045e-02 -7.732740523581879688e-02 -7.198056071444128290e-02 -7.009320694200980861e-02 -6.637489484289502140e-02 -5.502648318130783089e-02 -4.988508642891840289e-02 -4.103541779781576943e-02 -3.351680911257155782e-02 -2.586454203218735773e-02 -1.733692729607636679e-02 -1.039968244698444289e-02 -2.712213286320672677e-03 2.712213286320660968e-03 1.039968244698406125e-02 1.733692729607679006e-02 2.586454203218761447e-02 3.351680911257182843e-02 4.103541779781543636e-02 4.988508642891759798e-02 5.502648318130781008e-02 6.637489484289448016e-02 7.009320694200960045e-02 7.198056071444150494e-02 7.732740523581808911e-02 8.788031261518719495e-02 9.715628650822155654e-02 9.991563655475145522e-02
-9.991634900394252838e-02 -9.715581902268821679e-02 -8.787798251812796446e-02 -7.732860420165453552e-02 -7.198141192215584683e-02 -7.008161670394619236e-02 -6.637516239984879440e-02 -5.502336793496891143e-02 -4.986820604749361840e-02 -4.104375274726236589e-02 -3.350193770597956200e-02 -2.589740091671492717e-02 -1.734003102650108138e-02 -1.051017141910620852e-02 -2.604284963734637779e-03 2.604284963734444791e-03 1.051017141910598127e-02 1.734003102650267039e-02 2.589740091671500002e-02 3.350193770597949261e-02 4.104375274726181078e-02 4.986820604749354208e-02 5.502336793496914041e-02 6.637516239984846134e-02 7.008161670394623399e-02 7.198141192215563866e-02 7.732860420165456328e-02 8.787798251812778405e-02 9.715581902268859149e-02 9.991634900394313901e-02
-9.991699895222390382e-02 -9.715535415547632558e-02 -8.787564098446223881e-02 -7.732976459507347189e-02 -7.198234578802391315e-02 -7.007005353900648548e-02 -6.637515824519098218e-02 -5.502024682685249107e-02 -4.984957998331585732e-02 -4.105231086439602162e-02 -3.348671729665332608e-02 -2.593211052848252290e-02 -1.734338074565350968e-02 -1.062388199101086880e-02 -2.493208995047861611e-03 2.493208995047681634e-03 1.062388199101031890e-02 1.734338074565358601e-02 2.593211052848200943e-02 3.348671729665306934e-02 4.105231086439580651e-02 4.984957998331519813e-02 5.502024682685267148e-02 6.637515824519045482e-02 7.007005353900608302e-02 7.198234578802369110e-02 7.732976459507322209e-02 8.787564098446179472e-02 9.715535415547701947e-02 9.991699895222434791e-02
-9.991758862066969782e-02 -9.715489333491000856e-02 -8.787329686911990456e-02 -7.733088573776469854e-02 -7.198335161437942331e-02 -7.005855501353396020e-02 -6.637490326983307154e-02 -5.501713325549365680e-02 -4.982935966561161806e-02 -4.106106627192807751e-02 -3.347118502648654959e-02 -2.596850949832948605e-02 -1.734696492238549034e-02 -1.073967208528017574e-02 -2.380053966310876831e-03 2.380053966310882035e-03 1.073967208527988777e-02 1.734696492238583729e-02 2.596850949832906277e-02 3.347118502648678551e-02 4.106106627192778608e-02 4.982935966561179153e-02 5.501713325549321965e-02 6.637490326983297440e-02 7.005855501353315529e-02 7.198335161437902086e-02 7.733088573776483732e-02 8.787329686911977966e-02 9.715489333491028612e-02 9.991758862067044722e-02
-9.991812048339931973e-02 -9.715443800226775117e-02 -8.787095922576973472e-02 -7.733196697364383421e-02 -7.198441846832105695e-02 -7.004715941709240001e-02 -6.637441938076114878e-02 -5.501404056688815464e-02 -4.980770862549761813e-02 -4.106998996717799166e-02 -3.345538356573216771e-02 -2.600641904976332824e-02 -1.735076968188202853e-02 -1.085648383278987016e-02 -2.265808011017133184e-03 2.265808011017096755e-03 1.085648383279012343e-02 1.735076968188180302e-02 2.600641904976300559e-02 3.345538356573252853e-02 4.106998996717826922e-02 4.980770862549749323e-02 5.501404056688821015e-02 6.637441938076102388e-02 7.004715941709263594e-02 7.198441846832125124e-02 7.733196697364350114e-02 8.787095922576926288e-02 9.715443800226818138e-02 9.991812048339845931e-02
-9.991859723706018881e-02 -9.715398960484636359e-02 -8.786863725462606967e-02 -7.733300766085740574e-02 -7.198553528000881108e-02 -7.003590553302584121e-02 -6.637372931128329712e-02 -5.501098195147779979e-02 -4.978480188015564634e-02 -4.107904971360683277e-02 -3.343936140313565064e-02 -2.604564275150162908e-02 -1.735477855833496633e-02 -1.097334474296163265e-02 -2.151379296409640027e-03 2.151379296409674721e-03 1.097334474296183734e-02 1.735477855833502184e-02 2.604564275150162214e-02 3.343936140313619187e-02 4.107904971360686053e-02 4.978480188015627084e-02 5.501098195147832715e-02 6.637372931128306119e-02 7.003590553302624366e-02 7.198553528000975477e-02 7.733300766085753064e-02 8.786863725462619457e-02 9.715398960484680768e-02 9.991859723706071617e-02
-9.991902176926356627e-02 -9.715354958895945636e-02 -8.786634024921288755e-02 -7.733400716523186613e-02 -7.198669093626230975e-02 -7.002483240613981141e-02 -6.637285643073927155e-02 -5.500797034899373300e-02 -4.976082518741288541e-02 -4.108820997167002970e-02 -3.342317309012760029e-02 -2.608596649028688610e-02 -1.735897227628202533e-02 -1.108936642609993119e-02 -2.037598822536374355e-03 2.037598822536241649e-03 1.108936642609963108e-02 1.735897227628182757e-02 2.608596649028710121e-02 3.342317309012770438e-02 4.108820997166991174e-02 4.976082518741282296e-02 5.500797034899400362e-02 6.637285643073957686e-02 7.002483240613960325e-02 7.198669093626230975e-02 7.733400716523164409e-02 8.786634024921349817e-02 9.715354958895952575e-02 9.991902176926359402e-02
-9.991939712621940306e-02 -9.715311939293949650e-02 -8.786407754244805746e-02 -7.733496485520220676e-02 -7.198787436868814282e-02 -7.001397910984284711e-02 -6.637182455490964195e-02 -5.500501836226470015e-02 -4.973597415957951157e-02 -4.109743187763818112e-02 -3.340687942289329027e-02 -2.612715870570300053e-02 -1.736332857255944856e-02 -1.120374174982064971e-02 -1.925224607975772493e-03 1.925224607975825619e-03 1.120374174982050747e-02 1.736332857255938264e-02 2.612715870570261889e-02 3.340687942289306128e-02 4.109743187763854194e-02 4.973597415957929646e-02 5.500501836226444341e-02 6.637182455490993338e-02 7.001397910984284711e-02 7.198787436868808731e-02 7.733496485520220676e-02 8.786407754244825175e-02 9.715311939293984345e-02 9.991939712621970837e-02
-9.991972647987545919e-02 -9.715270044015733575e-02 -8.786185845245843284e-02 -7.733588009822718601e-02 -7.198907463575290877e-02 -7.000338451491655567e-02 -6.637065775828918102e-02 -5.500213818076647720e-02 -4.971045322708021741e-02 -4.110667327908935909e-02 -3.339054754426285659e-02 -2.616897092687986079e-02 -1.736782207131395625e-02 -1.131574106392967301e-02 -1.814946586568148877e-03 1.814946586568147360e-03 1.131574106392969729e-02 1.736782207131322073e-02 2.616897092688005161e-02 3.339054754426319660e-02 4.110667327908930357e-02 4.971045322708006475e-02 5.500213818076722661e-02 6.637065775828887570e-02 7.000338451491629199e-02 7.198907463575220100e-02 7.733588009822744969e-02 8.786185845245814141e-02 9.715270044015709983e-02 9.991972647987543144e-02
-9.992001309480309790e-02 -9.715229413212035647e-02 -8.785969222848481752e-02 -7.733675225867175929e-02 -7.199028099838740424e-02 -6.999308706189899532e-02 -6.636938018933473404e-02 -5.499934151439603292e-02 -4.968447444454944517e-02 -4.111588883555046536e-02 -3.337425094575434403e-02 -2.621113864765825877e-02 -1.737242422452131910e-02 -1.142470792613258651e-02 -1.707391745777025148e-03 1.707391745776838232e-03 1.142470792613220140e-02 1.737242422452161747e-02 2.621113864765848081e-02 3.337425094575401791e-02 4.111588883555043761e-02 4.968447444454945211e-02 5.499934151439613006e-02 6.636938018933456751e-02 6.999308706189844020e-02 7.199028099838715444e-02 7.733675225867110703e-02 8.785969222848459548e-02 9.715229413212092546e-02 9.992001309480326443e-02
-9.992026029509007423e-02 -9.715190184167453447e-02 -8.785758799725110202e-02 -7.733758069709495420e-02 -7.199148298892633913e-02 -6.998312453889227180e-02 -6.636801588970067667e-02 -5.499663953763055807e-02 -4.965825613478101058e-02 -4.112503019217498418e-02 -3.335806934902036530e-02 -2.625338257183865154e-02 -1.737710332983511893e-02 -1.153005460720882627e-02 -1.603129196999762435e-03 1.603129197000056905e-03 1.153005460720839259e-02 1.737710332983466444e-02 2.625338257183857521e-02 3.335806934902005999e-02 4.112503019217503969e-02 4.965825613478039996e-02 5.499663953763115481e-02 6.636801588969978849e-02 6.998312453889253548e-02 7.199148298892597830e-02 7.733758069709491256e-02 8.785758799725082446e-02 9.715190184167445120e-02 9.992026029508999097e-02
-9.992047143150438460e-02 -9.715152490635370341e-02 -8.785555471014375173e-02 -7.733836477088219807e-02 -7.199267047328954117e-02 -6.997353386638051342e-02 -6.636658861841218671e-02 -5.499404284397649972e-02 -4.963202136922969382e-02 -4.113404623329003362e-02 -3.334208844560511420e-02 -2.629541025353727274e-02 -1.738182463629698096e-02 -1.163125754392058640e-02 -1.502674985964246946e-03 1.502674985964455980e-03 1.163125754392045630e-02 1.738182463629700872e-02 2.629541025353679048e-02 3.334208844560489909e-02 4.113404623329036669e-02 4.963202136923035301e-02 5.499404284397670789e-02 6.636658861841177037e-02 6.997353386638036077e-02 7.199267047328918034e-02 7.733836477088258665e-02 8.785555471014372397e-02 9.715152490635318994e-02 9.992047143150444011e-02
-9.992064984916286530e-02 -9.715116462191276947e-02 -8.785360109154280450e-02 -7.733910383609636507e-02 -7.199383370652635838e-02 -6.996435089044127087e-02 -6.636512168185508542e-02 -5.499156141033455930e-02 -4.960599628764123664e-02 -4.114288342116003555e-02 -3.332639947457296387e-02 -2.633691814926787667e-02 -1.738655054640950853e-02 -1.172785283324102173e-02 -1.406496534927130287e-03 1.406496534926988040e-03 1.172785283324073377e-02 1.738655054640930384e-02 2.633691814926743952e-02 3.332639947457278345e-02 4.114288342116014657e-02 4.960599628764109092e-02 5.499156141033501033e-02 6.636512168185428051e-02 6.996435089044121536e-02 7.199383370652605307e-02 7.733910383609576833e-02 8.785360109154259634e-02 9.715116462191193680e-02 9.992064984916286530e-02
-9.992079885592890232e-02 -9.715082223607338086e-02 -8.785173558862166554e-02 -7.733979725043679809e-02 -7.199496338187913458e-02 -6.995561018553617116e-02 -6.636363777037242173e-02 -5.498920457071476003e-02 -4.958040826377387023e-02 -4.115148622327065991e-02 -3.331109861952315926e-02 -2.637759408822330787e-02 -1.739124092025447557e-02 -1.181943181444087068e-02 -1.315016665443695170e-03 1.315016665443459682e-03 1.181943181444100599e-02 1.739124092025433679e-02 2.637759408822320378e-02 3.331109861952304824e-02 4.115148622327088196e-02 4.958040826377368288e-02 5.498920457071424656e-02 6.636363777037260214e-02 6.995561018553608790e-02 7.199496338187870437e-02 7.733979725043622910e-02 8.785173558862210963e-02 9.715082223607297840e-02 9.992079885592886068e-02
-9.992092169177234362e-02 -9.715049894251300000e-02 -8.784996632291282304e-02 -7.734044437716575127e-02 -7.199605067369653499e-02 -6.994734486784788541e-02 -6.636215880220586172e-02 -5.498698099852342147e-02 -4.955548392915549299e-02 -4.115979762891172622e-02 -3.329628621001277239e-02 -2.641712015535170946e-02 -1.739585348385464664e-02 -1.190563675894081540e-02 -1.228617188007958584e-03 1.228617188007960536e-03 1.190563675894093509e-02 1.739585348385436214e-02 2.641712015535184824e-02 3.329628621001255034e-02 4.115979762891164295e-02 4.955548392915606892e-02 5.498698099852353943e-02 6.636215880220565355e-02 6.994734486784794092e-02 7.199605067369686806e-02 7.734044437716609821e-02 8.784996632291258711e-02 9.715049894251306939e-02 9.992092169177224648e-02
-9.992102149927664656e-02 -9.715019587513359922e-02 -8.784830104391805339e-02 -7.734104458983846742e-02 -7.199708727454974533e-02 -6.993958641994965642e-02 -6.636070577541966498e-02 -5.498489869653818557e-02 -4.953144707208608638e-02 -4.116775975279542837e-02 -3.328206571768042160e-02 -2.645517596835122998e-02 -1.740034433990009233e-02 -1.198615667558237605e-02 -1.147642068333825944e-03 1.147642068333672421e-03 1.198615667558225982e-02 1.740034433990180970e-02 2.645517596835172611e-02 3.328206571768082406e-02 4.116775975279538674e-02 4.953144707208639863e-02 5.498489869653822026e-02 6.636070577541948456e-02 6.993958641994967029e-02 7.199708727454966206e-02 7.734104458983873109e-02 8.784830104391758154e-02 9.715019587513359922e-02 9.992102149927595267e-02
-9.992110129549997000e-02 -9.714991410263057459e-02 -8.784674708503016627e-02 -7.734159727766665160e-02 -7.199806542698540535e-02 -6.993236452741630194e-02 -6.635929862841510873e-02 -5.498296499354832917e-02 -4.950851643465932483e-02 -4.117531452000865178e-02 -3.326854254455274135e-02 -2.649144231485153073e-02 -1.740466857448218913e-02 -1.206072323638938786e-02 -1.072400193841224801e-03 1.072400193841128307e-03 1.206072323638935143e-02 1.740466857448160279e-02 2.649144231485154113e-02 3.326854254455249849e-02 4.117531452000875586e-02 4.950851643465931790e-02 5.498296499354809325e-02 6.635929862841564997e-02 6.993236452741598275e-02 7.199806542698534984e-02 7.734159727766706793e-02 8.784674708502998586e-02 9.714991410263035254e-02 9.992110129549959530e-02
-9.992116394535412172e-02 -9.714965462338526203e-02 -8.784531132198607206e-02 -7.734210185136519700e-02 -7.199897795039016113e-02 -6.992570692781767405e-02 -6.635795610953375279e-02 -5.498118654661039717e-02 -4.948690343622413196e-02 -4.118240442283808284e-02 -3.325582261004038365e-02 -2.652560510016924167e-02 -1.740878094882543012e-02 -1.212910683127898896e-02 -1.003167771099354628e-03 1.003167771099610717e-03 1.212910683127889008e-02 1.740878094882513868e-02 2.652560510016956086e-02 3.325582261004038365e-02 4.118240442283822161e-02 4.948690343622356297e-02 5.498118654661008492e-02 6.635795610953340584e-02 6.992570692781818753e-02 7.199897795038985582e-02 7.734210185136496107e-02 8.784531132198689085e-02 9.714965462338488733e-02 9.992116394535335844e-02
-9.992121213666287083e-02 -9.714941836071325221e-02 -8.784400013408324992e-02 -7.734255774926647453e-02 -7.199981826344131752e-02 -6.991963927239833176e-02 -6.635669565621313271e-02 -5.497956934780807992e-02 -4.946680985708101774e-02 -4.118897333612123873e-02 -3.324401075389057242e-02 -2.655735953965074683e-02 -1.741263666051991524e-02 -1.219111276678041568e-02 -9.401903878556037899e-04 9.401903878555804795e-04 1.219111276678076956e-02 1.741263666051976605e-02 2.655735953965092030e-02 3.324401075389039895e-02 4.118897333612128037e-02 4.946680985708113570e-02 5.497956934780749011e-02 6.635669565621303556e-02 6.991963927239833176e-02 7.199981826344170610e-02 7.734255774926704352e-02 8.784400013408347196e-02 9.714941836071325221e-02 9.992121213666257940e-02
-9.992124835705019914e-02 -9.714920615847789931e-02 -8.784281936833425453e-02 -7.734296444357252609e-02 -7.200058040264345482e-02 -6.991418500061097330e-02 -6.635553328408709539e-02 -5.497811873442901009e-02 -4.944842552119751988e-02 -4.119496737395306890e-02 -3.323320898425561470e-02 -2.658641451337895312e-02 -1.741619215456050029e-02 -1.224657763160811805e-02 -8.836847733865590363e-04 8.836847733864462793e-04 1.224657763160809376e-02 1.741619215456064254e-02 2.658641451337900169e-02 3.323320898425550368e-02 4.119496737395329095e-02 4.944842552119791540e-02 5.497811873442912112e-02 6.635553328408774765e-02 6.991418500061109820e-02 7.200058040264378789e-02 7.734296444357248446e-02 8.784281936833444882e-02 9.714920615847805196e-02 9.992124835705092079e-02
-9.992127487278089359e-02 -9.714901877709405942e-02 -8.784177430675541021e-02 -7.734332144653173480e-02 -7.200125903743638534e-02 -6.990936522759685912e-02 -6.635448348637555671e-02 -5.497683940150548121e-02 -4.943192602086699666e-02 -4.120033576706042672e-02 -3.322351461255547422e-02 -2.661249698591247256e-02 -1.741940596109263842e-02 -1.229536585939538726e-02 -8.338402893258568642e-04 8.338402893259083638e-04 1.229536585939550175e-02 1.741940596109369313e-02 2.661249698591281257e-02 3.322351461255537014e-02 4.120033576706051692e-02 4.943192602086697585e-02 5.497683940150636939e-02 6.635448348637597304e-02 6.990936522759678973e-02 7.200125903743639921e-02 7.734332144653151275e-02 8.784177430675503551e-02 9.714901877709351818e-02 9.992127487278094911e-02
-9.992129370967089974e-02 -9.714885688993311896e-02 -8.784086963691645211e-02 -7.734362831640116676e-02 -7.200184948232209170e-02 -6.990519864458340227e-02 -6.635355914383067599e-02 -5.497573541569916733e-02 -4.941747052932087686e-02 -4.120503173722066953e-02 -3.321501832883019811e-02 -2.663535638068204731e-02 -1.742223953419794885e-02 -1.233736652506963252e-02 -7.908201805422701743e-04 7.908201805422905573e-04 1.233736652506936711e-02 1.742223953419821947e-02 2.663535638068235956e-02 3.321501832883045485e-02 4.120503173722081525e-02 4.941747052932055073e-02 5.497573541569935468e-02 6.635355914383077314e-02 6.990519864458344390e-02 7.200184948232221660e-02 7.734362831640136104e-02 8.784086963691689620e-02 9.714885688993268875e-02 9.992129370967157975e-02
-9.992130663617493358e-02 -9.714872108015505658e-02 -8.784010942589932924e-02 -7.734388466303369902e-02 -7.200234770646664340e-02 -6.990170143214893828e-02 -6.635277144549991957e-02 -5.497481022960688801e-02 -4.940519974895839217e-02 -4.120901334299090224e-02 -3.320780228182718119e-02 -2.665476878895717272e-02 -1.742465806458911443e-02 -1.237249041550919464e-02 -7.547626125356714580e-04 7.547626125357152597e-04 1.237249041550931780e-02 1.742465806458929137e-02 2.665476878895692986e-02 3.320780228182713956e-02 4.120901334299111041e-02 4.940519974895870442e-02 5.497481022960680475e-02 6.635277144549936446e-02 6.990170143214856358e-02 7.200234770646669891e-02 7.734388466303385168e-02 8.784010942589955129e-02 9.714872108015445984e-02 9.992130663617541930e-02
-9.992131514872906739e-02 -9.714861183796065502e-02 -8.783949709777628956e-02 -7.734409015294764489e-02 -7.200275034114905770e-02 -6.989888718623077368e-02 -6.635212982048301067e-02 -5.497406669564907505e-02 -4.939523404286167568e-02 -4.121224426997454476e-02 -3.320193823584770276e-02 -2.667054088803834030e-02 -1.742663123891575322e-02 -1.240066741701705867e-02 -7.257815184595747468e-04 7.257815184595858057e-04 1.240066741701693204e-02 1.742663123891625976e-02 2.667054088803828479e-02 3.320193823584777215e-02 4.121224426997509294e-02 4.939523404286176589e-02 5.497406669564931792e-02 6.635212982048296904e-02 6.989888718623052388e-02 7.200275034114912709e-02 7.734409015294815837e-02 8.783949709777608139e-02 9.714861183796105748e-02 9.992131514872960862e-02
-9.992132045942742069e-02 -9.714852955829583747e-02 -8.783903541469691156e-02 -7.734424451374749543e-02 -7.200305468541656762e-02 -6.989676685675910717e-02 -6.635164188085539150e-02 -5.497350707880273996e-02 -4.938767179543469138e-02 -4.121469453906571878e-02 -3.319748588029686198e-02 -2.668251344361155519e-02 -1.742813391933138376e-02 -1.242184426154770670e-02 -7.039672754294976813e-04 7.039672754294815267e-04 1.242184426154788190e-02 1.742813391933192499e-02 2.668251344361154478e-02 3.319748588029657055e-02 4.121469453906524000e-02 4.938767179543461505e-02 5.497350707880278853e-02 6.635164188085516945e-02 6.989676685675910717e-02 7.200305468541681742e-02 7.734424451374781462e-02 8.783903541469662013e-02 9.714852955829555992e-02 9.992132045942776764e-02
-9.992132348609118753e-02 -9.714847453899531915e-02 -8.783872646167001363e-02 -7.734434753780281002e-02 -7.200325871024222668e-02 -6.989534869876330714e-02 -6.635131337586171185e-02 -5.497313306754680884e-02 -4.938258804421723214e-02 -4.121634110767716935e-02 -3.319449136699080538e-02 -2.669056427777160082e-02 -1.742914671927757800e-02 -1.243598267073169929e-02 -6.893872263633641067e-04 6.893872263634996320e-04 1.243598267073190052e-02 1.742914671927797352e-02 2.669056427777165980e-02 3.319449136699065966e-02 4.121634110767773140e-02 4.938258804421805787e-02 5.497313306754701701e-02 6.635131337586219757e-02 6.989534869876376511e-02 7.200325871024214341e-02 7.734434753780235206e-02 8.783872646167041609e-02 9.714847453899558283e-02 9.992132348609154835e-02
-9.992132484478015442e-02 -9.714844697939530038e-02 -8.783857163509613264e-02 -7.734439908508211614e-02 -7.200336106142612991e-02 -6.989463823583612345e-02 -6.635114815749151851e-02 -5.497294578252297920e-02 -4.938003341929294437e-02 -4.121716834192545170e-02 -3.319298614409725567e-02 -2.669461059743205925e-02 -1.742965645476986236e-02 -1.244305793167557739e-02 -6.820860602220531893e-04 6.820860602221381908e-04 1.244305793167572657e-02 1.742965645476986236e-02 2.669461059743260742e-02 3.319298614409717241e-02 4.121716834192563905e-02 4.938003341929350642e-02 5.497294578252302083e-02 6.635114815749196260e-02 6.989463823583606794e-02 7.200336106142629644e-02 7.734439908508186634e-02 8.783857163509639632e-02 9.714844697939503670e-02 9.992132484478041810e-02
-9.992132484478005727e-02 -9.714844697939514773e-02 -8.783857163509607713e-02 -7.734439908508217165e-02 -7.200336106142592174e-02 -6.989463823583634550e-02 -6.635114815749124095e-02 -5.497294578252277103e-02 -4.938003341929353418e-02 -4.121716834192515333e-02 -3.319298614409707526e-02 -2.669461059743223272e-02 -1.742965645477001849e-02 -1.244305793167562769e-02 -6.820860602221232288e-04 6.820860602220656576e-04 1.244305793167573178e-02 1.742965645476988665e-02 2.669461059743264211e-02 3.319298614409745690e-02 4.121716834192558354e-02 4.938003341929288886e-02 5.497294578252284042e-02 6.635114815749135198e-02 6.989463823583597080e-02 7.200336106142610215e-02 7.734439908508215777e-02 8.783857163509610488e-02 9.714844697939462037e-02 9.992132484477959931e-02
-9.992132348609090997e-02 -9.714847453899591589e-02 -8.783872646167030507e-02 -7.734434753780269900e-02 -7.200325871024249036e-02 -6.989534869876325163e-02 -6.635131337586160083e-02 -5.497313306754671169e-02 -4.938258804421799542e-02 -4.121634110767731507e-02 -3.319449136699063885e-02 -2.669056427777175694e-02 -1.742914671927780351e-02 -1.243598267073170449e-02 -6.893872263629422436e-04 6.893872263634745869e-04 1.243598267073176868e-02 1.742914671927751555e-02 2.669056427777158000e-02 3.319449136699084008e-02 4.121634110767711384e-02 4.938258804421754439e-02 5.497313306754673251e-02 6.635131337586178124e-02 6.989534869876377898e-02 7.200325871024267077e-02 7.734434753780253247e-02 8.783872646167001363e-02 9.714847453899562446e-02 9.992132348609102099e-02
-9.992132045942765661e-02 -9.714852955829544889e-02 -8.783903541469652299e-02 -7.734424451374724563e-02 -7.200305468541676190e-02 -6.989676685675903778e-02 -6.635164188085489190e-02 -5.497350707880197668e-02 -4.938767179543459424e-02 -4.121469453906546898e-02 -3.319748588029703545e-02 -2.668251344361166275e-02 -1.742813391933136988e-02 -1.242184426154775700e-02 -7.039672754296028489e-04 7.039672754292452790e-04 1.242184426154771017e-02 1.742813391933169948e-02 2.668251344361131580e-02 3.319748588029684117e-02 4.121469453906563551e-02 4.938767179543497587e-02 5.497350707880297588e-02 6.635164188085532211e-02 6.989676685675871859e-02 7.200305468541698395e-02 7.734424451374728726e-02 8.783903541469639809e-02 9.714852955829537950e-02 9.992132045942753171e-02
-9.992131514872927556e-02 -9.714861183796108524e-02 -8.783949709777669201e-02 -7.734409015294804735e-02 -7.200275034114943240e-02 -6.989888718623046837e-02 -6.635212982048269148e-02 -5.497406669564901954e-02 -4.939523404286191161e-02 -4.121224426997507906e-02 -3.320193823584743215e-02 -2.667054088803785458e-02 -1.742663123891614180e-02 -1.240066741701715235e-02 -7.257815184597497370e-04 7.257815184595869983e-04 1.240066741701689908e-02 1.742663123891638466e-02 2.667054088803805581e-02 3.320193823584761256e-02 4.121224426997516233e-02 4.939523404286228631e-02 5.497406669564935261e-02 6.635212982048219188e-02 6.989888718623031572e-02 7.200275034114932138e-02 7.734409015294806122e-02 8.783949709777633119e-02 9.714861183796119626e-02 9.992131514872934495e-02
-9.992130663617494746e-02 -9.714872108015558394e-02 -8.784010942589941251e-02 -7.734388466303396270e-02 -7.200234770646685156e-02 -6.990170143214845255e-02 -6.635277144549940609e-02 -5.497481022960657576e-02 -4.940519974895769134e-02 -4.120901334299079816e-02 -3.320780228182704241e-02 -2.665476878895712762e-02 -1.742465806458951341e-02 -1.237249041550923453e-02 -7.547626125357838897e-04 7.547626125356371972e-04 1.237249041550910443e-02 1.742465806458910055e-02 2.665476878895715884e-02 3.320780228182707711e-02 4.120901334299114510e-02 4.940519974895857258e-02 5.497481022960663127e-02 6.635277144549914241e-02 6.990170143214889664e-02 7.200234770646717075e-02 7.734388466303437903e-02 8.784010942589939863e-02 9.714872108015476515e-02 9.992130663617536379e-02
-9.992129370967120505e-02 -9.714885688993279977e-02 -8.784086963691624395e-02 -7.734362831640106961e-02 -7.200184948232185578e-02 -6.990519864458381860e-02 -6.635355914383066211e-02 -5.497573541569928529e-02 -4.941747052932072420e-02 -4.120503173722089157e-02 -3.321501832883046873e-02 -2.663535638068198139e-02 -1.742223953419826804e-02 -1.233736652506957875e-02 -7.908201805419639956e-04 7.908201805420654769e-04 1.233736652506961864e-02 1.742223953419818477e-02 2.663535638068301528e-02 3.321501832883051036e-02 4.120503173722083606e-02 4.941747052932034256e-02 5.497573541569937550e-02 6.635355914383087028e-02 6.990519864458348553e-02 7.200184948232245252e-02 7.734362831640126390e-02 8.784086963691645211e-02 9.714885688993286916e-02 9.992129370967137159e-02
-9.992127487278090747e-02 -9.714901877709358757e-02 -8.784177430675571552e-02 -7.734332144653202623e-02 -7.200125903743702371e-02 -6.990936522759698402e-02 -6.635448348637562610e-02 -5.497683940150613346e-02 -4.943192602086695503e-02 -4.120033576706116918e-02 -3.322351461255561994e-02 -2.661249698591244828e-02 -1.741940596109365497e-02 -1.229536585939563532e-02 -8.338402893259548761e-04 8.338402893258517684e-04 1.229536585939546879e-02 1.741940596109355435e-02 2.661249698591264257e-02 3.322351461255552280e-02 4.120033576706085693e-02 4.943192602086678850e-02 5.497683940150611959e-02 6.635448348637609794e-02 6.990936522759694238e-02 7.200125903743609390e-02 7.734332144653173480e-02 8.784177430675585430e-02 9.714901877709346267e-02 9.992127487278133768e-02
-9.992124835705090691e-02 -9.714920615847798258e-02 -8.784281936833453208e-02 -7.734296444357319222e-02 -7.200058040264360748e-02 -6.991418500061104269e-02 -6.635553328408748397e-02 -5.497811873442921826e-02 -4.944842552119796397e-02 -4.119496737395353381e-02 -3.323320898425582287e-02 -2.658641451337916822e-02 -1.741619215456058703e-02 -1.224657763160805560e-02 -8.836847733864835758e-04 8.836847733865746488e-04 1.224657763160803478e-02 1.741619215456045866e-02 2.658641451337873801e-02 3.323320898425544123e-02 4.119496737395320074e-02 4.944842552119680518e-02 5.497811873442896846e-02 6.635553328408749785e-02 6.991418500061075125e-02 7.200058040264384340e-02 7.734296444357238731e-02 8.784281936833478188e-02 9.714920615847788543e-02 9.992124835705086527e-02
-9.992121213666366186e-02 -9.714941836071314119e-02 -8.784400013408301400e-02 -7.734255774926741822e-02 -7.199981826344101221e-02 -6.991963927239847054e-02 -6.635669565621270249e-02 -5.497956934780748317e-02 -4.946680985708114264e-02 -4.118897333612130118e-02 -3.324401075389048221e-02 -2.655735953965073989e-02 -1.741263666051997769e-02 -1.219111276678054925e-02 -9.401903878555708301e-04 9.401903878556144151e-04 1.219111276678037752e-02 1.741263666051967585e-02 2.655735953965067744e-02 3.324401075389046140e-02 4.118897333612134976e-02 4.946680985708107325e-02 5.497956934780768440e-02 6.635669565621281352e-02 6.991963927239833176e-02 7.199981826344087343e-02 7.734255774926641902e-02 8.784400013408320829e-02 9.714941836071301628e-02 9.992121213666238511e-02
-9.992116394535366375e-02 -9.714965462338467916e-02 -8.784531132198651615e-02 -7.734210185136523863e-02 -7.199897795039039705e-02 -6.992570692781835406e-02 -6.635795610953414136e-02 -5.498118654661045268e-02 -4.948690343622387522e-02 -4.118240442283797875e-02 -3.325582261004055018e-02 -2.652560510016941167e-02 -1.740878094882499991e-02 -1.212910683127859865e-02 -1.003167771099284589e-03 1.003167771099411224e-03 1.212910683127905315e-02 1.740878094882509358e-02 2.652560510016942208e-02 3.325582261004041834e-02 4.118240442283793018e-02 4.948690343622414584e-02 5.498118654661085514e-02 6.635795610953426626e-02 6.992570692781813202e-02 7.199897795039050807e-02 7.734210185136455862e-02 8.784531132198662717e-02 9.714965462338499835e-02 9.992116394535346946e-02
-9.992110129549947040e-02 -9.714991410263010274e-02 -8.784674708503015239e-02 -7.734159727766705406e-02 -7.199806542698569678e-02 -6.993236452741577458e-02 -6.635929862841527527e-02 -5.498296499354824590e-02 -4.950851643465964402e-02 -4.117531452000890158e-02 -3.326854254455251236e-02 -2.649144231485142317e-02 -1.740466857448194626e-02 -1.206072323638942428e-02 -1.072400193841380059e-03 1.072400193841128524e-03 1.206072323638930112e-02 1.740466857448183524e-02 2.649144231485152726e-02 3.326854254455239440e-02 4.117531452000817993e-02 4.950851643465911667e-02 5.498296499354841244e-02 6.635929862841530302e-02 6.993236452741607989e-02 7.199806542698550249e-02 7.734159727766724834e-02 8.784674708503065199e-02 9.714991410262979743e-02 9.992110129550001163e-02
-9.992102149927625798e-02 -9.715019587513328003e-02 -8.784830104391810890e-02 -7.734104458983773189e-02 -7.199708727454988411e-02 -6.993958641994971193e-02 -6.636070577541956783e-02 -5.498489869653800516e-02 -4.953144707208623210e-02 -4.116775975279517163e-02 -3.328206571768079630e-02 -2.645517596835136875e-02 -1.740034433990057805e-02 -1.198615667558242462e-02 -1.147642068333967758e-03 1.147642068333844592e-03 1.198615667558218870e-02 1.740034433990067173e-02 2.645517596835152141e-02 3.328206571768062283e-02 4.116775975279565736e-02 4.953144707208602393e-02 5.498489869653776924e-02 6.636070577541944293e-02 6.993958641994899028e-02 7.199708727454932899e-02 7.734104458983787067e-02 8.784830104391783134e-02 9.715019587513412658e-02 9.992102149927611920e-02
-9.992092169177231586e-02 -9.715049894251279183e-02 -8.784996632291280916e-02 -7.734044437716600107e-02 -7.199605067369707623e-02 -6.994734486784752459e-02 -6.636215880220554253e-02 -5.498698099852330351e-02 -4.955548392915538197e-02 -4.115979762891149030e-02 -3.329628621001265443e-02 -2.641712015535166436e-02 -1.739585348385472643e-02 -1.190563675894102010e-02 -1.228617188007650237e-03 1.228617188007698376e-03 1.190563675894085009e-02 1.739585348385460847e-02 2.641712015535113353e-02 3.329628621001254341e-02 4.115979762891201071e-02 4.955548392915613831e-02 5.498698099852337290e-02 6.636215880220576457e-02 6.994734486784849603e-02 7.199605067369663214e-02 7.734044437716604270e-02 8.784996632291247609e-02 9.715049894251281959e-02 9.992092169177158034e-02
-9.992079885592917987e-02 -9.715082223607331147e-02 -8.785173558862244270e-02 -7.733979725043638176e-02 -7.199496338187910682e-02 -6.995561018553618504e-02 -6.636363777037297684e-02 -5.498920457071467677e-02 -4.958040826377349553e-02 -4.115148622327034073e-02 -3.331109861952317314e-02 -2.637759408822349522e-02 -1.739124092025451027e-02 -1.181943181444097130e-02 -1.315016665443472692e-03 1.315016665443514976e-03 1.181943181444086548e-02 1.739124092025447904e-02 2.637759408822305460e-02 3.331109861952333273e-02 4.115148622327106237e-02 4.958040826377312082e-02 5.498920457071473922e-02 6.636363777037257439e-02 6.995561018553603239e-02 7.199496338187905131e-02 7.733979725043647890e-02 8.785173558862173493e-02 9.715082223607304779e-02 9.992079885592951294e-02
-9.992064984916308734e-02 -9.715116462191286661e-02 -8.785360109154322084e-02 -7.733910383609578221e-02 -7.199383370652610858e-02 -6.996435089044117372e-02 -6.636512168185459970e-02 -5.499156141033478135e-02 -4.960599628764065377e-02 -4.114288342116027841e-02 -3.332639947457280427e-02 -2.633691814926786626e-02 -1.738655054640961609e-02 -1.172785283324106337e-02 -1.406496534927156308e-03 1.406496534926739974e-03 1.172785283324070255e-02 1.738655054640935935e-02 2.633691814926758176e-02 3.332639947457273488e-02 4.114288342116013963e-02 4.960599628764093133e-02 5.499156141033484380e-02 6.636512168185430827e-02 6.996435089044161781e-02 7.199383370652602532e-02 7.733910383609533812e-02 8.785360109154320696e-02 9.715116462191258906e-02 9.992064984916347592e-02
-9.992047143150489807e-02 -9.715152490635310667e-02 -8.785555471014390438e-02 -7.733836477088214256e-02 -7.199267047328952729e-02 -6.997353386638037465e-02 -6.636658861841175649e-02 -5.499404284397671483e-02 -4.963202136923000607e-02 -4.113404623328995036e-02 -3.334208844560499624e-02 -2.629541025353732131e-02 -1.738182463629694627e-02 -1.163125754392054303e-02 -1.502674985964439717e-03 1.502674985964215721e-03 1.163125754392051701e-02 1.738182463629707464e-02 2.629541025353689804e-02 3.334208844560476726e-02 4.113404623328995036e-02 4.963202136923021424e-02 5.499404284397631931e-02 6.636658861841210344e-02 6.997353386638027750e-02 7.199267047328938851e-02 7.733836477088214256e-02 8.785555471014359907e-02 9.715152490635345361e-02 9.992047143150442623e-02
-9.992026029508965790e-02 -9.715190184167409038e-02 -8.785758799725136570e-02 -7.733758069709485705e-02 -7.199148298892578401e-02 -6.998312453889264650e-02 -6.636801588970071830e-02 -5.499663953763146707e-02 -4.965825613478017098e-02 -4.112503019217481071e-02 -3.335806934902005999e-02 -2.625338257183790214e-02 -1.737710332983509118e-02 -1.153005460720854698e-02 -1.603129196999805153e-03 1.603129196999865651e-03 1.153005460720869964e-02 1.737710332983482056e-02 2.625338257183859256e-02 3.335806934902030285e-02 4.112503019217486622e-02 4.965825613477984485e-02 5.499663953763130053e-02 6.636801588970021870e-02 6.998312453889198037e-02 7.199148298892628361e-02 7.733758069709480154e-02 8.785758799725115753e-02 9.715190184167427079e-02 9.992026029509037954e-02
-9.992001309480326443e-02 -9.715229413212109200e-02 -8.785969222848481752e-02 -7.733675225867146785e-02 -7.199028099838762629e-02 -6.999308706189900919e-02 -6.636938018933467853e-02 -5.499934151439644231e-02 -4.968447444454977824e-02 -4.111588883555090251e-02 -3.337425094575448975e-02 -2.621113864765843224e-02 -1.737242422452115256e-02 -1.142470792613260559e-02 -1.707391745777444084e-03 1.707391745777274948e-03 1.142470792613198977e-02 1.737242422452087154e-02 2.621113864765825877e-02 3.337425094575417056e-02 4.111588883555038904e-02 4.968447444454945905e-02 5.499934151439631047e-02 6.636938018933463690e-02 6.999308706189864837e-02 7.199028099838723771e-02 7.733675225867069070e-02 8.785969222848458160e-02 9.715229413212067566e-02 9.992001309480329219e-02
-9.991972647987548695e-02 -9.715270044015766882e-02 -8.786185845245837733e-02 -7.733588009822771336e-02 -7.198907463575190957e-02 -7.000338451491594505e-02 -6.637065775828947245e-02 -5.500213818076671313e-02 -4.971045322708003700e-02 -4.110667327908913704e-02 -3.339054754426270394e-02 -2.616897092687983997e-02 -1.736782207131322420e-02 -1.131574106392952903e-02 -1.814946586568082091e-03 1.814946586567760733e-03 1.131574106392972158e-02 1.736782207131376890e-02 2.616897092687993018e-02 3.339054754426285659e-02 4.110667327908938684e-02 4.971045322708019659e-02 5.500213818076657435e-02 6.637065775828880632e-02 7.000338451491615321e-02 7.198907463575258958e-02 7.733588009822697784e-02 8.786185845245809978e-02 9.715270044015725248e-02 9.991972647987627798e-02
-9.991939712621951408e-02 -9.715311939293964916e-02 -8.786407754244798807e-02 -7.733496485520192920e-02 -7.198787436868822609e-02 -7.001397910984279160e-02 -6.637182455490991950e-02 -5.500501836226449198e-02 -4.973597415957950463e-02 -4.109743187763834765e-02 -3.340687942289301271e-02 -2.612715870570250093e-02 -1.736332857255907733e-02 -1.120374174982036522e-02 -1.925224607975842533e-03 1.925224607976027064e-03 1.120374174982072084e-02 1.736332857255926121e-02 2.612715870570249052e-02 3.340687942289331108e-02 4.109743187763854194e-02 4.973597415957903972e-02 5.500501836226466545e-02 6.637182455490965582e-02 7.001397910984255568e-02 7.198787436868799017e-02 7.733496485520173491e-02 8.786407754244857093e-02 9.715311939293996835e-02 9.991939712621940306e-02
-9.991902176926349688e-02 -9.715354958895960902e-02 -8.786634024921270714e-02 -7.733400716523186613e-02 -7.198669093626189341e-02 -7.002483240613938120e-02 -6.637285643073979891e-02 -5.500797034899368443e-02 -4.976082518741289235e-02 -4.108820997167021705e-02 -3.342317309012759335e-02 -2.608596649028659120e-02 -1.735897227628193165e-02 -1.108936642610002660e-02 -2.037598822536243817e-03 2.037598822536542623e-03 1.108936642609958424e-02 1.735897227628218145e-02 2.608596649028700407e-02 3.342317309012761417e-02 4.108820997167030725e-02 4.976082518741339195e-02 5.500797034899425342e-02 6.637285643073946584e-02 7.002483240613995019e-02 7.198669093626242077e-02 7.733400716523178287e-02 8.786634024921308184e-02 9.715354958895999760e-02 9.991902176926306667e-02
-9.991859723706070229e-02 -9.715398960484641910e-02 -8.786863725462612518e-02 -7.733300766085772493e-02 -7.198553528000961599e-02 -7.003590553302566080e-02 -6.637372931128328324e-02 -5.501098195147746672e-02 -4.978480188015615288e-02 -4.107904971360707563e-02 -3.343936140313619881e-02 -2.604564275150183031e-02 -1.735477855833382141e-02 -1.097334474296177143e-02 -2.151379296409508188e-03 2.151379296409920185e-03 1.097334474296186337e-02 1.735477855833479979e-02 2.604564275150193092e-02 3.343936140313591432e-02 4.107904971360691604e-02 4.978480188015614594e-02 5.501098195147754999e-02 6.637372931128364406e-02 7.003590553302618815e-02 7.198553528000922741e-02 7.733300766085778044e-02 8.786863725462601415e-02 9.715398960484600277e-02 9.991859723706025820e-02
-9.991812048339836216e-02 -9.715443800226809812e-02 -8.787095922576905471e-02 -7.733196697364362604e-02 -7.198441846832116797e-02 -7.004715941709266369e-02 -6.637441938076125980e-02 -5.501404056688803668e-02 -4.980770862549780548e-02 -4.106998996717817207e-02 -3.345538356573244526e-02 -2.600641904976319640e-02 -1.735076968188134852e-02 -1.085648383279010087e-02 -2.265808011017030835e-03 2.265808011017247676e-03 1.085648383279018934e-02 1.735076968188121668e-02 2.600641904976340110e-02 3.345538356573277139e-02 4.106998996717850514e-02 4.980770862549780548e-02 5.501404056688811300e-02 6.637441938076124592e-02 7.004715941709296900e-02 7.198441846832143165e-02 7.733196697364402850e-02 8.787095922576926288e-02 9.715443800226811200e-02 9.991812048339840380e-02
-9.991758862066918434e-02 -9.715489333491002244e-02 -8.787329686911994620e-02 -7.733088573776511487e-02 -7.198335161437965923e-02 -7.005855501353409898e-02 -6.637490326983305766e-02 -5.501713325549312944e-02 -4.982935966561152785e-02 -4.106106627192773750e-02 -3.347118502648677163e-02 -2.596850949832871930e-02 -1.734696492238509483e-02 -1.073967208528017921e-02 -2.380053966310489121e-03 2.380053966310751931e-03 1.073967208528008033e-02 1.734696492238597607e-02 2.596850949832932298e-02 3.347118502648693816e-02 4.106106627192782077e-02 4.982935966561159030e-02 5.501713325549362904e-02 6.637490326983280786e-02 7.005855501353364101e-02 7.198335161437935392e-02 7.733088573776508712e-02 8.787329686911962701e-02 9.715489333491020285e-02 9.991758862066986435e-02
-9.991699895222445893e-02 -9.715535415547683906e-02 -8.787564098446214167e-02 -7.732976459507286127e-02 -7.198234578802413519e-02 -7.007005353900606914e-02 -6.637515824519024665e-02 -5.502024682685270618e-02 -4.984957998331532303e-02 -4.105231086439571631e-02 -3.348671729665306934e-02 -2.593211052848206841e-02 -1.734338074565420010e-02 -1.062388199101060512e-02 -2.493208995047891102e-03 2.493208995047927531e-03 1.062388199101049757e-02 1.734338074565357560e-02 2.593211052848200943e-02 3.348671729665322200e-02 4.105231086439554283e-02 4.984957998331545487e-02 5.502024682685267148e-02 6.637515824519064911e-02 7.007005353900636058e-02 7.198234578802417682e-02 7.732976459507340250e-02 8.787564098446164207e-02 9.715535415547686682e-02 9.991699895222402872e-02
-9.991634900394269492e-02 -9.715581902268859149e-02 -8.787798251812803385e-02 -7.732860420165428572e-02 -7.198141192215545825e-02 -7.008161670394578990e-02 -6.637516239984932176e-02 -5.502336793496892531e-02 -4.986820604749361840e-02 -4.104375274726181078e-02 -3.350193770597983955e-02 -2.589740091671517697e-02 -1.734003102650218120e-02 -1.051017141910594137e-02 -2.604284963734628238e-03 2.604284963734762245e-03 1.051017141910616862e-02 1.734003102650252467e-02 2.589740091671565228e-02 3.350193770597976323e-02 4.104375274726233813e-02 4.986820604749423597e-02 5.502336793496914735e-02 6.637516239984884991e-02 7.008161670394551235e-02 7.198141192215523620e-02 7.732860420165396653e-02 8.787798251812790895e-02 9.715581902268810577e-02 9.991634900394304186e-02
-9.991563655475145522e-02 -9.715628650822095980e-02 -8.788031261518707005e-02 -7.732740523581831116e-02 -7.198056071444156045e-02 -7.009320694200971147e-02 -6.637489484289482711e-02 -5.502648318130805294e-02 -4.988508642891763961e-02 -4.103541779781575555e-02 -3.351680911257154394e-02 -2.586454203218765610e-02 -1.733692729607611699e-02 -1.039968244698432666e-02 -2.712213286320600252e-03 2.712213286320636248e-03 1.039968244698441166e-02 1.733692729607638761e-02 2.586454203218783304e-02 3.351680911257144679e-02 4.103541779781518656e-02 4.988508642891757716e-02 5.502648318130794886e-02 6.637489484289424424e-02 7.009320694200936452e-02 7.198056071444135229e-02 7.732740523581808911e-02 8.788031261518733372e-02 9.715628650822107082e-02 9.991563655475192707e-02
-9.991485966581380163e-02 -9.715675520354816186e-02 -8.788262267019229801e-02 -7.732616840746218967e-02 -7.197980252533713041e-02 -7.010478763419819570e-02 -6.637433588737462475e-02 -5.502957922428105414e-02 -4.990008229872603535e-02 -4.102732890741495053e-02 -3.353129958095042717e-02 -2.583367826220166197e-02 -1.733407900669904980e-02 -1.029363658400881190e-02 -2.815847954180621029e-03 2.815847954180734219e-03 1.029363658400863843e-02 1.733407900669916429e-02 2.583367826220188401e-02 3.353129958095033697e-02 4.102732890741467298e-02 4.990008229872573697e-02 5.502957922428099863e-02 6.637433588737463863e-02 7.010478763419818182e-02 7.197980252533642265e-02 7.732616840746203701e-02 8.788262267019295026e-02 9.715675520354841166e-02 9.991485966581402367e-02
-9.991401670813300495e-02 -9.715722372664607753e-02 -8.788490437610042838e-02 -7.732489446869511562e-02 -7.197914727358689646e-02 -7.011632332511517907e-02 -6.637346723494970402e-02 -5.503264289354051902e-02 -4.991306782254135987e-02 -4.101950614409937551e-02 -3.354538204040055649e-02 -2.580493757407877758e-02 -1.733149380422531818e-02 -1.019332496766397166e-02 -2.913973549102340244e-03 2.913973549102060086e-03 1.019332496766353277e-02 1.733149380422624800e-02 2.580493757407899269e-02 3.354538204040074384e-02 4.101950614409961837e-02 4.991306782254174845e-02 5.503264289354110883e-02 6.637346723494969014e-02 7.011632332511501253e-02 7.197914727358697973e-02 7.732489446869487970e-02 8.788490437610103900e-02 9.715722372664581385e-02 9.991401670813354619e-02
-9.991310638830540325e-02 -9.715769072851228316e-02 -8.788714977098206760e-02 -7.732358422558965882e-02 -7.197860433060146446e-02 -7.012777992878833910e-02 -6.637227215587296336e-02 -5.503566130717518073e-02 -4.992393046352479324e-02 -4.101196693111273939e-02 -3.355903393371801463e-02 -2.577843217344273283e-02 -1.732917779907792999e-02 -1.010009193697109300e-02 -3.005319878717424564e-03 3.005319878717203387e-03 1.010009193697110862e-02 1.732917779907818673e-02 2.577843217344254895e-02 3.355903393371771626e-02 4.101196693111235081e-02 4.992393046352448099e-02 5.503566130717411908e-02 6.637227215587197804e-02 7.012777992878867217e-02 7.197860433060167262e-02 7.732358422558945066e-02 8.788714977098177616e-02 9.715769072851192234e-02 9.991310638830472324e-02
-9.991212777216716689e-02 -9.715815489945815731e-02 -8.788935128215799586e-02 -7.732223855089952191e-02 -7.197818241522767335e-02 -7.013912492147217348e-02 -6.637073566279662329e-02 -5.503862198973066833e-02 -4.993257120758189116e-02 -4.100472623478110257e-02 -3.357223686464769208e-02 -2.575425922129357184e-02 -1.732713582840834585e-02 -1.001531042046101098e-02 -3.088584839111360378e-03 3.088584839111351704e-03 1.001531042046131283e-02 1.732713582840860259e-02 2.575425922129399858e-02 3.357223686464792800e-02 4.100472623478115114e-02 4.993257120758237688e-02 5.503862198973107772e-02 6.637073566279633186e-02 7.013912492147252042e-02 7.197818241522746519e-02 7.732223855089913334e-02 8.788935128215799586e-02 9.715815489945818506e-02 9.991212777216697261e-02
-9.991108030612320945e-02 -9.715861497513239575e-02 -8.789150176741744591e-02 -7.732085839753885526e-02 -7.197788949059261143e-02 -7.015032751893385266e-02 -6.636884467687541311e-02 -5.504151298886009180e-02 -4.993890472360792976e-02 -4.099779675592330613e-02 -3.358497625062974168e-02 -2.573250157528072374e-02 -1.732537170307024699e-02 -9.940347964796794958e-03 -3.162466717707644679e-03 3.162466717707655087e-03 9.940347964796959757e-03 1.732537170306995555e-02 2.573250157528094231e-02 3.358497625062966535e-02 4.099779675592353512e-02 4.993890472360854732e-02 5.504151298886001548e-02 6.636884467687541311e-02 7.015032751893433838e-02 7.197788949059226449e-02 7.732085839753852219e-02 8.789150176741730713e-02 9.715861497513270106e-02 9.991108030612308455e-02
-9.990996383590432239e-02 -9.715906974223129100e-02 -8.789359455297547641e-02 -7.731944481261826541e-02 -7.197773266479724763e-02 -7.016135883583692057e-02 -6.636658818458263109e-02 -5.504432298832439424e-02 -4.994285947097328038e-02 -4.099118911966005696e-02 -3.359724098598548120e-02 -2.571322852400070511e-02 -1.732388843419216395e-02 -9.876523121684707349e-03 -3.225706254555675643e-03 3.225706254555731154e-03 9.876523121684780207e-03 1.732388843419190722e-02 2.571322852400053163e-02 3.359724098598543957e-02 4.099118911965998063e-02 4.994285947097402978e-02 5.504432298832423465e-02 6.636658818458263109e-02 7.016135883583719812e-02 7.197773266479794152e-02 7.731944481261762703e-02 8.789359455297565682e-02 9.715906974223192938e-02 9.990996383590393382e-02
-9.990877862258093489e-02 -9.715951804385983270e-02 -8.789562346786962410e-02 -7.731799895178159687e-02 -7.197771809727100678e-02 -7.017219202503000020e-02 -6.636395738365415131e-02 -5.504704141512169191e-02 -4.994437776556660130e-02 -4.098491205923983360e-02 -3.360902311942370879e-02 -2.569649648690970969e-02 -1.732268843519278387e-02 -9.825053376349401554e-03 -3.277137310708114898e-03 3.277137310708268855e-03 9.825053376349356452e-03 1.732268843519256529e-02 2.569649648690936622e-02 3.360902311942352838e-02 4.098491205923971564e-02 4.994437776556609476e-02 5.504704141512156007e-02 6.636395738365408192e-02 7.017219202503008346e-02 7.197771809727041004e-02 7.731799895178206872e-02 8.789562346787051228e-02 9.715951804385973556e-02 9.990877862258137898e-02
-9.990752535563994507e-02 -9.715995878449787404e-02 -8.789758287452215102e-02 -7.731652209360788397e-02 -7.197785091260110180e-02 -7.018280239480609306e-02 -6.636094581656025448e-02 -5.504965853857773928e-02 -4.994341581459581930e-02 -4.097897259013768417e-02 -3.362031754862380289e-02 -2.568234965631029793e-02 -1.732177369592263066e-02 -9.786997737258629551e-03 -3.315743051885317559e-03 3.315743051885635014e-03 9.786997737258744043e-03 1.732177369592287700e-02 2.568234965630994057e-02 3.362031754862329636e-02 4.097897259013782989e-02 4.994341581459601359e-02 5.504965853857748254e-02 6.636094581656069857e-02 7.018280239480670368e-02 7.197785091260085200e-02 7.731652209360834194e-02 8.789758287452224816e-02 9.715995878449734668e-02 9.990752535564051406e-02
-9.990620516296971898e-02 -9.716039093454521824e-02 -8.789946769521056469e-02 -7.731501565378462448e-02 -7.197813512361771193e-02 -7.019316750250734205e-02 -6.635754948991452740e-02 -5.505216555940505713e-02 -4.993994372905262435e-02 -4.097337617133078869e-02 -3.363112173376425068e-02 -2.567082056184502928e-02 -1.732114592636264591e-02 -9.763199152811010556e-03 -3.340712505394856629e-03 3.340712505395148496e-03 9.763199152811331480e-03 1.732114592636226427e-02 2.567082056184494948e-02 3.363112173376409109e-02 4.097337617133031684e-02 4.993994372905245088e-02 5.505216555940507100e-02 6.635754948991433311e-02 7.019316750250764736e-02 7.197813512361715682e-02 7.731501565378381957e-02 8.789946769520998182e-02 9.716039093454575948e-02 9.990620516296983000e-02
-9.990481961763451879e-02 -9.716081353440521318e-02 -8.790127343424281037e-02 -7.731348119879545566e-02 -7.197857356535501683e-02 -7.020326722322337010e-02 -6.635376697827560788e-02 -5.505455468696426879e-02 -4.993394552126441399e-02 -4.096812685123549930e-02 -3.364143543110262313e-02 -2.566193054190106168e-02 -1.732080666788337817e-02 -9.754233466299139232e-03 -3.351490798371235379e-03 3.351490798371067111e-03 9.754233466297911048e-03 1.732080666788422818e-02 2.566193054190100617e-02 3.364143543110213047e-02 4.096812685123546460e-02 4.993394552126469849e-02 5.505455468696501126e-02 6.635376697827548298e-02 7.020326722322313417e-02 7.197857356535450335e-02 7.731348119879517811e-02 8.790127343424276873e-02 9.716081353440543522e-02 9.990481961763469920e-02
-9.990337074132292494e-02 -9.716122569807102149e-02 -8.790299619566135925e-02 -7.731192045883764075e-02 -7.197916784138055912e-02 -7.021308379275510714e-02 -6.634959951085947494e-02 -5.505681920323241690e-02 -4.992541909342302492e-02 -4.096322739633118798e-02 -3.365126044709775693e-02 -2.565569011022595519e-02 -1.732075737054971504e-02 -9.760371975927991522e-03 -3.347816025670028155e-03 3.347816025670015145e-03 9.760371975927677538e-03 1.732075737054970463e-02 2.565569011022553886e-02 3.365126044709790959e-02 4.096322739633093124e-02 4.992541909342262246e-02 5.505681920323271528e-02 6.634959951086003005e-02 7.021308379275500999e-02 7.197916784138036483e-02 7.731192045883812647e-02 8.790299619566087352e-02 9.716122569807014719e-02 9.990337074132268902e-02
-9.990186100441572625e-02 -9.716162661619461016e-02 -8.790463269633341792e-02 -7.731033533969033922e-02 -7.197991828372315992e-02 -7.022260182447272181e-02 -6.634505103974358553e-02 -5.505895351231440693e-02 -4.991437622124802326e-02 -4.095867940096956095e-02 -3.366060041309184431e-02 -2.565209920992507150e-02 -1.732099943529749955e-02 -9.781563375557016105e-03 -3.329736982561089589e-03 3.329736982560874484e-03 9.781563375557236414e-03 1.732099943529762098e-02 2.565209920992473497e-02 3.366060041309142797e-02 4.095867940096972748e-02 4.991437622124840490e-02 5.505895351231371998e-02 6.634505103974330797e-02 7.022260182447252752e-02 7.197991828372352074e-02 7.731033533968993676e-02 8.790463269633350119e-02 9.716162661619417995e-02 9.990186100441575401e-02
-9.990029332262174988e-02 -9.716201555861687933e-02 -8.790618027435524728e-02 -7.730872793326022674e-02 -7.198082392738140711e-02 -7.023180830017326792e-02 -6.634012828828085573e-02 -5.506095317469867495e-02 -4.990084253524527946e-02 -4.095448337734913791e-02 -3.366946058017759175e-02 -2.565114735078431393e-02 -1.732153422013482658e-02 -9.817437999703330573e-03 -3.297608845223570870e-03 3.297608845223609468e-03 9.817437999703552617e-03 1.732153422013483351e-02 2.565114735078442842e-02 3.366946058017751542e-02 4.095448337734932526e-02 4.990084253524475905e-02 5.506095317469850842e-02 6.634012828828102226e-02 7.023180830017285159e-02 7.198082392738121282e-02 7.730872793326033776e-02 8.790618027435471993e-02 9.716201555861676831e-02 9.990029332262215234e-02
-9.989867105018260252e-02 -9.716239187632690066e-02 -8.790763689268508985e-02 -7.730710052657180364e-02 -7.198188250006715139e-02 -7.024069253555641212e-02 -6.633484077858167738e-02 -5.506281492581725084e-02 -4.988485750018081810e-02 -4.095063882501795427e-02 -3.367784763359685934e-02 -2.565281362959827283e-02 -1.732236300974833096e-02 -9.867333596572607987e-03 -3.252067577599315577e-03 3.252067577599335527e-03 9.867333596572932380e-03 1.732236300974752952e-02 2.565281362959826589e-02 3.367784763359694955e-02 4.095063882501805141e-02 4.988485750018060300e-02 5.506281492581717452e-02 6.633484077858256556e-02 7.024069253555634273e-02 7.198188250006673505e-02 7.730710052657255305e-02 8.790763689268552006e-02 9.716239187632642882e-02 9.989867105018238047e-02
-9.989699796966296230e-02 -9.716275500283648447e-02 -8.790900113804618610e-02 -7.730545560893982426e-02 -7.198309042751771525e-02 -7.024924612140298619e-02 -6.632920083706921044e-02 -5.506453667886280351e-02 -4.986647439163952727e-02 -4.094714427969316228e-02 -3.368576952578024308e-02 -2.565706663689173647e-02 -1.732348694816316162e-02 -9.930338390432844400e-03 -3.193987301317127193e-03 3.193987301317294594e-03 9.930338390433319715e-03 1.732348694816288059e-02 2.565706663689155953e-02 3.368576952578017369e-02 4.094714427969350923e-02 4.986647439163875012e-02 5.506453667886283820e-02 6.632920083706926595e-02 7.024924612140333313e-02 7.198309042751790954e-02 7.730545560893972712e-02 8.790900113804603344e-02 9.716275500283656774e-02 9.989699796966250434e-02
-9.989527827838880214e-02 -9.716310445497212955e-02 -8.791027221508583567e-02 -7.730379587712364609e-02 -7.198444285435035006e-02 -7.025746284202033509e-02 -6.632322357733519413e-02 -5.506611751218219719e-02 -4.984576026669199772e-02 -4.094399734154668263e-02 -3.369323532699029095e-02 -2.566386425710696917e-02 -1.732490693439527399e-02 -1.000534494684606618e-02 -3.124427108916248783e-03 3.124427108916369780e-03 1.000534494684592740e-02 1.732490693439620380e-02 2.566386425710726407e-02 3.369323532699051299e-02 4.094399734154680059e-02 4.984576026669197690e-02 5.506611751218250944e-02 6.632322357733558271e-02 7.025746284202043224e-02 7.198444285435057211e-02 7.730379587712468692e-02 8.791027221508647405e-02 9.716310445497222670e-02 9.989527827838845520e-02
-9.989351657161980869e-02 -9.716343983305279763e-02 -8.791144993591547274e-02 -7.730212423828299040e-02 -7.198593368009535698e-02 -7.026533857293185137e-02 -6.631692685974058254e-02 -5.506755764190380403e-02 -4.982279592399192769e-02 -4.094119468348469959e-02 -3.370025509240495015e-02 -2.567315337304133457e-02 -1.732662348137105346e-02 -1.009110777760331874e-02 -3.044574372919544615e-03 3.044574372919761889e-03 1.009110777760322507e-02 1.732662348137116795e-02 2.567315337304165029e-02 3.370025509240492934e-02 4.094119468348502572e-02 4.982279592399245505e-02 5.506755764190425506e-02 6.631692685974145685e-02 7.026533857293176810e-02 7.198593368009575943e-02 7.730212423828312918e-02 8.791144993591533396e-02 9.716343983305245069e-02 9.989351657162003073e-02
-9.989171782256997534e-02 -9.716376082047234464e-02 -8.791253470512076784e-02 -7.730044381055832525e-02 -7.198755560971206724e-02 -7.027287116016710244e-02 -6.631033122743951180e-02 -5.506885838076677753e-02 -4.979767584690100030e-02 -4.093873204033028623e-02 -3.370683974439116909e-02 -2.568486948900288239e-02 -1.732863653887234748e-02 -1.018629854435653889e-02 -2.955690676735243765e-03 2.955690676735205167e-03 1.018629854435652501e-02 1.732863653887227809e-02 2.568486948900321545e-02 3.370683974439130093e-02 4.093873204033091073e-02 4.979767584690206195e-02 5.506885838076665957e-02 6.631033122743971997e-02 7.027287116016711632e-02 7.198755560971153988e-02 7.730044381055875546e-02 8.791253470512072621e-02 9.716376082047227525e-02 9.989171782257022514e-02
-9.988988735942813668e-02 -9.716406718267622811e-02 -8.791352750042326358e-02 -7.729875792117897604e-02 -7.198930021759038234e-02 -7.028006028379840675e-02 -6.630345981877756867e-02 -5.507002208439180924e-02 -4.977050812166636945e-02 -4.093660418021169423e-02 -3.371300096866488433e-02 -2.569893629086924397e-02 -1.733094528185909200e-02 -1.028955454550354968e-02 -2.859064663312856601e-03 2.859064663312402103e-03 1.028955454550336754e-02 1.733094528185959854e-02 2.569893629086894560e-02 3.371300096866450269e-02 4.093660418021143055e-02 4.977050812166622373e-02 5.507002208439196189e-02 6.630345981877737438e-02 7.028006028379789327e-02 7.198930021759006315e-02 7.729875792117868460e-02 8.791352750042341624e-02 9.716406718267628362e-02 9.988988735942827546e-02
-9.988803083954453377e-02 -9.716435876553970730e-02 -8.791442984918777792e-02 -7.729707010198613726e-02 -7.199115802378797113e-02 -7.028690730859317448e-02 -6.629633825630443233e-02 -5.507105208643974653e-02 -4.974141432120231243e-02 -4.093480485984969663e-02 -3.371875112297179761e-02 -2.571526516483861602e-02 -1.733354786628525310e-02 -1.039951821617094221e-02 -2.755974047662000225e-03 2.755974047662148544e-03 1.039951821617059527e-02 1.733354786628600944e-02 2.571526516483864377e-02 3.371875112297138127e-02 4.093480485985001582e-02 4.974141432120236794e-02 5.507105208643952449e-02 6.629633825630384947e-02 7.028690730859303570e-02 7.199115802378823481e-02 7.729707010198640094e-02 8.791442984918711179e-02 9.716435876553931872e-02 9.988803083954399253e-02
-9.988615422099071661e-02 -9.716463549316620152e-02 -8.791524380100737557e-02 -7.729538408233938007e-02 -7.199311858102477868e-02 -7.029341512480062615e-02 -6.628899451290320988e-02 -5.507195262425560595e-02 -4.971052934369856596e-02 -4.093332676590741986e-02 -3.372410315690505672e-02 -2.573375470019750172e-02 -1.733644115551981682e-02 -1.051486712442854972e-02 -2.647657281539086624e-03 2.647657281539081853e-03 1.051486712442834329e-02 1.733644115551978213e-02 2.573375470019742886e-02 3.372410315690517468e-02 4.093332676590769048e-02 4.971052934369914189e-02 5.507195262425523818e-02 6.628899451290284905e-02 7.029341512480082044e-02 7.199311858102501460e-02 7.729538408233956048e-02 8.791524380100669556e-02 9.716463549316543824e-02 9.988615422099028640e-02
-9.988426373170491979e-02 -9.716489736511561837e-02 -8.791597189664102086e-02 -7.729370377938088454e-02 -7.199517057081526727e-02 -7.029958798211556614e-02 -6.628145875584987023e-02 -5.507272875671553880e-02 -4.967800119414179927e-02 -4.093216144498620923e-02 -3.372907054142734729e-02 -2.575429020466359423e-02 -1.733962042162998096e-02 -1.063433516376482112e-02 -2.535294137236369406e-03 2.535294137236411473e-03 1.063433516376446550e-02 1.733962042163010586e-02 2.575429020466323687e-02 3.372907054142736810e-02 4.093216144498607045e-02 4.967800119414234744e-02 5.507272875671598983e-02 6.628145875584945390e-02 7.029958798211551063e-02 7.199517057081537830e-02 7.729370377938049597e-02 8.791597189664107637e-02 9.716489736511547959e-02 9.988426373170510020e-02
-9.988236583646450950e-02 -9.716514445309169801e-02 -8.791661713359615049e-02 -7.729203328568828857e-02 -7.199730190701121579e-02 -7.030543131985446392e-02 -6.627376316988604910e-02 -5.507338627602603731e-02 -4.964399069590991198e-02 -4.093129922536835330e-02 -3.373366720662659274e-02 -2.577674326379246136e-02 -1.734307902719655139e-02 -1.075672630489355429e-02 -2.419993810163407772e-03 2.419993810163109833e-03 1.075672630489344500e-02 1.734307902719806754e-02 2.577674326379276321e-02 3.373366720662634988e-02 4.093129922536827003e-02 4.964399069590963443e-02 5.507338627602633568e-02 6.627376316988656257e-02 7.030543131985508842e-02 7.199730190701124355e-02 7.729203328568830245e-02 8.791661713359590069e-02 9.716514445309101800e-02 9.988236583646457889e-02
-9.988046720194111716e-02 -9.716537689710313952e-02 -8.791718292867485574e-02 -7.729037685437939453e-02 -7.199949984498543731e-02 -7.031095159623373947e-02 -6.626594176067984732e-02 -5.507393161521629416e-02 -4.960867111893001863e-02 -4.093072913410846642e-02 -3.373790748622047808e-02 -2.580097137830115323e-02 -1.734680809489317840e-02 -1.088092249165864729e-02 -2.302788914283196084e-03 2.302788914282967968e-03 1.088092249165872882e-02 1.734680809489241513e-02 2.580097137830128506e-02 3.373790748622042257e-02 4.093072913410809865e-02 4.960867111892972026e-02 5.507393161521629416e-02 6.626594176067994446e-02 7.031095159623350355e-02 7.199949984498617284e-02 7.729037685437882554e-02 8.791718292867535534e-02 9.716537689710202930e-02 9.988046720194074246e-02
-9.987857466011219876e-02 -9.716559490114314024e-02 -8.791767307783900087e-02 -7.728873888176134022e-02 -7.200175109470102752e-02 -7.031615611947851507e-02 -6.625803014027448201e-02 -5.507437175302409837e-02 -4.957222771051600363e-02 -4.093043881358006397e-02 -3.374180606726010639e-02 -2.582681771480418650e-02 -1.735079617375273955e-02 -1.100588719868865820e-02 -2.184633808240086465e-03 2.184633808239933375e-03 1.100588719868856799e-02 1.735079617375321487e-02 2.582681771480440161e-02 3.374180606726009946e-02 4.093043881358055663e-02 4.957222771051576771e-02 5.507437175302367510e-02 6.625803014027413507e-02 7.031615611947879263e-02 7.200175109470051404e-02 7.728873888176147899e-02 8.791767307783873719e-02 9.716559490114314024e-02 9.987857466011133833e-02
-9.987669517029541810e-02 -9.716579872841639431e-02 -8.791809171373317355e-02 -7.728712388766102726e-02 -7.200404193595737190e-02 -7.032105288321539860e-02 -6.625006529640156683e-02 -5.507471411776875686e-02 -4.953485711496055655e-02 -4.093041444212022761e-02 -3.374537794346432751e-02 -2.585411100626208714e-02 -1.735502891292576774e-02 -1.113066594934231796e-02 -2.066405906486540670e-03 2.066405906486257910e-03 1.113066594934227806e-02 1.735502891292528202e-02 2.585411100626243408e-02 3.374537794346434139e-02 4.093041444212006802e-02 4.953485711496038307e-02 5.507471411776892339e-02 6.625006529640203867e-02 7.032105288321527370e-02 7.200404193595742741e-02 7.728712388766120767e-02 8.791809171373321519e-02 9.716579872841717147e-02 9.987669517029619526e-02
-9.987483578012100460e-02 -9.716598869615332423e-02 -8.791844326126968534e-02 -7.728553649360321576e-02 -7.200635833423811583e-02 -7.032565040831480208e-02 -6.624208534770062440e-02 -5.507496649168438368e-02 -4.949676666832921595e-02 -4.093064066386447458e-02 -3.374863837056709531e-02 -2.588266563808329715e-02 -1.735948875538030275e-02 -1.125438482027067699e-02 -1.948908900318826716e-03 1.948908900318723934e-03 1.125438482027068914e-02 1.735948875538038255e-02 2.588266563808295020e-02 3.374863837056723409e-02 4.093064066386434968e-02 4.949676666832808491e-02 5.507496649168407143e-02 6.624208534770056889e-02 7.032565040831569025e-02 7.200635833423787990e-02 7.728553649360336841e-02 8.791844326127019882e-02 9.716598869615349077e-02 9.987483578012117114e-02
-9.987300358568372560e-02 -9.716616517005523257e-02 -8.791873239163128240e-02 -7.728398139902684094e-02 -7.200868605567686820e-02 -7.032995759302017313e-02 -6.623412928707526903e-02 -5.507513691701531461e-02 -4.945817355570295698e-02 -4.093110053332366799e-02 -3.375160282205615786e-02 -2.591228195425813313e-02 -1.736415466572828123e-02 -1.137624769361380087e-02 -1.832877078591117672e-03 1.832877078591111167e-03 1.137624769361378699e-02 1.736415466572798980e-02 2.591228195425789027e-02 3.375160282205606765e-02 4.093110053332364717e-02 4.945817355570293616e-02 5.507513691701527297e-02 6.623412928707542169e-02 7.032995759302000660e-02 7.200868605567670167e-02 7.728398139902663277e-02 8.791873239163103260e-02 9.716616517005498277e-02 9.987300358568304559e-02
-9.987120569122580338e-02 -9.716632855842236016e-02 -8.791896397508416894e-02 -7.728246335575626735e-02 -7.201101077985702648e-02 -7.033398357282201474e-02 -6.622623671555406821e-02 -5.507523360503453064e-02 -4.941930381942852279e-02 -4.093177548054101333e-02 -3.375428694364039639e-02 -2.594274681495448501e-02 -1.736900190759716606e-02 -1.149553278943005706e-02 -1.718980167373173207e-03 1.718980167373253005e-03 1.149553278943025482e-02 1.736900190759726667e-02 2.594274681495431847e-02 3.375428694364030618e-02 4.093177548054090231e-02 4.941930381942857831e-02 5.507523360503476656e-02 6.622623671555438740e-02 7.033398357282159841e-02 7.201101077985685994e-02 7.728246335575560122e-02 8.791896397508329464e-02 9.716632855842335936e-02 9.987120569122556746e-02
-9.986944916859138988e-02 -9.716647930601712835e-02 -8.791914303301573419e-02 -7.728098714098692590e-02 -7.201331820931479444e-02 -7.033773759122002867e-02 -6.621844756911145213e-02 -5.507526484892345808e-02 -4.938039120879485905e-02 -4.093264530287420155e-02 -3.375670650483150043e-02 -2.597383443253459961e-02 -1.737400188683161165e-02 -1.161158882955341289e-02 -1.607828291902634174e-03 1.607828291902602515e-03 1.161158882955354125e-02 1.737400188683187879e-02 2.597383443253492227e-02 3.375670650483129226e-02 4.093264530287415298e-02 4.938039120879471333e-02 5.507526484892397156e-02 6.621844756911107743e-02 7.033773759122018132e-02 7.201331820931479444e-02 7.728098714098689814e-02 8.791914303301510969e-02 9.716647930601637895e-02 9.986944916859183397e-02
-9.986774101676794413e-02 -9.716661788769773156e-02 -8.791927468954974234e-02 -7.727955752902798681e-02 -7.201559417480607461e-02 -7.034122888209989877e-02 -6.621080184096143906e-02 -5.507523894129705277e-02 -4.934167586402162659e-02 -4.093368818943681625e-02 -3.375887734606029117e-02 -2.600530750705974670e-02 -1.737912207694124536e-02 -1.172383104880682370e-02 -1.499976803987362450e-03 1.499976803987358113e-03 1.172383104880682196e-02 1.737912207694166170e-02 2.600530750705985772e-02 3.375887734606081853e-02 4.093368818943664972e-02 4.934167586402233435e-02 5.507523894129728870e-02 6.621080184096134191e-02 7.034122888209973223e-02 7.201559417480560277e-02 7.727955752902852804e-02 8.791927468954881253e-02 9.716661788769752339e-02 9.986774101676891557e-02
-9.986608812177269479e-02 -9.716674480191257735e-02 -8.791936412314645122e-02 -7.727817926209493149e-02 -7.201782473557515052e-02 -7.034446656416105947e-02 -6.620333930185832993e-02 -5.507516409695709797e-02 -4.930340283054882727e-02 -4.093488078396528146e-02 -3.376081531984988227e-02 -2.603691867498666296e-02 -1.738432604254653430e-02 -1.183173717430931714e-02 -1.395930819639451450e-03 1.395930819639403528e-03 1.183173717430942296e-02 1.738432604254638164e-02 2.603691867498657969e-02 3.376081531985027084e-02 4.093488078396501084e-02 4.930340283054900075e-02 5.507516409695706328e-02 6.620333930185860749e-02 7.034446656416133703e-02 7.201782473557373498e-02 7.727817926209522292e-02 8.791936412314681204e-02 9.716674480191182794e-02 9.986608812177308336e-02
-9.986449721717452488e-02 -9.716686056407791705e-02 -8.791941651855296469e-02 -7.727685702043533833e-02 -7.201999627405501758e-02 -7.034745954749706265e-02 -6.619609922090929910e-02 -5.507504838128150088e-02 -4.926582040334496343e-02 -4.093619829136576488e-02 -3.376253622473496252e-02 -2.606841227612816114e-02 -1.738957357490744302e-02 -1.193484343075195547e-02 -1.296149382880273839e-03 1.296149382880182549e-03 1.193484343075178547e-02 1.738957357490739097e-02 2.606841227612841441e-02 3.376253622473508742e-02 4.093619829136556365e-02 4.926582040334390872e-02 5.507504838128175068e-02 6.619609922090879950e-02 7.034745954749681285e-02 7.201999627405451798e-02 7.727685702043510241e-02 8.791941651855254836e-02 9.716686056407773664e-02 9.986449721717395589e-02
-9.986297484548622982e-02 -9.716696569992321064e-02 -8.791943701945650891e-02 -7.727559539208794792e-02 -7.202209558456668104e-02 -7.035021645214112329e-02 -6.618912008934928204e-02 -5.507489964450816566e-02 -4.922917830536598094e-02 -4.093761463230721070e-02 -3.376405573083585132e-02 -2.609952643427736890e-02 -1.739482095089207869e-02 -1.203274059155019435e-02 -1.201049219697047487e-03 1.201049219696994795e-03 1.203274059154976240e-02 1.739482095089219665e-02 2.609952643427728217e-02 3.376405573083630235e-02 4.093761463230732173e-02 4.922917830536561318e-02 5.507489964450781178e-02 6.618912008934922653e-02 7.035021645214162289e-02 7.202209558456648675e-02 7.727559539208894712e-02 8.791943701945696688e-02 9.716696569992254451e-02 9.986297484548670167e-02
-9.986152732070080473e-02 -9.716706073884773254e-02 -8.791943068221574897e-02 -7.727439884258617553e-02 -7.202410995575872499e-02 -7.035274553817029430e-02 -6.618243934965054032e-02 -5.507472546199964486e-02 -4.919372570925931859e-02 -4.093910264899413426e-02 -3.376538929630912289e-02 -2.612999543644809602e-02 -1.740002132293191200e-02 -1.212507007615940165e-02 -1.111008077286277772e-03 1.111008077286172388e-03 1.212507007615903562e-02 1.740002132293279671e-02 2.612999543644837011e-02 3.376538929630937963e-02 4.093910264899450896e-02 4.919372570925863164e-02 5.507472546199958935e-02 6.618243934964990194e-02 7.035274553817050247e-02 7.202410995575908581e-02 7.727439884258657798e-02 8.791943068221637347e-02 9.716706073884698314e-02 9.986152732070087412e-02
-9.986016069217190649e-02 -9.716714620736517649e-02 -8.791940243097150220e-02 -7.727327168488801190e-02 -7.202602724664683431e-02 -7.035505464671701348e-02 -6.617609313219026401e-02 -5.507453308047668278e-02 -4.915970911689314382e-02 -4.094063436365259767e-02 -3.376655207426816629e-02 -2.615955238491641383e-02 -1.740512524272056979e-02 -1.221152008725434265e-02 -1.026367662942584977e-03 1.026367662942914791e-03 1.221152008725448317e-02 1.740512524272029571e-02 2.615955238491531748e-02 3.376655207426815242e-02 4.094063436365247277e-02 4.915970911689331729e-02 5.507453308047662727e-02 6.617609313219015299e-02 7.035505464671683307e-02 7.202602724664675105e-02 7.727327168488870579e-02 8.791940243097207119e-02 9.716714620736513486e-02 9.986016069217201752e-02
-9.985888071008441891e-02 -9.716722262267918353e-02 -8.791935701447266271e-02 -7.727221804986315890e-02 -7.202783595622164192e-02 -7.035715115112003981e-02 -6.617011600161742946e-02 -5.507432937007265827e-02 -4.912737011717119295e-02 -4.094218128928275857e-02 -3.376755881024327138e-02 -2.618793208547209178e-02 -1.741008131575798312e-02 -1.229182178367885063e-02 -9.474362079575222558e-04 9.474362079576430359e-04 1.229182178367881594e-02 1.741008131575778883e-02 2.618793208547300078e-02 3.376755881024334771e-02 4.094218128928289735e-02 4.912737011717092234e-02 5.507432937007263052e-02 6.617011600161720741e-02 7.035715115111966511e-02 7.202783595622207213e-02 7.727221804986342257e-02 8.791935701447251006e-02 9.716722262267862842e-02 9.985888071008446054e-02
-9.985769279269647580e-02 -9.716729048645875166e-02 -8.791929896490352503e-02 -7.727124185760250730e-02 -7.202952528669637200e-02 -7.035904191728929724e-02 -6.616454071483089672e-02 -5.507412078198963001e-02 -4.909694304859826830e-02 -4.094371478997774205e-02 -3.376842373076620329e-02 -2.621487412509247023e-02 -1.741483697770816394e-02 -1.236574549276945462e-02 -8.744906873931767872e-04 8.744906873932025912e-04 1.236574549276945288e-02 1.741483697770829231e-02 2.621487412509222736e-02 3.376842373076675841e-02 4.094371478997770736e-02 4.909694304859844177e-02 5.507412078198957450e-02 6.616454071483102162e-02 7.035904191728903356e-02 7.202952528669652466e-02 7.727124185760253505e-02 8.791929896490334462e-02 9.716729048645851574e-02 9.985769279269655907e-02
-9.985660199555322636e-02 -9.716735027887446474e-02 -8.791923255899884715e-02 -7.727034678985869598e-02 -7.203108520050705010e-02 -7.036073327228908880e-02 -6.615939799238267083e-02 -5.507391331145914531e-02 -4.906865259909379273e-02 -4.094520648556362885e-02 -3.376916042424948916e-02 -2.624012608292249082e-02 -1.741933937714666009e-02 -1.243309697625328419e-02 -8.077787285016186118e-04 8.077787285021074785e-04 1.243309697625344032e-02 1.741933937714718744e-02 2.624012608292233470e-02 3.376916042424924630e-02 4.094520648556389947e-02 4.906865259909355681e-02 5.507391331145942981e-02 6.615939799238251817e-02 7.036073327228933860e-02 7.203108520050746644e-02 7.727034678985911231e-02 8.791923255899823653e-02 9.716735027887361820e-02 9.985660199555258798e-02
-9.985561298282669140e-02 -9.716740245293564726e-02 -8.791916178168160401e-02 -7.726953626387558782e-02 -7.203250647127708295e-02 -7.036223098010918608e-02 -6.615471630489520860e-02 -5.507371246566670347e-02 -4.904271138112867995e-02 -4.094662869272479994e-02 -3.376978171592693451e-02 -2.626344681063237305e-02 -1.742353634314604272e-02 -1.249371377543270593e-02 -7.475202402107684841e-04 7.475202402109532322e-04 1.249371377543267818e-02 1.742353634314624394e-02 2.626344681063203304e-02 3.376978171592678879e-02 4.094662869272502198e-02 4.904271138112931139e-02 5.507371246566691858e-02 6.615471630489562493e-02 7.036223098010901955e-02 7.203250647127715234e-02 7.726953626387560170e-02 8.791916178168186768e-02 9.716740245293627176e-02 9.985561298282683018e-02
-9.985473000095224094e-02 -9.716744742920491174e-02 -8.791909029247629848e-02 -7.726881340787125629e-02 -7.203378072893877604e-02 -7.036354022355773008e-02 -6.615052167593135635e-02 -5.507352323626386881e-02 -4.901931752529004732e-02 -4.094795489218146928e-02 -3.377029953922624367e-02 -2.628460971206434543e-02 -1.742737741064133775e-02 -1.254746167227834344e-02 -6.939087943610265262e-04 6.939087943610567754e-04 1.254746167227823242e-02 1.742737741064142101e-02 2.628460971206493177e-02 3.377029953922643796e-02 4.094795489218142071e-02 4.901931752529036651e-02 5.507352323626419494e-02 6.615052167593142574e-02 7.036354022355804927e-02 7.203378072893867889e-02 7.726881340787147834e-02 8.791909029247603480e-02 9.716744742920453703e-02 9.985473000095171359e-02
-9.985395685467336746e-02 -9.716748559090990223e-02 -8.791902139489535251e-02 -7.726818103841744112e-02 -7.203490049926396244e-02 -7.036466559126271225e-02 -6.614683750256329653e-02 -5.507335007608422234e-02 -4.899865233928146768e-02 -4.094916020912504201e-02 -3.377072480646511887e-02 -2.630340594815538946e-02 -1.743081487205572211e-02 -1.259423131222932486e-02 -6.471127868750668755e-04 6.471127868749148703e-04 1.259423131222945497e-02 1.743081487205608640e-02 2.630340594815550395e-02 3.377072480646491764e-02 4.094916020912487548e-02 4.899865233928125952e-02 5.507335007608418070e-02 6.614683750256319938e-02 7.036466559126218490e-02 7.203490049926407346e-02 7.726818103841812113e-02 8.791902139489457535e-02 9.716748559091065163e-02 9.985395685467299276e-02
-9.985329688564589801e-02 -9.716751727952824269e-02 -8.791895800898703872e-02 -7.726764163993109225e-02 -7.203585923804779745e-02 -7.036561106877438354e-02 -6.614368439472761985e-02 -5.507319687967551086e-02 -4.898087808204529964e-02 -4.095022189217402409e-02 -3.377106728223114307e-02 -2.631964749146408281e-02 -1.743380482055477410e-02 -1.263393504117884224e-02 -6.072764041118264853e-04 6.072764041116855390e-04 1.263393504117904867e-02 1.743380482055500308e-02 2.631964749146404464e-02 3.377106728223102511e-02 4.095022189217419756e-02 4.898087808204545923e-02 5.507319687967513616e-02 6.614368439472724515e-02 7.036561106877378680e-02 7.203585923804797786e-02 7.726764163993078693e-02 8.791895800898727464e-02 9.716751727952797901e-02 9.985329688564517636e-02
-9.985275295368017945e-02 -9.716754279086543822e-02 -8.791890264722081183e-02 -7.726719734647845284e-02 -7.203665136017516069e-02 -7.036638003286874166e-02 -6.614108003428655069e-02 -5.507306696727370249e-02 -4.896613590358932233e-02 -4.095111977474958503e-02 -3.377133546309865619e-02 -2.633316995555086762e-02 -1.743630814883165292e-02 -1.266650401283458613e-02 -5.745204165664994159e-04 5.745204165665458197e-04 1.266650401283467633e-02 1.743630814883189578e-02 2.633316995555061782e-02 3.377133546309885742e-02 4.095111977474917564e-02 4.896613590358876722e-02 5.507306696727388984e-02 6.614108003428618987e-02 7.036638003286900533e-02 7.203665136017523007e-02 7.726719734647782833e-02 8.791890264722007631e-02 9.716754279086541046e-02 9.985275295367999904e-02
-9.985232742072043532e-02 -9.716756237167213650e-02 -8.791885739382961085e-02 -7.726684992607865676e-02 -7.203727226380138293e-02 -7.036697524821453054e-02 -6.613903905456390564e-02 -5.507296307188571521e-02 -4.895454400024944197e-02 -4.095183670219375988e-02 -3.377153646748603383e-02 -2.634383512788874421e-02 -1.743829146755669982e-02 -1.269188562317086211e-02 -5.489428189422570700e-04 5.489428189421523361e-04 1.269188562317088466e-02 1.743829146755612389e-02 2.634383512788909462e-02 3.377153646748591587e-02 4.095183670219404437e-02 4.895454400024955299e-02 5.507296307188622175e-02 6.613903905456365584e-02 7.036697524821393379e-02 7.203727226380068904e-02 7.726684992607828206e-02 8.791885739382909737e-02 9.716756237167235855e-02 9.985232742072043532e-02
-9.985202213764472756e-02 -9.716757621683669299e-02 -8.791882388776098289e-02 -7.726660076764177432e-02 -7.203771834984273870e-02 -7.036739886567215663e-02 -6.613757294097562245e-02 -5.507288732916133106e-02 -4.894619603214090536e-02 -4.095235890825230096e-02 -3.377167593937864531e-02 -2.635153314093322333e-02 -1.743972790963693384e-02 -1.271004132611056915e-02 -5.306193325072957549e-04 5.306193325073661196e-04 1.271004132611080334e-02 1.743972790963709343e-02 2.635153314093346966e-02 3.377167593937809714e-02 4.095235890825225933e-02 4.894619603214112741e-02 5.507288732916133106e-02 6.613757294097478978e-02 7.036739886567211499e-02 7.203771834984253053e-02 7.726660076764149676e-02 8.791882388776078860e-02 9.716757621683642931e-02 9.985202213764467205e-02
-9.985183843392708702e-02 -9.716758446716265707e-02 -8.791880330930469667e-02 -7.726645087068259588e-02 -7.203798703695314665e-02 -7.036765242162824896e-02 -6.613668995325117095e-02 -5.507284126980236533e-02 -4.894115984456963442e-02 -4.095267632579117911e-02 -3.377175796936664892e-02 -2.635618422426692573e-02 -1.744059779007259281e-02 -1.272094487906603490e-02 -5.196037826375250919e-04 5.196037826375577264e-04 1.272094487906614765e-02 1.744059779007232219e-02 2.635618422426685981e-02 3.377175796936644075e-02 4.095267632579126932e-02 4.894115984456912094e-02 5.507284126980199757e-02 6.613668995325117095e-02 7.036765242162824896e-02 7.203798703695303562e-02 7.726645087068187423e-02 8.791880330930497423e-02 9.716758446716305953e-02 9.985183843392719805e-02
-9.985177711022641400e-02 -9.716758720777687874e-02 -8.791879637049013207e-02 -7.726640083789672320e-02 -7.203807677211361560e-02 -7.036773683786454181e-02 -6.613639506962645798e-02 -5.507282581429272239e-02 -4.893947652825202804e-02 -4.095278281880482957e-02 -3.377178503594937403e-02 -2.635773999107380097e-02 -1.744088909627961037e-02 -1.272458105893512458e-02 -5.159283614591121236e-04 5.159283614590426262e-04 1.272458105893534488e-02 1.744088909627951323e-02 2.635773999107314525e-02 3.377178503594938791e-02 4.095278281880487120e-02 4.893947652825202110e-02 5.507282581429272239e-02 6.613639506962597225e-02 7.036773683786473610e-02 7.203807677211422622e-02 7.726640083789576563e-02 8.791879637049043739e-02 9.716758720777697589e-02 9.985177711022616420e-02
