-1.117316934514197141e-01 -1.091852401330597883e-01 -1.028284342883335617e-01 -9.639831725777070481e-02 -9.081654515949014184e-02 -8.082213759242841411e-02 -7.168842834651112383e-02 -6.726655395967456874e-02 -6.301110692364937649e-02 -5.723582523894601981e-02 -5.460160081383465952e-02 -3.843368252789493289e-02 -3.394831883151364083e-02 -1.766270214268367972e-02 -1.545807953683694946e-02 1.545807953683685058e-02 1.766270214268388788e-02 3.394831883151371715e-02 3.843368252789472472e-02 5.460160081383504116e-02 5.723582523894579083e-02 6.301110692364916832e-02 6.726655395967423567e-02 7.168842834651108220e-02 8.082213759242810880e-02 9.081654515948990591e-02 9.639831725777019134e-02 1.028284342883336172e-01 1.091852401330595385e-01 1.117316934514200055e-01
-1.117106639237858412e-01 -1.091739303723150978e-01 -1.028057340399440439e-01 -9.639606956343510502e-02 -9.080097040609144687e-02 -8.081243352198420882e-02 -7.168677194778881601e-02 -6.726409230391758309e-02 -6.302202577524128324e-02 -5.719110281376003913e-02 -5.459412825569413125e-02 -3.842907593011887085e-02 -3.394686528438149720e-02 -1.766150785958109370e-02 -1.544673718042508491e-02 1.544673718042497389e-02 1.766150785958116656e-02 3.394686528438151801e-02 3.842907593011836431e-02 5.459412825569441574e-02 5.719110281376033056e-02 6.302202577524186611e-02 6.726409230391765248e-02 7.168677194778895478e-02 8.081243352198462515e-02 9.080097040609162728e-02 9.639606956343547972e-02 1.028057340399435582e-01 1.091739303723145704e-01 1.117106639237853277e-01
-1.116516027877250405e-01 -1.091404546982668589e-01 -1.027386197919872429e-01 -9.638938316259131056e-02 -9.075449919410821797e-02 -8.078339209906355844e-02 -7.168185038237771811e-02 -6.725678287954241219e-02 -6.305393157197416998e-02 -5.705904738474473770e-02 -5.457021442856299642e-02 -3.841526485607622832e-02 -3.394249028953336828e-02 -1.765793700978551123e-02 -1.541258052507437672e-02 1.541258052507463693e-02 1.765793700978558062e-02 3.394249028953345154e-02 3.841526485607663771e-02 5.457021442856341970e-02 5.705904738474411320e-02 6.305393157197415610e-02 6.725678287954192647e-02 7.168185038237737117e-02 8.078339209906328089e-02 9.075449919410881472e-02 9.638938316259157424e-02 1.027386197919868266e-01 1.091404546982667201e-01 1.116516027877257344e-01
-1.115648389776488503e-01 -1.090862261465709721e-01 -1.026300361227970442e-01 -9.637842711807870222e-02 -9.067791511407255478e-02 -8.073523536472695938e-02 -7.167380476037009396e-02 -6.724485024199661209e-02 -6.310449128403503027e-02 -5.684646113148471985e-02 -5.452472635214740404e-02 -3.839227508958362872e-02 -3.393515049780040232e-02 -1.765202304773190109e-02 -1.535522231864985127e-02 1.535522231865004555e-02 1.765202304773185599e-02 3.393515049780058274e-02 3.839227508958396179e-02 5.452472635214737628e-02 5.684646113148508761e-02 6.310449128403526620e-02 6.724485024199616801e-02 7.167380476037023274e-02 8.073523536472641815e-02 9.067791511407291560e-02 9.637842711807832752e-02 1.026300361227970998e-01 1.090862261465706945e-01 1.115648389776481980e-01
-1.114630513157287839e-01 -1.090136991415987522e-01 -1.024848057888228386e-01 -9.636347946816391230e-02 -9.057259723536220664e-02 -8.066836424638423875e-02 -7.166286435566084079e-02 -6.722866171661250057e-02 -6.317043350708209659e-02 -5.656667110297224077e-02 -5.444663827124363031e-02 -3.836014826707892511e-02 -3.392477267758005344e-02 -1.764381366873993273e-02 -1.527402181013580613e-02 1.527402181013550429e-02 1.764381366873952334e-02 3.392477267757994241e-02 3.836014826707892511e-02 5.444663827124356092e-02 5.656667110297194240e-02 6.317043350708148597e-02 6.722866171661230628e-02 7.166286435566093793e-02 8.066836424638400282e-02 9.057259723536187357e-02 9.636347946816364862e-02 1.024848057888223668e-01 1.090136991415983775e-01 1.114630513157292002e-01
-1.113575885697612594e-01 -1.089263115606089460e-01 -1.023094050248355841e-01 -9.634492020787335798e-02 -9.044060141225192251e-02 -8.058339987964130424e-02 -7.164933787093653861e-02 -6.720871696730063016e-02 -6.324816879366240707e-02 -5.624366877511675911e-02 -5.431447010260746777e-02 -3.831893954487704257e-02 -3.391125216533425607e-02 -1.763336006590733931e-02 -1.516809064595762459e-02 1.516809064595760551e-02 1.763336006590741564e-02 3.391125216533402015e-02 3.831893954487687604e-02 5.431447010260755104e-02 5.624366877511631502e-02 6.324816879366253197e-02 6.720871696730067180e-02 7.164933787093673290e-02 8.058339987964073525e-02 9.044060141225293559e-02 9.634492020787252531e-02 1.023094050248359033e-01 1.089263115606090432e-01 1.113575885697611623e-01
-1.112565091767957898e-01 -1.088281614184068158e-01 -1.021115312423295368e-01 -9.632321920662063885e-02 -9.028472205705387332e-02 -8.048123134186419003e-02 -7.163360153427150712e-02 -6.718563348925117584e-02 -6.333427800712566891e-02 -5.591720246777913406e-02 -5.409097071021728986e-02 -3.826871362553831146e-02 -3.389445053050894885e-02 -1.762070421822200042e-02 -1.503629931327936722e-02 1.503629931327929437e-02 1.762070421822196226e-02 3.389445053050881007e-02 3.826871362553826289e-02 5.409097071021738701e-02 5.591720246777838466e-02 6.333427800712543299e-02 6.718563348925159218e-02 7.163360153427077159e-02 8.048123134186339900e-02 9.028472205705334597e-02 9.632321920662006987e-02 1.021115312423297866e-01 1.088281614184065660e-01 1.112565091767956788e-01
-1.111643303194635168e-01 -1.087234627370550072e-01 -1.018994753158645877e-01 -9.629891802538152745e-02 -9.010849475287616150e-02 -8.036305970477387872e-02 -7.161608447944592393e-02 -6.716012841997973104e-02 -6.342578995777330142e-02 -5.563692414237771111e-02 -5.372900697625138805e-02 -3.820953830290313435e-02 -3.387419224825829328e-02 -1.760586579797839002e-02 -1.487728313431731404e-02 1.487728313431723424e-02 1.760586579797847329e-02 3.387419224825842512e-02 3.820953830290303027e-02 5.372900697625202643e-02 5.563692414237769723e-02 6.342578995777391204e-02 6.716012841997993921e-02 7.161608447944589617e-02 8.036305970477404526e-02 9.010849475287663335e-02 9.629891802538183276e-02 1.018994753158641853e-01 1.087234627370554096e-01 1.111643303194632115e-01
-1.110827703387144705e-01 -1.086159799383251690e-01 -1.016813992917008358e-01 -9.627260566748938042e-02 -8.991610837770082354e-02 -8.023042647094250079e-02 -7.159725210561060371e-02 -6.713299744453707363e-02 -6.352027468403363686e-02 -5.543288921020103621e-02 -5.320131093753061730e-02 -3.814147422324380005e-02 -3.385026004403716982e-02 -1.758882995709660710e-02 -1.468944742237460188e-02 1.468944742237445443e-02 1.758882995709653424e-02 3.385026004403722533e-02 3.814147422324393188e-02 5.320131093752965973e-02 5.543288921020095988e-02 6.352027468403337318e-02 6.713299744453740669e-02 7.159725210561039555e-02 8.023042647094208446e-02 8.991610837770103171e-02 9.627260566748969961e-02 1.016813992917011411e-01 1.086159799383252245e-01 1.110827703387147203e-01
-1.110117664670424026e-01 -1.085086443530168532e-01 -1.014646679530423340e-01 -9.624488974693475030e-02 -8.971221641417699566e-02 -8.008521467874668565e-02 -7.157758834822987304e-02 -6.710509194202386729e-02 -6.361581895838862299e-02 -5.529805413733050040e-02 -5.251834582154879527e-02 -3.806455886369958241e-02 -3.382238836736564669e-02 -1.756953670048211694e-02 -1.447097232209245896e-02 1.447097232209265845e-02 1.756953670048219326e-02 3.382238836736559812e-02 3.806455886369933261e-02 5.251834582154886466e-02 5.529805413733004243e-02 6.361581895838909484e-02 6.710509194202318728e-02 7.157758834823015059e-02 8.008521467874596400e-02 8.971221641417692627e-02 9.624488974693470866e-02 1.014646679530427364e-01 1.085086443530162842e-01 1.110117664670417920e-01
-1.109503431099743143e-01 -1.084034312504068981e-01 -1.012553640663842319e-01 -9.621636589766731362e-02 -8.950166556647928817e-02 -7.992961415798403857e-02 -7.155757795921624531e-02 -6.707729574947492168e-02 -6.371094548968342375e-02 -5.520987118700204643e-02 -5.170710103681757513e-02 -3.797878164491161335e-02 -3.379025411386437500e-02 -1.754787195139928882e-02 -1.421981891625955646e-02 1.421981891625957901e-02 1.754787195139934780e-02 3.379025411386429173e-02 3.797878164491112069e-02 5.170710103681756126e-02 5.520987118700146357e-02 6.371094548968359028e-02 6.707729574947469964e-02 7.155757795921680042e-02 7.992961415798356672e-02 8.950166556647953797e-02 9.621636589766749403e-02 1.012553640663844401e-01 1.084034312504067038e-01 1.109503431099737036e-01
-1.108971945823988420e-01 -1.083014471446956672e-01 -1.010580502446649098e-01 -9.618758896463476538e-02 -8.928918528213726502e-02 -7.976604866758463253e-02 -7.153768993408775312e-02 -6.705050290182752726e-02 -6.380451668271312771e-02 -5.515001126579601592e-02 -5.079171963207964463e-02 -3.788404535935694512e-02 -3.375346315182509854e-02 -1.752365990300033469e-02 -1.393373924913669619e-02 1.393373924913654700e-02 1.752365990300048387e-02 3.375346315182458506e-02 3.788404535935682022e-02 5.079171963207951279e-02 5.515001126579595347e-02 6.380451668271273913e-02 6.705050290182787420e-02 7.153768993408748944e-02 7.976604866758429946e-02 8.928918528213768135e-02 9.618758896463454333e-02 1.010580502446640494e-01 1.083014471446944599e-01 1.108971945823985644e-01
-1.108510113409360426e-01 -1.082031249834283504e-01 -1.008757653625575318e-01 -9.615904931924212917e-02 -8.907909371618261130e-02 -7.959707070623082970e-02 -7.151836311061507412e-02 -6.702559740892914675e-02 -6.389564475016323852e-02 -5.510725737205254826e-02 -4.979088065104275707e-02 -3.778010625135046208e-02 -3.371153025812183290e-02 -1.749665590868174775e-02 -1.361029389802225278e-02 1.361029389802233605e-02 1.749665590868179979e-02 3.371153025812198556e-02 3.778010625135053147e-02 4.979088065104309707e-02 5.510725737205304786e-02 6.389564475016343281e-02 6.702559740892929940e-02 7.151836311061511575e-02 7.959707070623134317e-02 8.907909371618276395e-02 9.615904931924183774e-02 1.008757653625574346e-01 1.082031249834288500e-01 1.108510113409364728e-01
-1.108106308439965465e-01 -1.081084396594045732e-01 -1.007101926790739399e-01 -9.613115660376148064e-02 -8.887506948062243173e-02 -7.942523728170537700e-02 -7.149999470888097897e-02 -6.700343560531867027e-02 -6.398361738723844228e-02 -5.507515001248340647e-02 -4.872035066712773060e-02 -3.766648032530676982e-02 -3.366384843353251166e-02 -1.746653899761899456e-02 -1.324688156223190021e-02 1.324688156223200429e-02 1.746653899761874129e-02 3.366384843353251860e-02 3.766648032530697104e-02 4.872035066712731427e-02 5.507515001248360076e-02 6.398361738723810921e-02 6.700343560531897558e-02 7.149999470888043773e-02 7.942523728170562680e-02 8.887506948062273704e-02 9.613115660376105043e-02 1.007101926790734403e-01 1.081084396594043651e-01 1.108106308439965049e-01
-1.107750872544761567e-01 -1.080170946960619938e-01 -1.005619204118503029e-01 -9.610423172401570679e-02 -8.868001810875657254e-02 -7.925298430331720323e-02 -7.148293223539353702e-02 -6.698483098099945743e-02 -6.406784140334255417e-02 -5.504991908212789054e-02 -4.759519663660043143e-02 -3.754229540559809314e-02 -3.360964070875085280e-02 -1.743290306874679604e-02 -1.284078576548106955e-02 1.284078576548090475e-02 1.743290306874689319e-02 3.360964070875065851e-02 3.754229540559796824e-02 4.759519663660032041e-02 5.504991908212693991e-02 6.406784140334272071e-02 6.698483098099995703e-02 7.148293223539343988e-02 7.925298430331756405e-02 8.868001810875669744e-02 9.610423172401626191e-02 1.005619204118507332e-01 1.080170946960614803e-01 1.107750872544761428e-01
-1.107436105120761793e-01 -1.079286634567799136e-01 -1.004307256578170771e-01 -9.607850647799433264e-02 -8.849603705538154619e-02 -7.908251704428150008e-02 -7.146746880260834711e-02 -6.697054083489359377e-02 -6.414780359272048704e-02 -5.502928527020044258e-02 -4.643113707616031149e-02 -3.740605493279047788e-02 -3.354788245669353824e-02 -1.739524585878950494e-02 -1.238924405699345574e-02 1.238924405699348176e-02 1.739524585878906779e-02 3.354788245669362845e-02 3.740605493279073462e-02 4.643113707616062374e-02 5.502928527020013033e-02 6.414780359272036214e-02 6.697054083489335785e-02 7.146746880260804180e-02 7.908251704428220785e-02 8.849603705538106047e-02 9.607850647799538735e-02 1.004307256578171742e-01 1.079286634567799136e-01 1.107436105120766096e-01
-1.107156040542239817e-01 -1.078426866537565698e-01 -1.003158350404356886e-01 -9.605412920853775849e-02 -8.832446266382953937e-02 -7.891572963556876819e-02 -7.145384158733855684e-02 -6.696125374724642976e-02 -6.422304695524237717e-02 -5.501181637408469882e-02 -4.524544617183803852e-02 -3.725525783186039303e-02 -3.347717296777772550e-02 -1.735295485019736419e-02 -1.188954482396921940e-02 1.188954482396919338e-02 1.735295485019729828e-02 3.347717296777808632e-02 3.725525783186039996e-02 4.524544617183810791e-02 5.501181637408471964e-02 6.422304695524248819e-02 6.696125374724580526e-02 7.145384158733918134e-02 7.891572963556899023e-02 8.832446266382945610e-02 9.605412920853789727e-02 1.003158350404356469e-01 1.078426866537564310e-01 1.107156040542236763e-01
-1.106906162793657583e-01 -1.077587351034869079e-01 -1.002161385008716182e-01 -9.603117444082029386e-02 -8.816597187112547307e-02 -7.875415966953745739e-02 -7.144223291529212816e-02 -6.695757686435066525e-02 -6.429316000631225825e-02 -5.499657968385408824e-02 -4.405781921516212229e-02 -3.708578998540757593e-02 -3.339551795888678204e-02 -1.730528936059318873e-02 -1.133915567268239423e-02 1.133915567268231617e-02 1.730528936059342118e-02 3.339551795888741348e-02 3.708578998540762450e-02 4.405781921516230965e-02 5.499657968385445600e-02 6.429316000631229988e-02 6.695757686435047096e-02 7.144223291529164244e-02 7.875415966953766556e-02 8.816597187112668044e-02 9.603117444082009957e-02 1.002161385008723538e-01 1.077587351034874075e-01 1.106906162793663412e-01
-1.106683126889032587e-01 -1.076764475901749868e-01 -1.001303500739597757e-01 -9.600965453480093947e-02 -8.802071038211234377e-02 -7.859897709548552269e-02 -7.143277333453865174e-02 -6.696002238107753857e-02 -6.435777670832230901e-02 -5.498294851979584896e-02 -4.289153349843394941e-02 -3.689099171549858197e-02 -3.329995307317844960e-02 -1.725135814612212271e-02 -1.073588494494378404e-02 1.073588494494384475e-02 1.725135814612233434e-02 3.329995307317850511e-02 3.689099171549907463e-02 4.289153349843403962e-02 5.498294851979629999e-02 6.435777670832260045e-02 6.696002238107717774e-02 7.143277333453834643e-02 7.859897709548561984e-02 8.802071038211195519e-02 9.600965453480178602e-02 1.001303500739599006e-01 1.076764475901755974e-01 1.106683126889042856e-01
-1.106484513981206841e-01 -1.075955520438477142e-01 -1.000571199259571442e-01 -9.598953176186741931e-02 -8.788842435756527571e-02 -7.845100150836413488e-02 -7.142554602200500147e-02 -6.696899334896248834e-02 -6.441658424529912719e-02 -5.497049057738490063e-02 -4.177508792936097254e-02 -3.666044184580689175e-02 -3.318588186071713686e-02 -1.719009200392718900e-02 -1.007807407260919580e-02 1.007807407260915937e-02 1.719009200392707798e-02 3.318588186071697033e-02 3.666044184580673215e-02 4.177508792936086152e-02 5.497049057738497002e-02 6.441658424529876636e-02 6.696899334896225242e-02 7.142554602200468228e-02 7.845100150836395447e-02 8.788842435756530347e-02 9.598953176186757197e-02 1.000571199259562283e-01 1.075955520438481028e-01 1.106484513981205869e-01
-1.106308626809740098e-01 -1.075158760016699661e-01 -9.999510662322784460e-02 -9.597072970935438541e-02 -8.776858044934475467e-02 -7.831073940567080671e-02 -7.142059193008003237e-02 -6.698476986630040597e-02 -6.446933544115729386e-02 -5.495890111524062704e-02 -4.074379881196885794e-02 -3.637925538041656554e-02 -3.304591426641549645e-02 -1.712021116868133602e-02 -9.364813235894352272e-03 9.364813235894447682e-03 1.712021116868125276e-02 3.304591426641596136e-02 3.637925538041675982e-02 4.074379881196858039e-02 5.495890111524052990e-02 6.446933544115730774e-02 6.698476986630015617e-02 7.142059193008035156e-02 7.831073940567068181e-02 8.776858044934479630e-02 9.597072970935464908e-02 9.999510662322762256e-02 1.075158760016696191e-01 1.106308626809738155e-01
-1.106154323450360272e-01 -1.074373503292401222e-01 -9.994301956492006311e-02 -9.595314338553206923e-02 -8.766046640735515594e-02 -7.817843276968632071e-02 -7.141791519408301203e-02 -6.700749754613566367e-02 -6.451586227521209638e-02 -5.494796160637084592e-02 -3.983848910763397588e-02 -3.603107431630700463e-02 -3.286793136935532711e-02 -1.704018792838056170e-02 -8.596166868131376385e-03 8.596166868131397201e-03 1.704018792838073518e-02 3.286793136935526466e-02 3.603107431630699076e-02 3.983848910763358731e-02 5.494796160637056837e-02 6.451586227521165229e-02 6.700749754613555265e-02 7.141791519408270672e-02 7.817843276968634847e-02 8.766046640735460083e-02 9.595314338553272149e-02 9.994301956492036842e-02 1.074373503292409826e-01 1.106154323450367349e-01
-1.106020884263440168e-01 -1.073600086647492624e-01 -9.989964052688982132e-02 -9.593664776807576955e-02 -8.756327005888650539e-02 -7.805411164416979630e-02 -7.141748845602158280e-02 -6.703718058475054142e-02 -6.455608695390316343e-02 -5.493751335306377992e-02 -3.909505483447087842e-02 -3.561091893775086836e-02 -3.263245915496033184e-02 -1.694820610211794989e-02 -7.773390350537368911e-03 7.773390350537157274e-03 1.694820610211794296e-02 3.263245915496014449e-02 3.561091893775075040e-02 3.909505483447112129e-02 5.493751335306403666e-02 6.455608695390353813e-02 6.703718058475072183e-02 7.141748845602167994e-02 7.805411164417018488e-02 8.756327005888679682e-02 9.593664776807550587e-02 9.989964052688923846e-02 1.073600086647491514e-01 1.106020884263441417e-01
-1.105907906396584178e-01 -1.072839839931869765e-01 -9.986383154008098006e-02 -9.592110479185485261e-02 -8.747613794548077248e-02 -7.793764536453640090e-02 -7.141925789303363303e-02 -6.707368152151502172e-02 -6.459002758203710726e-02 -5.492744018112626775e-02 -3.852464802137072625e-02 -3.514595649333153438e-02 -3.231158280071858707e-02 -1.684212124370210520e-02 -6.899116751461219915e-03 6.899116751461217313e-03 1.684212124370212602e-02 3.231158280071866340e-02 3.514595649333139560e-02 3.852464802137026134e-02 5.492744018112587223e-02 6.459002758203681582e-02 6.707368152151525764e-02 7.141925789303392447e-02 7.793764536453567926e-02 8.747613794548048105e-02 9.592110479185508853e-02 9.986383154008099394e-02 1.072839839931872818e-01 1.105907906396573770e-01
-1.105815220657851289e-01 -1.072095030649219405e-01 -9.983453454413319939e-02 -9.590636891983736478e-02 -8.739821664291022585e-02 -7.782878911955415369e-02 -7.142314785559782109e-02 -6.711672886163887186e-02 -6.461779666718642234e-02 -5.491765680695912671e-02 -3.810502601454410915e-02 -3.469638610708990212e-02 -3.187667285797689959e-02 -1.671942927308575633e-02 -5.977494704946384116e-03 5.977494704946156000e-03 1.671942927308580490e-02 3.187667285797711469e-02 3.469638610708970783e-02 3.810502601454414384e-02 5.491765680695905733e-02 6.461779666718664439e-02 6.711672886163923268e-02 7.142314785559811252e-02 7.782878911955444512e-02 8.739821664291032299e-02 9.590636891983736478e-02 9.983453454413326877e-02 1.072095030649222874e-01 1.105815220657855730e-01
-1.105742826336577611e-01 -1.071368789445664021e-01 -9.981076672099171987e-02 -9.589229150939093671e-02 -8.732868033079635439e-02 -7.772722420367700336e-02 -7.142906511396833469e-02 -6.716593237296142327e-02 -6.463959224801679726e-02 -5.490810084497061566e-02 -3.779719099104305452e-02 -3.431758947998372195e-02 -3.131965749873286131e-02 -1.657725751502257469e-02 -5.014266731083152212e-03 5.014266731083173896e-03 1.657725751502258857e-02 3.131965749873271559e-02 3.431758947998413828e-02 3.779719099104324187e-02 5.490810084497104587e-02 6.463959224801690828e-02 6.716593237296118735e-02 7.142906511396791835e-02 7.772722420367723928e-02 8.732868033079628500e-02 9.589229150939071467e-02 9.981076672099230274e-02 1.071368789445657221e-01 1.105742826336573587e-01
-1.105690840312611445e-01 -1.070665017346322800e-01 -9.979161420905664770e-02 -9.587872420174563259e-02 -8.726674802091416439e-02 -7.763259153218159125e-02 -7.143690277972308822e-02 -6.722080450387826756e-02 -6.465568293556032964e-02 -5.489872720859930583e-02 -3.756579561798078365e-02 -3.402597240521654937e-02 -3.066692955644922253e-02 -1.641240176954235006e-02 -4.016791256961002414e-03 4.016791256961000679e-03 1.641240176954225291e-02 3.066692955644913579e-02 3.402597240521605670e-02 3.756579561798095712e-02 5.489872720859875072e-02 6.465568293556027413e-02 6.722080450387754591e-02 7.143690277972271352e-02 7.763259153218218800e-02 8.726674802091408112e-02 9.587872420174622934e-02 9.979161420905659219e-02 1.070665017346323772e-01 1.105690840312607143e-01
-1.105659457456959344e-01 -1.069988274100497072e-01 -9.977622600206592640e-02 -9.586552154662332514e-02 -8.721169336556365559e-02 -7.754451875634885138e-02 -7.144654401429045842e-02 -6.728078543137107348e-02 -6.466638917976942624e-02 -5.488950412073907020e-02 -3.738614879323750445e-02 -3.380750031649191328e-02 -2.996401938148042510e-02 -1.622144673229491615e-02 -2.994029622043277612e-03 2.994029622043278480e-03 1.622144673229487105e-02 2.996401938148044938e-02 3.380750031649167042e-02 3.738614879323737955e-02 5.488950412073917429e-02 6.466638917976952339e-02 6.728078543137080980e-02 7.144654401428994495e-02 7.754451875634908731e-02 8.721169336556298946e-02 9.586552154662260350e-02 9.977622600206585701e-02 1.069988274100497072e-01 1.105659457456961009e-01
-1.105648919866219909e-01 -1.069343646890573984e-01 -9.976380918365418404e-02 -9.585254304263893244e-02 -8.716284938042384578e-02 -7.746264172269816395e-02 -7.145786566087397595e-02 -6.734526896573996002e-02 -6.467206340495081085e-02 -5.488041022896163190e-02 -3.724263832685086734e-02 -3.364176710504761247e-02 -2.925332485396681115e-02 -1.600102451312449686e-02 -1.956539217172867124e-03 1.956539217173046668e-03 1.600102451312443441e-02 2.925332485396670706e-02 3.364176710504766105e-02 3.724263832685049957e-02 5.488041022896181231e-02 6.467206340495118555e-02 6.734526896573987675e-02 7.145786566087382330e-02 7.746264172269813619e-02 8.716284938042374864e-02 9.585254304263826630e-02 9.976380918365326811e-02 1.069343646890569127e-01 1.105648919866228652e-01
-1.105659492905540359e-01 -1.068736599311772562e-01 -9.975362616707403318e-02 -9.583965473732894425e-02 -8.711960985519411060e-02 -7.738662117514884253e-02 -7.147074194347384501e-02 -6.741362687320374969e-02 -6.467307134725926165e-02 -5.487143249415800395e-02 -3.712560121553029613e-02 -3.351318750087762394e-02 -2.856621192158936492e-02 -1.574828479411245416e-02 -9.165343112766239329e-04 9.165343112766686021e-04 1.574828479411243334e-02 2.856621192158938574e-02 3.351318750087719373e-02 3.712560121552999776e-02 5.487143249415744189e-02 6.467307134725984452e-02 6.741362687320334723e-02 7.147074194347394216e-02 7.738662117514825967e-02 8.711960985519404121e-02 9.583965473732899976e-02 9.975362616707411645e-02 1.068736599311776586e-01 1.105659492905540359e-01
-1.105691446381258519e-01 -1.068172801782972248e-01 -9.974499423923144370e-02 -9.582673049437419321e-02 -8.708142874517252330e-02 -7.731615559620996780e-02 -7.148504836945515639e-02 -6.748522989575583830e-02 -6.466977621821981548e-02 -5.486256463108313275e-02 -3.702897622897158292e-02 -3.341191840094323573e-02 -2.792448307714943262e-02 -1.546166512099269620e-02 -1.119022538259071111e-04 1.119022538260187568e-04 1.546166512099264069e-02 2.792448307714934935e-02 3.341191840094320797e-02 3.702897622897179108e-02 5.486256463108355602e-02 6.466977621822034283e-02 6.748522989575579667e-02 7.148504836945535068e-02 7.731615559621014822e-02 8.708142874517248166e-02 9.582673049437416546e-02 9.974499423923202657e-02 1.068172801782977938e-01 1.105691446381262683e-01
-1.105745039449576306e-01 -1.067657946262496743e-01 -9.973728740472365129e-02 -9.581365300301578070e-02 -8.704781845270520568e-02 -7.725099099542812042e-02 -7.150066595244472523e-02 -6.755946456542238909e-02 -6.466252650209866615e-02 -5.485380595044402757e-02 -3.694886205067222928e-02 -3.333214174406888552e-02 -2.734342311927675725e-02 -1.514205351682638805e-02 -1.112348833179570241e-03 1.112348833179494130e-03 1.514205351682661356e-02 2.734342311927679542e-02 3.333214174406912839e-02 3.694886205067181295e-02 5.485380595044392349e-02 6.466252650209854125e-02 6.755946456542248624e-02 7.150066595244482237e-02 7.725099099542803716e-02 8.704781845270569141e-02 9.581365300301539212e-02 9.973728740472398435e-02 1.067657946262489110e-01 1.105745039449573114e-01
-1.105820508107985961e-01 -1.067197550148722140e-01 -9.972994026352620389e-02 -9.580031457705673326e-02 -8.701834761367643889e-02 -7.719092833049941149e-02 -7.151748584165242006e-02 -6.763574561065376078e-02 -6.465164749461088656e-02 -5.484516049921238368e-02 -3.688268060251128494e-02 -3.327050226074511341e-02 -2.683394767328669064e-02 -1.479441909249680324e-02 -2.065185358781833867e-03 2.065185358781761009e-03 1.479441909249680324e-02 2.683394767328691616e-02 3.327050226074498157e-02 3.688268060251155556e-02 5.484516049921256409e-02 6.465164749461090044e-02 6.763574561065403834e-02 7.151748584165293354e-02 7.719092833050002211e-02 8.701834761367671645e-02 9.580031457705723286e-02 9.972994026352592634e-02 1.067197550148723251e-01 1.105820508107994149e-01
-1.105918054328341171e-01 -1.066796756319000339e-01 -9.972245342705471360e-02 -9.578661776856242649e-02 -8.699263878769203373e-02 -7.713582912073703446e-02 -7.153541440309195421e-02 -6.771352423350288086e-02 -6.463743621286380248e-02 -5.483663642768304980e-02 -3.682869603575746748e-02 -3.322508945523947738e-02 -2.640379687705180292e-02 -1.442992740964599632e-02 -2.946224240929532726e-03 2.946224240929692321e-03 1.442992740964609694e-02 2.640379687705208048e-02 3.322508945523980350e-02 3.682869603575750217e-02 5.483663642768337593e-02 6.463743621286409391e-02 6.771352423350317229e-02 7.153541440309207911e-02 7.713582912073772835e-02 8.699263878769206149e-02 9.578661776856267629e-02 9.972245342705488014e-02 1.066796756319007555e-01 1.105918054328343531e-01
-1.106037836081441433e-01 -1.066460138117778511e-01 -9.971439978889956590e-02 -9.577247580423076112e-02 -8.697036629611641645e-02 -7.708561970240898620e-02 -7.155437874814266075e-02 -6.779229279300516553e-02 -6.462015905903220614e-02 -5.482824553369924220e-02 -3.678573663575379626e-02 -3.319482433097810381e-02 -2.605818994462954022e-02 -1.406836191286553635e-02 -3.724879918150858678e-03 3.724879918150524310e-03 1.406836191286543400e-02 2.605818994462916552e-02 3.319482433097824259e-02 3.678573663575365749e-02 5.482824553369930465e-02 6.462015905903253921e-02 6.779229279300498512e-02 7.155437874814209176e-02 7.708561970240883354e-02 8.697036629611680503e-02 9.577247580423024764e-02 9.971439978889951039e-02 1.066460138117766437e-01 1.106037836081442127e-01
-1.106179957682995735e-01 -1.066191519422267781e-01 -9.970543083597088740e-02 -9.575781283999613980e-02 -8.695125434615283422e-02 -7.704029449031302157e-02 -7.157433264618756619e-02 -6.787158651426480893e-02 -6.460005155355870443e-02 -5.482000295003747192e-02 -3.675303337253513908e-02 -3.317909351597372186e-02 -2.580029234736792854e-02 -1.374004228704260068e-02 -4.362581193725036804e-03 4.362581193725107928e-03 1.374004228704260762e-02 2.580029234736788343e-02 3.317909351597383982e-02 3.675303337253520847e-02 5.482000295003751356e-02 6.460005155355875994e-02 6.787158651426448974e-02 7.157433264618745516e-02 7.704029449031297994e-02 8.695125434615366689e-02 9.575781283999580673e-02 9.970543083596986045e-02 1.066191519422273332e-01 1.106179957682995318e-01
-1.106344460061920304e-01 -1.065993820377796331e-01 -9.969528213482509171e-02 -9.574256402128081267e-02 -8.693507551047575943e-02 -7.699991855294008314e-02 -7.159526269092683637e-02 -6.795098282104172771e-02 -6.457731950166496759e-02 -5.481192695227663642e-02 -3.673012736412698681e-02 -3.317752843374945082e-02 -2.563167789930884122e-02 -1.348488605229944577e-02 -4.813756816339990162e-03 4.813756816340524457e-03 1.348488605229972506e-02 2.563167789930873366e-02 3.317752843374946470e-02 3.673012736412711865e-02 5.481192695227671968e-02 6.457731950166475943e-02 6.795098282104176934e-02 7.159526269092726658e-02 7.699991855294037457e-02 8.693507551047550963e-02 9.574256402128097920e-02 9.969528213482478640e-02 1.065993820377802159e-01 1.106344460061926410e-01
-1.106531310718930627e-01 -1.065868938770860030e-01 -9.968377717381962655e-02 -9.572667533192379119e-02 -8.692164959178458328e-02 -7.696462977877543965e-02 -7.161719451500213329e-02 -6.803009882069921410e-02 -6.455214106153643605e-02 -5.480403887312507855e-02 -3.671681998262220359e-02 -3.318987030296419866e-02 -2.555280599924847698e-02 -1.334444363023766685e-02 -5.033640252583236260e-03 5.033640252583205903e-03 1.334444363023754021e-02 2.555280599924843535e-02 3.318987030296430274e-02 3.671681998262218971e-02 5.480403887312452343e-02 6.455214106153686626e-02 6.803009882069879777e-02 7.161719451500159206e-02 7.696462977877557843e-02 8.692164959178494410e-02 9.572667533192426303e-02 9.968377717381994574e-02 1.065868938770860724e-01 1.106531310718935068e-01
-1.106740393307235060e-01 -1.065817675214806026e-01 -9.967082888974669597e-02 -9.571010321382289465e-02 -8.691084288342050546e-02 -7.693464090478691064e-02 -7.164019876505690887e-02 -6.810858739490123492e-02 -6.452466930299372017e-02 -5.479636311610302374e-02 -3.671315140383140524e-02 -3.321588782044346960e-02 -2.556343305016483061e-02 -1.334547531253011537e-02 -4.994463560126101952e-03 4.994463560125988327e-03 1.334547531253005466e-02 2.556343305016485837e-02 3.321588782044355981e-02 3.671315140383154402e-02 5.479636311610316252e-02 6.452466930299413650e-02 6.810858739490184555e-02 7.164019876505732520e-02 7.693464090478667472e-02 8.691084288342017239e-02 9.571010321382321384e-02 9.967082888974790333e-02 1.065817675214808247e-01 1.106740393307236309e-01
-1.106971496927988408e-01 -1.065839707477453518e-01 -9.965643844565491571e-02 -9.569281394115607131e-02 -8.690256783578594046e-02 -7.691024168841192887e-02 -7.166439645991186380e-02 -6.818613229105513485e-02 -6.449503495817474064e-02 -5.478892726746392716e-02 -3.671940051326383347e-02 -3.325532940590986142e-02 -2.566285699143909527e-02 -1.348515999304669873e-02 -4.700083946977070409e-03 4.700083946977213524e-03 1.348515999304683056e-02 2.566285699143923058e-02 3.325532940590997244e-02 3.671940051326389592e-02 5.478892726746385777e-02 6.449503495817497656e-02 6.818613229105567608e-02 7.166439645991252994e-02 7.691024168841148478e-02 8.690256783578700905e-02 9.569281394115601580e-02 9.965643844565426346e-02 1.065839707477465592e-01 1.106971496927990767e-01
-1.107224305388417873e-01 -1.065933615702816112e-01 -9.964069112448807608e-02 -9.567478273730810334e-02 -8.689678314988670549e-02 -7.689180152275558455e-02 -7.168996325901430544e-02 -6.826244257841203311e-02 -6.446334916005924676e-02 -5.478176231082282355e-02 -3.673610371840677763e-02 -3.330790082466342228e-02 -2.584993815675562176e-02 -1.373309020172526831e-02 -4.183960148614528259e-03 4.183960148614588974e-03 1.373309020172534811e-02 2.584993815675569462e-02 3.330790082466372759e-02 3.673610371840686090e-02 5.478176231082289988e-02 6.446334916005923288e-02 6.826244257841176943e-02 7.168996325901444422e-02 7.689180152275618130e-02 8.689678314988633079e-02 9.567478273730735394e-02 9.964069112448800669e-02 1.065933615702816945e-01 1.107224305388416208e-01
-1.107498386817185321e-01 -1.066096956440858307e-01 -9.962374951752488161e-02 -9.565599262863526409e-02 -8.689349434074691847e-02 -7.687977281012703390e-02 -7.171713206902213811e-02 -6.833724683085223850e-02 -6.442970603805653340e-02 -5.477490295468463027e-02 -3.676409386253354228e-02 -3.337326485624261124e-02 -2.612291136564553334e-02 -1.404774940161010975e-02 -3.492768778295709826e-03 3.492768778295891538e-03 1.404774940161006638e-02 2.612291136564575192e-02 3.337326485624291655e-02 3.676409386253364636e-02 5.477490295468490089e-02 6.442970603805714402e-02 6.833724683085236340e-02 7.171713206902283200e-02 7.687977281012745023e-02 8.689349434074677969e-02 9.565599262863620778e-02 9.962374951752520080e-02 1.066096956440861637e-01 1.107498386817185321e-01
-1.107793184162250560e-01 -1.066326379824282383e-01 -9.960584446987305607e-02 -9.563643303644046856e-02 -8.689275484237705960e-02 -7.687469540773293752e-02 -7.174619331775729247e-02 -6.841028742140133068e-02 -6.439418509411308500e-02 -5.476838808938370301e-02 -3.680456414292383738e-02 -3.345106418752919614e-02 -2.647906591435324197e-02 -1.439150363033406613e-02 -2.671540456393687191e-03 2.671540456393532801e-03 1.439150363033406613e-02 2.647906591435295401e-02 3.345106418752887001e-02 3.680456414292387901e-02 5.476838808938382097e-02 6.439418509411319602e-02 6.841028742140113639e-02 7.174619331775740350e-02 7.687469540773363141e-02 8.689275484237636571e-02 9.563643303643948324e-02 9.960584446987233442e-02 1.066326379824284604e-01 1.107793184162245703e-01
-1.108108007203711942e-01 -1.066617781384029684e-01 -9.958726445670777749e-02 -9.561609811604628029e-02 -8.689466776040356832e-02 -7.687720242449835872e-02 -7.177749213602724332e-02 -6.848131535301642259e-02 -6.435685332144897020e-02 -5.476226139743511218e-02 -3.685916668649543565e-02 -3.354097297928306659e-02 -2.691439237189333436e-02 -1.473671518871469063e-02 -1.757585076755418738e-03 1.757585076755386645e-03 1.473671518871439053e-02 2.691439237189304640e-02 3.354097297928308741e-02 3.685916668649543565e-02 5.476226139743504973e-02 6.435685332144927551e-02 6.848131535301638095e-02 7.177749213602685474e-02 7.687720242449788688e-02 8.689466776040342955e-02 9.561609811604625253e-02 9.958726445670795790e-02 1.066617781384028296e-01 1.108108007203704448e-01
-1.108442026787695434e-01 -1.066966478188472178e-01 -9.956834417792419234e-02 -9.559498485915787769e-02 -8.689938841699534899e-02 -7.688802755835420777e-02 -7.181142162522426153e-02 -6.855008609262121244e-02 -6.431776705509242853e-02 -5.475657215059512306e-02 -3.693016235724743551e-02 -3.364278738176613992e-02 -2.742326176481428915e-02 -1.506573990678983926e-02 -7.803411774113350142e-04 7.803411774110065010e-04 1.506573990678968140e-02 2.742326176481425098e-02 3.364278738176593869e-02 3.693016235724731755e-02 5.475657215059457489e-02 6.431776705509176240e-02 6.855008609262154551e-02 7.181142162522451133e-02 7.688802755835390246e-02 8.689938841699577921e-02 9.559498485915726707e-02 9.956834417792417846e-02 1.066966478188473150e-01 1.108442026787697099e-01
-1.108794272018108623e-01 -1.067367398335997697e-01 -9.954945316932058141e-02 -9.557309098162712624e-02 -8.690712787405238671e-02 -7.690801399232036206e-02 -7.184841137839750869e-02 -6.861635690179591907e-02 -6.427697356226159953e-02 -5.475137623890451166e-02 -3.702064876308777674e-02 -3.375657115173091166e-02 -2.799812147907679641e-02 -1.536877517128388930e-02 -2.368560428253673811e-04 2.368560428255526984e-04 1.536877517128372797e-02 2.799812147907682416e-02 3.375657115173082840e-02 3.702064876308776287e-02 5.475137623890455330e-02 6.427697356226047543e-02 6.861635690179558600e-02 7.184841137839746705e-02 7.690801399232065350e-02 8.690712787405249773e-02 9.557309098162676542e-02 9.954945316931942956e-02 1.067367398335997281e-01 1.108794272018110705e-01
-1.109163631121386356e-01 -1.067815273243154645e-01 -9.953098514734151636e-02 -9.555041262306585015e-02 -8.691815766378238606e-02 -7.693812458122900599e-02 -7.188891050333577615e-02 -6.867988614346923204e-02 -6.423451239450157779e-02 -5.474673749277680912e-02 -3.713490813049868250e-02 -3.388287885081017747e-02 -2.862909703647190454e-02 -1.564151744362336782e-02 -1.275007231297816497e-03 1.275007231297654517e-03 1.564151744362341293e-02 2.862909703647162005e-02 3.388287885081008033e-02 3.713490813049839107e-02 5.474673749277610135e-02 6.423451239450185535e-02 6.867988614346919041e-02 7.188891050333573451e-02 7.693812458122950559e-02 8.691815766378244157e-02 9.555041262306598893e-02 9.953098514734126656e-02 1.067815273243144653e-01 1.109163631121376781e-01
-1.109548856621028895e-01 -1.068304823423016636e-01 -9.951334865618986780e-02 -9.552694188660842967e-02 -8.693281599923601000e-02 -7.697945261623448387e-02 -7.193336461817387284e-02 -6.874043496177004164e-02 -6.419041653448759321e-02 -5.474272938042402253e-02 -3.727893324210403148e-02 -3.402308084618294731e-02 -2.930332680280557309e-02 -1.588322692255826618e-02 -2.318188155855532145e-03 2.318188155855317040e-03 1.588322692255826271e-02 2.930332680280559737e-02 3.402308084618266282e-02 3.727893324210414250e-02 5.474272938042450132e-02 6.419041653448710749e-02 6.874043496176895918e-02 7.193336461817401162e-02 7.697945261623467816e-02 8.693281599923630143e-02 9.552694188660874886e-02 9.951334865619043679e-02 1.068304823423022049e-01 1.109548856621027091e-01
-1.109948575321314246e-01 -1.068830930235460663e-01 -9.949695940027088181e-02 -9.550266424667278042e-02 -8.695151577844911772e-02 -7.703323180090859701e-02 -7.198218670952680198e-02 -6.879777155758125262e-02 -6.414471338047554594e-02 -5.473943719187712720e-02 -3.746119274828636075e-02 -3.417979070887811749e-02 -3.000388149876920263e-02 -1.609528571849840398e-02 -3.352782519705439172e-03 3.352782519705466060e-03 1.609528571849841785e-02 3.000388149876902916e-02 3.417979070887796483e-02 3.746119274828687423e-02 5.473943719187718965e-02 6.414471338047543492e-02 6.879777155758098894e-02 7.198218670952695464e-02 7.703323180090880518e-02 8.695151577844946467e-02 9.550266424667278042e-02 9.949695940027158958e-02 1.068830930235465104e-01 1.109948575321318548e-01
-1.110361303407854244e-01 -1.069388788099261134e-01 -9.948223444897684453e-02 -9.547755584986160338e-02 -8.697475472918894668e-02 -7.710084315790939613e-02 -7.203572240937440585e-02 -6.885167800494117196e-02 -6.409742562196292515e-02 -5.473696086074714834e-02 -3.769363367377488033e-02 -3.435727901263502249e-02 -3.070834090820586532e-02 -1.628019227745140102e-02 -4.367076170509408793e-03 4.367076170509410528e-03 1.628019227745102285e-02 3.070834090820565715e-02 3.435727901263495310e-02 3.769363367377485952e-02 5.473696086074698874e-02 6.409742562196267535e-02 6.885167800494088053e-02 7.203572240937426707e-02 7.710084315790967369e-02 8.697475472918921036e-02 9.547755584986160338e-02 9.948223444897701107e-02 1.069388788099260301e-01 1.110361303407857575e-01
-1.110785466736960714e-01 -1.069974033609149833e-01 -9.946958831517443977e-02 -9.545158072989401443e-02 -8.700312805627860580e-02 -7.718381537058832675e-02 -7.209421118009494422e-02 -6.890195918953558041e-02 -6.404857207224194660e-02 -5.473541863053982270e-02 -3.799265251797979970e-02 -3.456138588273932610e-02 -3.138778814605208689e-02 -1.644090266342629683e-02 -5.351082345466363042e-03 5.351082345466518300e-03 1.644090266342636969e-02 3.138778814605213546e-02 3.456138588273956896e-02 3.799265251798006338e-02 5.473541863054037088e-02 6.404857207224233517e-02 6.890195918953560816e-02 7.209421118009548546e-02 7.718381537058929820e-02 8.700312805627843926e-02 9.545158072989395892e-02 9.946958831517492550e-02 1.069974033609153719e-01 1.110785466736966542e-01
-1.111219426118644910e-01 -1.070582849683690274e-01 -9.945943074482624380e-02 -9.542468795296688011e-02 -8.703734393017283077e-02 -7.728381355701964550e-02 -7.215774605901928429e-02 -6.894845305276293967e-02 -6.399816853839226938e-02 -5.473495185047535377e-02 -3.837909164358693781e-02 -3.479769387498431177e-02 -3.200844494122025846e-02 -1.658042877357067402e-02 -6.296492933779214429e-03 6.296492933779127693e-03 1.658042877357043116e-02 3.200844494122020295e-02 3.479769387498401340e-02 3.837909164358678515e-02 5.473495185047527051e-02 6.399816853839217223e-02 6.894845305276310621e-02 7.215774605901947858e-02 7.728381355701985367e-02 8.703734393017224791e-02 9.542468795296671358e-02 9.945943074482667401e-02 1.070582849683685001e-01 1.111219426118644216e-01
-1.111661507114529296e-01 -1.071212044127363289e-01 -9.945216591468288014e-02 -9.539680870684817682e-02 -8.707824205804175210e-02 -7.740260978308126372e-02 -7.222623587617260643e-02 -6.899104097968092320e-02 -6.394622882760529758e-02 -5.473573129647221064e-02 -3.887540082549935383e-02 -3.506658777535844734e-02 -3.253923999418945751e-02 -1.670161488098334188e-02 -7.196675993725111346e-03 7.196675993725484312e-03 1.670161488098334188e-02 3.253923999418941587e-02 3.506658777535860694e-02 3.887540082549946485e-02 5.473573129647225921e-02 6.394622882760540861e-02 6.899104097968096483e-02 7.222623587617288399e-02 7.740260978308137474e-02 8.707824205804125250e-02 9.539680870684848213e-02 9.945216591468249157e-02 1.071212044127360791e-01 1.111661507114528186e-01
-1.112110033583286056e-01 -1.071859102718703272e-01 -9.944819261189183357e-02 -9.536785334803184189e-02 -8.712681534518150472e-02 -7.754202703000112606e-02 -7.229937497845219385e-02 -6.902965697804679113e-02 -6.389276601173690673e-02 -5.473796557061107182e-02 -3.949861351599862069e-02 -3.535762895430642760e-02 -3.296428954200997241e-02 -1.680703024153336680e-02 -8.046662774849220809e-03 8.046662774849170502e-03 1.680703024153335987e-02 3.296428954200981282e-02 3.535762895430635128e-02 3.949861351599826681e-02 5.473796557061076651e-02 6.389276601173679571e-02 6.902965697804704093e-02 7.229937497845230487e-02 7.754202703000108443e-02 8.712681534518149085e-02 9.536785334803188352e-02 9.944819261189247195e-02 1.071859102718700357e-01 1.112110033583280783e-01
-1.112563363912964232e-01 -1.072522217058335114e-01 -9.944790485142887548e-02 -9.533770842984105875e-02 -8.718423418263261671e-02 -7.770384737778401885e-02 -7.237662611018959302e-02 -6.906429433998426126e-02 -6.383779410039289171e-02 -5.474191235757915053e-02 -4.025196699796753513e-02 -3.565139943100698039e-02 -3.328934737379927317e-02 -1.689893236972263291e-02 -8.843089506021575494e-03 8.843089506021542534e-03 1.689893236972229290e-02 3.328934737379894704e-02 3.565139943100677916e-02 4.025196699796759758e-02 5.474191235757881052e-02 6.383779410039312763e-02 6.906429433998453882e-02 7.237662611018944037e-02 7.770384737778331108e-02 8.718423418263211710e-02 9.533770842984116978e-02 9.944790485142865344e-02 1.072522217058338445e-01 1.112563363912972558e-01
-1.113019928568503708e-01 -1.073200286864643416e-01 -9.945169225850671035e-02 -9.530623375549064635e-02 -8.725187202423009825e-02 -7.788967568152682652e-02 -7.245722178211219666e-02 -6.909500878149177350e-02 -6.378133030790514302e-02 -5.474789363798993752e-02 -4.112199376702860981e-02 -3.592996897431643966e-02 -3.353426497891301428e-02 -1.697927015518846741e-02 -9.584079943255104789e-03 9.584079943255125605e-03 1.697927015518859925e-02 3.353426497891292407e-02 3.592996897431668252e-02 4.112199376702838777e-02 5.474789363798963915e-02 6.378133030790529567e-02 6.909500878149224534e-02 7.245722178211244646e-02 7.788967568152659060e-02 8.725187202422989008e-02 9.530623375548985532e-02 9.945169225850675199e-02 1.073200286864651742e-01 1.113019928568506345e-01
-1.113478267214985662e-01 -1.073892895126499908e-01 -9.945993938599698159e-02 -9.527325954099463701e-02 -8.733132940233222230e-02 -7.810075306701574904e-02 -7.254018782506882479e-02 -6.912191756486024685e-02 -6.372339814180119633e-02 -5.475631641304009450e-02 -4.208351412758717935e-02 -3.618430425740325196e-02 -3.372071432053275891e-02 -1.704970714526927653e-02 -1.026907218579344548e-02 1.026907218579367620e-02 1.704970714526945347e-02 3.372071432053307116e-02 3.618430425740356421e-02 4.208351412758754018e-02 5.475631641304041369e-02 6.372339814180175144e-02 6.912191756486010807e-02 7.254018782506881091e-02 7.810075306701588782e-02 8.733132940233248598e-02 9.527325954099441496e-02 9.945993938599723139e-02 1.073892895126505459e-01 1.113478267214985801e-01
-1.113937063186514753e-01 -1.074600252450745169e-01 -9.947302293512720606e-02 -9.523858384390379572e-02 -8.742445105258488114e-02 -7.833772122112903080e-02 -7.262438974495781518e-02 -6.914519470608213036e-02 -6.366403159031258641e-02 -5.476770112384575506e-02 -4.310727494953783129e-02 -3.641323977825422498e-02 -3.386579426422548639e-02 -1.711165314678895003e-02 -1.089860537014911146e-02 1.089860537014894666e-02 1.711165314678884594e-02 3.386579426422550720e-02 3.641323977825420416e-02 4.310727494953744965e-02 5.476770112384593547e-02 6.366403159031172598e-02 6.914519470608131158e-02 7.262438974495746824e-02 7.833772122112896141e-02 8.742445105258474236e-02 9.523858384390443410e-02 9.947302293512753912e-02 1.074600252450753357e-01 1.113937063186511145e-01
-1.114395172350713809e-01 -1.075323104037192723e-01 -9.949130559101852789e-02 -9.520197053096908502e-02 -8.753332701553684370e-02 -7.860034936013210460e-02 -7.270859834001174027e-02 -6.916506291040583343e-02 -6.360328074300292123e-02 -5.478272077588113020e-02 -4.416507001801979471e-02 -3.661932725091708585e-02 -3.398134366339100598e-02 -1.716629744038116606e-02 -1.147408747577002321e-02 1.147408747577004229e-02 1.716629744038115912e-02 3.398134366339119333e-02 3.661932725091687074e-02 4.416507001801927429e-02 5.478272077588164368e-02 6.360328074300307388e-02 6.916506291040559751e-02 7.270859834001204558e-02 7.860034936013160500e-02 8.753332701553688533e-02 9.520197053096915440e-02 9.949130559101872218e-02 1.075323104037193556e-01 1.114395172350719915e-01
-1.114851642326471631e-01 -1.076062589015520932e-01 -9.951512487658138728e-02 -9.516314824461059863e-02 -8.766026323628758887e-02 -7.888725065485677201e-02 -7.279156678931793245e-02 -6.918178324766746656e-02 -6.354121923850013232e-02 -5.480225474521632084e-02 -4.523168582965106377e-02 -3.680590554135683423e-02 -3.407524419137451105e-02 -1.721464009895470534e-02 -1.199756522012488530e-02 1.199756522012499112e-02 1.721464009895488229e-02 3.407524419137447635e-02 3.680590554135673709e-02 4.523168582965138296e-02 5.480225474521623064e-02 6.354121923850022946e-02 6.918178324766784126e-02 7.279156678931779367e-02 7.888725065485654997e-02 8.766026323628796357e-02 9.516314824461166721e-02 9.951512487658097095e-02 1.076062589015525789e-01 1.114851642326478987e-01
-1.115305716368055894e-01 -1.076820037617416542e-01 -9.954477510000662999e-02 -9.512181112040470066e-02 -8.780770062994507075e-02 -7.919563204105987964e-02 -7.287210845456640329e-02 -6.919564372086847714e-02 -6.347795398837738357e-02 -5.482746202022505816e-02 -4.628510669102076092e-02 -3.697586637413713406e-02 -3.415276955093494299e-02 -1.725751980010392303e-02 -1.247151274128252031e-02 1.247151274128239715e-02 1.725751980010371486e-02 3.415276955093486666e-02 3.697586637413698835e-02 4.628510669102087194e-02 5.482746202022497489e-02 6.347795398837707825e-02 6.919564372086846327e-02 7.287210845456677799e-02 7.919563204106015719e-02 8.780770062994501524e-02 9.512181112040501985e-02 9.954477510000660223e-02 1.076820037617419457e-01 1.115305716368066025e-01
-1.115756813848489681e-01 -1.077596687455987939e-01 -9.958048020307022630e-02 -9.507762245927067757e-02 -8.797805548729671632e-02 -7.952113700926423390e-02 -7.294916416849996088e-02 -6.920694781126514317e-02 -6.341363766050896189e-02 -5.485987814134220264e-02 -4.730614341400776746e-02 -3.713136212509416528e-02 -3.421753510848724034e-02 -1.729563759935643513e-02 -1.289864971029229708e-02 1.289864971029228147e-02 1.729563759935654269e-02 3.421753510848731666e-02 3.713136212509408202e-02 4.730614341400810052e-02 5.485987814134286183e-02 6.341363766050871209e-02 6.920694781126500439e-02 7.294916416850057150e-02 7.952113700926342899e-02 8.797805548729681346e-02 9.507762245927091349e-02 9.958048020307024017e-02 1.077596687455988494e-01 1.115756813848495371e-01
-1.116204476048895111e-01 -1.078393297357775060e-01 -9.962235526937894547e-02 -9.503022324820303846e-02 -8.817345246526007985e-02 -7.985784888072335053e-02 -7.302185018110858572e-02 -6.921600386406330518e-02 -6.334848438871525100e-02 -5.490153536097255871e-02 -4.827798800794329270e-02 -3.727387389225751690e-02 -3.427209582404663196e-02 -1.732957671608349390e-02 -1.328179355149982158e-02 1.328179355149977474e-02 1.732957671608333777e-02 3.427209582404659727e-02 3.727387389225746833e-02 4.827798800794357026e-02 5.490153536097262810e-02 6.334848438871541754e-02 6.921600386406372152e-02 7.302185018110879389e-02 7.985784888072271215e-02 8.817345246526060720e-02 9.503022324820382949e-02 9.962235526937886221e-02 1.078393297357774921e-01 1.116204476048887478e-01
-1.116648262035018074e-01 -1.079209638143404787e-01 -9.967035489493229761e-02 -9.497924846558246370e-02 -8.839533101978704066e-02 -8.019851343120043552e-02 -7.308948241608737018e-02 -6.922311589103467833e-02 -6.328278905699313839e-02 -5.495508926175898812e-02 -4.918583110178931933e-02 -3.740436907645581371e-02 -3.431831203671131814e-02 -1.735981869055227764e-02 -1.362374569230777321e-02 1.362374569230776281e-02 1.735981869055230539e-02 3.431831203671113079e-02 3.740436907645605658e-02 4.918583110178936790e-02 5.495508926175882852e-02 6.328278905699293022e-02 6.922311589103471996e-02 7.308948241608731466e-02 8.019851343120040776e-02 8.839533101978711005e-02 9.497924846558229717e-02 9.967035489493232536e-02 1.079209638143406036e-01 1.116648262035017658e-01
-1.117087575530737314e-01 -1.080043848313560484e-01 -9.972420795632681856e-02 -9.492435565405141218e-02 -8.864393452808155827e-02 -8.053500546186138920e-02 -7.315157767420486790e-02 -6.922857608011209751e-02 -6.321695020351396355e-02 -5.502389199668894504e-02 -5.001658082789816467e-02 -3.752345139973066457e-02 -3.435757440548101865e-02 -1.738675643200305460e-02 -1.392720859756225310e-02 1.392720859756212994e-02 1.738675643200305113e-02 3.435757440548124764e-02 3.752345139973094212e-02 5.001658082789794957e-02 5.502389199668939607e-02 6.321695020351369987e-02 6.922857608011195873e-02 7.315157767420457646e-02 8.053500546186088960e-02 8.864393452808159990e-02 9.492435565405038522e-02 9.972420795632658264e-02 1.080043848313560900e-01 1.117087575530745086e-01
-1.117521401840203543e-01 -1.080891663972133737e-01 -9.978334101516248000e-02 -9.486527247175313704e-02 -8.891774019463928591e-02 -8.085900151829257532e-02 -7.320783632756813764e-02 -6.923265906342222775e-02 -6.315149597935001968e-02 -5.511185970805194956e-02 -5.075878590278552066e-02 -3.763147841850179864e-02 -3.439094511675609700e-02 -1.741070477110236853e-02 -1.419472864901804438e-02 1.419472864901833407e-02 1.741070477110251077e-02 3.439094511675641619e-02 3.763147841850243008e-02 5.075878590278573577e-02 5.511185970805240059e-02 6.315149597935039438e-02 6.923265906342210285e-02 7.320783632756781845e-02 8.085900151829251981e-02 8.891774019463880019e-02 9.486527247175209621e-02 9.978334101516207755e-02 1.080891663972135541e-01 1.117521401840195078e-01
-1.117947937992438273e-01 -1.081745571911002235e-01 -9.984679706170467017e-02 -9.480187296152492449e-02 -8.921294322074269090e-02 -8.116274455164160240e-02 -7.325811300261080017e-02 -6.923561782415213472e-02 -6.308711151873448719e-02 -5.522283850485507073e-02 -5.140302150420312383e-02 -3.772864649105618640e-02 -3.441924897383959181e-02 -1.743190919371598660e-02 -1.442865935411831620e-02 1.442865935411838905e-02 1.743190919371587211e-02 3.441924897383952936e-02 3.772864649105607537e-02 5.140302150420315158e-02 5.522283850485485562e-02 6.308711151873430678e-02 6.923561782415244004e-02 7.325811300261032832e-02 8.116274455164144974e-02 8.921294322074356520e-02 9.480187296152486898e-02 9.984679706170432323e-02 1.081745571911005982e-01 1.117947937992427587e-01
-1.118364115977638906e-01 -1.082593994969762718e-01 -9.991316246432710435e-02 -9.473429590671353373e-02 -8.952313785961338310e-02 -8.143973052382713629e-02 -7.330238177286027557e-02 -6.923768101927892105e-02 -6.302466436401697736e-02 -5.535910861336021394e-02 -5.194308547051385699e-02 -3.781504975683439712e-02 -3.444313388495786471e-02 -1.745055347418483088e-02 -1.463113952354994605e-02 1.463113952354976391e-02 1.745055347418483088e-02 3.444313388495830186e-02 3.781504975683440406e-02 5.194308547051400965e-02 5.535910861336040822e-02 6.302466436401696348e-02 6.923768101927933738e-02 7.330238177286074741e-02 8.143973052382702527e-02 8.952313785961306392e-02 9.473429590671271494e-02 9.991316246432743742e-02 1.082593994969765216e-01 1.118364115977640433e-01
-1.118765056696343352e-01 -1.083420693134513890e-01 -9.998052180938145350e-02 -9.466312161198774111e-02 -8.983930598072427387e-02 -8.168515110914853494e-02 -7.334070110840938683e-02 -6.923905144803826905e-02 -6.296522216346077394e-02 -5.551906633044050021e-02 -5.237797581564933302e-02 -3.789072008424076987e-02 -3.446311215786215798e-02 -1.746676692863590591e-02 -1.480408163182254412e-02 1.480408163182247820e-02 1.746676692863606550e-02 3.446311215786199839e-02 3.789072008424067273e-02 5.237797581564897220e-02 5.551906633044088185e-02 6.296522216346078782e-02 6.923905144803745026e-02 7.334070110840976153e-02 8.168515110914778554e-02 8.983930598072471796e-02 9.466312161198819908e-02 9.998052180938120370e-02 1.083420693134514723e-01 1.118765056696341825e-01
-1.119143557108189940e-01 -1.084204630319412777e-01 -1.000464653199660270e-01 -9.458962162720724320e-02 -9.015012808343378370e-02 -8.189600210213492104e-02 -7.337318204460255289e-02 -6.923990538956942276e-02 -6.291005394874812917e-02 -5.569523682807567960e-02 -5.271352450950799601e-02 -3.795565365241095057e-02 -3.447958938146258867e-02 -1.748063193942264726e-02 -1.494916636574817638e-02 1.494916636574816250e-02 1.748063193942253624e-02 3.447958938146272051e-02 3.795565365241093669e-02 5.271352450950829438e-02 5.569523682807536041e-02 6.291005394874855938e-02 6.923990538956956153e-02 7.337318204460259452e-02 8.189600210213542064e-02 9.015012808343418615e-02 9.458962162720706279e-02 1.000464653199657911e-01 1.084204630319413193e-01 1.119143557108189385e-01
-1.119489798428214972e-01 -1.084920575537723503e-01 -1.001081730308473194e-01 -9.451607859961423663e-02 -9.044252436854099964e-02 -8.207087845576269136e-02 -7.339996134457919819e-02 -6.924039255249760105e-02 -6.286060376061469723e-02 -5.587449856143059806e-02 -5.296184364462287741e-02 -3.800982836523136149e-02 -3.449288501141203889e-02 -1.749219222521181810e-02 -1.506784026095297525e-02 1.506784026095295964e-02 1.749219222521187014e-02 3.449288501141197644e-02 3.800982836523097985e-02 5.296184364462252353e-02 5.587449856143045235e-02 6.286060376061525234e-02 6.924039255249697655e-02 7.339996134457869859e-02 8.207087845576292728e-02 9.044252436854101351e-02 9.451607859961440317e-02 1.001081730308478190e-01 1.084920575537722393e-01 1.119489798428210392e-01
-1.119791535218375433e-01 -1.085540631851210913e-01 -1.001625903451944244e-01 -9.444611837562491563e-02 -9.070230199160546347e-02 -8.220956462745933335e-02 -7.342118015352176730e-02 -6.924063641220780385e-02 -6.281842503876054751e-02 -5.604095606453008555e-02 -5.313818364893975466e-02 -3.805321507659210900e-02 -3.450324721674101480e-02 -1.750146203013454305e-02 -1.516131426716769114e-02 1.516131426716755756e-02 1.750146203013449794e-02 3.450324721674089684e-02 3.805321507659239350e-02 5.313818364894037222e-02 5.604095606453040473e-02 6.281842503876106099e-02 6.924063641220772058e-02 7.342118015352146199e-02 8.220956462745931947e-02 9.070230199160553286e-02 9.444611837562502665e-02 1.001625903451946742e-01 1.085540631851203697e-01 1.119791535218375156e-01
-1.120035016231345076e-01 -1.086036693555343102e-01 -1.002066901730969267e-01 -9.438487422691653472e-02 -9.091489902571230075e-02 -8.231255579577606563e-02 -7.343696784654903109e-02 -6.924073474999925537e-02 -6.278506866658745134e-02 -5.617955604954819743e-02 -5.325713523998854004e-02 -3.808578469168438091e-02 -3.451086360966810346e-02 -1.750843600223204663e-02 -1.523056201700904999e-02 1.523056201700931714e-02 1.750843600223204663e-02 3.451086360966818672e-02 3.808578469168425601e-02 5.325713523998865107e-02 5.617955604954768395e-02 6.278506866658796481e-02 6.924073474999963007e-02 7.343696784654847598e-02 8.231255579577620440e-02 9.091489902571260606e-02 9.438487422691722861e-02 1.002066901730970239e-01 1.086036693555347127e-01 1.120035016231338831e-01
-1.120206722226192997e-01 -1.086383555263786688e-01 -1.002377915863698898e-01 -9.433862727110406410e-02 -9.106645302228828787e-02 -8.238061819704958766e-02 -7.344743038715489947e-02 -6.924076024666679652e-02 -6.276192904886092327e-02 -5.627845283079067895e-02 -5.333017719728449374e-02 -3.810751255187933006e-02 -3.451586890399799962e-02 -1.751309910020222224e-02 -1.527631742464333371e-02 1.527631742464322095e-02 1.751309910020220489e-02 3.451586890399792329e-02 3.810751255187925374e-02 5.333017719728463252e-02 5.627845283079038752e-02 6.276192904886067347e-02 6.924076024666654672e-02 7.344743038715489947e-02 8.238061819704940725e-02 9.106645302228860706e-02 9.433862727110423063e-02 1.002377915863703062e-01 1.086383555263790157e-01 1.120206722226194246e-01
-1.120295671783006208e-01 -1.086562133881887604e-01 -1.002538823676261820e-01 -9.431353035890709113e-02 -9.114554682867256896e-02 -8.241444810574038993e-02 -7.345264242113556941e-02 -6.924076101888146373e-02 -6.275007012770160431e-02 -5.632981715459048355e-02 -5.336486007809609217e-02 -3.811838104436751640e-02 -3.451835017897253444e-02 -1.751543552341749618e-02 -1.529907190776847760e-02 1.529907190776842209e-02 1.751543552341723251e-02 3.451835017897265240e-02 3.811838104436780089e-02 5.336486007809634197e-02 5.632981715458981742e-02 6.275007012770174308e-02 6.924076101888140822e-02 7.345264242113533348e-02 8.241444810574043156e-02 9.114554682867327673e-02 9.431353035890720216e-02 1.002538823676262653e-01 1.086562133881886355e-01 1.120295671783009261e-01
-1.120295671783008151e-01 -1.086562133881895931e-01 -1.002538823676259738e-01 -9.431353035890734093e-02 -9.114554682867254121e-02 -8.241444810574059809e-02 -7.345264242113593023e-02 -6.924076101888178292e-02 -6.275007012770153492e-02 -5.632981715459003252e-02 -5.336486007809587706e-02 -3.811838104436771762e-02 -3.451835017897258301e-02 -1.751543552341725332e-02 -1.529907190776845505e-02 1.529907190776838566e-02 1.751543552341717352e-02 3.451835017897261076e-02 3.811838104436773844e-02 5.336486007809625870e-02 5.632981715459029620e-02 6.275007012770165982e-02 6.924076101888150536e-02 7.345264242113537512e-02 8.241444810574044544e-02 9.114554682867298530e-02 9.431353035890753522e-02 1.002538823676258350e-01 1.086562133881889269e-01 1.120295671783005931e-01
-1.120206722226195495e-01 -1.086383555263788769e-01 -1.002377915863700703e-01 -9.433862727110360613e-02 -9.106645302228912053e-02 -8.238061819704978195e-02 -7.344743038715469130e-02 -6.924076024666644957e-02 -6.276192904886075674e-02 -5.627845283079024180e-02 -5.333017719728467415e-02 -3.810751255187931619e-02 -3.451586890399797186e-02 -1.751309910020224653e-02 -1.527631742464325044e-02 1.527631742464327126e-02 1.751309910020221530e-02 3.451586890399772206e-02 3.810751255187908720e-02 5.333017719728484068e-02 5.627845283079057487e-02 6.276192904886038204e-02 6.924076024666704632e-02 7.344743038715444150e-02 8.238061819704996236e-02 9.106645302228823236e-02 9.433862727110432778e-02 1.002377915863699315e-01 1.086383555263794182e-01 1.120206722226199658e-01
-1.120035016231344105e-01 -1.086036693555346294e-01 -1.002066901730970933e-01 -9.438487422691675677e-02 -9.091489902571230075e-02 -8.231255579577605175e-02 -7.343696784654886456e-02 -6.924073474999960232e-02 -6.278506866658785379e-02 -5.617955604954734394e-02 -5.325713523998865107e-02 -3.808578469168423519e-02 -3.451086360966845734e-02 -1.750843600223194255e-02 -1.523056201700928418e-02 1.523056201700922867e-02 1.750843600223196683e-02 3.451086360966841571e-02 3.808578469168451969e-02 5.325713523998851923e-02 5.617955604954781579e-02 6.278506866658804808e-02 6.924073474999968558e-02 7.343696784654961396e-02 8.231255579577589909e-02 9.091489902571270321e-02 9.438487422691688167e-02 1.002066901730972043e-01 1.086036693555345600e-01 1.120035016231338554e-01
-1.119791535218372935e-01 -1.085540631851213550e-01 -1.001625903451943134e-01 -9.444611837562456869e-02 -9.070230199160511653e-02 -8.220956462745918070e-02 -7.342118015352196159e-02 -6.924063641220738752e-02 -6.281842503876111650e-02 -5.604095606453060596e-02 -5.313818364893993507e-02 -3.805321507659254615e-02 -3.450324721674086909e-02 -1.750146203013446325e-02 -1.516131426716775012e-02 1.516131426716748644e-02 1.750146203013451529e-02 3.450324721674091072e-02 3.805321507659185920e-02 5.313818364894012242e-02 5.604095606453064066e-02 6.281842503876104711e-02 6.924063641220745691e-02 7.342118015352155913e-02 8.220956462745881987e-02 9.070230199160538020e-02 9.444611837562517931e-02 1.001625903451939664e-01 1.085540631851211191e-01 1.119791535218379180e-01
-1.119489798428208310e-01 -1.084920575537718090e-01 -1.001081730308475554e-01 -9.451607859961495828e-02 -9.044252436854104127e-02 -8.207087845576246932e-02 -7.339996134457861532e-02 -6.924039255249732350e-02 -6.286060376061480826e-02 -5.587449856143082011e-02 -5.296184364462245414e-02 -3.800982836523135455e-02 -3.449288501141218460e-02 -1.749219222521177994e-02 -1.506784026095295964e-02 1.506784026095291454e-02 1.749219222521184239e-02 3.449288501141205970e-02 3.800982836523107700e-02 5.296184364462246802e-02 5.587449856143048704e-02 6.286060376061537724e-02 6.924039255249692104e-02 7.339996134457858756e-02 8.207087845576221952e-02 9.044252436854080535e-02 9.451607859961476399e-02 1.001081730308477635e-01 1.084920575537722254e-01 1.119489798428210114e-01
-1.119143557108187026e-01 -1.084204630319410279e-01 -1.000464653199653886e-01 -9.458962162720734035e-02 -9.015012808343390860e-02 -8.189600210213537901e-02 -7.337318204460227533e-02 -6.923990538956947827e-02 -6.291005394874811529e-02 -5.569523682807519388e-02 -5.271352450950849561e-02 -3.795565365241086037e-02 -3.447958938146248459e-02 -1.748063193942257787e-02 -1.494916636574812434e-02 1.494916636574810526e-02 1.748063193942279298e-02 3.447958938146268582e-02 3.795565365241061750e-02 5.271352450950822499e-02 5.569523682807549919e-02 6.291005394874822632e-02 6.923990538956933949e-02 7.337318204460265003e-02 8.189600210213525411e-02 9.015012808343460249e-02 9.458962162720713218e-02 1.000464653199661658e-01 1.084204630319413609e-01 1.119143557108187165e-01
-1.118765056696339744e-01 -1.083420693134513058e-01 -9.998052180938137024e-02 -9.466312161198824071e-02 -8.983930598072478735e-02 -8.168515110914792432e-02 -7.334070110840953949e-02 -6.923905144803750578e-02 -6.296522216346056577e-02 -5.551906633044093736e-02 -5.237797581564891669e-02 -3.789072008424074905e-02 -3.446311215786228288e-02 -1.746676692863585734e-02 -1.480408163182255800e-02 1.480408163182242096e-02 1.746676692863610020e-02 3.446311215786221349e-02 3.789072008424070048e-02 5.237797581564877791e-02 5.551906633044143002e-02 6.296522216346064904e-02 6.923905144803751965e-02 7.334070110840948398e-02 8.168515110914836841e-02 8.983930598072462081e-02 9.466312161198829622e-02 9.998052180938080125e-02 1.083420693134510143e-01 1.118765056696343768e-01
-1.118364115977634188e-01 -1.082593994969767159e-01 -9.991316246432793702e-02 -9.473429590671282596e-02 -8.952313785961345249e-02 -8.143973052382699751e-02 -7.330238177286030332e-02 -6.923768101927918472e-02 -6.302466436401701899e-02 -5.535910861335998495e-02 -5.194308547051366270e-02 -3.781504975683429304e-02 -3.444313388495786471e-02 -1.745055347418485864e-02 -1.463113952354989748e-02 1.463113952355004667e-02 1.745055347418505293e-02 3.444313388495801737e-02 3.781504975683450120e-02 5.194308547051391944e-02 5.535910861336031108e-02 6.302466436401706062e-02 6.923768101927932350e-02 7.330238177286022005e-02 8.143973052382680322e-02 8.952313785961321657e-02 9.473429590671321454e-02 9.991316246432742354e-02 1.082593994969761053e-01 1.118364115977640849e-01
-1.117947937992437024e-01 -1.081745571911008064e-01 -9.984679706170444813e-02 -9.480187296152463305e-02 -8.921294322074280192e-02 -8.116274455164147750e-02 -7.325811300261082792e-02 -6.923561782415210697e-02 -6.308711151873404310e-02 -5.522283850485538298e-02 -5.140302150420322791e-02 -3.772864649105615170e-02 -3.441924897383995263e-02 -1.743190919371612191e-02 -1.442865935411840987e-02 1.442865935411838038e-02 1.743190919371589639e-02 3.441924897383982079e-02 3.772864649105575618e-02 5.140302150420295035e-02 5.522283850485487644e-02 6.308711151873416800e-02 6.923561782415235677e-02 7.325811300261078629e-02 8.116274455164113055e-02 8.921294322074221905e-02 9.480187296152488285e-02 9.984679706170393465e-02 1.081745571911003068e-01 1.117947937992435220e-01
-1.117521401840194939e-01 -1.080891663972132904e-01 -9.978334101516228571e-02 -9.486527247175204069e-02 -8.891774019463946632e-02 -8.085900151829250593e-02 -7.320783632756799886e-02 -6.923265906342218612e-02 -6.315149597934953396e-02 -5.511185970805249773e-02 -5.075878590278502106e-02 -3.763147841850196518e-02 -3.439094511675588189e-02 -1.741070477110227138e-02 -1.419472864901799580e-02 1.419472864901833928e-02 1.741070477110243445e-02 3.439094511675633986e-02 3.763147841850238151e-02 5.075878590278583985e-02 5.511185970805274059e-02 6.315149597935029724e-02 6.923265906342232490e-02 7.320783632756815151e-02 8.085900151829228388e-02 8.891774019463938306e-02 9.486527247175251254e-02 9.978334101516266041e-02 1.080891663972127492e-01 1.117521401840194245e-01
-1.117087575530749388e-01 -1.080043848313557986e-01 -9.972420795632709611e-02 -9.492435565405130116e-02 -8.864393452808116969e-02 -8.053500546186119491e-02 -7.315157767420486790e-02 -6.922857608011270814e-02 -6.321695020351404681e-02 -5.502389199668894504e-02 -5.001658082789869897e-02 -3.752345139973092825e-02 -3.435757440548121294e-02 -1.738675643200298868e-02 -1.392720859756218024e-02 1.392720859756214034e-02 1.738675643200290888e-02 3.435757440548105335e-02 3.752345139973060212e-02 5.001658082789794263e-02 5.502389199668861197e-02 6.321695020351401906e-02 6.922857608011168118e-02 7.315157767420508994e-02 8.053500546186097286e-02 8.864393452808158602e-02 9.492435565405071829e-02 9.972420795632719326e-02 1.080043848313558402e-01 1.117087575530740229e-01
-1.116648262035021405e-01 -1.079209638143405620e-01 -9.967035489493243638e-02 -9.497924846558249146e-02 -8.839533101978673535e-02 -8.019851343120015796e-02 -7.308948241608737018e-02 -6.922311589103492813e-02 -6.328278905699334655e-02 -5.495508926175908526e-02 -4.918583110178933321e-02 -3.740436907645600800e-02 -3.431831203671129732e-02 -1.735981869055227417e-02 -1.362374569230758239e-02 1.362374569230775413e-02 1.735981869055234009e-02 3.431831203671123487e-02 3.740436907645586923e-02 4.918583110178978424e-02 5.495508926175926567e-02 6.328278905699347145e-02 6.922311589103449792e-02 7.308948241608742569e-02 8.019851343120068532e-02 8.839533101978733209e-02 9.497924846558236656e-02 9.967035489493256128e-02 1.079209638143403954e-01 1.116648262035022932e-01
-1.116204476048891781e-01 -1.078393297357774505e-01 -9.962235526937919528e-02 -9.503022324820364908e-02 -8.817345246526059332e-02 -7.985784888072278154e-02 -7.302185018110851633e-02 -6.921600386406359662e-02 -6.334848438871502896e-02 -5.490153536097305137e-02 -4.827798800794325107e-02 -3.727387389225744752e-02 -3.427209582404653482e-02 -1.732957671608332736e-02 -1.328179355149979902e-02 1.328179355149979729e-02 1.732957671608320593e-02 3.427209582404650706e-02 3.727387389225747527e-02 4.827798800794341066e-02 5.490153536097245462e-02 6.334848438871493181e-02 6.921600386406318028e-02 7.302185018110868286e-02 7.985784888072261500e-02 8.817345246526007985e-02 9.503022324820298294e-02 9.962235526937913976e-02 1.078393297357772840e-01 1.116204476048886646e-01
-1.115756813848499535e-01 -1.077596687455991131e-01 -9.958048020307075365e-02 -9.507762245927108002e-02 -8.797805548729685510e-02 -7.952113700926395634e-02 -7.294916416850005803e-02 -6.920694781126504602e-02 -6.341363766050907291e-02 -5.485987814134243856e-02 -4.730614341400831563e-02 -3.713136212509424855e-02 -3.421753510848716401e-02 -1.729563759935657391e-02 -1.289864971029251219e-02 1.289864971029229188e-02 1.729563759935653228e-02 3.421753510848701829e-02 3.713136212509406120e-02 4.730614341400780215e-02 5.485987814134178631e-02 6.341363766050840678e-02 6.920694781126505990e-02 7.294916416850019680e-02 7.952113700926397022e-02 8.797805548729721592e-02 9.507762245927108002e-02 9.958048020307033732e-02 1.077596687455985441e-01 1.115756813848492734e-01
-1.115305716368063249e-01 -1.076820037617418901e-01 -9.954477510000653284e-02 -9.512181112040461739e-02 -8.780770062994511238e-02 -7.919563204106033760e-02 -7.287210845456644492e-02 -6.919564372086861592e-02 -6.347795398837725867e-02 -5.482746202022505122e-02 -4.628510669102087194e-02 -3.697586637413693283e-02 -3.415276955093521360e-02 -1.725751980010375997e-02 -1.247151274128252899e-02 1.247151274128231041e-02 1.725751980010366976e-02 3.415276955093508177e-02 3.697586637413705080e-02 4.628510669102077479e-02 5.482746202022575205e-02 6.347795398837717540e-02 6.919564372086944859e-02 7.287210845456691677e-02 7.919563204105974086e-02 8.780770062994548708e-02 9.512181112040452025e-02 9.954477510000672713e-02 1.076820037617420983e-01 1.115305716368060335e-01
-1.114851642326476489e-01 -1.076062589015523568e-01 -9.951512487658138728e-02 -9.516314824461116761e-02 -8.766026323628810235e-02 -7.888725065485682753e-02 -7.279156678931764102e-02 -6.918178324766723064e-02 -6.354121923850028497e-02 -5.480225474521666779e-02 -4.523168582965160500e-02 -3.680590554135663994e-02 -3.407524419137459432e-02 -1.721464009895472269e-02 -1.199756522012492520e-02 1.199756522012501540e-02 1.721464009895487535e-02 3.407524419137460125e-02 3.680590554135686199e-02 4.523168582965147316e-02 5.480225474521664697e-02 6.354121923850003517e-02 6.918178324766734166e-02 7.279156678931772428e-02 7.888725065485727161e-02 8.766026323628801908e-02 9.516314824461048760e-02 9.951512487658145667e-02 1.076062589015528287e-01 1.114851642326474823e-01
-1.114395172350723245e-01 -1.075323104037199939e-01 -9.949130559101897198e-02 -9.520197053096898787e-02 -8.753332701553701023e-02 -7.860034936013179929e-02 -7.270859834001178190e-02 -6.916506291040575016e-02 -6.360328074300271306e-02 -5.478272077588133143e-02 -4.416507001801950327e-02 -3.661932725091674584e-02 -3.398134366339083251e-02 -1.716629744038096830e-02 -1.147408747576995035e-02 1.147408747577001974e-02 1.716629744038117647e-02 3.398134366339077700e-02 3.661932725091737034e-02 4.416507001801980165e-02 5.478272077588149103e-02 6.360328074300272694e-02 6.916506291040588894e-02 7.270859834001182354e-02 7.860034936013181317e-02 8.753332701553698247e-02 9.520197053096941808e-02 9.949130559101920790e-02 1.075323104037198274e-01 1.114395172350722135e-01
-1.113937063186507398e-01 -1.074600252450740728e-01 -9.947302293512792770e-02 -9.523858384390415655e-02 -8.742445105258496441e-02 -7.833772122112903080e-02 -7.262438974495745436e-02 -6.914519470608160301e-02 -6.366403159031210068e-02 -5.476770112384563710e-02 -4.310727494953771333e-02 -3.641323977825444008e-02 -3.386579426422531985e-02 -1.711165314678896043e-02 -1.089860537014910452e-02 1.089860537014899350e-02 1.711165314678871757e-02 3.386579426422570843e-02 3.641323977825389191e-02 4.310727494953772720e-02 5.476770112384570649e-02 6.366403159031207293e-02 6.914519470608194995e-02 7.262438974495756538e-02 7.833772122112925285e-02 8.742445105258546401e-02 9.523858384390423981e-02 9.947302293512819138e-02 1.074600252450747251e-01 1.113937063186512949e-01
-1.113478267214982470e-01 -1.073892895126503794e-01 -9.945993938599753670e-02 -9.527325954099480354e-02 -8.733132940233148678e-02 -7.810075306701590170e-02 -7.254018782506854723e-02 -6.912191756486013583e-02 -6.372339814180184858e-02 -5.475631641304051778e-02 -4.208351412758723487e-02 -3.618430425740303685e-02 -3.372071432053307810e-02 -1.704970714526938061e-02 -1.026907218579359640e-02 1.026907218579353742e-02 1.704970714526936673e-02 3.372071432053309198e-02 3.618430425740326584e-02 4.208351412758743609e-02 5.475631641304029573e-02 6.372339814180183470e-02 6.912191756486026073e-02 7.254018782506911622e-02 7.810075306701586006e-02 8.733132940233159780e-02 9.527325954099481742e-02 9.945993938599746731e-02 1.073892895126501157e-01 1.113478267214988715e-01
-1.113019928568505651e-01 -1.073200286864647857e-01 -9.945169225850683525e-02 -9.530623375549113208e-02 -8.725187202423013988e-02 -7.788967568152672938e-02 -7.245722178211261300e-02 -6.909500878149220371e-02 -6.378133030790532343e-02 -5.474789363798935465e-02 -4.112199376702856818e-02 -3.592996897431632863e-02 -3.353426497891306285e-02 -1.697927015518864435e-02 -9.584079943255024991e-03 9.584079943255078768e-03 1.697927015518839455e-02 3.353426497891309754e-02 3.592996897431648823e-02 4.112199376702871390e-02 5.474789363798969466e-02 6.378133030790518465e-02 6.909500878149214820e-02 7.245722178211262687e-02 7.788967568152678489e-02 8.725187202423001498e-02 9.530623375549054921e-02 9.945169225850603034e-02 1.073200286864641750e-01 1.113019928568502737e-01
-1.112563363912969783e-01 -1.072522217058333727e-01 -9.944790485142898651e-02 -9.533770842984108651e-02 -8.718423418263235303e-02 -7.770384737778354700e-02 -7.237662611018991221e-02 -6.906429433998483025e-02 -6.383779410039318314e-02 -5.474191235757940727e-02 -4.025196699796749350e-02 -3.565139943100669589e-02 -3.328934737379926623e-02 -1.689893236972252188e-02 -8.843089506021546004e-03 8.843089506021487023e-03 1.689893236972239352e-02 3.328934737379898867e-02 3.565139943100672365e-02 4.025196699796750738e-02 5.474191235757928931e-02 6.383779410039303048e-02 6.906429433998476086e-02 7.237662611018966241e-02 7.770384737778324169e-02 8.718423418263246405e-02 9.533770842984155836e-02 9.944790485142913916e-02 1.072522217058343302e-01 1.112563363912965342e-01
-1.112110033583275231e-01 -1.071859102718708545e-01 -9.944819261189180581e-02 -9.536785334803195291e-02 -8.712681534518101900e-02 -7.754202703000155628e-02 -7.229937497845202732e-02 -6.902965697804661072e-02 -6.389276601173699000e-02 -5.473796557061070406e-02 -3.949861351599855824e-02 -3.535762895430660108e-02 -3.296428954200994466e-02 -1.680703024153350905e-02 -8.046662774849232952e-03 8.046662774849206931e-03 1.680703024153330435e-02 3.296428954200999323e-02 3.535762895430628189e-02 3.949861351599845416e-02 5.473796557061098161e-02 6.389276601173703163e-02 6.902965697804680500e-02 7.229937497845193017e-02 7.754202703000084851e-02 8.712681534518169901e-02 9.536785334803200842e-02 9.944819261189180581e-02 1.071859102718699108e-01 1.112110033583277452e-01
-1.111661507114526243e-01 -1.071212044127366342e-01 -9.945216591468306055e-02 -9.539680870684803804e-02 -8.707824205804133577e-02 -7.740260978308124984e-02 -7.222623587617305052e-02 -6.899104097968020155e-02 -6.394622882760536697e-02 -5.473573129647187063e-02 -3.887540082549922893e-02 -3.506658777535830163e-02 -3.253923999418916607e-02 -1.670161488098335575e-02 -7.196675993725161653e-03 7.196675993725531149e-03 1.670161488098350841e-02 3.253923999418918689e-02 3.506658777535838489e-02 3.887540082549943016e-02 5.473573129647221758e-02 6.394622882760596372e-02 6.899104097968118687e-02 7.222623587617275909e-02 7.740260978308161066e-02 8.707824205804069739e-02 9.539680870684834335e-02 9.945216591468306055e-02 1.071212044127360791e-01 1.111661507114533043e-01
-1.111219426118647963e-01 -1.070582849683682086e-01 -9.945943074482634094e-02 -9.542468795296701889e-02 -8.703734393017252546e-02 -7.728381355702031164e-02 -7.215774605901958960e-02 -6.894845305276313396e-02 -6.399816853839174202e-02 -5.473495185047535377e-02 -3.837909164358677822e-02 -3.479769387498429095e-02 -3.200844494122020989e-02 -1.658042877357059769e-02 -6.296492933779170194e-03 6.296492933779229174e-03 1.658042877357052830e-02 3.200844494122024458e-02 3.479769387498417299e-02 3.837909164358681291e-02 5.473495185047506928e-02 6.399816853839199182e-02 6.894845305276306457e-02 7.215774605901958960e-02 7.728381355701996469e-02 8.703734393017248383e-02 9.542468795296762951e-02 9.945943074482685442e-02 1.070582849683685001e-01 1.111219426118645742e-01
-1.110785466736959326e-01 -1.069974033609149278e-01 -9.946958831517473121e-02 -9.545158072989395892e-02 -8.700312805627814783e-02 -7.718381537058877084e-02 -7.209421118009491647e-02 -6.890195918953545551e-02 -6.404857207224225191e-02 -5.473541863053989209e-02 -3.799265251798008419e-02 -3.456138588273930529e-02 -3.138778814605223261e-02 -1.644090266342640785e-02 -5.351082345466539117e-03 5.351082345466439370e-03 1.644090266342628989e-02 3.138778814605233669e-02 3.456138588273937468e-02 3.799265251797998011e-02 5.473541863054025292e-02 6.404857207224247395e-02 6.890195918953567755e-02 7.209421118009541607e-02 7.718381537058882635e-02 8.700312805627809232e-02 9.545158072989413933e-02 9.946958831517482835e-02 1.069974033609149278e-01 1.110785466736963767e-01
-1.110361303407854522e-01 -1.069388788099265991e-01 -9.948223444897691392e-02 -9.547755584986164501e-02 -8.697475472918902994e-02 -7.710084315790936837e-02 -7.203572240937410054e-02 -6.885167800494125523e-02 -6.409742562196277249e-02 -5.473696086074642669e-02 -3.769363367377469992e-02 -3.435727901263494616e-02 -3.070834090820582715e-02 -1.628019227745125877e-02 -4.367076170509427008e-03 4.367076170509454763e-03 1.628019227745118244e-02 3.070834090820566409e-02 3.435727901263502249e-02 3.769363367377465135e-02 5.473696086074690548e-02 6.409742562196286964e-02 6.885167800494108870e-02 7.203572240937379523e-02 7.710084315790916021e-02 8.697475472918861361e-02 9.547755584986117317e-02 9.948223444897717760e-02 1.069388788099262105e-01 1.110361303407847305e-01
-1.109948575321312719e-01 -1.068830930235464133e-01 -9.949695940027007690e-02 -9.550266424667278042e-02 -8.695151577844915936e-02 -7.703323180090895783e-02 -7.198218670952712117e-02 -6.879777155758096119e-02 -6.414471338047580962e-02 -5.473943719187704393e-02 -3.746119274828661749e-02 -3.417979070887814524e-02 -3.000388149876917834e-02 -1.609528571849845255e-02 -3.352782519705600067e-03 3.352782519705343328e-03 1.609528571849832418e-02 3.000388149876904303e-02 3.417979070887790932e-02 3.746119274828647178e-02 5.473943719187720353e-02 6.414471338047594839e-02 6.879777155758126650e-02 7.198218670952739873e-02 7.703323180090897171e-02 8.695151577844892343e-02 9.550266424667278042e-02 9.949695940027093732e-02 1.068830930235463300e-01 1.109948575321322156e-01
-1.109548856621033197e-01 -1.068304823423020383e-01 -9.951334865618961800e-02 -9.552694188660859620e-02 -8.693281599923588510e-02 -7.697945261623433122e-02 -7.193336461817416427e-02 -6.874043496176940327e-02 -6.419041653448710749e-02 -5.474272938042419601e-02 -3.727893324210410086e-02 -3.402308084618248241e-02 -2.930332680280548288e-02 -1.588322692255828006e-02 -2.318188155855688271e-03 2.318188155855412016e-03 1.588322692255818985e-02 2.930332680280533716e-02 3.402308084618250322e-02 3.727893324210418413e-02 5.474272938042435560e-02 6.419041653448691320e-02 6.874043496176888979e-02 7.193336461817348426e-02 7.697945261623430346e-02 8.693281599923641245e-02 9.552694188660822150e-02 9.951334865618964576e-02 1.068304823423020383e-01 1.109548856621034307e-01
-1.109163631121377475e-01 -1.067815273243146040e-01 -9.953098514734154412e-02 -9.555041262306648853e-02 -8.691815766378256647e-02 -7.693812458122890885e-02 -7.188891050333530430e-02 -6.867988614346952347e-02 -6.423451239450206351e-02 -5.474673749277655932e-02 -3.713490813049873107e-02 -3.388287885081027462e-02 -2.862909703647197046e-02 -1.564151744362340946e-02 -1.275007231297816930e-03 1.275007231297657119e-03 1.564151744362336435e-02 2.862909703647163739e-02 3.388287885081010115e-02 3.713490813049846045e-02 5.474673749277637891e-02 6.423451239450173045e-02 6.867988614346939857e-02 7.188891050333534594e-02 7.693812458122854803e-02 8.691815766378242769e-02 9.555041262306682159e-02 9.953098514734182167e-02 1.067815273243152979e-01 1.109163631121378168e-01
-1.108794272018110288e-01 -1.067367398335999085e-01 -9.954945316932023447e-02 -9.557309098162748706e-02 -8.690712787405206752e-02 -7.690801399232091717e-02 -7.184841137839742542e-02 -6.861635690179629377e-02 -6.427697356226082237e-02 -5.475137623890453942e-02 -3.702064876308749225e-02 -3.375657115173069656e-02 -2.799812147907681723e-02 -1.536877517128386501e-02 -2.368560428254039730e-04 2.368560428254984070e-04 1.536877517128367072e-02 2.799812147907685886e-02 3.375657115173068268e-02 3.702064876308784613e-02 5.475137623890497657e-02 6.427697356226078074e-02 6.861635690179596070e-02 7.184841137839782788e-02 7.690801399232055635e-02 8.690712787405163731e-02 9.557309098162744543e-02 9.954945316932040100e-02 1.067367398335999085e-01 1.108794272018114313e-01
-1.108442026787696266e-01 -1.066966478188472733e-01 -9.956834417792402581e-02 -9.559498485915761401e-02 -8.689938841699489103e-02 -7.688802755835387470e-02 -7.181142162522438643e-02 -6.855008609262093489e-02 -6.431776705509224812e-02 -5.475657215059472060e-02 -3.693016235724739388e-02 -3.364278738176596645e-02 -2.742326176481419894e-02 -1.506573990678965365e-02 -7.803411774112223656e-04 7.803411774109989115e-04 1.506573990678949232e-02 2.742326176481424752e-02 3.364278738176606359e-02 3.693016235724730367e-02 5.475657215059535204e-02 6.431776705509162362e-02 6.855008609262086550e-02 7.181142162522465011e-02 7.688802755835411062e-02 8.689938841699537675e-02 9.559498485915751687e-02 9.956834417792365111e-02 1.066966478188470235e-01 1.108442026787699042e-01
-1.108108007203701395e-01 -1.066617781384030517e-01 -9.958726445670759708e-02 -9.561609811604664111e-02 -8.689466776040295770e-02 -7.687720242449808117e-02 -7.177749213602717393e-02 -6.848131535301643646e-02 -6.435685332144928938e-02 -5.476226139743483462e-02 -3.685916668649551892e-02 -3.354097297928307353e-02 -2.691439237189330314e-02 -1.473671518871449808e-02 -1.757585076755502655e-03 1.757585076755366696e-03 1.473671518871437838e-02 2.691439237189297354e-02 3.354097297928287924e-02 3.685916668649549116e-02 5.476226139743491095e-02 6.435685332144898407e-02 6.848131535301577033e-02 7.177749213602703515e-02 7.687720242449869179e-02 8.689466776040363771e-02 9.561609811604607212e-02 9.958726445670802729e-02 1.066617781384026770e-01 1.108108007203704309e-01
-1.107793184162252087e-01 -1.066326379824288906e-01 -9.960584446987247320e-02 -9.563643303643966365e-02 -8.689275484237700409e-02 -7.687469540773399224e-02 -7.174619331775687614e-02 -6.841028742140134455e-02 -6.439418509411276581e-02 -5.476838808938422343e-02 -3.680456414292401085e-02 -3.345106418752868266e-02 -2.647906591435336687e-02 -1.439150363033417541e-02 -2.671540456393634282e-03 2.671540456393476422e-03 1.439150363033390653e-02 2.647906591435299217e-02 3.345106418752884919e-02 3.680456414292370554e-02 5.476838808938386260e-02 6.439418509411268254e-02 6.841028742140083108e-02 7.174619331775693165e-02 7.687469540773293752e-02 8.689275484237629632e-02 9.563643303643966365e-02 9.960584446987311158e-02 1.066326379824284604e-01 1.107793184162243344e-01
-1.107498386817189345e-01 -1.066096956440852894e-01 -9.962374951752527019e-02 -9.565599262863676289e-02 -8.689349434074768175e-02 -7.687977281012731146e-02 -7.171713206902258220e-02 -6.833724683085200258e-02 -6.442970603805635299e-02 -5.477490295468453313e-02 -3.676409386253348677e-02 -3.337326485624293737e-02 -2.612291136564551600e-02 -1.404774940161029537e-02 -3.492768778295852507e-03 3.492768778295705055e-03 1.404774940160991720e-02 2.612291136564541885e-02 3.337326485624277084e-02 3.676409386253353534e-02 5.477490295468432496e-02 6.442970603805672769e-02 6.833724683085223850e-02 7.171713206902258220e-02 7.687977281012702002e-02 8.689349434074700174e-02 9.565599262863604124e-02 9.962374951752496488e-02 1.066096956440850951e-01 1.107498386817180464e-01
-1.107224305388422869e-01 -1.065933615702813336e-01 -9.964069112448779852e-02 -9.567478273730771476e-02 -8.689678314988684427e-02 -7.689180152275562619e-02 -7.168996325901438871e-02 -6.826244257841182494e-02 -6.446334916005914961e-02 -5.478176231082248354e-02 -3.673610371840661803e-02 -3.330790082466335289e-02 -2.584993815675534420e-02 -1.373309020172499596e-02 -4.183960148614414634e-03 4.183960148614641883e-03 1.373309020172521974e-02 2.584993815675604156e-02 3.330790082466341534e-02 3.673610371840692335e-02 5.478176231082292763e-02 6.446334916005871940e-02 6.826244257841208862e-02 7.168996325901490219e-02 7.689180152275584823e-02 8.689678314988687202e-02 9.567478273730802008e-02 9.964069112448793730e-02 1.065933615702813614e-01 1.107224305388423979e-01
-1.106971496927988546e-01 -1.065839707477456433e-01 -9.965643844565442999e-02 -9.569281394115630723e-02 -8.690256783578578781e-02 -7.691024168841170683e-02 -7.166439645991229401e-02 -6.818613229105556506e-02 -6.449503495817467125e-02 -5.478892726746388553e-02 -3.671940051326399307e-02 -3.325532940590997938e-02 -2.566285699143905710e-02 -1.348515999304686873e-02 -4.700083946977249953e-03 4.700083946977240412e-03 1.348515999304665709e-02 2.566285699143920976e-02 3.325532940590977121e-02 3.671940051326397225e-02 5.478892726746362879e-02 6.449503495817457410e-02 6.818613229105557894e-02 7.166439645991209972e-02 7.691024168841137376e-02 8.690256783578559352e-02 9.569281394115661254e-02 9.965643844565459653e-02 1.065839707477453518e-01 1.106971496927990489e-01
-1.106740393307236170e-01 -1.065817675214813520e-01 -9.967082888974809762e-02 -9.571010321382301955e-02 -8.691084288342067199e-02 -7.693464090478689676e-02 -7.164019876505721418e-02 -6.810858739490174840e-02 -6.452466930299442793e-02 -5.479636311610305149e-02 -3.671315140383141218e-02 -3.321588782044365001e-02 -2.556343305016497633e-02 -1.334547531252999394e-02 -4.994463560126186086e-03 4.994463560125905061e-03 1.334547531253000609e-02 2.556343305016475428e-02 3.321588782044362920e-02 3.671315140383150932e-02 5.479636311610274618e-02 6.452466930299410874e-02 6.810858739490234515e-02 7.164019876505778317e-02 7.693464090478710493e-02 8.691084288342104669e-02 9.571010321382271424e-02 9.967082888974716781e-02 1.065817675214811300e-01 1.106740393307236170e-01
-1.106531310718929517e-01 -1.065868938770861835e-01 -9.968377717381997349e-02 -9.572667533192424916e-02 -8.692164959178499961e-02 -7.696462977877553679e-02 -7.161719451500150879e-02 -6.803009882069822878e-02 -6.455214106153665810e-02 -5.480403887312535610e-02 -3.671681998262222441e-02 -3.318987030296427498e-02 -2.555280599924862964e-02 -1.334444363023756797e-02 -5.033640252583053247e-03 5.033640252583218046e-03 1.334444363023758531e-02 2.555280599924850821e-02 3.318987030296410845e-02 3.671681998262198848e-02 5.480403887312480099e-02 6.455214106153676912e-02 6.803009882069843695e-02 7.161719451500188349e-02 7.696462977877525924e-02 8.692164959178465267e-02 9.572667533192415201e-02 9.968377717382059799e-02 1.065868938770860724e-01 1.106531310718931738e-01
-1.106344460061925578e-01 -1.065993820377798135e-01 -9.969528213482450885e-02 -9.574256402128059062e-02 -8.693507551047549575e-02 -7.699991855294067988e-02 -7.159526269092685025e-02 -6.795098282104158893e-02 -6.457731950166489820e-02 -5.481192695227665723e-02 -3.673012736412696599e-02 -3.317752843374933980e-02 -2.563167789930907367e-02 -1.348488605229957414e-02 -4.813756816340123736e-03 4.813756816340331035e-03 1.348488605229974935e-02 2.563167789930882040e-02 3.317752843374945082e-02 3.673012736412690354e-02 5.481192695227669887e-02 6.457731950166470392e-02 6.795098282104140852e-02 7.159526269092696127e-02 7.699991855294001375e-02 8.693507551047555126e-02 9.574256402128103471e-02 9.969528213482406476e-02 1.065993820377796331e-01 1.106344460061920304e-01
-1.106179957682998372e-01 -1.066191519422266393e-01 -9.970543083597027678e-02 -9.575781283999608429e-02 -8.695125434615345872e-02 -7.704029449031361831e-02 -7.157433264618782986e-02 -6.787158651426430933e-02 -6.460005155355882933e-02 -5.482000295003763152e-02 -3.675303337253527092e-02 -3.317909351597361778e-02 -2.580029234736798058e-02 -1.374004228704250874e-02 -4.362581193725189460e-03 4.362581193724917976e-03 1.374004228704261282e-02 2.580029234736770302e-02 3.317909351597369411e-02 3.675303337253522235e-02 5.482000295003745111e-02 6.460005155355903750e-02 6.787158651426426770e-02 7.157433264618785762e-02 7.704029449031274401e-02 8.695125434615333382e-02 9.575781283999595939e-02 9.970543083597079026e-02 1.066191519422265838e-01 1.106179957682993376e-01
-1.106037836081439907e-01 -1.066460138117772960e-01 -9.971439978889960754e-02 -9.577247580423071949e-02 -8.697036629611651359e-02 -7.708561970240859762e-02 -7.155437874814225829e-02 -6.779229279300516553e-02 -6.462015905903259472e-02 -5.482824553369981813e-02 -3.678573663575364361e-02 -3.319482433097832585e-02 -2.605818994462913082e-02 -1.406836191286554676e-02 -3.724879918150565943e-03 3.724879918150503927e-03 1.406836191286541492e-02 2.605818994462905103e-02 3.319482433097861035e-02 3.678573663575374769e-02 5.482824553369944343e-02 6.462015905903219226e-02 6.779229279300491573e-02 7.155437874814253585e-02 7.708561970240837558e-02 8.697036629611630543e-02 9.577247580422967865e-02 9.971439978889926059e-02 1.066460138117776568e-01 1.106037836081436715e-01
-1.105918054328344224e-01 -1.066796756319002976e-01 -9.972245342705392257e-02 -9.578661776856296772e-02 -8.699263878769165903e-02 -7.713582912073736753e-02 -7.153541440309135746e-02 -6.771352423350295024e-02 -6.463743621286408003e-02 -5.483663642768313307e-02 -3.682869603575743972e-02 -3.322508945523987983e-02 -2.640379687705234069e-02 -1.442992740964602581e-02 -2.946224240929448158e-03 2.946224240929590406e-03 1.442992740964611255e-02 2.640379687705205966e-02 3.322508945523968554e-02 3.682869603575702339e-02 5.483663642768272367e-02 6.463743621286406615e-02 6.771352423350253391e-02 7.153541440309189869e-02 7.713582912073757569e-02 8.699263878769236680e-02 9.578661776856267629e-02 9.972245342705436666e-02 1.066796756319007555e-01 1.105918054328344363e-01
-1.105820508107991790e-01 -1.067197550148721724e-01 -9.972994026352612063e-02 -9.580031457705714959e-02 -8.701834761367630011e-02 -7.719092833049946700e-02 -7.151748584165222578e-02 -6.763574561065352486e-02 -6.465164749461081717e-02 -5.484516049921198816e-02 -3.688268060251134045e-02 -3.327050226074478034e-02 -2.683394767328653105e-02 -1.479441909249682059e-02 -2.065185358781966140e-03 2.065185358781887210e-03 1.479441909249664018e-02 2.683394767328659697e-02 3.327050226074502320e-02 3.688268060251168740e-02 5.484516049921297348e-02 6.465164749461044247e-02 6.763574561065376078e-02 7.151748584165308620e-02 7.719092833049921720e-02 8.701834761367609195e-02 9.580031457705696918e-02 9.972994026352607899e-02 1.067197550148724638e-01 1.105820508107991651e-01
-1.105745039449576583e-01 -1.067657946262496743e-01 -9.973728740472509458e-02 -9.581365300301601662e-02 -8.704781845270560814e-02 -7.725099099542746817e-02 -7.150066595244469747e-02 -6.755946456542251399e-02 -6.466252650209849961e-02 -5.485380595044416635e-02 -3.694886205067202112e-02 -3.333214174406890634e-02 -2.734342311927679889e-02 -1.514205351682633947e-02 -1.112348833179604502e-03 1.112348833179450762e-03 1.514205351682642621e-02 2.734342311927650052e-02 3.333214174406875369e-02 3.694886205067184765e-02 5.485380595044397206e-02 6.466252650209826369e-02 6.755946456542290257e-02 7.150066595244447543e-02 7.725099099542809267e-02 8.704781845270545548e-02 9.581365300301560028e-02 9.973728740472458110e-02 1.067657946262489804e-01 1.105745039449570061e-01
-1.105691446381258658e-01 -1.068172801782974607e-01 -9.974499423923209596e-02 -9.582673049437402668e-02 -8.708142874517225962e-02 -7.731615559621042577e-02 -7.148504836945544783e-02 -6.748522989575590769e-02 -6.466977621822003752e-02 -5.486256463108346582e-02 -3.702897622897176333e-02 -3.341191840094330512e-02 -2.792448307714922792e-02 -1.546166512099268232e-02 -1.119022538259231166e-04 1.119022538258986136e-04 1.546166512099255569e-02 2.792448307714904751e-02 3.341191840094319410e-02 3.702897622897186741e-02 5.486256463108325071e-02 6.466977621822042610e-02 6.748522989575651831e-02 7.148504836945546170e-02 7.731615559621002332e-02 8.708142874517293963e-02 9.582673049437416546e-02 9.974499423923129104e-02 1.068172801782982656e-01 1.105691446381260046e-01
-1.105659492905541885e-01 -1.068736599311787133e-01 -9.975362616707421359e-02 -9.583965473732927731e-02 -8.711960985519405509e-02 -7.738662117514891192e-02 -7.147074194347355358e-02 -6.741362687320359703e-02 -6.467307134725980289e-02 -5.487143249415737251e-02 -3.712560121553031001e-02 -3.351318750087740189e-02 -2.856621192158932329e-02 -1.574828479411247845e-02 -9.165343112766091878e-04 9.165343112766989597e-04 1.574828479411217313e-02 2.856621192158942044e-02 3.351318750087747128e-02 3.712560121553002551e-02 5.487143249415724761e-02 6.467307134725944207e-02 6.741362687320316682e-02 7.147074194347428910e-02 7.738662117514880090e-02 8.711960985519363876e-02 9.583965473732961038e-02 9.975362616707432462e-02 1.068736599311772006e-01 1.105659492905534252e-01
-1.105648919866227126e-01 -1.069343646890572735e-01 -9.976380918365260198e-02 -9.585254304263879366e-02 -8.716284938042452579e-02 -7.746264172269809456e-02 -7.145786566087428127e-02 -6.734526896574000165e-02 -6.467206340495096351e-02 -5.488041022896179844e-02 -3.724263832685054121e-02 -3.364176710504768880e-02 -2.925332485396676258e-02 -1.600102451312436849e-02 -1.956539217172851512e-03 1.956539217173109985e-03 1.600102451312439625e-02 2.925332485396664114e-02 3.364176710504720308e-02 3.724263832685050651e-02 5.488041022896232579e-02 6.467206340495117167e-02 6.734526896573964083e-02 7.145786566087387881e-02 7.746264172269820558e-02 8.716284938042472008e-02 9.585254304263952918e-02 9.976380918365330974e-02 1.069343646890569544e-01 1.105648919866226015e-01
-1.105659457456956013e-01 -1.069988274100496933e-01 -9.977622600206627335e-02 -9.586552154662277003e-02 -8.721169336556364171e-02 -7.754451875634964242e-02 -7.144654401429030577e-02 -6.728078543137147594e-02 -6.466638917977000911e-02 -5.488950412073911184e-02 -3.738614879323723383e-02 -3.380750031649201043e-02 -2.996401938148045632e-02 -1.622144673229489187e-02 -2.994029622043282383e-03 2.994029622043284551e-03 1.622144673229479819e-02 2.996401938148026550e-02 3.380750031649171899e-02 3.738614879323740037e-02 5.488950412073927143e-02 6.466638917976975931e-02 6.728078543137129552e-02 7.144654401429034740e-02 7.754451875634915670e-02 8.721169336556361396e-02 9.586552154662333902e-02 9.977622600206602355e-02 1.069988274100504844e-01 1.105659457456963368e-01
-1.105690840312612971e-01 -1.070665017346322384e-01 -9.979161420905606483e-02 -9.587872420174603505e-02 -8.726674802091397010e-02 -7.763259153218102226e-02 -7.143690277972321312e-02 -6.722080450387828143e-02 -6.465568293556039903e-02 -5.489872720859925725e-02 -3.756579561798063099e-02 -3.402597240521643140e-02 -3.066692955644931620e-02 -1.641240176954240210e-02 -4.016791256961083946e-03 4.016791256960907872e-03 1.641240176954214189e-02 3.066692955644927457e-02 3.402597240521623712e-02 3.756579561798081834e-02 5.489872720859914623e-02 6.465568293556049617e-02 6.722080450387876716e-02 7.143690277972317149e-02 7.763259153218189657e-02 8.726674802091442806e-02 9.587872420174599342e-02 9.979161420905641178e-02 1.070665017346321551e-01 1.105690840312614359e-01
-1.105742826336573587e-01 -1.071368789445658054e-01 -9.981076672099147007e-02 -9.589229150939063140e-02 -8.732868033079657644e-02 -7.772722420367657314e-02 -7.142906511396812652e-02 -6.716593237296168695e-02 -6.463959224801681114e-02 -5.490810084497097648e-02 -3.779719099104290186e-02 -3.431758947998392317e-02 -3.131965749873294458e-02 -1.657725751502261979e-02 -5.014266731083168692e-03 5.014266731083144406e-03 1.657725751502242204e-02 3.131965749873296539e-02 3.431758947998394399e-02 3.779719099104279084e-02 5.490810084497085158e-02 6.463959224801679726e-02 6.716593237296147878e-02 7.142906511396839020e-02 7.772722420367696172e-02 8.732868033079652093e-02 9.589229150939025670e-02 9.981076672099183089e-02 1.071368789445665687e-01 1.105742826336573170e-01
-1.105815220657857395e-01 -1.072095030649225789e-01 -9.983453454413322714e-02 -9.590636891983779500e-02 -8.739821664291075320e-02 -7.782878911955437573e-02 -7.142314785559789048e-02 -6.711672886163888574e-02 -6.461779666718661663e-02 -5.491765680695932100e-02 -3.810502601454429650e-02 -3.469638610708952742e-02 -3.187667285797675387e-02 -1.671942927308597490e-02 -5.977494704946463913e-03 5.977494704946233195e-03 1.671942927308570775e-02 3.187667285797684408e-02 3.469638610708968701e-02 3.810502601454418548e-02 5.491765680695930019e-02 6.461779666718636683e-02 6.711672886163880247e-02 7.142314785559766843e-02 7.782878911955382062e-02 8.739821664291108627e-02 9.590636891983754519e-02 9.983453454413362960e-02 1.072095030649222319e-01 1.105815220657852815e-01
-1.105907906396581403e-01 -1.072839839931872125e-01 -9.986383154008127150e-02 -9.592110479185490812e-02 -8.747613794548038391e-02 -7.793764536453581804e-02 -7.141925789303456285e-02 -6.707368152151522989e-02 -6.459002758203710726e-02 -5.492744018112595550e-02 -3.852464802137065686e-02 -3.514595649333158295e-02 -3.231158280071880912e-02 -1.684212124370229255e-02 -6.899116751461341346e-03 6.899116751461161802e-03 1.684212124370191785e-02 3.231158280071863564e-02 3.514595649333129151e-02 3.852464802137010869e-02 5.492744018112646204e-02 6.459002758203656602e-02 6.707368152151514662e-02 7.141925789303384120e-02 7.793764536453572089e-02 8.747613794548055044e-02 9.592110479185439464e-02 9.986383154008192375e-02 1.072839839931867267e-01 1.105907906396582097e-01
-1.106020884263439197e-01 -1.073600086647493179e-01 -9.989964052688928009e-02 -9.593664776807507566e-02 -8.756327005888697723e-02 -7.805411164416968528e-02 -7.141748845602131912e-02 -6.703718058475090225e-02 -6.455608695390317731e-02 -5.493751335306381461e-02 -3.909505483447122537e-02 -3.561091893775079897e-02 -3.263245915496039429e-02 -1.694820610211799847e-02 -7.773390350537316869e-03 7.773390350537303858e-03 1.694820610211800888e-02 3.263245915496035265e-02 3.561091893775067407e-02 3.909505483447127394e-02 5.493751335306389788e-02 6.455608695390334384e-02 6.703718058475084673e-02 7.141748845602144402e-02 7.805411164417024039e-02 8.756327005888682458e-02 9.593664776807514505e-02 9.989964052688912743e-02 1.073600086647494983e-01 1.106020884263436421e-01
-1.106154323450360688e-01 -1.074373503292406079e-01 -9.994301956492018801e-02 -9.595314338553186106e-02 -8.766046640735480899e-02 -7.817843276968645949e-02 -7.141791519408301203e-02 -6.700749754613601061e-02 -6.451586227521155514e-02 -5.494796160637084592e-02 -3.983848910763410078e-02 -3.603107431630708790e-02 -3.286793136935535486e-02 -1.704018792838045415e-02 -8.596166868131402405e-03 8.596166868131437100e-03 1.704018792838072824e-02 3.286793136935515364e-02 3.603107431630705321e-02 3.983848910763386486e-02 5.494796160637107491e-02 6.451586227521184658e-02 6.700749754613542775e-02 7.141791519408295652e-02 7.817843276968595989e-02 8.766046640735525308e-02 9.595314338553226352e-02 9.994301956492043781e-02 1.074373503292410381e-01 1.106154323450365823e-01
-1.106308626809729273e-01 -1.075158760016700632e-01 -9.999510662322803889e-02 -9.597072970935496827e-02 -8.776858044934481018e-02 -7.831073940567040426e-02 -7.142059193008000462e-02 -6.698476986630004515e-02 -6.446933544115754366e-02 -5.495890111524056459e-02 -4.074379881196860120e-02 -3.637925538041716922e-02 -3.304591426641582952e-02 -1.712021116868113133e-02 -9.364813235894558704e-03 9.364813235894324517e-03 1.712021116868127704e-02 3.304591426641573931e-02 3.637925538041708595e-02 4.074379881196893427e-02 5.495890111524111971e-02 6.446933544115730774e-02 6.698476986630029495e-02 7.142059193008036544e-02 7.831073940567051528e-02 8.776858044934505998e-02 9.597072970935449643e-02 9.999510662322806664e-02 1.075158760016702159e-01 1.106308626809737738e-01
-1.106484513981207396e-01 -1.075955520438478669e-01 -1.000571199259573246e-01 -9.598953176186750258e-02 -8.788842435756523408e-02 -7.845100150836394060e-02 -7.142554602200440472e-02 -6.696899334896241895e-02 -6.441658424529883575e-02 -5.497049057738479655e-02 -4.177508792936079907e-02 -3.666044184580660031e-02 -3.318588186071699114e-02 -1.719009200392717859e-02 -1.007807407260913161e-02 1.007807407260918539e-02 1.719009200392699471e-02 3.318588186071742135e-02 3.666044184580711379e-02 4.177508792936079907e-02 5.497049057738440797e-02 6.441658424529918270e-02 6.696899334896257161e-02 7.142554602200493208e-02 7.845100150836439856e-02 8.788842435756494265e-02 9.598953176186729441e-02 1.000571199259569638e-01 1.075955520438480750e-01 1.106484513981203510e-01
-1.106683126889039526e-01 -1.076764475901751811e-01 -1.001303500739601920e-01 -9.600965453480152234e-02 -8.802071038211302378e-02 -7.859897709548542555e-02 -7.143277333453876277e-02 -6.696002238107694182e-02 -6.435777670832251718e-02 -5.498294851979601550e-02 -4.289153349843381757e-02 -3.689099171549890116e-02 -3.329995307317844960e-02 -1.725135814612212271e-02 -1.073588494494371985e-02 1.073588494494383781e-02 1.725135814612224761e-02 3.329995307317854675e-02 3.689099171549910933e-02 4.289153349843406043e-02 5.498294851979608489e-02 6.435777670832242003e-02 6.696002238107666427e-02 7.143277333453817990e-02 7.859897709548570310e-02 8.802071038211210785e-02 9.600965453480123091e-02 1.001303500739595120e-01 1.076764475901750007e-01 1.106683126889036750e-01
-1.106906162793662857e-01 -1.077587351034867830e-01 -1.002161385008721317e-01 -9.603117444081957221e-02 -8.816597187112626410e-02 -7.875415966953774882e-02 -7.144223291529198938e-02 -6.695757686435049871e-02 -6.429316000631224437e-02 -5.499657968385378987e-02 -4.405781921516207372e-02 -3.708578998540783267e-02 -3.339551795888718450e-02 -1.730528936059309852e-02 -1.133915567268240117e-02 1.133915567268221729e-02 1.730528936059323730e-02 3.339551795888711511e-02 3.708578998540774246e-02 4.405781921516231658e-02 5.499657968385430334e-02 6.429316000631259131e-02 6.695757686435012401e-02 7.144223291529130937e-02 7.875415966953785984e-02 8.816597187112615308e-02 9.603117444082059917e-02 1.002161385008719929e-01 1.077587351034868662e-01 1.106906162793666049e-01
-1.107156040542240094e-01 -1.078426866537569723e-01 -1.003158350404357718e-01 -9.605412920853759196e-02 -8.832446266382916467e-02 -7.891572963556847675e-02 -7.145384158733825153e-02 -6.696125374724598567e-02 -6.422304695524212736e-02 -5.501181637408494168e-02 -4.524544617183844097e-02 -3.725525783186031670e-02 -3.347717296777770468e-02 -1.735295485019717684e-02 -1.188954482396929573e-02 1.188954482396924195e-02 1.735295485019713174e-02 3.347717296777761448e-02 3.725525783186043466e-02 4.524544617183788586e-02 5.501181637408471964e-02 6.422304695524257145e-02 6.696125374724602730e-02 7.145384158733845970e-02 7.891572963556876819e-02 8.832446266382922018e-02 9.605412920853785563e-02 1.003158350404353000e-01 1.078426866537559314e-01 1.107156040542238568e-01
-1.107436105120764291e-01 -1.079286634567795805e-01 -1.004307256578172991e-01 -9.607850647799515142e-02 -8.849603705538104659e-02 -7.908251704428156947e-02 -7.146746880260761159e-02 -6.697054083489356602e-02 -6.414780359272015398e-02 -5.502928527020009564e-02 -4.643113707616002006e-02 -3.740605493279040156e-02 -3.354788245669353131e-02 -1.739524585878947371e-02 -1.238924405699349564e-02 1.238924405699342625e-02 1.739524585878907820e-02 3.354788245669360763e-02 3.740605493279051952e-02 4.643113707616085273e-02 5.502928527019999849e-02 6.414780359271984866e-02 6.697054083489351051e-02 7.146746880260793078e-02 7.908251704428147233e-02 8.849603705538011678e-02 9.607850647799470734e-02 1.004307256578165219e-01 1.079286634567806075e-01 1.107436105120769565e-01
-1.107750872544757403e-01 -1.080170946960613554e-01 -1.005619204118500670e-01 -9.610423172401506842e-02 -8.868001810875679458e-02 -7.925298430331753630e-02 -7.148293223539353702e-02 -6.698483098099981825e-02 -6.406784140334262356e-02 -5.504991908212746726e-02 -4.759519663660068123e-02 -3.754229540559791967e-02 -3.360964070875065851e-02 -1.743290306874694870e-02 -1.284078576548097934e-02 1.284078576548081975e-02 1.743290306874674747e-02 3.360964070875064463e-02 3.754229540559794048e-02 4.759519663660043143e-02 5.504991908212724522e-02 6.406784140334280397e-02 6.698483098099908273e-02 7.148293223539316232e-02 7.925298430331695343e-02 8.868001810875630886e-02 9.610423172401570679e-02 1.005619204118498866e-01 1.080170946960619105e-01 1.107750872544762955e-01
-1.108106308439963938e-01 -1.081084396594046565e-01 -1.007101926790735236e-01 -9.613115660376161942e-02 -8.887506948062287582e-02 -7.942523728170533537e-02 -7.149999470888104836e-02 -6.700343560531882292e-02 -6.398361738723817860e-02 -5.507515001248315667e-02 -4.872035066712750856e-02 -3.766648032530705431e-02 -3.366384843353250472e-02 -1.746653899761917497e-02 -1.324688156223193143e-02 1.324688156223185684e-02 1.746653899761893905e-02 3.366384843353263656e-02 3.766648032530653389e-02 4.872035066712709916e-02 5.507515001248372566e-02 6.398361738723863656e-02 6.700343560531878129e-02 7.149999470888097897e-02 7.942523728170558517e-02 8.887506948062232071e-02 9.613115660376166105e-02 1.007101926790735652e-01 1.081084396594043234e-01 1.108106308439967824e-01
-1.108510113409361675e-01 -1.082031249834285447e-01 -1.008757653625572404e-01 -9.615904931924162957e-02 -8.907909371618261130e-02 -7.959707070623119052e-02 -7.151836311061511575e-02 -6.702559740892871654e-02 -6.389564475016329403e-02 -5.510725737205285357e-02 -4.979088065104267380e-02 -3.778010625135042044e-02 -3.371153025812181903e-02 -1.749665590868177550e-02 -1.361029389802238115e-02 1.361029389802237595e-02 1.749665590868184142e-02 3.371153025812207576e-02 3.778010625135047595e-02 4.979088065104313177e-02 5.510725737205290908e-02 6.389564475016351608e-02 6.702559740892914675e-02 7.151836311061496310e-02 7.959707070623069092e-02 8.907909371618177863e-02 9.615904931924157406e-02 1.008757653625573791e-01 1.082031249834288500e-01 1.108510113409364173e-01
-1.108971945823990224e-01 -1.083014471446950844e-01 -1.010580502446649376e-01 -9.618758896463465435e-02 -8.928918528213802830e-02 -7.976604866758442436e-02 -7.153768993408748944e-02 -6.705050290182779094e-02 -6.380451668271328036e-02 -5.515001126579638369e-02 -5.079171963207956830e-02 -3.788404535935720185e-02 -3.375346315182506385e-02 -1.752365990300031734e-02 -1.393373924913678119e-02 1.393373924913663200e-02 1.752365990300053591e-02 3.375346315182503609e-02 3.788404535935679940e-02 5.079171963207942953e-02 5.515001126579589796e-02 6.380451668271290566e-02 6.705050290182770767e-02 7.153768993408765597e-02 7.976604866758466028e-02 8.928918528213795891e-02 9.618758896463464048e-02 1.010580502446646739e-01 1.083014471446950566e-01 1.108971945823984534e-01
-1.109503431099738147e-01 -1.084034312504068287e-01 -1.012553640663840654e-01 -9.621636589766736913e-02 -8.950166556647864979e-02 -7.992961415798371938e-02 -7.155757795921645348e-02 -6.707729574947537965e-02 -6.371094548968384008e-02 -5.520987118700171337e-02 -5.170710103681721431e-02 -3.797878164491140518e-02 -3.379025411386463867e-02 -1.754787195139919515e-02 -1.421981891625952350e-02 1.421981891625950789e-02 1.754787195139945188e-02 3.379025411386448602e-02 3.797878164491142600e-02 5.170710103681765146e-02 5.520987118700206725e-02 6.371094548968407600e-02 6.707729574947500495e-02 7.155757795921677267e-02 7.992961415798366387e-02 8.950166556647910776e-02 9.621636589766745240e-02 1.012553640663837740e-01 1.084034312504062320e-01 1.109503431099736898e-01
-1.110117664670423610e-01 -1.085086443530165201e-01 -1.014646679530425422e-01 -9.624488974693470866e-02 -8.971221641417749526e-02 -8.008521467874578359e-02 -7.157758834823033101e-02 -6.710509194202321503e-02 -6.361581895838917811e-02 -5.529805413733018121e-02 -5.251834582154882997e-02 -3.806455886369916608e-02 -3.382238836736541077e-02 -1.756953670048201979e-02 -1.447097232209250059e-02 1.447097232209285968e-02 1.756953670048246388e-02 3.382238836736597976e-02 3.806455886369933955e-02 5.251834582154896180e-02 5.529805413733041020e-02 6.361581895838955281e-02 6.710509194202331218e-02 7.157758834822994243e-02 8.008521467874628319e-02 8.971221641417731485e-02 9.624488974693456989e-02 1.014646679530427226e-01 1.085086443530172279e-01 1.110117664670425414e-01
-1.110827703387149840e-01 -1.086159799383251273e-01 -1.016813992917006554e-01 -9.627260566748992165e-02 -8.991610837770121212e-02 -8.023042647094218160e-02 -7.159725210561083963e-02 -6.713299744453690709e-02 -6.352027468403348420e-02 -5.543288921020123744e-02 -5.320131093753021484e-02 -3.814147422324409842e-02 -3.385026004403712124e-02 -1.758882995709630873e-02 -1.468944742237469209e-02 1.468944742237454984e-02 1.758882995709669730e-02 3.385026004403715594e-02 3.814147422324373066e-02 5.320131093753008300e-02 5.543288921020089050e-02 6.352027468403351196e-02 6.713299744453736506e-02 7.159725210561063147e-02 8.023042647094247304e-02 8.991610837770075415e-02 9.627260566748961634e-02 1.016813992917008358e-01 1.086159799383250579e-01 1.110827703387144011e-01
-1.111643303194640303e-01 -1.087234627370555068e-01 -1.018994753158643518e-01 -9.629891802538134704e-02 -9.010849475287621702e-02 -8.036305970477458649e-02 -7.161608447944586842e-02 -6.716012841997943961e-02 -6.342578995777338469e-02 -5.563692414237752376e-02 -5.372900697625190847e-02 -3.820953830290305109e-02 -3.387419224825812675e-02 -1.760586579797843512e-02 -1.487728313431738170e-02 1.487728313431737649e-02 1.760586579797853574e-02 3.387419224825844594e-02 3.820953830290317599e-02 5.372900697625198480e-02 5.563692414237741274e-02 6.342578995777387041e-02 6.716012841997988370e-02 7.161608447944577127e-02 8.036305970477386484e-02 9.010849475287607824e-02 9.629891802538102785e-02 1.018994753158639494e-01 1.087234627370553264e-01 1.111643303194642524e-01
-1.112565091767954567e-01 -1.088281614184066076e-01 -1.021115312423295091e-01 -9.632321920661988945e-02 -9.028472205705312392e-02 -8.048123134186478678e-02 -7.163360153427096588e-02 -6.718563348925166157e-02 -6.333427800712521094e-02 -5.591720246777868303e-02 -5.409097071021735231e-02 -3.826871362553804778e-02 -3.389445053050915008e-02 -1.762070421822212185e-02 -1.503629931327936722e-02 1.503629931327923365e-02 1.762070421822194491e-02 3.389445053050903212e-02 3.826871362553820738e-02 5.409097071021751885e-02 5.591720246777921732e-02 6.333427800712532196e-02 6.718563348925091216e-02 7.163360153427127119e-02 8.048123134186425942e-02 9.028472205705340148e-02 9.632321920661986170e-02 1.021115312423294258e-01 1.088281614184062329e-01 1.112565091767960396e-01
-1.113575885697608153e-01 -1.089263115606087379e-01 -1.023094050248357229e-01 -9.634492020787224775e-02 -9.044060141225254701e-02 -8.058339987964123485e-02 -7.164933787093627493e-02 -6.720871696730025546e-02 -6.324816879366224054e-02 -5.624366877511632890e-02 -5.431447010260753022e-02 -3.831893954487692461e-02 -3.391125216533407566e-02 -1.763336006590753360e-02 -1.516809064595751357e-02 1.516809064595756561e-02 1.763336006590752320e-02 3.391125216533404790e-02 3.831893954487695930e-02 5.431447010260761349e-02 5.624366877511669666e-02 6.324816879366249034e-02 6.720871696730074119e-02 7.164933787093677453e-02 8.058339987964137363e-02 9.044060141225301885e-02 9.634492020787281674e-02 1.023094050248349596e-01 1.089263115606086407e-01 1.113575885697616341e-01
-1.114630513157293945e-01 -1.090136991415979750e-01 -1.024848057888228942e-01 -9.636347946816364862e-02 -9.057259723536206786e-02 -8.066836424638426650e-02 -7.166286435566068813e-02 -6.722866171661258383e-02 -6.317043350708159699e-02 -5.656667110297215056e-02 -5.444663827124314459e-02 -3.836014826707905001e-02 -3.392477267758028242e-02 -1.764381366873998130e-02 -1.527402181013564481e-02 1.527402181013552511e-02 1.764381366873956150e-02 3.392477267757987303e-02 3.836014826707896674e-02 5.444663827124313765e-02 5.656667110297217138e-02 6.317043350708106964e-02 6.722866171661229240e-02 7.166286435566047996e-02 8.066836424638421099e-02 9.057259723536267848e-02 9.636347946816305188e-02 1.024848057888226305e-01 1.090136991415980167e-01 1.114630513157296027e-01
-1.115648389776482535e-01 -1.090862261465704031e-01 -1.026300361227971136e-01 -9.637842711807820262e-02 -9.067791511407301275e-02 -8.073523536472701490e-02 -7.167380476036994130e-02 -6.724485024199704231e-02 -6.310449128403496089e-02 -5.684646113148460189e-02 -5.452472635214725138e-02 -3.839227508958346219e-02 -3.393515049780029130e-02 -1.765202304773200864e-02 -1.535522231864999872e-02 1.535522231864994147e-02 1.765202304773187333e-02 3.393515049780017334e-02 3.839227508958348301e-02 5.452472635214743180e-02 5.684646113148496271e-02 6.310449128403548824e-02 6.724485024199633454e-02 7.167380476037009396e-02 8.073523536472750062e-02 9.067791511407209681e-02 9.637842711807778628e-02 1.026300361227972663e-01 1.090862261465703198e-01 1.115648389776483784e-01
-1.116516027877248740e-01 -1.091404546982668866e-01 -1.027386197919871458e-01 -9.638938316259099137e-02 -9.075449919410778776e-02 -8.078339209906254537e-02 -7.168185038237688544e-02 -6.725678287954192647e-02 -6.305393157197382303e-02 -5.705904738474414789e-02 -5.457021442856319765e-02 -3.841526485607622832e-02 -3.394249028953345154e-02 -1.765793700978523367e-02 -1.541258052507459529e-02 1.541258052507460223e-02 1.765793700978544878e-02 3.394249028953347236e-02 3.841526485607667241e-02 5.457021442856328092e-02 5.705904738474414095e-02 6.305393157197422549e-02 6.725678287954223178e-02 7.168185038237735729e-02 8.078339209906304497e-02 9.075449919410778776e-02 9.638938316259114403e-02 1.027386197919869099e-01 1.091404546982667201e-01 1.116516027877251516e-01
-1.117106639237860077e-01 -1.091739303723148202e-01 -1.028057340399437525e-01 -9.639606956343554911e-02 -9.080097040609141912e-02 -8.081243352198470842e-02 -7.168677194778919071e-02 -6.726409230391741656e-02 -6.302202577524157467e-02 -5.719110281376026117e-02 -5.459412825569433247e-02 -3.842907593011846146e-02 -3.394686528438154577e-02 -1.766150785958092370e-02 -1.544673718042490276e-02 1.544673718042491838e-02 1.766150785958146840e-02 3.394686528438167761e-02 3.842907593011844758e-02 5.459412825569415206e-02 5.719110281376050403e-02 6.302202577524190774e-02 6.726409230391790228e-02 7.168677194778905193e-02 8.081243352198450025e-02 9.080097040609229342e-02 9.639606956343525768e-02 1.028057340399440994e-01 1.091739303723146676e-01 1.117106639237857024e-01
-1.117316934514198390e-01 -1.091852401330600381e-01 -1.028284342883333258e-01 -9.639831725777087135e-02 -9.081654515949053041e-02 -8.082213759242809492e-02 -7.168842834651133200e-02 -6.726655395967477691e-02 -6.301110692364889077e-02 -5.723582523894560348e-02 -5.460160081383536035e-02 -3.843368252789500922e-02 -3.394831883151371021e-02 -1.766270214268362074e-02 -1.545807953683696508e-02 1.545807953683684018e-02 1.766270214268383584e-02 3.394831883151386287e-02 3.843368252789480105e-02 5.460160081383485381e-02 5.723582523894558960e-02 6.301110692364896015e-02 6.726655395967430506e-02 7.168842834651063811e-02 8.082213759242798390e-02 9.081654515949050266e-02 9.639831725777049665e-02 1.028284342883341168e-01 1.091852401330598576e-01 1.117316934514198251e-01
