-2.358264326589560311e-01 -2.227124697370972406e-01 -2.139231606167533439e-01 -1.993475992779469297e-01 -1.842592752027194802e-01 -1.751337546349771013e-01 -1.616723383602105268e-01 -1.579166800378721813e-01 -1.415827017283308731e-01 -1.338216294344988511e-01 -1.244634469677915606e-01 -1.240004797424369698e-01 -1.129022724854054222e-01 -9.397233223008631675e-02 -8.838266762860866321e-02 8.838266762860960690e-02 9.397233223008698288e-02 1.129022724854062271e-01 1.240004797424362898e-01 1.244634469677914218e-01 1.338216294344976298e-01 1.415827017283310951e-01 1.579166800378732360e-01 1.616723383602111375e-01 1.751337546349779339e-01 1.842592752027195913e-01 1.993475992779459582e-01 2.139231606167537880e-01 2.227124697370967132e-01 2.358264326589546156e-01
-2.361578448200017666e-01 -2.210380831554772663e-01 -2.128544176480340333e-01 -1.986988792245467095e-01 -1.834353640786144934e-01 -1.747282446639974729e-01 -1.608540553895289882e-01 -1.571623876897225436e-01 -1.404764229190799685e-01 -1.335174747482757163e-01 -1.238140338863539663e-01 -1.232602898609864855e-01 -1.120925758181199605e-01 -9.234629017353399028e-02 -8.681432797997219730e-02 8.681432797997314099e-02 9.234629017353408742e-02 1.120925758181208209e-01 1.232602898609871933e-01 1.238140338863541606e-01 1.335174747482750224e-01 1.404764229190794689e-01 1.571623876897223770e-01 1.608540553895287384e-01 1.747282446639963904e-01 1.834353640786138273e-01 1.986988792245462376e-01 2.128544176480341443e-01 2.210380831554768777e-01 2.361578448200024605e-01
-2.365654248478840926e-01 -2.193603392863581192e-01 -2.117489776198461793e-01 -1.979947119138843747e-01 -1.829359876565476994e-01 -1.740713220423680263e-01 -1.600175003389279760e-01 -1.563429735083093908e-01 -1.396482689711755487e-01 -1.329990843349889984e-01 -1.231551810412194053e-01 -1.224626124516856873e-01 -1.113350152869407028e-01 -9.069192544066817518e-02 -8.525964372177947947e-02 8.525964372177888273e-02 9.069192544066861927e-02 1.113350152869403281e-01 1.224626124516867282e-01 1.231551810412205988e-01 1.329990843349884155e-01 1.396482689711758818e-01 1.563429735083100014e-01 1.600175003389284756e-01 1.740713220423676100e-01 1.829359876565477827e-01 1.979947119138833478e-01 2.117489776198454576e-01 2.193603392863583135e-01 2.365654248478856470e-01
-2.370306546372784318e-01 -2.177251595989088406e-01 -2.106111986291055449e-01 -1.972113892809953806e-01 -1.827524568790261650e-01 -1.731911629617815807e-01 -1.591659187502934003e-01 -1.554421465999565599e-01 -1.391441074510689491e-01 -1.322393462965701927e-01 -1.224886178485162236e-01 -1.215941065095222373e-01 -1.106339700124543274e-01 -8.901190895220104093e-02 -8.372201352772190575e-02 8.372201352772183636e-02 8.901190895219969479e-02 1.106339700124546327e-01 1.215941065095228202e-01 1.224886178485164873e-01 1.322393462965694433e-01 1.391441074510696985e-01 1.554421465999568652e-01 1.591659187502936779e-01 1.731911629617818582e-01 1.827524568790260262e-01 1.972113892809944091e-01 2.106111986291059057e-01 2.177251595989083965e-01 2.370306546372792644e-01
-2.375405593187780717e-01 -2.161755041066885930e-01 -2.094461505580103855e-01 -1.963212543198596394e-01 -1.828303295205846168e-01 -1.721621496751776226e-01 -1.583031108468194725e-01 -1.544422123528786661e-01 -1.389406847465433359e-01 -1.312812206947477633e-01 -1.218161890208745157e-01 -1.206400719117409065e-01 -1.099934853993855266e-01 -8.730910654231102686e-02 -8.220465826391361308e-02 8.220465826391337716e-02 8.730910654231066603e-02 1.099934853993852490e-01 1.206400719117395604e-01 1.218161890208750153e-01 1.312812206947473470e-01 1.389406847465420869e-01 1.544422123528785551e-01 1.583031108468191950e-01 1.721621496751785108e-01 1.828303295205832013e-01 1.963212543198589177e-01 2.094461505580100802e-01 2.161755041066887595e-01 2.375405593187774611e-01
-2.380848336647319319e-01 -2.147515555679778143e-01 -2.082596602063165048e-01 -1.952950338725602808e-01 -1.831053347200931603e-01 -1.710671656604779156e-01 -1.574334082414819425e-01 -1.533257192351875076e-01 -1.389725703463395023e-01 -1.302090534747956385e-01 -1.211398277652808581e-01 -1.195861647316358300e-01 -1.094172691646025791e-01 -8.558657139281870829e-02 -8.071059773587338504e-02 8.071059773587395403e-02 8.558657139281908299e-02 1.094172691646021489e-01 1.195861647316360105e-01 1.211398277652803307e-01 1.302090534747966655e-01 1.389725703463391970e-01 1.533257192351875076e-01 1.574334082414817759e-01 1.710671656604789426e-01 1.831053347200949089e-01 1.952950338725596147e-01 2.082596602063188362e-01 2.147515555679785637e-01 2.380848336647308772e-01
-2.386537901221951474e-01 -2.134881155780299911e-01 -2.070583871343794069e-01 -1.941059385082471722e-01 -1.835252574209627896e-01 -1.699732679022660231e-01 -1.565616250503154283e-01 -1.520777412425374508e-01 -1.391766315200506088e-01 -1.291014679769044438e-01 -1.204615171550657421e-01 -1.184210174000528276e-01 -1.089086892548104119e-01 -8.384753276537550148e-02 -7.924262057927194958e-02 7.924262057927183855e-02 8.384753276537508515e-02 1.089086892548093710e-01 1.184210174000529248e-01 1.204615171550647151e-01 1.291014679769039442e-01 1.391766315200503312e-01 1.520777412425372010e-01 1.565616250503167051e-01 1.699732679022669668e-01 1.835252574209636223e-01 1.941059385082477828e-01 2.070583871343792681e-01 2.134881155780299911e-01 2.386537901221938707e-01
-2.390091181940772747e-01 -2.124104002284533110e-01 -2.058499464497961229e-01 -1.927347708630344214e-01 -1.840532200206803637e-01 -1.689257620379764346e-01 -1.556929785987076487e-01 -1.506883142041833823e-01 -1.395087839256440032e-01 -1.280117442344330392e-01 -1.197832372849778615e-01 -1.171391110914487971e-01 -1.084707715273820344e-01 -8.209538253950036946e-02 -7.780324648137185162e-02 7.780324648137219856e-02 8.209538253950016129e-02 1.084707715273811879e-01 1.171391110914486583e-01 1.197832372849791799e-01 1.280117442344334278e-01 1.395087839256441697e-01 1.506883142041828827e-01 1.556929785987073989e-01 1.689257620379763791e-01 1.840532200206803082e-01 1.927347708630335332e-01 2.058499464497951792e-01 2.124104002284515347e-01 2.390091181940778298e-01
-2.370288207502748712e-01 -2.115304086958417762e-01 -2.046431072375876625e-01 -1.911741283449408524e-01 -1.846637101676028569e-01 -1.679500707941158633e-01 -1.548329748433126540e-01 -1.491542530533669919e-01 -1.399415816053250772e-01 -1.269683250090000437e-01 -1.191068952374004369e-01 -1.157426993544059118e-01 -1.081061947666448753e-01 -8.033366085476220664e-02 -7.639467993002369006e-02 7.639467993002339863e-02 8.033366085476233154e-02 1.081061947666450557e-01 1.157426993544061061e-01 1.191068952374002149e-01 1.269683250089991555e-01 1.399415816053267703e-01 1.491542530533667144e-01 1.548329748433118214e-01 1.679500707941161686e-01 1.846637101676029402e-01 1.911741283449406581e-01 2.046431072375883564e-01 2.115304086958410823e-01 2.370288207502751210e-01
-2.348360863718663427e-01 -2.108460078791176973e-01 -2.034481228165010425e-01 -1.894297056451195727e-01 -1.853379572970024203e-01 -1.670553900840626993e-01 -1.539872556991940256e-01 -1.474796900938792343e-01 -1.404582549194781926e-01 -1.259808076362997908e-01 -1.184342339197602262e-01 -1.142418123057398482e-01 -1.078172797359275431e-01 -7.856604189785175441e-02 -7.501875473682023676e-02 7.501875473682005635e-02 7.856604189785144909e-02 1.078172797359280288e-01 1.142418123057401674e-01 1.184342339197606009e-01 1.259808076363000684e-01 1.404582549194787755e-01 1.474796900938801503e-01 1.539872556991940256e-01 1.670553900840625883e-01 1.853379572970017541e-01 1.894297056451187122e-01 2.034481228165015976e-01 2.108460078791181413e-01 2.348360863718660652e-01
-2.324831809191992282e-01 -2.103432587875497528e-01 -2.022773066234281603e-01 -1.875182587365470943e-01 -1.860601601417498641e-01 -1.662386122634785246e-01 -1.531614133026991398e-01 -1.456752292034388940e-01 -1.410481953654467158e-01 -1.250463167823170907e-01 -1.177667144827042184e-01 -1.126524341452758149e-01 -1.076059660643265553e-01 -7.679632070286981915e-02 -7.367686865219771897e-02 7.367686865219759407e-02 7.679632070286918077e-02 1.076059660643263888e-01 1.126524341452755928e-01 1.177667144827034273e-01 1.250463167823159805e-01 1.410481953654463827e-01 1.456752292034385332e-01 1.531614133026991953e-01 1.662386122634783858e-01 1.860601601417500306e-01 1.875182587365473164e-01 2.022773066234282713e-01 2.103432587875500859e-01 2.324831809191985066e-01
-2.300148342304671745e-01 -2.100005856732194698e-01 -2.011460863644788655e-01 -1.868142116069055336e-01 -1.854636812166088056e-01 -1.654881191104232985e-01 -1.523607989574806421e-01 -1.437562263388175166e-01 -1.417040735122084838e-01 -1.241549792087468518e-01 -1.171053655239027019e-01 -1.109939149507594008e-01 -1.074737581582753954e-01 -7.502840200587575226e-02 -7.236990733704015688e-02 7.236990733704019851e-02 7.502840200587512776e-02 1.074737581582741464e-01 1.109939149507602751e-01 1.171053655239034652e-01 1.241549792087464493e-01 1.417040735122076234e-01 1.437562263388177664e-01 1.523607989574799759e-01 1.654881191104245197e-01 1.854636812166085558e-01 1.868142116069055336e-01 2.011460863644781993e-01 2.100005856732193865e-01 2.300148342304659255e-01
-2.274679781133659151e-01 -2.097928185277290192e-01 -2.000750071875433411e-01 -1.875800116728394418e-01 -1.832932293509974830e-01 -1.647870868878481276e-01 -1.515904178093953059e-01 -1.424198793687845577e-01 -1.417409468587927379e-01 -1.232939884371323375e-01 -1.164505914437994338e-01 -1.092868410054412681e-01 -1.074215174507421600e-01 -7.326629353899430375e-02 -7.109815606894749618e-02 7.109815606894757944e-02 7.326629353899510866e-02 1.074215174507423542e-01 1.092868410054411710e-01 1.164505914437991424e-01 1.232939884371325734e-01 1.417409468587937926e-01 1.424198793687847797e-01 1.515904178093963606e-01 1.647870868878474615e-01 1.832932293509977884e-01 1.875800116728385536e-01 2.000750071875435909e-01 2.097928185277306568e-01 2.274679781133666090e-01
-2.248740194307400353e-01 -2.096939321782869126e-01 -1.990935704520263305e-01 -1.883281735805809876e-01 -1.810350686902313377e-01 -1.641160572648836524e-01 -1.508551865566361005e-01 -1.431890684970381633e-01 -1.396492115191771965e-01 -1.224502049773556478e-01 -1.158019348119582737e-01 -1.075659047267312485e-01 -1.074350643366912550e-01 -7.151411239125723962e-02 -6.986119224278197759e-02 6.986119224278190820e-02 7.151411239125737840e-02 1.074350643366915048e-01 1.075659047267316371e-01 1.158019348119585651e-01 1.224502049773553841e-01 1.396492115191772243e-01 1.431890684970383021e-01 1.508551865566372940e-01 1.641160572648835414e-01 1.810350686902300055e-01 1.883281735805806822e-01 1.990935704520268856e-01 2.096939321782873566e-01 2.248740194307400353e-01
-2.222617107584063667e-01 -2.096783290917665910e-01 -1.982471524137594532e-01 -1.890115504910726829e-01 -1.787174110268242022e-01 -1.634547680774927902e-01 -1.501614428278576219e-01 -1.440016849679827682e-01 -1.375016991231175212e-01 -1.216116003249946287e-01 -1.151578017612664151e-01 -1.075622869975123158e-01 -1.058019914019281832e-01 -6.977614806262520675e-02 -6.865771825037303433e-02 6.865771825037333964e-02 6.977614806262538716e-02 1.058019914019297930e-01 1.075622869975133428e-01 1.151578017612669286e-01 1.216116003249944205e-01 1.375016991231179930e-01 1.440016849679831290e-01 1.501614428278570390e-01 1.634547680774939282e-01 1.787174110268236193e-01 1.890115504910717115e-01 1.982471524137601748e-01 2.096783290917669240e-01 2.222617107584066720e-01
-2.196599582600403666e-01 -2.097210515640370587e-01 -1.976065135826616803e-01 -1.895539343407280364e-01 -1.763688697502491798e-01 -1.627834166140418315e-01 -1.495229156832753870e-01 -1.448369378157770004e-01 -1.353200261074889721e-01 -1.207679564360762542e-01 -1.145152116750533661e-01 -1.077505596512044334e-01 -1.040642887437387004e-01 -6.805736666502228138e-02 -6.748495574825762178e-02 6.748495574825751075e-02 6.805736666502261445e-02 1.040642887437395192e-01 1.077505596512044334e-01 1.145152116750545457e-01 1.207679564360769203e-01 1.353200261074901933e-01 1.448369378157766119e-01 1.495229156832754702e-01 1.627834166140411098e-01 1.763688697502506508e-01 1.895539343407288413e-01 1.976065135826621799e-01 2.097210515640374473e-01 2.196599582600412826e-01
-2.171005011109644611e-01 -2.097973892454912115e-01 -1.972685460359686893e-01 -1.898471614593494339e-01 -1.740196597096053954e-01 -1.620835722399491807e-01 -1.489844371249255672e-01 -1.456379383738776734e-01 -1.331274084213716624e-01 -1.199111499466875980e-01 -1.138698115800128030e-01 -1.080149458253551881e-01 -1.023513642649069161e-01 -6.639427704828886057e-02 -6.630768904000655661e-02 6.630768904000679254e-02 6.639427704828958221e-02 1.023513642649068744e-01 1.080149458253557709e-01 1.138698115800132193e-01 1.199111499466875980e-01 1.331274084213717734e-01 1.456379383738785616e-01 1.489844371249260113e-01 1.620835722399487366e-01 1.740196597096056452e-01 1.898471614593492118e-01 1.972685460359693554e-01 2.097973892454918776e-01 2.171005011109632954e-01
-2.146204633639581805e-01 -2.098822407063495599e-01 -1.973182340379227850e-01 -1.897867341219437176e-01 -1.717033156682179207e-01 -1.613389024301926100e-01 -1.487097575394083215e-01 -1.462221530053193219e-01 -1.309498605512454394e-01 -1.190352212275789523e-01 -1.132170324006264855e-01 -1.083472459893029816e-01 -1.006800286927871935e-01 -6.523187465280384789e-02 -6.468125400683637227e-02 6.468125400683619186e-02 6.523187465280352870e-02 1.006800286927883870e-01 1.083472459893027734e-01 1.132170324006275125e-01 1.190352212275787025e-01 1.309498605512448843e-01 1.462221530053197383e-01 1.487097575394075721e-01 1.613389024301916108e-01 1.717033156682167827e-01 1.897867341219441895e-01 1.973182340379234789e-01 2.098822407063492546e-01 2.146204633639571258e-01
-2.122645278385543177e-01 -2.099494482358497116e-01 -1.977600730961754094e-01 -1.893381476533470276e-01 -1.694585914813496463e-01 -1.605357883912840178e-01 -1.490211145666530679e-01 -1.462400851825030879e-01 -1.288177794931061326e-01 -1.181363277057502215e-01 -1.125577785876668568e-01 -1.087278743430993566e-01 -9.906652068739014994e-02 -6.413286959586229907e-02 -6.304228230398645216e-02 6.304228230398639665e-02 6.413286959586231295e-02 9.906652068738999728e-02 1.087278743430986488e-01 1.125577785876662740e-01 1.181363277057502076e-01 1.288177794931061326e-01 1.462400851825023662e-01 1.490211145666528181e-01 1.605357883912839068e-01 1.694585914813483973e-01 1.893381476533468055e-01 1.977600730961765751e-01 2.099494482358490732e-01 2.122645278385542067e-01
-2.100913960492962473e-01 -2.099657713689115357e-01 -1.985155082490346057e-01 -1.885384058768985738e-01 -1.673309236522773080e-01 -1.596638279915322256e-01 -1.498561070039390319e-01 -1.457171610514710058e-01 -1.267675652999706581e-01 -1.172126235680742423e-01 -1.119232916208407064e-01 -1.090993046999691740e-01 -9.752685054305051948e-02 -6.304923628477235309e-02 -6.143718303289127242e-02 6.143718303289139038e-02 6.304923628477243636e-02 9.752685054305049173e-02 1.090993046999692434e-01 1.119232916208403733e-01 1.172126235680728268e-01 1.267675652999707692e-01 1.457171610514708116e-01 1.498561070039393650e-01 1.596638279915319203e-01 1.673309236522770027e-01 1.885384058768978521e-01 1.985155082490351885e-01 2.099657713689118410e-01 2.100913960492964139e-01
-2.099213107530832068e-01 -2.081414638046070187e-01 -1.994893180849716674e-01 -1.874314203130253431e-01 -1.653722373898324771e-01 -1.587161787509913935e-01 -1.509280074064912880e-01 -1.448938676217673416e-01 -1.248423664087461721e-01 -1.162640835097712017e-01 -1.114719356387922355e-01 -1.092686335742401871e-01 -9.607684586217558886e-02 -6.197352865630422619e-02 -5.987093818569540898e-02 5.987093818569540898e-02 6.197352865630419844e-02 9.607684586217427047e-02 1.092686335742397014e-01 1.114719356387929156e-01 1.162640835097714376e-01 1.248423664087462276e-01 1.448938676217675081e-01 1.509280074064917321e-01 1.587161787509900057e-01 1.653722373898326992e-01 1.874314203130255652e-01 1.994893180849711956e-01 2.081414638046072407e-01 2.099213107530834288e-01
-2.097668283971448056e-01 -2.064949565219955097e-01 -2.006075082371736595e-01 -1.860353633253016559e-01 -1.636372569928562504e-01 -1.576896898926535284e-01 -1.521188258358193435e-01 -1.438366489045807828e-01 -1.230901607035229800e-01 -1.152922822698151523e-01 -1.115323386794198762e-01 -1.088664461235426123e-01 -9.473203247849992792e-02 -6.089844380848006417e-02 -5.834774568784645982e-02 5.834774568784596716e-02 6.089844380847975192e-02 9.473203247849970587e-02 1.088664461235420849e-01 1.115323386794198485e-01 1.152922822698151245e-01 1.230901607035223277e-01 1.438366489045813101e-01 1.521188258358196210e-01 1.576896898926533619e-01 1.636372569928565557e-01 1.860353633253018779e-01 2.006075082371728269e-01 2.064949565219943717e-01 2.097668283971443060e-01
-2.094811994647118591e-01 -2.052053905850759474e-01 -2.018073799787909461e-01 -1.843533818137256808e-01 -1.621750483778671703e-01 -1.565848028004118708e-01 -1.533897298919441599e-01 -1.425362106179999533e-01 -1.215571778341722059e-01 -1.143001459588770391e-01 -1.120567917102439082e-01 -1.079000484813452260e-01 -9.350736496550669796e-02 -5.981661489234529894e-02 -5.687153489467184492e-02 5.687153489467221268e-02 5.981661489234571527e-02 9.350736496550644816e-02 1.079000484813450872e-01 1.120567917102439498e-01 1.143001459588771640e-01 1.215571778341713871e-01 1.425362106180007304e-01 1.533897298919433272e-01 1.565848028004115933e-01 1.621750483778666430e-01 1.843533818137254032e-01 2.018073799787900857e-01 2.052053905850762527e-01 2.094811994647118591e-01
-2.090391505926650351e-01 -2.044241726241377288e-01 -2.029279128109965080e-01 -1.823933971834643952e-01 -1.610177841578531444e-01 -1.554052484821013269e-01 -1.547243286912388938e-01 -1.409757146491651680e-01 -1.202774769624980200e-01 -1.132918244235259081e-01 -1.127998241032345805e-01 -1.065851898441242257e-01 -9.241682796159196578e-02 -5.872098978372505829e-02 -5.544598470668786472e-02 5.544598470668793411e-02 5.872098978372543299e-02 9.241682796159245150e-02 1.065851898441243784e-01 1.127998241032344695e-01 1.132918244235264355e-01 1.202774769624986861e-01 1.409757146491652235e-01 1.547243286912384774e-01 1.554052484821011326e-01 1.610177841578533386e-01 1.823933971834647838e-01 2.029279128109965635e-01 2.044241726241369239e-01 2.090391505926634808e-01
-2.084207458651238243e-01 -2.049306456403903187e-01 -2.031627208223150960e-01 -1.801782511486204608e-01 -1.601735574224031899e-01 -1.561119320198641469e-01 -1.541575591960306357e-01 -1.391549542858806221e-01 -1.192658505028332538e-01 -1.136571359490301386e-01 -1.122713357031854542e-01 -1.050152791602883967e-01 -9.147295164211181884e-02 -5.760533425211494113e-02 -5.407446702041774494e-02 5.407446702041759923e-02 5.760533425211494113e-02 9.147295164211133311e-02 1.050152791602878694e-01 1.122713357031859538e-01 1.136571359490304856e-01 1.192658505028343224e-01 1.391549542858809829e-01 1.541575591960303304e-01 1.561119320198648686e-01 1.601735574224042169e-01 1.801782511486206551e-01 2.031627208223136527e-01 2.049306456403909571e-01 2.084207458651257672e-01
-2.076121518837921454e-01 -2.062610281066641627e-01 -2.029335564935568492e-01 -1.777439184628310520e-01 -1.596346414761746213e-01 -1.575348565871902140e-01 -1.528506260057088673e-01 -1.370948704899777326e-01 -1.185261688931648905e-01 -1.145726032517051379e-01 -1.112449022829640477e-01 -1.032433470145257964e-01 -9.068630797113150233e-02 -5.646475102229461807e-02 -5.275996038046659037e-02 5.275996038046702752e-02 5.646475102229468745e-02 9.068630797113223785e-02 1.032433470145259768e-01 1.112449022829636175e-01 1.145726032517044857e-01 1.185261688931653623e-01 1.370948704899777881e-01 1.528506260057085342e-01 1.575348565871912687e-01 1.596346414761749266e-01 1.777439184628317737e-01 2.029335564935578484e-01 2.062610281066651896e-01 2.076121518837928670e-01
-2.077396455416119503e-01 -2.066033158593663654e-01 -2.028670860863299730e-01 -1.751321239221222403e-01 -1.595266283720884470e-01 -1.588260282123317157e-01 -1.514950568304734846e-01 -1.348310231500082224e-01 -1.180945537600599365e-01 -1.154614463219159060e-01 -1.102175016706483102e-01 -1.013187442224908752e-01 -9.006506831335643615e-02 -5.529612837838868838e-02 -5.150494107147455397e-02 5.150494107147477602e-02 5.529612837838929901e-02 9.006506831335611696e-02 1.013187442224904034e-01 1.102175016706485045e-01 1.154614463219160586e-01 1.180945537600596312e-01 1.348310231500084722e-01 1.514950568304726242e-01 1.588260282123320488e-01 1.595266283720885581e-01 1.751321239221227677e-01 2.028670860863312497e-01 2.066033158593657826e-01 2.077396455416107846e-01
-2.092856444046850561e-01 -2.053799039575219809e-01 -2.029950173859807472e-01 -1.723839538988406750e-01 -1.607108388381686959e-01 -1.590759369868563755e-01 -1.501026983617550215e-01 -1.324042205268197714e-01 -1.181523309725752979e-01 -1.160936516535507473e-01 -1.091944413235507449e-01 -9.928870443627879627e-02 -8.961469824930898276e-02 -5.409844193574891991e-02 -5.031125250949072120e-02 5.031125250949109590e-02 5.409844193574893378e-02 8.961469824930955175e-02 9.928870443627926812e-02 1.091944413235508143e-01 1.160936516535513996e-01 1.181523309725768384e-01 1.324042205268197159e-01 1.501026983617564370e-01 1.590759369868558759e-01 1.607108388381680575e-01 1.723839538988389264e-01 2.029950173859814411e-01 2.053799039575227581e-01 2.092856444046854447e-01
-2.097035957119713911e-01 -2.039050137657623940e-01 -2.032895920820060043e-01 -1.695369629743674333e-01 -1.622621792400816554e-01 -1.591614267122848647e-01 -1.486860385713103805e-01 -1.298538977670012362e-01 -1.188744966233742373e-01 -1.162489566992376128e-01 -1.081804475159413026e-01 -9.719520202929250730e-02 -8.933783840304418411e-02 -5.287285952219491353e-02 -4.917995309521988601e-02 4.917995309521985825e-02 5.287285952219504537e-02 8.933783840304337920e-02 9.719520202929295138e-02 1.081804475159417328e-01 1.162489566992377515e-01 1.188744966233741540e-01 1.298538977670015693e-01 1.486860385713110466e-01 1.591614267122846427e-01 1.622621792400810170e-01 1.695369629743677387e-01 2.032895920820064484e-01 2.039050137657639483e-01 2.097035957119713911e-01
-2.069168271232289247e-01 -2.037197202830326737e-01 -2.020872414110942705e-01 -1.666252988436053017e-01 -1.638758335410504252e-01 -1.593416414259019309e-01 -1.472574543915686207e-01 -1.272154631823808613e-01 -1.199889191594263466e-01 -1.161583878649868756e-01 -1.071791592806426163e-01 -9.507394410745340085e-02 -8.923437356254189379e-02 -5.162263913669535437e-02 -4.811114400366800492e-02 4.811114400366829635e-02 5.162263913669558335e-02 8.923437356254178277e-02 9.507394410745372004e-02 1.071791592806425053e-01 1.161583878649862789e-01 1.199889191594265547e-01 1.272154631823794735e-01 1.472574543915678158e-01 1.593416414259027081e-01 1.638758335410509803e-01 1.666252988436056071e-01 2.020872414110942705e-01 2.037197202830325904e-01 2.069168271232287859e-01
-2.044880049722568593e-01 -2.042471792542941422e-01 -1.998051713506819871e-01 -1.655288599223142254e-01 -1.636817548914582809e-01 -1.595962232331700759e-01 -1.458280383195902363e-01 -1.245205195614419863e-01 -1.212715619637526748e-01 -1.160078934161851982e-01 -1.061923579992172101e-01 -9.295527667908862202e-02 -8.930161009405496175e-02 -5.035285089300118450e-02 -4.710378122790228467e-02 4.710378122790206956e-02 5.035285089300099021e-02 8.930161009405550299e-02 9.295527667908906611e-02 1.061923579992163913e-01 1.160078934161848374e-01 1.212715619637517173e-01 1.245205195614420418e-01 1.458280383195897090e-01 1.595962232331693265e-01 1.636817548914580311e-01 1.655288599223134760e-01 1.998051713506825422e-01 2.042471792542937259e-01 2.044880049722565263e-01
-2.048455435170513650e-01 -2.024667637171672363e-01 -1.970497041595688226e-01 -1.672113538429668977e-01 -1.607412839888745781e-01 -1.598922977246099164e-01 -1.444055913236612920e-01 -1.226484697031063609e-01 -1.217987200892982347e-01 -1.158345365382400932e-01 -1.052187508242597436e-01 -9.086654489194634365e-02 -8.953375650650810536e-02 -4.906998231632374308e-02 -4.615548076438581726e-02 4.615548076438565073e-02 4.906998231632354879e-02 8.953375650650863271e-02 9.086654489194706530e-02 1.052187508242602154e-01 1.158345365382397879e-01 1.217987200892991506e-01 1.226484697031064580e-01 1.444055913236626243e-01 1.598922977246103883e-01 1.607412839888757716e-01 1.672113538429669533e-01 1.970497041595705157e-01 2.024667637171670698e-01 2.048455435170500882e-01
-2.054707249253783230e-01 -2.007559801010053435e-01 -1.939758157296256058e-01 -1.689129800466558362e-01 -1.601952936855162712e-01 -1.578457917954092793e-01 -1.429912044938544957e-01 -1.240895153791795047e-01 -1.190809309444115643e-01 -1.156306981430097608e-01 -1.042519534104030254e-01 -8.993314421143197568e-02 -8.882269632563538631e-02 -4.778149566798758213e-02 -4.526233238512638452e-02 4.526233238512660656e-02 4.778149566798756825e-02 8.882269632563614958e-02 8.993314421143318305e-02 1.042519534104035528e-01 1.156306981430095665e-01 1.190809309444107039e-01 1.240895153791798100e-01 1.429912044938533022e-01 1.578457917954088074e-01 1.601952936855159937e-01 1.689129800466558362e-01 1.939758157296252450e-01 2.007559801010057599e-01 2.054707249253783508e-01
-2.060795290311017158e-01 -1.992542797705010860e-01 -1.907402980227972944e-01 -1.706178137847917942e-01 -1.604688841521480502e-01 -1.550517785611289501e-01 -1.415740178210166955e-01 -1.255743484029793744e-01 -1.164034901042933917e-01 -1.153761974910508248e-01 -1.032770755036275939e-01 -9.047654551828114566e-02 -8.686144587881632073e-02 -4.649539849244360701e-02 -4.441874573063329251e-02 4.441874573063300108e-02 4.649539849244319067e-02 8.686144587881676482e-02 9.047654551828099301e-02 1.032770755036277743e-01 1.153761974910508942e-01 1.164034901042934889e-01 1.255743484029790968e-01 1.415740178210169453e-01 1.550517785611289501e-01 1.604688841521495490e-01 1.706178137847903786e-01 1.907402980227962674e-01 1.992542797705000868e-01 2.060795290311017991e-01
-2.066088178816699039e-01 -1.979274999229475029e-01 -1.874522654136811795e-01 -1.722940570930150961e-01 -1.606751120755198214e-01 -1.524387697444149481e-01 -1.401256653938145746e-01 -1.270796815392393753e-01 -1.150477069592360652e-01 -1.138144672105733807e-01 -1.022651231327811883e-01 -9.116472677485554232e-02 -8.499474495367888294e-02 -4.521987392431606190e-02 -4.361735992755704644e-02 4.361735992755699093e-02 4.521987392431588149e-02 8.499474495367927152e-02 9.116472677485573661e-02 1.022651231327804805e-01 1.138144672105728533e-01 1.150477069592362039e-01 1.270796815392392365e-01 1.401256653938147967e-01 1.524387697444154477e-01 1.606751120755182671e-01 1.722940570930150683e-01 1.874522654136793198e-01 1.979274999229475029e-01 2.066088178816696819e-01
-2.069606400777512512e-01 -1.967824525795460466e-01 -1.842336016281337085e-01 -1.738570139654602165e-01 -1.607741023432440741e-01 -1.501158126204992782e-01 -1.386043794083713920e-01 -1.285650454667071618e-01 -1.146216357891398085e-01 -1.113833805136144883e-01 -1.011652149501233167e-01 -9.198602070033608247e-02 -8.324568741799211191e-02 -4.396301591594784647e-02 -4.284904050366603045e-02 4.284904050366580841e-02 4.396301591594761055e-02 8.324568741799198701e-02 9.198602070033688738e-02 1.011652149501240244e-01 1.113833805136142524e-01 1.146216357891394200e-01 1.285650454667065512e-01 1.386043794083704206e-01 1.501158126204993892e-01 1.607741023432442407e-01 1.738570139654599389e-01 1.842336016281332089e-01 1.967824525795473511e-01 2.069606400777513344e-01
-2.069713238366414909e-01 -1.958449253947428248e-01 -1.814240683063277348e-01 -1.749849870177569988e-01 -1.607251567919076307e-01 -1.482104278591083180e-01 -1.370076777023913339e-01 -1.299280311927716314e-01 -1.140787476908687037e-01 -1.092056221005567596e-01 -9.989963007669108719e-02 -9.292864116054604107e-02 -8.163591870356114166e-02 -4.273284248564792470e-02 -4.210285038157610127e-02 4.210285038157617066e-02 4.273284248564809124e-02 8.163591870356072533e-02 9.292864116054581902e-02 9.989963007669133699e-02 1.092056221005566485e-01 1.140787476908679959e-01 1.299280311927706599e-01 1.370076777023904180e-01 1.482104278591085678e-01 1.607251567919096569e-01 1.749849870177567490e-01 1.814240683063274295e-01 1.958449253947424085e-01 2.069713238366411023e-01
-2.063844570474842877e-01 -1.951473221312502726e-01 -1.802141507787793917e-01 -1.744968247492695856e-01 -1.604887632924820173e-01 -1.468273448104784329e-01 -1.356143379060342491e-01 -1.308010284177179017e-01 -1.134056839711900244e-01 -1.073900156792641641e-01 -9.837965963604716757e-02 -9.397754215974464531e-02 -8.018667813979249437e-02 -4.154111877308291900e-02 -4.136250870853702688e-02 4.136250870853690198e-02 4.154111877308288431e-02 8.018667813979302172e-02 9.397754215974553349e-02 9.837965963604802799e-02 1.073900156792649829e-01 1.134056839711896636e-01 1.308010284177176241e-01 1.356143379060342491e-01 1.468273448104790158e-01 1.604887632924817953e-01 1.744968247492697522e-01 1.802141507787793362e-01 1.951473221312500228e-01 2.063844570474834272e-01
-2.049386079245439363e-01 -1.947207243831969026e-01 -1.810244855052108304e-01 -1.719781741408899500e-01 -1.600288987468005131e-01 -1.460037509174158254e-01 -1.353821566593385317e-01 -1.301965125887059038e-01 -1.125970547190545679e-01 -1.060106092600878874e-01 -9.657470863439257536e-02 -9.509342324231964683e-02 -7.891831027413842570e-02 -4.064231149196444182e-02 -4.036803218052618242e-02 4.036803218052616160e-02 4.064231149196446263e-02 7.891831027413813426e-02 9.509342324231934152e-02 9.657470863439172881e-02 1.060106092600877903e-01 1.125970547190545124e-01 1.301965125887055152e-01 1.353821566593388925e-01 1.460037509174146320e-01 1.600288987467983759e-01 1.719781741408898112e-01 1.810244855052109136e-01 1.947207243831952095e-01 2.049386079245431314e-01
-2.026244213202916811e-01 -1.945890369682544141e-01 -1.825050305139389317e-01 -1.687877304113473420e-01 -1.593134557076004987e-01 -1.457122278184562747e-01 -1.363408899182384781e-01 -1.281107951085267704e-01 -1.116558124079382319e-01 -1.050663765044066028e-01 -9.640231207430438598e-02 -9.436325369743174540e-02 -7.784940312241313276e-02 -3.989278735569819906e-02 -3.925740939764843507e-02 3.925740939764842813e-02 3.989278735569825457e-02 7.784940312241299398e-02 9.436325369743207847e-02 9.640231207430491334e-02 1.050663765044064224e-01 1.116558124079386066e-01 1.281107951085263819e-01 1.363408899182394496e-01 1.457122278184566355e-01 1.593134557075990554e-01 1.687877304113470367e-01 1.825050305139381823e-01 1.945890369682545529e-01 2.026244213202922639e-01
-1.996997102805608548e-01 -1.947650179855122676e-01 -1.841426392999817030e-01 -1.654598184417078177e-01 -1.583079328993707846e-01 -1.458994054421517694e-01 -1.376543454012469914e-01 -1.254243029062286907e-01 -1.105922169770044150e-01 -1.045097204688018311e-01 -9.764597126977039854e-02 -9.205409029823283240e-02 -7.699571716588253512e-02 -3.912455210434397784e-02 -3.819389847435582935e-02 3.819389847435575303e-02 3.912455210434388070e-02 7.699571716588307635e-02 9.205409029823247158e-02 9.764597126977028752e-02 1.045097204688019837e-01 1.105922169770042068e-01 1.254243029062286074e-01 1.376543454012467693e-01 1.458994054421526299e-01 1.583079328993710344e-01 1.654598184417085949e-01 1.841426392999806483e-01 1.947650179855117403e-01 1.996997102805609936e-01
-1.964248869042167778e-01 -1.952483110839868252e-01 -1.858073565167218388e-01 -1.621833946589821829e-01 -1.569517562469576188e-01 -1.465107651647698239e-01 -1.390181136041175602e-01 -1.224810297559185412e-01 -1.094217866559382274e-01 -1.043092383692737490e-01 -9.889767410681066240e-02 -8.960789749300862583e-02 -7.636908988777808827e-02 -3.832915082504725207e-02 -3.718313347353650183e-02 3.718313347353671000e-02 3.832915082504732840e-02 7.636908988777849072e-02 8.960789749300925033e-02 9.889767410681032933e-02 1.043092383692736103e-01 1.094217866559396291e-01 1.224810297559192629e-01 1.390181136041180876e-01 1.465107651647700737e-01 1.569517562469585903e-01 1.621833946589831266e-01 1.858073565167228103e-01 1.952483110839866587e-01 1.964248869042160839e-01
-1.960249399025097983e-01 -1.929588045697925025e-01 -1.874502113110983192e-01 -1.591547446824457535e-01 -1.551074926522856001e-01 -1.474904873180818421e-01 -1.403482254075365809e-01 -1.194023162653513465e-01 -1.081628562370913343e-01 -1.044896276667385410e-01 -1.000524707059950169e-01 -8.710712214054529279e-02 -7.597653573430598883e-02 -3.750364391200500247e-02 -3.622788302762081081e-02 3.622788302762095652e-02 3.750364391200506492e-02 7.597653573430611373e-02 8.710712214054552871e-02 1.000524707059962382e-01 1.044896276667386797e-01 1.081628562370915841e-01 1.194023162653511383e-01 1.403482254075368585e-01 1.474904873180818421e-01 1.551074926522857389e-01 1.591547446824450041e-01 1.874502113110984025e-01 1.929588045697942233e-01 1.960249399025093819e-01
-1.970674357945160493e-01 -1.893878531896703854e-01 -1.890462026369648940e-01 -1.565920600647914551e-01 -1.526013781673053737e-01 -1.487748556554712720e-01 -1.416292473415010633e-01 -1.162474668764243296e-01 -1.068341456025586195e-01 -1.051180248959395491e-01 -1.009941627964113520e-01 -8.460266121568874031e-02 -7.581973483526889546e-02 -3.664953451343893470e-02 -3.532936344246406096e-02 3.532936344246414423e-02 3.664953451343902491e-02 7.581973483526831259e-02 8.460266121568894848e-02 1.009941627964119487e-01 1.051180248959396324e-01 1.068341456025585501e-01 1.162474668764248847e-01 1.416292473415018405e-01 1.487748556554715496e-01 1.526013781673049019e-01 1.565920600647912053e-01 1.890462026369652826e-01 1.893878531896698025e-01 1.970674357945160493e-01
-1.983352608542371387e-01 -1.905788205978450611e-01 -1.857616015938061416e-01 -1.544399005538502345e-01 -1.502948251156248916e-01 -1.495297852879511613e-01 -1.428734647109912159e-01 -1.130540381608888395e-01 -1.061957619264201069e-01 -1.054521269142010692e-01 -1.016854205497947222e-01 -8.213189582746462103e-02 -7.589499465303281567e-02 -3.577251031275341386e-02 -3.448712128981513969e-02 3.448712128981516745e-02 3.577251031275342080e-02 7.589499465303227443e-02 8.213189582746487083e-02 1.016854205497954577e-01 1.054521269142012635e-01 1.061957619264206620e-01 1.130540381608889089e-01 1.428734647109915767e-01 1.495297852879508838e-01 1.502948251156253356e-01 1.544399005538499015e-01 1.857616015938049481e-01 1.905788205978455607e-01 1.983352608542379991e-01
-1.997744001662473678e-01 -1.920277803700008723e-01 -1.821131154377694517e-01 -1.524587860400972439e-01 -1.519855813633061714e-01 -1.461718911452513092e-01 -1.440981425770093971e-01 -1.098543490784366083e-01 -1.076033512944363918e-01 -1.040265932837501767e-01 -1.022158509457530007e-01 -7.972542283760566950e-02 -7.619353636985826128e-02 -3.488177496346053091e-02 -3.369873606658932430e-02 3.369873606658945614e-02 3.488177496346060724e-02 7.619353636985803924e-02 7.972542283760598869e-02 1.022158509457527231e-01 1.040265932837496771e-01 1.076033512944368498e-01 1.098543490784365112e-01 1.440981425770100910e-01 1.461718911452511982e-01 1.519855813633057828e-01 1.524587860400966333e-01 1.821131154377692851e-01 1.920277803700013719e-01 1.997744001662479230e-01
-2.013083490503365658e-01 -1.933470167832876674e-01 -1.784705160446783956e-01 -1.537926742763342236e-01 -1.505210036551149488e-01 -1.453118902061845130e-01 -1.426947454390780079e-01 -1.092086701358978701e-01 -1.066936975017517691e-01 -1.026930576107914078e-01 -1.025439264998230376e-01 -7.741471300693152091e-02 -7.669840125458723956e-02 -3.398901655028057495e-02 -3.295946231098566964e-02 3.295946231098569046e-02 3.398901655028054719e-02 7.669840125458712854e-02 7.741471300693149316e-02 1.025439264998224409e-01 1.026930576107908111e-01 1.066936975017513667e-01 1.092086701358976897e-01 1.426947454390777581e-01 1.453118902061843187e-01 1.505210036551150876e-01 1.537926742763341958e-01 1.784705160446793393e-01 1.933470167832874453e-01 2.013083490503360939e-01
-2.027819750283934574e-01 -1.944144550263939286e-01 -1.748665408853437853e-01 -1.556705910357786826e-01 -1.485944535224975604e-01 -1.465080683375684090e-01 -1.391708759147065044e-01 -1.109257744785091121e-01 -1.036888070259931599e-01 -1.031636357792992537e-01 -1.009282492792858976e-01 -7.741174862572751392e-02 -7.520782868644372565e-02 -3.310719929586222049e-02 -3.226188201801362399e-02 3.226188201801349215e-02 3.310719929586213028e-02 7.520782868644379504e-02 7.741174862572779147e-02 1.009282492792863972e-01 1.031636357792991843e-01 1.036888070259926048e-01 1.109257744785090011e-01 1.391708759147064489e-01 1.465080683375687143e-01 1.485944535224979490e-01 1.556705910357790434e-01 1.748665408853445902e-01 1.944144550263937066e-01 2.027819750283945677e-01
-2.036963554838993051e-01 -1.949133030703420755e-01 -1.713536272942733085e-01 -1.575737814556014971e-01 -1.476588602490539748e-01 -1.466869810263373430e-01 -1.356366123025188331e-01 -1.127015408680286795e-01 -1.036542047095532354e-01 -1.011923229362106658e-01 -9.884771459184216180e-02 -7.829108291738762215e-02 -7.315495273029587464e-02 -3.224936728525676366e-02 -3.159566763745562390e-02 3.159566763745578349e-02 3.224936728525688856e-02 7.315495273029573586e-02 7.829108291738740011e-02 9.884771459184209241e-02 1.011923229362106935e-01 1.036542047095534297e-01 1.127015408680289710e-01 1.356366123025189163e-01 1.466869810263370100e-01 1.476588602490543078e-01 1.575737814556015803e-01 1.713536272942736138e-01 1.949133030703429359e-01 2.036963554838996104e-01
-2.031126861043845711e-01 -1.942415305213391341e-01 -1.680466429445327536e-01 -1.594272160049963472e-01 -1.487012764106127316e-01 -1.448253524753151944e-01 -1.321179817943198553e-01 -1.144944049308318917e-01 -1.041578669155544673e-01 -9.944728625442773862e-02 -9.609166816100191133e-02 -7.932494553697094775e-02 -7.127311067434441427e-02 -3.142758730649637677e-02 -3.094761025117788097e-02 3.094761025117780812e-02 3.142758730649618248e-02 7.127311067434460856e-02 7.932494553697100326e-02 9.609166816100205011e-02 9.944728625442693370e-02 1.041578669155538844e-01 1.144944049308305872e-01 1.321179817943195778e-01 1.448253524753149724e-01 1.487012764106124540e-01 1.594272160049962639e-01 1.680466429445322263e-01 1.942415305213368304e-01 2.031126861043849874e-01
-2.010474344523432988e-01 -1.921176747461214307e-01 -1.653367755932482752e-01 -1.609475411095480368e-01 -1.495006776609973387e-01 -1.430504605643050375e-01 -1.286455813012644112e-01 -1.162584554964656847e-01 -1.046541149295194262e-01 -9.810054925149939986e-02 -9.304589014318889739e-02 -8.048631718851295691e-02 -6.959128079394848176e-02 -3.065202654817737390e-02 -3.030216870386625433e-02 3.030216870386620923e-02 3.065202654817732533e-02 6.959128079394784339e-02 8.048631718851222139e-02 9.304589014318852269e-02 9.810054925149892802e-02 1.046541149295188156e-01 1.162584554964652545e-01 1.286455813012639671e-01 1.430504605643052041e-01 1.495006776609983101e-01 1.609475411095481479e-01 1.653367755932476646e-01 1.921176747461206258e-01 2.010474344523425771e-01
-1.989655393510255665e-01 -1.890558663167313247e-01 -1.647805708162311811e-01 -1.608284702128735810e-01 -1.497740454112150843e-01 -1.414191953217124320e-01 -1.252835219575326453e-01 -1.179139535981691134e-01 -1.051051233528551565e-01 -9.696078951935667434e-02 -8.994280059444598185e-02 -8.173986419747369947e-02 -6.813759814343658960e-02 -2.992999810951221806e-02 -2.964289624573709231e-02 2.964289624573696047e-02 2.992999810951205847e-02 6.813759814343696430e-02 8.173986419747424070e-02 8.994280059444544062e-02 9.696078951935709067e-02 1.051051233528548373e-01 1.179139535981696546e-01 1.252835219575319792e-01 1.414191953217130981e-01 1.497740454112159170e-01 1.608284702128731647e-01 1.647805708162306260e-01 1.890558663167318243e-01 1.989655393510262049e-01
-1.969191328717452560e-01 -1.855592561836311161e-01 -1.661925524272240828e-01 -1.596689122404709171e-01 -1.490657850582249033e-01 -1.400093511955303460e-01 -1.223489211987449504e-01 -1.191311669966319681e-01 -1.054477603164325761e-01 -9.600454276511810603e-02 -8.688128017472467046e-02 -8.301628044561665254e-02 -6.693823758335006036e-02 -2.926565377059121148e-02 -2.895412765581444059e-02 2.895412765581429140e-02 2.926565377059094780e-02 6.693823758334978280e-02 8.301628044561688846e-02 8.688128017472500353e-02 9.600454276511856400e-02 1.054477603164315630e-01 1.191311669966319681e-01 1.223489211987447700e-01 1.400093511955297076e-01 1.490657850582249866e-01 1.596689122404710004e-01 1.661925524272254984e-01 1.855592561836300614e-01 1.969191328717447564e-01
-1.949706634969582963e-01 -1.818618695090186421e-01 -1.679178817722944139e-01 -1.592955156095125502e-01 -1.471475875102121189e-01 -1.389235680851617361e-01 -1.218133629037907867e-01 -1.179434240033489095e-01 -1.055753574350458135e-01 -9.526673764896276264e-02 -8.480304974001223739e-02 -8.334578345281096201e-02 -6.601532525758413428e-02 -2.866144800690621081e-02 -2.822164708850822754e-02 2.822164708850817202e-02 2.866144800690625591e-02 6.601532525758389836e-02 8.334578345281080936e-02 8.480304974001187657e-02 9.526673764896217977e-02 1.055753574350438845e-01 1.179434240033493397e-01 1.218133629037914251e-01 1.389235680851617361e-01 1.471475875102116471e-01 1.592955156095129388e-01 1.679178817722942196e-01 1.818618695090197523e-01 1.949706634969582963e-01
-1.931985006129627591e-01 -1.780644074559206425e-01 -1.696162341818134300e-01 -1.596330980699339208e-01 -1.443578583726057296e-01 -1.382824185917115034e-01 -1.227853664223253899e-01 -1.153037715385258483e-01 -1.053056462960090395e-01 -9.482390194398707117e-02 -8.578482232588066636e-02 -8.058304487839949848e-02 -6.538468115679567372e-02 -2.811754934227699704e-02 -2.743572801330980415e-02 2.743572801330947802e-02 2.811754934227680622e-02 6.538468115679559045e-02 8.058304487840038666e-02 8.578482232587907041e-02 9.482390194398652994e-02 1.053056462960082762e-01 1.153037715385255430e-01 1.227853664223254454e-01 1.382824185917113369e-01 1.443578583726049525e-01 1.596330980699343649e-01 1.696162341818137076e-01 1.780644074559214196e-01 1.931985006129624816e-01
-1.916995857510274959e-01 -1.742152812500648296e-01 -1.711832775819664143e-01 -1.602624876490919559e-01 -1.411170542170686049e-01 -1.381909138823673722e-01 -1.236735315908970567e-01 -1.129669765457921027e-01 -1.043691163014801165e-01 -9.479276681851635245e-02 -8.680065166996908665e-02 -7.764642076853096875e-02 -6.505399479919321548e-02 -2.763063774268377515e-02 -2.659445859359108044e-02 2.659445859359116718e-02 2.763063774268382719e-02 6.505399479919318773e-02 7.764642076853106589e-02 8.680065166996896175e-02 9.479276681851593611e-02 1.043691163014798529e-01 1.129669765457926717e-01 1.236735315908966126e-01 1.381909138823671779e-01 1.411170542170687714e-01 1.602624876490925665e-01 1.711832775819661923e-01 1.742152812500644132e-01 1.916995857510285506e-01
-1.905765841697338869e-01 -1.725544072153704644e-01 -1.703418996662451612e-01 -1.608894151204572076e-01 -1.386820897159061206e-01 -1.376581813270974508e-01 -1.243505763263186153e-01 -1.112206139538640809e-01 -1.025700439847903184e-01 -9.528623649655876271e-02 -8.751331407076212709e-02 -7.477069420287341117e-02 -6.502196650965035019e-02 -2.719446705922409085e-02 -2.570432540391836065e-02 2.570432540391833984e-02 2.719446705922413249e-02 6.502196650965030855e-02 7.477069420287302259e-02 8.751331407076176627e-02 9.528623649655849903e-02 1.025700439847897494e-01 1.112206139538635535e-01 1.243505763263190317e-01 1.376581813270977006e-01 1.386820897159055377e-01 1.608894151204576795e-01 1.703418996662439677e-01 1.725544072153720465e-01 1.905765841697325269e-01
-1.898705636531732577e-01 -1.737025527901444877e-01 -1.664637311527576435e-01 -1.613064521420058683e-01 -1.396896598535062872e-01 -1.340919151228703587e-01 -1.249046110426333678e-01 -1.099042009562272021e-01 -1.000425809260696297e-01 -9.631142470507798869e-02 -8.789453155872596624e-02 -7.198879882707054367e-02 -6.527863067180655898e-02 -2.680020175888356976e-02 -2.477966977017262776e-02 2.477966977017283939e-02 2.680020175888386466e-02 6.527863067180623979e-02 7.198879882706986366e-02 8.789453155872561929e-02 9.631142470507687847e-02 1.000425809260693938e-01 1.099042009562271466e-01 1.249046110426326739e-01 1.340919151228698036e-01 1.396896598535060374e-01 1.613064521420049247e-01 1.664637311527580321e-01 1.737025527901445154e-01 1.898705636531724528e-01
-1.892539796055024148e-01 -1.746631353328042535e-01 -1.626001028579972252e-01 -1.613468571718479350e-01 -1.410852984538613075e-01 -1.304749663872404042e-01 -1.254699544213570828e-01 -1.086980912888951406e-01 -9.774992016073641432e-02 -9.709091788756887831e-02 -8.805144028960619484e-02 -6.932539392937338285e-02 -6.580650181363978390e-02 -2.643632058977993249e-02 -2.384126745931834657e-02 2.384126745931825983e-02 2.643632058977981800e-02 6.580650181363990880e-02 6.932539392937435430e-02 8.805144028960613933e-02 9.709091788756861463e-02 9.774992016073678902e-02 1.086980912888954320e-01 1.254699544213568607e-01 1.304749663872419307e-01 1.410852984538620292e-01 1.613468571718481848e-01 1.626001028579975860e-01 1.746631353328045311e-01 1.892539796055032753e-01
-1.872725624475738981e-01 -1.755114714252322961e-01 -1.608972214643536458e-01 -1.587805821210387935e-01 -1.427295559063302688e-01 -1.268422126478695733e-01 -1.261447451743406278e-01 -1.074052745809973008e-01 -9.945537104213589275e-02 -9.393295311741174658e-02 -8.811627471585320448e-02 -6.682658412383520041e-02 -6.656273909783690101e-02 -2.608830664232823435e-02 -2.291420946989867341e-02 2.291420946989855198e-02 2.608830664232805741e-02 6.656273909783683163e-02 6.682658412383533919e-02 8.811627471585332938e-02 9.393295311741151066e-02 9.945537104213579560e-02 1.074052745809974535e-01 1.261447451743414327e-01 1.268422126478702394e-01 1.427295559063298247e-01 1.587805821210375723e-01 1.608972214643537846e-01 1.755114714252327679e-01 1.872725624475751194e-01
-1.840858613039166869e-01 -1.762157364295693918e-01 -1.599302524882330601e-01 -1.550777505171468673e-01 -1.444693880019273513e-01 -1.269660574709537970e-01 -1.232229660922016801e-01 -1.059631598960612403e-01 -1.013165052411933859e-01 -9.068172619375389210e-02 -8.818106408988356237e-02 -6.758895361358778497e-02 -6.445406963182945259e-02 -2.573824644747121221e-02 -2.202552618608578927e-02 2.202552618608580662e-02 2.573824644747133017e-02 6.445406963182928606e-02 6.758895361358784049e-02 8.818106408988327094e-02 9.068172619375343413e-02 1.013165052411929418e-01 1.059631598960613652e-01 1.232229660922010278e-01 1.269660574709538248e-01 1.444693880019262411e-01 1.550777505171461457e-01 1.599302524882335597e-01 1.762157364295688644e-01 1.840858613039170755e-01
-1.814733630160594302e-01 -1.761462945780494505e-01 -1.585025018184761936e-01 -1.518025230345952103e-01 -1.459478715978433927e-01 -1.279214595710487234e-01 -1.196565333442083795e-01 -1.043792725156792306e-01 -1.032442145139770562e-01 -8.829718620848836519e-02 -8.739730976365363280e-02 -6.878419564649528029e-02 -6.231387666975691381e-02 -2.536456190960239068e-02 -2.120192661075668422e-02 2.120192661075678831e-02 2.536456190960260232e-02 6.231387666975662931e-02 6.878419564649519702e-02 8.739730976365310544e-02 8.829718620848833743e-02 1.032442145139759182e-01 1.043792725156784396e-01 1.196565333442082685e-01 1.279214595710490010e-01 1.459478715978426711e-01 1.518025230345952103e-01 1.585025018184774426e-01 1.761462945780494227e-01 1.814733630160596245e-01
-1.810761750526414526e-01 -1.739251179223750832e-01 -1.567124945588099505e-01 -1.505929093635992311e-01 -1.455178763255348395e-01 -1.289611945914000413e-01 -1.162319437672337391e-01 -1.051213951711814087e-01 -1.026879084659969438e-01 -8.848917598977118493e-02 -8.411663305626357334e-02 -7.014384809868108583e-02 -6.041652137121435173e-02 -2.494228126172732055e-02 -2.046785041886532361e-02 2.046785041886546933e-02 2.494228126172752871e-02 6.041652137121419908e-02 7.014384809868101645e-02 8.411663305626319864e-02 8.848917598977154575e-02 1.026879084659963193e-01 1.051213951711811034e-01 1.162319437672334060e-01 1.289611945914000413e-01 1.455178763255353114e-01 1.505929093635992588e-01 1.567124945588092011e-01 1.739251179223751942e-01 1.810761750526411751e-01
-1.820842847734236991e-01 -1.703977802408024045e-01 -1.546603390961626967e-01 -1.519663384184816446e-01 -1.427133263554348774e-01 -1.299819276642943389e-01 -1.132832220905947707e-01 -1.065993501204458571e-01 -1.009301499318358969e-01 -8.876373016595660859e-02 -8.087315991072367705e-02 -7.162766658080295390e-02 -5.880145363335321368e-02 -2.444439387674066100e-02 -1.984389709895949955e-02 1.984389709895948220e-02 2.444439387674062283e-02 5.880145363335345654e-02 7.162766658080228777e-02 8.087315991072338561e-02 8.876373016595563714e-02 1.009301499318353695e-01 1.065993501204458294e-01 1.132832220905938270e-01 1.299819276642952548e-01 1.427133263554359321e-01 1.519663384184804233e-01 1.546603390961626689e-01 1.703977802408030429e-01 1.820842847734246706e-01
-1.835191837685417882e-01 -1.665333812548588921e-01 -1.539633736460358504e-01 -1.524303359430242144e-01 -1.397124066452903324e-01 -1.307214338968994694e-01 -1.121438347247139117e-01 -1.063411533222668320e-01 -9.914724439145340684e-02 -8.911192604424281183e-02 -7.774599703417303664e-02 -7.314373012247656070e-02 -5.750619246575040810e-02 -2.384474208627117287e-02 -1.934563517583792053e-02 1.934563517583791359e-02 2.384474208627114858e-02 5.750619246574978360e-02 7.314373012247747663e-02 7.774599703417268970e-02 8.911192604424322816e-02 9.914724439145321255e-02 1.063411533222661798e-01 1.121438347247128153e-01 1.307214338968993306e-01 1.397124066452899993e-01 1.524303359430237426e-01 1.539633736460365443e-01 1.665333812548603909e-01 1.835191837685418714e-01
-1.851302188786034253e-01 -1.625653219716563791e-01 -1.561057894030362381e-01 -1.500902859615948770e-01 -1.376925406836783661e-01 -1.304442747529145907e-01 -1.133007427658634381e-01 -1.038728436869997274e-01 -9.738102773408383039e-02 -8.950319694025529738e-02 -7.578239021383832708e-02 -7.362664844748029180e-02 -5.656183491115472639e-02 -2.312237852184317530e-02 -1.898277713811640649e-02 1.898277713811654874e-02 2.312237852184335918e-02 5.656183491115477496e-02 7.362664844748023629e-02 7.578239021383868790e-02 8.950319694025543615e-02 9.738102773408290058e-02 1.038728436869993388e-01 1.133007427658641875e-01 1.304442747529146185e-01 1.376925406836790322e-01 1.500902859615942109e-01 1.561057894030363491e-01 1.625653219716557962e-01 1.851302188786054792e-01
-1.857980734888773355e-01 -1.585594118943457198e-01 -1.582931635313059859e-01 -1.476974708998474994e-01 -1.374868110936114385e-01 -1.283863498020272331e-01 -1.151590995124117667e-01 -1.008422346161009786e-01 -9.567881244504718163e-02 -8.985993751172173527e-02 -7.702829081049435145e-02 -7.100413004767532066e-02 -5.598798730467927781e-02 -2.226640377348006530e-02 -1.875869174952966498e-02 1.875869174952946375e-02 2.226640377347986754e-02 5.598798730467878515e-02 7.100413004767590353e-02 7.702829081049349103e-02 8.985993751172165200e-02 9.567881244504754246e-02 1.008422346161004235e-01 1.151590995124103511e-01 1.283863498020258453e-01 1.374868110936102450e-01 1.476974708998481933e-01 1.582931635313055141e-01 1.585594118943449704e-01 1.857980734888767527e-01
-1.816086955965138805e-01 -1.604844615290194343e-01 -1.545423346701114697e-01 -1.453068358192086962e-01 -1.384244152205706402e-01 -1.252304177536781860e-01 -1.171503216423503829e-01 -9.799405803928162850e-02 -9.410410365886694162e-02 -8.997035181283546956e-02 -7.869706688800254257e-02 -6.801949409043751837e-02 -5.578916052661585939e-02 -2.127956041004420984e-02 -1.867018913183037324e-02 1.867018913183046691e-02 2.127956041004429658e-02 5.578916052661631042e-02 6.801949409043719919e-02 7.869706688800273686e-02 8.997035181283595529e-02 9.410410365886759387e-02 9.799405803928290526e-02 1.171503216423505772e-01 1.252304177536784635e-01 1.384244152205710010e-01 1.453068358192087239e-01 1.545423346701110534e-01 1.604844615290195453e-01 1.816086955965135474e-01
-1.774330417850590313e-01 -1.626487204970864242e-01 -1.505315353714996585e-01 -1.429810374154427688e-01 -1.397871409174667734e-01 -1.216936445156846375e-01 -1.191089979270882615e-01 -9.598141528685889823e-02 -9.275862845175857074e-02 -8.929218578341040213e-02 -8.030072776806762569e-02 -6.508001006795763321e-02 -5.595414823969054041e-02 -2.017912129081468955e-02 -1.870742355281233144e-02 1.870742355281253960e-02 2.017912129081488384e-02 5.595414823969036000e-02 6.508001006795750831e-02 8.030072776806712609e-02 8.929218578340954171e-02 9.275862845175887605e-02 9.598141528685869006e-02 1.191089979270885668e-01 1.216936445156846930e-01 1.397871409174670232e-01 1.429810374154424912e-01 1.505315353714997140e-01 1.626487204970865630e-01 1.774330417850577546e-01
-1.732902742713601230e-01 -1.647446633335628574e-01 -1.465482926046330903e-01 -1.413217414551359019e-01 -1.408024942985190986e-01 -1.209188028681482396e-01 -1.180245538768819324e-01 -9.535312309605034620e-02 -9.182112305267600694e-02 -8.730384022991297122e-02 -8.162922730102278868e-02 -6.224011323437263904e-02 -5.645849482521942547e-02 -1.899866424783222887e-02 -1.884993923252099163e-02 1.884993923252119979e-02 1.899866424783228785e-02 5.645849482521921037e-02 6.224011323437255577e-02 8.162922730102181723e-02 8.730384022991281856e-02 9.182112305267602081e-02 9.535312309605169234e-02 1.180245538768821684e-01 1.209188028681489890e-01 1.408024942985186545e-01 1.413217414551348472e-01 1.465482926046325629e-01 1.647446633335626631e-01 1.732902742713613164e-01
-1.693381812119049701e-01 -1.665860474710460781e-01 -1.429341803085039109e-01 -1.426537677454419450e-01 -1.388693920772091084e-01 -1.224259003715855304e-01 -1.143117173775987233e-01 -9.567317533041573563e-02 -9.155917646739583637e-02 -8.444448158809240990e-02 -8.240755028881424638e-02 -5.953366115694094796e-02 -5.726807110376565951e-02 -1.908894507630432003e-02 -1.776162361941963433e-02 1.776162361941963086e-02 1.908894507630430615e-02 5.726807110376583299e-02 5.953366115694102428e-02 8.240755028881391331e-02 8.444448158809240990e-02 9.155917646739500371e-02 9.567317533041606870e-02 1.143117173775980017e-01 1.224259003715859051e-01 1.388693920772086365e-01 1.426537677454411401e-01 1.429341803085034668e-01 1.665860474710471328e-01 1.693381812119066909e-01
-1.689850485987881568e-01 -1.647234604401868197e-01 -1.445727919605119816e-01 -1.392573852352367303e-01 -1.370169645999531893e-01 -1.233999424377339449e-01 -1.106003535786478642e-01 -9.639168765758601709e-02 -9.214557976960711938e-02 -8.245558425050045215e-02 -8.125628087030289937e-02 -5.835667906195124433e-02 -5.698311610715678377e-02 -1.937848918526094075e-02 -1.652542004665167111e-02 1.652542004665160172e-02 1.937848918526083666e-02 5.698311610715670744e-02 5.835667906195125820e-02 8.125628087030269120e-02 8.245558425050035500e-02 9.214557976960703611e-02 9.639168765758621138e-02 1.106003535786487940e-01 1.233999424377343751e-01 1.370169645999525787e-01 1.392573852352368413e-01 1.445727919605120648e-01 1.647234604401862645e-01 1.689850485987876849e-01
-1.705913446247595555e-01 -1.607352832536414478e-01 -1.461912737243184213e-01 -1.379369360011754031e-01 -1.339390051429724948e-01 -1.235883857445227579e-01 -1.069349146481345242e-01 -9.727328789132376474e-02 -9.340918018161999126e-02 -8.192172417820860197e-02 -7.795978591640631561e-02 -5.966582066693489061e-02 -5.464826210946516216e-02 -1.968673152320144643e-02 -1.532609590309609755e-02 1.532609590309614786e-02 1.968673152320148459e-02 5.464826210946577972e-02 5.966582066693527919e-02 7.795978591640666255e-02 8.192172417820858810e-02 9.340918018162000513e-02 9.727328789132341780e-02 1.069349146481355234e-01 1.235883857445224249e-01 1.339390051429726614e-01 1.379369360011755141e-01 1.461912737243180604e-01 1.607352832536415310e-01 1.705913446247590282e-01
-1.719264188039197339e-01 -1.567831304164514772e-01 -1.476986270253523303e-01 -1.382667095843738703e-01 -1.301497678760010213e-01 -1.229314054517558347e-01 -1.034225118465698923e-01 -9.820953390384934423e-02 -9.496736906054471794e-02 -8.109730228732008050e-02 -7.463948872032966086e-02 -6.117339081992079902e-02 -5.256122415795670688e-02 -1.996770196369639788e-02 -1.420376328689082479e-02 1.420376328689077275e-02 1.996770196369629727e-02 5.256122415795615871e-02 6.117339081992078514e-02 7.463948872032966086e-02 8.109730228731963642e-02 9.496736906054438487e-02 9.820953390384901116e-02 1.034225118465688792e-01 1.229314054517562649e-01 1.301497678760011045e-01 1.382667095843743421e-01 1.476986270253517197e-01 1.567831304164504502e-01 1.719264188039200947e-01
-1.727180394041017697e-01 -1.533204177493218967e-01 -1.486789423477496708e-01 -1.394313190353003995e-01 -1.262857945912673752e-01 -1.216496474738947148e-01 -1.006476138648039476e-01 -9.912355525027946590e-02 -9.604454650230753732e-02 -8.018560951992338703e-02 -7.133814834479032529e-02 -6.284103316338490730e-02 -5.077808540583401281e-02 -2.016851215383791765e-02 -1.319465206475978550e-02 1.319465206475992428e-02 2.016851215383806337e-02 5.077808540583354097e-02 6.284103316338457423e-02 7.133814834478986733e-02 8.018560951992376173e-02 9.604454650230777324e-02 9.912355525027939651e-02 1.006476138648035173e-01 1.216496474738955752e-01 1.262857945912676250e-01 1.394313190353006493e-01 1.486789423477496430e-01 1.533204177493212028e-01 1.727180394041029909e-01
-1.727379870541614071e-01 -1.523312312502156096e-01 -1.471225244245249475e-01 -1.410693367756316874e-01 -1.225311029370469290e-01 -1.199829491126963715e-01 -1.006881598404171796e-01 -9.993481084296912398e-02 -9.446451221393145636e-02 -7.929485450724753359e-02 -6.810247810363244392e-02 -6.461634815568634282e-02 -4.935596856052809622e-02 -2.023300500428910562e-02 -1.232997268462995150e-02 1.232997268462998099e-02 2.023300500428916460e-02 4.935596856052810316e-02 6.461634815568642609e-02 6.810247810363283250e-02 7.929485450724717277e-02 9.446451221393184494e-02 9.993481084296942929e-02 1.006881598404175543e-01 1.199829491126972736e-01 1.225311029370476229e-01 1.410693367756321315e-01 1.471225244245259189e-01 1.523312312502166643e-01 1.727379870541615181e-01
-1.692505470688355496e-01 -1.532812027268024291e-01 -1.435107795543393017e-01 -1.429676487362918358e-01 -1.195364467139189424e-01 -1.175848650243165039e-01 -1.024863567951953131e-01 -1.005415346886616573e-01 -9.123866062553065426e-02 -7.847931797422447175e-02 -6.671604808917838692e-02 -6.470752776826349528e-02 -4.834713079240553907e-02 -2.010971377435403704e-02 -1.163480448079971807e-02 1.163480448079957409e-02 2.010971377435391214e-02 4.834713079240571948e-02 6.470752776826367569e-02 6.671604808917905305e-02 7.847931797422436073e-02 9.123866062552977996e-02 1.005415346886614214e-01 1.024863567951956461e-01 1.175848650243160043e-01 1.195364467139192477e-01 1.429676487362919746e-01 1.435107795543385800e-01 1.532812027268031230e-01 1.692505470688344393e-01
-1.650180887238716643e-01 -1.543565531294331383e-01 -1.450080508591680695e-01 -1.395605753272502469e-01 -1.179477687307408651e-01 -1.140493168729690837e-01 -1.046267183083974817e-01 -1.008164767937342610e-01 -8.776706461574214357e-02 -7.776001578926104718e-02 -6.864077463940976287e-02 -6.164531512711006467e-02 -4.778732271675515536e-02 -1.976326776103384808e-02 -1.112691512906230189e-02 1.112691512906214229e-02 1.976326776103369195e-02 4.778732271675605048e-02 6.164531512711039773e-02 6.864077463941006818e-02 7.776001578926163005e-02 8.776706461574208806e-02 1.008164767937346218e-01 1.046267183083974817e-01 1.140493168729693613e-01 1.179477687307403377e-01 1.395605753272503857e-01 1.450080508591680972e-01 1.543565531294329995e-01 1.650180887238717475e-01
-1.608000166532314312e-01 -1.551139385821876104e-01 -1.471220917752234514e-01 -1.355448995666999612e-01 -1.170926356716383288e-01 -1.102402371118095803e-01 -1.068660854834563162e-01 -1.006323509917364800e-01 -8.431296107993802025e-02 -7.711956165728499346e-02 -7.069766967410003045e-02 -5.860348422344265062e-02 -4.768515739345988158e-02 -1.918458816993249064e-02 -1.081546418275177758e-02 1.081546418275166482e-02 1.918458816993249064e-02 4.768515739345962484e-02 5.860348422344229674e-02 7.069766967410037739e-02 7.711956165728509061e-02 8.431296107993764555e-02 1.006323509917361747e-01 1.068660854834566770e-01 1.102402371118092472e-01 1.170926356716382594e-01 1.355448995666991563e-01 1.471220917752234236e-01 1.551139385821874161e-01 1.608000166532313757e-01
-1.566065873077681359e-01 -1.552411793850493604e-01 -1.492626575011043732e-01 -1.315181200108847537e-01 -1.168375735723361647e-01 -1.091390444360534340e-01 -1.063973540825005060e-01 -9.992440852342106272e-02 -8.106900561731339439e-02 -7.642963151966752910e-02 -7.280087660203658773e-02 -5.566481163902568113e-02 -4.801895752770515141e-02 -1.839357994178039690e-02 -1.069962489306081933e-02 1.069962489306062504e-02 1.839357994178023384e-02 4.801895752770521386e-02 5.566481163902616686e-02 7.280087660203680977e-02 7.642963151966716828e-02 8.106900561731333887e-02 9.992440852342195090e-02 1.063973540825003256e-01 1.091390444360539891e-01 1.168375735723361925e-01 1.315181200108846149e-01 1.492626575011044010e-01 1.552411793850488331e-01 1.566065873077696347e-01
-1.544987690176774509e-01 -1.526215455216818062e-01 -1.512220069855813587e-01 -1.275012366814390063e-01 -1.171244225156062302e-01 -1.114124825422632553e-01 -1.025689730628409624e-01 -9.873656110482140202e-02 -7.864636341981226519e-02 -7.510635407260360386e-02 -7.491629459276885616e-02 -5.286012460216195363e-02 -4.874302327404432533e-02 -1.743231226784812751e-02 -1.076722029147294916e-02 1.076722029147265600e-02 1.743231226784783261e-02 4.874302327404359675e-02 5.286012460216198833e-02 7.491629459276819003e-02 7.510635407260268792e-02 7.864636341981204315e-02 9.873656110482079140e-02 1.025689730628406432e-01 1.114124825422624365e-01 1.171244225156046759e-01 1.275012366814396725e-01 1.512220069855817750e-01 1.526215455216821670e-01 1.544987690176769513e-01
-1.536961437947799713e-01 -1.529187056295830960e-01 -1.481342598918543585e-01 -1.235148228366128448e-01 -1.178381068481978294e-01 -1.136536570742457675e-01 -9.880861613658870057e-02 -9.716893435403844981e-02 -7.773046024407934129e-02 -7.700866885836024633e-02 -7.247311037902771924e-02 -5.023684315384081833e-02 -4.978514397405807423e-02 -1.635326446455520957e-02 -1.099352907328889593e-02 1.099352907328889593e-02 1.635326446455523039e-02 4.978514397405808811e-02 5.023684315384103344e-02 7.247311037902813557e-02 7.700866885835981612e-02 7.773046024407968824e-02 9.716893435403876900e-02 9.880861613658835363e-02 1.136536570742461144e-01 1.178381068481979266e-01 1.235148228366122203e-01 1.481342598918542475e-01 1.529187056295833735e-01 1.536961437947798881e-01
-1.558195819534250459e-01 -1.507588561782254311e-01 -1.439982989890501164e-01 -1.196573169920985141e-01 -1.188540260417150080e-01 -1.157503411770891139e-01 -9.581241431330672631e-02 -9.471004995019037531e-02 -7.901218402552781517e-02 -7.759727435892606329e-02 -6.926299437389608904e-02 -5.113949179689057656e-02 -4.778158586374885164e-02 -1.520906194849053032e-02 -1.134051542462610057e-02 1.134051542462616996e-02 1.520906194849062400e-02 4.778158586374909450e-02 5.113949179689107616e-02 6.926299437389606128e-02 7.759727435892571634e-02 7.901218402552705189e-02 9.471004995019027817e-02 9.581241431330550506e-02 1.157503411770896828e-01 1.188540260417149386e-01 1.196573169920983337e-01 1.439982989890499776e-01 1.507588561782254588e-01 1.558195819534242965e-01
-1.579338567363580415e-01 -1.482741920489870358e-01 -1.398636700530390686e-01 -1.200731491378597554e-01 -1.184640826869834684e-01 -1.151471870419654570e-01 -9.406982994144100219e-02 -9.109046107760462863e-02 -8.080440978637622174e-02 -7.778488509063302692e-02 -6.593885664326375184e-02 -5.269298021642670332e-02 -4.560192708021399560e-02 -1.404691548232420845e-02 -1.175695146714771100e-02 1.175695146714769886e-02 1.404691548232432467e-02 4.560192708021354457e-02 5.269298021642634250e-02 6.593885664326340490e-02 7.778488509063243017e-02 8.080440978637555560e-02 9.109046107760451760e-02 9.406982994144062749e-02 1.151471870419658039e-01 1.184640826869835378e-01 1.200731491378606713e-01 1.398636700530394295e-01 1.482741920489869525e-01 1.579338567363578194e-01
-1.600125142842339920e-01 -1.456441747580168034e-01 -1.357515225913927537e-01 -1.214204117545346351e-01 -1.203798035486265544e-01 -1.113712273737933883e-01 -9.277093201327206440e-02 -8.747437371192830213e-02 -8.209908667327976695e-02 -7.817589683256627453e-02 -6.261878298216716487e-02 -5.442053199827208421e-02 -4.373245190755370437e-02 -1.290764953756654877e-02 -1.218013274978312598e-02 1.218013274978306873e-02 1.290764953756640999e-02 4.373245190755339906e-02 5.442053199827213278e-02 6.261878298216674854e-02 7.817589683256598310e-02 8.209908667327923959e-02 8.747437371192826050e-02 9.277093201327257788e-02 1.113712273737927083e-01 1.203798035486255552e-01 1.214204117545343853e-01 1.357515225913934753e-01 1.456441747580171919e-01 1.600125142842337422e-01
-1.568225967491538864e-01 -1.430072166292315206e-01 -1.316831072162929495e-01 -1.228321518768175358e-01 -1.223045916120699267e-01 -1.074693199289043638e-01 -9.227660250225080962e-02 -8.437629820754914689e-02 -8.206725538315168267e-02 -7.872676789034976919e-02 -5.936201129455614955e-02 -5.626501601317920875e-02 -4.223731846362081127e-02 -1.254447703546047836e-02 -1.182384909956393088e-02 1.182384909956393608e-02 1.254447703546044367e-02 4.223731846362097780e-02 5.626501601317929202e-02 5.936201129455574710e-02 7.872676789035049083e-02 8.206725538315194635e-02 8.437629820754860566e-02 9.227660250225144800e-02 1.074693199289044193e-01 1.223045916120690940e-01 1.228321518768172999e-01 1.316831072162922833e-01 1.430072166292321034e-01 1.568225967491529982e-01
-1.525750131791745734e-01 -1.405180082245007789e-01 -1.277863767001416462e-01 -1.241502491630980393e-01 -1.240032298954663464e-01 -1.035727017925523741e-01 -9.286872694282259644e-02 -8.285335963449913521e-02 -7.941633565975718401e-02 -7.939756505321286795e-02 -5.835364637048183478e-02 -5.603306973402882862e-02 -4.117766425050400220e-02 -1.278297109077787194e-02 -1.083118421504276722e-02 1.083118421504259375e-02 1.278297109077774184e-02 4.117766425050418955e-02 5.603306973402851637e-02 5.835364637048168907e-02 7.939756505321259039e-02 7.941633565975697584e-02 8.285335963449833030e-02 9.286872694282201357e-02 1.035727017925524296e-01 1.240032298954658330e-01 1.241502491630987887e-01 1.277863767001412298e-01 1.405180082245011952e-01 1.525750131791741016e-01
-1.483426380866851579e-01 -1.384258188221980101e-01 -1.263832561110084240e-01 -1.252402060320045585e-01 -1.230311935148171582e-01 -9.970101382497952025e-02 -9.427659656230248653e-02 -8.139827514069879200e-02 -8.020627309168935903e-02 -7.590876678664046362e-02 -6.037322206310506006e-02 -5.293853538073971243e-02 -4.059809722774731372e-02 -1.285557912577332991e-02 -9.957136669584058450e-03 9.957136669583942223e-03 1.285557912577325705e-02 4.059809722774759821e-02 5.293853538074003162e-02 6.037322206310520578e-02 7.590876678664019994e-02 8.020627309168973373e-02 8.139827514069911119e-02 9.427659656230191754e-02 9.970101382497989495e-02 1.230311935148163255e-01 1.252402060320037813e-01 1.263832561110082575e-01 1.384258188221985653e-01 1.483426380866843808e-01
-1.441280707965615915e-01 -1.371414713161042409e-01 -1.277262442702441769e-01 -1.256186925375207541e-01 -1.192070009482292664e-01 -9.609881027825958877e-02 -9.586612182800624549e-02 -8.108876688885444106e-02 -7.967677064701124412e-02 -7.234107237312023542e-02 -6.248785131012996735e-02 -4.991291602037001979e-02 -4.051211978859149687e-02 -1.275503478774455551e-02 -9.230112681695429658e-03 9.230112681695275267e-03 1.275503478774450868e-02 4.051211978859165647e-02 4.991291602037075531e-02 6.248785131012992572e-02 7.234107237311984684e-02 7.967677064701110534e-02 8.108876688885538475e-02 9.586612182800655080e-02 9.609881027826004674e-02 1.192070009482292248e-01 1.256186925375206154e-01 1.277262442702442324e-01 1.371414713161048515e-01 1.441280707965612584e-01
-1.399377558891637952e-01 -1.370063368933427395e-01 -1.292525099959737633e-01 -1.248047743978493301e-01 -1.152286165688317515e-01 -9.810760053373869527e-02 -9.209130492761444242e-02 -8.202223271437186769e-02 -7.784706707265715009e-02 -6.878691393108454788e-02 -6.464752930893089000e-02 -4.701171336094200903e-02 -4.089551813112206335e-02 -1.251447596159865026e-02 -8.673869047385780046e-03 8.673869047385842496e-03 1.251447596159862945e-02 4.089551813112202866e-02 4.701171336094228659e-02 6.464752930893093164e-02 6.878691393108474217e-02 7.784706707265671988e-02 8.202223271437206198e-02 9.209130492761383180e-02 9.810760053373876466e-02 1.152286165688315989e-01 1.248047743978489416e-01 1.292525099959740964e-01 1.370063368933416847e-01 1.399377558891634066e-01
-1.378872527581680996e-01 -1.357281288007777531e-01 -1.308004173754557242e-01 -1.229876057478958007e-01 -1.112496312804779480e-01 -1.001969160745971865e-01 -8.845731050846539212e-02 -8.291190869901073068e-02 -7.600841898526147777e-02 -6.683202266108964618e-02 -6.526885237859304800e-02 -4.427038426627544904e-02 -4.169169126634642703e-02 -1.219602333884060689e-02 -8.301860066434053886e-03 8.301860066433968885e-03 1.219602333884052536e-02 4.169169126634660744e-02 4.427038426627558781e-02 6.526885237859325617e-02 6.683202266108943801e-02 7.600841898526140838e-02 8.291190869901131355e-02 8.845731050846555865e-02 1.001969160745966592e-01 1.112496312804768517e-01 1.229876057478958007e-01 1.308004173754554467e-01 1.357281288007783082e-01 1.378872527581682106e-01
-1.392630268892351419e-01 -1.323403795898363544e-01 -1.315825862476693864e-01 -1.206173027699977696e-01 -1.073051900877379089e-01 -1.022999462892274780e-01 -8.570901013112267042e-02 -8.300204352664135310e-02 -7.421898063455308059e-02 -6.901937748812954354e-02 -6.180144450079876062e-02 -4.284602017043077915e-02 -4.171245016652391779e-02 -1.186878276255906584e-02 -8.108373049670953431e-03 8.108373049670729651e-03 1.186878276255880216e-02 4.171245016652364024e-02 4.284602017043064037e-02 6.180144450079897572e-02 6.901937748812991824e-02 7.421898063455294181e-02 8.300204352664081187e-02 8.570901013112276756e-02 1.022999462892279221e-01 1.073051900877379922e-01 1.206173027699963957e-01 1.315825862476695529e-01 1.323403795898365765e-01 1.392630268892357526e-01
-1.408964968631889747e-01 -1.338547180054306396e-01 -1.274489152824473670e-01 -1.179998779380209001e-01 -1.046556702282171597e-01 -1.031342697754893678e-01 -8.584287582493647928e-02 -8.029639885216065254e-02 -7.251689892409624028e-02 -7.117819375357481437e-02 -5.839677818801805587e-02 -4.424638669367323557e-02 -3.942581765904598634e-02 -1.158728723304552899e-02 -8.059364020001317727e-03 8.059364020001283033e-03 1.158728723304548042e-02 3.942581765904579899e-02 4.424638669367358945e-02 5.839677818801822934e-02 7.117819375357477274e-02 7.251689892409697580e-02 8.029639885216051376e-02 8.584287582493653479e-02 1.031342697754887572e-01 1.046556702282166740e-01 1.179998779380212748e-01 1.274489152824470062e-01 1.338547180054314167e-01 1.408964968631884473e-01
-1.426348009867400290e-01 -1.353301134019237462e-01 -1.233367683369752527e-01 -1.152978978759940099e-01 -1.066310971931333923e-01 -9.935527459487000779e-02 -8.680093496586782642e-02 -7.696494046765385566e-02 -7.316024122652330097e-02 -7.093051922348628247e-02 -5.507896578334223192e-02 -4.583986233853316189e-02 -3.744853749955430466e-02 -1.137926477422345449e-02 -8.088032795544600889e-03 8.088032795544720585e-03 1.137926477422356378e-02 3.744853749955480426e-02 4.583986233853382108e-02 5.507896578334255111e-02 7.093051922348660165e-02 7.316024122652349526e-02 7.696494046765484098e-02 8.680093496586838153e-02 9.935527459487013269e-02 1.066310971931330870e-01 1.152978978759949535e-01 1.233367683369754469e-01 1.353301134019235796e-01 1.426348009867401956e-01
-1.444066549575410974e-01 -1.367491841609404790e-01 -1.192488382327478447e-01 -1.126102776658919474e-01 -1.087069771158948456e-01 -9.547708403904173191e-02 -8.783173029381879937e-02 -7.606787725584598925e-02 -7.261279319705470081e-02 -6.948276003456782535e-02 -5.194354671136265644e-02 -4.748129562940976017e-02 -3.586070728896608578e-02 -1.124516821769303357e-02 -8.100440330980862927e-03 8.100440330980906295e-03 1.124516821769310816e-02 3.586070728896621762e-02 4.748129562940961446e-02 5.194354671136288543e-02 6.948276003456808902e-02 7.261279319705435387e-02 7.606787725584644722e-02 8.783173029381975694e-02 9.547708403904182906e-02 1.087069771158950399e-01 1.126102776658912119e-01 1.192488382327479973e-01 1.367491841609401182e-01 1.444066549575413472e-01
-1.405548668470773810e-01 -1.380811557258876110e-01 -1.151873220718759167e-01 -1.107540248101568786e-01 -1.100195526873463253e-01 -9.162086287598626699e-02 -8.881710393030495254e-02 -7.793459856076580261e-02 -6.926550705324877044e-02 -6.819281271962653046e-02 -5.033190424958437770e-02 -4.779710318885812409e-02 -3.473662256820046756e-02 -1.116611258254849096e-02 -7.993931592926517907e-03 7.993931592926316679e-03 1.116611258254832095e-02 3.473662256820041899e-02 4.779710318885827675e-02 5.033190424958450954e-02 6.819281271962615576e-02 6.926550705324856227e-02 7.793459856076642711e-02 8.881710393030524398e-02 9.162086287598636414e-02 1.100195526873462698e-01 1.107540248101563929e-01 1.151873220718755142e-01 1.380811557258881106e-01 1.405548668470767704e-01
-1.393461206018277165e-01 -1.362827843987071130e-01 -1.127562569192781805e-01 -1.111559057505404902e-01 -1.076195062679830700e-01 -8.968183240675885182e-02 -8.779516402985500234e-02 -7.991715894121230457e-02 -6.707673202045610905e-02 -6.575618386924039771e-02 -5.186948395850139726e-02 -4.514154021003592004e-02 -3.413006420213776648e-02 -1.111446261405727928e-02 -7.685957107793088029e-03 7.685957107793128795e-03 1.111446261405734173e-02 3.413006420213769709e-02 4.514154021003645434e-02 5.186948395850130011e-02 6.575618386924024505e-02 6.707673202045622007e-02 7.991715894121230457e-02 8.779516402985516887e-02 8.968183240675889345e-02 1.076195062679833475e-01 1.111559057505401155e-01 1.127562569192781944e-01 1.362827843987072240e-01 1.393461206018277998e-01
-1.403965119017764329e-01 -1.320742178049347793e-01 -1.147022425738677409e-01 -1.071719214891468513e-01 -1.055251364650099805e-01 -9.034653659991495611e-02 -8.400472291797038416e-02 -8.179361242985043468e-02 -6.614725944150520731e-02 -6.225944947202105562e-02 -5.383601156465503412e-02 -4.222560979702591477e-02 -3.405323172327603259e-02 -1.106259991346252892e-02 -7.142711243012021469e-03 7.142711243011854935e-03 1.106259991346238668e-02 3.405323172327620607e-02 4.222560979702612294e-02 5.383601156465589455e-02 6.225944947202084051e-02 6.614725944150522119e-02 8.179361242985073999e-02 8.400472291797042579e-02 9.034653659991490060e-02 1.055251364650097584e-01 1.071719214891471428e-01 1.147022425738690454e-01 1.320742178049341409e-01 1.403965119017775154e-01
-1.411585327970809600e-01 -1.278820370635497805e-01 -1.165801740427560435e-01 -1.040817106697731059e-01 -1.030600335718779431e-01 -9.076370481965480297e-02 -8.341698226081775691e-02 -8.025254258501268723e-02 -6.541412412384592368e-02 -5.880467117443891056e-02 -5.587771248171155558e-02 -3.940462476797722963e-02 -3.446824886594938159e-02 -1.098800442205790165e-02 -6.391770761356379595e-03 6.391770761356402146e-03 1.098800442205798665e-02 3.446824886594952730e-02 3.940462476797716024e-02 5.587771248171163191e-02 5.880467117443849423e-02 6.541412412384593755e-02 8.025254258501240967e-02 8.341698226081772916e-02 9.076370481965470582e-02 1.030600335718777627e-01 1.040817106697735361e-01 1.165801740427564459e-01 1.278820370635496972e-01 1.411585327970801829e-01
-1.413839541654601240e-01 -1.237137867498718236e-01 -1.183743260606784781e-01 -1.030888553333865615e-01 -9.917253618191530784e-02 -9.106415537638355706e-02 -8.449407829883263943e-02 -7.654407842424068575e-02 -6.488493652410733115e-02 -5.793711678037872376e-02 -5.540556439713226200e-02 -3.675348717634392692e-02 -3.529417898109658835e-02 -1.087434245386360160e-02 -5.511969211279813333e-03 5.511969211279909610e-03 1.087434245386364844e-02 3.529417898109651897e-02 3.675348717634414897e-02 5.540556439713199832e-02 5.793711678037944540e-02 6.488493652410805279e-02 7.654407842424022779e-02 8.449407829883280596e-02 9.106415537638330726e-02 9.917253618191498865e-02 1.030888553333869223e-01 1.183743260606781866e-01 1.237137867498720456e-01 1.413839541654605403e-01
-1.407175540822082349e-01 -1.200776159757280248e-01 -1.195552048079744356e-01 -1.028131938137222395e-01 -9.526475599533475169e-02 -9.166747621956780612e-02 -8.457735637185523347e-02 -7.288865156495470676e-02 -6.457007624746564922e-02 -5.996976851336182496e-02 -5.207931938478273237e-02 -3.646684926293763951e-02 -3.430062107809685179e-02 -1.070837728057945012e-02 -4.610314652263534756e-03 4.610314652263542562e-03 1.070837728057944492e-02 3.430062107809696281e-02 3.646684926293731338e-02 5.207931938478300993e-02 5.996976851336165842e-02 6.457007624746617658e-02 7.288865156495473452e-02 8.457735637185510857e-02 9.166747621956816694e-02 9.526475599533540395e-02 1.028131938137220730e-01 1.195552048079748519e-01 1.200776159757277195e-01 1.407175540822080406e-01
-1.390439017161975432e-01 -1.216050828092365976e-01 -1.154512751883640664e-01 -1.030729550207075407e-01 -9.281534185360462708e-02 -9.138252190008806786e-02 -8.355632487523836915e-02 -6.932019724519297710e-02 -6.450228253719259008e-02 -6.189062953439083969e-02 -4.885134024243355244e-02 -3.783981405527971770e-02 -3.216131501897256245e-02 -1.047247849266774028e-02 -3.799187782080212968e-03 3.799187782080144012e-03 1.047247849266772467e-02 3.216131501897220163e-02 3.783981405527965525e-02 4.885134024243337897e-02 6.189062953439123521e-02 6.450228253719242355e-02 6.932019724519283832e-02 8.355632487523832752e-02 9.138252190008758213e-02 9.281534185360414135e-02 1.030729550207071105e-01 1.154512751883642746e-01 1.216050828092370140e-01 1.390439017161976265e-01
-1.367514917867805602e-01 -1.229105502180011522e-01 -1.113636368171318919e-01 -1.036815325967334611e-01 -9.430855984852863638e-02 -8.753757393745412174e-02 -8.180131054422257186e-02 -6.628812734717459687e-02 -6.455121862512169795e-02 -6.336014533858640163e-02 -4.580274732006180127e-02 -3.929478766110649363e-02 -3.039882791108606402e-02 -1.013467488859106855e-02 -3.177866672683216966e-03 3.177866672683237782e-03 1.013467488859104947e-02 3.039882791108630689e-02 3.929478766110671567e-02 4.580274732006232169e-02 6.336014533858647102e-02 6.455121862512132325e-02 6.628812734717551280e-02 8.180131054422308534e-02 8.753757393745434379e-02 9.430855984852903884e-02 1.036815325967328505e-01 1.113636368171318641e-01 1.229105502180009857e-01 1.367514917867807545e-01
-1.326140442682417209e-01 -1.237810312575123306e-01 -1.073055082846021135e-01 -1.044935993041089112e-01 -9.594391783689412700e-02 -8.372835155730533330e-02 -7.965958610518777960e-02 -6.691952368051684585e-02 -6.408062501373150421e-02 -6.186591927710042432e-02 -4.346994844357463667e-02 -4.024733639367648885e-02 -2.911155127893538808e-02 -9.644484338442418231e-03 -2.816970366125199840e-03 2.816970366125248412e-03 9.644484338442454660e-03 2.911155127893549216e-02 4.024733639367675253e-02 4.346994844357433829e-02 6.186591927710058392e-02 6.408062501373161524e-02 6.691952368051677646e-02 7.965958610518777960e-02 8.372835155730544432e-02 9.594391783689472375e-02 1.044935993041086475e-01 1.073055082846021552e-01 1.237810312575126914e-01 1.326140442682419152e-01
-1.283286502153491437e-01 -1.237751446770970626e-01 -1.054149702526717830e-01 -1.032785722562642033e-01 -9.761528642080768980e-02 -7.995822887008995072e-02 -7.732634565965627871e-02 -6.871190180830479000e-02 -6.450440061704221240e-02 -5.847415204939845207e-02 -4.381153256197007489e-02 -3.870860867783661174e-02 -2.837721988450116195e-02 -8.947553739309223667e-03 -2.747685720870444211e-03 2.747685720870607709e-03 8.947553739309279178e-03 2.837721988450128338e-02 3.870860867783642439e-02 4.381153256197057450e-02 5.847415204939843125e-02 6.450440061704233730e-02 6.871190180830492877e-02 7.732634565965634810e-02 7.995822887008996460e-02 9.761528642080714857e-02 1.032785722562641478e-01 1.054149702526718524e-01 1.237751446770968683e-01 1.283286502153490050e-01
-1.240688740929278000e-01 -1.224304034038165151e-01 -1.063867873156062321e-01 -9.928545581177716794e-02 -9.927135528028177558e-02 -7.622962859705886829e-02 -7.490770815300272500e-02 -7.059908773073092503e-02 -6.497298577859032809e-02 -5.507823907046838219e-02 -4.542982438116057592e-02 -3.606053602491322146e-02 -2.821874830324948291e-02 -8.018815181404117740e-03 -2.960707151839000930e-03 2.960707151838977511e-03 8.018815181404076106e-03 2.821874830324950026e-02 3.606053602491307575e-02 4.542982438116036775e-02 5.507823907046799361e-02 6.497298577859086932e-02 7.059908773073100829e-02 7.490770815300289154e-02 7.622962859705895156e-02 9.927135528028192824e-02 9.928545581177747326e-02 1.063867873156063709e-01 1.224304034038161959e-01 1.240688740929276890e-01
-1.199959265553347254e-01 -1.198360611439356072e-01 -1.073715812950997023e-01 -1.008875841021986963e-01 -9.532519874171180296e-02 -7.254695837475609588e-02 -7.247247796658280727e-02 -7.246618134092208674e-02 -6.551729144059320609e-02 -5.173350045251820517e-02 -4.724101519191926946e-02 -3.338535038864883647e-02 -2.858738996894528289e-02 -6.886558175525570730e-03 -3.414852068106526833e-03 3.414852068106501680e-03 6.886558175525508280e-03 2.858738996894530024e-02 3.338535038864873239e-02 4.724101519191925558e-02 5.173350045251769863e-02 6.551729144059305343e-02 7.246618134092240593e-02 7.247247796658289054e-02 7.254695837475592934e-02 9.532519874171180296e-02 1.008875841021995290e-01 1.073715812950992721e-01 1.198360611439360929e-01 1.199959265553342952e-01
-1.170245262815512999e-01 -1.156317033289425700e-01 -1.083438705852194650e-01 -1.024446208363588434e-01 -9.140211960505692512e-02 -7.430513634600605100e-02 -7.004664038383659475e-02 -6.890705354703637042e-02 -6.613114558909917451e-02 -4.909317652459812414e-02 -4.845681752746754112e-02 -3.085510161024505524e-02 -2.937729034856183599e-02 -5.624250991985817183e-03 -4.047988652210637688e-03 4.047988652210761720e-03 5.624250991985965502e-03 2.937729034856180477e-02 3.085510161024510381e-02 4.845681752746769377e-02 4.909317652459805476e-02 6.613114558909972962e-02 6.890705354703617613e-02 7.004664038383631719e-02 7.430513634600617590e-02 9.140211960505668920e-02 1.024446208363587879e-01 1.083438705852198952e-01 1.156317033289422369e-01 1.170245262815514664e-01
-1.138219147974999096e-01 -1.114582422838591991e-01 -1.092843752509052024e-01 -1.039312834189668328e-01 -8.751724482371282809e-02 -7.607734918031790194e-02 -6.768212494529222967e-02 -6.679944633497179873e-02 -6.531926153148667757e-02 -5.092894055871569070e-02 -4.527285633388765385e-02 -3.050203192387026738e-02 -2.851727959456861264e-02 -4.787131713268066163e-03 -4.320123834385345037e-03 4.320123834385512437e-03 4.787131713268337647e-03 2.851727959456884509e-02 3.050203192387025350e-02 4.527285633388793140e-02 5.092894055871563519e-02 6.531926153148651104e-02 6.679944633497196527e-02 6.768212494529229906e-02 7.607734918031767990e-02 8.751724482371296687e-02 1.039312834189674989e-01 1.092843752509049526e-01 1.114582422838591991e-01 1.138219147975001316e-01
-1.105215083451645264e-01 -1.101849904242887257e-01 -1.073113872031127014e-01 -1.053376612558474534e-01 -8.367268774320898994e-02 -7.777884448321373267e-02 -6.750472062064472034e-02 -6.541023668365744670e-02 -6.178689209440332147e-02 -5.271214242228704910e-02 -4.221411906033825656e-02 -3.178398806541737204e-02 -2.650711947133578203e-02 -5.535232270641551877e-03 -3.071689749842502603e-03 3.071689749842409795e-03 5.535232270641550142e-03 2.650711947133574387e-02 3.178398806541731653e-02 4.221411906033856187e-02 5.271214242228716013e-02 6.178689209440275248e-02 6.541023668365734955e-02 6.750472062064453993e-02 7.777884448321290001e-02 8.367268774320980873e-02 1.053376612558478281e-01 1.073113872031130761e-01 1.101849904242888090e-01 1.105215083451644570e-01
-1.110250638816426688e-01 -1.071889642928622322e-01 -1.066556604057578711e-01 -1.032011682154962001e-01 -7.987729480046253105e-02 -7.939204359369879394e-02 -6.822745939483683408e-02 -6.329150735865385347e-02 -5.832571734260338925e-02 -5.437227627210623748e-02 -3.939879681710759668e-02 -3.306652309392784511e-02 -2.489840804170898383e-02 -6.198167265744508082e-03 -1.956374892145120673e-03 1.956374892145082509e-03 6.198167265744418744e-03 2.489840804170909833e-02 3.306652309392810879e-02 3.939879681710754811e-02 5.437227627210623054e-02 5.832571734260347251e-02 6.329150735865396449e-02 6.822745939483698674e-02 7.939204359369880781e-02 7.987729480046257269e-02 1.032011682154955895e-01 1.066556604057580376e-01 1.071889642928617603e-01 1.110250638816429880e-01
-1.117999246774588340e-01 -1.078753426930040143e-01 -1.038656585291646423e-01 -9.912523691426337880e-02 -8.092712639228512306e-02 -7.611086022885475699e-02 -6.894803595971674137e-02 -6.148122691034185044e-02 -5.597256556479637130e-02 -5.472561798455469195e-02 -3.744666353561634797e-02 -3.367966401075342397e-02 -2.380510101542747739e-02 -6.682231011348269828e-03 -1.057235269920740175e-03 1.057235269920739091e-03 6.682231011348318400e-03 2.380510101542750515e-02 3.367966401075327132e-02 3.744666353561626471e-02 5.472561798455460869e-02 5.597256556479589251e-02 6.148122691034195453e-02 6.894803595971631116e-02 7.611086022885384106e-02 8.092712639228452631e-02 9.912523691426300410e-02 1.038656585291649337e-01 1.078753426930041670e-01 1.117999246774587230e-01
-1.125003568226773942e-01 -1.089876005977453571e-01 -1.005882388609047745e-01 -9.508539264413841396e-02 -8.234154668284376921e-02 -7.240330331163878641e-02 -6.964249297405943062e-02 -6.052371180722821570e-02 -5.649289130238536322e-02 -5.147305507569805566e-02 -3.773742787508646557e-02 -3.221514048990491846e-02 -2.330692039666449125e-02 -6.947132433582728708e-03 -4.600559105788795634e-04 4.600559105789549155e-04 6.947132433583033152e-03 2.330692039666445656e-02 3.221514048990472417e-02 3.773742787508661822e-02 5.147305507569776423e-02 5.649289130238552281e-02 6.052371180722816019e-02 6.964249297405955552e-02 7.240330331163895294e-02 8.234154668284431045e-02 9.508539264413785885e-02 1.005882388609050659e-01 1.089876005977452322e-01 1.125003568226772555e-01
-1.131187056117690382e-01 -1.099807562297851066e-01 -9.740472930116117478e-02 -9.108360971369884596e-02 -8.361353559659016887e-02 -7.031387672557450064e-02 -6.872043429845384188e-02 -6.103671863742986259e-02 -5.570260489660319725e-02 -4.819325930859637286e-02 -3.911163984715589764e-02 -2.982104361454341809e-02 -2.340074170769139081e-02 -7.044615284856652754e-03 -2.447220661420561934e-04 2.447220661421579458e-04 7.044615284856775919e-03 2.340074170769149836e-02 2.982104361454336605e-02 3.911163984715602254e-02 4.819325930859644225e-02 5.570260489660339848e-02 6.103671863742946707e-02 6.872043429845363371e-02 7.031387672557440349e-02 8.361353559658986356e-02 9.108360971369830472e-02 9.740472930116117478e-02 1.099807562297850649e-01 1.131187056117695655e-01
-1.108393586446586171e-01 -1.105390911925400038e-01 -9.440606835104660421e-02 -8.712185591715716770e-02 -8.467270296881429514e-02 -7.087903534152638352e-02 -6.511777329180648555e-02 -6.225566259196933100e-02 -5.428395595330495066e-02 -4.498277541151386727e-02 -4.068780381672990748e-02 -2.738499934768385061e-02 -2.399135287629563032e-02 -7.083027302436863300e-03 -4.406608496562472140e-04 4.406608496562580560e-04 7.083027302436760084e-03 2.399135287629569624e-02 2.738499934768401367e-02 4.068780381672962992e-02 4.498277541151338155e-02 5.428395595330435391e-02 6.225566259196928937e-02 6.511777329180640228e-02 7.087903534152589780e-02 8.467270296881444780e-02 8.712185591715741750e-02 9.440606835104659034e-02 1.105390911925402675e-01 1.108393586446587697e-01
-1.115406516553186927e-01 -1.062555559278904188e-01 -9.182609309991422719e-02 -8.531690998737745391e-02 -8.320218323629571811e-02 -7.133165200913867132e-02 -6.361150771757566325e-02 -6.156196848330003357e-02 -5.280659469909347592e-02 -4.229801540221057171e-02 -4.185611506354750683e-02 -2.514523810530356132e-02 -2.489495071539970378e-02 -7.130495214947824879e-03 -9.739012624054641095e-04 9.739012624055969243e-04 7.130495214947872584e-03 2.489495071539978358e-02 2.514523810530356479e-02 4.185611506354750683e-02 4.229801540221074518e-02 5.280659469909363551e-02 6.156196848329976296e-02 6.361150771757595468e-02 7.133165200913849091e-02 8.320218323629563484e-02 8.531690998737759268e-02 9.182609309991474067e-02 1.062555559278910572e-01 1.115406516553186927e-01
-1.120479902975855951e-01 -1.020051660962377760e-01 -9.025729129541998352e-02 -8.500809634666048331e-02 -7.932675395023776332e-02 -7.159918484644969827e-02 -6.495369596399240553e-02 -5.806320562465551449e-02 -5.142365070027119650e-02 -4.388397707554397842e-02 -3.883887740706259972e-02 -2.611365791490269025e-02 -2.306236610775209972e-02 -7.177289697306361849e-03 -1.674401215475875915e-03 1.674401215475810863e-03 7.177289697306245622e-03 2.306236610775227666e-02 2.611365791490271454e-02 3.883887740706259278e-02 4.388397707554383270e-02 5.142365070027095364e-02 5.806320562465540347e-02 6.495369596399228063e-02 7.159918484644960113e-02 7.932675395023754128e-02 8.500809634666085801e-02 9.025729129541916473e-02 1.020051660962386225e-01 1.120479902975856507e-01
-1.122990529870438875e-01 -9.778969349992004678e-02 -9.003405974471191675e-02 -8.350771927315446541e-02 -7.549784894362060461e-02 -7.157378063753705444e-02 -6.623318828893041965e-02 -5.462622410579884291e-02 -5.018433562240236928e-02 -4.542210179489520466e-02 -3.597314754165249068e-02 -2.735973048120206308e-02 -2.139230979810603089e-02 -7.176491482473297545e-03 -2.332669485175809573e-03 2.332669485175626559e-03 7.176491482473229891e-03 2.139230979810601355e-02 2.735973048120195900e-02 3.597314754165260170e-02 4.542210179489498956e-02 5.018433562240256357e-02 5.462622410579863474e-02 6.623318828893058619e-02 7.157378063753686015e-02 7.549784894362067400e-02 8.350771927315467358e-02 9.003405974471144491e-02 9.778969349992054638e-02 1.122990529870427356e-01
-1.121865739643785470e-01 -9.361100477351820548e-02 -9.043483168679872231e-02 -8.168931340959514897e-02 -7.171790565070303158e-02 -7.109203222412131817e-02 -6.742697071553817312e-02 -5.125960911435015893e-02 -4.910734896155621171e-02 -4.688797102732042421e-02 -3.343050135239909043e-02 -2.845690002671476954e-02 -2.019619858281990546e-02 -7.084571764280696467e-03 -2.747186700867127775e-03 2.747186700867091345e-03 7.084571764280775397e-03 2.019619858281986730e-02 2.845690002671475219e-02 3.343050135239919451e-02 4.688797102732050054e-02 4.910734896155651702e-02 5.125960911435046424e-02 6.742697071553822863e-02 7.109203222412120715e-02 7.171790565070319812e-02 8.168931340959492693e-02 9.043483168679798678e-02 9.361100477351871896e-02 1.121865739643786025e-01
-1.115294176619522903e-01 -9.095961980470797237e-02 -8.947104559366798882e-02 -8.021366846275583551e-02 -6.998225082795157814e-02 -6.852150275537725876e-02 -6.798860733059865213e-02 -4.844720069539482088e-02 -4.819711724446004014e-02 -4.778701174109065142e-02 -3.208261424283726654e-02 -2.849568000025062484e-02 -1.956822195203712644e-02 -6.874897962242410357e-03 -2.768901273400568505e-03 2.768901273400601031e-03 6.874897962242461531e-03 1.956822195203708134e-02 2.849568000025023973e-02 3.208261424283718327e-02 4.778701174109060978e-02 4.819711724445992218e-02 4.844720069539470986e-02 6.798860733059877703e-02 6.852150275537775836e-02 6.998225082795143936e-02 8.021366846275602980e-02 8.947104559366751697e-02 9.095961980470781971e-02 1.115294176619523181e-01
-1.075277274146036327e-01 -9.144740693619671235e-02 -8.537193619329258576e-02 -7.926130142346013430e-02 -6.950353857468191676e-02 -6.821487836859915777e-02 -6.431488319027597877e-02 -4.961440468978576407e-02 -4.744834377726107888e-02 -4.468480246082039142e-02 -3.268572949643372416e-02 -2.670118521410470500e-02 -1.952041896282728783e-02 -6.537895105313304249e-03 -2.356595115962003412e-03 2.356595115961980860e-03 6.537895105313197563e-03 1.952041896282724620e-02 2.670118521410468418e-02 3.268572949643375192e-02 4.468480246082030122e-02 4.744834377726139113e-02 4.961440468978565305e-02 6.431488319027632572e-02 6.821487836859894960e-02 6.950353857468148655e-02 7.926130142346073104e-02 8.537193619329215555e-02 9.144740693619686500e-02 1.075277274146043127e-01
-1.030230604936158700e-01 -9.183959731112142921e-02 -8.131586741531883489e-02 -7.871715989561418880e-02 -7.036534419274856345e-02 -6.595572502016087968e-02 -6.069763965479617329e-02 -5.079715807291402402e-02 -4.684808636957147471e-02 -4.153620692238021994e-02 -3.387680199029378947e-02 -2.443430101070831820e-02 -1.996138397826962771e-02 -6.078517100330760488e-03 -1.594684611241602547e-03 1.594684611241605149e-03 6.078517100330738804e-03 1.996138397826949934e-02 2.443430101070816901e-02 3.387680199029341477e-02 4.153620692238022688e-02 4.684808636957143307e-02 5.079715807291361462e-02 6.069763965479599288e-02 6.595572502016106009e-02 7.036534419274860508e-02 7.871715989561391125e-02 8.131586741531859897e-02 9.183959731112142921e-02 1.030230604936158423e-01
-9.854949734099929803e-02 -9.210784482834270814e-02 -7.839199059759204002e-02 -7.730474877324484961e-02 -7.109711314351503664e-02 -6.342051749098184810e-02 -5.714051557933039205e-02 -5.185511280326018935e-02 -4.637733954971163391e-02 -3.846890175833934250e-02 -3.514244401521328387e-02 -2.222424544316171924e-02 -2.074394889735428973e-02 -5.514634643584699451e-03 -6.450606518947070867e-04 6.450606518945743804e-04 5.514634643584509499e-03 2.074394889735425851e-02 2.222424544316164985e-02 3.514244401521301325e-02 3.846890175833940495e-02 4.637733954971156453e-02 5.185511280325996036e-02 5.714051557933018388e-02 6.342051749098173707e-02 7.109711314351536970e-02 7.730474877324455818e-02 7.839199059759188737e-02 9.210784482834323550e-02 9.854949734099892333e-02
-9.410884444119758940e-02 -9.223441103355053960e-02 -7.814402275028761724e-02 -7.334188753479779777e-02 -7.168948250638308706e-02 -6.078343701495239615e-02 -5.364684244502183202e-02 -5.274712533731894942e-02 -4.601274405745828244e-02 -3.637563690428594759e-02 -3.549649922075099467e-02 -2.173152431123829761e-02 -2.020936741413146068e-02 -4.878461074858737867e-03 -3.069101362575859171e-04 3.069101362575720935e-04 4.878461074858763021e-03 2.020936741413150578e-02 2.173152431123832884e-02 3.549649922075099467e-02 3.637563690428586433e-02 4.601274405745840040e-02 5.274712533731833880e-02 5.364684244502190835e-02 6.078343701495252799e-02 7.168948250638332298e-02 7.334188753479806144e-02 7.814402275028821399e-02 9.223441103354985959e-02 9.410884444119760328e-02
-9.220574518537548447e-02 -8.970301065011522523e-02 -7.788797712403715268e-02 -7.213252691172462872e-02 -6.942923471715906070e-02 -5.823627518931406843e-02 -5.335778395467095925e-02 -5.022023766936187239e-02 -4.572827083871667392e-02 -3.753586968631218018e-02 -3.263938803247279363e-02 -2.279844480223440842e-02 -1.850085188337599607e-02 -4.224620469424307696e-03 -1.063180829398999291e-03 1.063180829398953104e-03 4.224620469424412647e-03 1.850085188337603076e-02 2.279844480223472067e-02 3.263938803247250914e-02 3.753586968631249937e-02 4.572827083871647269e-02 5.022023766936178218e-02 5.335778395467122986e-02 5.823627518931324965e-02 6.942923471715861661e-02 7.213252691172464259e-02 7.788797712403722207e-02 8.970301065011530850e-02 9.220574518537549835e-02
-9.200999756968206156e-02 -8.533401679707074139e-02 -7.757141652026412759e-02 -7.241510129084342828e-02 -6.556967500318373887e-02 -5.634547280345691272e-02 -5.316169387982821321e-02 -4.686522905920497556e-02 -4.549634810060503021e-02 -3.860115833861525736e-02 -2.994638752193358455e-02 -2.383515975381874166e-02 -1.720254940717575592e-02 -3.638117693415780264e-03 -1.404960389445371587e-03 1.404960389445384164e-03 3.638117693415777228e-03 1.720254940717584613e-02 2.383515975381869309e-02 2.994638752193367823e-02 3.860115833861520879e-02 4.549634810060516205e-02 4.686522905920501719e-02 5.316169387982835198e-02 5.634547280345669068e-02 6.556967500318347519e-02 7.241510129084334502e-02 7.757141652026416923e-02 8.533401679707078302e-02 9.200999756968217258e-02
-8.909708530312124286e-02 -8.100400453240462484e-02 -7.716004775076150402e-02 -7.252359978109060301e-02 -6.176613136856139857e-02 -5.592670696751522036e-02 -5.136511338609975330e-02 -4.529284658768593236e-02 -4.358434091226953688e-02 -3.955375227129072357e-02 -2.765927217666493826e-02 -2.455810303490280760e-02 -1.641215544206316851e-02 -3.145342859400236928e-03 -1.202058555132333320e-03 1.202058555132419623e-03 3.145342859400436421e-03 1.641215544206331423e-02 2.455810303490298455e-02 2.765927217666505969e-02 3.955375227129079990e-02 4.358434091226928708e-02 4.529284658768629318e-02 5.136511338610018351e-02 5.592670696751556036e-02 6.176613136856141245e-02 7.252359978109021443e-02 7.716004775076176769e-02 8.100400453240487464e-02 8.909708530312161756e-02
-8.509595647226422810e-02 -7.671524688854386431e-02 -7.662909368057965742e-02 -7.243889117184629245e-02 -5.802170544594685564e-02 -5.609197193106793544e-02 -4.886760720352472526e-02 -4.508699325821800830e-02 -4.053042535463674545e-02 -4.023626036691106689e-02 -2.698182065002987032e-02 -2.373935233351054733e-02 -1.615463430091887073e-02 -2.570412632626431493e-03 -6.121078739906389479e-04 6.121078739906828580e-04 2.570412632626485269e-03 1.615463430091898522e-02 2.373935233351071733e-02 2.698182065002974889e-02 4.023626036691102525e-02 4.053042535463689117e-02 4.508699325821798748e-02 4.886760720352437831e-02 5.609197193106836565e-02 5.802170544594666135e-02 7.243889117184598714e-02 7.662909368057979620e-02 7.671524688854429452e-02 8.509595647226421422e-02
-8.113039497297770686e-02 -7.595885430749370337e-02 -7.247015435864963273e-02 -7.212686546751342909e-02 -5.626257760249298023e-02 -5.433964806553516491e-02 -4.625365512721138495e-02 -4.485640962168181700e-02 -4.108987042548873508e-02 -3.725230589871337400e-02 -2.762718167494077753e-02 -2.165485212764333908e-02 -1.634602923685438483e-02 -1.783705821560120728e-03 -1.342958019757043656e-04 1.342958019758054404e-04 1.783705821560255603e-03 1.634602923685456871e-02 2.165485212764360970e-02 2.762718167494093366e-02 3.725230589871359604e-02 4.108987042548861712e-02 4.485640962168186557e-02 4.625365512721157230e-02 5.433964806553510940e-02 5.626257760249318146e-02 7.212686546751323480e-02 7.247015435864900823e-02 7.595885430749373113e-02 8.113039497297770686e-02
-7.728919977999358648e-02 -7.513231363997945056e-02 -7.150067248620310678e-02 -6.827129054673217179e-02 -5.631407041591596219e-02 -5.072352376550617187e-02 -4.457749268885859845e-02 -4.364972398968249012e-02 -4.163265512802113294e-02 -3.422589441949003969e-02 -2.841559884189577903e-02 -1.948552200336415782e-02 -1.683789990624590810e-02 -9.215413058606926810e-04 -8.341295689019213085e-04 8.341295689019774702e-04 9.215413058607141482e-04 1.683789990624593585e-02 1.948552200336403292e-02 2.841559884189614679e-02 3.422589441949003275e-02 4.163265512802114682e-02 4.364972398968224726e-02 4.457749268885867477e-02 5.072352376550657432e-02 5.631407041591557361e-02 6.827129054673242159e-02 7.150067248620275984e-02 7.513231363997895096e-02 7.728919977999372526e-02
-7.413379935943122112e-02 -7.388972679953068057e-02 -7.024109452787498376e-02 -6.412138738917631808e-02 -5.620578892062268878e-02 -4.717702398652221657e-02 -4.422792158739730778e-02 -4.201640632908158757e-02 -4.109697714251980827e-02 -3.129395839781549948e-02 -2.913806803220891223e-02 -1.749230705563652871e-02 -1.744931827170169078e-02 -1.676052517483511911e-03 -1.421608224069545294e-04 1.421608224070009874e-04 1.676052517483515815e-03 1.744931827170160404e-02 1.749230705563654259e-02 2.913806803220879774e-02 3.129395839781558275e-02 4.109697714252000950e-02 4.201640632908189288e-02 4.422792158739748125e-02 4.717702398652194595e-02 5.620578892062283449e-02 6.412138738917649849e-02 7.024109452787509478e-02 7.388972679953105527e-02 7.413379935943113785e-02
-7.294813889318134403e-02 -7.163624695665150865e-02 -6.763981485505114744e-02 -6.002334926295610495e-02 -5.591580775983975848e-02 -4.378799902262078825e-02 -4.370413059806545208e-02 -4.222624904132903090e-02 -3.861600730072053261e-02 -2.974176132765591826e-02 -2.846665700665736501e-02 -1.818260384706438595e-02 -1.564766602611087493e-02 -2.371251805940160096e-03 -1.038170717212646846e-03 1.038170717212656604e-03 2.371251805940151856e-03 1.564766602611076737e-02 1.818260384706432004e-02 2.846665700665747603e-02 2.974176132765580377e-02 3.861600730072040771e-02 4.222624904132878110e-02 4.370413059806560474e-02 4.378799902262069110e-02 5.591580775983981400e-02 6.002334926295604250e-02 6.763981485505106417e-02 7.163624695665142539e-02 7.294813889318123301e-02
-7.156009003650562472e-02 -7.014292206915850869e-02 -6.407745842425069394e-02 -5.598027454581579188e-02 -5.542770160213569136e-02 -4.324221104018539930e-02 -4.224398912284401536e-02 -4.030911997875236824e-02 -3.622216068687510865e-02 -3.019815105220813312e-02 -2.575896115508314460e-02 -1.884364798390780402e-02 -1.414335964938065460e-02 -2.966327586303822272e-03 -1.739459052978012225e-03 1.739459052978060364e-03 2.966327586303877783e-03 1.414335964938071705e-02 1.884364798390804341e-02 2.575896115508331807e-02 3.019815105220834128e-02 3.622216068687486579e-02 4.030911997875260416e-02 4.224398912284393903e-02 4.324221104018531603e-02 5.542770160213560116e-02 5.598027454581623596e-02 6.407745842425102700e-02 7.014292206915866135e-02 7.156009003650540268e-02
-6.869091738678467784e-02 -6.770316668738968202e-02 -6.026738852250002054e-02 -5.472674827678384452e-02 -5.199546965918918490e-02 -4.259529387560870295e-02 -4.203047431580401311e-02 -3.699658157106558432e-02 -3.393461715465318634e-02 -3.047853598541819600e-02 -2.321090388456915551e-02 -1.938666447030431075e-02 -1.302562722894689932e-02 -3.437819311403551327e-03 -2.136293535870742357e-03 2.136293535870790496e-03 3.437819311403634160e-03 1.302562722894702076e-02 1.938666447030430728e-02 2.321090388456895082e-02 3.047853598541813008e-02 3.393461715465330431e-02 3.699658157106532758e-02 4.203047431580402005e-02 4.259529387560873764e-02 5.199546965918937225e-02 5.472674827678418452e-02 6.026738852250010381e-02 6.770316668738968202e-02 6.869091738678487213e-02
-6.707135472840421164e-02 -6.306478368096618548e-02 -5.641388329108441152e-02 -5.379853530351993984e-02 -4.807246717769116801e-02 -4.193712689836986279e-02 -4.145921167715069938e-02 -3.377173648057058691e-02 -3.183594633481599129e-02 -3.049025346290229130e-02 -2.111301359336676189e-02 -1.949305517552088821e-02 -1.234544074436608185e-02 -3.792128116902518126e-03 -2.136541175713350602e-03 2.136541175713331520e-03 3.792128116902435293e-03 1.234544074436600726e-02 1.949305517552078759e-02 2.111301359336676189e-02 3.049025346290220456e-02 3.183594633481612313e-02 3.377173648057080202e-02 4.145921167715085898e-02 4.193712689837003627e-02 4.807246717769105698e-02 5.379853530351946106e-02 5.641388329108430744e-02 6.306478368096639364e-02 6.707135472840432266e-02
-6.521856837536707530e-02 -5.846498404586712022e-02 -5.262834230099978916e-02 -5.258074555578973186e-02 -4.421504467166427477e-02 -4.126883357956905723e-02 -4.048807898201876171e-02 -3.080399821192553525e-02 -3.061622496085639883e-02 -2.936722283309807502e-02 -2.067360040737136612e-02 -1.793640983206201689e-02 -1.206320335942901931e-02 -4.036807070493660284e-03 -1.748934856635693752e-03 1.748934856635650167e-03 4.036807070493662886e-03 1.206320335942900369e-02 1.793640983206188852e-02 2.067360040737157775e-02 2.936722283309809930e-02 3.061622496085645434e-02 3.080399821192560464e-02 4.048807898201869232e-02 4.126883357956896703e-02 4.421504467166446212e-02 5.258074555578981513e-02 5.262834230099986549e-02 5.846498404586716879e-02 6.521856837536697815e-02
-6.309902065331852994e-02 -5.390634818985833021e-02 -5.120071629095964555e-02 -4.880599265586842150e-02 -4.042787537623016708e-02 -4.042510304573133234e-02 -3.923248110719416287e-02 -3.042182875500128170e-02 -2.760104403521433658e-02 -2.744556725154351576e-02 -2.077304331819832331e-02 -1.582538864242450521e-02 -1.205050571641642226e-02 -4.161537801859792850e-03 -1.099099542657415831e-03 1.099099542657494977e-03 4.161537801859882188e-03 1.205050571641657318e-02 1.582538864242460930e-02 2.077304331819838229e-02 2.744556725154364760e-02 2.760104403521443026e-02 3.042182875500144476e-02 3.923248110719416287e-02 4.042510304573124214e-02 4.042787537622987565e-02 4.880599265586861579e-02 5.120071629095959004e-02 5.390634818985827470e-02 6.309902065331833565e-02
-6.068805723343444897e-02 -4.949936735453627085e-02 -4.939163867407824621e-02 -4.513153964143554880e-02 -3.934759348918458882e-02 -3.768815209794883214e-02 -3.671338421958025844e-02 -2.991107897446662264e-02 -2.554492467734843092e-02 -2.467037490543875014e-02 -2.077067046936131867e-02 -1.379576758647207795e-02 -1.215892036879173514e-02 -4.156683716589916304e-03 -3.425581110903717333e-04 3.425581110903701612e-04 4.156683716589931916e-03 1.215892036879186698e-02 1.379576758647212305e-02 2.077067046936129785e-02 2.467037490543861483e-02 2.554492467734845174e-02 2.991107897446656019e-02 3.671338421958021681e-02 3.768815209794891541e-02 3.934759348918479699e-02 4.513153964143547248e-02 4.939163867407821151e-02 4.949936735453645126e-02 6.068805723343440039e-02
-5.721934384598451051e-02 -4.750679149047144084e-02 -4.492384270345187863e-02 -4.161863432710180555e-02 -3.800805066280846245e-02 -3.579232919452320083e-02 -3.307813990390152253e-02 -2.917815411966299260e-02 -2.371222091884618230e-02 -2.185030703128149412e-02 -2.058928276009835967e-02 -1.226994299516411327e-02 -1.192618606076394604e-02 -4.021900869897778071e-03 -3.922940848341377159e-04 3.922940848341579904e-04 4.021900869897817969e-03 1.192618606076399114e-02 1.226994299516408551e-02 2.058928276009837702e-02 2.185030703128158780e-02 2.371222091884621352e-02 2.917815411966314526e-02 3.307813990390156417e-02 3.579232919452311062e-02 3.800805066280852490e-02 4.161863432710189575e-02 4.492384270345190639e-02 4.750679149047170452e-02 5.721934384598467010e-02
-5.190819828137432923e-02 -4.520415258679671977e-02 -4.050614332806145440e-02 -3.834367991525045732e-02 -3.638416065379312253e-02 -3.346022418573139229e-02 -2.952647362334826983e-02 -2.819751628787910830e-02 -2.193802926309406168e-02 -2.019875204816206846e-02 -1.914842529997754297e-02 -1.230070903131427230e-02 -1.025583469448269891e-02 -3.766012002065753823e-03 -1.008058432486886626e-03 1.008058432486904406e-03 3.766012002065753823e-03 1.025583469448271105e-02 1.230070903131441455e-02 1.914842529997743889e-02 2.019875204816205458e-02 2.193802926309407902e-02 2.819751628787909789e-02 2.952647362334815187e-02 3.346022418573113555e-02 3.638416065379328213e-02 3.834367991525037406e-02 4.050614332806123236e-02 4.520415258679714998e-02 5.190819828137414188e-02
-4.661369146588387191e-02 -4.257090763913218279e-02 -3.614198799212033769e-02 -3.533434683922705155e-02 -3.444511724786822326e-02 -3.066063357450963395e-02 -2.694918685278786114e-02 -2.606374245466261397e-02 -2.019924618487306534e-02 -1.957695015236574770e-02 -1.657434287560208275e-02 -1.219244997200134850e-02 -8.823326206757719711e-03 -3.405801589584837950e-03 -1.426335600698117479e-03 1.426335600698083218e-03 3.405801589584818868e-03 8.823326206757672874e-03 1.219244997200138146e-02 1.657434287560205499e-02 1.957695015236575811e-02 2.019924618487323534e-02 2.606374245466268683e-02 2.694918685278789583e-02 3.066063357450980048e-02 3.444511724786841755e-02 3.533434683922698910e-02 3.614198799212021973e-02 4.257090763913220360e-02 4.661369146588362905e-02
-4.133729894814767297e-02 -3.958428114798447778e-02 -3.252777636950398427e-02 -3.211459944591441018e-02 -3.183508975590514795e-02 -2.749543602688919036e-02 -2.541362386856520217e-02 -2.269570240703094877e-02 -1.870359990661864605e-02 -1.846476894671263830e-02 -1.414562609638550170e-02 -1.189402130764663675e-02 -7.663857102949588572e-03 -2.964573641126062257e-03 -1.585814716203292913e-03 1.585814716203298117e-03 2.964573641126110829e-03 7.663857102949566888e-03 1.189402130764655695e-02 1.414562609638538027e-02 1.846476894671278748e-02 1.870359990661866686e-02 2.269570240703090366e-02 2.541362386856525421e-02 2.749543602688912444e-02 3.183508975590518264e-02 3.211459944591444488e-02 3.252777636950391488e-02 3.958428114798421410e-02 4.133729894814760358e-02
-3.621796323194317879e-02 -3.608061244116139710e-02 -2.979452612226089064e-02 -2.932193878234619008e-02 -2.758945838568259076e-02 -2.412427770482285239e-02 -2.357047830107335609e-02 -1.942856546074696669e-02 -1.755835014613601683e-02 -1.669805742807069920e-02 -1.197911049163290567e-02 -1.126390806972178520e-02 -6.779318648277949874e-03 -2.470295024994941403e-03 -1.466703386789949652e-03 1.466703386789957242e-03 2.470295024994960918e-03 6.779318648277970691e-03 1.126390806972181816e-02 1.197911049163292822e-02 1.669805742807080329e-02 1.755835014613616601e-02 1.942856546074697710e-02 2.357047830107332487e-02 2.412427770482286279e-02 2.758945838568262546e-02 2.932193878234597845e-02 2.979452612226068942e-02 3.608061244116123056e-02 3.621796323194292205e-02
-3.243772450865499424e-02 -3.084535193550625928e-02 -2.682535438374329326e-02 -2.621723311315827393e-02 -2.340943008516702811e-02 -2.139817314975398649e-02 -2.066225928375217680e-02 -1.627045884264618700e-02 -1.611873133415096804e-02 -1.485908198798051479e-02 -1.081655330212931247e-02 -9.540446506074405641e-03 -6.099061603218371326e-03 -1.953488231908710304e-03 -1.126382762167399713e-03 1.126382762167439178e-03 1.953488231908708135e-03 6.099061603218372193e-03 9.540446506074426458e-03 1.081655330212919798e-02 1.485908198798042631e-02 1.611873133415099232e-02 1.627045884264613843e-02 2.066225928375219068e-02 2.139817314975391710e-02 2.340943008516694832e-02 2.621723311315821148e-02 2.682535438374328285e-02 3.084535193550636684e-02 3.243772450865490403e-02
-2.817907584569103938e-02 -2.563337930834679035e-02 -2.349115786885120141e-02 -2.281884695661760137e-02 -1.929970137726027407e-02 -1.887334191089159313e-02 -1.717237557815786547e-02 -1.436754851386122002e-02 -1.322334808256239724e-02 -1.290632785006467359e-02 -9.793572589792879854e-03 -7.570249337066381999e-03 -5.492304228569287565e-03 -1.445237040440059111e-03 -6.846546651292043529e-04 6.846546651292117255e-04 1.445237040440075157e-03 5.492304228569305780e-03 7.570249337066331692e-03 9.793572589792909344e-03 1.290632785006472737e-02 1.322334808256239030e-02 1.436754851386120267e-02 1.717237557815781343e-02 1.887334191089154456e-02 1.929970137726024632e-02 2.281884695661741402e-02 2.349115786885124998e-02 2.563337930834677647e-02 2.817907584569107060e-02
-2.324584006039022779e-02 -2.044671367997870012e-02 -1.974817170748347298e-02 -1.908551154554136847e-02 -1.597087809559708318e-02 -1.526535988776395528e-02 -1.368783784750690798e-02 -1.227458232834838063e-02 -1.079810149108531049e-02 -1.030055478260732092e-02 -8.510168980960318430e-03 -5.735654698755249595e-03 -4.827716915003041342e-03 -9.756099848492378636e-04 -2.623480766305443337e-04 2.623480766305124039e-04 9.756099848492079396e-04 4.827716915003056955e-03 5.735654698755215768e-03 8.510168980960255980e-03 1.030055478260729837e-02 1.079810149108532437e-02 1.227458232834838410e-02 1.368783784750694787e-02 1.526535988776396915e-02 1.597087809559703461e-02 1.908551154554138929e-02 1.974817170748332726e-02 2.044671367997870012e-02 2.324584006039022432e-02
-1.765600240492423006e-02 -1.556266936104636935e-02 -1.528754851124874969e-02 -1.497599559693916192e-02 -1.266344630839003928e-02 -1.131194075738226751e-02 -1.023265269971850022e-02 -9.809547799710494065e-03 -8.493309349970857083e-03 -7.508051091248726418e-03 -6.919463728358487935e-03 -4.063794276499739684e-03 -4.006689966085016583e-03 -5.726473155120091188e-04 -5.390417413342539580e-05 5.390417413342240069e-05 5.726473155120137808e-04 4.006689966085029593e-03 4.063794276499742286e-03 6.919463728358444567e-03 7.508051091248692591e-03 8.493309349970872696e-03 9.809547799710424676e-03 1.023265269971851237e-02 1.131194075738235424e-02 1.266344630839013122e-02 1.497599559693910121e-02 1.528754851124877571e-02 1.556266936104640577e-02 1.765600240492417455e-02
-1.185132099697871165e-02 -1.090078379666843851e-02 -1.045129797356714012e-02 -1.015827200596196647e-02 -8.921294401694652987e-03 -7.445452474905286076e-03 -7.003872653739535992e-03 -6.756543199599201154e-03 -5.951695632360531028e-03 -4.990809269743697561e-03 -4.854507574146306979e-03 -2.960503967191116872e-03 -2.560037614322757411e-03 -2.633352207964259682e-04 -2.104856894697414464e-04 2.104856894697368385e-04 2.633352207964268898e-04 2.560037614322743533e-03 2.960503967191098658e-03 4.854507574146303510e-03 4.990809269743727052e-03 5.951695632360583937e-03 6.756543199599255797e-03 7.003872653739564615e-03 7.445452474905289546e-03 8.921294401694673804e-03 1.015827200596204107e-02 1.045129797356718869e-02 1.090078379666853566e-02 1.185132099697867002e-02
-5.958959845799910796e-03 -5.726353922437421584e-03 -5.472667450400644368e-03 -5.061488185603827718e-03 -4.711961471431160356e-03 -3.723089275609802948e-03 -3.672439055468271034e-03 -3.367627474452212534e-03 -3.133690478776368551e-03 -2.694638227609589664e-03 -2.348900571974417602e-03 -1.638577852174701683e-03 -1.216355760264885245e-03 -1.912734545541133941e-04 -6.353925087450322171e-05 6.353925087450273382e-05 1.912734545541116865e-04 1.216355760264872451e-03 1.638577852174702334e-03 2.348900571974416301e-03 2.694638227609578388e-03 3.133690478776361612e-03 3.367627474452242024e-03 3.672439055468240243e-03 3.723089275609784733e-03 4.711961471431145611e-03 5.061488185603828585e-03 5.472667450400689471e-03 5.726353922437414645e-03 5.958959845799870897e-03
-5.138428346945470296e-08 -5.116569117921886443e-08 -4.896933856473799064e-08 -4.306964769259383150e-08 -4.249752626267151013e-08 -3.382646475264518433e-08 -3.091433661184626482e-08 -2.864022334656498486e-08 -2.822417459727349810e-08 -2.480857963920251353e-08 -1.937087521135121605e-08 -1.544945460068532333e-08 -1.002582304478461855e-08 -2.223656727147874489e-09 -7.275631276037558671e-11 7.275631276037341536e-11 2.223656727147862909e-09 1.002582304478468803e-08 1.544945460068527039e-08 1.937087521135116311e-08 2.480857963920252345e-08 2.822417459727335914e-08 2.864022334656491207e-08 3.091433661184627806e-08 3.382646475264541594e-08 4.249752626267154321e-08 4.306964769259373886e-08 4.896933856473793770e-08 5.116569117921901001e-08 5.138428346945468311e-08
