-3.176346089800247130e-01 -3.097863141139987619e-01 -2.785467471243924797e-01 -2.765135449749666630e-01 -2.640053903658670098e-01 -1.976124455858990214e-01 -1.804098760559826042e-01 -1.613281509433968364e-01 -1.417737574428114267e-01 -1.290617367284518646e-01 -1.139651132255220939e-01 -1.033494256709121123e-01 -9.262355655550159883e-02 -1.546865247752058671e-02 -1.250095787500239870e-02 1.250095787500238829e-02 1.546865247752057630e-02 9.262355655550114086e-02 1.033494256709115433e-01 1.139651132255213167e-01 1.290617367284520589e-01 1.417737574428131198e-01 1.613281509433979743e-01 1.804098760559808556e-01 1.976124455858987716e-01 2.640053903658691747e-01 2.765135449749672736e-01 2.785467471243930904e-01 3.097863141139997611e-01 3.176346089800251016e-01
-3.181637396108320526e-01 -3.090901295338873700e-01 -2.776296141575349541e-01 -2.760637208632287787e-01 -2.628003076658403381e-01 -1.976965963310896024e-01 -1.798955713632746367e-01 -1.610156926495170115e-01 -1.413757059701641616e-01 -1.291243461728041053e-01 -1.134247243158455903e-01 -1.020626106677971490e-01 -9.106734555589911240e-02 -1.554209931276255043e-02 -1.245804377966354057e-02 1.245804377966357873e-02 1.554209931276257645e-02 9.106734555589947322e-02 1.020626106677991057e-01 1.134247243158455209e-01 1.291243461728045772e-01 1.413757059701639673e-01 1.610156926495180940e-01 1.798955713632730269e-01 1.976965963310902408e-01 2.628003076658390613e-01 2.760637208632298334e-01 2.776296141575345100e-01 3.090901295338869259e-01 3.181637396108323856e-01
-3.186828284680348067e-01 -3.083401416817333485e-01 -2.767436989029009586e-01 -2.755705904628599212e-01 -2.615831054993559834e-01 -1.977702968829784802e-01 -1.793740680376008645e-01 -1.606749749910016956e-01 -1.409835726628365371e-01 -1.291913611459922784e-01 -1.128842673992236229e-01 -1.007482267092768280e-01 -8.949122835927583730e-02 -1.561680376153437057e-02 -1.241501388047976627e-02 1.241501388047964484e-02 1.561680376153432546e-02 8.949122835927524056e-02 1.007482267092758288e-01 1.128842673992239143e-01 1.291913611459915567e-01 1.409835726628373420e-01 1.606749749910010572e-01 1.793740680376007812e-01 1.977702968829804231e-01 2.615831054993551508e-01 2.755705904628593661e-01 2.767436989029000705e-01 3.083401416817324603e-01 3.186828284680359724e-01
-3.191923129819431715e-01 -3.075371367426809055e-01 -2.759732781214113140e-01 -2.749509671961468671e-01 -2.603535927674836548e-01 -1.978333461724241515e-01 -1.788456706670130958e-01 -1.603073528890145982e-01 -1.405967165326774126e-01 -1.292635296444749615e-01 -1.123451223664754944e-01 -9.940747248318682061e-02 -8.789713359284767602e-02 -1.569277485385748433e-02 -1.237182152125674943e-02 1.237182152125674943e-02 1.569277485385749474e-02 8.789713359284775929e-02 9.940747248318727858e-02 1.123451223664770626e-01 1.292635296444741844e-01 1.405967165326773571e-01 1.603073528890139043e-01 1.788456706670135121e-01 1.978333461724248177e-01 2.603535927674815453e-01 2.749509671961462010e-01 2.759732781214107589e-01 3.075371367426819047e-01 3.191923129819440597e-01
-3.196925737007340618e-01 -3.066819988836544386e-01 -2.753957350712697982e-01 -2.741284057219395831e-01 -2.591116553327557082e-01 -1.978855643785328022e-01 -1.783107647249043137e-01 -1.599142352271728795e-01 -1.402144832943310881e-01 -1.293414919990387157e-01 -1.118086117208409169e-01 -9.804157381820371997e-02 -8.628699331334206690e-02 -1.577001491170158809e-02 -1.232841672213385274e-02 1.232841672213387703e-02 1.577001491170162972e-02 8.628699331334074851e-02 9.804157381820410855e-02 1.118086117208399177e-01 1.293414919990375778e-01 1.402144832943300057e-01 1.599142352271731571e-01 1.783107647249034255e-01 1.978855643785322749e-01 2.591116553327573180e-01 2.741284057219411374e-01 2.753957350712713525e-01 3.066819988836547162e-01 3.196925737007353385e-01
-3.201839084831774040e-01 -3.057757174923583232e-01 -2.749539150233595852e-01 -2.731608472842529944e-01 -2.578572662945597949e-01 -1.979267911517403888e-01 -1.777698244703685149e-01 -1.594970769455992532e-01 -1.398362226207908454e-01 -1.294257559868365881e-01 -1.112759987791039767e-01 -9.665178133143714767e-02 -8.466274278017114907e-02 -1.584851839139845078e-02 -1.228474598167368821e-02 1.228474598167367954e-02 1.584851839139840915e-02 8.466274278017038579e-02 9.665178133143681460e-02 1.112759987791030469e-01 1.294257559868361995e-01 1.398362226207912062e-01 1.594970769455986981e-01 1.777698244703675989e-01 1.979267911517400003e-01 2.578572662945594063e-01 2.731608472842542712e-01 2.749539150233613061e-01 3.057757174923576571e-01 3.201839084831798465e-01
-3.206665017930282469e-01 -3.048193932821702257e-01 -2.745768178189540998e-01 -2.721199264111999194e-01 -2.565904959554210496e-01 -1.979568822305316500e-01 -1.772234202243954948e-01 -1.590573713127177435e-01 -1.394613140106538973e-01 -1.295166644850272997e-01 -1.107484855353146891e-01 -9.523936813760436326e-02 -8.302632104260049273e-02 -1.592827059611482549e-02 -1.224075206284557481e-02 1.224075206284559562e-02 1.592827059611481855e-02 8.302632104260038171e-02 9.523936813760489062e-02 1.107484855353151887e-01 1.295166644850272164e-01 1.394613140106542304e-01 1.590573713127179933e-01 1.772234202243954393e-01 1.979568822305311782e-01 2.565904959554210496e-01 2.721199264112001970e-01 2.745768178189549880e-01 3.048193932821700591e-01 3.206665017930292461e-01
-3.211403848281418338e-01 -3.038142451966094337e-01 -2.742354379168247536e-01 -2.710351283378129583e-01 -2.553115215568226848e-01 -1.979757043671640515e-01 -1.766722248787178651e-01 -1.585966420514589026e-01 -1.390892050022764503e-01 -1.296143524237644840e-01 -1.102272101951484451e-01 -9.380562761345007106e-02 -8.137967225580555741e-02 -1.600924624756670800e-02 -1.219637376027849461e-02 1.219637376027853798e-02 1.600924624756676698e-02 8.137967225580534925e-02 9.380562761344993228e-02 1.102272101951491806e-01 1.296143524237644284e-01 1.390892050022771997e-01 1.585966420514597630e-01 1.766722248787196692e-01 1.979757043671632466e-01 2.553115215568214080e-01 2.710351283378122367e-01 2.742354379168245870e-01 3.038142451966087121e-01 3.211403848281426110e-01
-3.216053820419029763e-01 -3.027616191970436965e-01 -2.739189826893104751e-01 -2.699175661389043301e-01 -2.540206368598313391e-01 -1.979831285005194397e-01 -1.761170194786992049e-01 -1.581164349364302668e-01 -1.387194670105658389e-01 -1.297186882932785945e-01 -1.097132443927702206e-01 -9.235187121228995155e-02 -7.972474765073871150e-02 -1.609140790544569613e-02 -1.215154564578664782e-02 1.215154564578665997e-02 1.609140790544569266e-02 7.972474765073785108e-02 9.235187121228874418e-02 1.097132443927707063e-01 1.297186882932776508e-01 1.387194670105657834e-01 1.581164349364298782e-01 1.761170194787003984e-01 1.979831285005175523e-01 2.540206368598323938e-01 2.699175661389048853e-01 2.739189826893096980e-01 3.027616191970423642e-01 3.216053820419029763e-01
-3.220610382683160022e-01 -3.016629997047485245e-01 -2.736227808314390386e-01 -2.687720653308010021e-01 -2.527182616453180208e-01 -1.979790211379786335e-01 -1.755586976920995579e-01 -1.576183084481993790e-01 -1.383518763181887101e-01 -1.298291932284907635e-01 -1.092075901059124943e-01 -9.087942632426707079e-02 -7.806350809345111164e-02 -1.617470422235879265e-02 -1.210619778879586626e-02 1.210619778879585239e-02 1.617470422235887245e-02 7.806350809345151409e-02 9.087942632426697365e-02 1.092075901059135767e-01 1.298291932284904304e-01 1.383518763181887934e-01 1.576183084481994068e-01 1.755586976920978370e-01 1.979790211379797993e-01 2.527182616453179098e-01 2.687720653308012242e-01 2.736227808314398713e-01 3.016629997047480805e-01 3.220610382683142814e-01
-3.225065181767115541e-01 -3.005200244166179036e-01 -2.733443681388568747e-01 -2.676010681293203852e-01 -2.514049512076156900e-01 -1.979632339341654834e-01 -1.749982689310609907e-01 -1.571038230825625992e-01 -1.379865310067399931e-01 -1.299449274419408606e-01 -1.087111762888274963e-01 -8.938963417848087845e-02 -7.639792717988594384e-02 -1.625906802154361910e-02 -1.206025544794657456e-02 1.206025544794656588e-02 1.625906802154359829e-02 7.639792717988548587e-02 8.938963417848097559e-02 1.087111762888268718e-01 1.299449274419411660e-01 1.379865310067375228e-01 1.571038230825626825e-01 1.749982689310609907e-01 1.979632339341662051e-01 2.514049512076153570e-01 2.676010681293204407e-01 2.733443681388559865e-01 3.005200244166158496e-01 3.225065181767121092e-01
-3.229404658909746928e-01 -2.993345033320910509e-01 -2.730821140664954072e-01 -2.664059931422566030e-01 -2.500814059105149201e-01 -1.979355914836093411e-01 -1.744368598350231059e-01 -1.565745289803237850e-01 -1.376240191130152779e-01 -1.300643292398961370e-01 -1.082248552469541186e-01 -8.788384778378810491e-02 -7.472999482137734906e-02 -1.634441418429811999e-02 -1.201363872984306108e-02 1.201363872984309057e-02 1.634441418429811652e-02 7.472999482137678007e-02 8.788384778378795226e-02 1.082248552469545627e-01 1.300643292398958872e-01 1.376240191130146950e-01 1.565745289803239793e-01 1.744368598350240496e-01 1.979355914836085917e-01 2.500814059105139764e-01 2.664059931422557148e-01 2.730821140664947411e-01 2.993345033320908843e-01 3.229404658909749704e-01
-3.233608069127750784e-01 -2.981084431015154079e-01 -2.728346622051564530e-01 -2.651877761941154876e-01 -2.487484808627174748e-01 -1.978958773792985903e-01 -1.738757137496630689e-01 -1.560319516815928120e-01 -1.372656588985479431e-01 -1.301849861626313831e-01 -1.077493987817091936e-01 -8.636342990608607273e-02 -7.306172128352982076e-02 -1.643063733414805438e-02 -1.196626221071146919e-02 1.196626221071146225e-02 1.643063733414798500e-02 7.306172128352934891e-02 8.636342990608616987e-02 1.077493987817093324e-01 1.301849861626318272e-01 1.372656588985473047e-01 1.560319516815928675e-01 1.738757137496629301e-01 1.978958773792985626e-01 2.487484808627177524e-01 2.651877761941158762e-01 2.728346622051571191e-01 2.981084431015137426e-01 3.233608069127753004e-01
-3.237644667749812744e-01 -2.968440782603002925e-01 -2.726006618174878771e-01 -2.639471134750381309e-01 -2.474071957476259298e-01 -1.978438186314767089e-01 -1.733161877553190955e-01 -1.554775760316995936e-01 -1.369138372038564422e-01 -1.303033125432308814e-01 -1.072854941386790772e-01 -8.482975108137301434e-02 -7.139514164618776526e-02 -1.651760930546351813e-02 -1.191803451667020584e-02 1.191803451667013819e-02 1.651760930546349038e-02 7.139514164618777914e-02 8.482975108137290332e-02 1.072854941386794242e-01 1.303033125432303818e-01 1.369138372038561091e-01 1.554775760316992606e-01 1.733161877553185404e-01 1.978438186314764591e-01 2.474071957476250694e-01 2.639471134750383530e-01 2.726006618174884322e-01 2.968440782602995154e-01 3.237644667749839944e-01
-3.241469720619812867e-01 -2.955439116079581208e-01 -2.723786119398641237e-01 -2.626845831233389772e-01 -2.460587448056819060e-01 -1.977790685949412375e-01 -1.727597467148701271e-01 -1.549128285833720475e-01 -1.365724704272107404e-01 -1.304141089577135482e-01 -1.068337397979715331e-01 -8.328418766597296685e-02 -6.973232065433683513e-02 -1.660517638588893813e-02 -1.186885785849343782e-02 1.186885785849342047e-02 1.660517638588891037e-02 6.973232065433676574e-02 8.328418766597205092e-02 1.068337397979718800e-01 1.304141089577139645e-01 1.365724704272101020e-01 1.549128285833698548e-01 1.727597467148692945e-01 1.977790685949413485e-01 2.460587448056806847e-01 2.626845831233394213e-01 2.723786119398632910e-01 2.955439116079583428e-01 3.241469720619810646e-01
-3.245018944351442114e-01 -2.942107670244213935e-01 -2.721667478891577896e-01 -2.614007119837807314e-01 -2.447045069114637261e-01 -1.977011886222802273e-01 -1.722079537359406387e-01 -1.543390592540827000e-01 -1.362475878876659996e-01 -1.305100034635353068e-01 -1.063946411513335966e-01 -8.172811992815513793e-02 -6.807535792833960264e-02 -1.669315632499972224e-02 -1.181862751726934710e-02 1.181862751726929159e-02 1.669315632499968061e-02 6.807535792833943611e-02 8.172811992815608162e-02 1.063946411513335133e-01 1.305100034635356121e-01 1.362475878876659996e-01 1.543390592540830886e-01 1.722079537359421653e-01 1.977011886222795334e-01 2.447045069114657523e-01 2.614007119837810089e-01 2.721667478891590108e-01 2.942107670244226703e-01 3.245018944351454326e-01
-3.248201128109667324e-01 -2.928478595345505031e-01 -2.719629373059995747e-01 -2.600960154869264018e-01 -2.433460556062712887e-01 -1.976096287509671312e-01 -1.716624563902041933e-01 -1.537575234993567297e-01 -1.359479513976075138e-01 -1.305808599938889369e-01 -1.059686061170442978e-01 -8.016293018904782630e-02 -6.642639349615434008e-02 -1.678133510669075831e-02 -1.176723127836974692e-02 1.176723127836972263e-02 1.678133510669072362e-02 6.642639349615417355e-02 8.016293018904797896e-02 1.059686061170450055e-01 1.305808599938894365e-01 1.359479513976068754e-01 1.537575234993555917e-01 1.716624563902048040e-01 1.976096287509672700e-01 2.433460556062712887e-01 2.600960154869256802e-01 2.719629373060009625e-01 2.928478595345503921e-01 3.248201128109671765e-01
-3.250889432985448191e-01 -2.914588896430503895e-01 -2.717645658849734414e-01 -2.587710233931365122e-01 -2.419851688325111994e-01 -1.975037078505820221e-01 -1.711249680208620505e-01 -1.531693668292102295e-01 -1.356854199976453568e-01 -1.306134435805978711e-01 -1.055559407503877251e-01 -7.859000102529700715e-02 -6.478761359901702432e-02 -1.686946349077963342e-02 -1.171454881284986552e-02 1.171454881284985337e-02 1.686946349077964730e-02 6.478761359901719086e-02 7.859000102529689613e-02 1.055559407503873920e-01 1.306134435805991478e-01 1.356854199976455788e-01 1.531693668292109789e-01 1.711249680208627166e-01 1.975037078505832988e-01 2.419851688325095340e-01 2.587710233931365122e-01 2.717645658849694446e-01 2.914588896430516107e-01 3.250889432985448191e-01
-3.252914003822551803e-01 -2.900481721328175833e-01 -2.715683962849947397e-01 -2.574262976700457672e-01 -2.406238379603008737e-01 -1.973825938112825085e-01 -1.705972435189140879e-01 -1.525756140911658232e-01 -1.354744424184099738e-01 -1.305919578106156942e-01 -1.051568449145666023e-01 -7.701071355156856313e-02 -6.316125670425649929e-02 -1.695725334133001139e-02 -1.166045100806193009e-02 1.166045100806196826e-02 1.695725334133000445e-02 6.316125670425679073e-02 7.701071355156870191e-02 1.051568449145668105e-01 1.305919578106160828e-01 1.354744424184115281e-01 1.525756140911657954e-01 1.705972435189143932e-01 1.973825938112838685e-01 2.406238379602995414e-01 2.574262976700441019e-01 2.715683962849954058e-01 2.900481721328190821e-01 3.252914003822559019e-01
-3.254062849391509138e-01 -2.886208139158378816e-01 -2.713703823155706463e-01 -2.560624458215292054e-01 -2.392642754891171064e-01 -1.972452845550237976e-01 -1.700810490795064689e-01 -1.519771665310563624e-01 -1.353299061546599236e-01 -1.305002228732340119e-01 -1.047714080841544021e-01 -7.542644580767342288e-02 -6.154961963252278401e-02 -1.704437377675980386e-02 -1.160479925322360946e-02 1.160479925322360599e-02 1.704437377675982121e-02 6.154961963252254115e-02 7.542644580767403351e-02 1.047714080841549433e-01 1.305002228732337899e-01 1.353299061546595350e-01 1.519771665310560571e-01 1.700810490795066632e-01 1.972452845550225764e-01 2.392642754891165513e-01 2.560624458215294275e-01 2.713703823155699801e-01 2.886208139158365493e-01 3.254062849391533563e-01
-3.254102757384056965e-01 -2.871829611724213138e-01 -2.711654163184656907e-01 -2.546801315704728119e-01 -2.379089205388642547e-01 -1.970905909061399786e-01 -1.695781256779939905e-01 -1.513748102008860008e-01 -1.352633270588079195e-01 -1.303255067405025558e-01 -1.043996053601281143e-01 -7.383857128312672213e-02 -5.995506366953353566e-02 -1.713044720188054010e-02 -1.154744469140153544e-02 1.154744469140159095e-02 1.713044720188057826e-02 5.995506366953362587e-02 7.383857128312704132e-02 1.043996053601278645e-01 1.303255067405027223e-01 1.352633270588071979e-01 1.513748102008853069e-01 1.695781256779943791e-01 1.970905909061378136e-01 2.379089205388653094e-01 2.546801315704734225e-01 2.711654163184660238e-01 2.871829611724227571e-01 3.254102757384041977e-01
-3.252828553933183597e-01 -2.857421419584845190e-01 -2.709469824825549988e-01 -2.532800840976857093e-01 -2.365604409073119863e-01 -1.969171226744723113e-01 -1.690901463380851122e-01 -1.507692398396862088e-01 -1.352791847552475835e-01 -1.300621997353310078e-01 -1.040412937820257844e-01 -7.224845762145575001e-02 -5.838002048138388883e-02 -1.721504531706449445e-02 -1.148822745741747385e-02 1.148822745741748079e-02 1.721504531706441812e-02 5.838002048138331290e-02 7.224845762145561123e-02 1.040412937820256595e-01 1.300621997353314241e-01 1.352791847552460847e-01 1.507692398396852373e-01 1.690901463380840297e-01 1.969171226744713954e-01 2.365604409073117365e-01 2.532800840976852652e-01 2.709469824825551654e-01 2.857421419584826316e-01 3.252828553933170830e-01
-3.250126373169130445e-01 -2.843077327684089828e-01 -2.707066869343197624e-01 -2.518631066949962305e-01 -2.352217300627262586e-01 -1.967232796834757214e-01 -1.686186676923089878e-01 -1.501611030391228896e-01 -1.353740185417740827e-01 -1.297127122610381433e-01 -1.036962090281330906e-01 -7.065746555777274729e-02 -5.682699758375357041e-02 -1.729768524784060582e-02 -1.142697593231416578e-02 1.142697593231412068e-02 1.729768524784065439e-02 5.682699758375362592e-02 7.065746555777310811e-02 1.036962090281338678e-01 1.297127122610381988e-01 1.353740185417736386e-01 1.501611030391228063e-01 1.686186676923096817e-01 1.967232796834758879e-01 2.352217300627254259e-01 2.518631066949959529e-01 2.707066869343207061e-01 2.843077327684077615e-01 3.250126373169134886e-01
-3.246010053117467931e-01 -2.828915644762887149e-01 -2.704336487449160997e-01 -2.504300855353502331e-01 -2.338958969703725799e-01 -1.965072499067333223e-01 -1.681650768280167629e-01 -1.495510706276784729e-01 -1.355387465468007036e-01 -1.292851257501296258e-01 -1.033639625983197446e-01 -6.906694815654451647e-02 -5.529858302448532881e-02 -1.737782600291732510e-02 -1.136350606012890077e-02 1.136350606012891291e-02 1.737782600291728000e-02 5.529858302448550228e-02 6.906694815654446096e-02 1.033639625983202859e-01 1.292851257501300422e-01 1.355387465467998986e-01 1.495510706276785839e-01 1.681650768280176789e-01 1.965072499067325174e-01 2.338958969703712198e-01 2.504300855353507327e-01 2.704336487449168769e-01 2.828915644762873272e-01 3.246010053117452387e-01
-3.240602746162494774e-01 -2.815086253866546651e-01 -2.701137938218166057e-01 -2.489819992157745465e-01 -2.325862461474841880e-01 -1.962670173292233866e-01 -1.677305349167289850e-01 -1.489399413627708613e-01 -1.357620548055296084e-01 -1.287897403407829433e-01 -1.030440395753194349e-01 -6.747825043253517785e-02 -5.379744882057405087e-02 -1.745486555389992589e-02 -1.129762079294830551e-02 1.129762079294835929e-02 1.745486555389996752e-02 5.379744882057437005e-02 6.747825043253526112e-02 1.030440395753191157e-01 1.287897403407824715e-01 1.357620548055290255e-01 1.489399413627715552e-01 1.677305349167298731e-01 1.962670173292225262e-01 2.325862461474840492e-01 2.489819992157749906e-01 2.701137938218172718e-01 2.815086253866561083e-01 3.240602746162522529e-01
-3.234083336166617695e-01 -2.801776579218180907e-01 -2.697292549404470274e-01 -2.475199297507146845e-01 -2.312962448592176534e-01 -1.960003825647033682e-01 -1.673159195680533617e-01 -1.483287932784203567e-01 -1.360327779659176728e-01 -1.282365830517741834e-01 -1.027357970579876739e-01 -6.589270945759471976e-02 -5.232635253913641565e-02 -1.752813893964582162e-02 -1.122910975683567673e-02 1.122910975683570102e-02 1.752813893964586672e-02 5.232635253913602014e-02 6.589270945759474751e-02 1.027357970579861751e-01 1.282365830517753769e-01 1.360327779659170344e-01 1.483287932784185525e-01 1.673159195680535283e-01 1.960003825647022857e-01 2.312962448592197073e-01 2.475199297507159335e-01 2.697292549404458617e-01 2.801776579218173691e-01 3.234083336166622136e-01
-3.226637054950954875e-01 -2.789211067934674326e-01 -2.692584199054362526e-01 -2.460450757635829488e-01 -2.300294740021291418e-01 -1.957049995383925434e-01 -1.669217681495978600e-01 -1.477192022485731560e-01 -1.363407957997316011e-01 -1.276343292689671727e-01 -1.024384633531564975e-01 -6.431165508043459877e-02 -5.088813622202469078e-02 -1.759691793515029065e-02 -1.115774926566556052e-02 1.115774926566547726e-02 1.759691793515032535e-02 5.088813622202480180e-02 6.431165508043475143e-02 1.024384633531573996e-01 1.276343292689663123e-01 1.363407957997304631e-01 1.477192022485723788e-01 1.669217681495975547e-01 1.957049995383917940e-01 2.300294740021301410e-01 2.460450757635840313e-01 2.692584199054353644e-01 2.789211067934682098e-01 3.226637054950969308e-01
-3.218428855690182999e-01 -2.777634133009051487e-01 -2.686776330791917911e-01 -2.445587687344573102e-01 -2.287895591090221281e-01 -1.953784315404971106e-01 -1.665482243981351584e-01 -1.471135636401356139e-01 -1.366768977084964753e-01 -1.269901469758160373e-01 -1.021511379999130581e-01 -6.273641141792547782e-02 -4.948572162213873971e-02 -1.766041298941778762e-02 -1.108330285358965703e-02 1.108330285358958764e-02 1.766041298941772864e-02 4.948572162213866338e-02 6.273641141792575537e-02 1.021511379999131691e-01 1.269901469758146773e-01 1.366768977084965586e-01 1.471135636401354196e-01 1.665482243981350752e-01 1.953784315404995531e-01 2.287895591090214342e-01 2.445587687344571437e-01 2.686776330791915690e-01 2.777634133009040385e-01 3.218428855690183554e-01
-3.209595850666471795e-01 -2.767266155521467819e-01 -2.679655904026030377e-01 -2.430624933085787087e-01 -2.275800782238669717e-01 -1.950182294859258425e-01 -1.661949904695448343e-01 -1.465155804458406763e-01 -1.370320887376392238e-01 -1.263099245465038878e-01 -1.018727926799360972e-01 -6.116829931775671220e-02 -4.812210044686921623e-02 -1.771777832408659090e-02 -1.100552255093997442e-02 1.100552255093998830e-02 1.771777832408664294e-02 4.812210044686885541e-02 6.116829931775672607e-02 1.018727926799357641e-01 1.263099245465028608e-01 1.370320887376383912e-01 1.465155804458416200e-01 1.661949904695446678e-01 1.950182294859253429e-01 2.275800782238661113e-01 2.430624933085800132e-01 2.679655904026043700e-01 2.767266155521465598e-01 3.209595850666458472e-01
-3.200249347988887716e-01 -2.758237378681985263e-01 -2.671099446172540692e-01 -2.415579128547472310e-01 -2.264044443219145331e-01 -1.946220340804301896e-01 -1.658612861367471381e-01 -1.459310279042827785e-01 -1.373965303018408468e-01 -1.255985771233497639e-01 -1.016022730388106976e-01 -5.960864004850774389e-02 -4.680031799911153756e-02 -1.776812128085382761e-02 -1.092415119327493599e-02 1.092415119327495854e-02 1.776812128085388659e-02 4.680031799911133633e-02 5.960864004850777165e-02 1.016022730388104062e-01 1.255985771233498749e-01 1.373965303018417072e-01 1.459310279042842773e-01 1.658612861367469993e-01 1.946220340804303839e-01 2.264044443219150327e-01 2.415579128547462040e-01 2.671099446172534031e-01 2.758237378681970831e-01 3.200249347988898263e-01
-3.190479942445808015e-01 -2.750534128881460538e-01 -2.661126772023373332e-01 -2.400469016871622507e-01 -2.252657616259851059e-01 -1.941877016376644116e-01 -1.655458162002802491e-01 -1.453689729007561771e-01 -1.377580562019927457e-01 -1.248603116849976158e-01 -1.013383014044804548e-01 -5.805876055212657455e-02 -4.552344828976064017e-02 -1.781051718299695233e-02 -1.083892612795746800e-02 1.083892612795745586e-02 1.781051718299704947e-02 4.552344828976016833e-02 5.805876055212660231e-02 1.013383014044804409e-01 1.248603116849966305e-01 1.377580562019922183e-01 1.453689729007547615e-01 1.655458162002788891e-01 1.941877016376638010e-01 2.252657616259836626e-01 2.400469016871619454e-01 2.661126772023355014e-01 2.750534128881452767e-01 3.190479942445790806e-01
-3.180362669523373320e-01 -2.743999121093470550e-01 -2.649900614021376000e-01 -2.385315856318163119e-01 -2.241666576003002176e-01 -1.937134504880813346e-01 -1.652467464283398635e-01 -1.448436810582462986e-01 -1.381000592213445233e-01 -1.240988224858644295e-01 -1.010794803397381258e-01 -5.652000070831509487e-02 -4.429455840601258243e-02 -1.784403108628323728e-02 -1.074958476350901075e-02 1.074958476350900555e-02 1.784403108628320259e-02 4.429455840601245753e-02 5.652000070831521283e-02 1.010794803397379454e-01 1.240988224858633610e-01 1.381000592213449674e-01 1.448436810582445777e-01 1.652467464283391696e-01 1.937134504880825558e-01 2.241666576003019107e-01 2.385315856318160621e-01 2.649900614021374889e-01 2.743999121093471660e-01 3.180362669523399965e-01
-3.169961258446184482e-01 -2.738386113692317658e-01 -2.637671900456100560e-01 -2.370143929247756076e-01 -2.231090953661738208e-01 -1.931980214723756917e-01 -1.649616876255785292e-01 -1.443772820438711801e-01 -1.383986726409003332e-01 -1.233174228068300154e-01 -1.008242969058763816e-01 -5.499372323150642644e-02 -4.311665971638765915e-02 -1.786774776342900384e-02 -1.065587248633313375e-02 1.065587248633304181e-02 1.786774776342885812e-02 4.311665971638777711e-02 5.499372323150654440e-02 1.008242969058757016e-01 1.233174228068298350e-01 1.383986726409002777e-01 1.443772820438713467e-01 1.649616876255781128e-01 1.931980214723776623e-01 2.231090953661745424e-01 2.370143929247760239e-01 2.637671900456103335e-01 2.738386113692325430e-01 3.169961258446183927e-01
-3.159331367997623707e-01 -2.733426966005138570e-01 -2.624712631485439651e-01 -2.354981177512707746e-01 -2.220941742738164748e-01 -1.926408424198134961e-01 -1.646876868821227913e-01 -1.440021866177015886e-01 -1.386202401372134130e-01 -1.225191276728292283e-01 -1.005711274457944809e-01 -5.348132708455122925e-02 -4.199264345303473089e-02 -1.788081099320419295e-02 -1.055755353364130726e-02 1.055755353364131593e-02 1.788081099320425887e-02 4.199264345303450885e-02 5.348132708455105577e-02 1.005711274457939397e-01 1.225191276728278544e-01 1.386202401372126636e-01 1.440021866177018661e-01 1.646876868821223472e-01 1.926408424198145231e-01 2.220941742738178626e-01 2.354981177512710799e-01 2.624712631485447978e-01 2.733426966005131908e-01 3.159331367997613715e-01
-3.148522958758473989e-01 -2.728875928197199707e-01 -2.611271527826591332e-01 -2.339859989950510144e-01 -2.211219286491949709e-01 -1.920421835512302333e-01 -1.644212247975728181e-01 -1.437591331006397855e-01 -1.387231845116395079e-01 -1.217067017158920406e-01 -1.003182426203781674e-01 -5.198426570966303839e-02 -4.092519841162612498e-02 -1.788247259110994566e-02 -1.045442543906900668e-02 1.045442543906903096e-02 1.788247259110989362e-02 4.092519841162622213e-02 5.198426570966335064e-02 1.003182426203774180e-01 1.217067017158917769e-01 1.387231845116393691e-01 1.437591331006396467e-01 1.644212247975717356e-01 1.920421835512293729e-01 2.211219286491949987e-01 2.339859989950506536e-01 2.611271527826595218e-01 2.728875928197187495e-01 3.148522958758457890e-01
-3.137581999303718505e-01 -2.724526238696824421e-01 -2.597557382510212176e-01 -2.324818167700966609e-01 -2.201911355926852720e-01 -1.914032892985892131e-01 -1.641582175959042100e-01 -1.436840909392197996e-01 -1.386710390204742294e-01 -1.208826834612003742e-01 -1.000638123578633382e-01 -5.050407205299495966e-02 -3.991670898097937625e-02 -1.787215051159595641e-02 -1.034633762785165147e-02 1.034633762785164800e-02 1.787215051159591131e-02 3.991670898097949421e-02 5.050407205299525804e-02 1.000638123578636574e-01 1.208826834612012902e-01 1.386710390204740351e-01 1.436840909392206322e-01 1.641582175959048762e-01 1.914032892985907397e-01 2.201911355926850222e-01 2.324818167700954952e-01 2.597557382510213841e-01 2.724526238696829972e-01 3.137581999303730718e-01
-3.126551676966730642e-01 -2.720209908489044093e-01 -2.583739242843547945e-01 -2.309900085927300284e-01 -2.192991418774213885e-01 -1.907264727794889536e-01 -1.638940235931194145e-01 -1.437874715111590873e-01 -1.384531857256787457e-01 -1.200493943671003816e-01 -9.980591031160711279e-02 -4.904239348417498146e-02 -3.896913235708805712e-02 -1.784949371783624630e-02 -1.023321459211633949e-02 1.023321459211629959e-02 1.784949371783633998e-02 3.896913235708818896e-02 4.904239348417506472e-02 9.980591031160772342e-02 1.200493943671015196e-01 1.384531857256786069e-01 1.437874715111606416e-01 1.638940235931198308e-01 1.907264727794886483e-01 2.192991418774225543e-01 2.309900085927318880e-01 2.583739242843536288e-01 2.720209908489056305e-01 3.126551676966736748e-01
-3.115473243885849564e-01 -2.715791172095839978e-01 -2.569952949579421553e-01 -2.295158046400737062e-01 -2.184417182849290040e-01 -1.900151622503110094e-01 -1.636234544574822480e-01 -1.440480765751615821e-01 -1.380908673111791718e-01 -1.192089386047946314e-01 -9.954251738036201669e-02 -4.760104163352436857e-02 -3.808385422465668940e-02 -1.781444942962449526e-02 -1.011508377949721718e-02 1.011508377949724494e-02 1.781444942962456812e-02 3.808385422465650205e-02 4.760104163352422979e-02 9.954251738036261343e-02 1.192089386047940486e-01 1.380908673111792828e-01 1.440480765751608050e-01 1.636234544574805272e-01 1.900151622503106486e-01 2.184417182849294203e-01 2.295158046400738450e-01 2.569952949579420998e-01 2.715791172095820549e-01 3.115473243885837351e-01
-3.104386594183529136e-01 -2.711159196836341878e-01 -2.556308448031732738e-01 -2.280653754974998892e-01 -2.176129496305878597e-01 -1.892738937023430157e-01 -1.633407930813323139e-01 -1.444295796014414546e-01 -1.376206754246681596e-01 -1.183631978646435545e-01 -9.927152384422804898e-02 -4.618206553693049443e-02 -3.726152150397300106e-02 -1.776732610522322939e-02 -9.992107840284265852e-03 9.992107840284236361e-03 1.776732610522317735e-02 3.726152150397300800e-02 4.618206553693054994e-02 9.927152384422777143e-02 1.183631978646430272e-01 1.376206754246689090e-01 1.444295796014407884e-01 1.633407930813317865e-01 1.892738937023429879e-01 2.176129496305888034e-01 2.280653754974985847e-01 2.556308448031735514e-01 2.711159196836344654e-01 3.104386594183524695e-01
-3.093330641826095295e-01 -2.706222087661607767e-01 -2.542895838663247754e-01 -2.266459727260540513e-01 -2.168051749084407009e-01 -1.885082491564790963e-01 -1.630398215829683140e-01 -1.448981829523580400e-01 -1.370768716535301357e-01 -1.175138242962530805e-01 -9.899072972968717132e-02 -4.478786253394821670e-02 -3.650184720343394723e-02 -1.770884361603742435e-02 -9.864620180771747557e-03 9.864620180771829089e-03 1.770884361603745211e-02 3.650184720343377376e-02 4.478786253394804323e-02 9.899072972968597783e-02 1.175138242962523449e-01 1.370768716535302190e-01 1.448981829523583453e-01 1.630398215829682584e-01 1.885082491564789298e-01 2.168051749084408952e-01 2.266459727260529966e-01 2.542895838663260522e-01 2.706222087661596665e-01 3.093330641826099181e-01
-3.082343549988650899e-01 -2.700902552795155787e-01 -2.529789804089210836e-01 -2.252660175926571862e-01 -2.160090108341521653e-01 -1.877247447534031721e-01 -1.627138648170625701e-01 -1.454288788983427172e-01 -1.364851125271517307e-01 -1.166622338767596412e-01 -9.869784316139937341e-02 -4.342135252293797404e-02 -3.580337282931831538e-02 -1.764016124679557845e-02 -9.733161887393019032e-03 9.733161887392911479e-03 1.764016124679533212e-02 3.580337282931824600e-02 4.342135252293818221e-02 9.869784316139917912e-02 1.166622338767601408e-01 1.364851125271512866e-01 1.454288788983426617e-01 1.627138648170637636e-01 1.877247447534030056e-01 2.160090108341529425e-01 2.252660175926573805e-01 2.529789804089217498e-01 2.700902552795146350e-01 3.082343549988658116e-01
-3.071462849598348699e-01 -2.695135011748288068e-01 -2.517052629468994329e-01 -2.239350523879103383e-01 -2.152135288898543442e-01 -1.869306753989513070e-01 -1.623558565029139256e-01 -1.460046334159114390e-01 -1.358632589434801419e-01 -1.158096019246283720e-01 -9.839047670849604410e-02 -4.208626213882940559e-02 -3.516315269091681989e-02 -1.756287509629924498e-02 -9.598517106560100140e-03 9.598517106560096671e-03 1.756287509629931437e-02 3.516315269091689621e-02 4.208626213882924599e-02 9.839047670849593308e-02 1.158096019246286079e-01 1.358632589434802251e-01 1.460046334159113834e-01 1.623558565029154244e-01 1.869306753989514458e-01 2.152135288898545940e-01 2.239350523879103660e-01 2.517052629468994329e-01 2.695135011748293619e-01 3.071462849598343703e-01
-3.060725475222558778e-01 -2.688863806270969103e-01 -2.504736150059683197e-01 -2.226634175580283204e-01 -2.144067057823233202e-01 -1.861339233081996947e-01 -1.619584362059865723e-01 -1.466139803878222236e-01 -1.352237814847631059e-01 -1.149568620328036000e-01 -9.806614210468887760e-02 -4.078760502256564141e-02 -3.457628243083817748e-02 -1.747897952858452203e-02 -9.461743054563025862e-03 9.461743054563036270e-03 1.747897952858462264e-02 3.457628243083817055e-02 4.078760502256552345e-02 9.806614210468901638e-02 1.149568620328027119e-01 1.352237814847617736e-01 1.466139803878215853e-01 1.619584362059858784e-01 1.861339233081993061e-01 2.144067057823230704e-01 2.226634175580277930e-01 2.504736150059690414e-01 2.688863806270959667e-01 3.060725475222580982e-01
-3.050167739045843152e-01 -2.682042209519584497e-01 -2.492882920917161016e-01 -2.214614903041536020e-01 -2.135762960306925584e-01 -1.853427370466055879e-01 -1.615140852476354139e-01 -1.472490330080591381e-01 -1.345757534868237959e-01 -1.141047093136026147e-01 -9.772224421767182478e-02 -3.953251693445243575e-02 -3.403511692317632426e-02 -1.739079225179675919e-02 -9.324190219804748617e-03 9.324190219804753821e-03 1.739079225179688409e-02 3.403511692317639364e-02 3.953251693445256065e-02 9.772224421767157498e-02 1.141047093136018931e-01 1.345757534868242122e-01 1.472490330080593601e-01 1.615140852476343036e-01 1.853427370466060320e-01 2.135762960306901992e-01 2.214614903041509930e-01 2.492882920917156575e-01 2.682042209519590048e-01 3.050167739045842041e-01
-3.039825257202558584e-01 -2.674631998730307991e-01 -2.481526830705995668e-01 -2.203383943681916368e-01 -2.127112045562814246e-01 -1.845654870199238962e-01 -1.610153073657614453e-01 -1.479041687780443814e-01 -1.339261736081335807e-01 -1.132536084860590458e-01 -9.735607574523143237e-02 -3.833172002608560558e-02 -3.352790110958123876e-02 -1.730084835635369370e-02 -9.187508251233749562e-03 9.187508251233782522e-03 1.730084835635370064e-02 3.352790110958133590e-02 3.833172002608560558e-02 9.735607574523109931e-02 1.132536084860592263e-01 1.339261736081325815e-01 1.479041687780444647e-01 1.610153073657617229e-01 1.845654870199235076e-01 2.127112045562811471e-01 2.203383943681911650e-01 2.481526830705987341e-01 2.674631998730300220e-01 3.039825257202553588e-01
-3.029732836523900130e-01 -2.666603423539869455e-01 -2.470693313681417980e-01 -2.193003489047794796e-01 -2.118031833312625789e-01 -1.838104043223065809e-01 -1.604548549515625866e-01 -1.485752174110920310e-01 -1.332807860857190829e-01 -1.124038069816640228e-01 -9.696481477371222957e-02 -3.720197598841998299e-02 -3.303644588919830288e-02 -1.721177370181584815e-02 -9.053633683786387054e-03 9.053633683786388789e-03 1.721177370181590019e-02 3.303644588919835839e-02 3.720197598842013564e-02 9.696481477371204916e-02 1.124038069816644253e-01 1.332807860857187499e-01 1.485752174110911150e-01 1.604548549515631417e-01 1.838104043223084405e-01 2.118031833312620515e-01 2.193003489047781474e-01 2.470693313681416869e-01 2.666603423539895545e-01 3.029732836523895689e-01
-3.019924323620138962e-01 -2.657935457926990375e-01 -2.460399259671230965e-01 -2.183492048918313222e-01 -2.108483003258834476e-01 -1.830853132296582364e-01 -1.598259939352604242e-01 -1.492589680238843031e-01 -1.326445790802862346e-01 -1.115553529138494926e-01 -9.654552795985058000e-02 -3.616942052049264972e-02 -3.253294382944846991e-02 -1.712615093805041483e-02 -8.924757066531089841e-03 8.924757066531082902e-03 1.712615093805024830e-02 3.253294382944826868e-02 3.616942052049255951e-02 9.654552795985081592e-02 1.115553529138487848e-01 1.326445790802871227e-01 1.492589680238841088e-01 1.598259939352597581e-01 1.830853132296593189e-01 2.108483003258838362e-01 2.183492048918316830e-01 2.460399259671230965e-01 2.657935457927008138e-01 3.019924323620135076e-01
-3.010432412433710070e-01 -2.648616270149573571e-01 -2.450652679880118978e-01 -2.174818944970892121e-01 -2.098474565904903666e-01 -1.823973728592140631e-01 -1.591227911227693081e-01 -1.499528699576467838e-01 -1.320220826658050628e-01 -1.107081174948605640e-01 -9.609518255794266550e-02 -3.527082428544862230e-02 -3.197886457572444996e-02 -1.704639137416170264e-02 -8.803269064337959290e-03 8.803269064337954086e-03 1.704639137416184488e-02 3.197886457572438057e-02 3.527082428544869169e-02 9.609518255794249897e-02 1.107081174948604668e-01 1.320220826658040081e-01 1.499528699576468671e-01 1.591227911227693637e-01 1.823973728592132304e-01 2.098474565904906719e-01 2.174818944970885182e-01 2.450652679880108709e-01 2.648616270149570240e-01 3.010432412433724503e-01
-3.001288401622640989e-01 -2.638643885407251366e-01 -2.441452152639546624e-01 -2.166911628463702166e-01 -2.088055873399379536e-01 -1.817528484287863066e-01 -1.583403999238826021e-01 -1.506548496705070184e-01 -1.314175385549774810e-01 -1.098618213556053630e-01 -9.561067064295589168e-02 -3.454366118641070960e-02 -3.133503470022842852e-02 -1.697462304170538686e-02 -8.691687351781470297e-03 8.691687351781543155e-03 1.697462304170539726e-02 3.133503470022841464e-02 3.454366118641056388e-02 9.561067064295591944e-02 1.098618213556044193e-01 1.314175385549759545e-01 1.506548496705069629e-01 1.583403999238820747e-01 1.817528484287843638e-01 2.088055873399377593e-01 2.166911628463712158e-01 2.441452152639536632e-01 2.638643885407258582e-01 3.001288401622639324e-01
-2.992521890181532029e-01 -2.628027053051882334e-01 -2.432786043843176427e-01 -2.159672500762075953e-01 -2.077298878197657850e-01 -1.811569339691232461e-01 -1.574753189825527644e-01 -1.513631943590796336e-01 -1.308349820879662340e-01 -1.090160642972553967e-01 -9.508884849561104191e-02 -3.400144437622292654e-02 -3.058642984847415036e-02 -1.691260066298052450e-02 -8.592568178913160409e-03 8.592568178913167348e-03 1.691260066298051409e-02 3.058642984847417812e-02 3.400144437622300980e-02 9.508884849561133334e-02 1.090160642972556326e-01 1.308349820879665670e-01 1.513631943590796058e-01 1.574753189825523758e-01 1.811569339691236624e-01 2.077298878197646748e-01 2.159672500762066516e-01 2.432786043843175872e-01 2.628027053051877893e-01 2.992521890181540356e-01
-2.984160399232099192e-01 -2.616786365623807731e-01 -2.424631468478667673e-01 -2.152997620724511341e-01 -2.066278366568692904e-01 -1.806136436535698830e-01 -1.565256146700611251e-01 -1.520764576929430623e-01 -1.302782584851375491e-01 -1.081703583198780766e-01 -9.452659306695576635e-02 -3.362194830347290525e-02 -2.975405306800902108e-02 -1.686163823377582680e-02 -8.508407989068475508e-03 8.508407989068397445e-03 1.686163823377588578e-02 2.975405306800899680e-02 3.362194830347287056e-02 9.452659306695561370e-02 1.081703583198769525e-01 1.302782584851378822e-01 1.520764576929428125e-01 1.565256146700605144e-01 1.806136436535677181e-01 2.066278366568693736e-01 2.152997620724491357e-01 2.424631468478665730e-01 2.616786365623797739e-01 2.984160399232106964e-01
-2.976228910057521770e-01 -2.604955710959479531e-01 -2.416952930613172346e-01 -2.146791034281205213e-01 -2.055056555700278398e-01 -1.801257778593688685e-01 -1.554912062515719784e-01 -1.527932564180804753e-01 -1.297509848510056685e-01 -1.073241643131866013e-01 -9.392087567032478268e-02 -3.336685684559111825e-02 -2.887535560946775243e-02 -1.682256079576966226e-02 -8.441541207451237067e-03 8.441541207451190229e-03 1.682256079576952348e-02 2.887535560946780447e-02 3.336685684559118070e-02 9.392087567032575413e-02 1.073241643131871287e-01 1.297509848510057795e-01 1.527932564180812525e-01 1.554912062515715343e-01 1.801257778593688963e-01 2.055056555700274235e-01 2.146791034281209376e-01 2.416952930613179562e-01 2.604955710959487858e-01 2.976228910057517885e-01
-2.968749312594328171e-01 -2.592584168683859658e-01 -2.409700550688019527e-01 -2.140972555975030889e-01 -2.043674348086118864e-01 -1.796949556018114513e-01 -1.543763390923185985e-01 -1.535098220740314934e-01 -1.292564635111853322e-01 -1.064769334427260461e-01 -9.326885066336076946e-02 -3.320305024408339717e-02 -2.798298752519340349e-02 -1.679566941230021745e-02 -8.394040306505730700e-03 8.394040306505645699e-03 1.679566941230023133e-02 2.798298752519343471e-02 3.320305024408341105e-02 9.326885066336058905e-02 1.064769334427258657e-01 1.292564635111859150e-01 1.535098220740313268e-01 1.543763390923179879e-01 1.796949556018106742e-01 2.043674348086107762e-01 2.140972555975033942e-01 2.409700550688017029e-01 2.592584168683872980e-01 2.968749312594313183e-01
-2.961739763259060854e-01 -2.579738480483891316e-01 -2.402807768837503521e-01 -2.135479899655665370e-01 -2.032148453912251129e-01 -1.793216921342821180e-01 -1.542442514495100114e-01 -1.531653120041254756e-01 -1.287975487410559228e-01 -1.056281548009080223e-01 -9.256795419760092958e-02 -3.310802274046375365e-02 -2.709938913101957517e-02 -1.678071248440577562e-02 -8.367623665845218620e-03 8.367623665845206476e-03 1.678071248440559868e-02 2.709938913101960639e-02 3.310802274046380916e-02 9.256795419760176225e-02 1.056281548009080223e-01 1.287975487410562281e-01 1.531653120041255867e-01 1.542442514495103445e-01 1.793216921342820902e-01 2.032148453912256125e-01 2.135479899655686464e-01 2.402807768837506019e-01 2.579738480483900198e-01 2.961739763259069735e-01
-2.955213953977398611e-01 -2.566506208898636787e-01 -2.396188422592595013e-01 -2.130267059408764430e-01 -2.020472558853660117e-01 -1.790054939035776171e-01 -1.549667889737585957e-01 -1.518921501492087600e-01 -1.283764661541842433e-01 -1.047774110287078009e-01 -9.181600564170183665e-02 -3.306755686296974917e-02 -2.623910246213962891e-02 -1.677685703917258103e-02 -8.363575820464324781e-03 8.363575820464451416e-03 1.677685703917251511e-02 2.623910246213945890e-02 3.306755686296950630e-02 9.181600564170232237e-02 1.047774110287079535e-01 1.283764661541836882e-01 1.518921501492090931e-01 1.549667889737589288e-01 1.790054939035770620e-01 2.020472558853655676e-01 2.130267059408776920e-01 2.396188422592588352e-01 2.566506208898632901e-01 2.955213953977398611e-01
-2.949180292906127820e-01 -2.552999605261770388e-01 -2.389733184838898350e-01 -2.125300614806948651e-01 -2.008620902404193165e-01 -1.787449445333559872e-01 -1.556941855431202559e-01 -1.505462121497548877e-01 -1.279945804570199464e-01 -1.039244430895586851e-01 -9.101130263641860063e-02 -3.307270464889797840e-02 -2.541175890372364757e-02 -1.678265503206018486e-02 -8.382683632267125956e-03 8.382683632266950749e-03 1.678265503205993853e-02 2.541175890372363716e-02 3.307270464889786044e-02 9.101130263641867002e-02 1.039244430895586851e-01 1.279945804570201406e-01 1.505462121497544437e-01 1.556941855431208388e-01 1.787449445333564035e-01 2.008620902404190112e-01 2.125300614806959476e-01 2.389733184838902791e-01 2.552999605261749294e-01 2.949180292906125600e-01
-2.943640988550188520e-01 -2.539359941047620861e-01 -2.383305607681197591e-01 -2.120555105945936825e-01 -1.996553118018133122e-01 -1.785377635232221205e-01 -1.564245805978535797e-01 -1.491373219378303305e-01 -1.276521013301922247e-01 -1.030692240886630223e-01 -9.015270043761085261e-02 -3.311772108391929786e-02 -2.462410477886970220e-02 -1.679600173411734815e-02 -8.425190829786800839e-03 8.425190829786790431e-03 1.679600173411741754e-02 2.462410477886961546e-02 3.311772108391932562e-02 9.015270043761210161e-02 1.030692240886628835e-01 1.276521013301927243e-01 1.491373219378315240e-01 1.564245805978528581e-01 1.785377635232222870e-01 1.996553118018148387e-01 2.120555105945937657e-01 2.383305607681199811e-01 2.539359941047627522e-01 2.943640988550180193e-01
-2.938591009185326230e-01 -2.525761463095766990e-01 -2.376738606202867532e-01 -2.116008212135035982e-01 -1.984219560265589877e-01 -1.783808301922801265e-01 -1.571582100176391883e-01 -1.476751642919660323e-01 -1.273477070303218051e-01 -1.022120401381778204e-01 -8.923966747646130959e-02 -3.319881223506804258e-02 -2.388120880574675503e-02 -1.681408613542103095e-02 -8.490772243389042157e-03 8.490772243389047361e-03 1.681408613542100666e-02 2.388120880574681748e-02 3.319881223506808421e-02 8.923966747646056019e-02 1.022120401381773902e-01 1.273477070303205283e-01 1.476751642919654495e-01 1.571582100176385499e-01 1.783808301922793771e-01 1.984219560265594318e-01 2.116008212135027933e-01 2.376738606202859483e-01 2.525761463095770321e-01 2.938591009185355096e-01
-2.934016853593063301e-01 -2.512413032742135122e-01 -2.369833312539749159e-01 -2.111636228572911222e-01 -1.971566558291537596e-01 -1.782701752341306345e-01 -1.578957002144360244e-01 -1.461712340952750211e-01 -1.270780489887459452e-01 -1.013535742014084473e-01 -8.827231171955821076e-02 -3.331337120410906433e-02 -2.318718134891713245e-02 -1.683333818347119981e-02 -8.578527869543713796e-03 8.578527869543804002e-03 1.683333818347122063e-02 2.318718134891704918e-02 3.331337120410910596e-02 8.827231171955841893e-02 1.013535742014081836e-01 1.270780489887465836e-01 1.461712340952757427e-01 1.578957002144352750e-01 1.782701752341303569e-01 1.971566558291535098e-01 2.111636228572904839e-01 2.369833312539744719e-01 2.512413032742149555e-01 2.934016853593047203e-01
-2.929895008110396937e-01 -2.499553921865386996e-01 -2.362363814160900188e-01 -2.107410196634688926e-01 -1.958541165563093545e-01 -1.782009486461902104e-01 -1.586378730785433511e-01 -1.446394818795116166e-01 -1.268370770318351104e-01 -1.004949871778725856e-01 -8.725137585689057840e-02 -3.345948141535533271e-02 -2.254562003029833561e-02 -1.684938745867986878e-02 -8.686995592765908714e-03 8.686995592765926061e-03 1.684938745867987225e-02 2.254562003029839459e-02 3.345948141535536047e-02 8.725137585689024533e-02 1.004949871778727660e-01 1.268370770318344165e-01 1.446394818795122827e-01 1.586378730785427404e-01 1.782009486461901548e-01 1.958541165563085218e-01 2.107410196634698085e-01 2.362363814160920172e-01 2.499553921865385886e-01 2.929895008110423582e-01
-2.926189860660579067e-01 -2.487438959020232820e-01 -2.354092564770511598e-01 -2.103292935001589425e-01 -1.945095096078921504e-01 -1.781673751729850874e-01 -1.593856430239763144e-01 -1.430971643398929183e-01 -1.266150966592371752e-01 -9.963798970384157849e-02 -8.617820279493694502e-02 -3.363556488013864226e-02 -2.195987842939647189e-02 -1.685706765270507737e-02 -8.814180011782498173e-03 8.814180011782413171e-03 1.685706765270500798e-02 2.195987842939641985e-02 3.363556488013855900e-02 8.617820279493687563e-02 9.963798970384203646e-02 1.266150966592374250e-01 1.430971643398920856e-01 1.593856430239761479e-01 1.781673751729846156e-01 1.945095096078900410e-01 2.103292935001581099e-01 2.354092564770510765e-01 2.487438959020235041e-01 2.926189860660571851e-01
-2.922850654911074431e-01 -2.476309464511784741e-01 -2.344799999998119500e-01 -2.099237110041567989e-01 -1.931187677688453452e-01 -1.781627076818290134e-01 -1.601399127326303684e-01 -1.415660943928542526e-01 -1.263974543216841717e-01 -9.878489843681842464e-02 -8.505467567137867113e-02 -3.384011242470127273e-02 -2.143315920544451927e-02 -1.685053664112852803e-02 -8.957593484277541485e-03 8.957593484277590057e-03 1.685053664112858007e-02 2.143315920544448111e-02 3.384011242470139763e-02 8.505467567137978135e-02 9.878489843681811933e-02 1.263974543216848656e-01 1.415660943928553073e-01 1.601399127326300909e-01 1.781627076818287081e-01 1.931187677688448734e-01 2.099237110041587973e-01 2.344799999998126439e-01 2.476309464511797231e-01 2.922850654911059998e-01
-2.919806704601792813e-01 -2.466352886836642444e-01 -2.334325396078440196e-01 -2.095184380472855656e-01 -1.916787807312631819e-01 -1.781791868115002175e-01 -1.609014511478228382e-01 -1.400743469361728777e-01 -1.261628043812152156e-01 -9.793867179458513872e-02 -8.388313822063037106e-02 -3.407146594643276766e-02 -2.096835097260129829e-02 -1.682362970731332216e-02 -9.114304423754555906e-03 9.114304423754458762e-03 1.682362970731336727e-02 2.096835097260137115e-02 3.407146594643285092e-02 8.388313822063001024e-02 9.793867179458511096e-02 1.261628043812148270e-01 1.400743469361720728e-01 1.609014511478229215e-01 1.781791868115010780e-01 1.916787807312622105e-01 2.095184380472850660e-01 2.334325396078437420e-01 2.466352886836648828e-01 2.919806704601782266e-01
-2.916959320435711378e-01 -2.457664400041914554e-01 -2.322605626968431702e-01 -2.091065576840030193e-01 -1.901875037649074784e-01 -1.782080137920140639e-01 -1.616707467311211399e-01 -1.386581669207629375e-01 -1.258812073010767696e-01 -9.710292177586320184e-02 -8.266630176438202748e-02 -3.432764108625947774e-02 -2.056748608717373639e-02 -1.677058583482467224e-02 -9.280987279006414417e-03 9.280987279006372784e-03 1.677058583482487000e-02 2.056748608717362536e-02 3.432764108625946387e-02 8.266630176438206912e-02 9.710292177586396511e-02 1.258812073010770194e-01 1.386581669207622991e-01 1.616707467311230828e-01 1.782080137920144525e-01 1.901875037649072842e-01 2.091065576840044904e-01 2.322605626968425041e-01 2.457664400041925101e-01 2.916959320435699721e-01
-2.914167117690242281e-01 -2.450228693260405044e-01 -2.309693447429198299e-01 -2.086801851387312390e-01 -1.886440043229178076e-01 -1.782393445032758317e-01 -1.624478265391185450e-01 -1.373629715137135165e-01 -1.255131596569249997e-01 -9.628190006517052535e-02 -8.140714464157443320e-02 -3.460618877528787163e-02 -2.023078607978409660e-02 -1.668718572064536304e-02 -9.453968693953712296e-03 9.453968693953629029e-03 1.668718572064559549e-02 2.023078607978421803e-02 3.460618877528778142e-02 8.140714464157382257e-02 9.628190006517031718e-02 1.255131596569246388e-01 1.373629715137127116e-01 1.624478265391180454e-01 1.782393445032755541e-01 1.886440043229169194e-01 2.086801851387314055e-01 2.309693447429198021e-01 2.450228693260394219e-01 2.914167117690261710e-01
-2.911216813952390292e-01 -2.443930860010355699e-01 -2.295746173605310858e-01 -2.082306762758212582e-01 -1.870484810160772671e-01 -1.782623186829205286e-01 -1.632320219280808948e-01 -1.362407786205430960e-01 -1.250122149495562218e-01 -9.548045770698010415e-02 -8.010880893985604378e-02 -3.490409919177756004e-02 -1.995557334005817682e-02 -1.657202158489497548e-02 -9.629265202415970837e-03 9.629265202416057573e-03 1.657202158489503099e-02 1.995557334005802416e-02 3.490409919177760167e-02 8.010880893985602991e-02 9.548045770697995149e-02 1.250122149495557500e-01 1.362407786205447613e-01 1.632320219280813667e-01 1.782623186829215278e-01 1.870484810160780165e-01 2.082306762758220353e-01 2.295746173605303919e-01 2.443930860010349315e-01 2.911216813952388627e-01
-2.907759129682611077e-01 -2.438588019791063932e-01 -2.280992809743172256e-01 -2.077489324158987571e-01 -1.854023006608116753e-01 -1.782651513404958088e-01 -1.640216409869233172e-01 -1.353406077811082076e-01 -1.243346404254290355e-01 -9.470397805783468959e-02 -7.877449835407526746e-02 -3.521775339603978872e-02 -1.973570391392720849e-02 -1.642723923244083367e-02 -9.802609503465578578e-03 9.802609503465580312e-03 1.642723923244090653e-02 1.973570391392737156e-02 3.521775339603975402e-02 7.877449835407521195e-02 9.470397805783488387e-02 1.243346404254285914e-01 1.353406077811079022e-01 1.640216409869234282e-01 1.782651513404945876e-01 1.854023006608117863e-01 2.077489324158970085e-01 2.280992809743180028e-01 2.438588019791061989e-01 2.907759129682605526e-01
-2.903157204607929032e-01 -2.433984471596945809e-01 -2.265696409929205679e-01 -2.072258098927179659e-01 -1.837081213814766301e-01 -1.782353381199167086e-01 -1.648134649903715554e-01 -1.346926880840977614e-01 -1.234552669475939835e-01 -9.395828258567473501e-02 -7.740738018294401890e-02 -3.554292727348234288e-02 -1.956211416889839724e-02 -1.625815371857006544e-02 -9.969464891690586750e-03 9.969464891690689098e-03 1.625815371856995095e-02 1.956211416889816479e-02 3.554292727348237757e-02 7.740738018294433809e-02 9.395828258567499869e-02 1.234552669475939279e-01 1.346926880840970953e-01 1.648134649903720550e-01 1.782353381199168751e-01 1.837081213814764080e-01 2.072258098927191039e-01 2.265696409929214006e-01 2.433984471596962185e-01 2.903157204607926811e-01
-2.896174003869530500e-01 -2.429897897024745346e-01 -2.250123714513463380e-01 -2.066526400243541284e-01 -1.819702256157296472e-01 -1.781600703682681419e-01 -1.656018928168732363e-01 -1.342967373419451382e-01 -1.223792599558322786e-01 -9.324950867978828994e-02 -7.601049405367647782e-02 -3.587485016599532839e-02 -1.942436787252135172e-02 -1.607184599942370132e-02 -1.012503077839397095e-02 1.012503077839391197e-02 1.607184599942369785e-02 1.942436787252147662e-02 3.587485016599550186e-02 7.601049405367718559e-02 9.324950867978941405e-02 1.223792599558316957e-01 1.342967373419464705e-01 1.656018928168738746e-01 1.781600703682690301e-01 1.819702256157285369e-01 2.066526400243533512e-01 2.250123714513459494e-01 2.429897897024758113e-01 2.896174003869537161e-01
-2.884970614098855135e-01 -2.426113518916768463e-01 -2.234524841170824339e-01 -2.060218442130227756e-01 -1.801953401753522144e-01 -1.780270325462687542e-01 -1.663773364437831637e-01 -1.341251389028802754e-01 -1.211389778763046904e-01 -9.258395836420002523e-02 -7.458666998080469568e-02 -3.620831737779502124e-02 -1.931242236925050787e-02 -1.587551553806901619e-02 -1.026424638990923802e-02 1.026424638990926924e-02 1.587551553806885313e-02 1.931242236925048358e-02 3.620831737779502124e-02 7.458666998080427935e-02 9.258395836419962277e-02 1.211389778763043851e-01 1.341251389028803587e-01 1.663773364437835800e-01 1.780270325462690040e-01 1.801953401753513540e-01 2.060218442130227479e-01 2.234524841170833498e-01 2.426113518916764578e-01 2.884970614098849584e-01
-2.869088062667757844e-01 -2.422428964514785066e-01 -2.219120376041507359e-01 -2.053275804722662912e-01 -1.783947705706939446e-01 -1.778257906303734592e-01 -1.671228943489598273e-01 -1.341372539629750726e-01 -1.197796729976086799e-01 -9.196791708453769254e-02 -7.313845876477223507e-02 -3.653785215570094780e-02 -1.921789538480524542e-02 -1.567529984881994506e-02 -1.038180440328324676e-02 1.038180440328317043e-02 1.567529984881985139e-02 1.921789538480498521e-02 3.653785215570092004e-02 7.313845876477211017e-02 9.196791708453767866e-02 1.197796729976083885e-01 1.341372539629747396e-01 1.671228943489594665e-01 1.778257906303745417e-01 1.783947705706927234e-01 2.053275804722646258e-01 2.219120376041522624e-01 2.422428964514770355e-01 2.869088062667757288e-01
-2.850333512060637120e-01 -2.418653887152932558e-01 -2.204092652288379972e-01 -2.045662831347454802e-01 -1.775518827815350809e-01 -1.765884565586775257e-01 -1.678066510091711094e-01 -1.342924728098865983e-01 -1.183464239800102735e-01 -9.140744290042041031e-02 -7.166807838837702116e-02 -3.685790913953140846e-02 -1.913463896583363077e-02 -1.547574505055152386e-02 -1.047219061853895371e-02 1.047219061853904218e-02 1.547574505055176151e-02 1.913463896583351628e-02 3.685790913953140846e-02 7.166807838837661870e-02 9.140744290042031317e-02 1.183464239800078449e-01 1.342924728098868759e-01 1.678066510091705543e-01 1.765884565586777200e-01 1.775518827815355249e-01 2.045662831347463961e-01 2.204092652288383303e-01 2.418653887152930060e-01 2.850333512060635455e-01
-2.830298816683848306e-01 -2.414607535346905975e-01 -2.189579801354149258e-01 -2.037368839370462537e-01 -1.772092093346638586e-01 -1.748234265896933814e-01 -1.683615809738877589e-01 -1.345562699351232072e-01 -1.168780268757504959e-01 -9.090812864276412442e-02 -7.017738078765310694e-02 -3.716310785165145153e-02 -1.905880046569308553e-02 -1.527973687671763808e-02 -1.052976787748269305e-02 1.052976787748264448e-02 1.527973687671767798e-02 1.905880046569311329e-02 3.716310785165147929e-02 7.017738078765350940e-02 9.090812864276436034e-02 1.168780268757502044e-01 1.345562699351242342e-01 1.683615809738869262e-01 1.748234265896931872e-01 1.772092093346640529e-01 2.037368839370448659e-01 2.189579801354147592e-01 2.414607535346915690e-01 2.830298816683853302e-01
-2.809715946839251854e-01 -2.410116304089727490e-01 -2.175672967684767478e-01 -2.028404902137835308e-01 -1.768245883890708636e-01 -1.732158323270253930e-01 -1.686300207461040035e-01 -1.349010219002761690e-01 -1.154060761990503142e-01 -9.047484283714131437e-02 -6.866784393124578112e-02 -3.744848165640747573e-02 -1.898860972701041719e-02 -1.508864474108345677e-02 -1.054891941373018414e-02 1.054891941373017027e-02 1.508864474108351922e-02 1.898860972701045535e-02 3.744848165640749654e-02 6.866784393124511499e-02 9.047484283714099518e-02 1.154060761990509248e-01 1.349010219002763633e-01 1.686300207461027267e-01 1.732158323270251987e-01 1.768245883890711412e-01 2.028404902137833921e-01 2.175672967684762482e-01 2.410116304089705008e-01 2.809715946839266842e-01
-2.788907385685168716e-01 -2.405012541004826476e-01 -2.162417593729107634e-01 -2.018794118382320202e-01 -1.764622391115044375e-01 -1.720220219249021243e-01 -1.682794214465378191e-01 -1.353046755062967677e-01 -1.139561367061520669e-01 -9.011145911767473593e-02 -6.714059429663227219e-02 -3.770972494217552512e-02 -1.892404183443672019e-02 -1.490253003533514864e-02 -1.052425614111198934e-02 1.052425614111207434e-02 1.490253003533532211e-02 1.892404183443678264e-02 3.770972494217548349e-02 6.714059429663241096e-02 9.011145911767463879e-02 1.139561367061523861e-01 1.353046755062964068e-01 1.682794214465391236e-01 1.720220219249022076e-01 1.764622391115037159e-01 2.018794118382301606e-01 2.162417593729103749e-01 2.405012541004809545e-01 2.788907385685149842e-01
-2.768056987032938565e-01 -2.399135528490601299e-01 -2.149818636506638514e-01 -2.008556819209529332e-01 -1.762360926061677102e-01 -1.713342059592522226e-01 -1.670957661432904695e-01 -1.357490078641600262e-01 -1.125492490136857648e-01 -8.982058786292249075e-02 -6.559646436869180641e-02 -3.794341940799157709e-02 -1.886641473150115281e-02 -1.472037449867605145e-02 -1.045087512296631431e-02 1.045087512296632298e-02 1.472037449867595604e-02 1.886641473150126036e-02 3.794341940799163260e-02 6.559646436869215336e-02 8.982058786292224095e-02 1.125492490136870971e-01 1.357490078641600817e-01 1.670957661432901364e-01 1.713342059592518063e-01 1.762360926061670441e-01 2.008556819209534050e-01 2.149818636506639069e-01 2.399135528490585478e-01 2.768056987032928018e-01
-2.747316858040280141e-01 -2.392335427428360362e-01 -2.137847728187023677e-01 -1.997695039010128626e-01 -1.762667130963304629e-01 -1.707129099455718391e-01 -1.653954397506261775e-01 -1.362180698651584698e-01 -1.112031567286145411e-01 -8.960332713993977849e-02 -6.403608858359323419e-02 -3.814721978916989914e-02 -1.881793945190457854e-02 -1.454033948523973142e-02 -1.032464001427171700e-02 1.032464001427181588e-02 1.454033948523988061e-02 1.881793945190440853e-02 3.814721978916965628e-02 6.403608858359340072e-02 8.960332713994068055e-02 1.112031567286138611e-01 1.362180698651589417e-01 1.653954397506267049e-01 1.707129099455722276e-01 1.762667130963303797e-01 1.997695039010133067e-01 2.137847728187014795e-01 2.392335427428354255e-01 2.747316858040287912e-01
-2.726842826042493173e-01 -2.384480807465084451e-01 -2.126449025908012103e-01 -1.986182009611475452e-01 -1.765826008552985327e-01 -1.698319413236571429e-01 -1.634798213063078098e-01 -1.366968821518046717e-01 -1.099331562880709878e-01 -8.945905212162998110e-02 -6.246003924559225678e-02 -3.831998065421041155e-02 -1.878124322378355374e-02 -1.436006628353789921e-02 -1.014244950697737457e-02 1.014244950697729478e-02 1.436006628353789574e-02 1.878124322378353292e-02 3.831998065421043237e-02 6.246003924559193760e-02 8.945905212162993947e-02 1.099331562880717511e-01 1.366968821518055877e-01 1.634798213063093086e-01 1.698319413236562547e-01 1.765826008552984494e-01 1.986182009611473231e-01 2.126449025907994062e-01 2.384480807465074736e-01 2.726842826042496504e-01
-2.706795434996574490e-01 -2.375469960138503756e-01 -2.115540872418615048e-01 -1.973961194525354068e-01 -1.771141947220523094e-01 -1.686519946397393721e-01 -1.614680355562584657e-01 -1.371702812396758120e-01 -1.087526284788862679e-01 -8.938526274290206630e-02 -6.086900164408201586e-02 -3.846180930110489060e-02 -1.875891043036449768e-02 -1.417698937546438970e-02 -9.902470794089500775e-03 9.902470794089446998e-03 1.417698937546444694e-02 1.875891043036442482e-02 3.846180930110491142e-02 6.086900164408188402e-02 8.938526274290124751e-02 1.087526284788854630e-01 1.371702812396748683e-01 1.614680355562580216e-01 1.686519946397389835e-01 1.771141947220526702e-01 1.973961194525354901e-01 2.115540872418617824e-01 2.375469960138494041e-01 2.706795434996560612e-01
-2.687323005278245969e-01 -2.365245311387907945e-01 -2.105012389505825365e-01 -1.960955901696556369e-01 -1.777765071401224972e-01 -1.672282558395450369e-01 -1.594066267882658372e-01 -1.376217728484537550e-01 -1.076733320984769593e-01 -8.937750890607602805e-02 -5.926398546931462008e-02 -3.857403498386147850e-02 -1.875310637488900728e-02 -1.398859624182949637e-02 -9.604331317570869581e-03 9.604331317570945908e-03 1.398859624182959178e-02 1.875310637488884422e-02 3.857403498386165197e-02 5.926398546931439110e-02 8.937750890607641663e-02 1.076733320984768483e-01 1.376217728484533942e-01 1.594066267882655874e-01 1.672282558395459529e-01 1.777765071401234409e-01 1.960955901696578574e-01 2.105012389505808990e-01 2.365245311387909888e-01 2.687323005278225430e-01
-2.668537726689897971e-01 -2.353808934667208919e-01 -2.094716721058479947e-01 -1.947086776923209472e-01 -1.785086191163935132e-01 -1.656220454580067392e-01 -1.573180970353941499e-01 -1.380322476080349248e-01 -1.067055216170526982e-01 -8.942941194615851297e-02 -5.764656853283673527e-02 -3.865909073408768659e-02 -1.876534181389539341e-02 -1.379256755472749001e-02 -9.249267185219289811e-03 9.249267185219236034e-03 1.379256755472752470e-02 1.876534181389530320e-02 3.865909073408782537e-02 5.764656853283651322e-02 8.942941194615872114e-02 1.067055216170528925e-01 1.380322476080351191e-01 1.573180970353940944e-01 1.656220454580053791e-01 1.785086191163926528e-01 1.947086776923208362e-01 2.094716721058476616e-01 2.353808934667206143e-01 2.668537726689921841e-01
-2.650493208244348309e-01 -2.341235772484832056e-01 -2.084464520294237455e-01 -1.932292844408184107e-01 -1.792710405367665960e-01 -1.638880997803907336e-01 -1.552159204656358704e-01 -1.383784376032710650e-01 -1.058579248143649287e-01 -8.953280100936107655e-02 -5.601916987995275016e-02 -3.872030928519294701e-02 -1.879639808612702107e-02 -1.358677769374115260e-02 -8.840217284454226707e-03 8.840217284454162522e-03 1.358677769374117862e-02 1.879639808612704535e-02 3.872030928519264170e-02 5.601916987995243791e-02 8.953280100935993857e-02 1.058579248143655810e-01 1.383784376032712315e-01 1.552159204656354263e-01 1.638880997803914552e-01 1.792710405367668458e-01 1.932292844408202981e-01 2.084464520294230239e-01 2.341235772484832056e-01 2.650493208244346088e-01
-2.633169380883041422e-01 -2.327680355733711126e-01 -2.074021671176637105e-01 -1.916554074371250860e-01 -1.800357733165627583e-01 -1.620792668193087593e-01 -1.531093324557794566e-01 -1.386310910639199090e-01 -1.051375935454759158e-01 -8.967798260157208712e-02 -5.438535409774060414e-02 -3.876163688284911535e-02 -1.884638124350790714e-02 -1.336919515115270705e-02 -8.381842478084478715e-03 8.381842478084444020e-03 1.336919515115275563e-02 1.884638124350778571e-02 3.876163688284897657e-02 5.438535409774025720e-02 8.967798260157174017e-02 1.051375935454748750e-01 1.386310910639194649e-01 1.531093324557789015e-01 1.620792668193075936e-01 1.800357733165630081e-01 1.916554074371249472e-01 2.074021671176624060e-01 2.327680355733725004e-01 2.633169380883059185e-01
-2.616467867314738460e-01 -2.313373146688190163e-01 -2.063114356313449915e-01 -1.899922531468138109e-01 -1.807777527409778484e-01 -1.602522261132189596e-01 -1.510044525579152808e-01 -1.387531637566874199e-01 -1.045496269146288099e-01 -8.985415681588455883e-02 -5.275017912549131993e-02 -3.878726515037412420e-02 -1.891483519090052245e-02 -1.313775463115142775e-02 -7.880453770002487923e-03 7.880453770002631905e-03 1.313775463115152316e-02 1.891483519090048429e-02 3.878726515037430461e-02 5.275017912549138238e-02 8.985415681588575232e-02 1.045496269146296703e-01 1.387531637566866705e-01 1.510044525579145036e-01 1.602522261132190706e-01 1.807777527409779039e-01 1.899922531468147546e-01 2.063114356313459352e-01 2.313373146688199600e-01 2.616467867314735130e-01
-2.600218189117748935e-01 -2.298604192641748589e-01 -2.051443269735662156e-01 -1.882599896375324322e-01 -1.814637080580504269e-01 -1.584716955071885092e-01 -1.489033720938857108e-01 -1.386991457746376555e-01 -1.040967685356623262e-01 -9.004997712373820351e-02 -5.112062021836823178e-02 -3.880116685465804377e-02 -1.900083342950725437e-02 -1.289026402100179255e-02 -7.343850626916672078e-03 7.343850626916762284e-03 1.289026402100183072e-02 1.900083342950736887e-02 3.880116685465782173e-02 5.112062021836791953e-02 9.004997712373875862e-02 1.040967685356621458e-01 1.386991457746381828e-01 1.489033720938852945e-01 1.584716955071877598e-01 1.814637080580497885e-01 1.882599896375324044e-01 2.051443269735659936e-01 2.298604192641749699e-01 2.600218189117746159e-01
-2.584193050832899741e-01 -2.283694154283406608e-01 -2.038707559765263189e-01 -1.865251243535249459e-01 -1.820184530911067855e-01 -1.568112429197370261e-01 -1.468016177552349533e-01 -1.384181335851658590e-01 -1.037789052838743592e-01 -9.025421439657488332e-02 -4.950614219284119044e-02 -3.880648623932814179e-02 -1.910298317323518708e-02 -1.262437717024145548e-02 -6.781087645463244364e-03 6.781087645463309416e-03 1.262437717024147456e-02 1.910298317323504136e-02 3.880648623932785729e-02 4.950614219284082268e-02 9.025421439657371758e-02 1.037789052838739012e-01 1.384181335851659977e-01 1.468016177552348422e-01 1.568112429197378588e-01 1.820184530911071741e-01 1.865251243535249459e-01 2.038707559765266242e-01 2.283694154283393563e-01 2.584193050832900296e-01
-2.568129959790444450e-01 -2.268955623562889934e-01 -2.024637663304535151e-01 -1.850628538045963889e-01 -1.821607060880498508e-01 -1.553466579929323188e-01 -1.446850641031604545e-01 -1.378642967432819333e-01 -1.035925422201921797e-01 -9.045643102845808692e-02 -4.791957399864035100e-02 -3.880465403621013304e-02 -1.921930134273506369e-02 -1.233763247108540274e-02 -6.202194313331587522e-03 6.202194313331577114e-03 1.233763247108536285e-02 1.921930134273499430e-02 3.880465403621013998e-02 4.791957399864025385e-02 9.045643102845907224e-02 1.035925422201926377e-01 1.378642967432822386e-01 1.446850641031603435e-01 1.553466579929334845e-01 1.821607060880491291e-01 1.850628538045963889e-01 2.024637663304538204e-01 2.268955623562884383e-01 2.568129959790445560e-01
-2.551756527394097862e-01 -2.254650859139614438e-01 -2.009034135225625517e-01 -1.845603878049070223e-01 -1.811981216555618168e-01 -1.541386900062090282e-01 -1.425296323438702550e-01 -1.370149086243893366e-01 -1.035303760452812166e-01 -9.064751799176837266e-02 -4.637862373013951212e-02 -3.879390959634878427e-02 -1.934694881302172209e-02 -1.202754118048701866e-02 -5.617868691131777496e-03 5.617868691131734996e-03 1.202754118048695448e-02 1.934694881302176026e-02 3.879390959634881897e-02 4.637862373013930395e-02 9.064751799176810898e-02 1.035303760452816468e-01 1.370149086243897252e-01 1.425296323438715873e-01 1.541386900062101384e-01 1.811981216555612895e-01 1.845603878049076052e-01 2.009034135225628570e-01 2.254650859139608887e-01 2.551756527394088980e-01
-2.534817188045993541e-01 -2.240954888386609278e-01 -1.991808140940755090e-01 -1.847755232264200465e-01 -1.793668934570723794e-01 -1.532113806773168219e-01 -1.403078794954593644e-01 -1.358857321436969801e-01 -1.035810983350088921e-01 -9.081993471360512438e-02 -4.490880282584438360e-02 -3.876646989093216616e-02 -1.948183522439221604e-02 -1.169170902909958537e-02 -5.039157737010614702e-03 5.039157737010589548e-03 1.169170902909945700e-02 1.948183522439229237e-02 3.876646989093233270e-02 4.490880282584440442e-02 9.081993471360555459e-02 1.035810983350092251e-01 1.358857321436966192e-01 1.403078794954598363e-01 1.532113806773172104e-01 1.793668934570730178e-01 1.847755232264202407e-01 1.991808140940759808e-01 2.240954888386593458e-01 2.534817188045994096e-01
-2.517098990293528682e-01 -2.227933260023353124e-01 -1.973022831389321663e-01 -1.851172542524447961e-01 -1.772483589310271945e-01 -1.525427751887173944e-01 -1.380007001634754038e-01 -1.345287839509494709e-01 -1.037294984757540228e-01 -9.096754943714999153e-02 -4.354943425232037785e-02 -3.870265275967540303e-02 -1.961813734551444074e-02 -1.132798552727878362e-02 -4.477130727344623938e-03 4.477130727344599652e-03 1.132798552727873158e-02 1.961813734551439217e-02 3.870265275967538221e-02 4.354943425232013499e-02 9.096754943715036623e-02 1.037294984757548555e-01 1.345287839509500816e-01 1.380007001634750152e-01 1.525427751887168670e-01 1.772483589310266394e-01 1.851172542524440745e-01 1.973022831389317777e-01 2.227933260023372275e-01 2.517098990293522576e-01
-2.498453553641683811e-01 -2.215539728667912378e-01 -1.952951593731970525e-01 -1.854006546857165094e-01 -1.750082841162441671e-01 -1.520763808648974147e-01 -1.356052955036074481e-01 -1.330129242872678808e-01 -1.039568169855401431e-01 -9.108509334345707420e-02 -4.236494013440807171e-02 -3.855969190308474598e-02 -1.974782001010452759e-02 -1.093465395734625686e-02 -3.942550155359446189e-03 3.942550155359416698e-03 1.093465395734608513e-02 1.974782001010420493e-02 3.855969190308457251e-02 4.236494013440791906e-02 9.108509334345674113e-02 1.039568169855398932e-01 1.330129242872674922e-01 1.356052955036086693e-01 1.520763808648976367e-01 1.750082841162449443e-01 1.854006546857161208e-01 1.952951593731959423e-01 2.215539728667909602e-01 2.498453553641667713e-01
-2.478812095613478761e-01 -2.203632094426053178e-01 -1.932216740430793001e-01 -1.855275470389336767e-01 -1.727011967818437299e-01 -1.517414650291638023e-01 -1.331352033634742582e-01 -1.314033040452339540e-01 -1.042411832439039815e-01 -9.116735492547760333e-02 -4.145274205930778166e-02 -3.826376208360098008e-02 -1.986032121808945297e-02 -1.051070000962681279e-02 -3.445545175277956156e-03 3.445545175278016872e-03 1.051070000962681973e-02 1.986032121808925174e-02 3.826376208360072334e-02 4.145274205930783717e-02 9.116735492547853315e-02 1.042411832439040370e-01 1.314033040452340928e-01 1.331352033634745358e-01 1.517414650291647460e-01 1.727011967818428417e-01 1.855275470389323722e-01 1.932216740430785229e-01 2.203632094426057064e-01 2.478812095613465716e-01
-2.458191494495335916e-01 -2.191998629773805884e-01 -1.912178385111053258e-01 -1.853568985248571777e-01 -1.703597431198187462e-01 -1.514669628723919470e-01 -1.306233459776952321e-01 -1.297437922058953808e-01 -1.045579216378244858e-01 -9.120829003697661364e-02 -4.089340145526823567e-02 -3.775932688844275270e-02 -1.994266249215234654e-02 -1.005622791343596320e-02 -2.995291646492948337e-03 2.995291646492866371e-03 1.005622791343591636e-02 1.994266249215235348e-02 3.775932688844253066e-02 4.089340145526823567e-02 9.120829003697686344e-02 1.045579216378251242e-01 1.297437922058952975e-01 1.306233459776950934e-01 1.514669628723930850e-01 1.703597431198189682e-01 1.853568985248583711e-01 1.912178385111056034e-01 2.191998629773795337e-01 2.458191494495334528e-01
-2.436691525098576006e-01 -2.180386340167156378e-01 -1.895567623915190847e-01 -1.846210257708228719e-01 -1.680146678481354849e-01 -1.511851237866813080e-01 -1.283049935715787904e-01 -1.278691424182030745e-01 -1.048795460633536875e-01 -9.120019472756032974e-02 -4.064651073871120013e-02 -3.711193626839721232e-02 -1.998033382444756867e-02 -9.573127997566240402e-03 -2.599692897151442781e-03 2.599692897151529083e-03 9.573127997566205707e-03 1.998033382444752357e-02 3.711193626839729559e-02 4.064651073871131809e-02 9.120019472756055179e-02 1.048795460633546450e-01 1.278691424182040182e-01 1.283049935715795675e-01 1.511851237866813358e-01 1.680146678481356237e-01 1.846210257708227054e-01 1.895567623915203059e-01 2.180386340167133064e-01 2.436691525098582944e-01
-2.414485452949402811e-01 -2.168525184260758076e-01 -1.884910101458070197e-01 -1.830766059530842815e-01 -1.657025629304712533e-01 -1.508283805965653923e-01 -1.266352345937633850e-01 -1.253886700247026642e-01 -1.051753603922619129e-01 -9.113302067315225130e-02 -4.059495011119315655e-02 -3.646152744860751971e-02 -1.995926230599984197e-02 -9.066133343531800753e-03 -2.265025917661873077e-03 2.265025917661843153e-03 9.066133343531715752e-03 1.995926230600017157e-02 3.646152744860741562e-02 4.059495011119315655e-02 9.113302067315189048e-02 1.051753603922609137e-01 1.253886700247029418e-01 1.266352345937629686e-01 1.508283805965656699e-01 1.657025629304701708e-01 1.830766059530843926e-01 1.884910101458064924e-01 2.168525184260754468e-01 2.414485452949407529e-01
-2.391806842881220030e-01 -2.156146420250522333e-01 -1.878554101852772662e-01 -1.808994270956730543e-01 -1.634706896009726351e-01 -1.503237812483961544e-01 -1.251367927361111965e-01 -1.228417599305543090e-01 -1.054107160836613155e-01 -9.099385783401561789e-02 -4.065168350207069153e-02 -3.591208244038534420e-02 -1.986881803211105330e-02 -8.544422066258793025e-03 -1.995454524113978584e-03 1.995454524114054044e-03 8.544422066258829454e-03 1.986881803211119207e-02 3.591208244038519848e-02 4.065168350207058051e-02 9.099385783401620076e-02 1.054107160836612184e-01 1.228417599305545588e-01 1.251367927361115018e-01 1.503237812483964042e-01 1.634706896009719412e-01 1.808994270956744421e-01 1.878554101852771274e-01 2.156146420250514839e-01 2.391806842881227801e-01
-2.368934499120052828e-01 -2.142996196239803086e-01 -1.873439424021999533e-01 -1.784070855292107238e-01 -1.613779029810347432e-01 -1.495899819428078426e-01 -1.237662428884857418e-01 -1.203350182772687654e-01 -1.055461503550968461e-01 -9.076659771524729636e-02 -4.077114569786005616e-02 -3.551637361627538875e-02 -1.970507869519054489e-02 -8.023893776634519540e-03 -1.792201762196478886e-03 1.792201762196492330e-03 8.023893776634587194e-03 1.970507869519039570e-02 3.551637361627545120e-02 4.077114569786000065e-02 9.076659771524742126e-02 1.055461503550976371e-01 1.203350182772687654e-01 1.237662428884854643e-01 1.495899819428069544e-01 1.613779029810343824e-01 1.784070855292091973e-01 1.873439424021988708e-01 2.142996196239810580e-01 2.368934499120068371e-01
-2.346175694028383718e-01 -2.128846827396141672e-01 -1.867902759299347459e-01 -1.757793922127080799e-01 -1.594843049564043380e-01 -1.485453213623035285e-01 -1.225457464463253349e-01 -1.179128041571662205e-01 -1.055368652151347508e-01 -9.043183168997535881e-02 -4.093006741698414913e-02 -3.529247494105613309e-02 -1.947288241308089279e-02 -7.530089918420009541e-03 -1.652044956366875749e-03 1.652044956366902420e-03 7.530089918420043368e-03 1.947288241308092055e-02 3.529247494105645921e-02 4.093006741698410056e-02 9.043183168997552535e-02 1.055368652151341541e-01 1.179128041571674279e-01 1.225457464463254459e-01 1.485453213623029178e-01 1.594843049564039772e-01 1.757793922127069142e-01 1.867902759299341908e-01 2.128846827396131125e-01 2.346175694028380387e-01
-2.323846401340620427e-01 -2.113508274559061650e-01 -1.861186241016798415e-01 -1.731095500258957032e-01 -1.578222668117914007e-01 -1.471345385393103278e-01 -1.214966939436346455e-01 -1.156236500544718521e-01 -1.053334028638635705e-01 -8.996712656589245238e-02 -4.111563930277469664e-02 -3.523554416056340344e-02 -1.918537520294697971e-02 -7.101206661140660112e-03 -1.564852241807117772e-03 1.564852241807045781e-03 7.101206661140660112e-03 1.918537520294696930e-02 3.523554416056322303e-02 4.111563930277473827e-02 8.996712656589214707e-02 1.053334028638638481e-01 1.156236500544717133e-01 1.214966939436349924e-01 1.471345385393092453e-01 1.578222668117901240e-01 1.731095500258946762e-01 1.861186241016801191e-01 2.113508274559071642e-01 2.323846401340627366e-01
-2.302247135490380903e-01 -2.096841433442834801e-01 -1.852903554546019849e-01 -1.704604102587134462e-01 -1.563630261557485690e-01 -1.453599845411174263e-01 -1.206300987819445003e-01 -1.135255570331346053e-01 -1.048854572150923203e-01 -8.934793337898332133e-02 -4.132034262527286422e-02 -3.532568628326621107e-02 -1.886106269352069362e-02 -6.789253902343501436e-03 -1.510788056668344167e-03 1.510788056668255046e-03 6.789253902343462405e-03 1.886106269352072484e-02 3.532568628326611393e-02 4.132034262527302382e-02 8.934793337898265519e-02 1.048854572150924314e-01 1.135255570331353270e-01 1.206300987819441395e-01 1.453599845411183145e-01 1.563630261557491796e-01 1.704604102587124470e-01 1.852903554546021792e-01 2.096841433442845071e-01 2.302247135490392282e-01
-2.281634835607623535e-01 -2.078772887702725336e-01 -1.842837201855114793e-01 -1.678877327484149251e-01 -1.550143890816036152e-01 -1.432823332810710670e-01 -1.199397282006205850e-01 -1.116790839605031754e-01 -1.041535747859099609e-01 -8.854946659633228245e-02 -4.153983552792966244e-02 -3.553422123340756883e-02 -1.851977858895405629e-02 -6.654884367895168122e-03 -1.460449100658418615e-03 1.460449100658342070e-03 6.654884367895307767e-03 1.851977858895394874e-02 3.553422123340763128e-02 4.153983552792981510e-02 8.854946659633135264e-02 1.041535747859100580e-01 1.116790839605023705e-01 1.199397282006200438e-01 1.432823332810712613e-01 1.550143890816030323e-01 1.678877327484163406e-01 1.842837201855114515e-01 2.078772887702736716e-01 2.281634835607636025e-01
-2.262194669742632613e-01 -2.059308008521529565e-01 -1.830867891314920670e-01 -1.654482361549362845e-01 -1.536533319845678203e-01 -1.409890175982162763e-01 -1.193982177206711903e-01 -1.101227890460086400e-01 -1.031335828787886683e-01 -8.754980666090579622e-02 -4.177210963886974354e-02 -3.582848190667046323e-02 -1.817926563506552795e-02 -6.751052873659563539e-03 -1.383205803709364450e-03 1.383205803709404132e-03 6.751052873659472466e-03 1.817926563506564591e-02 3.582848190667031057e-02 4.177210963886959089e-02 8.754980666090601826e-02 1.031335828787880299e-01 1.101227890460086400e-01 1.193982177206716205e-01 1.409890175982169980e-01 1.536533319845672096e-01 1.654482361549353409e-01 1.830867891314926776e-01 2.059308008521519573e-01 2.262194669742630115e-01
-2.244018650720443486e-01 -2.038537131713298312e-01 -1.816947778192372354e-01 -1.631968236600717659e-01 -1.521620889075561700e-01 -1.385663074064258926e-01 -1.189576155530196327e-01 -1.088445438317635489e-01 -1.018787122294809999e-01 -8.633404083152584896e-02 -4.201710831544443886e-02 -3.617497679777711278e-02 -1.785326701897884186e-02 -7.100910587048492491e-03 -1.261753181435698069e-03 1.261753181435599841e-03 7.100910587048406622e-03 1.785326701897895982e-02 3.617497679777716829e-02 4.201710831544439029e-02 8.633404083152614039e-02 1.018787122294803615e-01 1.088445438317633129e-01 1.189576155530187029e-01 1.385663074064263922e-01 1.521620889075572247e-01 1.631968236600708499e-01 1.816947778192379848e-01 2.038537131713309136e-01 2.244018650720446262e-01
-2.227097661637147674e-01 -2.016630164954453797e-01 -1.801086986306340842e-01 -1.611718187038718164e-01 -1.504549106660252600e-01 -1.360923446393755842e-01 -1.185524786644366196e-01 -1.077865583785714704e-01 -1.004840603466008869e-01 -8.489843247893288924e-02 -4.227634966311155651e-02 -3.654126338606823038e-02 -1.755108005072043842e-02 -7.689150379758195875e-03 -1.098314398510084498e-03 1.098314398510086883e-03 7.689150379758208018e-03 1.755108005072082006e-02 3.654126338606804303e-02 4.227634966311157733e-02 8.489843247893240352e-02 1.004840603466007481e-01 1.077865583785711096e-01 1.185524786644367029e-01 1.360923446393758340e-01 1.504549106660257041e-01 1.611718187038710115e-01 1.801086986306339455e-01 2.016630164954454074e-01 2.227097661637140458e-01
-2.211328981468310140e-01 -1.993818870923694253e-01 -1.783342917425067287e-01 -1.593751718396066441e-01 -1.484973038023113256e-01 -1.336437314498829521e-01 -1.181015996804390400e-01 -1.068810123512974330e-01 -9.904183085084174165e-02 -8.325289160619779583e-02 -4.255221189295362028e-02 -3.689722222621903691e-02 -1.727804900043936054e-02 -8.474430716084436349e-03 -9.063249648428076642e-04 9.063249648427371911e-04 8.474430716084311449e-03 1.727804900043951319e-02 3.689722222621900916e-02 4.255221189295361334e-02 8.325289160619828155e-02 9.904183085084107552e-02 1.068810123512972943e-01 1.181015996804388873e-01 1.336437314498837847e-01 1.484973038023116865e-01 1.593751718396071992e-01 1.783342917425068397e-01 1.993818870923680098e-01 2.211328981468290988e-01
-2.196535488766466204e-01 -1.970370674651076015e-01 -1.763809645215098920e-01 -1.577671712795396530e-01 -1.463076647969025201e-01 -1.313056547116692174e-01 -1.175067710842745278e-01 -1.060738697589750923e-01 -9.761375207701600276e-02 -8.142033417900676473e-02 -4.284665865709246652e-02 -3.721636032841877523e-02 -1.703645560421267885e-02 -9.407525532547018551e-03 -6.997376848826080634e-04 6.997376848826641167e-04 9.407525532547039368e-03 1.703645560421249150e-02 3.721636032841878217e-02 4.284665865709257060e-02 8.142033417900733372e-02 9.761375207701640522e-02 1.060738697589749535e-01 1.175067710842750968e-01 1.313056547116697170e-01 1.463076647969019650e-01 1.577671712795411518e-01 1.763809645215100863e-01 1.970370674651071574e-01 2.196535488766478972e-01
-2.182489422593233697e-01 -1.946559891716347357e-01 -1.742608076224061442e-01 -1.562841427842843745e-01 -1.439365392846317926e-01 -1.291761365562830166e-01 -1.166540805564063726e-01 -1.053269762928329273e-01 -9.623077031287849414e-02 -7.943309290390911104e-02 -4.315947663848576643e-02 -3.747736120097975437e-02 -1.682644597584833854e-02 -1.044218415648015194e-02 -4.887040538171004769e-04 4.887040538171178242e-04 1.044218415648022480e-02 1.682644597584818935e-02 3.747736120097984458e-02 4.315947663848607868e-02 7.943309290390901389e-02 9.623077031287800842e-02 1.053269762928334963e-01 1.166540805564066641e-01 1.291761365562831831e-01 1.439365392846324865e-01 1.562841427842841802e-01 1.742608076224059221e-01 1.946559891716345969e-01 2.182489422593230366e-01
-2.168934225572458074e-01 -1.922641168858933713e-01 -1.719878695927050671e-01 -1.548622788171556408e-01 -1.414410271259879393e-01 -1.273493382856077105e-01 -1.154330507390417537e-01 -1.046127593319127747e-01 -9.490308588012937030e-02 -7.732812424429590104e-02 -4.348654157792104097e-02 -3.766552197755342751e-02 -1.664682256873068963e-02 -1.153854210364449462e-02 -2.798661568953949848e-04 2.798661568953798601e-04 1.153854210364448941e-02 1.664682256873064453e-02 3.766552197755326098e-02 4.348654157792102709e-02 7.732812424429580389e-02 9.490308588012921764e-02 1.046127593319119004e-01 1.154330507390414901e-01 1.273493382856068223e-01 1.414410271259875229e-01 1.548622788171562514e-01 1.719878695927057888e-01 1.922641168858929828e-01 2.168934225572443086e-01
-2.155600819347101293e-01 -1.898827656260786700e-01 -1.695778419951414207e-01 -1.534509472875030534e-01 -1.388708284718346009e-01 -1.258699596759216555e-01 -1.137826512449460620e-01 -1.039099261171373551e-01 -9.362922514720939393e-02 -7.514296762310557209e-02 -4.381886657977750871e-02 -3.777338631855440415e-02 -1.649566634263842715e-02 -1.266289602877357888e-02 -7.776739384544662838e-05 7.776739384560856752e-05 1.266289602877360664e-02 1.649566634263833348e-02 3.777338631855440415e-02 4.381886657977764749e-02 7.514296762310601618e-02 9.362922514720936618e-02 1.039099261171369387e-01 1.137826512449463118e-01 1.258699596759229877e-01 1.388708284718350727e-01 1.534509472875028591e-01 1.695778419951400606e-01 1.898827656260782260e-01 2.155600819347106289e-01
-2.142217342640868050e-01 -1.875274905330855668e-01 -1.670482039483462966e-01 -1.520149800962230235e-01 -1.362663358046793949e-01 -1.246955133421001755e-01 -1.117280360994618027e-01 -1.032012914058838826e-01 -9.240142062374431808e-02 -7.291342575167704398e-02 -4.414284451475376791e-02 -3.780017095805587868e-02 -1.637087324841312100e-02 -1.378626861506370739e-02 -1.140556539700650769e-04 1.140556539699898739e-04 1.378626861506368657e-02 1.637087324841290589e-02 3.780017095805597582e-02 4.414284451475377485e-02 7.291342575167701623e-02 9.240142062374362419e-02 1.032012914058835079e-01 1.117280360994618027e-01 1.246955133420999534e-01 1.362663358046786455e-01 1.520149800962227737e-01 1.670482039483458525e-01 1.875274905330842901e-01 2.142217342640851674e-01
-2.128512802334409926e-01 -1.852071011192127914e-01 -1.644187713281469176e-01 -1.505317905705354231e-01 -1.336632680441623144e-01 -1.237149579067625127e-01 -1.093594164361430393e-01 -1.024728895280654500e-01 -9.120787275914488124e-02 -7.067288444617986221e-02 -4.444138945173971983e-02 -3.775026821648511804e-02 -1.627116437270125296e-02 -1.488225707299248649e-02 -2.924675464613522196e-04 2.924675464613665852e-04 1.488225707299233209e-02 1.627116437270127378e-02 3.775026821648522213e-02 4.444138945173952554e-02 7.067288444617950138e-02 9.120787275914529757e-02 1.024728895280649782e-01 1.093594164361423177e-01 1.237149579067635397e-01 1.336632680441628973e-01 1.505317905705362280e-01 1.644187713281458629e-01 1.852071011192129857e-01 2.128512802334413534e-01
-2.114215184631667577e-01 -1.829233331804055174e-01 -1.617125435812684919e-01 -1.489871590826497838e-01 -1.311011304571034763e-01 -1.227948762664411858e-01 -1.067809178785096708e-01 -1.017135794344648791e-01 -9.003297518601811877e-02 -6.845271215643869422e-02 -4.469527614362192591e-02 -3.763151382818777368e-02 -1.621347504527120495e-02 -1.590860709895833974e-02 -4.544548248909843183e-04 4.544548248909993345e-04 1.590860709895829464e-02 1.621347504527105229e-02 3.763151382818750307e-02 4.469527614362175938e-02 6.845271215643793095e-02 9.003297518601824367e-02 1.017135794344650179e-01 1.067809178785099067e-01 1.227948762664414356e-01 1.311011304571035596e-01 1.489871590826491732e-01 1.617125435812686585e-01 1.829233331804057394e-01 2.114215184631663691e-01
-2.099043381590563473e-01 -1.806711551607453892e-01 -1.589567359323700857e-01 -1.473710294209971960e-01 -1.286358048663385212e-01 -1.217991274299192878e-01 -1.040822907931725494e-01 -1.009144671925913533e-01 -8.885624190116887811e-02 -6.628315976985697799e-02 -4.488414864799574605e-02 -3.745376488630530049e-02 -1.692855132217414849e-02 -1.611077322865028805e-02 -5.970231944268078982e-04 5.970231944269138247e-04 1.611077322865020825e-02 1.692855132217416930e-02 3.745376488630549477e-02 4.488414864799585013e-02 6.628315976985754698e-02 8.885624190116923893e-02 1.009144671925919640e-01 1.040822907931735347e-01 1.217991274299181498e-01 1.286358048663386600e-01 1.473710294209972516e-01 1.589567359323697526e-01 1.806711551607450006e-01 2.099043381590573187e-01
-2.082688864326577571e-01 -1.784395927261632209e-01 -1.561838348126155240e-01 -1.456736833511289020e-01 -1.263523141353912194e-01 -1.205817273523354799e-01 -1.013411832637215043e-01 -1.000644389926551858e-01 -8.765026528302334585e-02 -6.419428866574758419e-02 -4.498711576688452229e-02 -3.722795490970683130e-02 -1.781225084330438288e-02 -1.606998821736961916e-02 -7.171836558908695376e-04 7.171836558909633211e-04 1.606998821736967467e-02 1.781225084330449043e-02 3.722795490970737253e-02 4.498711576688469577e-02 6.419428866574775072e-02 8.765026528302360953e-02 1.000644389926554356e-01 1.013411832637226423e-01 1.205817273523363820e-01 1.263523141353910528e-01 1.456736833511297069e-01 1.561838348126149689e-01 1.784395927261630543e-01 2.082688864326573686e-01
-2.064773405600542899e-01 -1.762128744598975838e-01 -1.534322263226420846e-01 -1.438827555229771071e-01 -1.243461384060026015e-01 -1.190012087639951144e-01 -9.922373440105408671e-02 -9.855746726020786497e-02 -8.637792826353149489e-02 -6.221647581636956942e-02 -4.498324324779844063e-02 -3.696553459311461426e-02 -1.858832601137500387e-02 -1.604008534964364296e-02 -8.119863360208141477e-04 8.119863360207853079e-04 1.604008534964380256e-02 1.858832601137486856e-02 3.696553459311460038e-02 4.498324324779808675e-02 6.221647581636907676e-02 8.637792826353112019e-02 9.855746726020794823e-02 9.922373440105400344e-02 1.190012087639950589e-01 1.243461384060030872e-01 1.438827555229760802e-01 1.534322263226413630e-01 1.762128744598986385e-01 2.064773405600550948e-01
-2.044742493157145069e-01 -1.739716769968671084e-01 -1.507452031976569962e-01 -1.419823109252386362e-01 -1.226315096280728850e-01 -1.170073146056647001e-01 -9.826611573795988874e-02 -9.591905371299973282e-02 -8.498980185395366149e-02 -6.037992499523358453e-02 -4.485252279704186190e-02 -3.667813865810755358e-02 -1.923323491092200285e-02 -1.602257983178958373e-02 -8.785861925225643991e-04 8.785861925226679404e-04 1.602257983178983006e-02 1.923323491092211734e-02 3.667813865810799767e-02 4.485252279704201456e-02 6.037992499523348044e-02 8.498980185395355047e-02 9.591905371299956629e-02 9.826611573796018018e-02 1.170073146056644364e-01 1.226315096280732320e-01 1.419823109252385251e-01 1.507452031976576623e-01 1.739716769968674970e-01 2.044742493157152008e-01
-2.021624289336439451e-01 -1.716942860381905911e-01 -1.481661927966135828e-01 -1.399561313495652493e-01 -1.210912674370816511e-01 -1.146877339274296748e-01 -9.728095073037773544e-02 -9.340243409872123204e-02 -8.342505724204647699e-02 -5.871248247259490405e-02 -4.457801928804796393e-02 -3.637735338042924482e-02 -1.972647310740746618e-02 -1.601660450061447027e-02 -9.143367618419303297e-04 9.143367618419825883e-04 1.601660450061436272e-02 1.972647310740743148e-02 3.637735338042957095e-02 4.457801928804782515e-02 5.871248247259453629e-02 8.342505724204644924e-02 9.340243409872123204e-02 9.728095073037780482e-02 1.146877339274294388e-01 1.210912674370827613e-01 1.399561313495649162e-01 1.481661927966132497e-01 1.716942860381901192e-01 2.021624289336433067e-01
-1.993964897082977084e-01 -1.693575648070736739e-01 -1.457286819607371831e-01 -1.377965677652409349e-01 -1.195722998020530004e-01 -1.121709241333971874e-01 -9.625281517380671059e-02 -9.108375714565231096e-02 -8.162266614028738931e-02 -5.723533576637476750e-02 -4.414956947160530998e-02 -3.607451246528969868e-02 -2.004915916511047780e-02 -1.602107810551627737e-02 -9.169125610188177521e-04 9.169125610188909358e-04 1.602107810551630165e-02 2.004915916511049515e-02 3.607451246528978195e-02 4.414956947160553896e-02 5.723533576637486464e-02 8.162266614028712564e-02 9.108375714565176973e-02 9.625281517380707141e-02 1.121709241333975482e-01 1.195722998020525146e-01 1.377965677652412957e-01 1.457286819607378769e-01 1.693575648070746176e-01 1.993964897082987908e-01
-1.961202705150387193e-01 -1.669377006604559344e-01 -1.434442022324791122e-01 -1.355151883756394449e-01 -1.179609677306894810e-01 -1.095505013552838108e-01 -9.518240302346585302e-02 -8.899406446727531339e-02 -7.954602701352941896e-02 -5.595743789272068086e-02 -4.356814095953712163e-02 -3.578048551868428379e-02 -2.018523286772917757e-02 -1.603483209131071827e-02 -8.844610361324133736e-04 8.844610361324192283e-04 1.603483209131087092e-02 2.018523286772927819e-02 3.578048551868429766e-02 4.356814095953720489e-02 5.595743789272081964e-02 7.954602701352955774e-02 8.899406446727539666e-02 9.518240302346643589e-02 1.095505013552835055e-01 1.179609677306890370e-01 1.355151883756395559e-01 1.434442022324795563e-01 1.669377006604562397e-01 1.961202705150398851e-01
-1.924368337528229722e-01 -1.644107624577215709e-01 -1.412973389468468177e-01 -1.331456671175869633e-01 -1.161845951252572506e-01 -1.068852137567824490e-01 -9.407110192243023361e-02 -8.711316935299709407e-02 -7.720465142391436109e-02 -5.487143028404238565e-02 -4.284813471062191154e-02 -3.550544043090398533e-02 -2.012353337856635782e-02 -1.605639286885631248e-02 -8.157829866851760850e-04 8.157829866852075269e-04 1.605639286885657269e-02 2.012353337856626762e-02 3.550544043090426982e-02 4.284813471062193235e-02 5.487143028404220524e-02 7.720465142391365332e-02 8.711316935299703856e-02 9.407110192242930380e-02 1.068852137567828514e-01 1.161845951252568759e-01 1.331456671175860196e-01 1.412973389468457353e-01 1.644107624577215987e-01 1.924368337528239992e-01
-1.884479598621088270e-01 -1.617531400035934208e-01 -1.392524634592592903e-01 -1.307337783010134868e-01 -1.141981154478315108e-01 -1.042153935272393389e-01 -9.291949738066607178e-02 -8.537692146085694433e-02 -7.464831543997939300e-02 -5.395420854956142070e-02 -4.201476882366697585e-02 -3.525857058980917669e-02 -1.986051425287322508e-02 -1.608339043133168167e-02 -7.105376258529121558e-04 7.105376258529556323e-04 1.608339043133171289e-02 1.986051425287327712e-02 3.525857058980896158e-02 4.201476882366692728e-02 5.395420854956143458e-02 7.464831543997824115e-02 8.537692146085751332e-02 9.291949738066578035e-02 1.042153935272393944e-01 1.141981154478310528e-01 1.307337783010128762e-01 1.392524634592587074e-01 1.617531400035939204e-01 1.884479598621082441e-01
-1.842116836446795469e-01 -1.589419559485659439e-01 -1.372657842945657625e-01 -1.283212669054918376e-01 -1.119774736717241703e-01 -1.015734489510158739e-01 -9.172666912204648082e-02 -8.370458853131150512e-02 -7.194052201253904599e-02 -5.317234187031931458e-02 -4.109687766939825598e-02 -3.504779384125715491e-02 -1.940358412347647707e-02 -1.611105085054484118e-02 -5.694664291578297420e-04 5.694664291578680143e-04 1.611105085054486893e-02 1.940358412347627237e-02 3.504779384125735614e-02 4.109687766939827680e-02 5.317234187031923826e-02 7.194052201253908763e-02 8.370458853131142185e-02 9.172666912204636980e-02 1.015734489510148331e-01 1.119774736717246144e-01 1.283212669054920874e-01 1.372657842945660955e-01 1.589419559485668043e-01 1.842116836446797690e-01
-1.797672199909682300e-01 -1.559555452487655924e-01 -1.352942306015479101e-01 -1.259336630461039275e-01 -1.095177633830191066e-01 -9.898826484739794984e-02 -9.048977176804155753e-02 -8.202070933659055818e-02 -6.913798050666351835e-02 -5.248897625944713013e-02 -4.011914391977569605e-02 -3.487945119646988779e-02 -1.877646879676712205e-02 -1.612769268251671578e-02 -3.946306036764933231e-04 3.946306036765089898e-04 1.612769268251657701e-02 1.877646879676714287e-02 3.487945119647029024e-02 4.011914391977605687e-02 5.248897625944708850e-02 6.913798050666421224e-02 8.202070933659089125e-02 9.048977176804098854e-02 9.898826484739797760e-02 1.095177633830186625e-01 1.259336630461039275e-01 1.352942306015486595e-01 1.559555452487667027e-01 1.797672199909682578e-01
-1.751476778487718045e-01 -1.527740895634899232e-01 -1.332990392224604193e-01 -1.235762175702143084e-01 -1.068314580024596894e-01 -9.648548179563078142e-02 -8.920386712417659181e-02 -8.026359696609446093e-02 -6.628459604191061505e-02 -5.186861203683092170e-02 -3.909778132158498593e-02 -3.475802918612765774e-02 -1.803544330550892888e-02 -1.609791778139436566e-02 -1.896625359783102923e-04 1.896625359783440381e-04 1.609791778139445934e-02 1.803544330550884214e-02 3.475802918612760223e-02 3.909778132158473613e-02 5.186861203683087312e-02 6.628459604191108689e-02 8.026359696609475236e-02 8.920386712417643915e-02 9.648548179563035121e-02 1.068314580024586069e-01 1.235762175702143917e-01 1.332990392224597254e-01 1.527740895634903395e-01 1.751476778487723318e-01
-1.703827461602698268e-01 -1.493804705520725695e-01 -1.312460535106098058e-01 -1.212366855750179606e-01 -1.039445195703860153e-01 -9.408477826045301418e-02 -8.786199176430518898e-02 -7.838743360116832981e-02 -6.341349268654855598e-02 -5.127857579589414905e-02 -3.804074639570267924e-02 -3.468582814336646641e-02 -1.733509825976900162e-02 -1.589492003537274975e-02 -3.995603837520242472e-05 3.995603837522814064e-05 1.589492003537279832e-02 1.733509825976916469e-02 3.468582814336650805e-02 3.804074639570256822e-02 5.127857579589450293e-02 6.341349268654880578e-02 7.838743360116902370e-02 8.786199176430489755e-02 9.408477826045320846e-02 1.039445195703859043e-01 1.212366855750184602e-01 1.312460535106104442e-01 1.493804705520719867e-01 1.703827461602695770e-01
-1.654980508668285610e-01 -1.457613608713672348e-01 -1.291047896776793824e-01 -1.188914669239201360e-01 -1.008911692306142804e-01 -9.179534798862422351e-02 -8.645534215712659398e-02 -7.636355136464992310e-02 -6.055134423822566836e-02 -5.068780053722408280e-02 -3.695155806353465910e-02 -3.466196638558275561e-02 -1.696273954742370804e-02 -1.526344657444107453e-02 -2.865558959697942030e-04 2.865558959696848612e-04 1.526344657444114218e-02 1.696273954742376355e-02 3.466196638558271398e-02 3.695155806353477707e-02 5.068780053722400647e-02 6.055134423822580714e-02 7.636355136465046434e-02 8.645534215712684378e-02 9.179534798862393208e-02 1.008911692306144470e-01 1.188914669239206912e-01 1.291047896776796045e-01 1.457613608713686781e-01 1.654980508668294215e-01
-1.605139623744930299e-01 -1.419085044361075576e-01 -1.268472533384929213e-01 -1.165117468607329287e-01 -9.770952387424386432e-02 -8.961162976431968907e-02 -8.497325112016668180e-02 -7.418154511717167665e-02 -5.772373307680226523e-02 -5.006324615429515873e-02 -3.584038256632083447e-02 -3.467498318251262951e-02 -1.688635977672181543e-02 -1.426930240582975802e-02 -5.398212197624122684e-04 5.398212197624328683e-04 1.426930240582973373e-02 1.688635977672175992e-02 3.467498318251248379e-02 3.584038256632093855e-02 5.006324615429579711e-02 5.772373307680192522e-02 7.418154511717163502e-02 8.497325112016650139e-02 8.961162976431996663e-02 9.770952387424358676e-02 1.165117468607314577e-01 1.268472533384924772e-01 1.419085044361071135e-01 1.605139623744942512e-01
-1.554447598073565862e-01 -1.378200696652376600e-01 -1.244467634706071246e-01 -1.140678055353042536e-01 -9.443988666760666506e-02 -8.751160665863191856e-02 -8.340236438004110242e-02 -7.184854528882600455e-02 -5.496452448361253962e-02 -4.936146393314159303e-02 -3.494776749976882813e-02 -3.448226108153740893e-02 -1.691277172984479230e-02 -1.313943531720396761e-02 -7.861215454380833479e-04 7.861215454381740957e-04 1.313943531720399710e-02 1.691277172984477148e-02 3.448226108153742281e-02 3.494776749976895303e-02 4.936146393314140568e-02 5.496452448361238002e-02 7.184854528882525515e-02 8.340236438004143549e-02 8.751160665863184918e-02 9.443988666760672057e-02 1.140678055353043924e-01 1.244467634706072634e-01 1.378200696652362167e-01 1.554447598073570858e-01
-1.502983860086808954e-01 -1.335019523652058171e-01 -1.218767026946292326e-01 -1.115312514981297159e-01 -9.112675066321943018e-02 -8.545830894610217943e-02 -8.172424532663570551e-02 -6.938572831361741744e-02 -5.234215681829409994e-02 -4.850292755288817398e-02 -3.496004849294338801e-02 -3.339671878394714216e-02 -1.696775815965246084e-02 -1.198097953509325714e-02 -1.007553462321470611e-03 1.007553462321454565e-03 1.198097953509338898e-02 1.696775815965249207e-02 3.339671878394723237e-02 3.496004849294377659e-02 4.850292755288832663e-02 5.234215681829405137e-02 6.938572831361741744e-02 8.172424532663592756e-02 8.545830894610194350e-02 9.112675066321945794e-02 1.115312514981293829e-01 1.218767026946293575e-01 1.335019523652062057e-01 1.502983860086809786e-01
-1.450768314608092135e-01 -1.289690630572663532e-01 -1.191089086591168023e-01 -1.088757261770242346e-01 -8.782577825786869186e-02 -8.340220147239026105e-02 -7.991059861350621740e-02 -6.682315161382924862e-02 -5.003741958345433311e-02 -4.729489758070073296e-02 -3.511551005717446217e-02 -3.218168315511377164e-02 -1.702124154843177167e-02 -1.085604192844841567e-02 -1.180761150473470279e-03 1.180761150473454016e-03 1.085604192844837751e-02 1.702124154843179943e-02 3.218168315511362593e-02 3.511551005717437196e-02 4.729489758070103134e-02 5.003741958345397922e-02 6.682315161382899882e-02 7.991059861350609250e-02 8.340220147239041371e-02 8.782577825786867798e-02 1.088757261770247620e-01 1.191089086591160806e-01 1.289690630572667418e-01 1.450768314608085752e-01
-1.397770888408076118e-01 -1.242470743514215992e-01 -1.161111474857653425e-01 -1.060766944096628306e-01 -8.461684695840514248e-02 -8.128104398311310208e-02 -7.791561003735439361e-02 -6.419491796165259501e-02 -4.831389612839830788e-02 -4.546204543589166258e-02 -3.531351737073213509e-02 -3.094168401937632401e-02 -1.705175961507614940e-02 -9.817052646086465301e-03 -1.276189871213759611e-03 1.276189871213741179e-03 9.817052646086350809e-03 1.705175961507605920e-02 3.094168401937642116e-02 3.531351737073207264e-02 4.546204543589161401e-02 4.831389612839825237e-02 6.419491796165249786e-02 7.791561003735408830e-02 8.128104398311304657e-02 8.461684695840523962e-02 1.060766944096625114e-01 1.161111474857655090e-01 1.242470743514209469e-01 1.397770888408073064e-01
-1.343924958915072854e-01 -1.193758408917462988e-01 -1.128426749216622921e-01 -1.031106844534551842e-01 -8.161111479297039617e-02 -7.902384148603421032e-02 -7.566896878970819085e-02 -6.153593003819204238e-02 -4.699674391496067721e-02 -4.317042724087175737e-02 -3.553542331853434127e-02 -2.969930043187992211e-02 -1.703678244211808898e-02 -8.913909563197429040e-03 -1.259887736452281869e-03 1.259887736452302036e-03 8.913909563197330160e-03 1.703678244211795020e-02 2.969930043187991517e-02 3.553542331853429270e-02 4.317042724087165328e-02 4.699674391496036496e-02 6.153593003819204238e-02 7.566896878970812146e-02 7.902384148603427971e-02 8.161111479297072924e-02 1.031106844534553230e-01 1.128426749216621394e-01 1.193758408917465624e-01 1.343924958915073686e-01
-1.289141771536043701e-01 -1.144158552907315329e-01 -1.092470716117920765e-01 -9.995401851727633846e-02 -7.889158879436106164e-02 -7.659738213931635564e-02 -7.309114023044406550e-02 -5.888025757641056346e-02 -4.574346282516157658e-02 -4.076753443206376781e-02 -3.575259498652775397e-02 -2.847616113614654526e-02 -1.694943298858868699e-02 -8.188737524636804238e-03 -1.101715095196137938e-03 1.101715095196147479e-03 8.188737524636852810e-03 1.694943298858859679e-02 2.847616113614663547e-02 3.575259498652749723e-02 4.076753443206349720e-02 4.574346282516135453e-02 5.888025757641070224e-02 7.309114023044398223e-02 7.659738213931678585e-02 7.889158879436102001e-02 9.995401851727689357e-02 1.092470716117924928e-01 1.144158552907312276e-01 1.289141771536039260e-01
-1.233322834564207632e-01 -1.094524212288437992e-01 -1.052485167951463518e-01 -9.658072301137134164e-02 -7.639951632457467334e-02 -7.405686651110600371e-02 -7.015740735370833148e-02 -5.626037108956769006e-02 -4.440743496792545070e-02 -3.849087288470638690e-02 -3.585075287353084450e-02 -2.729486605135605232e-02 -1.675816554948704462e-02 -7.661410934770209596e-03 -7.911600401624578399e-04 7.911600401624087255e-04 7.661410934770216535e-03 1.675816554948693707e-02 2.729486605135622232e-02 3.585075287353069184e-02 3.849087288470639384e-02 4.440743496792543682e-02 5.626037108956830068e-02 7.015740735370827597e-02 7.405686651110629515e-02 7.639951632457413211e-02 9.658072301137173021e-02 1.052485167951472816e-01 1.094524212288431053e-01 1.233322834564212211e-01
-1.176367996027084944e-01 -1.045639713100051243e-01 -1.007861721319030651e-01 -9.295891392281940835e-02 -7.399780711964623614e-02 -7.144383852202518259e-02 -6.693672319262174153e-02 -5.370622990499629434e-02 -4.293159511763201819e-02 -3.714056687893420305e-02 -3.506385078066060618e-02 -2.617424844507373199e-02 -1.643001175795975530e-02 -7.317216481139584422e-03 -3.504277556873122571e-04 3.504277556872981625e-04 7.317216481139447379e-03 1.643001175795960611e-02 2.617424844507372506e-02 3.506385078066062699e-02 3.714056687893373815e-02 4.293159511763215003e-02 5.370622990499621802e-02 6.693672319262156112e-02 7.144383852202501606e-02 7.399780711964593083e-02 9.295891392281950549e-02 1.007861721319034259e-01 1.045639713100052909e-01 1.176367996027085361e-01
-1.118177077694666732e-01 -9.973185846514703856e-02 -9.591028332732398631e-02 -8.904493329259198509e-02 -7.159355898986803635e-02 -6.872587112188011105e-02 -6.352907756626174907e-02 -5.124312523165751310e-02 -4.128841763345351273e-02 -3.711051873107593102e-02 -3.300377422850512416e-02 -2.511981764038112575e-02 -1.593845694233591778e-02 -7.112031084459251654e-03 -1.702703112451381775e-04 1.702703112451372830e-04 7.112031084459259460e-03 1.593845694233589350e-02 2.511981764038111187e-02 3.300377422850524906e-02 3.711051873107577143e-02 4.128841763345333926e-02 5.124312523165791555e-02 6.352907756626148539e-02 6.872587112188006941e-02 7.159355898986821676e-02 8.904493329259205447e-02 9.591028332732384754e-02 9.973185846514705244e-02 1.118177077694665345e-01
-1.058640382012853154e-01 -9.482989718383171007e-02 -9.079944309677440151e-02 -8.477753173777888285e-02 -6.914333057949545447e-02 -6.584947573802404919e-02 -6.000607533804875465e-02 -4.888710826973263063e-02 -3.946771929272777091e-02 -3.734453100443790169e-02 -3.071690553640203658e-02 -2.411234565982090308e-02 -1.527403673502401166e-02 -6.991162241011510646e-03 -7.112779327015901834e-04 7.112779327016768112e-04 6.991162241011552279e-03 1.527403673502413656e-02 2.411234565982115982e-02 3.071690553640222740e-02 3.734453100443754781e-02 3.946771929272790275e-02 4.888710826973285267e-02 6.000607533804940691e-02 6.584947573802396592e-02 6.914333057949556549e-02 8.477753173777884121e-02 9.079944309677455416e-02 9.482989718383182109e-02 1.058640382012851766e-01
-9.976068487252288952e-02 -8.973133427729541867e-02 -8.564588744216332372e-02 -8.008730326241317310e-02 -6.662702030163523970e-02 -6.276941639802335882e-02 -5.640471882032925544e-02 -4.663694040326130802e-02 -3.779010753500883224e-02 -3.728730557345664998e-02 -2.841798432959825177e-02 -2.310262741706180234e-02 -1.445105599209698354e-02 -6.904472801430362218e-03 -1.218515854270080115e-03 1.218515854270067538e-03 6.904472801430374361e-03 1.445105599209688119e-02 2.310262741706194806e-02 2.841798432959825177e-02 3.728730557345669855e-02 3.779010753500883224e-02 4.663694040326114842e-02 5.640471882032909584e-02 6.276941639802344208e-02 6.662702030163517031e-02 8.008730326241275677e-02 8.564588744216374006e-02 8.973133427729447498e-02 9.976068487252201522e-02
-9.348148452520949059e-02 -8.436008500558549172e-02 -8.055554291875759165e-02 -7.494748925690464247e-02 -6.402833130332075129e-02 -5.945049952902527884e-02 -5.273750219799604871e-02 -4.446264668361948197e-02 -3.796178484445574680e-02 -3.517510233147549958e-02 -2.613732355703848875e-02 -2.201976581061702853e-02 -1.350451441740025370e-02 -6.811359109615545276e-03 -1.648595378561452029e-03 1.648595378561412131e-03 6.811359109615570430e-03 1.350451441740034911e-02 2.201976581061694874e-02 2.613732355703838467e-02 3.517510233147558285e-02 3.796178484445531659e-02 4.446264668361937789e-02 5.273750219799622219e-02 5.945049952902521639e-02 6.402833130332055700e-02 7.494748925690432328e-02 8.055554291875764716e-02 8.436008500558546397e-02 9.348148452520942120e-02
-8.697937939235504679e-02 -7.868493788712219161e-02 -7.549614675272081632e-02 -6.943724280516325176e-02 -6.130952090374974101e-02 -5.586391130360818247e-02 -4.900017095526563310e-02 -4.229532572832016973e-02 -3.817171290990173382e-02 -3.275964809010872142e-02 -2.388015151888639095e-02 -2.079062804153393451e-02 -1.247924444117014253e-02 -6.679888769989130760e-03 -1.968499938906883521e-03 1.968499938906829744e-03 6.679888769989129893e-03 1.247924444117017376e-02 2.079062804153369165e-02 2.388015151888638402e-02 3.275964809010865897e-02 3.817171290990170607e-02 4.229532572831972564e-02 4.900017095526526534e-02 5.586391130360805757e-02 6.130952090374979652e-02 6.943724280516298808e-02 7.549614675272121878e-02 7.868493788712210835e-02 8.697937939235513005e-02
-8.017822517116947323e-02 -7.271577231786843787e-02 -7.031409221598089454e-02 -6.377151218855647841e-02 -5.833742919911893282e-02 -5.198415103918405111e-02 -4.517615749040895801e-02 -4.004101978602803841e-02 -3.818323412858404264e-02 -3.014365527836462139e-02 -2.164665911046770308e-02 -1.935983672043477266e-02 -1.141814095509883879e-02 -6.484663876836768009e-03 -2.154707999655728051e-03 2.154707999655713305e-03 6.484663876836782755e-03 1.141814095509883359e-02 1.935983672043469980e-02 2.164665911046774471e-02 3.014365527836477057e-02 3.818323412858458388e-02 4.004101978602819106e-02 4.517615749040890943e-02 5.198415103918392621e-02 5.833742919911850955e-02 6.377151218855638126e-02 7.031409221598015902e-02 7.271577231786847950e-02 8.017822517116901526e-02
-7.296204207591371060e-02 -6.652238209513194889e-02 -6.477049663196778051e-02 -5.849069776680448224e-02 -5.460327745835263924e-02 -4.778713759392452798e-02 -4.123958834206114393e-02 -3.810080637296581196e-02 -3.721360429306721368e-02 -2.733984627097131234e-02 -1.943416054424468992e-02 -1.770210961332371880e-02 -1.035323341052287946e-02 -6.205297596805567015e-03 -2.194008057610380771e-03 2.194008057610454497e-03 6.205297596805578290e-03 1.035323341052290722e-02 1.770210961332374308e-02 1.943416054424471073e-02 2.733984627097130193e-02 3.721360429306732470e-02 3.810080637296543726e-02 4.123958834206086638e-02 4.778713759392490962e-02 5.460327745835249352e-02 5.849069776680506511e-02 6.477049663196761398e-02 6.652238209513228195e-02 7.296204207591368285e-02
-6.522316058377672365e-02 -6.024018751678428957e-02 -5.861794810078412715e-02 -5.420245113437845846e-02 -4.934530255680550509e-02 -4.324920861207320888e-02 -3.716805041889090222e-02 -3.682011971060606542e-02 -3.439011921520812587e-02 -2.436250733048092934e-02 -1.723014530844007089e-02 -1.582769712878624724e-02 -9.299384953779818094e-03 -5.825758981667678894e-03 -2.086263467982421137e-03 2.086263467982427209e-03 5.825758981667687568e-03 9.299384953779830237e-03 1.582769712878625765e-02 1.723014530843999456e-02 2.436250733048089812e-02 3.439011921520805648e-02 3.682011971060600991e-02 3.716805041889084671e-02 4.324920861207331990e-02 4.934530255680547040e-02 5.420245113437811152e-02 5.861794810078435614e-02 6.024018751678416467e-02 6.522316058377651549e-02
-5.711576433327888308e-02 -5.389679212768048316e-02 -5.186699275989362784e-02 -4.968531546771527696e-02 -4.312261361442538965e-02 -3.834674200073758671e-02 -3.450749194166227718e-02 -3.287697828554898838e-02 -3.095387739653655823e-02 -2.122863654081181758e-02 -1.500477894228704340e-02 -1.377977468317719174e-02 -8.250537004434831470e-03 -5.334184833181905908e-03 -1.847563125315281139e-03 1.847563125315313665e-03 5.334184833181910244e-03 8.250537004434857491e-03 1.377977468317727848e-02 1.500477894228710932e-02 2.122863654081194248e-02 3.095387739653664497e-02 3.287697828554875246e-02 3.450749194166228412e-02 3.834674200073773243e-02 4.312261361442539659e-02 4.968531546771508267e-02 5.186699275989350294e-02 5.389679212768048316e-02 5.711576433327884839e-02
-4.908035980701884460e-02 -4.688556723505656054e-02 -4.469102226324068311e-02 -4.350648422150087125e-02 -3.651634568139047743e-02 -3.305621629014147966e-02 -3.085901218939310006e-02 -2.836158215631561993e-02 -2.697456869711198010e-02 -1.795620193364815334e-02 -1.272085328287777574e-02 -1.161393887006226949e-02 -7.180265148306682818e-03 -4.722797358647757258e-03 -1.510757262011396679e-03 1.510757262011390824e-03 4.722797358647709554e-03 7.180265148306667206e-03 1.161393887006230592e-02 1.272085328287790758e-02 1.795620193364817763e-02 2.697456869711212582e-02 2.836158215631550544e-02 3.085901218939321108e-02 3.305621629014141721e-02 3.651634568139045661e-02 4.350648422150060757e-02 4.469102226324048188e-02 4.688556723505627605e-02 4.908035980701892093e-02
-4.081323556585403356e-02 -3.850491445418961073e-02 -3.697130333974953109e-02 -3.600191393049592681e-02 -2.968006901976354833e-02 -2.735438844053317275e-02 -2.604791970942451490e-02 -2.353487041577187466e-02 -2.247732067743630005e-02 -1.456218432934069419e-02 -1.035227190800615607e-02 -9.373368943643666656e-03 -6.047624018012183467e-03 -3.988229106765840346e-03 -1.121304842239289647e-03 1.121304842239291381e-03 3.988229106765856825e-03 6.047624018012186936e-03 9.373368943643666656e-03 1.035227190800615260e-02 1.456218432934054847e-02 2.247732067743630005e-02 2.353487041577190589e-02 2.604791970942462245e-02 2.735438844053294377e-02 2.968006901976332976e-02 3.600191393049585048e-02 3.697130333974942701e-02 3.850491445418937481e-02 4.081323556585393642e-02
-3.165850519720875972e-02 -2.946287579663880649e-02 -2.858620546247650496e-02 -2.779345599323059315e-02 -2.264336957101953027e-02 -2.121801724367349332e-02 -2.034576415098900484e-02 -1.832838510893792378e-02 -1.750205886454638676e-02 -1.106103716204932287e-02 -7.889784101433481786e-03 -7.081663596542204717e-03 -4.805738142298339281e-03 -3.132947118168121631e-03 -7.298578932921455376e-04 7.298578932921625595e-04 3.132947118168126835e-03 4.805738142298339281e-03 7.081663596542265432e-03 7.889784101433511276e-03 1.106103716204930379e-02 1.750205886454638329e-02 1.832838510893794459e-02 2.034576415098895280e-02 2.121801724367361822e-02 2.264336957101960660e-02 2.779345599323041621e-02 2.858620546247649802e-02 2.946287579663899037e-02 3.165850519720886380e-02
-2.175756523358216704e-02 -2.007078787881834414e-02 -1.955747429661557762e-02 -1.902536347593729651e-02 -1.538713499717710674e-02 -1.462436501463243964e-02 -1.399171716923002483e-02 -1.269040937625097627e-02 -1.208055120670453557e-02 -7.463608862702418231e-03 -5.337534565781425731e-03 -4.748611542207337860e-03 -3.409077544540029328e-03 -2.167637288601469148e-03 -3.852697178678221395e-04 3.852697178678137369e-04 2.167637288601472617e-03 3.409077544540018052e-03 4.748611542207348268e-03 5.337534565781381496e-03 7.463608862702389608e-03 1.208055120670443842e-02 1.269040937625076637e-02 1.399171716923002483e-02 1.462436501463233209e-02 1.538713499717705296e-02 1.902536347593728264e-02 1.955747429661541456e-02 2.007078787881825740e-02 2.175756523358239602e-02
-1.116257172769725275e-02 -1.029276480330910265e-02 -9.987426066151430457e-03 -9.735996709174653263e-03 -7.860930766198646544e-03 -7.554934972564657410e-03 -7.166657098400991237e-03 -6.588552475912408564e-03 -6.235690399016391439e-03 -3.776290828332349182e-03 -2.706222498021473334e-03 -2.381244966455977555e-03 -1.817709425664087129e-03 -1.113124361042517555e-03 -1.303380995115430195e-04 1.303380995115403904e-04 1.113124361042535336e-03 1.817709425664077805e-03 2.381244966455983193e-03 2.706222498021460757e-03 3.776290828332366963e-03 6.235690399016404449e-03 6.588552475912403360e-03 7.166657098401018125e-03 7.554934972564657410e-03 7.860930766198603176e-03 9.735996709174656732e-03 9.987426066151454743e-03 1.029276480330910438e-02 1.116257172769726490e-02
-9.751368513546136463e-08 -9.031009550599626041e-08 -8.690875518323086747e-08 -8.473257435630588989e-08 -6.874727087738915239e-08 -6.659867123191911386e-08 -6.239938254691368702e-08 -5.840938060985392074e-08 -5.477419589032756458e-08 -3.264362354796528719e-08 -2.346502928796967353e-08 -2.028343375004746578e-08 -1.655568652386516369e-08 -9.654650587155563163e-09 -4.998722875148598414e-10 4.998722875148684234e-10 9.654650587155587979e-09 1.655568652386508759e-08 2.028343375004749225e-08 2.346502928796959412e-08 3.264362354796536660e-08 5.477419589032733958e-08 5.840938060985373545e-08 6.239938254691351497e-08 6.659867123191907415e-08 6.874727087738903328e-08 8.473257435630595607e-08 8.690875518323101306e-08 9.031009550599675010e-08 9.751368513546132493e-08
