-2.915849146156486715e-01 -2.589482257645522312e-01 -2.577469180385091319e-01 -2.171701688819702714e-01 -2.052449818048900365e-01 -1.940417268500281289e-01 -1.757723898392119788e-01 -1.656305683279854779e-01 -1.580488394016304476e-01 -1.318848798650695819e-01 -1.092175481413111410e-01 -9.056584841515723239e-02 -7.816430030052427813e-02 -2.087089012333015817e-02 -1.820951835935447072e-02 1.820951835935438745e-02 2.087089012333007143e-02 7.816430030052502753e-02 9.056584841515807893e-02 1.092175481413118626e-01 1.318848798650689713e-01 1.580488394016298370e-01 1.656305683279859220e-01 1.757723898392115069e-01 1.940417268500279624e-01 2.052449818048902863e-01 2.171701688819709652e-01 2.577469180385091319e-01 2.589482257645517871e-01 2.915849146156508365e-01
-2.912359747168908330e-01 -2.592196131027328376e-01 -2.570803228608564139e-01 -2.156215478087995241e-01 -2.050955158596844685e-01 -1.940464561454106895e-01 -1.753520297690055185e-01 -1.647719620909471328e-01 -1.576918796421912516e-01 -1.310652285278545714e-01 -1.082669453793775050e-01 -8.918797853247704965e-02 -7.636535366072215447e-02 -2.089484768291298422e-02 -1.814485519634627744e-02 1.814485519634636418e-02 2.089484768291300504e-02 7.636535366072286224e-02 8.918797853247691088e-02 1.082669453793773801e-01 1.310652285278549323e-01 1.576918796421912516e-01 1.647719620909467997e-01 1.753520297690052965e-01 1.940464561454105785e-01 2.050955158596835526e-01 2.156215478087999404e-01 2.570803228608563584e-01 2.592196131027315609e-01 2.912359747168896673e-01
-2.908472911214129986e-01 -2.596407347599158921e-01 -2.562310974441700528e-01 -2.141915102839224427e-01 -2.048724651102469818e-01 -1.939719868919512480e-01 -1.748985108240704300e-01 -1.639119059528005851e-01 -1.573283243538148302e-01 -1.302106664012021020e-01 -1.073010404906700882e-01 -8.781344352444907242e-02 -7.457936601672085497e-02 -2.091660916201051879e-02 -1.807898768225182917e-02 1.807898768225189162e-02 2.091660916201044940e-02 7.457936601672084109e-02 8.781344352444883650e-02 1.073010404906691306e-01 1.302106664012030179e-01 1.573283243538162735e-01 1.639119059528010014e-01 1.748985108240695141e-01 1.939719868919493606e-01 2.048724651102485361e-01 2.141915102839219709e-01 2.562310974441707745e-01 2.596407347599175575e-01 2.908472911214114442e-01
-2.904235672995297279e-01 -2.600573148765447096e-01 -2.553495863142110633e-01 -2.129447639514255031e-01 -2.045100953746014083e-01 -1.938246787948469108e-01 -1.744089220325652501e-01 -1.630589196939925267e-01 -1.569494583331155768e-01 -1.293277298629130212e-01 -1.063194996057928998e-01 -8.644335553272658457e-02 -7.280840671632940464e-02 -2.093596783356523397e-02 -1.801184302850175958e-02 1.801184302850180816e-02 2.093596783356520621e-02 7.280840671632994587e-02 8.644335553272645967e-02 1.063194996057927055e-01 1.293277298629128824e-01 1.569494583331155768e-01 1.630589196939915553e-01 1.744089220325648060e-01 1.938246787948469108e-01 2.045100953746011307e-01 2.129447639514250035e-01 2.553495863142124511e-01 2.600573148765441545e-01 2.904235672995311157e-01
-2.899697805136476347e-01 -2.604392099962446472e-01 -2.544624350238242627e-01 -2.119546063619551779e-01 -2.039329387313182917e-01 -1.936122943655110840e-01 -1.738806855535732498e-01 -1.622224528431291668e-01 -1.565453087725361958e-01 -1.284227052426549498e-01 -1.053217654457462432e-01 -8.507876306071970873e-02 -7.105448953798716716e-02 -2.095269581768131884e-02 -1.794334205101735108e-02 1.794334205101741353e-02 2.095269581768128414e-02 7.105448953798775003e-02 8.507876306072040262e-02 1.053217654457461044e-01 1.284227052426532012e-01 1.565453087725352799e-01 1.622224528431299717e-01 1.738806855535727225e-01 1.936122943655109174e-01 2.039329387313166264e-01 2.119546063619538179e-01 2.544624350238235411e-01 2.604392099962440921e-01 2.899697805136481343e-01
-2.894911407003982751e-01 -2.607753308003993853e-01 -2.535775747925824164e-01 -2.112707703122300995e-01 -2.030888090578777394e-01 -1.933431536089385561e-01 -1.733115941942407756e-01 -1.614129013459039974e-01 -1.561046609059674461e-01 -1.275015863744961842e-01 -1.043070785966133396e-01 -8.372065628192233711e-02 -6.931957556434555079e-02 -2.096654236321346398e-02 -1.787339842763656025e-02 1.787339842763659842e-02 2.096654236321344317e-02 6.931957556434516221e-02 8.372065628192223996e-02 1.043070785966122987e-01 1.275015863744948519e-01 1.561046609059681400e-01 1.614129013459034145e-01 1.733115941942394156e-01 1.933431536089375846e-01 2.030888090578767124e-01 2.112707703122302383e-01 2.535775747925803625e-01 2.607753308003978865e-01 2.894911407003991077e-01
-2.889930336587062110e-01 -2.610593269969879726e-01 -2.526984850758030587e-01 -2.108855466781423826e-01 -2.019834867734141004e-01 -1.930253095261247609e-01 -1.726998589335717593e-01 -1.606410830944684509e-01 -1.556155844218651274e-01 -1.265700492381608977e-01 -1.032745035554179652e-01 -8.236997251531101571e-02 -6.760557574806523584e-02 -2.097723213244483131e-02 -1.780191787662895389e-02 1.780191787662905450e-02 2.097723213244488683e-02 6.760557574806494441e-02 8.236997251531115449e-02 1.032745035554178542e-01 1.265700492381605369e-01 1.556155844218661821e-01 1.606410830944687840e-01 1.726998589335711487e-01 1.930253095261249552e-01 2.019834867734149331e-01 2.108855466781432986e-01 2.526984850758027257e-01 2.610593269969876951e-01 2.889930336587066551e-01
-2.884809452022563669e-01 -2.612865731226003407e-01 -2.518271925003160994e-01 -2.107418863847194124e-01 -2.006734017627676003e-01 -1.926657236402387341e-01 -1.720441711832970400e-01 -1.599168358232128939e-01 -1.550668067517257664e-01 -1.256334374525208686e-01 -1.022229598652068944e-01 -8.102760198834312033e-02 -6.591435314933330458e-02 -2.098446353721175259e-02 -1.772879725160125819e-02 1.772879725160114370e-02 2.098446353721167626e-02 6.591435314933351275e-02 8.102760198834360605e-02 1.022229598652066723e-01 1.256334374525196751e-01 1.550668067517246007e-01 1.599168358232125609e-01 1.720441711832963738e-01 1.926657236402386231e-01 2.006734017627682942e-01 2.107418863847179691e-01 2.518271925003153222e-01 2.612865731226006738e-01 2.884809452022555898e-01
-2.879603633129937390e-01 -2.614533069558308553e-01 -2.509651524956889590e-01 -2.107713837994440731e-01 -1.992286080371245827e-01 -1.922692542935642845e-01 -1.713437821129808192e-01 -1.592467723953817915e-01 -1.544498982787933794e-01 -1.246967535605962019e-01 -1.011512583854083380e-01 -7.969439399737937579e-02 -6.424772480670634667e-02 -2.098790719178221867e-02 -1.765392354892686422e-02 1.765392354892695442e-02 2.098790719178206254e-02 6.424772480670629116e-02 7.969439399737995866e-02 1.011512583854084213e-01 1.246967535605960076e-01 1.544498982787939623e-01 1.592467723953816250e-01 1.713437821129817629e-01 1.922692542935646731e-01 1.992286080371254153e-01 2.107713837994456552e-01 2.509651524956882929e-01 2.614533069558295786e-01 2.879603633129924622e-01
-2.874366565306388233e-01 -2.615563593950533394e-01 -2.501135730903270016e-01 -2.109186578996158912e-01 -1.977100165672894538e-01 -1.918369829958414818e-01 -1.705985996926936421e-01 -1.586320477892855518e-01 -1.537614147553824639e-01 -1.237646524691440320e-01 -1.000581423896377692e-01 -7.837116356184158084e-02 -6.260746317951952633e-02 -2.098720456906285128e-02 -1.757717282508414192e-02 1.757717282508407947e-02 2.098720456906286863e-02 6.260746317951926265e-02 7.837116356184234411e-02 1.000581423896382827e-01 1.237646524691433797e-01 1.537614147553827693e-01 1.586320477892857184e-01 1.705985996926946691e-01 1.918369829958403716e-01 1.977100165672909526e-01 2.109186578996162797e-01 2.501135730903274457e-01 2.615563593950530619e-01 2.874366565306387122e-01
-2.869149290743167047e-01 -2.615930980149559493e-01 -2.492735557326533624e-01 -2.111452363907621310e-01 -1.961689261840666165e-01 -1.913627415804051157e-01 -1.698093029022886280e-01 -1.580674978214071102e-01 -1.530036357944902503e-01 -1.228414348312758669e-01 -9.894233277342835697e-02 -7.705869865141511121e-02 -6.099529706991182326e-02 -2.098196697304809469e-02 -1.749840902312571611e-02 1.749840902312573346e-02 2.098196697304809816e-02 6.099529706991137223e-02 7.705869865141576347e-02 9.894233277342874555e-02 1.228414348312764220e-01 1.530036357944913605e-01 1.580674978214076376e-01 1.698093029022887390e-01 1.913627415804050047e-01 1.961689261840657561e-01 2.111452363907632690e-01 2.492735557326553053e-01 2.615930980149570040e-01 2.869149290743157610e-01
-2.863998565648622763e-01 -2.615614649537818526e-01 -2.484461668853613914e-01 -2.114255711640035396e-01 -1.946589084095410038e-01 -1.908251633968534033e-01 -1.689774714328487193e-01 -1.575427319618940558e-01 -1.521833158101998373e-01 -1.219310394352243476e-01 -9.780257623301083503e-02 -7.575776804420787658e-02 -5.941291189434949604e-02 -2.097177497240860708e-02 -1.741748271017109009e-02 1.741748271017094785e-02 2.097177497240864177e-02 5.941291189434926012e-02 7.575776804420683574e-02 9.780257623301016889e-02 1.219310394352239590e-01 1.521833158102001982e-01 1.575427319618944999e-01 1.689774714328487748e-01 1.908251633968535976e-01 1.946589084095407818e-01 2.114255711640028179e-01 2.484461668853611138e-01 2.615614649537810754e-01 2.863998565648631089e-01
-2.858955103996804747e-01 -2.614600590058920870e-01 -2.476324812292936828e-01 -2.117426052861985930e-01 -1.932565695200990086e-01 -1.901713217473854911e-01 -1.681057273651505035e-01 -1.570443124713462313e-01 -1.513093153134524305e-01 -1.210370346924961732e-01 -9.663769490291883313e-02 -7.446912984676562486e-02 -5.786194912764406478e-02 -2.095617847812558665e-02 -1.733422973157996289e-02 1.733422973157984839e-02 2.095617847812550338e-02 5.786194912764379417e-02 7.446912984676631875e-02 9.663769490291918007e-02 1.210370346924957569e-01 1.513093153134515700e-01 1.570443124713461480e-01 1.681057273651496431e-01 1.901713217473841866e-01 1.932565695200983424e-01 2.117426052861994534e-01 2.476324812292934607e-01 2.614600590058934748e-01 2.858955103996785874e-01
-2.854051830683909663e-01 -2.612882320874410080e-01 -2.468336131469695827e-01 -2.120846232747925775e-01 -1.920751295556190619e-01 -1.893062893586756612e-01 -1.671978811463689374e-01 -1.565576734990255792e-01 -1.503904638138983674e-01 -1.201626100459811941e-01 -9.544663568148134547e-02 -7.319354067248544371e-02 -5.634400468675740403e-02 -2.093469769186123014e-02 -1.724846979280094533e-02 1.724846979280096962e-02 2.093469769186130994e-02 5.634400468675773710e-02 7.319354067248663720e-02 9.544663568148063770e-02 1.201626100459822905e-01 1.503904638138990058e-01 1.565576734990257735e-01 1.671978811463687431e-01 1.893062893586742734e-01 1.920751295556182847e-01 2.120846232747936599e-01 2.468336131469676953e-01 2.612882320874396203e-01 2.854051830683902446e-01
-2.849312298292971946e-01 -2.610461765455794891e-01 -2.460507439943662999e-01 -2.124432521016895448e-01 -1.911930523037764507e-01 -1.881665204038310557e-01 -1.662590648444398633e-01 -1.560681226365132068e-01 -1.494343277850814500e-01 -1.193105685090892071e-01 -9.422851739008827887e-02 -7.193176543111645671e-02 -5.486062595803609804e-02 -2.090682520015774842e-02 -1.716000498731359847e-02 1.716000498731355337e-02 2.090682520015768944e-02 5.486062595803560538e-02 7.193176543111656773e-02 9.422851739008830663e-02 1.193105685090892765e-01 1.494343277850815332e-01 1.560681226365131236e-01 1.662590648444392250e-01 1.881665204038321104e-01 1.911930523037764507e-01 2.124432521016899611e-01 2.460507439943660224e-01 2.610461765455778238e-01 2.849312298292979717e-01
-2.844749429334048618e-01 -2.607349831316734257e-01 -2.452851487510148698e-01 -2.128122193066778745e-01 -1.905552051058627128e-01 -1.868199695948302708e-01 -1.652958169246391273e-01 -1.555610480890488867e-01 -1.484467981584303431e-01 -1.184833215943295048e-01 -9.298267404457631613e-02 -7.068458762609305945e-02 -5.341330710258467007e-02 -2.087202953983781015e-02 -1.706861829933176838e-02 1.706861829933164348e-02 2.087202953983791423e-02 5.341330710258463538e-02 7.068458762609283741e-02 9.298267404457651042e-02 1.184833215943288526e-01 1.484467981584291218e-01 1.555610480890478320e-01 1.652958169246394049e-01 1.868199695948317973e-01 1.905552051058627683e-01 2.128122193066764589e-01 2.452851487510163686e-01 2.607349831316722599e-01 2.844749429334057500e-01
-2.840364721276474325e-01 -2.603566539528404666e-01 -2.445382237117404989e-01 -2.131865709459574154e-01 -1.900615380255955278e-01 -1.853782514063392617e-01 -1.643160505154898920e-01 -1.550217567554842135e-01 -1.474321463053492043e-01 -1.176828876189053436e-01 -9.170869287147931370e-02 -6.945281998481335484e-02 -5.200348220534554283e-02 -2.082976060712414187e-02 -1.697407212391334810e-02 1.697407212391345219e-02 2.082976060712427718e-02 5.200348220534489058e-02 6.945281998481352137e-02 9.170869287147984106e-02 1.176828876189055934e-01 1.474321463053492876e-01 1.550217567554846576e-01 1.643160505154893647e-01 1.853782514063386788e-01 1.900615380255950004e-01 2.131865709459577207e-01 2.445382237117419422e-01 2.603566539528410773e-01 2.840364721276455451e-01
-2.836147995347488848e-01 -2.599140614920230630e-01 -2.438115157238840147e-01 -2.135621654803240010e-01 -1.896512358730975956e-01 -1.839130592328302172e-01 -1.633287928817483692e-01 -1.544353529456239105e-01 -1.463932633488551349e-01 -1.169108938454662266e-01 -9.040644624606400392e-02 -6.823731515541225923e-02 -5.063251577270508341e-02 -2.077945731874509747e-02 -1.687610686582873346e-02 1.687610686582882366e-02 2.077945731874508012e-02 5.063251577270554832e-02 6.823731515541185677e-02 9.040644624606403168e-02 1.169108938454669344e-01 1.463932633488559398e-01 1.544353529456242990e-01 1.633287928817490076e-01 1.839130592328302727e-01 1.896512358730995662e-01 2.135621654803249725e-01 2.438115157238837372e-01 2.599140614920227299e-01 2.836147995347506612e-01
-2.832077693080750636e-01 -2.594108531631830195e-01 -2.431067525573547827e-01 -2.139353360508784441e-01 -1.892957634248081666e-01 -1.824635132727283338e-01 -1.623435479644955437e-01 -1.537869781457149032e-01 -1.453319310041700230e-01 -1.161685822156884457e-01 -8.907611739662274486e-02 -6.703897608672197694e-02 -4.930169004448936576e-02 -2.072055794525934705e-02 -1.677443970309592386e-02 1.677443970309583018e-02 2.072055794525961073e-02 4.930169004448978903e-02 6.703897608672182429e-02 8.907611739662289752e-02 1.161685822156896114e-01 1.453319310041702728e-01 1.537869781457157636e-01 1.623435479644959045e-01 1.824635132727276954e-01 1.892957634248079168e-01 2.139353360508784996e-01 2.431067525573557819e-01 2.594108531631837411e-01 2.832077693080759517e-01
-2.828121645211590374e-01 -2.588513091124661769e-01 -2.424258730608222501e-01 -2.143026591516433987e-01 -1.889816470853478703e-01 -1.810536277026535690e-01 -1.613691617395200395e-01 -1.530626211687420302e-01 -1.442490657104857077e-01 -1.154568176641156130e-01 -8.771822042459448410e-02 -6.585876555900946339e-02 -4.801218858787548172e-02 -2.065251350765861388e-02 -1.666876363238628186e-02 1.666876363238625758e-02 2.065251350765868327e-02 4.801218858787494048e-02 6.585876555900935236e-02 8.771822042459401225e-02 1.154568176641165983e-01 1.442490657104867624e-01 1.530626211687430294e-01 1.613691617395199562e-01 1.810536277026537633e-01 1.889816470853487307e-01 2.143026591516462576e-01 2.424258730608215284e-01 2.588513091124656773e-01 2.828121645211597035e-01
-2.824238173150097064e-01 -2.582401672061190312e-01 -2.417710546569055430e-01 -2.146607942970792660e-01 -1.887019000886971387e-01 -1.797009866305774028e-01 -1.604122418108213377e-01 -1.522505007345474615e-01 -1.431449249733412754e-01 -1.147760972540511348e-01 -8.633361584781640286e-02 -6.469771414373413909e-02 -4.676507570836464789e-02 -2.057480453570881621e-02 -1.655874695185086121e-02 1.655874695185075712e-02 2.057480453570887172e-02 4.676507570836483524e-02 6.469771414373381990e-02 8.633361584781620857e-02 1.147760972540521340e-01 1.431449249733407481e-01 1.522505007345472117e-01 1.604122418108219206e-01 1.797009866305765424e-01 1.887019000886981102e-01 2.146607942970793492e-01 2.417710546569046548e-01 2.582401672061185316e-01 2.824238173150093179e-01
-2.820377341787204672e-01 -2.575824321615010626e-01 -2.411447343773139851e-01 -2.150063751154942526e-01 -1.884523705943406957e-01 -1.784203222340904338e-01 -1.594755143539797193e-01 -1.513426810208062523e-01 -1.420192838355764653e-01 -1.141265577245937635e-01 -8.492352341993296416e-02 -6.355692563090929725e-02 -4.556127137698469387e-02 -2.048696130452504205e-02 -1.644403338127805453e-02 1.644403338127809269e-02 2.048696130452502123e-02 4.556127137698472163e-02 6.355692563090951930e-02 8.492352341993317233e-02 1.141265577245942769e-01 1.420192838355766596e-01 1.513426810208063911e-01 1.594755143539795805e-01 1.784203222340914330e-01 1.884523705943441096e-01 2.150063751154950575e-01 2.411447343773139851e-01 2.575824321615032275e-01 2.820377341787195791e-01
-2.816482156442426388e-01 -2.568831854730097564e-01 -2.405496180155308195e-01 -2.153359421572577648e-01 -1.882301473067364006e-01 -1.772248251900139238e-01 -1.585568078076210474e-01 -1.503362684316180975e-01 -1.408715950653342819e-01 -1.135079785066160779e-01 -8.348953438170776675e-02 -6.243757866170195070e-02 -4.440152166662615640e-02 -2.038858736869524416e-02 -1.632424306627083474e-02 1.632424306627081045e-02 2.038858736869524763e-02 4.440152166662649641e-02 6.243757866170222826e-02 8.348953438170853003e-02 1.135079785066172575e-01 1.408715950653339488e-01 1.503362684316180975e-01 1.585568078076211584e-01 1.772248251900133409e-01 1.882301473067375663e-01 2.153359421572570154e-01 2.405496180155319019e-01 2.568831854730095898e-01 2.816482156442428608e-01
-2.812489461467735929e-01 -2.561474100194194858e-01 -2.399886701557267521e-01 -2.156459141557058590e-01 -1.880328205499468830e-01 -1.761263697020068464e-01 -1.576492913629718162e-01 -1.492335786624369443e-01 -1.397011468956518843e-01 -1.129197768411160929e-01 -8.203362556637110170e-02 -6.134092292944415270e-02 -4.328636514362226018e-02 -2.027938578225054259e-02 -1.619897475435824047e-02 1.619897475435815720e-02 2.027938578225059116e-02 4.328636514362238508e-02 6.134092292944429842e-02 8.203362556637092129e-02 1.129197768411161762e-01 1.397011468956519675e-01 1.492335786624372496e-01 1.576492913629714554e-01 1.761263697020065688e-01 1.880328205499464111e-01 2.156459141557052761e-01 2.399886701557262247e-01 2.561474100194181536e-01 2.812489461467715945e-01
-2.808330207862878014e-01 -2.553798393408651668e-01 -2.394650760417492974e-01 -2.159325987341093878e-01 -1.878581190336221507e-01 -1.751351593124284844e-01 -1.567430520802985394e-01 -1.480411603345006544e-01 -1.385072303708877184e-01 -1.123609912638217218e-01 -8.055817794929609477e-02 -6.026826785332113634e-02 -4.221609628976136924e-02 -2.015918682770916764e-02 -1.606780945198462221e-02 1.606780945198450078e-02 2.015918682770896295e-02 4.221609628976166068e-02 6.026826785332076164e-02 8.055817794929517883e-02 1.123609912638209307e-01 1.385072303708875796e-01 1.480411603344993499e-01 1.567430520802987892e-01 1.751351593124286510e-01 1.878581190336214846e-01 2.159325987341084718e-01 2.394650760417491864e-01 2.553798393408638900e-01 2.808330207862876349e-01
-2.803928531782488021e-01 -2.545848378102583132e-01 -2.389821648879602578e-01 -2.161922459627599880e-01 -1.877037227821486687e-01 -1.742590916935826684e-01 -1.558274453461335196e-01 -1.467681396826505669e-01 -1.372893257401934242e-01 -1.118302493315045804e-01 -7.906600236020820682e-02 -5.922096107813858840e-02 -4.119072782447845416e-02 -2.002797541104591253e-02 -1.593031584804631071e-02 1.593031584804615805e-02 2.002797541104579457e-02 4.119072782447899539e-02 5.922096107813871330e-02 7.906600236020844275e-02 1.118302493315046081e-01 1.372893257401928413e-01 1.467681396826498730e-01 1.558274453461328535e-01 1.742590916935814749e-01 1.877037227821487519e-01 2.161922459627602378e-01 2.389821648879624783e-01 2.545848378102579246e-01 2.803928531782486910e-01
-2.799198561976220523e-01 -2.537663151827779795e-01 -2.385432838949635981e-01 -2.164211484983640799e-01 -1.875671645945261590e-01 -1.735031000201445461e-01 -1.548933903730243811e-01 -1.454245452473653388e-01 -1.360473142093935883e-01 -1.113257149834659815e-01 -7.756037522505881965e-02 -5.820035351311188959e-02 -4.020995470427912027e-02 -1.988591559268282696e-02 -1.578605768638599582e-02 1.578605768638609297e-02 1.988591559268270900e-02 4.020995470427921742e-02 5.820035351311195898e-02 7.756037522505894455e-02 1.113257149834653847e-01 1.360473142093936716e-01 1.454245452473653943e-01 1.548933903730245754e-01 1.735031000201447682e-01 1.875671645945264920e-01 2.164211484983640799e-01 2.385432838949652634e-01 2.537663151827769803e-01 2.799198561976200539e-01
-2.794036667785594341e-01 -2.529276777501872631e-01 -2.381516135533554290e-01 -2.166157897163693835e-01 -1.874457798554901300e-01 -1.728687065548951407e-01 -1.539349819443136536e-01 -1.440200502881779365e-01 -1.347817178664384996e-01 -1.108450103147973903e-01 -7.604508742159861445e-02 -5.720774691478111573e-02 -3.927312348932709279e-02 -1.973336915616885970e-02 -1.563460303918394467e-02 1.563460303918408345e-02 1.973336915616905052e-02 3.927312348932664871e-02 5.720774691478133778e-02 7.604508742159876711e-02 1.108450103147985144e-01 1.347817178664385551e-01 1.440200502881782141e-01 1.539349819443131262e-01 1.728687065548935864e-01 1.874457798554918508e-01 2.166157897163689117e-01 2.381516135533534029e-01 2.529276777501850981e-01 2.794036667785602113e-01
-2.788303970407887689e-01 -2.520718187581319492e-01 -2.378099181065052581e-01 -2.167730357604622515e-01 -1.873366860238289966e-01 -1.723539485136026117e-01 -1.529501773238141904e-01 -1.425632411839008462e-01 -1.334939670251007460e-01 -1.103851058317090877e-01 -7.452450962744444629e-02 -5.624431930490882137e-02 -3.837921152120456203e-02 -1.957090485799447069e-02 -1.547553502171862203e-02 1.547553502171878162e-02 1.957090485799437701e-02 3.837921152120465224e-02 5.624431930490860626e-02 7.452450962744454344e-02 1.103851058317089767e-01 1.334939670251014954e-01 1.425632411839022617e-01 1.529501773238145790e-01 1.723539485136022786e-01 1.873366860238281917e-01 2.167730357604620295e-01 2.378099181065067291e-01 2.520718187581330039e-01 2.788303970407886578e-01
-2.781786650219072454e-01 -2.512011530942179771e-01 -2.375202296223425380e-01 -2.168903588840541685e-01 -1.872367835420534199e-01 -1.719537047798875007e-01 -1.519406445247888926e-01 -1.410613177130533857e-01 -1.321866910569219622e-01 -1.099421726961564427e-01 -7.300367784980894836e-02 -5.531102292652270019e-02 -3.752682074403955459e-02 -1.939929526994207606e-02 -1.530846284969605668e-02 1.530846284969595607e-02 1.939929526994207953e-02 3.752682074403981827e-02 5.531102292652249897e-02 7.300367784980911490e-02 1.099421726961578305e-01 1.321866910569223785e-01 1.410613177130521090e-01 1.519406445247873660e-01 1.719537047798878615e-01 1.872367835420539195e-01 2.168903588840547514e-01 2.375202296223433429e-01 2.512011530942164783e-01 2.781786650219067458e-01
-2.774102928253133760e-01 -2.503177061540819426e-01 -2.372834674637255836e-01 -2.169660691845157474e-01 -1.871427752967533553e-01 -1.716603189300667798e-01 -1.509110397531049641e-01 -1.395200796238784957e-01 -1.308640263372437551e-01 -1.095113906543246085e-01 -7.148840295638837772e-02 -5.440844924556303974e-02 -3.671419080988196776e-02 -1.921949910225787331e-02 -1.513303125781258890e-02 1.513303125781240675e-02 1.921949910225796351e-02 3.671419080988194000e-02 5.440844924556235279e-02 7.148840295638889120e-02 1.095113906543238452e-01 1.308640263372438106e-01 1.395200796238783847e-01 1.509110397531051029e-01 1.716603189300667243e-01 1.871427752967519953e-01 2.169660691845159972e-01 2.372834674637270269e-01 2.503177061540816650e-01 2.774102928253136535e-01
-2.764486248791406808e-01 -2.494232758195584765e-01 -2.370989918583329137e-01 -2.169995226948502887e-01 -1.870512046927826078e-01 -1.714643412646513210e-01 -1.498680258531754073e-01 -1.379440798363877896e-01 -1.295319327024434808e-01 -1.090867075974008699e-01 -6.998540753533620540e-02 -5.353665620530655145e-02 -3.593923517276430973e-02 -1.903262865109006316e-02 -1.494892522237391622e-02 1.494892522237413479e-02 1.903262865109007357e-02 3.593923517276415708e-02 5.353665620530680819e-02 6.998540753533635805e-02 1.090867075974011613e-01 1.295319327024430922e-01 1.379440798363877618e-01 1.498680258531758791e-01 1.714643412646507659e-01 1.870512046927821082e-01 2.169995226948507883e-01 2.370989918583322198e-01 2.494232758195595867e-01 2.764486248791406253e-01
-2.751395505457468471e-01 -2.485197030902444593e-01 -2.369640724387021280e-01 -2.169912696302314092e-01 -1.869585140035174564e-01 -1.713552204236611087e-01 -1.488192903813267409e-01 -1.363368659561475515e-01 -1.281985053759245319e-01 -1.086605535806604156e-01 -6.850249141965145117e-02 -5.269495545478448950e-02 -3.519960213742711480e-02 -1.883990442513590324e-02 -1.475586581152917888e-02 1.475586581152909735e-02 1.883990442513598651e-02 3.519960213742730215e-02 5.269495545478432297e-02 6.850249141965149280e-02 1.086605535806607903e-01 1.281985053759240600e-01 1.363368659561475515e-01 1.488192903813266577e-01 1.713552204236616638e-01 1.869585140035189275e-01 2.169912696302304100e-01 2.369640724387018782e-01 2.485197030902451809e-01 2.751395505457466806e-01
-2.732640670397214477e-01 -2.476093180857677489e-01 -2.368732083097443430e-01 -2.169431106069768522e-01 -1.868611253646176307e-01 -1.713218363012924128e-01 -1.477727242956278220e-01 -1.347012635931372215e-01 -1.268742572224120790e-01 -1.082235280734866467e-01 -6.704872211541632043e-02 -5.188166319746395638e-02 -3.449276038639561420e-02 -1.864260172212664837e-02 -1.455359209108859041e-02 1.455359209108862857e-02 1.864260172212661368e-02 3.449276038639566277e-02 5.188166319746428251e-02 6.704872211541634819e-02 1.082235280734874100e-01 1.268742572224115239e-01 1.347012635931373603e-01 1.477727242956270448e-01 1.713218363012913303e-01 1.868611253646178805e-01 2.169431106069761028e-01 2.368732083097449259e-01 2.476093180857681375e-01 2.732640670397210036e-01
-2.707649775035019246e-01 -2.466956869098853311e-01 -2.368171493065115152e-01 -2.168580414915288745e-01 -1.867555466815875309e-01 -1.713528368331706797e-01 -1.467358272132512353e-01 -1.330396759789233829e-01 -1.255723175184094431e-01 -1.077641107520680569e-01 -6.563463554143109113e-02 -5.109383019646084739e-02 -3.381610562804462233e-02 -1.844199640039613161e-02 -1.434182370501657124e-02 1.434182370501658858e-02 1.844199640039603447e-02 3.381610562804441417e-02 5.109383019646102086e-02 6.563463554143122991e-02 1.077641107520685565e-01 1.255723175184081941e-01 1.330396759789235217e-01 1.467358272132520680e-01 1.713528368331706797e-01 1.867555466815884191e-01 2.168580414915297905e-01 2.368171493065113209e-01 2.466956869098860250e-01 2.707649775035027573e-01
-2.678489340973883581e-01 -2.457848911813081128e-01 -2.367813177520557144e-01 -2.167400862282053975e-01 -1.866385037004055503e-01 -1.714367927218442000e-01 -1.457153382792788499e-01 -1.313543922604600844e-01 -1.243084375655428842e-01 -1.072684997727012118e-01 -6.427241227815623514e-02 -5.032698779658011101e-02 -3.316708208534425301e-02 -1.823931870757574195e-02 -1.412019941804780986e-02 1.412019941804783241e-02 1.823931870757591195e-02 3.316708208534444036e-02 5.032698779657972243e-02 6.427241227815619351e-02 1.072684997727012673e-01 1.243084375655425511e-01 1.313543922604603620e-01 1.457153382792787388e-01 1.714367927218445053e-01 1.866385037004071601e-01 2.167400862282068408e-01 2.367813177520574908e-01 2.457848911813070580e-01 2.678489340973876365e-01
-2.647315037920339731e-01 -2.448877350593420543e-01 -2.367431067223102759e-01 -2.165940359688619254e-01 -1.865070972694276297e-01 -1.715622094791864338e-01 -1.447170563675193866e-01 -1.296479227584200478e-01 -1.231006047088990113e-01 -1.067207553259407610e-01 -6.297596162881607951e-02 -4.957498062720659682e-02 -3.254331003049758947e-02 -1.803572426468632098e-02 -1.388818887612624890e-02 1.388818887612599737e-02 1.803572426468623771e-02 3.254331003049835275e-02 4.957498062720672172e-02 6.297596162881644033e-02 1.067207553259414687e-01 1.231006047088989003e-01 1.296479227584201588e-01 1.447170563675201915e-01 1.715622094791856289e-01 1.865070972694280460e-01 2.165940359688615091e-01 2.367431067223106367e-01 2.448877350593417768e-01 2.647315037920334180e-01
-2.615371827771124646e-01 -2.440233783866214423e-01 -2.366673489033661038e-01 -2.164251265569276939e-01 -1.863589809948762166e-01 -1.717174423029150243e-01 -1.437458012863287726e-01 -1.279234332942051355e-01 -1.219679554004767935e-01 -1.061034914646406119e-01 -6.176080185839703113e-02 -4.883000098341697820e-02 -3.194270886460730263e-02 -1.783228985495223864e-02 -1.364497829158789304e-02 1.364497829158770048e-02 1.783228985495217619e-02 3.194270886460778835e-02 4.883000098341683942e-02 6.176080185839711439e-02 1.061034914646411115e-01 1.219679554004772654e-01 1.279234332942061347e-01 1.437458012863286339e-01 1.717174423029141639e-01 1.863589809948765774e-01 2.164251265569269167e-01 2.366673489033652433e-01 2.440233783866203321e-01 2.615371827771129087e-01
-2.583378502169845770e-01 -2.432242432195217963e-01 -2.364998065484403555e-01 -2.162386919370996863e-01 -1.861925485514773215e-01 -1.718905566713223310e-01 -1.428054688168885755e-01 -1.261854886759619654e-01 -1.209285669590050849e-01 -1.053993376911320501e-01 -6.064358634686220495e-02 -4.808297813754910943e-02 -3.136360459407412649e-02 -1.763003844871299797e-02 -1.338933573762841542e-02 1.338933573762826103e-02 1.763003844871319920e-02 3.136360459407386281e-02 4.808297813754875555e-02 6.064358634686203148e-02 1.053993376911312035e-01 1.209285669590053486e-01 1.261854886759622152e-01 1.428054688168894915e-01 1.718905566713233024e-01 1.861925485514761280e-01 2.162386919371003247e-01 2.364998065484409662e-01 2.432242432195214910e-01 2.583378502169852986e-01
-2.551875707677985217e-01 -2.425384980398333779e-01 -2.361619915093481625e-01 -2.160398286977940063e-01 -1.860071113109607321e-01 -1.720691743511499894e-01 -1.418991395135786038e-01 -1.244417428803040598e-01 -1.199955028121483108e-01 -1.045931719921039393e-01 -5.964113436914342953e-02 -4.732446561792619938e-02 -3.080481100945304390e-02 -1.742999292922583349e-02 -1.311946819695922889e-02 1.311946819695948389e-02 1.742999292922574675e-02 3.080481100945325554e-02 4.732446561792585937e-02 5.964113436914308258e-02 1.045931719921042724e-01 1.199955028121487965e-01 1.244417428803040598e-01 1.418991395135796862e-01 1.720691743511514604e-01 1.860071113109622032e-01 2.160398286977951443e-01 2.361619915093485234e-01 2.425384980398337942e-01 2.551875707677988547e-01
-2.521415499770461310e-01 -2.420189667776596887e-01 -2.355581138900100791e-01 -2.158330990161847485e-01 -1.858030353567247661e-01 -1.722403455049253407e-01 -1.410292101803291565e-01 -1.227078176216152422e-01 -1.191693267227750125e-01 -1.036746823668246581e-01 -5.876894329563753933e-02 -4.654604947599721987e-02 -3.026567528443280947e-02 -1.723325130104798666e-02 -1.283289029563996347e-02 1.283289029564009184e-02 1.723325130104782013e-02 3.026567528443282334e-02 4.654604947599787906e-02 5.876894329563753239e-02 1.036746823668248385e-01 1.191693267227744435e-01 1.227078176216163941e-01 1.410292101803311826e-01 1.722403455049256182e-01 1.858030353567249604e-01 2.158330990161842211e-01 2.355581138900107729e-01 2.420189667776612985e-01 2.521415499770487401e-01
-2.492683245908846046e-01 -2.416904699094233333e-01 -2.346020363799497799e-01 -2.156222877280594141e-01 -1.855817928723123844e-01 -1.723904942429340947e-01 -1.401975258044689532e-01 -1.210248131014437095e-01 -1.184185309706427686e-01 -1.026403805972974648e-01 -5.803941018345274566e-02 -4.574204721265876655e-02 -2.974608087157094849e-02 -1.704106799166268602e-02 -1.252633317318669476e-02 1.252633317318674333e-02 1.704106799166268602e-02 2.974608087157089645e-02 4.574204721265901635e-02 5.803941018345266240e-02 1.026403805972971733e-01 1.184185309706434208e-01 1.210248131014449030e-01 1.401975258044682315e-01 1.723904942429349274e-01 1.855817928723140220e-01 2.156222877280597472e-01 2.346020363799492248e-01 2.416904699094225561e-01 2.492683245908842715e-01
-2.466616406041712284e-01 -2.415161656373751575e-01 -2.332420547754318618e-01 -2.154102132340228737e-01 -1.853458690387845553e-01 -1.725054952339109826e-01 -1.394054975335712321e-01 -1.195281563331015012e-01 -1.176100402986625937e-01 -1.014942107706653524e-01 -5.746026757306954558e-02 -4.491098842627977428e-02 -2.924640338829681205e-02 -1.685491727544310980e-02 -1.219572942932010788e-02 1.219572942932035595e-02 1.685491727544349838e-02 2.924640338829731512e-02 4.491098842627973264e-02 5.746026757306964966e-02 1.014942107706656993e-01 1.176100402986621496e-01 1.195281563331007102e-01 1.394054975335698998e-01 1.725054952339111491e-01 1.853458690387837782e-01 2.154102132340214859e-01 2.332420547754311124e-01 2.415161656373762122e-01 2.466616406041715892e-01
-2.444778103698131144e-01 -2.413616675763741171e-01 -2.314609237178546497e-01 -2.151985642187472236e-01 -1.850984589667485081e-01 -1.725709458192916379e-01 -1.386541985990946690e-01 -1.185242243665922957e-01 -1.164335840240162678e-01 -1.002465295475810647e-01 -5.703380260845926364e-02 -4.405630323193641951e-02 -2.876741885486319705e-02 -1.667650869360327859e-02 -1.183631275397771694e-02 1.183631275397783664e-02 1.667650869360319185e-02 2.876741885486311379e-02 4.405630323193611420e-02 5.703380260845963834e-02 1.002465295475799684e-01 1.164335840240153519e-01 1.185242243665918932e-01 1.386541985990942250e-01 1.725709458192908330e-01 1.850984589667484248e-01 2.151985642187472236e-01 2.314609237178552048e-01 2.413616675763748942e-01 2.444778103698132532e-01
-2.431020774490440239e-01 -2.408315597035888267e-01 -2.292738587526027272e-01 -2.149876701959503866e-01 -1.848429027095847832e-01 -1.725726881116272093e-01 -1.379444348190036473e-01 -1.180320329855995831e-01 -1.148620803953891711e-01 -9.891202769870009737e-02 -5.675713113174219587e-02 -4.318594269234102972e-02 -2.831016861729441711e-02 -1.650772541976768676e-02 -1.144286296326865564e-02 1.144286296326870768e-02 1.650772541976750635e-02 2.831016861729442752e-02 4.318594269234143912e-02 5.675713113174202240e-02 9.891202769870059697e-02 1.148620803953890462e-01 1.180320329855984868e-01 1.379444348190043690e-01 1.725726881116276812e-01 1.848429027095843113e-01 2.149876701959491654e-01 2.292738587526028660e-01 2.408315597035881050e-01 2.431020774490435521e-01
-2.427692091046049494e-01 -2.396447181097975665e-01 -2.267334949213669071e-01 -2.147759268505129715e-01 -1.845818560584621959e-01 -1.724975919334350571e-01 -1.372767895697172558e-01 -1.178030577995111128e-01 -1.131340715796691765e-01 -9.750749004048919755e-02 -5.662331348940877196e-02 -4.231114245560167048e-02 -2.787579193385332846e-02 -1.635046961912500763e-02 -1.101010364008022692e-02 1.101010364008035182e-02 1.635046961912495211e-02 2.787579193385376908e-02 4.231114245560182313e-02 5.662331348940889686e-02 9.750749004048996083e-02 1.131340715796688851e-01 1.178030577995111128e-01 1.372767895697177276e-01 1.724975919334352237e-01 1.845818560584633339e-01 2.147759268505107511e-01 2.267334949213677675e-01 2.396447181097969281e-01 2.427692091046041722e-01
-2.428782326658933954e-01 -2.383304770529815764e-01 -2.239209551962714762e-01 -2.145579108432416338e-01 -1.843162875025325109e-01 -1.723345240081511631e-01 -1.366516451664787635e-01 -1.177228098710650789e-01 -1.113539341076640737e-01 -9.605004841571196383e-02 -5.662278989512438410e-02 -4.144485231665666347e-02 -2.746534519496872731e-02 -1.620642416830428423e-02 -1.053322128178757131e-02 1.053322128178774304e-02 1.620642416830388177e-02 2.746534519496846016e-02 4.144485231665679531e-02 5.662278989512445349e-02 9.605004841571242180e-02 1.113539341076646011e-01 1.177228098710648707e-01 1.366516451664786802e-01 1.723345240081512741e-01 1.843162875025325387e-01 2.145579108432411897e-01 2.239209551962719480e-01 2.383304770529810213e-01 2.428782326658940338e-01
-2.431131700592351064e-01 -2.371309230759310605e-01 -2.209302588503655462e-01 -2.143168741191703031e-01 -1.840445050245984870e-01 -1.720753222946349303e-01 -1.360691837511437963e-01 -1.177477817715735370e-01 -1.095560391390499322e-01 -9.455613914080014670e-02 -5.674464844893489790e-02 -4.060032113648718438e-02 -2.707963448131961784e-02 -1.607676916883013507e-02 -1.000843318018847759e-02 1.000843318018859902e-02 1.607676916883008650e-02 2.707963448131967335e-02 4.060032113648711499e-02 5.674464844893475912e-02 9.455613914079946669e-02 1.095560391390505706e-01 1.177477817715723157e-01 1.360691837511435187e-01 1.720753222946346528e-01 1.840445050245970438e-01 2.143168741191705251e-01 2.209302588503656295e-01 2.371309230759302555e-01 2.431131700592341627e-01
-2.433884448662238520e-01 -2.360705964844294624e-01 -2.178950196960033336e-01 -2.139827345613353193e-01 -1.837614897626188570e-01 -1.717155251990769294e-01 -1.355293713706673675e-01 -1.178554236194110233e-01 -1.077553026776449652e-01 -9.304106776176832017e-02 -5.697747846181126785e-02 -3.979008690052813352e-02 -2.671909275566996742e-02 -1.596190963408942662e-02 -9.433505488752385801e-03 9.433505488752104776e-03 1.596190963408972846e-02 2.671909275567041150e-02 3.979008690052782127e-02 5.697747846181097642e-02 9.304106776176766791e-02 1.077553026776444378e-01 1.178554236194103294e-01 1.355293713706676173e-01 1.717155251990778453e-01 1.837614897626184962e-01 2.139827345613351528e-01 2.178950196960040553e-01 2.360705964844295734e-01 2.433884448662238520e-01
-2.436692764500072717e-01 -2.351386381759401067e-01 -2.153456874969362778e-01 -2.130719642120998680e-01 -1.834587794005756167e-01 -1.712546387660835168e-01 -1.350319292055516818e-01 -1.180309376314848807e-01 -1.059605409908254969e-01 -9.151898143949273312e-02 -5.730978740811802641e-02 -3.902539282572149021e-02 -2.638373116121489961e-02 -1.586126666881013114e-02 -8.808128408106940740e-03 8.808128408106605939e-03 1.586126666880999930e-02 2.638373116121481982e-02 3.902539282572164980e-02 5.730978740811808192e-02 9.151898143949223352e-02 1.059605409908258300e-01 1.180309376314847142e-01 1.350319292055517928e-01 1.712546387660822678e-01 1.834587794005743122e-01 2.130719642120988688e-01 2.153456874969372770e-01 2.351386381759411337e-01 2.436692764500067998e-01
-2.439343581044215448e-01 -2.343225351137248613e-01 -2.143986301695103291e-01 -2.105016384855143696e-01 -1.831249912048877604e-01 -1.706958696402825215e-01 -1.345762960815819753e-01 -1.182633055053200488e-01 -1.041784000903289570e-01 -9.000307213581149046e-02 -5.773007243085559459e-02 -3.831593153204250479e-02 -2.607318353627972179e-02 -1.577316153063330548e-02 -8.134091342160332597e-03 8.134091342160353413e-03 1.577316153063338874e-02 2.607318353627926730e-02 3.831593153204274071e-02 5.773007243085630236e-02 9.000307213581157373e-02 1.041784000903292484e-01 1.182633055053203958e-01 1.345762960815821974e-01 1.706958696402834097e-01 1.831249912048875106e-01 2.105016384855159794e-01 2.143986301695097463e-01 2.343225351137250556e-01 2.439343581044209619e-01
-2.441667649974960108e-01 -2.336127521773680993e-01 -2.140881740997071236e-01 -2.072613268951631615e-01 -1.827468771668465941e-01 -1.700454316808041599e-01 -1.341615866203124952e-01 -1.185437517200130242e-01 -1.024147810043686685e-01 -8.850589493100952110e-02 -5.822665375869962717e-02 -3.766979486423902707e-02 -2.578684460882127785e-02 -1.569479585398891874e-02 -7.415250244587887236e-03 7.415250244587739785e-03 1.569479585398922752e-02 2.578684460882152765e-02 3.766979486423928380e-02 5.822665375869930798e-02 8.850589493101071459e-02 1.024147810043689322e-01 1.185437517200140650e-01 1.341615866203126617e-01 1.700454316808049648e-01 1.827468771668475656e-01 2.072613268951631893e-01 2.140881740997087612e-01 2.336127521773680993e-01 2.441667649974963161e-01
-2.443509794966348680e-01 -2.330022698116590851e-01 -2.138984510922627147e-01 -2.038841350242407147e-01 -1.823106664610105176e-01 -1.693116454644624236e-01 -1.337865497594018793e-01 -1.188649899116566017e-01 -1.006754869074944492e-01 -8.703974039224060544e-02 -5.878734884842644337e-02 -3.709352840932664958e-02 -2.552407822535493129e-02 -1.562231788183304076e-02 -6.657321546767919034e-03 6.657321546767906890e-03 1.562231788183290546e-02 2.552407822535516721e-02 3.709352840932685774e-02 5.878734884842643643e-02 8.703974039224070258e-02 1.006754869074942410e-01 1.188649899116568376e-01 1.337865497594021569e-01 1.693116454644636726e-01 1.823106664610124328e-01 2.038841350242393546e-01 2.138984510922634641e-01 2.330022698116588076e-01 2.443509794966339244e-01
-2.444717533261645537e-01 -2.324855837515290846e-01 -2.137543906803727467e-01 -2.004573902214601688e-01 -1.818034232587433241e-01 -1.685040469054937540e-01 -1.334495329800741703e-01 -1.192207761103248331e-01 -9.896660876967094955e-02 -8.561703472203960330e-02 -5.939902989990718252e-02 -3.659222296864837048e-02 -2.528444713009817685e-02 -1.555096893160462686e-02 -5.867560381090665932e-03 5.867560381090717973e-03 1.555096893160447247e-02 2.528444713009795827e-02 3.659222296864841906e-02 5.939902989990755722e-02 8.561703472204013066e-02 9.896660876967117160e-02 1.192207761103238756e-01 1.334495329800737817e-01 1.685040469054936707e-01 1.818034232587427967e-01 2.004573902214606684e-01 2.137543906803732185e-01 2.324855837515298618e-01 2.444717533261636655e-01
-2.445137533855114009e-01 -2.320580366649072357e-01 -2.136368795682310195e-01 -1.970082765636118338e-01 -1.812142044136941799e-01 -1.676326383549442134e-01 -1.331484584780788516e-01 -1.196056038822894546e-01 -9.729483938971096590e-02 -8.425075496834445732e-02 -6.004708174495931861e-02 -3.616960556714753777e-02 -2.506789641569225763e-02 -1.547532001404790768e-02 -5.054385431206478291e-03 5.054385431206386350e-03 1.547532001404795278e-02 2.506789641569200436e-02 3.616960556714765573e-02 6.004708174496001249e-02 8.425075496834405486e-02 9.729483938971122958e-02 1.196056038822886913e-01 1.331484584780782965e-01 1.676326383549433807e-01 1.812142044136936525e-01 1.970082765636121669e-01 2.136368795682300203e-01 2.320580366649065973e-01 2.445137533855118173e-01
-2.444616946743266295e-01 -2.317155393088545234e-01 -2.135363901557329191e-01 -1.935505143389533445e-01 -1.805348866623829041e-01 -1.667073169939425892e-01 -1.328808187671932650e-01 -1.200144714575247101e-01 -9.566780804853677878e-02 -8.295483585071736221e-02 -6.071477191123626077e-02 -3.582811531477723271e-02 -2.487481655412745324e-02 -1.538962314870452770e-02 -4.227005456906125606e-03 4.227005456906266986e-03 1.538962314870428658e-02 2.487481655412729364e-02 3.582811531477701067e-02 6.071477191123635098e-02 8.295483585071684873e-02 9.566780804853623754e-02 1.200144714575251959e-01 1.328808187671931262e-01 1.667073169939421173e-01 1.805348866623820714e-01 1.935505143389524563e-01 2.135363901557331689e-01 2.317155393088547455e-01 2.444616946743276009e-01
-2.443008640008901278e-01 -2.314545540653945854e-01 -2.134441753048673673e-01 -1.900933420820884456e-01 -1.797606101653782540e-01 -1.657374419566487178e-01 -1.326437008734920320e-01 -1.204426837797562821e-01 -9.409450239605747501e-02 -8.174449727465869786e-02 -6.138257352423435315e-02 -3.556896267213764673e-02 -2.470592750635577581e-02 -1.528830300162439468e-02 -3.395090806312095564e-03 3.395090806311989312e-03 1.528830300162386212e-02 2.470592750635567866e-02 3.556896267213784796e-02 6.138257352423454050e-02 8.174449727465875337e-02 9.409450239605809951e-02 1.204426837797561156e-01 1.326437008734923373e-01 1.657374419566478296e-01 1.797606101653787813e-01 1.900933420820880571e-01 2.134441753048676171e-01 2.314545540653928646e-01 2.443008640008901833e-01
-2.440179582691431315e-01 -2.312721805327180302e-01 -2.133497674910261044e-01 -1.866443599688966670e-01 -1.788898405853025786e-01 -1.647314579551416303e-01 -1.324338504208625866e-01 -1.208856648649686977e-01 -9.258584690311544296e-02 -8.063631077950415837e-02 -6.202757043496570644e-02 -3.539217389593012769e-02 -2.456196841297417569e-02 -1.516659369860925803e-02 -2.568522013326691913e-03 2.568522013326791659e-03 1.516659369860993804e-02 2.456196841297415140e-02 3.539217389593019014e-02 6.202757043496622685e-02 8.063631077950465798e-02 9.258584690311519316e-02 1.208856648649686005e-01 1.324338504208628642e-01 1.647314579551414915e-01 1.788898405853025231e-01 1.866443599688969168e-01 2.133497674910259656e-01 2.312721805327181968e-01 2.440179582691420768e-01
-2.436020998240190361e-01 -2.311661905440583198e-01 -2.132403007404536921e-01 -1.832109944616628627e-01 -1.779240603123740383e-01 -1.636964605982261511e-01 -1.322477895252504032e-01 -1.213387605551049936e-01 -9.115552201569876445e-02 -7.964761490213467798e-02 -6.262325811865991632e-02 -3.529661807851033201e-02 -2.444324286590346049e-02 -1.502128381690709218e-02 -1.757238767925196898e-03 1.757238767925243302e-03 1.502128381690727779e-02 2.444324286590347783e-02 3.529661807851028343e-02 6.262325811866008285e-02 7.964761490213519146e-02 9.115552201569958324e-02 1.213387605551047854e-01 1.322477895252510971e-01 1.636964605982256793e-01 1.779240603123744824e-01 1.832109944616634178e-01 2.132403007404537754e-01 2.311661905440588194e-01 2.436020998240195079e-01
-2.430458078815649625e-01 -2.311348835207914232e-01 -2.131006916925168027e-01 -1.798021107440359589e-01 -1.768668225395855775e-01 -1.626375362654250700e-01 -1.320820053163092866e-01 -1.217970130191753375e-01 -8.982111645246927678e-02 -7.879459253202017455e-02 -6.314033765366391937e-02 -3.528000826262535361e-02 -2.434913606204125447e-02 -1.485148402278829542e-02 -9.712052994794138656e-04 9.712052994792786656e-04 1.485148402278785654e-02 2.434913606204097344e-02 3.528000826262538137e-02 6.314033765366443285e-02 7.879459253202025781e-02 8.982111645246945719e-02 1.217970130191763228e-01 1.320820053163096475e-01 1.626375362654255974e-01 1.768668225395856330e-01 1.798021107440354871e-01 2.131006916925164973e-01 2.311348835207912011e-01 2.430458078815653233e-01
-2.423456680515139738e-01 -2.311766685307083680e-01 -2.129143726016182181e-01 -1.764392854055163440e-01 -1.757133265593207316e-01 -1.615565875925684680e-01 -1.319332283642354886e-01 -1.222548881940022231e-01 -8.860565546909429657e-02 -7.808814256700491452e-02 -6.354932768304942525e-02 -3.533886778613141988e-02 -2.427775325644182178e-02 -1.465930149882197810e-02 -2.204992857938801022e-04 2.204992857938608034e-04 1.465930149882206830e-02 2.427775325644167953e-02 3.533886778613144763e-02 6.354932768304970281e-02 7.808814256700535861e-02 8.860565546909428269e-02 1.222548881940025423e-01 1.319332283642358494e-01 1.615565875925694672e-01 1.757133265593209259e-01 1.764392854055164550e-01 2.129143726016178295e-01 2.311766685307082292e-01 2.423456680515132522e-01
-2.415025087326490849e-01 -2.312893242775750924e-01 -2.126643959335595968e-01 -1.745283598084271248e-01 -1.730806622808903350e-01 -1.604500612894061429e-01 -1.317988202520448682e-01 -1.227059379642121417e-01 -8.753930006852886359e-02 -7.752723969827189643e-02 -6.382550369214119723e-02 -3.546846229486093349e-02 -2.422580248956112542e-02 -1.445031189549295103e-02 -4.844849471570847831e-04 4.844849471571526542e-04 1.445031189549312624e-02 2.422580248956091725e-02 3.546846229486053798e-02 6.382550369214115560e-02 7.752723969827207684e-02 8.753930006852844725e-02 1.227059379642126691e-01 1.317988202520443408e-01 1.604500612894042555e-01 1.730806622808897799e-01 1.745283598084273191e-01 2.126643959335604295e-01 2.312893242775753422e-01 2.415025087326491404e-01
-2.405210653951811994e-01 -2.314689271850368102e-01 -2.123347297079909712e-01 -1.732429690348018247e-01 -1.698284184156739762e-01 -1.593042951968345888e-01 -1.316772819307960307e-01 -1.231423848337240001e-01 -8.666028061917291359e-02 -7.709165402101887665e-02 -6.395522597940271614e-02 -3.566271459287778667e-02 -2.418876328498448247e-02 -1.423375406610425178e-02 -1.132760476102556485e-03 1.132760476102441342e-03 1.423375406610430036e-02 2.418876328498440961e-02 3.566271459287786300e-02 6.395522597940273002e-02 7.709165402101911257e-02 8.666028061917276093e-02 1.231423848337238336e-01 1.316772819307961973e-01 1.593042951968335619e-01 1.698284184156740872e-01 1.732429690348015194e-01 2.123347297079923590e-01 2.314689271850363661e-01 2.405210653951836697e-01
-2.394093337455366621e-01 -2.317084261845241133e-01 -2.119115387274447260e-01 -1.719060968556962166e-01 -1.666864470630226580e-01 -1.580857047087226019e-01 -1.315688681227307755e-01 -1.235546383575774204e-01 -8.601270674964404950e-02 -7.673937747781750529e-02 -6.394066233693532220e-02 -3.591413621099440873e-02 -2.416128600204154458e-02 -1.402239527116478507e-02 -1.712499051098007909e-03 1.712499051098036965e-03 1.402239527116513028e-02 2.416128600204150989e-02 3.591413621099437403e-02 6.394066233693573853e-02 7.673937747781753305e-02 8.601270674964420215e-02 1.235546383575779894e-01 1.315688681227308865e-01 1.580857047087233791e-01 1.666864470630232131e-01 1.719060968556968272e-01 2.119115387274445872e-01 2.317084261845248627e-01 2.394093337455349690e-01
-2.381780570230535576e-01 -2.319956704852229323e-01 -2.113842475292291301e-01 -1.705251727413522600e-01 -1.637385835081326679e-01 -1.567215340104274046e-01 -1.314762265013187104e-01 -1.239308095127096276e-01 -8.563791051762401074e-02 -7.641532130624192898e-02 -6.379967734254680944e-02 -3.621381785275602089e-02 -2.413770157922714640e-02 -1.383198273743369185e-02 -2.210998071798487771e-03 2.210998071798513358e-03 1.383198273743364327e-02 2.413770157922717069e-02 3.621381785275576415e-02 6.379967734254672618e-02 7.641532130624170693e-02 8.563791051762338624e-02 1.239308095127099746e-01 1.314762265013185438e-01 1.567215340104266830e-01 1.637385835081326679e-01 1.705251727413518714e-01 2.113842475292289358e-01 2.319956704852235430e-01 2.381780570230541960e-01
-2.368413949461721235e-01 -2.323099588243500435e-01 -2.107462300307798020e-01 -1.691109398794601038e-01 -1.611250889534185660e-01 -1.550782116308592473e-01 -1.314048431662605265e-01 -1.242564092840671847e-01 -8.555937277234669514e-02 -7.607142098055308388e-02 -6.356069298731650830e-02 -3.655151638000424252e-02 -2.411251251311416141e-02 -1.368011811062661356e-02 -2.615144628902050464e-03 2.615144628902141104e-03 1.368011811062680785e-02 2.411251251311416141e-02 3.655151638000442987e-02 6.356069298731707728e-02 7.607142098055340307e-02 8.555937277234666738e-02 1.242564092840658108e-01 1.314048431662608873e-01 1.550782116308596914e-01 1.611250889534177888e-01 1.691109398794611585e-01 2.107462300307805236e-01 2.323099588243488500e-01 2.368413949461729284e-01
-2.354237634084102582e-01 -2.326119499192976781e-01 -2.099950605495917166e-01 -1.676749949398294304e-01 -1.590000206322927656e-01 -1.530062602774994729e-01 -1.313628557001471908e-01 -1.245146072814522359e-01 -8.577031273380728016e-02 -7.568586270024321716e-02 -6.325571596352029535e-02 -3.691586081360603150e-02 -2.408077302274999609e-02 -1.358436637426090228e-02 -2.912661218288579035e-03 2.912661218288505743e-03 1.358436637426079473e-02 2.408077302275020773e-02 3.691586081360626048e-02 6.325571596352033699e-02 7.568586270024314777e-02 8.577031273380741894e-02 1.245146072814528881e-01 1.313628557001471076e-01 1.530062602774997227e-01 1.590000206322929599e-01 1.676749949398295969e-01 2.099950605495921330e-01 2.326119499192988715e-01 2.354237634084111186e-01
-2.340305196468387416e-01 -2.327688973561620467e-01 -2.091323567495274593e-01 -1.662297318109411948e-01 -1.573707066725724968e-01 -1.505009634547247455e-01 -1.313595822471286811e-01 -1.246875775268421332e-01 -8.623538622925847053e-02 -7.526659575607266839e-02 -6.291491038614929754e-02 -3.729468063142368089e-02 -2.403832075818711916e-02 -1.355962327166294196e-02 -3.094169649976259793e-03 3.094169649976188236e-03 1.355962327166288298e-02 2.403832075818716427e-02 3.729468063142374334e-02 6.291491038614957509e-02 7.526659575607276553e-02 8.623538622925788766e-02 1.246875775268415226e-01 1.313595822471280150e-01 1.505009634547236907e-01 1.573707066725711090e-01 1.662297318109403066e-01 2.091323567495282365e-01 2.327688973561622410e-01 2.340305196468390747e-01
-2.334262842954771822e-01 -2.319716648395585001e-01 -2.081633110639530548e-01 -1.647886292482454440e-01 -1.560845416789863327e-01 -1.477158934120477440e-01 -1.314021809137611851e-01 -1.247592443937268758e-01 -8.690465690911421126e-02 -7.483977630205873588e-02 -6.256389573464725407e-02 -3.767544316386212816e-02 -2.398186836784399478e-02 -1.361529751646645137e-02 -3.155545685465689903e-03 3.155545685465730235e-03 1.361529751646635075e-02 2.398186836784413009e-02 3.767544316386183673e-02 6.256389573464730958e-02 7.483977630205845832e-02 8.690465690911407248e-02 1.247592443937265982e-01 1.314021809137609631e-01 1.477158934120476330e-01 1.560845416789862217e-01 1.647886292482454718e-01 2.081633110639531936e-01 2.319716648395582781e-01 2.334262842954763773e-01
-2.333777553135012450e-01 -2.303899554567456209e-01 -2.070960288050563702e-01 -1.633666758295323762e-01 -1.549893418552093227e-01 -1.448039684505665059e-01 -1.314903252165372516e-01 -1.247188330683827173e-01 -8.772766662619400913e-02 -7.443591217769843227e-02 -6.222316825071119717e-02 -3.804577594152387665e-02 -2.390898893117185051e-02 -1.375338697215301546e-02 -3.099493516081035151e-03 3.099493516080941043e-03 1.375338697215302587e-02 2.390898893117184357e-02 3.804577594152387665e-02 6.222316825071122492e-02 7.443591217769907065e-02 8.772766662619489730e-02 1.247188330683824675e-01 1.314903252165383896e-01 1.448039684505655067e-01 1.549893418552088509e-01 1.633666758295323485e-01 2.070960288050570641e-01 2.303899554567432062e-01 2.333777553134995519e-01
-2.331672098288278538e-01 -2.286690871159096639e-01 -2.059407778281580337e-01 -1.619807700218461044e-01 -1.539888881438649104e-01 -1.418668449764786677e-01 -1.316083422934624936e-01 -1.245635000926773872e-01 -8.866068540745788984e-02 -7.408167375403912347e-02 -6.190860352970410652e-02 -3.839404263518157723e-02 -2.381803563494614903e-02 -1.396838403559457799e-02 -2.935403110101469665e-03 2.935403110101282315e-03 1.396838403559460227e-02 2.381803563494629822e-02 3.839404263518140376e-02 6.190860352970355834e-02 7.408167375403876265e-02 8.866068540745777882e-02 1.245635000926769709e-01 1.316083422934620495e-01 1.418668449764788064e-01 1.539888881438642720e-01 1.619807700218457158e-01 2.059407778281586165e-01 2.286690871159081928e-01 2.331672098288274098e-01
-2.326693592283559098e-01 -2.268841466919010730e-01 -2.047092253931603600e-01 -1.606497720527199358e-01 -1.530231289054890254e-01 -1.389927138293125530e-01 -1.317072429344305629e-01 -1.242983947822343255e-01 -8.966821929541785030e-02 -7.379707383955418087e-02 -6.163227630401623552e-02 -3.870993377840443311e-02 -2.370803028286779315e-02 -1.424898755729242690e-02 -2.677508001228983813e-03 2.677508001229053636e-03 1.424898755729236965e-02 2.370803028286792846e-02 3.870993377840449556e-02 6.163227630401604817e-02 7.379707383955433353e-02 8.966821929541907155e-02 1.242983947822342700e-01 1.317072429344305351e-01 1.389927138293130804e-01 1.530231289054894139e-01 1.606497720527205464e-01 2.047092253931608874e-01 2.268841466919016281e-01 2.326693592283545775e-01
-2.318670116616927401e-01 -2.250568501408774513e-01 -2.034137081190219576e-01 -1.593936438373696751e-01 -1.520493415344159049e-01 -1.363531755407278445e-01 -1.316302630508618676e-01 -1.239341222797455816e-01 -9.072190907477728494e-02 -7.359531204180753960e-02 -6.140320402334537020e-02 -3.898502334338290604e-02 -2.357854486632999375e-02 -1.458065599183131118e-02 -2.342303390589679096e-03 2.342303390589587156e-03 1.458065599183134761e-02 2.357854486633002150e-02 3.898502334338308645e-02 6.140320402334513428e-02 7.359531204180712327e-02 9.072190907477724331e-02 1.239341222797455261e-01 1.316302630508620619e-01 1.363531755407281221e-01 1.520493415344147392e-01 1.593936438373706466e-01 2.034137081190221241e-01 2.250568501408778121e-01 2.318670116616942112e-01
-2.308010462321643252e-01 -2.232015900416500775e-01 -2.020665580190678101e-01 -1.582310640801325163e-01 -1.510346899316828972e-01 -1.344955291923906615e-01 -1.308345868891584995e-01 -1.234827821692312255e-01 -9.179880427996200964e-02 -7.348349224032015015e-02 -6.122787291113952063e-02 -3.921323123786974590e-02 -2.342959071323760800e-02 -1.494792346043657787e-02 -1.946297683289051035e-03 1.946297683288833978e-03 1.494792346043664726e-02 2.342959071323759412e-02 3.921323123786956549e-02 6.122787291113915981e-02 7.348349224031919258e-02 9.179880427996224557e-02 1.234827821692304900e-01 1.308345868891582497e-01 1.344955291923909113e-01 1.510346899316831748e-01 1.582310640801330159e-01 2.020665580190673383e-01 2.232015900416503829e-01 2.308010462321637146e-01
-2.295312799102694201e-01 -2.213310479229605721e-01 -2.006794932437341861e-01 -1.571755899177278148e-01 -1.499558208992181618e-01 -1.339178774112179116e-01 -1.288261657382682168e-01 -1.229525562204275141e-01 -9.287978838901725376e-02 -7.346350086804848134e-02 -6.111054307611378522e-02 -3.939112609515413310e-02 -2.326152324544426830e-02 -1.533594994663307898e-02 -1.504620422728458924e-03 1.504620422728392571e-03 1.533594994663308418e-02 2.326152324544423361e-02 3.939112609515424412e-02 6.111054307611400727e-02 7.346350086804903645e-02 9.287978838901773948e-02 1.229525562204282080e-01 1.288261657382691050e-01 1.339178774112194381e-01 1.499558208992174402e-01 1.571755899177286475e-01 2.006794932437329648e-01 2.213310479229600447e-01 2.295312799102690871e-01
-2.281100755485322151e-01 -2.194574609088730255e-01 -1.992630758065527530e-01 -1.562319660644237718e-01 -1.488009078459794354e-01 -1.339402495519410319e-01 -1.263039872219316739e-01 -1.223342838376140496e-01 -9.394833093502456822e-02 -7.353286064213514217e-02 -6.105339494695070229e-02 -3.951801009832844186e-02 -2.307496792947301076e-02 -1.573133129646985678e-02 -1.030452669540106794e-03 1.030452669539989917e-03 1.573133129646972495e-02 2.307496792947306280e-02 3.951801009832844186e-02 6.105339494695077168e-02 7.353286064213525319e-02 9.394833093502408250e-02 1.223342838376138692e-01 1.263039872219323678e-01 1.339402495519413372e-01 1.488009078459806012e-01 1.562319660644235775e-01 1.992630758065538632e-01 2.194574609088743300e-01 2.281100755485322984e-01
-2.265756455400056157e-01 -2.175930140743403129e-01 -1.978262391976307322e-01 -1.553950684020065365e-01 -1.475702818798862448e-01 -1.341170871182657820e-01 -1.238184328669081347e-01 -1.215314228501419430e-01 -9.498952918222063058e-02 -7.368554008144899414e-02 -6.105659885341063048e-02 -3.959575243267429018e-02 -2.287077469482173137e-02 -1.612242897819922069e-02 -5.350062372612771197e-04 5.350062372614886475e-04 1.612242897819935947e-02 2.287077469482194300e-02 3.959575243267441508e-02 6.105659885341051252e-02 7.368554008144981293e-02 9.498952918222035302e-02 1.215314228501424981e-01 1.238184328669089257e-01 1.341170871182658653e-01 1.475702818798859950e-01 1.553950684020059536e-01 1.978262391976301215e-01 2.175930140743408125e-01 2.265756455400060598e-01
-2.249546223670934597e-01 -2.157499655583064169e-01 -1.963758950768647316e-01 -1.546524152060315682e-01 -1.462741418281458261e-01 -1.343223881003580145e-01 -1.220054558725506139e-01 -1.200409536237189712e-01 -9.598934618841607758e-02 -7.391272137857669844e-02 -6.111837684270386706e-02 -3.962837716944678929e-02 -2.265001402064714675e-02 -1.649946394430014396e-02 -2.778422029107516984e-05 2.778422029123224702e-05 1.649946394430012314e-02 2.265001402064710165e-02 3.962837716944710154e-02 6.111837684270406829e-02 7.391272137857697599e-02 9.598934618841657718e-02 1.200409536237184299e-01 1.220054558725498506e-01 1.343223881003592357e-01 1.462741418281458816e-01 1.546524152060316515e-01 1.963758950768654810e-01 2.157499655583074716e-01 2.249546223670935430e-01
-2.232661604775282027e-01 -2.139406379804484615e-01 -1.949166381316857766e-01 -1.539885220244783526e-01 -1.449288784060394075e-01 -1.345070771211533955e-01 -1.210647971635550879e-01 -1.177176579284233554e-01 -9.693393644063226511e-02 -7.420351634919494788e-02 -6.123509421021376686e-02 -3.962145419876927227e-02 -2.241403856207365222e-02 -1.685451319070902648e-02 -4.830545382835210689e-04 4.830545382835810253e-04 1.685451319070913750e-02 2.241403856207367998e-02 3.962145419876947350e-02 6.123509421021380850e-02 7.420351634919555850e-02 9.693393644063333370e-02 1.177176579284241187e-01 1.210647971635551712e-01 1.345070771211541172e-01 1.449288784060398794e-01 1.539885220244779640e-01 1.949166381316842500e-01 2.139406379804486280e-01 2.232661604775274533e-01
-2.215251523966745295e-01 -2.121772959886733534e-01 -1.934505783971381121e-01 -1.533886591094358043e-01 -1.435545174086952092e-01 -1.346409521834417422e-01 -1.203701556770000458e-01 -1.152215184454308955e-01 -9.780891378200724795e-02 -7.454561122378908222e-02 -6.140138365107541962e-02 -3.958137491005129377e-02 -2.216465081882353083e-02 -1.718144108180598428e-02 -9.903213704347548722e-04 9.903213704345495243e-04 1.718144108180616469e-02 2.216465081882392982e-02 3.958137491005138398e-02 6.140138365107503104e-02 7.454561122378892957e-02 9.780891378200742836e-02 1.152215184454307151e-01 1.203701556769993242e-01 1.346409521834423251e-01 1.435545174086954034e-01 1.533886591094356933e-01 1.934505783971366966e-01 2.121772959886723819e-01 2.215251523966734470e-01
-2.197443627639072139e-01 -2.104718974276859333e-01 -1.919773361410962165e-01 -1.528408847056256237e-01 -1.421747374382758555e-01 -1.346970489219139755e-01 -1.197474857495072070e-01 -1.127541152311332812e-01 -9.859828610434306917e-02 -7.492582384830343001e-02 -6.161028085174936886e-02 -3.951460864451123572e-02 -2.190444237002157207e-02 -1.747571147387979792e-02 -1.487456318670555937e-03 1.487456318670523844e-03 1.747571147387994017e-02 2.190444237002153391e-02 3.951460864451116634e-02 6.161028085174892477e-02 7.492582384830286102e-02 9.859828610434291651e-02 1.127541152311338224e-01 1.197474857495072070e-01 1.346970489219139477e-01 1.421747374382765772e-01 1.528408847056251241e-01 1.919773361410969659e-01 2.104718974276844345e-01 2.197443627639073804e-01
-2.179357759140296280e-01 -2.088357028747137023e-01 -1.904942301177821595e-01 -1.523365412095674942e-01 -1.408198883524737210e-01 -1.346440741976123456e-01 -1.191686049830380928e-01 -1.103712245852679075e-01 -9.928235635791118896e-02 -7.533056812952243497e-02 -6.185334251811202416e-02 -3.942703050231489981e-02 -2.163740753286097843e-02 -1.773395352549042570e-02 -1.968235565418495047e-03 1.968235565418322442e-03 1.773395352549067203e-02 2.163740753286046842e-02 3.942703050231512879e-02 6.185334251811162171e-02 7.533056812952268477e-02 9.928235635791192448e-02 1.103712245852668389e-01 1.191686049830375932e-01 1.346440741976110134e-01 1.408198883524733047e-01 1.523365412095668281e-01 1.904942301177827146e-01 2.088357028747146737e-01 2.179357759140300443e-01
-2.161114383011085993e-01 -2.072787452590520163e-01 -1.889966707601312135e-01 -1.518698209394720722e-01 -1.395326337426278096e-01 -1.344398013720552731e-01 -1.186295382707366619e-01 -1.081111712346052578e-01 -9.983245193822859465e-02 -7.574623480439392209e-02 -6.212072422648152320e-02 -3.932339122367344009e-02 -2.136998445786224277e-02 -1.795308557712042494e-02 -2.426534437202171324e-03 2.426534437202097598e-03 1.795308557712037983e-02 2.136998445786218379e-02 3.932339122367339845e-02 6.212072422648143993e-02 7.574623480439407475e-02 9.983245193822826158e-02 1.081111712346054105e-01 1.186295382707367313e-01 1.344398013720548291e-01 1.395326337426277263e-01 1.518698209394730436e-01 1.889966707601314910e-01 2.072787452590503787e-01 2.161114383011095152e-01
-2.142839804732558362e-01 -2.058091947816039213e-01 -1.874787353689353342e-01 -1.514368998218142692e-01 -1.383713427739526880e-01 -1.340280546155492858e-01 -1.181308220308941587e-01 -1.060307534824547759e-01 -1.001951534020902035e-01 -7.615951039994704741e-02 -6.240121040760079896e-02 -3.920697279645017630e-02 -2.111270165972953597e-02 -1.812877059799482271e-02 -2.856151866893382948e-03 2.856151866893225522e-03 1.812877059799487128e-02 2.111270165972981352e-02 3.920697279645025263e-02 6.240121040760095161e-02 7.615951039994718619e-02 1.001951534020903978e-01 1.060307534824544845e-01 1.181308220308930207e-01 1.340280546155483421e-01 1.383713427739524382e-01 1.514368998218158235e-01 1.874787353689344183e-01 2.058091947816035883e-01 2.142839804732553088e-01
-2.124669221008767261e-01 -2.044326963315081236e-01 -1.859338609530055697e-01 -1.510349463812992454e-01 -1.373927102350666341e-01 -1.333569625333364261e-01 -1.176723712700788876e-01 -1.042595129984211499e-01 -1.002431477822483818e-01 -7.655766440545645757e-02 -6.268220753212580543e-02 -3.907944493225533333e-02 -2.088238152694196076e-02 -1.825320695195449192e-02 -3.250705492713680620e-03 3.250705492713589547e-03 1.825320695195439130e-02 2.088238152694202321e-02 3.907944493225487537e-02 6.268220753212580543e-02 7.655766440545630491e-02 1.002431477822485484e-01 1.042595129984213859e-01 1.176723712700787211e-01 1.333569625333363706e-01 1.373927102350665508e-01 1.510349463812991067e-01 1.859338609530061803e-01 2.044326963315073187e-01 2.124669221008771147e-01
-2.106748073572933810e-01 -2.031517905826548953e-01 -1.843555602296150508e-01 -1.506611897009982048e-01 -1.366029448114035871e-01 -1.324287722302924797e-01 -1.172511571947309483e-01 -1.030653031685283272e-01 -9.971165219538603852e-02 -7.692883487663033926e-02 -6.294973249161237017e-02 -3.894091139292995413e-02 -2.070362217740048805e-02 -1.831349939738363686e-02 -3.603610915740057714e-03 3.603610915740179579e-03 1.831349939738369931e-02 2.070362217740061295e-02 3.894091139292991943e-02 6.294973249161202322e-02 7.692883487663060293e-02 9.971165219538694058e-02 1.030653031685283411e-01 1.172511571947306569e-01 1.324287722302922299e-01 1.366029448114027822e-01 1.506611897009975942e-01 1.843555602296147178e-01 2.031517905826538406e-01 2.106748073572934921e-01
-2.089231799649983734e-01 -2.019655367447552030e-01 -1.827380683054246058e-01 -1.503121600129690150e-01 -1.359414575294309313e-01 -1.313170928863749420e-01 -1.168596263607544067e-01 -1.025208097362144827e-01 -9.853286553812637405e-02 -7.726232964256535274e-02 -6.318845159519678734e-02 -3.879011418989053439e-02 -2.060540927498616393e-02 -1.829473987835995505e-02 -3.908161655440327287e-03 3.908161655440273510e-03 1.829473987836009383e-02 2.060540927498647271e-02 3.879011418989019438e-02 6.318845159519596855e-02 7.726232964256538049e-02 9.853286553812690141e-02 1.025208097362143855e-01 1.168596263607547953e-01 1.313170928863758857e-01 1.359414575294308480e-01 1.503121600129677937e-01 1.827380683054236898e-01 2.019655367447568128e-01 2.089231799649991506e-01
-2.072283800971097822e-01 -2.008694269416863298e-01 -1.810768707558386981e-01 -1.499831575565262753e-01 -1.353325620493125991e-01 -1.301159066465905623e-01 -1.164845459136009259e-01 -1.022576239108613644e-01 -9.708221956143928133e-02 -7.754892620506062539e-02 -6.338185043807074981e-02 -3.862475037750423557e-02 -2.060927566201864458e-02 -1.819137662835535255e-02 -4.157725935807741330e-03 4.157725935807611226e-03 1.819137662835504377e-02 2.060927566201877642e-02 3.862475037750420781e-02 6.338185043807112451e-02 7.754892620506062539e-02 9.708221956143854581e-02 1.022576239108614754e-01 1.164845459136009675e-01 1.301159066465902292e-01 1.353325620493131265e-01 1.499831575565269970e-01 1.810768707558380319e-01 2.008694269416849421e-01 2.072283800971104761e-01
-2.056071218130691158e-01 -1.998556363185798879e-01 -1.793691335636845574e-01 -1.496679400159195150e-01 -1.347248977274323745e-01 -1.289004482718438538e-01 -1.161064485828927351e-01 -1.020199558905527243e-01 -9.562435539855933253e-02 -7.778109203942205896e-02 -6.351263359605127667e-02 -3.844185202282379005e-02 -2.071852751088075137e-02 -1.801736219901382483e-02 -4.346070859537247422e-03 4.346070859537295994e-03 1.801736219901391156e-02 2.071852751088075831e-02 3.844185202282395658e-02 6.351263359605102687e-02 7.778109203942208671e-02 9.562435539855941580e-02 1.020199558905534182e-01 1.161064485828934290e-01 1.289004482718440481e-01 1.347248977274332904e-01 1.496679400159195983e-01 1.793691335636866946e-01 1.998556363185804985e-01 2.056071218130695044e-01
-2.040757807163895987e-01 -1.989136275994139447e-01 -1.776141177880462829e-01 -1.493585541907602732e-01 -1.340930882618578679e-01 -1.277251112837622382e-01 -1.157000634081347401e-01 -1.017209136512544632e-01 -9.425597743609916146e-02 -7.795296656434373694e-02 -6.356344691992618645e-02 -3.823818468320225317e-02 -2.092257486061236196e-02 -1.780106211564294952e-02 -4.467812488755543675e-03 4.467812488755438724e-03 1.780106211564288707e-02 2.092257486061235849e-02 3.823818468320233643e-02 6.356344691992545093e-02 7.795296656434279325e-02 9.425597743609950840e-02 1.017209136512541717e-01 1.157000634081345736e-01 1.277251112837617664e-01 1.340930882618578956e-01 1.493585541907600511e-01 1.776141177880471989e-01 1.989136275994138059e-01 2.040757807163880444e-01
-2.026492812977061797e-01 -1.980311567404020312e-01 -1.758136849880655717e-01 -1.490451938754589756e-01 -1.334290228464216077e-01 -1.266304510600133326e-01 -1.152362475639814449e-01 -1.013342009658897008e-01 -9.301303090766703530e-02 -7.805989100098965905e-02 -6.351795566836214435e-02 -3.801063127087674076e-02 -2.120834321479730250e-02 -1.757297677007161468e-02 -4.518970636793100647e-03 4.518970636793171770e-03 1.757297677007164938e-02 2.120834321479724005e-02 3.801063127087662280e-02 6.351795566836182516e-02 7.805989100099018640e-02 9.301303090766638304e-02 1.013342009658897563e-01 1.152362475639810008e-01 1.266304510600130551e-01 1.334290228464214689e-01 1.490451938754597527e-01 1.758136849880642394e-01 1.980311567404003659e-01 2.026492812977057634e-01
-2.013394502182882517e-01 -1.971957826510525036e-01 -1.739729741798811957e-01 -1.487159577549636569e-01 -1.327353666370664487e-01 -1.256461179841227571e-01 -1.146858495218865126e-01 -1.008538647710364722e-01 -9.191004098288818591e-02 -7.809733530298627879e-02 -6.336217851082258379e-02 -3.775654358479732520e-02 -2.156568960427988901e-02 -1.735939542298464699e-02 -4.497578508070678750e-03 4.497578508070690026e-03 1.735939542298439026e-02 2.156568960427998269e-02 3.775654358479737377e-02 6.336217851082202868e-02 7.809733530298565429e-02 9.191004098288776958e-02 1.008538647710362918e-01 1.146858495218862628e-01 1.256461179841223408e-01 1.327353666370653107e-01 1.487159577549641287e-01 1.739729741798805573e-01 1.971957826510521983e-01 2.013394502182880297e-01
-2.001528205206342670e-01 -1.963969200009212657e-01 -1.721012727768524431e-01 -1.483564104113241078e-01 -1.320220002921960178e-01 -1.247891898214690265e-01 -1.140251719029477667e-01 -1.002813401426409512e-01 -9.095273639364781504e-02 -7.805935289040633052e-02 -6.308579553817578178e-02 -3.747406060960169205e-02 -2.198724715941462876e-02 -1.718161832372616313e-02 -4.404260868016498208e-03 4.404260868016453973e-03 1.718161832372616313e-02 2.198724715941451774e-02 3.747406060960174756e-02 6.308579553817515728e-02 7.805935289040596969e-02 9.095273639364818974e-02 1.002813401426403406e-01 1.140251719029479055e-01 1.247891898214696649e-01 1.320220002921958236e-01 1.483564104113248017e-01 1.721012727768519990e-01 1.963969200009213212e-01 2.001528205206340727e-01
-1.990883348570563482e-01 -1.956280528100163008e-01 -1.702130320224071458e-01 -1.479489151778635991e-01 -1.313040739191444206e-01 -1.240610119424781915e-01 -1.132411224552520579e-01 -9.962043392789350638e-02 -9.014324805921712647e-02 -7.793718317432189735e-02 -6.268301552337757210e-02 -3.716241008574601434e-02 -2.246682852293705249e-02 -1.705669119626733107e-02 -4.242660092139104167e-03 4.242660092139092891e-03 1.705669119626750108e-02 2.246682852293733004e-02 3.716241008574604904e-02 6.268301552337739169e-02 7.793718317432202225e-02 9.014324805921719586e-02 9.962043392789417251e-02 1.132411224552523077e-01 1.240610119424776225e-01 1.313040739191446427e-01 1.479489151778634604e-01 1.702130320224078952e-01 1.956280528100160232e-01 1.990883348570562095e-01
-1.981361000401451467e-01 -1.948880275675167195e-01 -1.683288863307803862e-01 -1.474718238446265928e-01 -1.306005918952283240e-01 -1.234464857949164190e-01 -1.123331527938083024e-01 -9.887504250321117738e-02 -8.948242661035975265e-02 -7.771906227577191073e-02 -6.215263289922989820e-02 -3.682222922548496202e-02 -2.299807994879727452e-02 -1.699802454177292560e-02 -4.019579481801056203e-03 4.019579481801058805e-03 1.699802454177300540e-02 2.299807994879714615e-02 3.682222922548488570e-02 6.215263289922943329e-02 7.771906227577257686e-02 8.948242661036066858e-02 9.887504250321182964e-02 1.123331527938082747e-01 1.234464857949167244e-01 1.306005918952286293e-01 1.474718238446268426e-01 1.683288863307802197e-01 1.948880275675164142e-01 1.981361000401453687e-01
-1.972784058733941803e-01 -1.941802525804948720e-01 -1.664763778622695700e-01 -1.468988171406774290e-01 -1.299327090928185657e-01 -1.229179360818199868e-01 -1.113106869638799401e-01 -9.804816803950217041e-02 -8.896980844921786868e-02 -7.739220604574885420e-02 -6.149716933339534342e-02 -3.645596576319477811e-02 -2.357353262784666822e-02 -1.701575623131745124e-02 -3.744751094129458290e-03 3.744751094129402779e-03 1.701575623131745471e-02 2.357353262784673414e-02 3.645596576319459076e-02 6.149716933339512831e-02 7.739220604574834073e-02 8.896980844921772991e-02 9.804816803950212878e-02 1.113106869638797458e-01 1.229179360818200700e-01 1.299327090928186490e-01 1.468988171406772625e-01 1.664763778622685153e-01 1.941802525804955104e-01 1.972784058733937362e-01
-1.964928997336827243e-01 -1.935099031281170001e-01 -1.646897988318687667e-01 -1.461990393855251980e-01 -1.293211041237327663e-01 -1.224423461057073670e-01 -1.101879243792486807e-01 -9.714186180557707329e-02 -8.860132196841777330e-02 -7.694690815391339034e-02 -6.072135063599404942e-02 -3.606845867777669357e-02 -2.418378954834944292e-02 -1.711701265745877928e-02 -3.430221273563119865e-03 3.430221273563076930e-03 1.711701265745890765e-02 2.418378954834912373e-02 3.606845867777652009e-02 6.072135063599395921e-02 7.694690815391340422e-02 8.860132196841775942e-02 9.714186180557744799e-02 1.101879243792485280e-01 1.224423461057080054e-01 1.293211041237324332e-01 1.461990393855259751e-01 1.646897988318692663e-01 1.935099031281191373e-01 1.964928997336835848e-01
-1.957562902629704782e-01 -1.928807085022603285e-01 -1.630081922362928981e-01 -1.453390990619369272e-01 -1.287822012638415448e-01 -1.219890559349615516e-01 -1.089791972681981719e-01 -9.615809119910212477e-02 -8.836578675676005912e-02 -7.638110738815440115e-02 -5.983040686692798343e-02 -3.566785779850922822e-02 -2.481652625685751984e-02 -1.730614875915477413e-02 -3.089446715002653471e-03 3.089446715002607934e-03 1.730614875915468392e-02 2.481652625685750596e-02 3.566785779850927679e-02 5.983040686692773363e-02 7.638110738815420686e-02 8.836578675676001748e-02 9.615809119910195824e-02 1.089791972681974225e-01 1.219890559349626341e-01 1.287822012638402680e-01 1.453390990619364276e-01 1.630081922362922320e-01 1.928807085022609391e-01 1.957562902629696455e-01
-1.950470132669644696e-01 -1.922928176908732800e-01 -1.614705081643423579e-01 -1.442881036322616051e-01 -1.283238483257758134e-01 -1.215355494375000012e-01 -1.076966865097727793e-01 -9.510079944660189410e-02 -8.824174390549327507e-02 -7.570299058169828454e-02 -5.882868937234009971e-02 -3.526712489793827621e-02 -2.545496140605775504e-02 -1.758495565667243452e-02 -2.736260736292578464e-03 2.736260736292580632e-03 1.758495565667242064e-02 2.545496140605791463e-02 3.526712489793858846e-02 5.882868937234043971e-02 7.570299058169863149e-02 8.824174390549320568e-02 9.510079944660236595e-02 1.076966865097727655e-01 1.215355494374997097e-01 1.283238483257765905e-01 1.442881036322610500e-01 1.614705081643431628e-01 1.922928176908735298e-01 1.950470132669649415e-01
-1.943465276680397535e-01 -1.917420092444051816e-01 -1.601080201527311231e-01 -1.430258621302635258e-01 -1.279418720475203053e-01 -1.210699152037813531e-01 -1.063504784273591741e-01 -9.398011690363941573e-02 -8.819452080137946126e-02 -7.493028708203505750e-02 -5.771892580878146967e-02 -3.488641552535729634e-02 -2.607544677605416750e-02 -1.795280361704053307e-02 -2.383880635235032658e-03 2.383880635234949391e-03 1.795280361704059899e-02 2.607544677605405647e-02 3.488641552535719226e-02 5.771892580878091455e-02 7.493028708203493260e-02 8.819452080137991923e-02 9.398011690363995696e-02 1.063504784273597431e-01 1.210699152037821302e-01 1.279418720475205273e-01 1.430258621302634980e-01 1.601080201527310676e-01 1.917420092444049318e-01 1.943465276680391707e-01
-1.936398333804231486e-01 -1.912196050681932713e-01 -1.589365651051104777e-01 -1.415520724523051388e-01 -1.276185864324679842e-01 -1.205895549648247911e-01 -1.049501648482519672e-01 -9.282198445070360959e-02 -8.816930368932904272e-02 -7.408694279348813916e-02 -5.650220809219305695e-02 -3.455640370562013119e-02 -2.664409516657145760e-02 -1.840672061140686405e-02 -2.044093425804506970e-03 2.044093425804633171e-03 1.840672061140666629e-02 2.664409516657146801e-02 3.455640370562008262e-02 5.650220809219280022e-02 7.408694279348757017e-02 8.816930368932876516e-02 9.282198445070319326e-02 1.049501648482517729e-01 1.205895549648246939e-01 1.276185864324683450e-01 1.415520724523045837e-01 1.589365651051101447e-01 1.912196050681941595e-01 1.936398333804227045e-01
-1.929160487742209162e-01 -1.907122245057105980e-01 -1.579528565668069373e-01 -1.398929180295749586e-01 -1.273224619361426058e-01 -1.200971990254533772e-01 -1.035072751502857380e-01 -9.169292070995069266e-02 -8.806863929899047538e-02 -7.319891507844461520e-02 -5.517861519676134363e-02 -3.432121162730857045e-02 -2.711378121939583483e-02 -1.894144669146398050e-02 -1.726703729290219366e-03 1.726703729290268155e-03 1.894144669146399090e-02 2.711378121939614361e-02 3.432121162730869535e-02 5.517861519676205834e-02 7.319891507844439316e-02 8.806863929899072518e-02 9.169292070995084531e-02 1.035072751502848776e-01 1.200971990254537519e-01 1.273224619361428278e-01 1.398929180295755137e-01 1.579528565668061879e-01 1.907122245057111254e-01 1.929160487742208330e-01
-1.921699484237142930e-01 -1.902004711808528148e-01 -1.571371174877010390e-01 -1.381040112623987404e-01 -1.270062065948014407e-01 -1.195963565615195540e-01 -1.020382367885876579e-01 -9.074714666486165260e-02 -8.770575841592780086e-02 -7.229046354745599645e-02 -5.374823962108832287e-02 -3.423574652018947923e-02 -2.742671685804172477e-02 -1.954951818704921823e-02 -1.439272279119118998e-03 1.439272279119162149e-03 1.954951818704936742e-02 2.742671685804181150e-02 3.423574652018950698e-02 5.374823962108855879e-02 7.229046354745670422e-02 8.770575841592823108e-02 9.074714666486236037e-02 1.020382367885879632e-01 1.195963565615197621e-01 1.270062065948006635e-01 1.381040112623996008e-01 1.571371174877017052e-01 1.902004711808530368e-01 1.921699484237137656e-01
-1.914054830753836312e-01 -1.896555364445295933e-01 -1.564599120048241199e-01 -1.362733002216167943e-01 -1.266002381175758140e-01 -1.190879234289563826e-01 -1.005679982719601268e-01 -9.016353849385980168e-02 -8.686565205219984320e-02 -7.138150048567040717e-02 -5.221232068738607124e-02 -3.434913218903856008e-02 -2.753091811617347506e-02 -2.022141637073324172e-02 -1.187124654195825238e-03 1.187124654195890290e-03 2.022141637073306825e-02 2.753091811617342302e-02 3.434913218903853926e-02 5.221232068738604348e-02 7.138150048567006023e-02 8.686565205220052321e-02 9.016353849385974617e-02 1.005679982719599880e-01 1.190879234289569238e-01 1.266002381175752034e-01 1.362733002216173495e-01 1.564599120048242586e-01 1.896555364445298153e-01 1.914054830753842695e-01
-1.906409131270652701e-01 -1.890340998807229778e-01 -1.558890670859945926e-01 -1.345264727662069115e-01 -1.260026443249412376e-01 -1.185683691243702292e-01 -9.913461717943335139e-02 -8.985971591264713121e-02 -8.558657866033206330e-02 -7.048604901000925238e-02 -5.057420628891760167e-02 -3.467826866867888130e-02 -2.740652967619157387e-02 -2.094577528823507451e-02 -9.735726042670847426e-04 9.735726042670576376e-04 2.094577528823507451e-02 2.740652967619191388e-02 3.467826866867887436e-02 5.057420628891762943e-02 7.048604901000957157e-02 8.558657866033185513e-02 8.985971591264795000e-02 9.913461717943278240e-02 1.185683691243710064e-01 1.260026443249396277e-01 1.345264727662064397e-01 1.558890670859936212e-01 1.890340998807228945e-01 1.906409131270643820e-01
-1.899064420132103581e-01 -1.882806527111139383e-01 -1.553941793888088951e-01 -1.330190824519155712e-01 -1.250843955186937417e-01 -1.180288423093920624e-01 -9.779392599404949926e-02 -8.959596421085692930e-02 -8.405069544400346759e-02 -6.961166579200625537e-02 -4.883998174814385002e-02 -3.519861239944671594e-02 -2.707490383107661117e-02 -2.170959744429986488e-02 -8.002698101968727445e-04 8.002698101967870925e-04 2.170959744429984753e-02 2.707490383107654525e-02 3.519861239944663961e-02 4.883998174814351001e-02 6.961166579200618598e-02 8.405069544400316228e-02 8.959596421085644358e-02 9.779392599404831965e-02 1.180288423093932143e-01 1.250843955186926315e-01 1.330190824519151827e-01 1.553941793888085066e-01 1.882806527111143546e-01 1.899064420132112463e-01
-1.892184596743964886e-01 -1.873531422104481037e-01 -1.549485478779323022e-01 -1.318744801290731850e-01 -1.237520548642655344e-01 -1.174538420698678642e-01 -9.661798387844046376e-02 -8.919322962346286354e-02 -8.236628979808148510e-02 -6.875962147740886932e-02 -4.701882019749036717e-02 -3.586310513644673514e-02 -2.657947252653845502e-02 -2.249836339644670224e-02 -6.676225121183943347e-04 6.676225121184018157e-04 2.249836339644678204e-02 2.657947252653848624e-02 3.586310513644731801e-02 4.701882019749051983e-02 6.875962147740879993e-02 8.236628979808148510e-02 8.919322962346298844e-02 9.661798387844013070e-02 1.174538420698678226e-01 1.237520548642666168e-01 1.318744801290734625e-01 1.549485478779312475e-01 1.873531422104479094e-01 1.892184596743961833e-01
-1.885573434070280663e-01 -1.862449896536015892e-01 -1.545294455683662027e-01 -1.310956980264905147e-01 -1.220413637554742248e-01 -1.168169017698591633e-01 -9.567200955649518557e-02 -8.853953625414198725e-02 -8.058281524613226943e-02 -6.792560202488442944e-02 -4.512349564478986691e-02 -3.662408647802430778e-02 -2.596353689283802807e-02 -2.329568332490065258e-02 -5.751898970386991111e-04 5.751898970386148686e-04 2.329568332490069074e-02 2.596353689283837154e-02 3.662408647802423145e-02 4.512349564478974895e-02 6.792560202488395760e-02 8.058281524613171432e-02 8.853953625414219542e-02 9.567200955649497740e-02 1.168169017698599960e-01 1.220413637554734060e-01 1.310956980264910421e-01 1.545294455683672019e-01 1.862449896536013394e-01 1.885573434070281773e-01
-1.878856003376818684e-01 -1.849666820810006718e-01 -1.541176249254630759e-01 -1.305832211404958088e-01 -1.201152583880067681e-01 -1.160668646979999413e-01 -9.496776038381833651e-02 -8.759947729288930507e-02 -7.872620001379214416e-02 -6.710069970953294605e-02 -4.317285146322884931e-02 -3.743984130769734825e-02 -2.526480214318129955e-02 -2.407935694924586909e-02 -5.220317976990789411e-04 5.220317976990769895e-04 2.407935694924581704e-02 2.526480214318115730e-02 3.743984130769707069e-02 4.317285146322891176e-02 6.710069970953272400e-02 7.872620001379160293e-02 8.759947729288962426e-02 9.496776038381879448e-02 1.160668646980005381e-01 1.201152583880073094e-01 1.305832211404950038e-01 1.541176249254633257e-01 1.849666820810002277e-01 1.878856003376823958e-01
-1.871687210669528145e-01 -1.835245244677050636e-01 -1.536965980300359080e-01 -1.302261289871483041e-01 -1.182107946342288718e-01 -1.150922502881764481e-01 -9.444200530665640414e-02 -8.641926271645895830e-02 -7.681330566723339193e-02 -6.627250743560599011e-02 -4.120993759218622571e-02 -3.825649532574545292e-02 -2.490545036241913895e-02 -2.443077760064399362e-02 -5.069839826379467273e-04 5.069839826379020581e-04 2.443077760064398321e-02 2.490545036241911814e-02 3.825649532574545986e-02 4.120993759218651714e-02 6.627250743560605950e-02 7.681330566723375275e-02 8.641926271645859747e-02 9.444200530665715354e-02 1.150922502881764203e-01 1.182107946342294685e-01 1.302261289871489702e-01 1.536965980300354917e-01 1.835245244677054521e-01 1.871687210669534251e-01
-1.863778222397747819e-01 -1.819173749783717375e-01 -1.532519379016575312e-01 -1.299443759213276817e-01 -1.166076107791450128e-01 -1.137129742000228538e-01 -9.399139938820676166e-02 -8.508405826001995409e-02 -7.485759324455772135e-02 -6.542618130880879790e-02 -3.971829439417505492e-02 -3.859018199359408319e-02 -2.558921785226322618e-02 -2.363893125087263708e-02 -5.288587718480547602e-04 5.288587718480724327e-04 2.363893125087264402e-02 2.558921785226345863e-02 3.859018199359401380e-02 3.971829439417497859e-02 6.542618130880857585e-02 7.485759324455769359e-02 8.508405826001926020e-02 9.399139938820613716e-02 1.137129742000228261e-01 1.166076107791449434e-01 1.299443759213276539e-01 1.532519379016580308e-01 1.819173749783715988e-01 1.863778222397751427e-01
-1.854857243382016796e-01 -1.801395049984009233e-01 -1.527706815899163850e-01 -1.296862771320879126e-01 -1.153873033976975659e-01 -1.119254402255764752e-01 -9.351370763081355564e-02 -8.367215995618057511e-02 -7.287203290378035936e-02 -6.454533729906132555e-02 -4.023722555615401320e-02 -3.691286718116795762e-02 -2.622350475270023712e-02 -2.277679988275976494e-02 -5.865791594917148070e-04 5.865791594917310701e-04 2.277679988275960882e-02 2.622350475270036896e-02 3.691286718116826987e-02 4.023722555615401320e-02 6.454533729906195005e-02 7.287203290378087284e-02 8.367215995618094981e-02 9.351370763081368054e-02 1.119254402255767111e-01 1.153873033976976076e-01 1.296862771320879126e-01 1.527706815899161630e-01 1.801395049984016172e-01 1.854857243382000975e-01
-1.844623600063637625e-01 -1.781832538054517467e-01 -1.522408405337839776e-01 -1.294176515708671538e-01 -1.143599577908980119e-01 -1.099870155692390800e-01 -9.292199149780902556e-02 -8.223868905124043227e-02 -7.087146659868537313e-02 -6.361254835633624316e-02 -4.106914506581379326e-02 -3.495333119030503283e-02 -2.673323956327383275e-02 -2.187888269779862671e-02 -6.792588909373004644e-04 6.792588909372310755e-04 2.187888269779877243e-02 2.673323956327386050e-02 3.495333119030517854e-02 4.106914506581375857e-02 6.361254835633618765e-02 7.087146659868576171e-02 8.223868905124097350e-02 9.292199149781012191e-02 1.099870155692387746e-01 1.143599577908986364e-01 1.294176515708671815e-01 1.522408405337834503e-01 1.781832538054514414e-01 1.844623600063625968e-01
-1.832692838978256522e-01 -1.760408877162593089e-01 -1.516509953571984481e-01 -1.291140466273903442e-01 -1.133738736484293519e-01 -1.081099948714239756e-01 -9.214642570859647719e-02 -8.081604357970706420e-02 -6.887540668981083358e-02 -6.260902209916066607e-02 -4.190519695008486367e-02 -3.309909414845309955e-02 -2.702197436317551466e-02 -2.095236408206735401e-02 -8.062408740595844274e-04 8.062408740595980883e-04 2.095236408206746503e-02 2.702197436317557711e-02 3.309909414845339098e-02 4.190519695008495388e-02 6.260902209916052730e-02 6.887540668981124992e-02 8.081604357970700869e-02 9.214642570859638004e-02 1.081099948714236009e-01 1.133738736484295878e-01 1.291140466273908716e-01 1.516509953571987257e-01 1.760408877162593089e-01 1.832692838978235150e-01
-1.818517860953475229e-01 -1.737060576614472829e-01 -1.509899434024389864e-01 -1.287562545194398944e-01 -1.123644186299403852e-01 -1.064065161007236165e-01 -9.114027313487402249e-02 -7.941705447221196479e-02 -6.691169834583818310e-02 -6.151302224838407079e-02 -4.271220559795839422e-02 -3.157423683012768739e-02 -2.688263059352398107e-02 -2.000145867979542455e-02 -9.671036414945355245e-04 9.671036414945164425e-04 2.000145867979557721e-02 2.688263059352423434e-02 3.157423683012769433e-02 4.271220559795852606e-02 6.151302224838398058e-02 6.691169834583808596e-02 7.941705447221188152e-02 9.114027313487510495e-02 1.064065161007235194e-01 1.123644186299403297e-01 1.287562545194397001e-01 1.509899434024384590e-01 1.737060576614464225e-01 1.818517860953464960e-01
-1.801293390597384081e-01 -1.711751201045149107e-01 -1.502463637814789310e-01 -1.283277995079258882e-01 -1.113053451464283000e-01 -1.049243133442522985e-01 -8.989229947625007600e-02 -7.803699502994937420e-02 -6.502011714929192832e-02 -6.029775789110231737e-02 -4.347229830332123568e-02 -3.066508030438333532e-02 -2.603068133469194079e-02 -1.902874742357787627e-02 -1.161641394994104197e-03 1.161641394994035242e-03 1.902874742357787627e-02 2.603068133469191303e-02 3.066508030438337001e-02 4.347229830332126344e-02 6.029775789110181777e-02 6.502011714929198383e-02 7.803699502994916604e-02 8.989229947625093642e-02 1.049243133442517573e-01 1.113053451464278837e-01 1.283277995079258327e-01 1.502463637814788477e-01 1.711751201045142168e-01 1.801293390597387689e-01
-1.779982046128092410e-01 -1.684483843539453241e-01 -1.494084591736434819e-01 -1.278134715080082862e-01 -1.101861854699677234e-01 -1.036601137306249060e-01 -8.843594854122517612e-02 -7.665493539624892994e-02 -6.325073950157131253e-02 -5.893385385486125949e-02 -4.416828165349306196e-02 -3.031016443662193707e-02 -2.452827859821846840e-02 -1.803524011841223587e-02 -1.389817665486587934e-03 1.389817665486595740e-03 1.803524011841224975e-02 2.452827859821838166e-02 3.031016443662198911e-02 4.416828165349302032e-02 5.893385385486097500e-02 6.325073950157091007e-02 7.665493539624856911e-02 8.843594854122530102e-02 1.036601137306243925e-01 1.101861854699676124e-01 1.278134715080085082e-01 1.494084591736443146e-01 1.684483843539448522e-01 1.779982046128076867e-01
-1.753814879077637001e-01 -1.655312040058358469e-01 -1.484635207051849537e-01 -1.271983954092467395e-01 -1.090045609840121082e-01 -1.025719141388405226e-01 -8.684422398852606473e-02 -7.523602198758026771e-02 -6.164747915428151620e-02 -5.740653543164378481e-02 -4.477902481801250556e-02 -3.016989487715094134e-02 -2.271848418503797512e-02 -1.701979687968966509e-02 -1.651684961999808424e-03 1.651684961999822735e-03 1.701979687968964081e-02 2.271848418503799941e-02 3.016989487715091706e-02 4.477902481801229739e-02 5.740653543164413869e-02 6.164747915428130109e-02 7.523602198757994852e-02 8.684422398852655045e-02 1.025719141388410083e-01 1.090045609840129409e-01 1.271983954092474056e-01 1.484635207051855921e-01 1.655312040058362355e-01 1.753814879077633671e-01
-1.723054525864161912e-01 -1.624347697672485213e-01 -1.473973354782155687e-01 -1.264673639008142281e-01 -1.077637047466608461e-01 -1.015972625723804285e-01 -8.521084043921176021e-02 -7.373678745664491441e-02 -6.022165011345351898e-02 -5.574432881930480033e-02 -4.527387126585118160e-02 -3.003848728679019489e-02 -2.081677307584454961e-02 -1.597764016435040263e-02 -1.947250394846342667e-03 1.947250394846432439e-03 1.597764016435031589e-02 2.081677307584464676e-02 3.003848728679004917e-02 4.527387126585109139e-02 5.574432881930433542e-02 6.022165011345301938e-02 7.373678745664444256e-02 8.521084043921124673e-02 1.015972625723803591e-01 1.077637047466598885e-01 1.264673639008153105e-01 1.473973354782160683e-01 1.624347697672483826e-01 1.723054525864169961e-01
-1.688784367473667725e-01 -1.591765238106529756e-01 -1.461933051294462549e-01 -1.256042862446500596e-01 -1.064719070781403598e-01 -1.006692710843689748e-01 -8.362702414151589048e-02 -7.211552164228565709e-02 -5.894682810399289735e-02 -5.403169012273666832e-02 -4.560157005754545551e-02 -2.983225563637329283e-02 -1.892757733551361440e-02 -1.489731977910005965e-02 -2.276243776562224957e-03 2.276243776562217151e-03 1.489731977909999720e-02 1.892757733551373930e-02 2.983225563637342814e-02 4.560157005754528203e-02 5.403169012273657812e-02 5.894682810399323736e-02 7.211552164228582362e-02 8.362702414151648722e-02 1.006692710843696964e-01 1.064719070781400684e-01 1.256042862446496433e-01 1.461933051294463104e-01 1.591765238106536140e-01 1.688784367473675774e-01
-1.652030024124546970e-01 -1.557803063623662554e-01 -1.448310527460943409e-01 -1.245916742078353873e-01 -1.051425533886207186e-01 -9.972479476775938934e-02 -8.216138060794031528e-02 -7.034706392857742463e-02 -5.777944891350943885e-02 -5.240647045328318543e-02 -4.566850225166230182e-02 -2.951837820900625811e-02 -1.712213675454965847e-02 -1.375591303776523174e-02 -2.637693310736445671e-03 2.637693310736455212e-03 1.375591303776517449e-02 1.712213675454969317e-02 2.951837820900627199e-02 4.566850225166287774e-02 5.240647045328352543e-02 5.777944891350979273e-02 7.034706392857770219e-02 8.216138060794032916e-02 9.972479476775880647e-02 1.051425533886212321e-01 1.245916742078358036e-01 1.448310527460944241e-01 1.557803063623653395e-01 1.652030024124551966e-01
-1.613421659990598445e-01 -1.522765769298722316e-01 -1.432841594508042771e-01 -1.234101360744125214e-01 -1.037935372768532122e-01 -9.870681881833685833e-02 -8.084804143376818353e-02 -6.843606097170716607e-02 -5.667370081190051950e-02 -5.106129953979529623e-02 -4.531869194119915456e-02 -2.908684205603150746e-02 -1.547003533874912774e-02 -1.251744754893345697e-02 -3.029084115446971891e-03 3.029084115447002682e-03 1.251744754893348646e-02 1.547003533874925091e-02 2.908684205603153175e-02 4.531869194119934885e-02 5.106129953979575420e-02 5.667370081190061665e-02 6.843606097170742975e-02 8.084804143376857211e-02 9.870681881833673343e-02 1.037935372768532399e-01 1.234101360744118414e-01 1.432841594508036664e-01 1.522765769298729810e-01 1.613421659990607604e-01
-1.573279523886292053e-01 -1.487030780595154922e-01 -1.415166084835891291e-01 -1.220379081731144399e-01 -1.024442596938073130e-01 -9.756614086764378579e-02 -7.968733750592565945e-02 -6.642134370952844369e-02 -5.558092009129039085e-02 -5.016156401524207720e-02 -4.441273642073184647e-02 -2.854061041551074832e-02 -1.403098339615894280e-02 -1.115336548858662444e-02 -3.444487224233596084e-03 3.444487224233580905e-03 1.115336548858667995e-02 1.403098339615897229e-02 2.854061041551082117e-02 4.441273642073190892e-02 5.016156401524222291e-02 5.558092009129057820e-02 6.642134370952888778e-02 7.968733750592632559e-02 9.756614086764323068e-02 1.024442596938067163e-01 1.220379081731147869e-01 1.415166084835885463e-01 1.487030780595162693e-01 1.573279523886289000e-01
-1.531721740879184168e-01 -1.451052803248487899e-01 -1.394783386881990328e-01 -1.204505491355908064e-01 -1.011088900770559934e-01 -9.626598822909523956e-02 -7.865681221928398636e-02 -6.437099102931906347e-02 -5.444307334441899487e-02 -4.965704496271346191e-02 -4.301942011864875320e-02 -2.789148743802806821e-02 -1.281790041052585823e-02 -9.688438430642459798e-03 -3.869622946058966055e-03 3.869622946058929192e-03 9.688438430642458063e-03 1.281790041052581833e-02 2.789148743802800229e-02 4.301942011864837850e-02 4.965704496271332313e-02 5.444307334441909202e-02 6.437099102931903571e-02 7.865681221928334799e-02 9.626598822909597508e-02 1.011088900770555910e-01 1.204505491355912922e-01 1.394783386881982556e-01 1.451052803248490952e-01 1.531721740879189442e-01
-1.488674181892996606e-01 -1.415307864478743127e-01 -1.371054087941497579e-01 -1.186210823898156130e-01 -9.978840242373639147e-02 -9.478805082837754581e-02 -7.772430412549972967e-02 -6.237273319805074906e-02 -5.318912482522393514e-02 -4.934572539174470612e-02 -4.135526910099524001e-02 -2.715776331350205908e-02 -1.179915198897415855e-02 -8.217045029321787264e-03 -4.265062567964393418e-03 4.265062567964324897e-03 8.217045029321723079e-03 1.179915198897415682e-02 2.715776331350199663e-02 4.135526910099528164e-02 4.934572539174457428e-02 5.318912482522424739e-02 6.237273319805111682e-02 7.772430412549946599e-02 9.478805082837726825e-02 9.978840242373643310e-02 1.186210823898156685e-01 1.371054087941503408e-01 1.415307864478748678e-01 1.488674181893005766e-01
-1.443809534011185336e-01 -1.379996343705174877e-01 -1.343438201497528794e-01 -1.165210919584539623e-01 -9.846807220282957629e-02 -9.313350501755862654e-02 -7.685683377152144335e-02 -6.051818454910654760e-02 -5.174413544691541800e-02 -4.906661971431487690e-02 -3.959265936075524739e-02 -2.636255221290795953e-02 -1.094572981277288672e-02 -6.933233318669513971e-03 -4.489618500279593701e-03 4.489618500279666559e-03 6.933233318669546064e-03 1.094572981277282080e-02 2.636255221290800810e-02 3.959265936075510167e-02 4.906661971431508507e-02 5.174413544691558453e-02 6.051818454910684597e-02 7.685683377152155438e-02 9.313350501755872368e-02 9.846807220283054773e-02 1.165210919584534072e-01 1.343438201497523798e-01 1.379996343705173767e-01 1.443809534011174511e-01
-1.396690371919866169e-01 -1.344481128738789777e-01 -1.312055402632725798e-01 -1.141234315754839496e-01 -9.712314657672875551e-02 -9.131629132329495413e-02 -7.602442173900562927e-02 -5.887393709469213032e-02 -5.007068242989282103e-02 -4.871243374784875457e-02 -3.783367543303584740e-02 -2.553264702048685733e-02 -1.025709553733300007e-02 -6.306737085743713105e-03 -4.098391975897848483e-03 4.098391975897864095e-03 6.306737085743748666e-03 1.025709553733300528e-02 2.553264702048680529e-02 3.783367543303577801e-02 4.871243374784895580e-02 5.007068242989227286e-02 5.887393709469202624e-02 7.602442173900478273e-02 9.131629132329431575e-02 9.712314657672810325e-02 1.141234315754840190e-01 1.312055402632721357e-01 1.344481128738787279e-01 1.396690371919864782e-01
-1.347363824064375937e-01 -1.307386167452214976e-01 -1.277767958336689935e-01 -1.114069568628443530e-01 -9.572717672867211980e-02 -8.935403745654588170e-02 -7.520059268369860828e-02 -5.745070878391043967e-02 -4.856920686536764925e-02 -4.782825075137577681e-02 -3.614380960609780979e-02 -2.469795724677167903e-02 -9.763194959910495921e-03 -6.375476414225446191e-03 -3.047380142623789222e-03 3.047380142623783584e-03 6.375476414225412364e-03 9.763194959910577453e-03 2.469795724677159229e-02 3.614380960609789306e-02 4.782825075137608906e-02 4.856920686536771170e-02 5.745070878391061314e-02 7.520059268369833072e-02 8.935403745654503516e-02 9.572717672867220307e-02 1.114069568628439366e-01 1.277767958336688547e-01 1.307386167452218861e-01 1.347363824064372051e-01
-1.296574842068796696e-01 -1.267804663708539392e-01 -1.241286387231740201e-01 -1.083626519469487598e-01 -9.425719928777603895e-02 -8.726224509541757879e-02 -7.436122237972932203e-02 -5.620262971331378699e-02 -4.791636000457994565e-02 -4.575426612655712072e-02 -3.457456282070426462e-02 -2.389150513392414646e-02 -9.512187085671282641e-03 -6.577168265676257460e-03 -1.871950294737477309e-03 1.871950294737318148e-03 6.577168265676237510e-03 9.512187085671253151e-03 2.389150513392427136e-02 3.457456282070435483e-02 4.575426612655689868e-02 4.791636000458042444e-02 5.620262971331436985e-02 7.436122237972953020e-02 8.726224509541778696e-02 9.425719928777619161e-02 1.083626519469498839e-01 1.241286387231741867e-01 1.267804663708537172e-01 1.296574842068791977e-01
-1.245484043249276140e-01 -1.225914012631631050e-01 -1.202397118818450267e-01 -1.049990889419942924e-01 -9.269477048490419591e-02 -8.505233746265113137e-02 -7.348256456773138989e-02 -5.505772727456430260e-02 -4.724389739228104790e-02 -4.340843512960920053e-02 -3.317456943862703150e-02 -2.314948085213553927e-02 -9.520176258571671005e-03 -6.702615244375229563e-03 -7.789505581872756311e-04 7.789505581872136148e-04 6.702615244375181858e-03 9.520176258571700495e-03 2.314948085213562254e-02 3.317456943862719804e-02 4.340843512960966544e-02 4.724389739228108953e-02 5.505772727456410831e-02 7.348256456773163969e-02 8.505233746265113137e-02 9.269477048490402937e-02 1.049990889419944867e-01 1.202397118818457483e-01 1.225914012631635630e-01 1.245484043249283357e-01
-1.196534913746726408e-01 -1.181287161151478859e-01 -1.160127093228025263e-01 -1.013452271659844445e-01 -9.102359161622393391e-02 -8.273178047319003359e-02 -7.253869775310652079e-02 -5.394616068546417148e-02 -4.644235638907738550e-02 -4.095186951081047910e-02 -3.199535702265295795e-02 -2.250970343683390482e-02 -9.713128215295274356e-03 -6.754391699814326494e-03 -1.638613778772423908e-04 1.638613778771456800e-04 6.754391699814363791e-03 9.713128215295364562e-03 2.250970343683407482e-02 3.199535702265252773e-02 4.095186951081042359e-02 4.644235638907765612e-02 5.394616068546442128e-02 7.253869775310710366e-02 8.273178047318976991e-02 9.102359161622414208e-02 1.013452271659842086e-01 1.160127093228024431e-01 1.181287161151479276e-01 1.196534913746725159e-01
-1.152914279999582708e-01 -1.131697595080023572e-01 -1.114131629472508156e-01 -9.745231149910021928e-02 -8.922197689036603929e-02 -8.030487269435962472e-02 -7.149840490061196152e-02 -5.281101430353080106e-02 -4.549462147879176910e-02 -3.844411123282868298e-02 -3.109462727213845729e-02 -2.200506059155219254e-02 -9.968614570870235406e-03 -6.790643192642245758e-03 -9.292223461211011285e-04 9.292223461211403766e-04 6.790643192642361117e-03 9.968614570870254488e-03 2.200506059155229316e-02 3.109462727213837055e-02 3.844411123282866216e-02 4.549462147879192175e-02 5.281101430353080106e-02 7.149840490061187825e-02 8.030487269435962472e-02 8.922197689036666379e-02 9.745231149909967805e-02 1.114131629472508572e-01 1.131697595080022184e-01 1.152914279999582708e-01
-1.111990778566445542e-01 -1.078916342568682907e-01 -1.065259071110274403e-01 -9.340579390156258932e-02 -8.724032377146959116e-02 -7.777358783214888271e-02 -7.032167219308874118e-02 -5.160857700146598975e-02 -4.439274832578826019e-02 -3.592709597699027257e-02 -3.053713709500084292e-02 -2.164855753743558445e-02 -1.019762907301232160e-02 -6.820730980507389365e-03 -1.520188117586645724e-03 1.520188117586725521e-03 6.820730980507498653e-03 1.019762907301228518e-02 2.164855753743562608e-02 3.053713709500072496e-02 3.592709597699023788e-02 4.439274832578825325e-02 5.160857700146653099e-02 7.032167219308863015e-02 7.777358783214889659e-02 8.724032377146964667e-02 9.340579390156265871e-02 1.065259071110276484e-01 1.078916342568684988e-01 1.111990778566441379e-01
-1.064311163283014061e-01 -1.024913802233377441e-01 -1.014416196270897935e-01 -8.938006556241986922e-02 -8.492996896366990234e-02 -7.513818017563132778e-02 -6.895674667810100522e-02 -5.030606571488076273e-02 -4.313253888133354585e-02 -3.343571771586009711e-02 -3.038949369155707902e-02 -2.141424532248603282e-02 -1.037526284981972816e-02 -6.784271809647330655e-03 -1.967815791699105074e-03 1.967815791699081655e-03 6.784271809647415656e-03 1.037526284981984091e-02 2.141424532248617854e-02 3.038949369155677718e-02 3.343571771586013874e-02 4.313253888133350422e-02 5.030606571488055456e-02 6.895674667810065828e-02 7.513818017563135554e-02 8.492996896367029092e-02 8.938006556241998024e-02 1.014416196270898352e-01 1.024913802233377996e-01 1.064311163283011286e-01
-1.014487854828596131e-01 -9.704539444650707447e-02 -9.619273838707199931e-02 -8.573790301632325250e-02 -8.191556080207938739e-02 -7.239706517755833959e-02 -6.734021586853793095e-02 -4.888030688955589953e-02 -4.171403214676226018e-02 -3.101094228766088090e-02 -3.069585222340850614e-02 -2.123115969339987516e-02 -1.052629939929215254e-02 -6.590737018431599287e-03 -2.317082826671496270e-03 2.317082826671478055e-03 6.590737018431764085e-03 1.052629939929211958e-02 2.123115969339979883e-02 3.069585222340835695e-02 3.101094228766084621e-02 4.171403214676231569e-02 4.888030688955597586e-02 6.734021586853819463e-02 7.239706517755782611e-02 8.191556080207990087e-02 8.573790301632280841e-02 9.619273838707183277e-02 9.704539444650642221e-02 1.014487854828597102e-01
-9.687717435161946611e-02 -9.161497015071964900e-02 -9.075461778269292012e-02 -8.262883395722638025e-02 -7.795169458862903633e-02 -6.954487042163358390e-02 -6.540422190584982420e-02 -4.731921079260082569e-02 -4.014660443743661711e-02 -3.147815260695281669e-02 -2.867387201328159066e-02 -2.100023922063143367e-02 -1.067572109936129957e-02 -6.184056121033194159e-03 -2.608296849298849529e-03 2.608296849298804426e-03 6.184056121033223649e-03 1.067572109936124405e-02 2.100023922063143367e-02 2.867387201328178495e-02 3.147815260695284445e-02 4.014660443743633955e-02 4.731921079260075630e-02 6.540422190584914419e-02 6.954487042163332022e-02 7.795169458862871714e-02 8.262883395722651902e-02 9.075461778269294788e-02 9.161497015071988492e-02 9.687717435161924406e-02
-9.299152238467722764e-02 -8.621556103015001749e-02 -8.512005006059336631e-02 -7.949007156436120602e-02 -7.339665741989306880e-02 -6.656782925843952869e-02 -6.309347709082192834e-02 -4.563009075698016420e-02 -3.847240795717932899e-02 -3.260819621640118071e-02 -2.651444169106646764e-02 -2.061052397527891877e-02 -1.080948157471450614e-02 -5.575554498513943594e-03 -2.866727174059793392e-03 2.866727174059786453e-03 5.575554498514104923e-03 1.080948157471458421e-02 2.061052397527901245e-02 2.651444169106655438e-02 3.260819621640127786e-02 3.847240795717912082e-02 4.563009075698055278e-02 6.309347709082170630e-02 6.656782925843966747e-02 7.339665741989309655e-02 7.949007156436081745e-02 8.512005006059392143e-02 8.621556103014973993e-02 9.299152238467772724e-02
-8.896071391252330374e-02 -8.081881929083466198e-02 -7.933685856185333785e-02 -7.581309350665199620e-02 -6.856026317676737480e-02 -6.344105218845626226e-02 -6.038494676987322951e-02 -4.387149317603191573e-02 -3.692630074321873179e-02 -3.368901458357069501e-02 -2.462487028009477386e-02 -1.993295758403804130e-02 -1.088196687937107582e-02 -4.820966219135001257e-03 -3.101617617330498008e-03 3.101617617330460278e-03 4.820966219135031615e-03 1.088196687937109490e-02 1.993295758403785048e-02 2.462487028009475651e-02 3.368901458357079215e-02 3.692630074321857220e-02 4.387149317603167981e-02 6.038494676987368054e-02 6.344105218845629002e-02 6.856026317676722215e-02 7.581309350665185742e-02 7.933685856185343499e-02 8.081881929083406524e-02 8.896071391252323435e-02
-8.374011380163964846e-02 -7.546041623417815147e-02 -7.346412546806339872e-02 -7.147152493721273259e-02 -6.356822431061324996e-02 -6.014074460879174217e-02 -5.729071330033502774e-02 -4.228301402296710809e-02 -3.652401966690348167e-02 -3.327399704711665046e-02 -2.310034805029012941e-02 -1.885413060032976873e-02 -1.083876522625108058e-02 -3.987466159361186847e-03 -3.307337116380358513e-03 3.307337116380320349e-03 3.987466159361194654e-03 1.083876522625109792e-02 1.885413060032962301e-02 2.310034805029024391e-02 3.327399704711668516e-02 3.652401966690343310e-02 4.228301402296703176e-02 5.729071330033492365e-02 6.014074460879190870e-02 6.356822431061300016e-02 7.147152493721284361e-02 7.346412546806338484e-02 7.546041623417795718e-02 8.374011380164018969e-02
-7.813173103718071277e-02 -7.033096678503536481e-02 -6.761387210023796224e-02 -6.647384246640875016e-02 -5.849428018311803035e-02 -5.666800921661051260e-02 -5.383554888093496776e-02 -4.154531379213573239e-02 -3.627278148425622933e-02 -3.132967524548447430e-02 -2.188039641626388088e-02 -1.741834409162279149e-02 -1.062654429882001726e-02 -3.505969825285297405e-03 -3.098511904590530927e-03 3.098511904590473248e-03 3.505969825285303043e-03 1.062654429882000685e-02 1.741834409162272904e-02 2.188039641626371087e-02 3.132967524548467553e-02 3.627278148425599341e-02 4.154531379213596137e-02 5.383554888093490531e-02 5.666800921661099139e-02 5.849428018311816913e-02 6.647384246640872241e-02 6.761387210023796224e-02 7.033096678503518440e-02 7.813173103718064338e-02
-7.214478221367075228e-02 -6.587100032380056869e-02 -6.190766586979249558e-02 -6.076147960617960669e-02 -5.361394714806924644e-02 -5.285856212202070387e-02 -5.002773867545978054e-02 -4.153658546696153975e-02 -3.455744791248779174e-02 -2.894168113026666586e-02 -2.074961113095785681e-02 -1.582623445522598343e-02 -1.019448631102069271e-02 -3.620691865110280822e-03 -2.261052527441413402e-03 2.261052527441402126e-03 3.620691865110246127e-03 1.019448631102070832e-02 1.582623445522590017e-02 2.074961113095783252e-02 2.894168113026636402e-02 3.455744791248784725e-02 4.153658546696142873e-02 5.002773867545959319e-02 5.285856212202091897e-02 5.361394714806916317e-02 6.076147960617966914e-02 6.190766586979234987e-02 6.587100032380073522e-02 7.214478221367087718e-02
-6.576313074516752788e-02 -6.266107444512393487e-02 -5.609595330324410739e-02 -5.464083540647699661e-02 -4.969265912113226408e-02 -4.793330350181605054e-02 -4.584210212739570078e-02 -4.052251615221991177e-02 -3.197768736531931416e-02 -2.632593603539986130e-02 -1.951542006316367428e-02 -1.425227349760572852e-02 -9.501353616127479473e-03 -3.676427773539308035e-03 -1.468998859653651437e-03 1.468998859653666399e-03 3.676427773539282014e-03 9.501353616127578353e-03 1.425227349760571464e-02 1.951542006316362571e-02 2.632593603539978150e-02 3.197768736531944600e-02 4.052251615221981462e-02 4.584210212739604079e-02 4.793330350181564115e-02 4.969265912113206285e-02 5.464083540647678844e-02 5.609595330324369106e-02 6.266107444512379610e-02 6.576313074516740298e-02
-5.966600314932664351e-02 -5.895613998359221231e-02 -5.003911359540438170e-02 -4.836719692295030765e-02 -4.543565124631277624e-02 -4.276824486718061591e-02 -4.122909168439079647e-02 -3.769856347962423360e-02 -2.894720562208131717e-02 -2.353472776120273460e-02 -1.806122306929643789e-02 -1.277030666858720853e-02 -8.540245997704755745e-03 -3.646905446628524727e-03 -7.599551421731757768e-04 7.599551421731650432e-04 3.646905446628547712e-03 8.540245997704701969e-03 1.277030666858719465e-02 1.806122306929650034e-02 2.353472776120291848e-02 2.894720562208135187e-02 3.769856347962424747e-02 4.122909168439101157e-02 4.276824486718060897e-02 4.543565124631271379e-02 4.836719692295039091e-02 5.003911359540463150e-02 5.895613998359218455e-02 5.966600314932665045e-02
-5.206508558910491469e-02 -5.163555858048514413e-02 -4.374289579452850935e-02 -4.203618773162075273e-02 -4.029758266539287814e-02 -3.757911820436583145e-02 -3.617880090114913849e-02 -3.353575232708048276e-02 -2.558705378798825994e-02 -2.059451139244878812e-02 -1.632221844665435184e-02 -1.135440807018468085e-02 -7.365526393501813443e-03 -3.512381658351987259e-03 -1.601550258530657148e-04 1.601550258529925582e-04 3.512381658351998535e-03 7.365526393501789157e-03 1.135440807018464268e-02 1.632221844665433103e-02 2.059451139244895465e-02 2.558705378798814892e-02 3.353575232708026765e-02 3.617880090114941605e-02 3.757911820436605349e-02 4.029758266539296141e-02 4.203618773162074579e-02 4.374289579452866894e-02 5.163555858048517189e-02 5.206508558910498408e-02
-4.435199343173720776e-02 -4.378240614684320020e-02 -3.720740874217224464e-02 -3.569147259181606330e-02 -3.437326445204395148e-02 -3.225072225692625361e-02 -3.077753447474977297e-02 -2.862440344600369890e-02 -2.193983225549039906e-02 -1.752383779706628841e-02 -1.426746714819679927e-02 -9.916603635809128833e-03 -6.076943292738589027e-03 -3.253396786721018171e-03 -3.075669168194605763e-04 3.075669168194424159e-04 3.253396786721054600e-03 6.076943292738646273e-03 9.916603635809042097e-03 1.426746714819683050e-02 1.752383779706626760e-02 2.193983225549033314e-02 2.862440344600382033e-02 3.077753447474981113e-02 3.225072225692628830e-02 3.437326445204393066e-02 3.569147259181592452e-02 3.720740874217223770e-02 4.378240614684317245e-02 4.435199343173754083e-02
-3.630304026087292912e-02 -3.560857912979129014e-02 -3.041521806256188704e-02 -2.922393432677296982e-02 -2.793046693333655142e-02 -2.663976526469470293e-02 -2.510747004892616152e-02 -2.329142597007612114e-02 -1.802677159198416701e-02 -1.433212495618864379e-02 -1.189474851392935927e-02 -8.363627290543221640e-03 -4.772842739417269831e-03 -2.850961810811180296e-03 -6.223933428825038049e-04 6.223933428825469561e-04 2.850961810811190704e-03 4.772842739417275035e-03 8.363627290543199089e-03 1.189474851392938182e-02 1.433212495618864032e-02 1.802677159198419823e-02 2.329142597007618012e-02 2.510747004892638010e-02 2.663976526469460232e-02 2.793046693333667979e-02 2.922393432677328554e-02 3.041521806256178295e-02 3.560857912979102646e-02 3.630304026087279035e-02
-2.784350801207642612e-02 -2.716577615113591193e-02 -2.333732223446930570e-02 -2.247121632599620791e-02 -2.120603862337903933e-02 -2.065766225018648983e-02 -1.919618132424176157e-02 -1.769914766863027109e-02 -1.386290407306454801e-02 -1.101275386157601205e-02 -9.231060694620464580e-03 -6.625989495978294556e-03 -3.522700002448450867e-03 -2.290459351210748316e-03 -7.648433346903514649e-04 7.648433346903778110e-04 2.290459351210760025e-03 3.522700002448448699e-03 6.625989495978254658e-03 9.231060694620362231e-03 1.101275386157603287e-02 1.386290407306443699e-02 1.769914766863027455e-02 1.919618132424194892e-02 2.065766225018647942e-02 2.120603862337902198e-02 2.247121632599615934e-02 2.333732223446929877e-02 2.716577615113591193e-02 2.784350801207634979e-02
-1.896442919484845127e-02 -1.843900071776633648e-02 -1.593732974597808147e-02 -1.536230379704844017e-02 -1.429762783234279563e-02 -1.424822284928423978e-02 -1.304619465254622419e-02 -1.192881359584582399e-02 -9.461688143248079413e-03 -7.540022131308719497e-03 -6.327983821191583182e-03 -4.660414950535614505e-03 -2.350980935966337764e-03 -1.579942578234475687e-03 -7.166169687013607690e-04 7.166169687013484091e-04 1.579942578234466580e-03 2.350980935966336463e-03 4.660414950535645730e-03 6.327983821191601396e-03 7.540022131308716027e-03 9.461688143248062066e-03 1.192881359584571123e-02 1.304619465254615654e-02 1.424822284928425192e-02 1.429762783234275574e-02 1.536230379704845057e-02 1.593732974597813351e-02 1.843900071776636770e-02 1.896442919484843739e-02
-9.675941878354802489e-03 -9.396935286973421078e-03 -8.173607774437388618e-03 -7.874729946173513254e-03 -7.374754991829928809e-03 -7.227165287972008891e-03 -6.651128742006540487e-03 -6.021961188853909228e-03 -4.836353870853014533e-03 -3.878662077676670386e-03 -3.241394995769893931e-03 -2.448251972811831337e-03 -1.209873645046429880e-03 -7.845135421141446195e-04 -4.619576088606537709e-04 4.619576088606622819e-04 7.845135421141418005e-04 1.209873645046430747e-03 2.448251972811841745e-03 3.241394995769919084e-03 3.878662077676698575e-03 4.836353870853013666e-03 6.021961188853879737e-03 6.651128742006556099e-03 7.227165287972044452e-03 7.374754991829903655e-03 7.874729946173511519e-03 8.173607774437442394e-03 9.396935286973356893e-03 9.675941878354802489e-03
-8.421709608511774182e-08 -8.189678656918994106e-08 -7.169960731013992640e-08 -6.892443426114891492e-08 -6.519650601701807587e-08 -6.242838968994321261e-08 -5.793555261718898826e-08 -5.188875054846075057e-08 -4.217060709333428056e-08 -3.410357709629727625e-08 -2.836933453203314151e-08 -2.181108153758762013e-08 -1.088331111707091059e-08 -6.547170406343076090e-09 -4.697692219788692682e-09 4.697692219788617409e-09 6.547170406343014051e-09 1.088331111707093375e-08 2.181108153758775248e-08 2.836933453203314812e-08 3.410357709629728286e-08 4.217060709333469746e-08 5.188875054846067116e-08 5.793555261718883606e-08 6.242838968994353025e-08 6.519650601701807587e-08 6.892443426114853111e-08 7.169960731013971465e-08 8.189678656918967636e-08 8.421709608511798004e-08
