-1.524899744603084861e-01 -1.488150489350815175e-01 -1.386861427704328131e-01 -1.320734144540575417e-01 -1.298346801574188358e-01 -1.214948289531931208e-01 -1.116045272263017363e-01 -1.029054072576017081e-01 -9.471555768000876341e-02 -8.957776882812502894e-02 -8.659569700541226711e-02 -7.971530507110569097e-02 -7.228832645912695865e-02 -5.882520784729365626e-02 -5.455195350020370509e-02 5.455195350020373979e-02 5.882520784729375340e-02 7.228832645912702803e-02 7.971530507110510810e-02 8.659569700541125403e-02 8.957776882812527874e-02 9.471555768000890219e-02 1.029054072576018886e-01 1.116045272263016946e-01 1.214948289531921771e-01 1.298346801574182807e-01 1.320734144540576249e-01 1.386861427704328131e-01 1.488150489350811012e-01 1.524899744603076535e-01
-1.511065642753830207e-01 -1.473876213734394147e-01 -1.377224057949242852e-01 -1.304963984809071331e-01 -1.274865800152173989e-01 -1.197118774317070256e-01 -1.102584268589265754e-01 -1.008480472474504314e-01 -9.287241413000120460e-02 -8.809167795644279320e-02 -8.519693204204369097e-02 -7.791820628992797426e-02 -7.040496292903831999e-02 -5.641838348702440942e-02 -5.181492088220040343e-02 5.181492088219984832e-02 5.641838348702458289e-02 7.040496292903747344e-02 7.791820628992857101e-02 8.519693204204352444e-02 8.809167795644212706e-02 9.287241413000157930e-02 1.008480472474502510e-01 1.102584268589263811e-01 1.197118774317062623e-01 1.274865800152174544e-01 1.304963984809074662e-01 1.377224057949235081e-01 1.473876213734401086e-01 1.511065642753828264e-01
-1.495937204925893993e-01 -1.459408862544443741e-01 -1.368894032338251743e-01 -1.290927536098360195e-01 -1.250589754922016017e-01 -1.179131347300084592e-01 -1.089492854419901180e-01 -9.877748834982322257e-02 -9.102272057922411452e-02 -8.667213277410941441e-02 -8.387697956037122593e-02 -7.610415261330175096e-02 -6.859280328617232969e-02 -5.402384764031316344e-02 -4.912072619016020353e-02 4.912072619016038394e-02 5.402384764031278874e-02 6.859280328617277378e-02 7.610415261330100156e-02 8.387697956037129532e-02 8.667213277410984462e-02 9.102272057922418391e-02 9.877748834982295889e-02 1.089492854419899098e-01 1.179131347300087784e-01 1.250589754922014352e-01 1.290927536098362138e-01 1.368894032338256739e-01 1.459408862544448460e-01 1.495937204925880948e-01
-1.478180059104902133e-01 -1.444845248862805520e-01 -1.361808183624545199e-01 -1.278589345489044016e-01 -1.225748093241818826e-01 -1.161004888317382910e-01 -1.076710582452599513e-01 -9.670792823562256169e-02 -8.917111621849921343e-02 -8.532653279161817039e-02 -8.263489880955685041e-02 -7.426901950131309382e-02 -6.685766271171686426e-02 -5.164156928683167475e-02 -4.647311200451696711e-02 4.647311200451784141e-02 5.164156928683166781e-02 6.685766271171685038e-02 7.426901950131298280e-02 8.263489880955718347e-02 8.532653279161825366e-02 8.917111621849992120e-02 9.670792823562292251e-02 1.076710582452601178e-01 1.161004888317397066e-01 1.225748093241821046e-01 1.278589345489051787e-01 1.361808183624544644e-01 1.444845248862810794e-01 1.478180059104910182e-01
-1.456827997785334339e-01 -1.430268558498801190e-01 -1.355873599025698428e-01 -1.267902475761585879e-01 -1.200531219369044139e-01 -1.142823644209450401e-01 -1.064137264463066723e-01 -9.465312166786683801e-02 -8.732476280794125578e-02 -8.406203312104744418e-02 -8.146376039849351214e-02 -7.241127713266089228e-02 -6.520498564024711230e-02 -4.927204803716161291e-02 -4.387537268328008805e-02 4.387537268327997703e-02 4.927204803716205006e-02 6.520498564024712618e-02 7.241127713266018451e-02 8.146376039849324846e-02 8.406203312104736092e-02 8.732476280794167212e-02 9.465312166786701842e-02 1.064137264463070748e-01 1.142823644209462058e-01 1.200531219369044694e-01 1.267902475761584213e-01 1.355873599025694543e-01 1.430268558498798970e-01 1.456827997785340167e-01
-1.432319576826421026e-01 -1.415693261649985379e-01 -1.350939614809560929e-01 -1.258791269399282819e-01 -1.175140446068256572e-01 -1.124719699472548212e-01 -1.051621386681103887e-01 -9.262579739609717866e-02 -8.549885788160903333e-02 -8.287888151795980152e-02 -8.035160442274422166e-02 -7.053200400051355679e-02 -6.363992077875017805e-02 -4.691641845589131915e-02 -4.133028908670135365e-02 4.133028908670145773e-02 4.691641845589143017e-02 6.363992077875123277e-02 7.053200400051409802e-02 8.035160442274423553e-02 8.287888151795948233e-02 8.549885788160874189e-02 9.262579739609737295e-02 1.051621386681104997e-01 1.124719699472539886e-01 1.175140446068259209e-01 1.258791269399288371e-01 1.350939614809567313e-01 1.415693261649988155e-01 1.432319576826413809e-01
-1.406866649086361831e-01 -1.400217345406653546e-01 -1.346717015594928735e-01 -1.251142813536215703e-01 -1.149875125086687599e-01 -1.106797932354963016e-01 -1.038956154264016607e-01 -9.063717660889064609e-02 -8.373652010609325402e-02 -8.174749404210021608e-02 -7.928431934941129744e-02 -6.863478054145848162e-02 -6.216744015147363661e-02 -4.457652327820001842e-02 -3.884006064542721431e-02 3.884006064542744330e-02 4.457652327820028210e-02 6.216744015147317864e-02 6.863478054145831508e-02 7.928431934941133907e-02 8.174749404210016057e-02 8.373652010609268503e-02 9.063717660889074323e-02 1.038956154264015080e-01 1.106797932354962460e-01 1.149875125086685240e-01 1.251142813536207654e-01 1.346717015594917355e-01 1.400217345406653546e-01 1.406866649086368493e-01
-1.389310027498072697e-01 -1.376446604887605896e-01 -1.342475242982386352e-01 -1.244800933828540401e-01 -1.125313835633819926e-01 -1.088932562531598203e-01 -1.025899496787343462e-01 -8.869660962666975346e-02 -8.217069470536056408e-02 -8.054311608172995407e-02 -7.824875047018849117e-02 -6.672563316754857865e-02 -6.079248080790324721e-02 -4.225495499123876203e-02 -3.640624322899679854e-02 3.640624322899660426e-02 4.225495499123897714e-02 6.079248080790330966e-02 6.672563316754859253e-02 7.824875047018786667e-02 8.054311608172939896e-02 8.217069470536027265e-02 8.869660962666983672e-02 1.025899496787348736e-01 1.088932562531603060e-01 1.125313835633831444e-01 1.244800933828535405e-01 1.342475242982382466e-01 1.376446604887605063e-01 1.389310027498074640e-01
-1.375627426807100318e-01 -1.351330901587710354e-01 -1.335007205966504407e-01 -1.239547112166624193e-01 -1.102652938686146389e-01 -1.070360962533792593e-01 -1.012236067910048665e-01 -8.681142601816857485e-02 -8.101115634529550136e-02 -7.906184174969894951e-02 -7.722902809300692673e-02 -6.481308499030467851e-02 -5.952006761008635932e-02 -3.995506982023910164e-02 -3.402970273995815920e-02 3.402970273995858247e-02 3.995506982023930981e-02 5.952006761008637320e-02 6.481308499030383197e-02 7.722902809300634386e-02 7.906184174969950462e-02 8.101115634529637566e-02 8.681142601816889404e-02 1.012236067910049914e-01 1.070360962533803417e-01 1.102652938686155271e-01 1.239547112166624332e-01 1.335007205966503296e-01 1.351330901587714517e-01 1.375627426807096432e-01
-1.361223906707085540e-01 -1.336434903066956170e-01 -1.314139248008965588e-01 -1.235037929830680586e-01 -1.083686004777981993e-01 -1.049604524580323439e-01 -9.978719963854501551e-02 -8.498731841868584214e-02 -8.021186213424334743e-02 -7.738926375341907693e-02 -7.616930946008601544e-02 -6.290828079945776086e-02 -5.835534262402074929e-02 -3.768098259658216043e-02 -3.171059466377491864e-02 3.171059466377428721e-02 3.768098259658208410e-02 5.835534262402055500e-02 6.290828079945859352e-02 7.616930946008561298e-02 7.738926375341868835e-02 8.021186213424298661e-02 8.498731841868592540e-02 9.978719963854458530e-02 1.049604524580324966e-01 1.083686004777977968e-01 1.235037929830674619e-01 1.314139248008959204e-01 1.336434903066948121e-01 1.361223906707083875e-01
-1.345711486350824881e-01 -1.320851278742951052e-01 -1.287194711730354213e-01 -1.230595572586637571e-01 -1.069211785222835970e-01 -1.025991277902611742e-01 -9.829017239707248110e-02 -8.323028734189544253e-02 -7.960300401119597968e-02 -7.592484267855532931e-02 -7.481454802215485589e-02 -6.102518159468057340e-02 -5.730334366897631149e-02 -3.543755578631724301e-02 -2.944837784734508079e-02 2.944837784734495242e-02 3.543755578631716668e-02 5.730334366897641557e-02 6.102518159468021952e-02 7.481454802215459221e-02 7.592484267855523217e-02 7.960300401119578539e-02 8.323028734189510947e-02 9.829017239707235620e-02 1.025991277902622983e-01 1.069211785222836109e-01 1.230595572586636044e-01 1.287194711730353658e-01 1.320851278742950219e-01 1.345711486350826824e-01
-1.333155746331157465e-01 -1.299171238018920205e-01 -1.261586263075581693e-01 -1.224396864540283070e-01 -1.058334360688804043e-01 -1.000382234265186771e-01 -9.675822760689314905e-02 -8.155441803659932432e-02 -7.908122571346659635e-02 -7.489613520035763583e-02 -7.299748883319055748e-02 -5.918116156112804283e-02 -5.636804513885997070e-02 -3.323040147571921371e-02 -2.724186562983453921e-02 2.724186562983459126e-02 3.323040147571885983e-02 5.636804513886017193e-02 5.918116156112821630e-02 7.299748883318998849e-02 7.489613520035749705e-02 7.908122571346680452e-02 8.155441803659849165e-02 9.675822760689278823e-02 1.000382234265176778e-01 1.058334360688803072e-01 1.224396864540279878e-01 1.261586263075573366e-01 1.299171238018919650e-01 1.333155746331154967e-01
-1.322186925018816461e-01 -1.276767921407035433e-01 -1.242293187764941659e-01 -1.211462229897541099e-01 -1.049946952943863754e-01 -9.738258977573963082e-02 -9.522002208933168232e-02 -8.002062713309651687e-02 -7.853088256908544174e-02 -7.404936655183046168e-02 -7.098747917564822429e-02 -5.740034937164754242e-02 -5.554820315026032934e-02 -3.106592044980786144e-02 -2.508930917209750353e-02 2.508930917209756944e-02 3.106592044980780246e-02 5.554820315026018362e-02 5.740034937164783385e-02 7.098747917564818266e-02 7.404936655183097516e-02 7.853088256908534459e-02 8.002062713309598951e-02 9.522002208933122436e-02 9.738258977573915898e-02 1.049946952943865142e-01 1.211462229897540127e-01 1.242293187764942769e-01 1.276767921407032380e-01 1.322186925018817294e-01
-1.311472182176919854e-01 -1.258057624151263931e-01 -1.229882688172601324e-01 -1.189385368884953997e-01 -1.043319056165295383e-01 -9.475035941959376873e-02 -9.365505829621882661e-02 -7.888437062406472577e-02 -7.765014763092231709e-02 -7.326910789132620727e-02 -6.889674080714179583e-02 -5.574305288736425973e-02 -5.480658086720496813e-02 -2.895140410378699986e-02 -2.298849877099613109e-02 2.298849877099588129e-02 2.895140410378690965e-02 5.480658086720521793e-02 5.574305288736402381e-02 6.889674080714121296e-02 7.326910789132611013e-02 7.765014763092208117e-02 7.888437062406446210e-02 9.365505829621985356e-02 9.475035941959450425e-02 1.043319056165295383e-01 1.189385368884950667e-01 1.229882688172603683e-01 1.258057624151261711e-01 1.311472182176927070e-01
-1.299463350498639980e-01 -1.246255279845217973e-01 -1.216262014271948938e-01 -1.163742994823200178e-01 -1.037988486255764509e-01 -9.267871541527412937e-02 -9.160060995944373230e-02 -7.822960455378680233e-02 -7.631116667407265852e-02 -7.250663341794066907e-02 -6.675846903313760461e-02 -5.459377936647641372e-02 -5.377995577008851807e-02 -2.689521563765103970e-02 -2.093686492312440278e-02 2.093686492312428135e-02 2.689521563765084541e-02 5.377995577008813644e-02 5.459377936647583085e-02 6.675846903313760461e-02 7.250663341794010008e-02 7.631116667407272791e-02 7.822960455378616396e-02 9.160060995944270534e-02 9.267871541527336610e-02 1.037988486255756876e-01 1.163742994823201149e-01 1.216262014271952130e-01 1.246255279845217695e-01 1.299463350498638869e-01
-1.283484857235122900e-01 -1.238663129127356988e-01 -1.200657304575410145e-01 -1.137583666723252784e-01 -1.033652388590058369e-01 -9.132293021596338267e-02 -8.896627413752854208e-02 -7.767074476175697684e-02 -7.486030634304086107e-02 -7.171380364850046818e-02 -6.459276104131407570e-02 -5.410174254825544232e-02 -5.233588413355506203e-02 -2.490703733081910121e-02 -1.893157071364378122e-02 1.893157071364420449e-02 2.490703733081894161e-02 5.233588413355463875e-02 5.410174254825537987e-02 6.459276104131436713e-02 7.171380364849981592e-02 7.486030634304144393e-02 7.767074476175644948e-02 8.896627413752798696e-02 9.132293021596288307e-02 1.033652388590058369e-01 1.137583666723263193e-01 1.200657304575405565e-01 1.238663129127357265e-01 1.283484857235130672e-01
-1.264642237622347343e-01 -1.228531962520457016e-01 -1.186066521093737808e-01 -1.111826742494117365e-01 -1.030114031646309908e-01 -9.021626696793329236e-02 -8.628249094955961485e-02 -7.703258177952246322e-02 -7.344399143504738714e-02 -7.082792478184517238e-02 -6.241980106683459040e-02 -5.383300625902931458e-02 -5.091682890504670156e-02 -2.299811503316877281e-02 -1.696961763945004087e-02 1.696961763945025597e-02 2.299811503316868261e-02 5.091682890504627135e-02 5.383300625902908559e-02 6.241980106683449325e-02 7.082792478184558871e-02 7.344399143504766470e-02 7.703258177952262975e-02 8.628249094956046139e-02 9.021626696793316746e-02 1.030114031646306438e-01 1.111826742494114867e-01 1.186066521093741000e-01 1.228531962520463677e-01 1.264642237622342347e-01
-1.251453537684558137e-01 -1.209034468157641623e-01 -1.173577566111899256e-01 -1.086886450219974737e-01 -1.027215011607175155e-01 -8.930911335188677913e-02 -8.366939643882960465e-02 -7.623174087618117545e-02 -7.212267176656068923e-02 -6.977648681872487824e-02 -6.026413297897641186e-02 -5.371619154469305102e-02 -4.958924890574422512e-02 -2.118135993431504230e-02 -1.504803199757426616e-02 1.504803199757395737e-02 2.118135993431502495e-02 4.958924890574402389e-02 5.371619154469348817e-02 6.026413297897599552e-02 6.977648681872476721e-02 7.212267176655973167e-02 7.623174087618075911e-02 8.366939643882950750e-02 8.930911335188619626e-02 1.027215011607167938e-01 1.086886450219970990e-01 1.173577566111910081e-01 1.209034468157633019e-01 1.251453537684558137e-01
-1.244622889662801435e-01 -1.184574059337330093e-01 -1.161271509229366006e-01 -1.063300120519588277e-01 -1.024547610536498538e-01 -8.859819072218963476e-02 -8.121920950380459581e-02 -7.519272192980540337e-02 -7.091325031779098509e-02 -6.851864203180600688e-02 -5.815800342942556433e-02 -5.372719855937967831e-02 -4.835105679953657226e-02 -1.947112127573727772e-02 -1.316422594936283996e-02 1.316422594936283476e-02 1.947112127573762466e-02 4.835105679953640573e-02 5.372719855937958811e-02 5.815800342942527290e-02 6.851864203180615953e-02 7.091325031779149857e-02 7.519272192980586134e-02 8.121920950380515092e-02 8.859819072218971803e-02 1.024547610536496456e-01 1.063300120519583281e-01 1.161271509229369753e-01 1.184574059337331065e-01 1.244622889662801435e-01
-1.239929607400499512e-01 -1.169834719375398568e-01 -1.140307591564330703e-01 -1.043414203347538954e-01 -1.019764728342028304e-01 -8.807168261186049119e-02 -7.905540830037449673e-02 -7.383417819224590006e-02 -6.977322209807526598e-02 -6.708363778842417469e-02 -5.615031043744195954e-02 -5.382856914266281878e-02 -4.717595921226377248e-02 -1.788248630518267032e-02 -1.131658090625626938e-02 1.131658090625637519e-02 1.788248630518265297e-02 4.717595921226412636e-02 5.382856914266318654e-02 5.615031043744243139e-02 6.708363778842439673e-02 6.977322209807557130e-02 7.383417819224603884e-02 7.905540830037427469e-02 8.807168261186106017e-02 1.019764728342025528e-01 1.043414203347544783e-01 1.140307591564328898e-01 1.169834719375395654e-01 1.239929607400503536e-01
-1.235605767980002268e-01 -1.165604022996973577e-01 -1.112403504197748555e-01 -1.034483658587348059e-01 -1.005348533575016329e-01 -8.770195602017719083e-02 -7.728487421526480938e-02 -7.212286851519497666e-02 -6.865402267370716849e-02 -6.553183300805751066e-02 -5.447836397798170444e-02 -5.378421371689914854e-02 -4.601581115510561260e-02 -1.643013521763702495e-02 -9.505148693168692306e-03 9.505148693168716592e-03 1.643013521763704576e-02 4.601581115510514769e-02 5.378421371689894731e-02 5.447836397798129504e-02 6.553183300805766331e-02 6.865402267370722400e-02 7.212286851519482400e-02 7.728487421526472612e-02 8.770195602017610836e-02 1.005348533575018133e-01 1.034483658587347227e-01 1.112403504197750359e-01 1.165604022996971356e-01 1.235605767980003100e-01
-1.230904558978824920e-01 -1.165367153104564096e-01 -1.085203744313757712e-01 -1.033711087351181224e-01 -9.833535134761695051e-02 -8.744341757941685722e-02 -7.589706217100118668e-02 -7.017542925748861127e-02 -6.756374738560605442e-02 -6.390498665703954473e-02 -5.431923393771913994e-02 -5.238681741979075990e-02 -4.480555409918342974e-02 -1.512701870838346375e-02 -7.732173738645395020e-03 7.732173738645407163e-03 1.512701870838342212e-02 4.480555409918327708e-02 5.238681741979053091e-02 5.431923393771936198e-02 6.390498665703897574e-02 6.756374738560555482e-02 7.017542925748843086e-02 7.589706217100114505e-02 8.744341757941634374e-02 9.833535134761688112e-02 1.033711087351174701e-01 1.085203744313751606e-01 1.165367153104573533e-01 1.230904558978826446e-01
-1.225463702461969812e-01 -1.166514356400040336e-01 -1.062560291723723127e-01 -1.033887652424819309e-01 -9.590250022904522886e-02 -8.722627561202876689e-02 -7.479011368379509528e-02 -6.823401398000947249e-02 -6.658803132541486758e-02 -6.221501701851994692e-02 -5.435737190673511909e-02 -5.085214839819120897e-02 -4.348155372330408247e-02 -1.398327166326422157e-02 -6.002077382688955805e-03 6.002077382689141420e-03 1.398327166326434126e-02 4.348155372330324980e-02 5.085214839819168081e-02 5.435737190673461255e-02 6.221501701851944038e-02 6.658803132541506187e-02 6.823401398000968066e-02 7.479011368379528957e-02 8.722627561202868363e-02 9.590250022904513172e-02 1.033887652424822085e-01 1.062560291723722988e-01 1.166514356400037977e-01 1.225463702461969534e-01
-1.219882802673609434e-01 -1.166199645319914713e-01 -1.051286822741068633e-01 -1.027454734190993563e-01 -9.339526288633180628e-02 -8.693008386984300839e-02 -7.386852040180881540e-02 -6.655870595636526055e-02 -6.588122344082177062e-02 -6.045960415102537983e-02 -5.413759861768350362e-02 -4.943035831442337685e-02 -4.200963087304145777e-02 -1.300570927083559945e-02 -4.320749197803759080e-03 4.320749197803493667e-03 1.300570927083514669e-02 4.200963087304097898e-02 4.943035831442358502e-02 5.413759861768285830e-02 6.045960415102546309e-02 6.588122344082203430e-02 6.655870595636555198e-02 7.386852040180884316e-02 8.693008386984266145e-02 9.339526288633295814e-02 1.027454734190995228e-01 1.051286822741064747e-01 1.166199645319912215e-01 1.219882802673612626e-01
-1.215574963689324689e-01 -1.160712849568798360e-01 -1.050638576924456669e-01 -1.013963369961717043e-01 -9.107172218392538265e-02 -8.629033248329358308e-02 -7.306513342376255715e-02 -6.561334865494647395e-02 -6.534561404747182833e-02 -5.868547047410972717e-02 -5.347500925961924667e-02 -4.802135228426773067e-02 -4.039813944673734808e-02 -1.219804143795864652e-02 -2.694411521672433838e-03 2.694411521672772109e-03 1.219804143795879398e-02 4.039813944673780605e-02 4.802135228426789720e-02 5.347500925961992668e-02 5.868547047410980350e-02 6.534561404747118996e-02 6.561334865494594659e-02 7.306513342376272369e-02 8.629033248329358308e-02 9.107172218392547980e-02 1.013963369961712463e-01 1.050638576924451395e-01 1.160712849568802663e-01 1.215574963689318305e-01
-1.200973816741876671e-01 -1.150185967154817163e-01 -1.049830289372505054e-01 -1.001383814042908632e-01 -8.945065584015907123e-02 -8.482111221212811081e-02 -7.232576144251991190e-02 -6.586377090627260067e-02 -6.466891363470224363e-02 -5.707069331387432110e-02 -5.225187363962262299e-02 -4.647861548323307945e-02 -3.868272708530989812e-02 -1.156177141494589035e-02 -1.128770456206301112e-03 1.128770456206060636e-03 1.156177141494569606e-02 3.868272708530964138e-02 4.647861548323244801e-02 5.225187363962206788e-02 5.707069331387403660e-02 6.466891363470222975e-02 6.586377090627246189e-02 7.232576144251975925e-02 8.482111221212869367e-02 8.945065584015891857e-02 1.001383814042910853e-01 1.049830289372502140e-01 1.150185967154815220e-01 1.200973816741876948e-01
-1.171505093711686374e-01 -1.141065491571068152e-01 -1.042783775878953628e-01 -9.912340817286256767e-02 -8.864316460709181777e-02 -8.249114790709820288e-02 -7.159745307214179788e-02 -6.658457347659518799e-02 -6.448474767504927541e-02 -5.585426679835793495e-02 -5.046666900046197640e-02 -4.468333673961980695e-02 -3.690319932479155934e-02 -1.109769736553545966e-02 -3.705489506616808362e-04 3.705489506619731913e-04 1.109769736553529833e-02 3.690319932479160098e-02 4.468333673962027186e-02 5.046666900046169885e-02 5.585426679835815006e-02 6.448474767504998317e-02 6.658457347659525738e-02 7.159745307214128440e-02 8.249114790709814737e-02 8.864316460709176226e-02 9.912340817286240113e-02 1.042783775878955849e-01 1.141065491571065932e-01 1.171505093711679296e-01
-1.142079885648671078e-01 -1.135828616354063181e-01 -1.026730926362567908e-01 -9.828202796174581590e-02 -8.819798023818001265e-02 -7.988375977322928478e-02 -7.084016306231620541e-02 -6.764433551441907666e-02 -6.468037497044787365e-02 -5.513464048527846190e-02 -4.826999427536526194e-02 -4.259674573121718238e-02 -3.509147158277082373e-02 -1.080789964030732034e-02 -1.795334007588713938e-03 1.795334007588898686e-03 1.080789964030738626e-02 3.509147158277113598e-02 4.259674573121773750e-02 4.826999427536542847e-02 5.513464048527902395e-02 6.468037497044770712e-02 6.764433551441940973e-02 7.084016306231651072e-02 7.988375977322909050e-02 8.819798023818070654e-02 9.828202796174513589e-02 1.026730926362564716e-01 1.135828616354055270e-01 1.142079885648667609e-01
-1.144737131069460540e-01 -1.105358464919858341e-01 -1.004327490500903780e-01 -9.742091163975417911e-02 -8.785605929169518213e-02 -7.744677677738545651e-02 -7.023105830931765381e-02 -6.875641255558849474e-02 -6.502324910182528950e-02 -5.487219418714691516e-02 -4.586364021121854678e-02 -4.026313613309780853e-02 -3.326832539516891979e-02 -1.069777347720987128e-02 -3.129590711628759195e-03 3.129590711628761797e-03 1.069777347720981230e-02 3.326832539516904469e-02 4.026313613309790568e-02 4.586364021121838025e-02 5.487219418714732455e-02 6.502324910182519235e-02 6.875641255558868903e-02 7.023105830931782034e-02 7.744677677738501242e-02 8.785605929169504336e-02 9.742091163975476198e-02 1.004327490500906694e-01 1.105358464919862921e-01 1.144737131069460540e-01
-1.153625239405199482e-01 -1.074810666295502870e-01 -9.827066661488809141e-02 -9.602570753044326057e-02 -8.751976404732433878e-02 -7.546194013327811589e-02 -7.098674798963587607e-02 -6.898733881893459596e-02 -6.490553296342456424e-02 -5.499300611907064623e-02 -4.339902113428547453e-02 -3.778242848623403205e-02 -3.143880008536505122e-02 -1.077641565875274259e-02 -4.343366417632649364e-03 4.343366417632526198e-03 1.077641565875276514e-02 3.143880008536509979e-02 3.778242848623372674e-02 4.339902113428559249e-02 5.499300611907060460e-02 6.490553296342459200e-02 6.898733881893465147e-02 7.098674798963623689e-02 7.546194013327831018e-02 8.751976404732383918e-02 9.602570753044302465e-02 9.827066661488838284e-02 1.074810666295502176e-01 1.153625239405192821e-01
-1.163613216957397056e-01 -1.049042770397098229e-01 -9.671837907432066783e-02 -9.362978784654904518e-02 -8.710750335227471219e-02 -7.401153308711165557e-02 -7.256827156796805123e-02 -6.947914511219226152e-02 -6.357830608391150384e-02 -5.539918082878839828e-02 -4.098041082537177277e-02 -3.529819549408625551e-02 -2.957728799942216380e-02 -1.105070040491653270e-02 -5.390763147877847793e-03 5.390763147877813966e-03 1.105070040491606086e-02 2.957728799942233727e-02 3.529819549408643592e-02 4.098041082537178664e-02 5.539918082878841910e-02 6.357830608391164262e-02 6.947914511219242806e-02 7.256827156796782918e-02 7.401153308711162782e-02 8.710750335227469832e-02 9.362978784654907294e-02 9.671837907432057069e-02 1.049042770397099478e-01 1.163613216957391089e-01
-1.167812807606795206e-01 -1.030870866015327347e-01 -9.518690094158306636e-02 -9.090973451462215638e-02 -8.645858794907861078e-02 -7.433955638733670546e-02 -7.290523219949167355e-02 -7.059869144272799824e-02 -6.152768359647785290e-02 -5.586988433728895531e-02 -3.869191127663014484e-02 -3.301212808266286436e-02 -2.760354496434057683e-02 -1.150702778327081753e-02 -6.219400179011195552e-03 6.219400179011532956e-03 1.150702778327136570e-02 2.760354496434072602e-02 3.301212808266314191e-02 3.869191127663072771e-02 5.586988433728946185e-02 6.152768359647797086e-02 7.059869144272817865e-02 7.290523219949153477e-02 7.433955638733663607e-02 8.645858794907863853e-02 9.090973451462350252e-02 9.518690094158224757e-02 1.030870866015321380e-01 1.167812807606795900e-01
-1.152957982793959973e-01 -1.020549857114933789e-01 -9.363841412887589921e-02 -8.841054844041588978e-02 -8.528081637556117478e-02 -7.609882435850985616e-02 -7.201266601817193913e-02 -7.190700787804420180e-02 -6.004441787986517648e-02 -5.561971026782539657e-02 -3.661433973667576475e-02 -3.116611701014285890e-02 -2.539944452088584159e-02 -1.208919597461339743e-02 -6.785493731935593811e-03 6.785493731935591209e-03 1.208919597461392131e-02 2.539944452088572016e-02 3.116611701014272706e-02 3.661433973667591046e-02 5.561971026782548677e-02 6.004441787986468382e-02 7.190700787804447935e-02 7.201266601817160606e-02 7.609882435850943982e-02 8.528081637556148009e-02 8.841054844041591754e-02 9.363841412887599636e-02 1.020549857114936704e-01 1.152957982793960806e-01
-1.127088849204110760e-01 -1.015758299671790238e-01 -9.259926576048578550e-02 -8.634232526807539276e-02 -8.346489401499371241e-02 -7.781035012601957013e-02 -7.302336593829845957e-02 -7.110053922300837992e-02 -6.030409710524043537e-02 -5.369720012448229995e-02 -3.483170897124433785e-02 -2.991647569062530834e-02 -2.293133907294381615e-02 -1.270464417330907474e-02 -7.047157746778955588e-03 7.047157746779005895e-03 1.270464417330908515e-02 2.293133907294384391e-02 2.991647569062521467e-02 3.483170897124424070e-02 5.369720012448179342e-02 6.030409710524037292e-02 7.110053922300829665e-02 7.302336593829822364e-02 7.781035012601923706e-02 8.346489401499349037e-02 8.634232526807537889e-02 9.259926576048578550e-02 1.015758299671792597e-01 1.127088849204115478e-01
-1.097926012761655107e-01 -1.014333467150663609e-01 -9.231698836848975520e-02 -8.500310962202504983e-02 -8.136575798761533362e-02 -7.936472364826219206e-02 -7.342545416412284143e-02 -7.000393381375737134e-02 -6.149886871454494919e-02 -5.100385068222570289e-02 -3.342748570036490480e-02 -2.925058965163233188e-02 -2.032501993920443617e-02 -1.326344954846344314e-02 -6.933853137970453877e-03 6.933853137970243975e-03 1.326344954846321762e-02 2.032501993920417943e-02 2.925058965163216187e-02 3.342748570036453010e-02 5.100385068222558493e-02 6.149886871454460224e-02 7.000393381375737134e-02 7.342545416412261938e-02 7.936472364826206716e-02 8.136575798761491729e-02 8.500310962202475840e-02 9.231698836848994949e-02 1.014333467150658336e-01 1.097926012761661074e-01
-1.067543072159774231e-01 -1.015102343459894779e-01 -9.266109595349669714e-02 -8.490567302815760220e-02 -8.137251136416856490e-02 -7.863388187146376496e-02 -7.271103992570591978e-02 -6.856582701242541766e-02 -6.297731317112585658e-02 -4.822586003824998191e-02 -3.246787493763400589e-02 -2.904980104961885079e-02 -1.782396188940616258e-02 -1.367267583312127728e-02 -6.337408213300315014e-03 6.337408213300197921e-03 1.367267583312121830e-02 1.782396188940616605e-02 2.904980104961872936e-02 3.246787493763384630e-02 4.822586003825046069e-02 6.297731317112606475e-02 6.856582701242550093e-02 7.271103992570547569e-02 7.863388187146375108e-02 8.137251136416819020e-02 8.490567302815693607e-02 9.266109595349744654e-02 1.015102343459894085e-01 1.067543072159776590e-01
-1.037538335875288070e-01 -1.017185321195844816e-01 -9.346554434229610575e-02 -8.576585906574697715e-02 -8.304280217188604596e-02 -7.651526689663844250e-02 -7.096877004314589010e-02 -6.693982019946742579e-02 -6.430316707967199952e-02 -4.563125920612147446e-02 -3.197353712546788240e-02 -2.913951027663769233e-02 -1.602060581769427366e-02 -1.352605836154056884e-02 -5.153002930294811081e-03 5.153002930294851847e-03 1.352605836154083079e-02 1.602060581769429795e-02 2.913951027663770621e-02 3.197353712546783383e-02 4.563125920612144670e-02 6.430316707967194401e-02 6.693982019946760620e-02 7.096877004314633419e-02 7.651526689663895597e-02 8.304280217188590718e-02 8.576585906574665796e-02 9.346554434229570330e-02 1.017185321195850645e-01 1.037538335875293899e-01
-1.023773868121242853e-01 -1.006535198334790049e-01 -9.453202426832715832e-02 -8.717070117938981177e-02 -8.461109431672600434e-02 -7.498111778451266307e-02 -6.842282334002701416e-02 -6.702856268437568099e-02 -6.356062550049687565e-02 -4.342243692298407287e-02 -3.191705140512261785e-02 -2.929064404551680323e-02 -1.576216231344317042e-02 -1.212114848635912311e-02 -3.345536570186889540e-03 3.345536570186701322e-03 1.212114848635903984e-02 1.576216231344311491e-02 2.929064404551682751e-02 3.191705140512229866e-02 4.342243692298381613e-02 6.356062550049720872e-02 6.702856268437579201e-02 6.842282334002720845e-02 7.498111778451266307e-02 8.461109431672607373e-02 8.717070117938968687e-02 9.453202426832749139e-02 1.006535198334795184e-01 1.023773868121241742e-01
-1.028995856109208989e-01 -9.880496801240727656e-02 -9.519489932554274503e-02 -8.887486523787636872e-02 -8.582695314772680051e-02 -7.401207366387670128e-02 -6.862421580171711166e-02 -6.521185092905219804e-02 -6.128004179597076884e-02 -4.176753349866613174e-02 -3.231172337406593154e-02 -2.919548734231170936e-02 -1.613782692983144543e-02 -1.040654576143856466e-02 -9.900171711187547366e-04 9.900171711187139706e-04 1.040654576143866354e-02 1.613782692983157727e-02 2.919548734231149079e-02 3.231172337406543194e-02 4.176753349866575010e-02 6.128004179597051904e-02 6.521185092905171232e-02 6.862421580171654267e-02 7.401207366387685394e-02 8.582695314772671724e-02 8.887486523787617443e-02 9.519489932554206502e-02 9.880496801240695737e-02 1.028995856109202606e-01
-1.036553461209482468e-01 -9.928877690316527393e-02 -9.465776736619246901e-02 -9.013236331334990858e-02 -8.662174965637166324e-02 -7.338727866677223488e-02 -7.020492312895119935e-02 -6.185420757876472497e-02 -5.894907063186076435e-02 -4.066264305973659593e-02 -3.319756051845980382e-02 -2.866400890255242639e-02 -1.655106327328662377e-02 -8.909662632099409757e-03 -1.752613313193304495e-03 1.752613313193232721e-03 8.909662632099444451e-03 1.655106327328658908e-02 2.866400890255282885e-02 3.319756051845989403e-02 4.066264305973678328e-02 5.894907063186104884e-02 6.185420757876488457e-02 7.020492312895212916e-02 7.338727866677256795e-02 8.662174965637171875e-02 9.013236331334976981e-02 9.465776736619245513e-02 9.928877690316539883e-02 1.036553461209487881e-01
-1.046051241167364892e-01 -1.008726214008306837e-01 -9.554882611286799610e-02 -9.006467288086343614e-02 -8.643868158206635677e-02 -7.298901089468864956e-02 -7.167825226743973488e-02 -5.850649680933830976e-02 -5.686122092838916814e-02 -3.981021494171135822e-02 -3.449693887333626224e-02 -2.792233458293121029e-02 -1.677428675654813600e-02 -7.785924626609199047e-03 -4.642404286934985469e-03 4.642404286934907406e-03 7.785924626608844296e-03 1.677428675654789661e-02 2.792233458293070722e-02 3.449693887333567938e-02 3.981021494171129577e-02 5.686122092838911957e-02 5.850649680933778934e-02 7.167825226743877731e-02 7.298901089468805281e-02 8.643868158206628738e-02 9.006467288086257572e-02 9.554882611286716343e-02 1.008726214008301841e-01 1.046051241167366419e-01
-1.057535542587443866e-01 -1.026147072547527600e-01 -9.765682344985791852e-02 -9.047049290972061786e-02 -8.456621367420372182e-02 -7.309040894944431044e-02 -7.264305755657030073e-02 -5.610744655397544717e-02 -5.443038372541161851e-02 -3.879088084683602472e-02 -3.606451359048878924e-02 -2.740946321939760275e-02 -1.664722312603785989e-02 -8.393326605918911831e-03 -6.191838189688159133e-03 6.191838189688078468e-03 8.393326605918832034e-03 1.664722312603779050e-02 2.740946321939726621e-02 3.606451359048881700e-02 3.879088084683595533e-02 5.443038372541146586e-02 5.610744655397555125e-02 7.264305755657017583e-02 7.309040894944436595e-02 8.456621367420392998e-02 9.047049290972075664e-02 9.765682344985829322e-02 1.026147072547533845e-01 1.057535542587446087e-01
-1.070603780732303362e-01 -1.042958199033027777e-01 -1.000243581010593491e-01 -9.145978911957598767e-02 -8.204833156993340815e-02 -7.405542752962607222e-02 -7.265176177991354567e-02 -5.524966533066101582e-02 -5.123364658064569199e-02 -3.823732350556151988e-02 -3.686018845731257876e-02 -2.739508980631893617e-02 -1.629242771365053272e-02 -1.112624805603507766e-02 -5.766371064968271384e-03 5.766371064968205465e-03 1.112624805603480010e-02 1.629242771365065415e-02 2.739508980631846086e-02 3.686018845731293264e-02 3.823732350556164478e-02 5.123364658064547689e-02 5.524966533066159868e-02 7.265176177991335138e-02 7.405542752962587794e-02 8.204833156993283916e-02 9.145978911957546031e-02 1.000243581010596960e-01 1.042958199033030692e-01 1.070603780732311966e-01
-1.083886750784002345e-01 -1.058526843520085636e-01 -1.023526600019127458e-01 -9.261899069410818586e-02 -7.980375581116237738e-02 -7.460857426590927766e-02 -7.276845401944793956e-02 -5.505017147110129877e-02 -4.813721355821957981e-02 -3.996406615362362025e-02 -3.494129441482264620e-02 -2.779181463602462682e-02 -1.685843606200078740e-02 -1.291338376484937010e-02 -5.432078605776644031e-03 5.432078605776794085e-03 1.291338376484946551e-02 1.685843606200086373e-02 2.779181463602461988e-02 3.494129441482260456e-02 3.996406615362329412e-02 4.813721355821855979e-02 5.505017147110108366e-02 7.276845401944777303e-02 7.460857426590952746e-02 7.980375581116257167e-02 9.261899069410862995e-02 1.023526600019125515e-01 1.058526843520083138e-01 1.083886750783996239e-01
-1.097130930676134541e-01 -1.070652493048896009e-01 -1.044437808284589819e-01 -9.374799788846002735e-02 -7.869321323971362192e-02 -7.453685544750394965e-02 -7.266578040254716153e-02 -5.512027786861151135e-02 -4.554123870644866817e-02 -4.176397620123305926e-02 -3.251482265182267101e-02 -2.823653746540912002e-02 -1.939975870468314476e-02 -1.283107226204308580e-02 -5.305208674728272011e-03 5.305208674728165326e-03 1.283107226204318468e-02 1.939975870468320721e-02 2.823653746540933512e-02 3.251482265182269182e-02 4.176397620123281640e-02 4.554123870644923022e-02 5.512027786861177503e-02 7.266578040254673132e-02 7.453685544750400516e-02 7.869321323971403825e-02 9.374799788845974979e-02 1.044437808284598840e-01 1.070652493048895315e-01 1.097130930676134958e-01
-1.114931562434984813e-01 -1.076397976225292041e-01 -1.058628442726336633e-01 -9.466575122582310264e-02 -7.879510507909021078e-02 -7.501780114093668794e-02 -7.133178741974109671e-02 -5.520125091690419872e-02 -4.460988232141641086e-02 -4.254859949772000355e-02 -3.010011733362152886e-02 -2.813383534855173548e-02 -2.252559442358501030e-02 -1.249119655366045904e-02 -5.275689487631469998e-03 5.275689487631545459e-03 1.249119655366071578e-02 2.252559442358522193e-02 2.813383534855195059e-02 3.010011733362180295e-02 4.254859949772032968e-02 4.460988232141652188e-02 5.520125091690409463e-02 7.133178741974161019e-02 7.501780114093752061e-02 7.879510507909080752e-02 9.466575122582358837e-02 1.058628442726339131e-01 1.076397976225288711e-01 1.114931562434991891e-01
-1.138050413472573852e-01 -1.089359092803980633e-01 -1.054450410195481025e-01 -9.518019921761505797e-02 -7.936589497116627867e-02 -7.624437530534676488e-02 -6.954867339195910936e-02 -5.515149672535545750e-02 -4.578808554215057364e-02 -4.204139967861059840e-02 -2.840734741234585831e-02 -2.744410844162555388e-02 -2.478195204439883823e-02 -1.258326000123665377e-02 -5.182016975043762970e-03 5.182016975043717867e-03 1.258326000123664856e-02 2.478195204439894231e-02 2.744410844162558510e-02 2.840734741234577157e-02 4.204139967861017513e-02 4.578808554215114957e-02 5.515149672535585995e-02 6.954867339195920650e-02 7.624437530534654284e-02 7.936589497116600112e-02 9.518019921761455837e-02 1.054450410195481025e-01 1.089359092803975498e-01 1.138050413472575378e-01
-1.163683058448067714e-01 -1.107900374894022905e-01 -1.041297413763925261e-01 -9.511567281085665793e-02 -8.009037944351378446e-02 -7.790314830893679821e-02 -6.817905669634889698e-02 -5.494308233866204705e-02 -4.688699651948749492e-02 -4.219610461400998686e-02 -2.997066181908647486e-02 -2.688210024615230245e-02 -2.297317621194204865e-02 -1.307560352289206286e-02 -4.945548694957628902e-03 4.945548694957821456e-03 1.307560352289215133e-02 2.297317621194196191e-02 2.688210024615239613e-02 2.997066181908641588e-02 4.219610461401004237e-02 4.688699651948778635e-02 5.494308233866199848e-02 6.817905669634917454e-02 7.790314830893646514e-02 8.009037944351383997e-02 9.511567281085581138e-02 1.041297413763924429e-01 1.107900374894023876e-01 1.163683058448068408e-01
-1.190027625677709255e-01 -1.128619093533190648e-01 -1.027517797850546893e-01 -9.437640844933485595e-02 -8.093269443912178007e-02 -7.981656366075419451e-02 -6.762692029951902772e-02 -5.464253010529487864e-02 -4.751747954296539622e-02 -4.275494665402313627e-02 -3.329395609067461320e-02 -2.552757283080059336e-02 -2.021538412960153033e-02 -1.348426939016894935e-02 -4.602358078473312020e-03 4.602358078473194926e-03 1.348426939016903088e-02 2.021538412960173850e-02 2.552757283080061071e-02 3.329395609067444667e-02 4.275494665402340688e-02 4.751747954296536847e-02 5.464253010529514232e-02 6.762692029951931916e-02 7.981656366075436104e-02 8.093269443912175232e-02 9.437640844933417594e-02 1.027517797850551057e-01 1.128619093533189954e-01 1.190027625677707313e-01
-1.215736776097110783e-01 -1.151023830253716240e-01 -1.015534351623525178e-01 -9.303049087274511963e-02 -8.240102905602676719e-02 -8.132989085394404238e-02 -6.804118322973547184e-02 -5.439277008443629824e-02 -4.794160164294750809e-02 -4.289916562362241365e-02 -3.665263278971970379e-02 -2.519242338652950483e-02 -1.727556207617780837e-02 -1.316567190458314482e-02 -4.211044921944271519e-03 4.211044921944144884e-03 1.316567190458318298e-02 1.727556207617764877e-02 2.519242338652943891e-02 3.665263278972017563e-02 4.289916562362260793e-02 4.794160164294771626e-02 5.439277008443613864e-02 6.804118322973551347e-02 8.132989085394433382e-02 8.240102905602676719e-02 9.303049087274534168e-02 1.015534351623522957e-01 1.151023830253715408e-01 1.215736776097107869e-01
-1.239669303218431384e-01 -1.174699417401769697e-01 -1.005801402989676546e-01 -9.134844115789765573e-02 -8.462942084496344330e-02 -8.211781146199960413e-02 -6.930861102816569808e-02 -5.441833918326073605e-02 -4.857632704667950302e-02 -4.197439048535273054e-02 -3.992397338446043026e-02 -2.621697510166981493e-02 -1.414535033572197377e-02 -1.205917248970774652e-02 -3.799907316426761900e-03 3.799907316426748023e-03 1.205917248970760774e-02 1.414535033572155223e-02 2.621697510166977677e-02 3.992397338446022209e-02 4.197439048535329953e-02 4.857632704667953771e-02 5.441833918326072911e-02 6.930861102816643360e-02 8.211781146199974291e-02 8.462942084496373474e-02 9.134844115789832186e-02 1.005801402989677240e-01 1.174699417401774554e-01 1.239669303218440127e-01
-1.261930810335115949e-01 -1.199177171466126318e-01 -9.984540722839546634e-02 -8.993994190234094743e-02 -8.674063430827978760e-02 -8.256363206787696585e-02 -7.118522473550313590e-02 -5.499148625960605108e-02 -4.927883848339277562e-02 -4.297910420798126130e-02 -4.011009583828602926e-02 -2.816959980964255442e-02 -1.112789963970032582e-02 -1.055824930110002384e-02 -3.364570038610778958e-03 3.364570038610727350e-03 1.055824930110027191e-02 1.112789963970055827e-02 2.816959980964257523e-02 4.011009583828592517e-02 4.297910420798104619e-02 4.927883848339263684e-02 5.499148625960589148e-02 7.118522473550296936e-02 8.256363206787681319e-02 8.674063430827980148e-02 8.993994190234087804e-02 9.984540722839459204e-02 1.199177171466123404e-01 1.261930810335114284e-01
-1.283784588172827978e-01 -1.223995104983399834e-01 -9.942631487693844028e-02 -9.056483201067695721e-02 -8.738728759845500182e-02 -8.232457295793389751e-02 -7.343852349095654486e-02 -5.617693169594845798e-02 -5.012592949207692050e-02 -4.539095977055562087e-02 -3.777616121121588066e-02 -3.055568981890722721e-02 -1.031550793770242766e-02 -7.371343989165082128e-03 -2.895822435689555333e-03 2.895822435689418290e-03 7.371343989164912125e-03 1.031550793770233398e-02 3.055568981890723415e-02 3.777616121121558229e-02 4.539095977055540576e-02 5.012592949207716336e-02 5.617693169594852043e-02 7.343852349095643384e-02 8.232457295793373098e-02 8.738728759845497407e-02 9.056483201067631883e-02 9.942631487693838477e-02 1.223995104983404691e-01 1.283784588172826036e-01
-1.306184265225845131e-01 -1.248737810182591196e-01 -9.949894193390149133e-02 -9.263003859193362499e-02 -8.746017845659105616e-02 -8.113169554673733963e-02 -7.585995944757996379e-02 -5.774512371627762292e-02 -5.180639172055310354e-02 -4.656749132545461023e-02 -3.551772685394141704e-02 -3.278619188051429961e-02 -1.066620761001694541e-02 -4.220995989258095535e-03 -2.367691693507733772e-03 2.367691693507478767e-03 4.220995989258034820e-03 1.066620761001681704e-02 3.278619188051420247e-02 3.551772685394163215e-02 4.656749132545465880e-02 5.180639172055246516e-02 5.774512371627735230e-02 7.585995944758035237e-02 8.113169554673697881e-02 8.746017845659109780e-02 9.263003859193352785e-02 9.949894193390217134e-02 1.248737810182596747e-01 1.306184265225845409e-01
-1.329457056321430852e-01 -1.273065303977276019e-01 -1.003316811427035632e-01 -9.456567189203458901e-02 -8.801898042310582482e-02 -7.997485580951685380e-02 -7.778433946974637470e-02 -5.945980717708614083e-02 -5.410025140713905362e-02 -4.689947499915279178e-02 -3.630236814075554069e-02 -3.182148987192614381e-02 -1.199252454853722352e-02 -3.269893157368581552e-03 -6.380524251521907516e-04 6.380524251525078808e-04 3.269893157368876889e-03 1.199252454853746638e-02 3.182148987192639361e-02 3.630236814075575580e-02 4.689947499915309015e-02 5.410025140714028874e-02 5.945980717708677921e-02 7.778433946974659674e-02 7.997485580951688156e-02 8.801898042310621340e-02 9.456567189203443635e-02 1.003316811427041322e-01 1.273065303977273521e-01 1.329457056321426967e-01
-1.353362113087131502e-01 -1.296729948737046501e-01 -1.020631492599713419e-01 -9.607060726521551852e-02 -8.892278975936108998e-02 -8.167230602822506125e-02 -7.687741862313277053e-02 -6.119641052898956712e-02 -5.625412109308747244e-02 -4.728072047914005233e-02 -3.841069908451857917e-02 -2.919297653428549327e-02 -1.403160638991479865e-02 -5.112354332697307581e-03 -7.391892461917095019e-04 7.391892461916763253e-04 5.112354332697326663e-03 1.403160638991493396e-02 2.919297653428569450e-02 3.841069908451833631e-02 4.728072047913994130e-02 5.625412109308676467e-02 6.119641052898899813e-02 7.687741862313249297e-02 8.167230602822499186e-02 8.892278975936096508e-02 9.607060726521488014e-02 1.020631492599712725e-01 1.296729948737044280e-01 1.353362113087122898e-01
-1.376350555238701479e-01 -1.319553001586915575e-01 -1.044484199982168293e-01 -9.733521683130225144e-02 -9.016864992513366761e-02 -8.415714387302102029e-02 -7.557926244425529350e-02 -6.284303790933659650e-02 -5.778406969407953037e-02 -4.834123076743558622e-02 -3.991249091255320847e-02 -2.653180934171861169e-02 -1.650262059354364735e-02 -8.307293065336033774e-03 -1.065474438793400768e-03 1.065474438793267628e-03 8.307293065336274901e-03 1.650262059354377919e-02 2.653180934171883373e-02 3.991249091255284764e-02 4.834123076743540581e-02 5.778406969407907934e-02 6.284303790933583322e-02 7.557926244425546003e-02 8.415714387302068722e-02 9.016864992513375088e-02 9.733521683130209878e-02 1.044484199982173012e-01 1.319553001586919183e-01 1.376350555238701201e-01
-1.390438956558965045e-01 -1.341314500581519964e-01 -1.071659274629864073e-01 -9.860972695527876752e-02 -9.185443477976655557e-02 -8.657265982684460293e-02 -7.517440310162469552e-02 -6.411713383559609902e-02 -5.843393987331323841e-02 -5.030973153939301279e-02 -4.055671098906935695e-02 -2.406067888970703575e-02 -1.916472518699826461e-02 -1.181669442809349033e-02 -1.131866634233108775e-03 1.131866634233582572e-03 1.181669442809368288e-02 1.916472518699839298e-02 2.406067888970713983e-02 4.055671098906987737e-02 5.030973153939297809e-02 5.843393987331284289e-02 6.411713383559641821e-02 7.517440310162404327e-02 8.657265982684524130e-02 9.185443477976695803e-02 9.860972695527939202e-02 1.071659274629867542e-01 1.341314500581518299e-01 1.390438956558965322e-01
-1.386511321588468904e-01 -1.361195435677930443e-01 -1.100364351549219522e-01 -9.998847889706889702e-02 -9.402168982060103708e-02 -8.884500546061996351e-02 -7.607107981479387104e-02 -6.474371043605560427e-02 -5.818835989450724805e-02 -5.290262979727076986e-02 -4.061775914687477951e-02 -2.273356836619785937e-02 -2.107717750606860965e-02 -1.534831727901405686e-02 -1.095113120545295089e-03 1.095113120545343011e-03 1.534831727901421125e-02 2.107717750606872067e-02 2.273356836619780039e-02 4.061775914687451583e-02 5.290262979727091558e-02 5.818835989450716478e-02 6.474371043605511855e-02 7.607107981479377390e-02 8.884500546061942228e-02 9.402168982060075952e-02 9.998847889706818926e-02 1.100364351549213554e-01 1.361195435677933496e-01 1.386511321588463630e-01
-1.385730351406859184e-01 -1.367269598566755451e-01 -1.129722769781809771e-01 -1.014737585180874313e-01 -9.657742413962229489e-02 -9.105494963858172530e-02 -7.806179511256075565e-02 -6.488163759281667664e-02 -5.738598916752707391e-02 -5.562666141197177005e-02 -4.042200799059992439e-02 -2.504589587006627455e-02 -2.041340216734179383e-02 -1.816296594132145795e-02 -9.805804007735831503e-04 9.805804007737770056e-04 1.816296594132125672e-02 2.041340216734180771e-02 2.504589587006633353e-02 4.042200799060021582e-02 5.562666141197220027e-02 5.738598916752717799e-02 6.488163759281735665e-02 7.806179511256101933e-02 9.105494963858200286e-02 9.657742413962257244e-02 1.014737585180879170e-01 1.129722769781806996e-01 1.367269598566755173e-01 1.385730351406863625e-01
-1.401284681052026582e-01 -1.352038057740740096e-01 -1.159200124907689006e-01 -1.030355992771702089e-01 -9.937703513716686365e-02 -9.330853072828439176e-02 -8.068035555416643023e-02 -6.489444074758045355e-02 -5.905196848372581964e-02 -5.554390886156677226e-02 -4.017784143249832768e-02 -2.760651460966934492e-02 -2.313983833010945304e-02 -1.764223683732155448e-02 -8.127123110833429443e-04 8.127123110835388596e-04 1.764223683732185285e-02 2.313983833010914426e-02 2.760651460966923737e-02 4.017784143249807788e-02 5.554390886156623103e-02 5.905196848372548657e-02 6.489444074758013437e-02 8.068035555416629145e-02 9.330853072828484973e-02 9.937703513716678039e-02 1.030355992771694595e-01 1.159200124907693030e-01 1.352038057740731769e-01 1.401284681052032410e-01
-1.415533970768161065e-01 -1.334720697241356113e-01 -1.188281057833357746e-01 -1.046352170357802008e-01 -1.023080182389899950e-01 -9.565676420610449981e-02 -8.361223843793433308e-02 -6.523619741521313742e-02 -6.170657342567333753e-02 -5.410412165832891029e-02 -4.008947391173958708e-02 -2.977610516723099704e-02 -2.667807569899744227e-02 -1.687320060577627082e-02 -6.382630124251597757e-04 6.382630124251157571e-04 1.687320060577611816e-02 2.667807569899750125e-02 2.977610516723148276e-02 4.008947391173922625e-02 5.410412165832931275e-02 6.170657342567376774e-02 6.523619741521294313e-02 8.361223843793404165e-02 9.565676420610486064e-02 1.023080182389906195e-01 1.046352170357792294e-01 1.188281057833352888e-01 1.334720697241367215e-01 1.415533970768162453e-01
-1.425631432373645202e-01 -1.318768911725307358e-01 -1.216086482745346031e-01 -1.062592301759028163e-01 -1.052662014171170668e-01 -9.809934883706664110e-02 -8.669708429304466557e-02 -6.692000037746104191e-02 -6.317481793273035939e-02 -5.279808529307267878e-02 -4.046599223698018472e-02 -3.126287930530451814e-02 -3.010950098029711169e-02 -1.674053089006974707e-02 -5.189184940416922617e-04 5.189184940418346175e-04 1.674053089006979911e-02 3.010950098029717761e-02 3.126287930530437242e-02 4.046599223698025410e-02 5.279808529307308124e-02 6.317481793273016510e-02 6.692000037746151375e-02 8.669708429304408270e-02 9.809934883706640518e-02 1.052662014171167476e-01 1.062592301759025942e-01 1.216086482745346864e-01 1.318768911725301252e-01 1.425631432373643537e-01
-1.429845128668529586e-01 -1.307701123715314939e-01 -1.240265339003900902e-01 -1.085381572230206260e-01 -1.075179180289818903e-01 -1.006055033750910543e-01 -8.985125407218021165e-02 -6.979337402226844234e-02 -6.361948219852983644e-02 -5.189149595907063123e-02 -4.151780883424917995e-02 -3.409252692513008165e-02 -3.099023327958217236e-02 -1.732136516771820220e-02 -5.013719161033858805e-04 5.013719161033996499e-04 1.732136516771821261e-02 3.099023327958211685e-02 3.409252692513038696e-02 4.151780883424937424e-02 5.189149595907090184e-02 6.361948219852982256e-02 6.979337402226827580e-02 8.985125407218019777e-02 1.006055033750911515e-01 1.075179180289822928e-01 1.085381572230205705e-01 1.240265339003900347e-01 1.307701123715314384e-01 1.429845128668519871e-01
-1.427364885867832278e-01 -1.308780664068908695e-01 -1.254674655060931676e-01 -1.115524013859290064e-01 -1.088874671528878568e-01 -1.031159943014881702e-01 -9.302321857655466986e-02 -7.297113315523016952e-02 -6.396484405841494636e-02 -5.160760078938807921e-02 -4.294617644311106430e-02 -3.766239424247314754e-02 -3.003155736141654986e-02 -1.854764858475363778e-02 -5.899533931618576111e-04 5.899533931619909679e-04 1.854764858475352329e-02 3.003155736141668516e-02 3.766239424247307122e-02 4.294617644311098104e-02 5.160760078938837064e-02 6.396484405841508514e-02 7.297113315522997523e-02 9.302321857655511395e-02 1.031159943014892666e-01 1.088874671528869686e-01 1.115524013859295338e-01 1.254674655060932231e-01 1.308780664068907029e-01 1.427364885867832001e-01
-1.419273826158173879e-01 -1.324811992728314181e-01 -1.257442574781978961e-01 -1.146191507150701727e-01 -1.100199197171101984e-01 -1.055013038712701162e-01 -9.616893404012584468e-02 -7.621986508882663824e-02 -6.447558871547680315e-02 -5.215987643974920318e-02 -4.419833625340913869e-02 -4.124838977033571524e-02 -2.833566050143358772e-02 -2.026735486731674751e-02 -7.492457427081300773e-04 7.492457427076932523e-04 2.026735486731656016e-02 2.833566050143364323e-02 4.124838977033583320e-02 4.419833625340972155e-02 5.215987643974961951e-02 6.447558871547680315e-02 7.621986508882623579e-02 9.616893404012695490e-02 1.055013038712709766e-01 1.100199197171103094e-01 1.146191507150702699e-01 1.257442574781980626e-01 1.324811992728315013e-01 1.419273826158172769e-01
-1.409451804573395584e-01 -1.344906500323934384e-01 -1.258586927519103893e-01 -1.176809196333653829e-01 -1.111995438617250781e-01 -1.074119691558177020e-01 -9.922557727910510939e-02 -7.947562154516246702e-02 -6.523087391340516572e-02 -5.357512872216831090e-02 -4.501504201784171932e-02 -4.479052383314909014e-02 -2.634923629038724707e-02 -2.220252395213005714e-02 -9.272423122054942015e-04 9.272423122054255715e-04 2.220252395213011265e-02 2.634923629038679951e-02 4.479052383314883340e-02 4.501504201784148340e-02 5.357512872216790845e-02 6.523087391340511021e-02 7.947562154516316091e-02 9.922557727910555347e-02 1.074119691558181322e-01 1.111995438617264798e-01 1.176809196333651469e-01 1.258586927519103615e-01 1.344906500323942988e-01 1.409451804573387257e-01
-1.408294764971429192e-01 -1.355282897329715130e-01 -1.263822012080197399e-01 -1.207119303659857368e-01 -1.129810759546960724e-01 -1.083848801709242915e-01 -1.020397037665858875e-01 -8.270620824700841700e-02 -6.625914583406553038e-02 -5.557854873438856924e-02 -4.836851739889400786e-02 -4.542795288366135303e-02 -2.582941934593862426e-02 -2.266129424419273050e-02 -1.075168404969890565e-03 1.075168404969912032e-03 2.266129424419303234e-02 2.582941934593882202e-02 4.542795288366154038e-02 4.836851739889396623e-02 5.557854873438868026e-02 6.625914583406526670e-02 8.270620824700848639e-02 1.020397037665854156e-01 1.083848801709244719e-01 1.129810759546959892e-01 1.207119303659856535e-01 1.263822012080196289e-01 1.355282897329710967e-01 1.408294764971428359e-01
-1.424659146005176902e-01 -1.347387085136456109e-01 -1.273825492609463039e-01 -1.236649977960074531e-01 -1.153196699789692803e-01 -1.090437736860664641e-01 -1.041075919779697462e-01 -8.588192805746376612e-02 -6.756458100625745145e-02 -5.785225581622648744e-02 -5.188142956881926227e-02 -4.575930057664186201e-02 -2.801949561467485805e-02 -2.043303309230465672e-02 -1.157623452011965820e-03 1.157623452011955628e-03 2.043303309230444856e-02 2.801949561467458397e-02 4.575930057664217426e-02 5.188142956881895695e-02 5.785225581622634172e-02 6.756458100625743757e-02 8.588192805746390490e-02 1.041075919779694825e-01 1.090437736860663809e-01 1.153196699789689472e-01 1.236649977960068841e-01 1.273825492609456933e-01 1.347387085136463047e-01 1.424659146005188004e-01
-1.448931729800818635e-01 -1.333181444377733171e-01 -1.287645354720129975e-01 -1.263509015272833158e-01 -1.178646566744958185e-01 -1.107040324268167703e-01 -1.046239285955385262e-01 -8.895877869412027739e-02 -6.913403968656395282e-02 -6.019677961622355022e-02 -5.535775612315816524e-02 -4.612041377220257171e-02 -3.069622434205676598e-02 -1.777006417333464733e-02 -1.158271221923789021e-03 1.158271221923938207e-03 1.777006417333457794e-02 3.069622434205673822e-02 4.612041377220307825e-02 5.535775612315792238e-02 6.019677961622360574e-02 6.913403968656389731e-02 8.895877869412012473e-02 1.046239285955380960e-01 1.107040324268159653e-01 1.178646566744963875e-01 1.263509015272837599e-01 1.287645354720136637e-01 1.333181444377734282e-01 1.448931729800810586e-01
-1.474974010456036322e-01 -1.326770740694162010e-01 -1.306716916639502346e-01 -1.277826196099562939e-01 -1.204471582669943974e-01 -1.131774591526407275e-01 -1.041213412494861740e-01 -9.184856511392229528e-02 -7.093700509857644998e-02 -6.250820300850153111e-02 -5.878967192318768076e-02 -4.658565120026449818e-02 -3.350723772113792936e-02 -1.506836441086071253e-02 -1.086817716238819460e-03 1.086817716238795825e-03 1.506836441086051130e-02 3.350723772113776977e-02 4.658565120026465778e-02 5.878967192318752116e-02 6.250820300850155886e-02 7.093700509857690795e-02 9.184856511392183731e-02 1.041213412494867985e-01 1.131774591526408941e-01 1.204471582669936341e-01 1.277826196099565159e-01 1.306716916639505399e-01 1.326770740694161455e-01 1.474974010456046036e-01
-1.500856455331228412e-01 -1.339136961668041248e-01 -1.330732032732168391e-01 -1.271604989104136718e-01 -1.229390394386550150e-01 -1.157533037367692447e-01 -1.035904285920689616e-01 -9.434301850836962489e-02 -7.292353012772014031e-02 -6.473912179421015267e-02 -6.216650492319005655e-02 -4.718958288060275813e-02 -3.637547348646572726e-02 -1.248680627097400152e-02 -9.927636311891398224e-04 9.927636311894930555e-04 1.248680627097413856e-02 3.637547348646618522e-02 4.718958288060313283e-02 6.216650492318982063e-02 6.473912179421026369e-02 7.292353012772007093e-02 9.434301850836986081e-02 1.035904285920690032e-01 1.157533037367693557e-01 1.229390394386556951e-01 1.271604989104138939e-01 1.330732032732162284e-01 1.339136961668040970e-01 1.500856455331234518e-01
-1.525375891380552074e-01 -1.364371922418878003e-01 -1.352108418758107555e-01 -1.267749913844773146e-01 -1.247237149962961561e-01 -1.178790139764518963e-01 -1.038015502906911997e-01 -9.600732601993580695e-02 -7.502554917619645714e-02 -6.687714448026030323e-02 -6.546886579366185954e-02 -4.794491072667599052e-02 -3.925909430127891286e-02 -1.022988501211421000e-02 -9.916994362305570684e-04 9.916994362303074850e-04 1.022988501211400877e-02 3.925909430127896144e-02 4.794491072667631665e-02 6.546886579366123504e-02 6.687714448025994241e-02 7.502554917619654040e-02 9.600732601993511306e-02 1.038015502906924487e-01 1.178790139764523681e-01 1.247237149962960728e-01 1.267749913844775089e-01 1.352108418758099784e-01 1.364371922418873284e-01 1.525375891380548743e-01
-1.546877184878796829e-01 -1.392521594426300302e-01 -1.373424607514569240e-01 -1.286467857864346531e-01 -1.254139677935543207e-01 -1.185684106657137887e-01 -1.052267972303299187e-01 -9.654829631928070477e-02 -7.716427459038607828e-02 -6.899403729374944949e-02 -6.859596468241188627e-02 -4.885228214670078034e-02 -4.212415147506470142e-02 -8.626602773123071347e-03 -1.284668134064948907e-03 1.284668134065097876e-03 8.626602773122962059e-03 4.212415147506447938e-02 4.885228214670047503e-02 6.859596468241202505e-02 6.899403729374949112e-02 7.716427459038592562e-02 9.654829631928159295e-02 1.052267972303295857e-01 1.185684106657134140e-01 1.254139677935541541e-01 1.286467857864349029e-01 1.373424607514573681e-01 1.392521594426310017e-01 1.546877184878791833e-01
-1.562371109459027574e-01 -1.420813881062741868e-01 -1.395430301192952527e-01 -1.309959911712179348e-01 -1.272391090807458158e-01 -1.175264448110357879e-01 -1.074992445173305333e-01 -9.647151837434089772e-02 -7.926539013142273882e-02 -7.183510814762811281e-02 -7.075072147259817146e-02 -4.990972704039429997e-02 -4.493290482548174813e-02 -8.071889983882566191e-03 -2.039241186305806950e-03 2.039241186305832104e-03 8.071889983882554048e-03 4.493290482548230325e-02 4.990972704039404323e-02 7.075072147259869881e-02 7.183510814762746055e-02 7.926539013142222534e-02 9.647151837434074506e-02 1.074992445173296035e-01 1.175264448110355658e-01 1.272391090807459546e-01 1.309959911712176017e-01 1.395430301192952804e-01 1.420813881062748252e-01 1.562371109459032292e-01
-1.568059813804278113e-01 -1.448663883365105542e-01 -1.417745634835824442e-01 -1.333163106227446548e-01 -1.297154557445363565e-01 -1.158307844582543294e-01 -1.100598228510218657e-01 -9.642746423665619904e-02 -8.129219530753610534e-02 -7.469667935592141927e-02 -7.253174106098682350e-02 -5.113084783078979123e-02 -4.762547972349868985e-02 -8.736823478148447383e-03 -3.113406307441689280e-03 3.113406307441885738e-03 8.736823478148532385e-03 4.762547972349905762e-02 5.113084783078959000e-02 7.253174106098632390e-02 7.469667935592136376e-02 8.129219530753672984e-02 9.642746423665633781e-02 1.100598228510212134e-01 1.158307844582547874e-01 1.297154557445354406e-01 1.333163106227450989e-01 1.417745634835829438e-01 1.448663883365104710e-01 1.568059813804286995e-01
-1.564285517928195035e-01 -1.475576940343363841e-01 -1.439881112870899094e-01 -1.355226789253666519e-01 -1.323441448096676909e-01 -1.146162637509231808e-01 -1.121062697336968061e-01 -9.677741882838961085e-02 -8.330514720429087194e-02 -7.723337899925525329e-02 -7.409953562781711189e-02 -5.259106824436637906e-02 -5.007353597155862063e-02 -1.043013218710479514e-02 -4.201149276362156626e-03 4.201149276362264179e-03 1.043013218710466677e-02 5.007353597155882186e-02 5.259106824436675376e-02 7.409953562781729230e-02 7.723337899925560024e-02 8.330514720429060826e-02 9.677741882838909737e-02 1.121062697336968617e-01 1.146162637509235832e-01 1.323441448096678852e-01 1.355226789253675956e-01 1.439881112870898539e-01 1.475576940343369392e-01 1.564285517928196700e-01
-1.557857523346583839e-01 -1.500461785513897417e-01 -1.461038811496743473e-01 -1.375789139803654249e-01 -1.348984263089868796e-01 -1.163183665649425158e-01 -1.113095677458755817e-01 -9.765692846292277352e-02 -8.547288617058455829e-02 -7.932218456805183171e-02 -7.536488801046332953e-02 -5.444543935049289685e-02 -5.206195391068713790e-02 -1.278323179079116599e-02 -5.192656802492414889e-03 5.192656802492388868e-03 1.278323179079098731e-02 5.206195391068679790e-02 5.444543935049252908e-02 7.536488801046303809e-02 7.932218456805173457e-02 8.547288617058430849e-02 9.765692846292312046e-02 1.113095677458761507e-01 1.163183665649424187e-01 1.348984263089860469e-01 1.375789139803647587e-01 1.461038811496746526e-01 1.500461785513897695e-01 1.557857523346586337e-01
-1.558774546752741685e-01 -1.520503993630395456e-01 -1.479621441485027833e-01 -1.395485512110579140e-01 -1.370890304499596812e-01 -1.189669227422765485e-01 -1.096935998463624828e-01 -9.903044479226320862e-02 -8.790812688174594325e-02 -8.102084011270099806e-02 -7.622921195438334130e-02 -5.663604440441542126e-02 -5.358050135362039251e-02 -1.549460806545378648e-02 -6.098293857823601505e-03 6.098293857823695180e-03 1.549460806545375352e-02 5.358050135362053129e-02 5.663604440441590004e-02 7.622921195438332742e-02 8.102084011270098418e-02 8.790812688174498568e-02 9.903044479226315311e-02 1.096935998463626355e-01 1.189669227422757436e-01 1.370890304499595980e-01 1.395485512110571369e-01 1.479621441485029498e-01 1.520503993630395179e-01 1.558774546752749179e-01
-1.573627319007860070e-01 -1.535539143480343649e-01 -1.493675484040386248e-01 -1.416764902713333885e-01 -1.384217131792968847e-01 -1.216416396047026172e-01 -1.082156904955770133e-01 -1.007674483157009887e-01 -9.055151307138747940e-02 -8.253789167236746938e-02 -7.668627766480352881e-02 -5.889157309306004145e-02 -5.482327431935422185e-02 -1.839279460794665533e-02 -6.921953981500557698e-03 6.921953981500641832e-03 1.839279460794613144e-02 5.482327431935440226e-02 5.889157309306026350e-02 7.668627766480344554e-02 8.253789167236727509e-02 9.055151307138749328e-02 1.007674483157011969e-01 1.082156904955775961e-01 1.216416396047017567e-01 1.384217131792967737e-01 1.416764902713333607e-01 1.493675484040389578e-01 1.535539143480340041e-01 1.573627319007860070e-01
-1.595931171496723922e-01 -1.552719358417307960e-01 -1.505193063041243007e-01 -1.439905745782530944e-01 -1.387310452440193853e-01 -1.242002830379520945e-01 -1.070344556268558595e-01 -1.027234879512581994e-01 -9.327886956535978713e-02 -8.401493499389556252e-02 -7.686130824365486336e-02 -6.104299965944563061e-02 -5.587269206801058485e-02 -2.138832206131946814e-02 -7.648603907474454434e-03 7.648603907474452700e-03 2.138832206131980121e-02 5.587269206801054322e-02 6.104299965944593592e-02 7.686130824365476621e-02 8.401493499389510455e-02 9.327886956535993979e-02 1.027234879512584631e-01 1.070344556268554431e-01 1.242002830379520112e-01 1.387310452440193020e-01 1.439905745782534829e-01 1.505193063041245227e-01 1.552719358417307405e-01 1.595931171496724754e-01
-1.620107309446246480e-01 -1.572818115090900415e-01 -1.518561678561790307e-01 -1.462777929607417260e-01 -1.384122782943995322e-01 -1.265108554739044211e-01 -1.062527045242849105e-01 -1.047767386744806878e-01 -9.597356114549943085e-02 -8.549444099007395825e-02 -7.693023207839974620e-02 -6.299863253668543106e-02 -5.672598232077739194e-02 -2.443224199072088765e-02 -8.255189802788406514e-03 8.255189802788208756e-03 2.443224199072064132e-02 5.672598232077809971e-02 6.299863253668508412e-02 7.693023207839998212e-02 8.549444099007394438e-02 9.597356114549970840e-02 1.047767386744804657e-01 1.062527045242842583e-01 1.265108554739038937e-01 1.384122782943993657e-01 1.462777929607421423e-01 1.518561678561791972e-01 1.572818115090901525e-01 1.620107309446228161e-01
-1.644485201408287800e-01 -1.594073971049375371e-01 -1.534991839025725002e-01 -1.483639164257868626e-01 -1.380922539074284638e-01 -1.283445826512320531e-01 -1.068391485544538944e-01 -1.059787266089051438e-01 -9.849662755674271075e-02 -8.699290034557220774e-02 -7.704805914426078595e-02 -6.469116091373275368e-02 -5.735397003622239032e-02 -2.749522549113775013e-02 -8.717664200217778089e-03 8.717664200217739925e-03 2.749522549113742748e-02 5.735397003622276502e-02 6.469116091373254551e-02 7.704805914426055002e-02 8.699290034557173590e-02 9.849662755674173931e-02 1.059787266089056296e-01 1.068391485544536584e-01 1.283445826512326082e-01 1.380922539074287414e-01 1.483639164257866960e-01 1.534991839025722227e-01 1.594073971049374261e-01 1.644485201408283914e-01
-1.668494761101595447e-01 -1.615510042307783112e-01 -1.554087216787861658e-01 -1.501052848882724056e-01 -1.384134031367374174e-01 -1.293938471667917534e-01 -1.088147098110523320e-01 -1.064139942673892336e-01 -1.006119951772542903e-01 -8.853562473791731779e-02 -7.733117740838879595e-02 -6.607155291486901949e-02 -5.772244151992792643e-02 -3.055765681690016805e-02 -9.014702452169552974e-03 9.014702452169641445e-03 3.055765681689997376e-02 5.772244151992755867e-02 6.607155291486961624e-02 7.733117740838864329e-02 8.853562473791697085e-02 1.006119951772535687e-01 1.064139942673892614e-01 1.088147098110524985e-01 1.293938471667918644e-01 1.384134031367371953e-01 1.501052848882717672e-01 1.554087216787867765e-01 1.615510042307775340e-01 1.668494761101587676e-01
-1.691843628873484495e-01 -1.636625536558063976e-01 -1.575240069956925504e-01 -1.513860673605675056e-01 -1.396381065458182635e-01 -1.296471393749849266e-01 -1.106425415433098525e-01 -1.077390882888979995e-01 -1.020376921604972398e-01 -9.015526633719689320e-02 -7.784865318915411281e-02 -6.713053561804863123e-02 -5.780003224895724490e-02 -3.360451708542918497e-02 -9.129960939747615994e-03 9.129960939747699261e-03 3.360451708542942784e-02 5.780003224895686326e-02 6.713053561804863123e-02 7.784865318915389076e-02 9.015526633719622707e-02 1.020376921604976006e-01 1.077390882888978468e-01 1.106425415433091725e-01 1.296471393749843437e-01 1.396381065458185966e-01 1.513860673605672558e-01 1.575240069956922173e-01 1.636625536558067029e-01 1.691843628873484495e-01
-1.714316314540159092e-01 -1.657121042493856777e-01 -1.597746366142807628e-01 -1.521293853908562421e-01 -1.414888226509612990e-01 -1.295747305829204887e-01 -1.122682510491770785e-01 -1.097904750119005624e-01 -1.028066064376772504e-01 -9.187835537443030109e-02 -7.860540032129531562e-02 -6.792419807831578948e-02 -5.756396384312078424e-02 -3.662204440744191991e-02 -9.053583841892760831e-03 9.053583841892611644e-03 3.662204440744166317e-02 5.756396384312092995e-02 6.792419807831560907e-02 7.860540032129499644e-02 9.187835537443110601e-02 1.028066064376769867e-01 1.097904750119002154e-01 1.122682510491765234e-01 1.295747305829198781e-01 1.414888226509602720e-01 1.521293853908566307e-01 1.597746366142804575e-01 1.657121042493853169e-01 1.714316314540164921e-01
-1.735732119093029990e-01 -1.676817852230896300e-01 -1.620951844997670088e-01 -1.523008355374256273e-01 -1.436154532044383592e-01 -1.296514391927632848e-01 -1.136903825966133347e-01 -1.121754290239682789e-01 -1.031495910330570420e-01 -9.371507200910120239e-02 -7.954130581074136952e-02 -6.856582506976342806e-02 -5.700983428465659225e-02 -3.959418779526201887e-02 -8.783088391670407571e-03 8.783088391670306957e-03 3.959418779526244214e-02 5.700983428465676572e-02 6.856582506976338642e-02 7.954130581074124462e-02 9.371507200910092483e-02 1.031495910330563204e-01 1.121754290239684593e-01 1.136903825966143894e-01 1.296514391927640897e-01 1.436154532044391086e-01 1.523008355374259604e-01 1.620951844997666480e-01 1.676817852230887973e-01 1.735732119093044701e-01
-1.755985307603332157e-01 -1.695657244045827572e-01 -1.644379537364156207e-01 -1.519521070016600917e-01 -1.457772360314779914e-01 -1.301096406442640296e-01 -1.151216004820792699e-01 -1.145044549787087029e-01 -1.031673138040200971e-01 -9.565788645410175373e-02 -8.055627634106092561e-02 -6.917948075919894135e-02 -5.616647587762190613e-02 -4.249567212520849457e-02 -8.323602654457669739e-03 8.323602654457756475e-03 4.249567212520938275e-02 5.616647587762230859e-02 6.917948075919856665e-02 8.055627634106056478e-02 9.565788645410189250e-02 1.031673138040210824e-01 1.145044549787085780e-01 1.151216004820791172e-01 1.301096406442641129e-01 1.457772360314777971e-01 1.519521070016596476e-01 1.644379537364154542e-01 1.695657244045835343e-01 1.755985307603325773e-01
-1.775140669059719900e-01 -1.713706178994673091e-01 -1.667719162776857833e-01 -1.514194134255831825e-01 -1.476138716740740819e-01 -1.309719706908067938e-01 -1.173975001142651131e-01 -1.159455894068723014e-01 -1.029045088400530467e-01 -9.768602018278543797e-02 -8.153456426171241944e-02 -6.985793180792454482e-02 -5.511910114155960105e-02 -4.527045182968650328e-02 -7.687482361712424592e-03 7.687482361712403775e-03 4.527045182968678777e-02 5.511910114155967044e-02 6.985793180792451706e-02 8.153456426171210025e-02 9.768602018278549348e-02 1.029045088400534907e-01 1.159455894068720794e-01 1.173975001142655572e-01 1.309719706908078207e-01 1.476138716740743317e-01 1.514194134255830437e-01 1.667719162776862274e-01 1.713706178994678087e-01 1.775140669059715459e-01
-1.793465717786404401e-01 -1.731117670548334986e-01 -1.690770399051952921e-01 -1.519536989408410976e-01 -1.479630071629162991e-01 -1.321345347907776635e-01 -1.198900515289593321e-01 -1.171736490643483092e-01 -1.024638003854477369e-01 -9.976743754744986370e-02 -8.235196419016706237e-02 -7.065146417959584924e-02 -5.409612638335088708e-02 -4.773678399070094280e-02 -6.893456261779928526e-03 6.893456261780097662e-03 4.773678399070107464e-02 5.409612638335109525e-02 7.065146417959662639e-02 8.235196419016713176e-02 9.976743754744928083e-02 1.024638003854481116e-01 1.171736490643485312e-01 1.198900515289601787e-01 1.321345347907777745e-01 1.479630071629170207e-01 1.519536989408402372e-01 1.690770399051952644e-01 1.731117670548338316e-01 1.793465717786407176e-01
-1.811268694552707059e-01 -1.748050352154139619e-01 -1.713396235481745300e-01 -1.537856953953689876e-01 -1.467590198437269122e-01 -1.334355842991667429e-01 -1.223376432059254393e-01 -1.184597942948519278e-01 -1.022057748580470493e-01 -1.016805053217020166e-01 -8.287695342304789159e-02 -7.157744187224503174e-02 -5.387551642986569689e-02 -4.916874603483365608e-02 -5.965545854688064295e-03 5.965545854687987100e-03 4.916874603483295525e-02 5.387551642986559974e-02 7.157744187224428234e-02 8.287695342304758628e-02 1.016805053217024468e-01 1.022057748580472852e-01 1.184597942948508592e-01 1.223376432059253005e-01 1.334355842991667984e-01 1.467590198437266069e-01 1.537856953953684325e-01 1.713396235481746688e-01 1.748050352154136566e-01 1.811268694552704561e-01
-1.828662326405154082e-01 -1.764600826895531827e-01 -1.735491811157780229e-01 -1.559202581479277039e-01 -1.452442865170032460e-01 -1.346683522661987487e-01 -1.246804222848685723e-01 -1.198167933653594835e-01 -1.040819315590378741e-01 -1.016374185807150249e-01 -8.298642151526219868e-02 -7.263358535635401625e-02 -5.537658262549535748e-02 -4.869475345837353392e-02 -4.932025508121162805e-03 4.932025508121141120e-03 4.869475345837427638e-02 5.537658262549522564e-02 7.263358535635439095e-02 8.298642151526290645e-02 1.016374185807150804e-01 1.040819315590382765e-01 1.198167933653600664e-01 1.246804222848675731e-01 1.346683522661988597e-01 1.452442865170041064e-01 1.559202581479278149e-01 1.735491811157768571e-01 1.764600826895524610e-01 1.828662326405152694e-01
-1.845381618056439188e-01 -1.780776469764498993e-01 -1.756958634488676729e-01 -1.580904340345748449e-01 -1.440721482419179134e-01 -1.355487824597665092e-01 -1.268365977924827970e-01 -1.212120614735286844e-01 -1.061757710310241298e-01 -1.016739925513258785e-01 -8.260687548747146225e-02 -7.380744666365303408e-02 -5.766795750716988134e-02 -4.728351257980079742e-02 -3.824633321916094935e-03 3.824633321916062409e-03 4.728351257980050598e-02 5.766795750716964541e-02 7.380744666365311735e-02 8.260687548747094877e-02 1.016739925513247406e-01 1.061757710310236441e-01 1.212120614735286567e-01 1.268365977924833521e-01 1.355487824597665092e-01 1.440721482419174415e-01 1.580904340345754555e-01 1.756958634488687276e-01 1.780776469764493997e-01 1.845381618056439188e-01
-1.859999183943350509e-01 -1.796473863304485219e-01 -1.777657840719196747e-01 -1.602313237563090520e-01 -1.437653905144739563e-01 -1.358593703990358392e-01 -1.286235399213401520e-01 -1.225827774774390644e-01 -1.082153364375826876e-01 -1.020810683357041698e-01 -8.175914623769471590e-02 -7.508119718460593006e-02 -6.007843086428765744e-02 -4.562766691554495657e-02 -2.678141104118355632e-03 2.678141104118265427e-03 4.562766691554495657e-02 6.007843086428749785e-02 7.508119718460549985e-02 8.175914623769461875e-02 1.020810683357047249e-01 1.082153364375833399e-01 1.225827774774396195e-01 1.286235399213399300e-01 1.358593703990358947e-01 1.437653905144739563e-01 1.602313237563090520e-01 1.777657840719193416e-01 1.796473863304479945e-01 1.859999183943349121e-01
-1.861877981238818924e-01 -1.811322682124204275e-01 -1.797175498560226736e-01 -1.623158091741035980e-01 -1.443996749321104778e-01 -1.360569611899936915e-01 -1.296696835319404717e-01 -1.238086093324870379e-01 -1.101403350955520999e-01 -1.028288756910257784e-01 -8.057088693114088096e-02 -7.643050214298416356e-02 -6.240085274306284013e-02 -4.392913475303599630e-02 -1.530270153855091018e-03 1.530270153855034856e-03 4.392913475303576037e-02 6.240085274306290952e-02 7.643050214298417744e-02 8.057088693114079769e-02 1.028288756910255008e-01 1.101403350955513366e-01 1.238086093324861914e-01 1.296696835319405550e-01 1.360569611899938580e-01 1.443996749321106166e-01 1.623158091741043474e-01 1.797175498560216744e-01 1.811322682124190120e-01 1.861877981238811985e-01
-1.843831216033596232e-01 -1.823969581784729843e-01 -1.811208368063492169e-01 -1.643239895890039881e-01 -1.455862417019007926e-01 -1.369589699385921899e-01 -1.298803795302218567e-01 -1.246266505694324511e-01 -1.118586810537740978e-01 -1.038326116623410761e-01 -7.930986668893819092e-02 -7.777860317273613266e-02 -6.448557940764386431e-02 -4.227881046912479457e-02 -4.218023601820469325e-04 4.218023601820782660e-04 4.227881046912471824e-02 6.448557940764371166e-02 7.777860317273553592e-02 7.930986668893783009e-02 1.038326116623422696e-01 1.118586810537743476e-01 1.246266505694332560e-01 1.298803795302206354e-01 1.369589699385923010e-01 1.455862417019000987e-01 1.643239895890050428e-01 1.811208368063494389e-01 1.823969581784732341e-01 1.843831216033603726e-01
-1.846743457032815339e-01 -1.838815614876501692e-01 -1.794372900665880677e-01 -1.662285741413840334e-01 -1.469887867041911877e-01 -1.385005130283430141e-01 -1.301507848615690022e-01 -1.246950771522354479e-01 -1.131997716128013698e-01 -1.049946469950208128e-01 -7.952244841993812152e-02 -7.787984332337007098e-02 -6.609749479461937693e-02 -4.074011464746828126e-02 -6.034327787804547212e-04 6.034327787804123289e-04 4.074011464746839922e-02 6.609749479461851651e-02 7.787984332336972404e-02 7.952244841993767743e-02 1.049946469950199940e-01 1.131997716128012449e-01 1.246950771522357809e-01 1.301507848615685303e-01 1.385005130283421815e-01 1.469887867041916318e-01 1.662285741413839502e-01 1.794372900665872628e-01 1.838815614876501414e-01 1.846743457032806457e-01
-1.859392153214070587e-01 -1.855971352308136424e-01 -1.764112095396822011e-01 -1.679595192361589828e-01 -1.484233060582147157e-01 -1.402952194303518363e-01 -1.310156238398731132e-01 -1.243329212891618324e-01 -1.138738441394703954e-01 -1.062103055762128739e-01 -8.097782700952438351e-02 -7.741005761783878447e-02 -6.684648072320860390e-02 -3.936807139390392091e-02 -1.499222733072808544e-03 1.499222733072785776e-03 3.936807139390408744e-02 6.684648072320879819e-02 7.741005761783806283e-02 8.097782700952439738e-02 1.062103055762129572e-01 1.138738441394694656e-01 1.243329212891621655e-01 1.310156238398736128e-01 1.402952194303528910e-01 1.484233060582139940e-01 1.679595192361603984e-01 1.764112095396830060e-01 1.855971352308136146e-01 1.859392153214073362e-01
-1.873402089604375431e-01 -1.871940805591808810e-01 -1.736982118404884756e-01 -1.691790251454554916e-01 -1.497714448493716322e-01 -1.421449372936636202e-01 -1.322291038935514973e-01 -1.243804360045885488e-01 -1.136472956893813807e-01 -1.073219758298163407e-01 -8.251248352444665035e-02 -7.787309340721852713e-02 -6.642988124916295034e-02 -3.821359478033645868e-02 -2.218997900409052770e-03 2.218997900409024147e-03 3.821359478033639623e-02 6.642988124916315851e-02 7.787309340721862427e-02 8.251248352444688627e-02 1.073219758298157023e-01 1.136472956893811448e-01 1.243804360045889373e-01 1.322291038935519691e-01 1.421449372936640365e-01 1.497714448493710770e-01 1.691790251454553529e-01 1.736982118404870878e-01 1.871940805591794099e-01 1.873402089604362664e-01
-1.889102846862775742e-01 -1.885010136561384997e-01 -1.730254038486418733e-01 -1.684030146414237095e-01 -1.509161312148544765e-01 -1.439583198446446333e-01 -1.335659155558143463e-01 -1.251260930639125080e-01 -1.129230499201649002e-01 -1.079326510663676381e-01 -8.406642843366296525e-02 -7.914575237430934718e-02 -6.505285366282695381e-02 -3.732200470715735241e-02 -2.719864887521449785e-03 2.719864887521475805e-03 3.732200470715728302e-02 6.505285366282601012e-02 7.914575237430955534e-02 8.406642843366254891e-02 1.079326510663675687e-01 1.129230499201653998e-01 1.251260930639129521e-01 1.335659155558147626e-01 1.439583198446444112e-01 1.509161312148540879e-01 1.684030146414235152e-01 1.730254038486424562e-01 1.885010136561372229e-01 1.889102846862768803e-01
-1.902908407225263054e-01 -1.897137469988361413e-01 -1.741387269148285677e-01 -1.660970189744597203e-01 -1.516957671248295447e-01 -1.456667927511394733e-01 -1.349237122984725257e-01 -1.263433532874741472e-01 -1.128449487646047134e-01 -1.072498666280863738e-01 -8.561996818813079335e-02 -8.083321004937860099e-02 -6.313792178197916161e-02 -3.672820104980119987e-02 -2.968633003058528293e-03 2.968633003058494032e-03 3.672820104980115130e-02 6.313792178197918936e-02 8.083321004937776832e-02 8.561996818813062682e-02 1.072498666280855689e-01 1.128449487646048521e-01 1.263433532874743970e-01 1.349237122984728032e-01 1.456667927511387794e-01 1.516957671248279904e-01 1.660970189744604419e-01 1.741387269148289563e-01 1.897137469988359748e-01 1.902908407225271381e-01
-1.908768038896830055e-01 -1.885260800328160402e-01 -1.755353784637403158e-01 -1.640695300066115636e-01 -1.519154229576754056e-01 -1.471452582981971346e-01 -1.362477752050623991e-01 -1.277820294287099201e-01 -1.136787025883160412e-01 -1.053212247373432608e-01 -8.715770867961430968e-02 -8.266378218656249277e-02 -6.096459364216143956e-02 -3.645061210418322484e-02 -2.948462537012935206e-03 2.948462537012849338e-03 3.645061210418317627e-02 6.096459364216120363e-02 8.266378218656234012e-02 8.715770867961447621e-02 1.053212247373437327e-01 1.136787025883163327e-01 1.277820294287101421e-01 1.362477752050624824e-01 1.471452582981976343e-01 1.519154229576754889e-01 1.640695300066126183e-01 1.755353784637413705e-01 1.885260800328156239e-01 1.908768038896828390e-01
-1.919423766867373038e-01 -1.855946654942396690e-01 -1.769206776423446481e-01 -1.629066431051231778e-01 -1.517260600336281795e-01 -1.479494903234550018e-01 -1.374906255812852751e-01 -1.292959939926857926e-01 -1.148720531186034899e-01 -1.029005579011077476e-01 -8.866476354569047258e-02 -8.447336004895779349e-02 -5.867925839219099993e-02 -3.648679931530050824e-02 -2.663489113066398045e-03 2.663489113066398045e-03 3.648679931530050130e-02 5.867925839219124279e-02 8.447336004895777961e-02 8.866476354569063911e-02 1.029005579011087468e-01 1.148720531186038368e-01 1.292959939926864310e-01 1.374906255812848033e-01 1.479494903234545577e-01 1.517260600336285958e-01 1.629066431051229558e-01 1.769206776423450922e-01 1.855946654942399188e-01 1.919423766867368875e-01
-1.929259992911285526e-01 -1.823413836784293918e-01 -1.782209001201506271e-01 -1.626119674995899211e-01 -1.521520817295189121e-01 -1.471518179467467269e-01 -1.385737938568829264e-01 -1.308012594914349236e-01 -1.161623225546668803e-01 -1.004257940017403844e-01 -9.012725538232911615e-02 -8.610654332870643080e-02 -5.636423882376236788e-02 -3.681307692424564543e-02 -2.139056966267875465e-03 2.139056966267986054e-03 3.681307692424565930e-02 5.636423882376235400e-02 8.610654332870669447e-02 9.012725538232888023e-02 1.004257940017396628e-01 1.161623225546674354e-01 1.308012594914350624e-01 1.385737938568820660e-01 1.471518179467473930e-01 1.521520817295183015e-01 1.626119674995895048e-01 1.782209001201504328e-01 1.823413836784290309e-01 1.929259992911286081e-01
-1.938203482724466520e-01 -1.796831802248974874e-01 -1.786950418680560149e-01 -1.628118897272348709e-01 -1.532410444700630925e-01 -1.452834268808393114e-01 -1.392753365134272170e-01 -1.322291743521970819e-01 -1.174569584972183084e-01 -9.825845649067511955e-02 -9.154142008815130405e-02 -8.729286586231128908e-02 -5.407519017075385070e-02 -3.738799955954501264e-02 -1.417424022629690684e-03 1.417424022629578360e-03 3.738799955954493631e-02 5.407519017075360784e-02 8.729286586231060907e-02 9.154142008815142895e-02 9.825845649067527221e-02 1.174569584972172814e-01 1.322291743521981366e-01 1.392753365134260235e-01 1.452834268808388396e-01 1.532410444700635088e-01 1.628118897272361199e-01 1.786950418680557373e-01 1.796831802248976540e-01 1.938203482724473736e-01
-1.946198442689021646e-01 -1.806317477586809050e-01 -1.755097276178874399e-01 -1.631009220053966924e-01 -1.544644298703343466e-01 -1.439233031983434274e-01 -1.389439140098361336e-01 -1.334525792434669289e-01 -1.187112922793712999e-01 -9.691815998924294129e-02 -9.294105978735406337e-02 -8.751000120080124067e-02 -5.186001290256937041e-02 -3.815655213370332949e-02 -5.511947497958251136e-04 5.511947497957585436e-04 3.815655213370355847e-02 5.186001290256926632e-02 8.751000120080108802e-02 9.294105978735460460e-02 9.691815998924330211e-02 1.187112922793720077e-01 1.334525792434652081e-01 1.389439140098365499e-01 1.439233031983432054e-01 1.544644298703341523e-01 1.631009220053969144e-01 1.755097276178882171e-01 1.806317477586811826e-01 1.946198442689018870e-01
-1.953191149328152854e-01 -1.816124061856223826e-01 -1.725382768223591157e-01 -1.630648440736056359e-01 -1.556324311292111295e-01 -1.439205116479874147e-01 -1.376301839199478572e-01 -1.339037699538282167e-01 -1.198908187382700802e-01 -9.675636129031896238e-02 -9.439540258100237446e-02 -8.634790080665653844e-02 -4.977355172732982058e-02 -3.904944537177747893e-02 -4.027288656067197492e-04 4.027288656065545168e-04 3.904944537177745811e-02 4.977355172732968874e-02 8.634790080665707968e-02 9.439540258100315162e-02 9.675636129031923993e-02 1.198908187382710516e-01 1.339037699538288828e-01 1.376301839199481625e-01 1.439205116479884694e-01 1.556324311292121843e-01 1.630648440736058302e-01 1.725382768223590602e-01 1.816124061856235206e-01 1.953191149328146747e-01
-1.959127580875197061e-01 -1.824667493709048738e-01 -1.704697556811979042e-01 -1.621716386887709638e-01 -1.566258861439078220e-01 -1.445363688427434290e-01 -1.375887449951619934e-01 -1.322187774250085934e-01 -1.209482188902768207e-01 -9.739570634334822341e-02 -9.591760028621157397e-02 -8.417182507836318273e-02 -4.790221759629644666e-02 -3.996666560133992768e-02 -1.387131355584925001e-03 1.387131355584958177e-03 3.996666560133992768e-02 4.790221759629644666e-02 8.417182507836308558e-02 9.591760028621178213e-02 9.739570634334779320e-02 1.209482188902759187e-01 1.322187774250091485e-01 1.375887449951620489e-01 1.445363688427427629e-01 1.566258861439080163e-01 1.621716386887715744e-01 1.704697556811980985e-01 1.824667493709047905e-01 1.959127580875211216e-01
-1.963952029025170520e-01 -1.831711435456629677e-01 -1.696317147289941318e-01 -1.604545378914719322e-01 -1.570509586424077009e-01 -1.452665805846839464e-01 -1.384712142667368084e-01 -1.293993603144372728e-01 -1.217682106547321869e-01 -9.834342699282459799e-02 -9.745683611798368340e-02 -8.152015863303464782e-02 -4.642884266138135041e-02 -4.071668002670621872e-02 -2.346396329675970709e-03 2.346396329675821089e-03 4.071668002670610770e-02 4.642884266138132959e-02 8.152015863303407883e-02 9.745683611798319768e-02 9.834342699282472289e-02 1.217682106547319926e-01 1.293993603144374394e-01 1.384712142667369472e-01 1.452665805846833358e-01 1.570509586424082005e-01 1.604545378914726261e-01 1.696317147289939931e-01 1.831711435456643555e-01 1.963952029025171908e-01
-1.967604696952479082e-01 -1.836990053605616346e-01 -1.695845717735828539e-01 -1.598242074420870573e-01 -1.554414523550570193e-01 -1.459413043803109433e-01 -1.394720539938832937e-01 -1.268495505690036829e-01 -1.219136722247204929e-01 -9.936312517970768976e-02 -9.896035866766528244e-02 -7.867041330707581770e-02 -4.573152042624636926e-02 -4.091873426378266065e-02 -3.227224227189573469e-03 3.227224227189674083e-03 4.091873426378266759e-02 4.573152042624638314e-02 7.867041330707554014e-02 9.896035866766499101e-02 9.936312517970755098e-02 1.219136722247214921e-01 1.268495505690038772e-01 1.394720539938839876e-01 1.459413043803109988e-01 1.554414523550570471e-01 1.598242074420873071e-01 1.695845717735819658e-01 1.836990053605609408e-01 1.967604696952488796e-01
-1.970010155715361533e-01 -1.840082030774776722e-01 -1.698397251257860729e-01 -1.602899926598076175e-01 -1.523707335791987527e-01 -1.464128807819462808e-01 -1.404134320441094153e-01 -1.258549091492332517e-01 -1.203325107162760699e-01 -1.004208057649053631e-01 -1.003179040552717727e-01 -7.574498689215503067e-02 -4.603086513961763410e-02 -4.035445413071503395e-02 -3.979261831774767548e-03 3.979261831774744129e-03 4.035445413071499232e-02 4.603086513961750920e-02 7.574498689215497516e-02 1.003179040552713702e-01 1.004208057649051827e-01 1.203325107162764585e-01 1.258549091492340843e-01 1.404134320441094985e-01 1.464128807819450317e-01 1.523707335791984752e-01 1.602899926598070346e-01 1.698397251257865725e-01 1.840082030774768951e-01 1.970010155715355149e-01
-1.970677777408868792e-01 -1.840211957432154599e-01 -1.701667819902080436e-01 -1.608694120347555212e-01 -1.496323436783575100e-01 -1.461155686154471667e-01 -1.412016739180353420e-01 -1.260793352014034086e-01 -1.174607100420110295e-01 -1.017400580075372846e-01 -1.012006317464732852e-01 -7.280572119258377217e-02 -4.692520531041811244e-02 -3.942932654468996739e-02 -4.556620177783693090e-03 4.556620177783728652e-03 3.942932654468988413e-02 4.692520531041809856e-02 7.280572119258386932e-02 1.012006317464742150e-01 1.017400580075377980e-01 1.174607100420108768e-01 1.260793352014044355e-01 1.412016739180370350e-01 1.461155686154465838e-01 1.496323436783575100e-01 1.608694120347554102e-01 1.701667819902077938e-01 1.840211957432159040e-01 1.970677777408861298e-01
-1.949254897476599413e-01 -1.835824517810850376e-01 -1.704657497527999332e-01 -1.613684637303841596e-01 -1.488276458914178924e-01 -1.440934529232271166e-01 -1.414494995901743879e-01 -1.265544956780076113e-01 -1.143760309684633408e-01 -1.029509545692005590e-01 -1.018418148094300257e-01 -6.989231205473572794e-02 -4.803656100320895933e-02 -3.852093982167219960e-02 -4.920854515154093542e-03 4.920854515154035429e-03 3.852093982167256042e-02 4.803656100320916750e-02 6.989231205473556141e-02 1.018418148094300951e-01 1.029509545692019884e-01 1.143760309684639515e-01 1.265544956780087771e-01 1.414494995901744989e-01 1.440934529232275052e-01 1.488276458914177258e-01 1.613684637303848535e-01 1.704657497528001275e-01 1.835824517810857870e-01 1.949254897476602744e-01
-1.921895644200380948e-01 -1.823999776962761110e-01 -1.706861846756294876e-01 -1.617336312772664486e-01 -1.489340845105715516e-01 -1.433794161738731754e-01 -1.392446125076319263e-01 -1.269706417955580591e-01 -1.116067656607668823e-01 -1.040116257563386409e-01 -1.020132146421098701e-01 -6.703961090101716314e-02 -4.919825297705696793e-02 -3.778268639931062212e-02 -5.045201894734925065e-03 5.045201894735004862e-03 3.778268639931053191e-02 4.919825297705689160e-02 6.703961090101702436e-02 1.020132146421102726e-01 1.040116257563390018e-01 1.116067656607660219e-01 1.269706417955588917e-01 1.392446125076323149e-01 1.433794161738731754e-01 1.489340845105721900e-01 1.617336312772657270e-01 1.706861846756294321e-01 1.823999776962760833e-01 1.921895644200379283e-01
-1.900088966086040665e-01 -1.801517326698261479e-01 -1.707958721098978283e-01 -1.619324044519046824e-01 -1.491244978141243183e-01 -1.437182739498640560e-01 -1.357928818975508989e-01 -1.271478050762994139e-01 -1.097197253316261334e-01 -1.049004021596348923e-01 -1.012287913609601631e-01 -6.429121437267221184e-02 -5.031966443879600653e-02 -3.726602670239487908e-02 -4.918809952512940599e-03 4.918809952512918048e-03 3.726602670239501786e-02 5.031966443879591633e-02 6.429121437267223960e-02 1.012287913609606627e-01 1.049004021596350311e-01 1.097197253316267856e-01 1.271478050762985257e-01 1.357928818975507046e-01 1.437182739498634454e-01 1.491244978141242628e-01 1.619324044519047656e-01 1.707958721098972177e-01 1.801517326698270638e-01 1.900088966086027620e-01
-1.885248190381398625e-01 -1.769160194079733850e-01 -1.707626121479245973e-01 -1.619271195146839148e-01 -1.492476643596430397e-01 -1.440696859687836395e-01 -1.326440247846196463e-01 -1.267023939735008875e-01 -1.090380548804595201e-01 -1.056181759548098925e-01 -9.917644715657249199e-02 -6.172306300958087938e-02 -5.130820527433858219e-02 -3.697457587552606395e-02 -4.548996505656078236e-03 4.548996505656144156e-03 3.697457587552609171e-02 5.130820527433838096e-02 6.172306300958100428e-02 9.917644715657195076e-02 1.056181759548100590e-01 1.090380548804597560e-01 1.267023939735003879e-01 1.326440247846202847e-01 1.440696859687845000e-01 1.492476643596432617e-01 1.619271195146832210e-01 1.707626121479257353e-01 1.769160194079728576e-01 1.885248190381399180e-01
-1.874092692462763499e-01 -1.732190272016796984e-01 -1.704873929431666990e-01 -1.616505152910497900e-01 -1.492601191568416752e-01 -1.443111447810137282e-01 -1.307645024556654267e-01 -1.248170712584987241e-01 -1.091269956737341007e-01 -1.061840599203536656e-01 -9.626668372410825125e-02 -5.950527025492333144e-02 -5.199152432042223465e-02 -3.688198558646613168e-02 -3.960110654124784912e-03 3.960110654124813535e-03 3.688198558646609698e-02 5.199152432042236649e-02 5.950527025492349104e-02 9.626668372410882024e-02 1.061840599203539015e-01 1.091269956737340174e-01 1.248170712584987518e-01 1.307645024556649549e-01 1.443111447810146997e-01 1.492601191568411478e-01 1.616505152910494292e-01 1.704873929431663937e-01 1.732190272016796984e-01 1.874092692462765164e-01
-1.863523912747591660e-01 -1.707776720930220538e-01 -1.687055197464656098e-01 -1.609408386339085117e-01 -1.491396973802319448e-01 -1.444094541101314522e-01 -1.301117788479511650e-01 -1.215789572948541702e-01 -1.094871387167182936e-01 -1.066047206305155426e-01 -9.297426285893310716e-02 -5.801858633613063421e-02 -5.199754249317029703e-02 -3.694007258499798496e-02 -3.189255780984709843e-03 3.189255780984654332e-03 3.694007258499778373e-02 5.199754249317022070e-02 5.801858633613066890e-02 9.297426285893355125e-02 1.066047206305145295e-01 1.094871387167181548e-01 1.215789572948542258e-01 1.301117788479513593e-01 1.444094541101325069e-01 1.491396973802324999e-01 1.609408386339088448e-01 1.687055197464648326e-01 1.707776720930216652e-01 1.863523912747599154e-01
-1.851386203588016033e-01 -1.701174902265535360e-01 -1.654620141715692772e-01 -1.593737351131878088e-01 -1.488677837677806759e-01 -1.443433440366819476e-01 -1.298423730211634708e-01 -1.178756076103525396e-01 -1.098776634797770518e-01 -1.068535385673121119e-01 -8.952470631780222454e-02 -5.761335798493160548e-02 -5.099748219329446053e-02 -3.708263798680965645e-02 -2.280664080554227306e-03 2.280664080554168326e-03 3.708263798680972584e-02 5.099748219329438420e-02 5.761335798493145977e-02 8.952470631780326538e-02 1.068535385673117649e-01 1.098776634797777735e-01 1.178756076103517902e-01 1.298423730211634708e-01 1.443433440366819753e-01 1.488677837677805094e-01 1.593737351131870039e-01 1.654620141715689996e-01 1.701174902265542854e-01 1.851386203588010204e-01
-1.835191478759252703e-01 -1.694581345404928552e-01 -1.631346691031066165e-01 -1.564292608028346465e-01 -1.484184046381840094e-01 -1.440875106790030780e-01 -1.296038393803624622e-01 -1.141796966826921084e-01 -1.101753926853550197e-01 -1.068310232940309357e-01 -8.601423995945194079e-02 -5.794818383930866457e-02 -4.937356936468918767e-02 -3.722419286847756387e-02 -1.280717600607434890e-03 1.280717600607485414e-03 3.722419286847764713e-02 4.937356936468928481e-02 5.794818383930881722e-02 8.601423995945241263e-02 1.068310232940296312e-01 1.101753926853552557e-01 1.141796966826911369e-01 1.296038393803615740e-01 1.440875106790044102e-01 1.484184046381821498e-01 1.564292608028347298e-01 1.631346691031066998e-01 1.694581345404929384e-01 1.835191478759259920e-01
-1.810566073251040076e-01 -1.686438596972678061e-01 -1.615322738561925375e-01 -1.525540789916552675e-01 -1.477237045497261925e-01 -1.435917451913756304e-01 -1.292861936716157567e-01 -1.112735416102570152e-01 -1.100444989841250637e-01 -1.061440147796312294e-01 -8.248969565572358831e-02 -5.854416082856124526e-02 -4.767447462188955515e-02 -3.725350847153635625e-02 -2.347039586825444611e-04 2.347039586825312339e-04 3.725350847153618278e-02 4.767447462188929147e-02 5.854416082856124526e-02 8.248969565572286666e-02 1.061440147796307576e-01 1.100444989841258686e-01 1.112735416102572650e-01 1.292861936716165061e-01 1.435917451913757970e-01 1.477237045497263312e-01 1.525540789916538797e-01 1.615322738561923988e-01 1.686438596972669735e-01 1.810566073251041463e-01
-1.774555565177377836e-01 -1.676452250661267795e-01 -1.600338993387173392e-01 -1.488764701774832888e-01 -1.464236328520576169e-01 -1.426859186336115748e-01 -1.288443178996745708e-01 -1.107805075173749071e-01 -1.088090749583478234e-01 -1.038510195057488067e-01 -7.897894211386276286e-02 -5.918219077211210599e-02 -4.621997257322021241e-02 -3.703280441941428358e-02 -8.146429826786958728e-04 8.146429826788071120e-04 3.703280441941422113e-02 4.621997257321992791e-02 5.918219077211234191e-02 7.897894211386254082e-02 1.038510195057491675e-01 1.088090749583475736e-01 1.107805075173742132e-01 1.288443178996758476e-01 1.426859186336101870e-01 1.464236328520565344e-01 1.488764701774830945e-01 1.600338993387173392e-01 1.676452250661260024e-01 1.774555565177374505e-01
-1.731750388908516736e-01 -1.664433971285606273e-01 -1.583232393675655936e-01 -1.468923242017522446e-01 -1.440376992422828240e-01 -1.405977479954553244e-01 -1.282526051459717265e-01 -1.106788714877025709e-01 -1.081232474085710715e-01 -1.003126319009148976e-01 -7.550354422026013534e-02 -5.977057531488651904e-02 -4.519141687534519031e-02 -3.643872595355286681e-02 -1.827338228031271349e-03 1.827338228031296068e-03 3.643872595355277660e-02 4.519141687534492663e-02 5.977057531488556841e-02 7.550354422025967738e-02 1.003126319009149114e-01 1.081232474085707662e-01 1.106788714877025431e-01 1.282526051459717542e-01 1.405977479954560461e-01 1.440376992422829905e-01 1.468923242017519115e-01 1.583232393675657601e-01 1.664433971285608771e-01 1.731750388908511740e-01
-1.687891957600395065e-01 -1.650129411736436791e-01 -1.561981567079082645e-01 -1.455880687122055872e-01 -1.423283173318388439e-01 -1.366541286291201862e-01 -1.274907838231289225e-01 -1.104566144008753970e-01 -1.076013730291297404e-01 -9.641495163420321646e-02 -7.208704751614225525e-02 -6.025715002220967398e-02 -4.462129446928516513e-02 -3.545660772420872880e-02 -2.765726582626232884e-03 2.765726582626400719e-03 3.545660772420863166e-02 4.462129446928531085e-02 6.025715002220956990e-02 7.208704751614201933e-02 9.641495163420346626e-02 1.076013730291298237e-01 1.104566144008753414e-01 1.274907838231293111e-01 1.366541286291208246e-01 1.423283173318383166e-01 1.455880687122052264e-01 1.561981567079097077e-01 1.650129411736436791e-01 1.687891957600390347e-01
-1.647424445049375796e-01 -1.632578062117205631e-01 -1.534623673772362029e-01 -1.442274850575818168e-01 -1.409159896530396971e-01 -1.319963360809059683e-01 -1.265325327348618967e-01 -1.100686125416599354e-01 -1.070127900826158135e-01 -9.241998869587884913e-02 -6.876858020158967133e-02 -6.059002634447177571e-02 -4.439302133295731922e-02 -3.420732012746466322e-02 -3.594045469469200199e-03 3.594045469469189791e-03 3.420732012746509343e-02 4.439302133295713881e-02 6.059002634447165775e-02 6.876858020159021256e-02 9.241998869587808585e-02 1.070127900826155359e-01 1.100686125416602545e-01 1.265325327348614526e-01 1.319963360809059683e-01 1.409159896530396139e-01 1.442274850575820389e-01 1.534623673772371188e-01 1.632578062117195916e-01 1.647424445049379405e-01
-1.618595482165756383e-01 -1.605524172752151868e-01 -1.499790132450128377e-01 -1.426963592744632525e-01 -1.393762563220959372e-01 -1.272516477424637249e-01 -1.252597317755997086e-01 -1.094957956266204013e-01 -1.062854912471438568e-01 -8.840337287688573853e-02 -6.565350164114992781e-02 -6.065917348281590904e-02 -4.434249113490007499e-02 -3.285252744725882662e-02 -4.278510338864612711e-03 4.278510338864535516e-03 3.285252744725868784e-02 4.434249113490015826e-02 6.065917348281590904e-02 6.565350164114960863e-02 8.840337287688605772e-02 1.062854912471439123e-01 1.094957956266202764e-01 1.252597317755989870e-01 1.272516477424633918e-01 1.393762563220961315e-01 1.426963592744639187e-01 1.499790132450120883e-01 1.605524172752154088e-01 1.618595482165744448e-01
-1.596355098193656674e-01 -1.573777051298365925e-01 -1.458245633579657863e-01 -1.409597580884215662e-01 -1.375671001654520942e-01 -1.243404259008320661e-01 -1.218660583246474749e-01 -1.087226201960840438e-01 -1.053839858129729801e-01 -8.439845450266919569e-02 -6.317334944773728145e-02 -6.003505056180948735e-02 -4.433241832379460068e-02 -3.151894630317994550e-02 -4.788426922501034903e-03 4.788426922501073935e-03 3.151894630317999407e-02 4.433241832379470476e-02 6.003505056180932081e-02 6.317334944773728145e-02 8.439845450266966753e-02 1.053839858129732993e-01 1.087226201960849459e-01 1.218660583246485574e-01 1.243404259008325519e-01 1.375671001654518166e-01 1.409597580884215107e-01 1.458245633579657863e-01 1.573777051298367591e-01 1.596355098193653899e-01
-1.572496184015119147e-01 -1.543488797197867801e-01 -1.413243073626911095e-01 -1.389952573246579226e-01 -1.353271881205385663e-01 -1.226932812340201656e-01 -1.169611225698952567e-01 -1.077315443980562254e-01 -1.042792946005515475e-01 -8.042877735222271618e-02 -6.205650186741348828e-02 -5.800012514445519740e-02 -4.425541317003741509e-02 -3.028791010947641180e-02 -5.098681328486434107e-03 5.098681328486442781e-03 3.028791010947646384e-02 4.425541317003699182e-02 5.800012514445524597e-02 6.205650186741318297e-02 8.042877735222245250e-02 1.042792946005520194e-01 1.077315443980569748e-01 1.169611225698955481e-01 1.226932812340204015e-01 1.353271881205375393e-01 1.389952573246579504e-01 1.413243073626911650e-01 1.543488797197859197e-01 1.572496184015117759e-01
-1.546102234564330491e-01 -1.513401672230916539e-01 -1.370857215909594418e-01 -1.367257057410398713e-01 -1.322923480954582565e-01 -1.208881326503472020e-01 -1.120088008035682176e-01 -1.064929667745202480e-01 -1.029319881168486300e-01 -7.652049524390203139e-02 -6.153855290952747054e-02 -5.534415320344206884e-02 -4.401006508374481069e-02 -2.920517791700172686e-02 -5.193466115356157667e-03 5.193466115356266087e-03 2.920517791700177890e-02 4.401006508374467885e-02 5.534415320344222844e-02 6.153855290952757462e-02 7.652049524390155955e-02 1.029319881168488937e-01 1.064929667745208308e-01 1.120088008035683702e-01 1.208881326503466608e-01 1.322923480954579234e-01 1.367257057410406207e-01 1.370857215909601357e-01 1.513401672230927364e-01 1.546102234564334099e-01
-1.516899541913792060e-01 -1.482240539725960815e-01 -1.343728821860126488e-01 -1.333959007690249943e-01 -1.280634586682195264e-01 -1.188370272158730534e-01 -1.072646933083031828e-01 -1.048903674168351896e-01 -1.012497353473203049e-01 -7.271434997266816580e-02 -6.096667638636307091e-02 -5.276615268649707119e-02 -4.347353460525310576e-02 -2.828836722841582274e-02 -5.070211702884023369e-03 5.070211702884077146e-03 2.828836722841574988e-02 4.347353460525330698e-02 5.276615268649699486e-02 6.096667638636352887e-02 7.271434997266723599e-02 1.012497353473208878e-01 1.048903674168350370e-01 1.072646933083032245e-01 1.188370272158731089e-01 1.280634586682206921e-01 1.333959007690244669e-01 1.343728821860122880e-01 1.482240539725949435e-01 1.516899541913793170e-01
-1.484686186406895536e-01 -1.449171937728560566e-01 -1.316410805507815251e-01 -1.302647122414810343e-01 -1.230011203673070097e-01 -1.164867075525758688e-01 -1.038950032471944451e-01 -1.020942726720551336e-01 -9.888349477364916096e-02 -6.908797130192903535e-02 -6.012707554724970593e-02 -5.052848972492000185e-02 -4.249185335618781145e-02 -2.753113815719360896e-02 -4.741905952397145775e-03 4.741905952397076386e-03 2.753113815719369223e-02 4.249185335618809595e-02 5.052848972492004348e-02 6.012707554724992104e-02 6.908797130192917413e-02 9.888349477364943851e-02 1.020942726720549254e-01 1.038950032471946394e-01 1.164867075525750778e-01 1.230011203673063019e-01 1.302647122414801184e-01 1.316410805507817749e-01 1.449171937728561677e-01 1.484686186406906916e-01
-1.449258977510555213e-01 -1.413642643844088831e-01 -1.286294222706015344e-01 -1.271239257178533588e-01 -1.176996211212721771e-01 -1.137067879482614452e-01 -1.017339900800442454e-01 -9.900595769969128268e-02 -9.507527754092431893e-02 -6.579598010231996197e-02 -5.882520975218272913e-02 -4.876243536942038298e-02 -4.095083102488514953e-02 -2.690732983414141979e-02 -4.236239108166663277e-03 4.236239108166570469e-03 2.690732983414140245e-02 4.095083102488515647e-02 4.876243536942052870e-02 5.882520975218239606e-02 6.579598010232048932e-02 9.507527754092456873e-02 9.900595769969114390e-02 1.017339900800446617e-01 1.137067879482620419e-01 1.176996211212721355e-01 1.271239257178529702e-01 1.286294222706020340e-01 1.413642643844089108e-01 1.449258977510556046e-01
-1.410379152560245208e-01 -1.375246832309086342e-01 -1.253167569067435427e-01 -1.237851168227467186e-01 -1.128549970344493447e-01 -1.099886356307517438e-01 -9.946513758461815458e-02 -9.644877009552695057e-02 -9.029011711756282366e-02 -6.306093796021831899e-02 -5.682112129919204141e-02 -4.740837153048659686e-02 -3.890805606110610271e-02 -2.637636572903624688e-02 -3.591573640476163672e-03 3.591573640476143723e-03 2.637636572903622259e-02 3.890805606110616516e-02 4.740837153048640951e-02 5.682112129919174304e-02 6.306093796021815245e-02 9.029011711756301795e-02 9.644877009552769997e-02 9.946513758461709986e-02 1.099886356307518687e-01 1.128549970344486925e-01 1.237851168227466908e-01 1.253167569067434317e-01 1.375246832309097722e-01 1.410379152560254923e-01
-1.367702322633076173e-01 -1.333647547735922478e-01 -1.216845522670733093e-01 -1.201698855378284664e-01 -1.090115947480714831e-01 -1.048546513125413610e-01 -9.692451387553781272e-02 -9.385226756415074312e-02 -8.522689305069924837e-02 -6.091821350398545637e-02 -5.407149593682640532e-02 -4.626486433671170989e-02 -3.655664383901405939e-02 -2.588879096441784947e-02 -2.851419714604576470e-03 2.851419714604620705e-03 2.588879096441790498e-02 3.655664383901404552e-02 4.626486433671146703e-02 5.407149593682628042e-02 6.091821350398578250e-02 8.522689305069917898e-02 9.385226756415078475e-02 9.692451387553729925e-02 1.048546513125413054e-01 1.090115947480715525e-01 1.201698855378291880e-01 1.216845522670729346e-01 1.333647547735922201e-01 1.367702322633079226e-01
-1.320479197709054087e-01 -1.288520591811994354e-01 -1.177135813535843678e-01 -1.162341792247382904e-01 -1.053911514997512983e-01 -9.912312989374612304e-02 -9.405113499189803050e-02 -9.104075802236820392e-02 -8.006783379415287338e-02 -5.908390089847113252e-02 -5.086384868245728136e-02 -4.513720428314373784e-02 -3.407583691230233608e-02 -2.538968263593228622e-02 -2.059477745615598005e-03 2.059477745615613618e-03 2.538968263593227581e-02 3.407583691230228057e-02 4.513720428314378641e-02 5.086384868245751034e-02 5.908390089847109089e-02 8.006783379415355340e-02 9.104075802236785697e-02 9.405113499189798887e-02 9.912312989374578998e-02 1.053911514997520060e-01 1.162341792247390260e-01 1.177135813535844788e-01 1.288520591811987970e-01 1.320479197709059638e-01
-1.265777443733578644e-01 -1.239451722918580578e-01 -1.133833119219388730e-01 -1.119445210279356312e-01 -1.015711882349137479e-01 -9.333322917107371441e-02 -9.070356019392063207e-02 -8.795493140874731386e-02 -7.486244483985560194e-02 -5.727759848233555939e-02 -4.751867358231608163e-02 -4.385949234148880937e-02 -3.158800557833845585e-02 -2.481749518044642361e-02 -1.256403265060430539e-03 1.256403265060465667e-03 2.481749518044634381e-02 3.158800557833826156e-02 4.385949234148861509e-02 4.751867358231622041e-02 5.727759848233558021e-02 7.486244483985521336e-02 8.795493140874720284e-02 9.070356019391979940e-02 9.333322917107403360e-02 1.015711882349144418e-01 1.119445210279363390e-01 1.133833119219386648e-01 1.239451722918577942e-01 1.265777443733571705e-01
-1.198253226453058762e-01 -1.185103597924124647e-01 -1.086715645918801404e-01 -1.072691851029312637e-01 -9.744429072485005783e-02 -8.827898780338443163e-02 -8.616488707527689139e-02 -8.456040983562827795e-02 -6.962933389178241339e-02 -5.534732496440951388e-02 -4.439961163917426068e-02 -4.213938647063313059e-02 -2.918874285937340593e-02 -2.409512066501452721e-02 -4.783303637430191672e-04 4.783303637430206309e-04 2.409512066501438149e-02 2.918874285937343716e-02 4.213938647063334569e-02 4.439961163917407333e-02 5.534732496440929878e-02 6.962933389178242727e-02 8.456040983562800040e-02 8.616488707527744650e-02 8.827898780338448714e-02 9.744429072485097376e-02 1.072691851029312221e-01 1.086715645918808065e-01 1.185103597924125479e-01 1.198253226453062509e-01
-1.132613765737357919e-01 -1.116286010040756504e-01 -1.035541532345180260e-01 -1.021726238715130047e-01 -9.296436132834812183e-02 -8.410556565707962007e-02 -8.085116530120861622e-02 -8.027877706138289438e-02 -6.437767850651412993e-02 -5.321460984548191664e-02 -4.205516812196950782e-02 -3.944972136684899572e-02 -2.698574937913248220e-02 -2.311214836263556643e-02 -2.434043090397318366e-04 2.434043090397277438e-04 2.311214836263550051e-02 2.698574937913255853e-02 3.944972136684858632e-02 4.205516812196918169e-02 5.321460984548169459e-02 6.437767850651392176e-02 8.027877706138307479e-02 8.085116530120854683e-02 8.410556565707885679e-02 9.296436132834789978e-02 1.021726238715128937e-01 1.035541532345168880e-01 1.116286010040756921e-01 1.132613765737358336e-01
-1.070006578181554036e-01 -1.037106971593261401e-01 -9.800441540958000630e-02 -9.660766353945439422e-02 -8.809920372400559252e-02 -7.981168075933443851e-02 -7.675899649535142255e-02 -7.408029354129133659e-02 -5.911351743316605595e-02 -5.083157101903122699e-02 -4.012355109745097820e-02 -3.615445889115391498e-02 -2.509515770494023801e-02 -2.173923902698923424e-02 -8.819694089760207181e-04 8.819694089760492326e-04 2.173923902698940078e-02 2.509515770494025882e-02 3.615445889115347783e-02 4.012355109745120024e-02 5.083157101903117148e-02 5.911351743316580615e-02 7.408029354129118393e-02 7.675899649535207481e-02 7.981168075933452177e-02 8.809920372400591171e-02 9.660766353945432483e-02 9.800441540957979814e-02 1.037106971593255017e-01 1.070006578181552648e-01
-1.003297705021506947e-01 -9.560032655431036086e-02 -9.199271007016956991e-02 -9.049823735687478887e-02 -8.281993820413560692e-02 -7.516614789072817437e-02 -7.229354690063966027e-02 -6.774823614657618509e-02 -5.384293460698140465e-02 -4.816151858608061498e-02 -3.810755754243875387e-02 -3.274668550705425729e-02 -2.349984416575086679e-02 -1.997371208553004596e-02 -1.414661967893991734e-03 1.414661967894022092e-03 1.997371208553005290e-02 2.349984416575068291e-02 3.274668550705434750e-02 3.810755754243882326e-02 4.816151858608087172e-02 5.384293460698150180e-02 6.774823614657574100e-02 7.229354690064014599e-02 7.516614789072846581e-02 8.281993820413501017e-02 9.049823735687458071e-02 9.199271007016959767e-02 9.560032655431036086e-02 1.003297705021504588e-01
-9.315067769153077826e-02 -8.749728772150752731e-02 -8.548702739347231738e-02 -8.370856199944326503e-02 -7.709770594184486847e-02 -7.010790609058402401e-02 -6.742144623389478841e-02 -6.132831267192547647e-02 -4.857742929532555404e-02 -4.516691222358894947e-02 -3.586793360256047836e-02 -2.936100517022511430e-02 -2.199724670787759837e-02 -1.799169750818251784e-02 -1.822771511330468141e-03 1.822771511330477682e-03 1.799169750818239641e-02 2.199724670787763653e-02 2.936100517022499981e-02 3.586793360256061713e-02 4.516691222358863722e-02 4.857742929532547771e-02 6.132831267192598995e-02 6.742144623389442759e-02 7.010790609058413503e-02 7.709770594184528480e-02 8.370856199944302911e-02 8.548702739347222024e-02 8.749728772150731915e-02 9.315067769153009825e-02
-8.541018505169992170e-02 -7.953414200357977748e-02 -7.845948755221271442e-02 -7.608977028488146666e-02 -7.090220771455775506e-02 -6.459923271643210063e-02 -6.211509660175806857e-02 -5.483173978878528448e-02 -4.336495780916026221e-02 -4.177547287176620189e-02 -3.335036687773593883e-02 -2.605029189061107767e-02 -2.039178422808602884e-02 -1.595306938851669479e-02 -2.091913942640623910e-03 2.091913942640645160e-03 1.595306938851662193e-02 2.039178422808596985e-02 2.605029189061122685e-02 3.335036687773598046e-02 4.177547287176622270e-02 4.336495780916007486e-02 5.483173978878525673e-02 6.211509660175771469e-02 6.459923271643146225e-02 7.090220771455732485e-02 7.608977028488127237e-02 7.845948755221206217e-02 7.953414200357954156e-02 8.541018505170007435e-02
-7.704946694174619193e-02 -7.156791186361810553e-02 -7.089708179124160070e-02 -6.773440260066791729e-02 -6.420050781616812308e-02 -5.860634028671736495e-02 -5.634529125382654186e-02 -4.826201643425333254e-02 -3.858151581744093811e-02 -3.758745332088769819e-02 -3.051834263344411352e-02 -2.285453095994238043e-02 -1.855839916604734574e-02 -1.393493985869519169e-02 -2.213002140639160845e-03 2.213002140639189035e-03 1.393493985869519516e-02 1.855839916604745329e-02 2.285453095994242553e-02 3.051834263344406842e-02 3.758745332088769819e-02 3.858151581744115322e-02 4.826201643425333254e-02 5.634529125382635451e-02 5.860634028671733026e-02 6.420050781616787328e-02 6.773440260066768137e-02 7.089708179124144805e-02 7.156791186361778634e-02 7.704946694174680255e-02
-6.798905432467287901e-02 -6.327591625350818816e-02 -6.278432898447523780e-02 -5.890871529564191411e-02 -5.695415040483491065e-02 -5.209494612553162290e-02 -5.008060305276591101e-02 -4.161966919710948648e-02 -3.432263215885301977e-02 -3.248405455391927682e-02 -2.733853086236208776e-02 -1.980456527523334620e-02 -1.641771269040999057e-02 -1.196439304085278148e-02 -2.183913095023173791e-03 2.183913095023183766e-03 1.196439304085279189e-02 1.641771269041003914e-02 1.980456527523334620e-02 2.733853086236202878e-02 3.248405455391915886e-02 3.432263215885299201e-02 4.161966919710972934e-02 5.008060305276588325e-02 5.209494612553172005e-02 5.695415040483482044e-02 5.890871529564203901e-02 6.278432898447487698e-02 6.327591625350835469e-02 6.798905432467275411e-02
-5.814702883508785641e-02 -5.445617651253081143e-02 -5.408034176829084466e-02 -4.980113432542407348e-02 -4.909468240423794233e-02 -4.502864904767902438e-02 -4.328702110159036998e-02 -3.490375500654616797e-02 -2.979998592833678697e-02 -2.723182329426335896e-02 -2.377508167444782397e-02 -1.688207261492567432e-02 -1.395462323441928887e-02 -1.004105404608557003e-02 -2.011648740388352185e-03 2.011648740388369098e-03 1.004105404608558565e-02 1.395462323441927499e-02 1.688207261492569861e-02 2.377508167444798357e-02 2.723182329426340406e-02 2.979998592833669330e-02 3.490375500654600838e-02 4.328702110159067529e-02 4.502864904767906601e-02 4.909468240423815744e-02 4.980113432542397633e-02 5.408034176829065731e-02 5.445617651253058938e-02 5.814702883508839765e-02
-4.756694013485001510e-02 -4.501103925897631530e-02 -4.472801477237669382e-02 -4.083034118112795902e-02 -4.022292019159559584e-02 -3.736788349332189479e-02 -3.592762088464122872e-02 -2.811255180329116574e-02 -2.485170223523514715e-02 -2.197387484810395253e-02 -1.978586601878966345e-02 -1.397749562317904606e-02 -1.125084995261041269e-02 -8.145411779464937010e-03 -1.714321221872594503e-03 1.714321221872611850e-03 8.145411779464921398e-03 1.125084995261030514e-02 1.397749562317903912e-02 1.978586601878990978e-02 2.197387484810394559e-02 2.485170223523517491e-02 2.811255180329102349e-02 3.592762088464127035e-02 3.736788349332206133e-02 4.022292019159542931e-02 4.083034118112795902e-02 4.472801477237654116e-02 4.501103925897650959e-02 4.756694013485012612e-02
-3.643006688927719755e-02 -3.488871678409683624e-02 -3.465786114874440382e-02 -3.170025937639552732e-02 -3.061115380683256115e-02 -2.906851340186428906e-02 -2.796225813917406489e-02 -2.124415033175980003e-02 -1.942549999977866496e-02 -1.673618134254148057e-02 -1.533136319865625354e-02 -1.093973808469437398e-02 -8.430979351248783435e-03 -6.242343365287630029e-03 -1.321836816093657123e-03 1.321836816093650835e-03 6.242343365287632631e-03 8.430979351248760884e-03 1.093973808469438785e-02 1.533136319865619629e-02 1.673618134254153955e-02 1.942549999977858169e-02 2.124415033175992493e-02 2.796225813917418632e-02 2.906851340186417110e-02 3.061115380683234258e-02 3.170025937639529834e-02 3.465786114874435525e-02 3.488871678409664195e-02 3.643006688927707959e-02
-2.484454411921491537e-02 -2.405751908538327627e-02 -2.380592931653905536e-02 -2.190220698727662202e-02 -2.072758690180800945e-02 -2.007849273477578175e-02 -1.934741902141152645e-02 -1.429720426275078900e-02 -1.347799753556598243e-02 -1.145666252126807325e-02 -1.044453019917833576e-02 -7.648116225270913844e-03 -5.588005153105488412e-03 -4.284866369056668928e-03 -8.742553329883868615e-04 8.742553329883845847e-04 4.284866369056665458e-03 5.588005153105458922e-03 7.648116225270939865e-03 1.044453019917837740e-02 1.145666252126815304e-02 1.347799753556595641e-02 1.429720426275072134e-02 1.934741902141155767e-02 2.007849273477561175e-02 2.072758690180786026e-02 2.190220698727655610e-02 2.380592931653888189e-02 2.405751908538330749e-02 2.484454411921495354e-02
-1.276077458105925357e-02 -1.245514691270967374e-02 -1.220836749780789855e-02 -1.135496868694795859e-02 -1.059235789785237768e-02 -1.034840007198465674e-02 -1.003727813258289102e-02 -7.261940649164532607e-03 -6.973191736452676731e-03 -5.940110820900573393e-03 -5.285328500235728436e-03 -4.021144616123122940e-03 -2.771854802184406386e-03 -2.220213051060836509e-03 -4.178240194410156000e-04 4.178240194410179852e-04 2.220213051060830872e-03 2.771854802184396411e-03 4.021144616123127277e-03 5.285328500235763997e-03 5.940110820900554311e-03 6.973191736452696680e-03 7.261940649164544750e-03 1.003727813258289275e-02 1.034840007198463419e-02 1.059235789785235859e-02 1.135496868694787186e-02 1.220836749780783610e-02 1.245514691270961476e-02 1.276077458105919285e-02
-1.124310149563456532e-07 -1.102371111343225530e-07 -1.065338235237230515e-07 -1.005908293124897034e-07 -9.345852456826419734e-08 -9.047200192063395093e-08 -8.870924555862220494e-08 -6.391418693221453651e-08 -6.078321777657539881e-08 -5.289166809777173076e-08 -4.545551084392355829e-08 -3.616836556309754133e-08 -2.350593249221887626e-08 -1.972381620364609909e-08 -3.273696387489335432e-09 3.273696387489366038e-09 1.972381620364612556e-08 2.350593249221884979e-08 3.616836556309759426e-08 4.545551084392382299e-08 5.289166809777181679e-08 6.078321777657533264e-08 6.391418693221440416e-08 8.870924555862227111e-08 9.047200192063399063e-08 9.345852456826430322e-08 1.005908293124897299e-07 1.065338235237224427e-07 1.102371111343216265e-07 1.124310149563454018e-07
