-2.155135660614460325e-01 -2.052824899906285916e-01 -1.998677458843862720e-01 -1.711574357211117781e-01 -1.589788446832763325e-01 -1.536463688917914239e-01 -1.468974758431345617e-01 -1.222087749039853094e-01 -1.024145932170077433e-01 -8.954855461021332674e-02 -7.949090765867461439e-02 -7.160198713821967764e-02 -7.129296590570770309e-02 -1.974307228099340950e-02 -1.424945680869423546e-02 1.424945680869443669e-02 1.974307228099337133e-02 7.129296590570786962e-02 7.160198713821959438e-02 7.949090765867521113e-02 8.954855461021335450e-02 1.024145932170077156e-01 1.222087749039851706e-01 1.468974758431346728e-01 1.536463688917913128e-01 1.589788446832764435e-01 1.711574357211124442e-01 1.998677458843865773e-01 2.052824899906297851e-01 2.155135660614475035e-01
-2.146209973075983712e-01 -2.052632952998958427e-01 -1.994199765327764606e-01 -1.706226305458308501e-01 -1.578806294903127849e-01 -1.519245732192440190e-01 -1.459745556614879258e-01 -1.204362151926518937e-01 -1.014739744239713665e-01 -8.667292833158962706e-02 -7.724022871013078162e-02 -6.989702300924474643e-02 -6.949556477242757602e-02 -1.986680747327635582e-02 -1.415160241852686171e-02 1.415160241852695538e-02 1.986680747327644950e-02 6.949556477242725683e-02 6.989702300924448275e-02 7.724022871013105918e-02 8.667292833158912746e-02 1.014739744239711444e-01 1.204362151926503949e-01 1.459745556614875928e-01 1.519245732192431864e-01 1.578806294903125351e-01 1.706226305458305448e-01 1.994199765327752949e-01 2.052632952998970639e-01 2.146209973075978161e-01
-2.137669286001747937e-01 -2.049889837441808138e-01 -1.987323297540211364e-01 -1.699644120629745514e-01 -1.568270366869495003e-01 -1.500960759189287064e-01 -1.450958425677809360e-01 -1.186796374531651904e-01 -1.006052085580872724e-01 -8.387983411550653523e-02 -7.496961773904638193e-02 -6.826176007380330146e-02 -6.774914446232901954e-02 -1.999497584235171432e-02 -1.405217448994871589e-02 1.405217448994845221e-02 1.999497584235166575e-02 6.774914446232893628e-02 6.826176007380320432e-02 7.496961773904599335e-02 8.387983411550624380e-02 1.006052085580861205e-01 1.186796374531646908e-01 1.450958425677812969e-01 1.500960759189285398e-01 1.568270366869496668e-01 1.699644120629743294e-01 1.987323297540213307e-01 2.049889837441791762e-01 2.137669286001738778e-01
-2.129699713027667918e-01 -2.044759360737482268e-01 -1.977952936897443559e-01 -1.691804831712734047e-01 -1.558235979473795163e-01 -1.481685227050101861e-01 -1.442615362731370643e-01 -1.169469572840249744e-01 -9.980957137778548316e-02 -8.118625379906405093e-02 -7.267092337495208165e-02 -6.668364963898336384e-02 -6.606564468075368235e-02 -2.012818134157946803e-02 -1.395100651439518634e-02 1.395100651439524359e-02 2.012818134157929109e-02 6.606564468075419583e-02 6.668364963898321118e-02 7.267092337495205390e-02 8.118625379906352357e-02 9.980957137778484478e-02 1.169469572840260013e-01 1.442615362731374529e-01 1.481685227050105746e-01 1.558235979473791277e-01 1.691804831712724055e-01 1.977952936897445224e-01 2.044759360737491150e-01 2.129699713027661812e-01
-2.122363437805609709e-01 -2.037478468605678217e-01 -1.966120282988903789e-01 -1.682692090814131292e-01 -1.548743788508194497e-01 -1.461559068098238767e-01 -1.434666454163863458e-01 -1.152456454728879726e-01 -9.908779158184680136e-02 -7.860864255635761910e-02 -7.034077279293503293e-02 -6.515257749963726530e-02 -6.444966074460189986e-02 -2.026706354969120064e-02 -1.384793797835135072e-02 1.384793797835138021e-02 2.026706354969137411e-02 6.444966074460249661e-02 6.515257749963770939e-02 7.034077279293518559e-02 7.860864255635725828e-02 9.908779158184745361e-02 1.152456454728876117e-01 1.434666454163865679e-01 1.461559068098237657e-01 1.548743788508190333e-01 1.682692090814136010e-01 1.966120282988907675e-01 2.037478468605688486e-01 2.122363437805614150e-01
-2.115603303736074692e-01 -2.028337240866470714e-01 -1.951973727482912702e-01 -1.672298516217245457e-01 -1.539822751396974221e-01 -1.441039455267783820e-01 -1.426752045038293948e-01 -1.135827650520503940e-01 -9.843997825592346040e-02 -7.616021059699218387e-02 -6.798904911717450206e-02 -6.365044738532051050e-02 -6.290305005640522973e-02 -2.041228893429011468e-02 -1.374281903717532692e-02 1.374281903717552294e-02 2.041228893429031244e-02 6.290305005640471625e-02 6.365044738532001090e-02 6.798904911717365551e-02 7.616021059699208673e-02 9.843997825592229467e-02 1.135827650520508381e-01 1.426752045038294503e-01 1.441039455267783820e-01 1.539822751396970335e-01 1.672298516217244624e-01 1.951973727482914645e-01 2.028337240866482927e-01 2.115603303736079410e-01
-2.109279251038291558e-01 -2.017651955769492744e-01 -1.935740695910644071e-01 -1.660628275133615717e-01 -1.531493477667763004e-01 -1.424268191212417767e-01 -1.414831129303039947e-01 -1.119649950553140566e-01 -9.786554446476936064e-02 -7.384824352578228668e-02 -6.565667273201013232e-02 -6.213458555656987264e-02 -6.142636560940948481e-02 -2.056454016696904544e-02 -1.363551509904771877e-02 1.363551509904778990e-02 2.056454016696906972e-02 6.142636560940949869e-02 6.213458555656983101e-02 6.565667273201042375e-02 7.384824352578277240e-02 9.786554446476961044e-02 1.119649950553149031e-01 1.414831129303035229e-01 1.424268191212409440e-01 1.531493477667758007e-01 1.660628275133617382e-01 1.935740695910629638e-01 2.017651955769493299e-01 2.109279251038299885e-01
-2.103216128175834088e-01 -2.005736872074669053e-01 -1.917682033821007104e-01 -1.647699698052210449e-01 -1.523770791861130680e-01 -1.416319113959761955e-01 -1.393930723664444093e-01 -1.103986409238960353e-01 -9.736312667814960020e-02 -7.167290523024533178e-02 -6.345089253538005458e-02 -6.050314601940778858e-02 -6.001929060237310570e-02 -2.072450382714082981e-02 -1.352591089615324225e-02 1.352591089615319889e-02 2.072450382714078818e-02 6.001929060237288366e-02 6.050314601940787879e-02 6.345089253537981866e-02 7.167290523024544280e-02 9.736312667814862876e-02 1.103986409238956190e-01 1.393930723664435767e-01 1.416319113959766118e-01 1.523770791861132345e-01 1.647699698052203787e-01 1.917682033821013765e-01 2.005736872074664889e-01 2.103216128175829369e-01
-2.097242304150666592e-01 -1.992881027687070095e-01 -1.898056097600433201e-01 -1.633547661457695754e-01 -1.516665319014208479e-01 -1.410449395311278442e-01 -1.370892510408275866e-01 -1.088896321399023120e-01 -9.693049964111333239e-02 -6.962823845393588396e-02 -6.155340850837361794e-02 -5.868198045982399996e-02 -5.858457651725533510e-02 -2.089285698196540614e-02 -1.341391357702687373e-02 1.341391357702676271e-02 2.089285698196536797e-02 5.858457651725579307e-02 5.868198045982459671e-02 6.155340850837384692e-02 6.962823845393639743e-02 9.693049964111315198e-02 1.088896321399023953e-01 1.370892510408278364e-01 1.410449395311279830e-01 1.516665319014215418e-01 1.633547661457685762e-01 1.898056097600427650e-01 1.992881027687063988e-01 2.097242304150661596e-01
-2.091211166300869506e-01 -1.979333077887200087e-01 -1.877098541988923008e-01 -1.618225467826314989e-01 -1.510184278637187183e-01 -1.405399378638397534e-01 -1.347071879444859677e-01 -1.074435080419953586e-01 -9.656448610180172476e-02 -6.770465401627807911e-02 -6.004487989102400003e-02 -5.741000973779462890e-02 -5.631560526187787824e-02 -2.107025323753993970e-02 -1.329945435575015551e-02 1.329945435575022837e-02 2.107025323753989807e-02 5.631560526187756599e-02 5.741000973779444849e-02 6.004487989102407636e-02 6.770465401627814850e-02 9.656448610180094760e-02 1.074435080419945537e-01 1.347071879444864673e-01 1.405399378638390873e-01 1.510184278637191346e-01 1.618225467826311936e-01 1.877098541988926061e-01 1.979333077887198700e-01 2.091211166300864510e-01
-2.085008180714154058e-01 -1.965293709684004519e-01 -1.855015099295473091e-01 -1.601806010608156083e-01 -1.504331714470394654e-01 -1.401018402042528421e-01 -1.322711645453322205e-01 -1.060653930004831769e-01 -9.626086059592373068e-02 -6.589153993704185974e-02 -5.882084898983189897e-02 -5.620373117301798865e-02 -5.381328233163461955e-02 -2.125730889527069345e-02 -1.318248830486709253e-02 1.318248830486703528e-02 2.125730889527061018e-02 5.381328233163475139e-02 5.620373117301821070e-02 5.882084898983198917e-02 6.589153993704216505e-02 9.626086059592342536e-02 1.060653930004821638e-01 1.322711645453329421e-01 1.401018402042528421e-01 1.504331714470396042e-01 1.601806010608158581e-01 1.855015099295474756e-01 1.965293709684006462e-01 2.085008180714149895e-01
-2.078549418684331740e-01 -1.950913682020369022e-01 -1.831982130574658085e-01 -1.584382143208670213e-01 -1.499108300896406509e-01 -1.397269239706583066e-01 -1.297937586061012061e-01 -1.047599622322007845e-01 -9.601424637958529129e-02 -6.417911980059196053e-02 -5.777742344655655699e-02 -5.505971614813223031e-02 -5.119593659035093919e-02 -2.145458979436613844e-02 -1.306299197245332396e-02 1.306299197245340896e-02 2.145458979436604824e-02 5.119593659035134858e-02 5.505971614813227194e-02 5.777742344655646678e-02 6.417911980059129440e-02 9.601424637958524966e-02 1.047599622322011037e-01 1.297937586061019555e-01 1.397269239706592503e-01 1.499108300896412616e-01 1.584382143208675486e-01 1.831982130574660306e-01 1.950913682020368189e-01 2.078549418684321748e-01
-2.071776280573695561e-01 -1.936295533167135263e-01 -1.808150751028383407e-01 -1.566066377959097200e-01 -1.494510721082978610e-01 -1.394136764300308307e-01 -1.272850044826820959e-01 -1.035313994869234422e-01 -9.581800479197399856e-02 -6.255950573794430425e-02 -5.686363976437347478e-02 -5.397468246958307680e-02 -4.852577622106633848e-02 -2.166259925962738322e-02 -1.294095861856801692e-02 1.294095861856792325e-02 2.166259925962733812e-02 4.852577622106613725e-02 5.397468246958277843e-02 5.686363976437330131e-02 6.255950573794462344e-02 9.581800479197351283e-02 1.035313994869243581e-01 1.272850044826814020e-01 1.394136764300307474e-01 1.494510721082968063e-01 1.566066377959091371e-01 1.808150751028363701e-01 1.936295533167147476e-01 2.071776280573693896e-01
-2.064649073401086943e-01 -1.921497472703176668e-01 -1.783652112285330771e-01 -1.546990404750358261e-01 -1.490530310789635049e-01 -1.391610409566712558e-01 -1.247541911567604245e-01 -1.023833475223844269e-01 -9.566411712975292359e-02 -6.102738225073629091e-02 -5.605506631045180377e-02 -5.294486552327230811e-02 -4.583518451240858188e-02 -2.188176728804016452e-02 -1.281639096572803095e-02 1.281639096572797024e-02 2.188176728804033105e-02 4.583518451240811697e-02 5.294486552327246770e-02 5.605506631045224786e-02 6.102738225073615908e-02 9.566411712975338155e-02 1.023833475223823730e-01 1.247541911567604522e-01 1.391610409566704232e-01 1.490530310789639490e-01 1.546990404750349934e-01 1.783652112285340485e-01 1.921497472703175835e-01 2.064649073401101376e-01
-2.057140552990815718e-01 -1.906538477557333244e-01 -1.758602806443854694e-01 -1.527306107301232008e-01 -1.487149493615753659e-01 -1.389679009593110526e-01 -1.222104305184340822e-01 -1.013188514591276540e-01 -9.554306103294470109e-02 -5.958099628819353566e-02 -5.533612381398478330e-02 -5.196605388345756221e-02 -4.314333872874839826e-02 -2.211244066911158268e-02 -1.268929138919603836e-02 1.268929138919597417e-02 2.211244066911146819e-02 4.314333872874832887e-02 5.196605388345770793e-02 5.533612381398469310e-02 5.958099628819348709e-02 9.554306103294413210e-02 1.013188514591283063e-01 1.222104305184346928e-01 1.389679009593109138e-01 1.487149493615745333e-01 1.527306107301220073e-01 1.758602806443858024e-01 1.906538477557337685e-01 2.057140552990805171e-01
-2.049229663057532957e-01 -1.891404052231418775e-01 -1.733110225765283341e-01 -1.507198593766390371e-01 -1.484325640433107885e-01 -1.388328565626698319e-01 -1.196629261156144097e-01 -1.003402933190815222e-01 -9.544368719336522588e-02 -5.822454859100258118e-02 -5.469066344347425779e-02 -5.103364935545778858e-02 -4.046315993364953123e-02 -2.235487305033746763e-02 -1.255964936201016229e-02 1.255964936201010851e-02 2.235487305033743988e-02 4.046315993365082880e-02 5.103364935545776776e-02 5.469066344347388309e-02 5.822454859100244934e-02 9.544368719336521201e-02 1.003402933190817858e-01 1.196629261156151730e-01 1.388328565626707201e-01 1.484325640433105109e-01 1.507198593766391204e-01 1.733110225765286116e-01 1.891404052231426547e-01 2.049229663057533513e-01
-2.040895271623857365e-01 -1.876052505035778195e-01 -1.707278304760778687e-01 -1.487204891457321598e-01 -1.481668746344536602e-01 -1.387540450267715220e-01 -1.171211569739212810e-01 -9.944931264393346015e-02 -9.535310887288658832e-02 -5.697423006026562653e-02 -5.409285259420541087e-02 -5.014274082204171756e-02 -3.780431497811991698e-02 -2.260921271545865419e-02 -1.242742560687725914e-02 1.242742560687710822e-02 2.260921271545860908e-02 3.780431497811983371e-02 5.014274082204135674e-02 5.409285259420506392e-02 5.697423006026567510e-02 9.535310887288722670e-02 9.944931264393325199e-02 1.171211569739201430e-01 1.387540450267711611e-01 1.481668746344538545e-01 1.487204891457324929e-01 1.707278304760780352e-01 1.876052505035797069e-01 2.040895271623874296e-01
-2.032109535337153772e-01 -1.860421929732521407e-01 -1.681214717421501414e-01 -1.480748272317963798e-01 -1.465903081077231662e-01 -1.387288313929757877e-01 -1.145950439457348730e-01 -9.864670284269168310e-02 -9.525662650759120220e-02 -5.587129105073799368e-02 -5.349258757165709782e-02 -4.928818908932981052e-02 -3.517467470962189896e-02 -2.287548288385960263e-02 -1.229253160237141033e-02 1.229253160237144850e-02 2.287548288385955753e-02 3.517467470962187814e-02 4.928818908933014359e-02 5.349258757165702843e-02 5.587129105073826429e-02 9.525662650759098016e-02 9.864670284269246026e-02 1.145950439457347481e-01 1.387288313929759820e-01 1.465903081077237213e-01 1.480748272317960190e-01 1.681214717421502247e-01 1.860421929732537782e-01 2.032109535337136841e-01
-2.022830561446027353e-01 -1.844438311059772850e-01 -1.655041797545740156e-01 -1.479399987292143170e-01 -1.445602926793707887e-01 -1.387529223763525610e-01 -1.120951309577945670e-01 -9.793226956805459182e-02 -9.513771783045568697e-02 -5.499249736259762683e-02 -5.280419796955998502e-02 -4.846472049351654293e-02 -3.258113205412867946e-02 -2.315353970838492786e-02 -1.215480146391081408e-02 1.215480146391067530e-02 2.315353970838500072e-02 3.258113205412809660e-02 4.846472049351629313e-02 5.280419796955981154e-02 5.499249736259738397e-02 9.513771783045606167e-02 9.793226956805455019e-02 1.120951309577940952e-01 1.387529223763519781e-01 1.445602926793706777e-01 1.479399987292140950e-01 1.655041797545742099e-01 1.844438311059770352e-01 2.022830561446025410e-01
-2.012994359644103004e-01 -1.828025191440105501e-01 -1.628916289024431863e-01 -1.478472453256609587e-01 -1.425615694500458885e-01 -1.388166167656593453e-01 -1.096328124265696508e-01 -9.730465450005551520e-02 -9.497810795401560868e-02 -5.439939529978586596e-02 -5.195667930334106621e-02 -4.766702708297971408e-02 -3.003019146520701302e-02 -2.344294898799975657e-02 -1.201394991714561065e-02 1.201394991714558290e-02 2.344294898799988494e-02 3.003019146520719343e-02 4.766702708297961694e-02 5.195667930334134377e-02 5.439939529978605331e-02 9.497810795401519235e-02 9.730465450005561234e-02 1.096328124265708304e-01 1.388166167656590122e-01 1.425615694500448616e-01 1.478472453256604036e-01 1.628916289024428810e-01 1.828025191440107444e-01 2.012994359644098563e-01
-2.002506730180831918e-01 -1.811115029903934137e-01 -1.603070514116763934e-01 -1.477710405786728798e-01 -1.406618300579774161e-01 -1.388756308447388621e-01 -1.072206618548724733e-01 -9.676120469227315890e-02 -9.475784237703356594e-02 -5.405787688174391176e-02 -5.097382255509449317e-02 -4.688987094739258815e-02 -2.752887747506006441e-02 -2.374239412368533975e-02 -1.186950301758200703e-02 1.186950301758184743e-02 2.374239412368520444e-02 2.752887747505996727e-02 4.688987094739299755e-02 5.097382255509410459e-02 5.405787688174352318e-02 9.475784237703345492e-02 9.676120469227353360e-02 1.072206618548726814e-01 1.388756308447376964e-01 1.406618300579770553e-01 1.477710405786724079e-01 1.603070514116762268e-01 1.811115029903934970e-01 2.002506730180841910e-01
-1.991236043075675644e-01 -1.793661711684141624e-01 -1.577908302987736933e-01 -1.476733147774670074e-01 -1.394604254266675059e-01 -1.383480264022760309e-01 -1.048729898939298882e-01 -9.629804071298808665e-02 -9.445514665210615057e-02 -5.389298695701420089e-02 -4.991924243445722276e-02 -4.612818895237962014e-02 -2.509441968144278737e-02 -2.404025383319796302e-02 -1.172067191302943352e-02 1.172067191302931209e-02 2.404025383319773057e-02 2.509441968144264165e-02 4.612818895237992545e-02 4.991924243445706316e-02 5.389298695701447844e-02 9.445514665210552607e-02 9.629804071298808665e-02 1.048729898939312066e-01 1.383480264022755868e-01 1.394604254266684773e-01 1.476733147774675348e-01 1.577908302987741096e-01 1.793661711684131632e-01 1.991236043075666207e-01
-1.979004917725435686e-01 -1.775652783924926981e-01 -1.554242584745504641e-01 -1.474751810188656698e-01 -1.394995611791455536e-01 -1.367066639825693097e-01 -1.026069910750079667e-01 -9.590996052870037758e-02 -9.404613480645301893e-02 -5.385395124016140178e-02 -4.883131202660009884e-02 -4.537718983594679623e-02 -2.439589583264154676e-02 -2.267326879355592226e-02 -1.156609812923360507e-02 1.156609812923350793e-02 2.267326879355594307e-02 2.439589583264168554e-02 4.537718983594656724e-02 4.883131202660035558e-02 5.385395124016166546e-02 9.404613480645335200e-02 9.590996052870041921e-02 1.026069910750085773e-01 1.367066639825683105e-01 1.394995611791457202e-01 1.474751810188659196e-01 1.554242584745504918e-01 1.775652783924931144e-01 1.979004917725435408e-01
-1.965568942094340632e-01 -1.757119306185075391e-01 -1.533807687309679813e-01 -1.470051737982709106e-01 -1.397265984100361236e-01 -1.350161985292582245e-01 -1.004457482468755491e-01 -9.558787321867201481e-02 -9.350542556139572470e-02 -5.391299897290860454e-02 -4.772445037010311641e-02 -4.463242343581386856e-02 -2.472012737101947355e-02 -2.036120465988604245e-02 -1.140327830401851629e-02 1.140327830401854231e-02 2.036120465988616388e-02 2.472012737101936253e-02 4.463242343581329263e-02 4.772445037010272090e-02 5.391299897290870169e-02 9.350542556139580797e-02 9.558787321867177889e-02 1.004457482468765067e-01 1.350161985292583355e-01 1.397265984100370395e-01 1.470051737982715212e-01 1.533807687309673429e-01 1.757119306185076224e-01 1.965568942094351734e-01
-1.950567305575036103e-01 -1.738141202577094535e-01 -1.519440529844158505e-01 -1.459809753097890406e-01 -1.400093070600473000e-01 -1.334164050018089298e-01 -9.842940589451588951e-02 -9.530665524595403892e-02 -9.280840787136029890e-02 -5.405346098834586110e-02 -4.660135007580726296e-02 -4.388976769510358894e-02 -2.505734544327303456e-02 -1.812258633385812473e-02 -1.122707234862859067e-02 1.122707234862852475e-02 1.812258633385799983e-02 2.505734544327315946e-02 4.388976769510320730e-02 4.660135007580692990e-02 5.405346098834578478e-02 9.280840787136070136e-02 9.530665524595469118e-02 9.842940589451454336e-02 1.334164050018090408e-01 1.400093070600477441e-01 1.459809753097883189e-01 1.519440529844150178e-01 1.738141202577093702e-01 1.950567305575032218e-01
-1.933492350950155314e-01 -1.718846874353613663e-01 -1.512403617911996512e-01 -1.442770266487656550e-01 -1.403286475779577935e-01 -1.319277152651879281e-01 -9.668187009665336895e-02 -9.495675889470157893e-02 -9.193430194185434057e-02 -5.426337408596881851e-02 -4.546009256782796576e-02 -4.314517765488942724e-02 -2.540053607619771961e-02 -1.597981992759600969e-02 -1.102505572835932313e-02 1.102505572835903516e-02 1.597981992759602010e-02 2.540053607619773696e-02 4.314517765488960072e-02 4.546009256782819474e-02 5.426337408596877687e-02 9.193430194185349402e-02 9.495675889470188424e-02 9.668187009665364651e-02 1.319277152651881502e-01 1.403286475779572939e-01 1.442770266487646003e-01 1.512403617911990128e-01 1.718846874353608944e-01 1.933492350950147265e-01
-1.913860685007743312e-01 -1.699407198401518548e-01 -1.510459312141246291e-01 -1.421172861236373319e-01 -1.406752068346049656e-01 -1.305528974496540928e-01 -9.568302075568363430e-02 -9.406811034210162126e-02 -9.087121622932135823e-02 -5.453262553048437294e-02 -4.429863552316432723e-02 -4.239370667650604885e-02 -2.574579748304228061e-02 -1.397709106027658285e-02 -1.075896816329830787e-02 1.075896816329845705e-02 1.397709106027684133e-02 2.574579748304222857e-02 4.239370667650585456e-02 4.429863552316448683e-02 5.453262553048403294e-02 9.087121622932109455e-02 9.406811034210174616e-02 9.568302075568344001e-02 1.305528974496540096e-01 1.406752068346049656e-01 1.421172861236369156e-01 1.510459312141248511e-01 1.699407198401516328e-01 1.913860685007738593e-01
-1.891631723870656756e-01 -1.680025165037155599e-01 -1.511143233943486319e-01 -1.410443710342629275e-01 -1.397439308082143450e-01 -1.292845389074697982e-01 -9.542798469078878076e-02 -9.264235883049987130e-02 -8.962527152916230366e-02 -5.485162389558903562e-02 -4.312044169256779025e-02 -4.162607644060147688e-02 -2.608834086810039865e-02 -1.227545538556852958e-02 -1.027317069071835044e-02 1.027317069071808850e-02 1.227545538556849836e-02 2.608834086810049580e-02 4.162607644060131729e-02 4.312044169256754739e-02 5.485162389558887602e-02 8.962527152916256734e-02 9.264235883050039866e-02 9.542798469078851709e-02 1.292845389074699369e-01 1.397439308082137899e-01 1.410443710342624002e-01 1.511143233943475217e-01 1.680025165037147550e-01 1.891631723870661752e-01
-1.867386056245858295e-01 -1.660922807663323675e-01 -1.513145647573374275e-01 -1.414226263059675526e-01 -1.372907169608500455e-01 -1.281066051430397590e-01 -9.538380904387298853e-02 -9.119155023050075359e-02 -8.822514311084092564e-02 -5.521060210232754673e-02 -4.194852330877245350e-02 -4.081644931139025156e-02 -2.642155991373411339e-02 -1.128447606011895830e-02 -9.163272181773349928e-03 9.163272181773632688e-03 1.128447606011873106e-02 2.642155991373398849e-02 4.081644931139000870e-02 4.194852330877248126e-02 5.521060210232843490e-02 8.822514311084053706e-02 9.119155023050050379e-02 9.538380904387259995e-02 1.281066051430395925e-01 1.372907169608511280e-01 1.414226263059681910e-01 1.513145647573373442e-01 1.660922807663335610e-01 1.867386056245856629e-01
-1.842013146981079652e-01 -1.642326958363802270e-01 -1.515814184195672931e-01 -1.418031782965005483e-01 -1.348157772581785041e-01 -1.269958341047698336e-01 -9.541982073652917340e-02 -8.982143651429397302e-02 -8.670749098967917012e-02 -5.559918643593061982e-02 -4.085954410768197903e-02 -3.989016161574344965e-02 -2.673611357910229622e-02 -1.086079937283464768e-02 -7.577511042722943554e-03 7.577511042723071057e-03 1.086079937283472227e-02 2.673611357910241418e-02 3.989016161574368557e-02 4.085954410768212475e-02 5.559918643593080023e-02 8.670749098967880930e-02 8.982143651429451425e-02 9.541982073652890972e-02 1.269958341047693340e-01 1.348157772581775049e-01 1.418031782964999932e-01 1.515814184195676539e-01 1.642326958363796441e-01 1.842013146981074934e-01
-1.816382380450109746e-01 -1.624455666307237367e-01 -1.518763142219252127e-01 -1.421724732965827520e-01 -1.323528876322207226e-01 -1.259236162767955747e-01 -9.550288520139527115e-02 -8.855633218944368446e-02 -8.509536214623185379e-02 -5.600607994251814020e-02 -3.995624479267882723e-02 -3.875333313430377735e-02 -2.701871538801765490e-02 -1.059563670566371005e-02 -5.929142795811860947e-03 5.929142795811457624e-03 1.059563670566361811e-02 2.701871538801776246e-02 3.875333313430402715e-02 3.995624479267895907e-02 5.600607994251835531e-02 8.509536214623174277e-02 8.855633218944371221e-02 9.550288520139472992e-02 1.259236162767957135e-01 1.323528876322208891e-01 1.421724732965835014e-01 1.518763142219253515e-01 1.624455666307239310e-01 1.816382380450114464e-01
-1.791255268507841170e-01 -1.607509367541266332e-01 -1.521706695117029384e-01 -1.425125994032806487e-01 -1.299244419217754631e-01 -1.248579061780501487e-01 -9.561666610249154596e-02 -8.742166423762261218e-02 -8.339468709474663621e-02 -5.641880071018730985e-02 -3.921688347088853749e-02 -3.744571803708175023e-02 -2.725053272732200563e-02 -1.037214284995393795e-02 -4.338883595962282971e-03 4.338883595962174551e-03 1.037214284995382693e-02 2.725053272732184256e-02 3.744571803708190982e-02 3.921688347088848198e-02 5.641880071018656739e-02 8.339468709474669172e-02 8.742166423762209870e-02 9.561666610249150433e-02 1.248579061780502042e-01 1.299244419217752133e-01 1.425125994032803711e-01 1.521706695117021058e-01 1.607509367541258005e-01 1.791255268507842557e-01
-1.767320097072106744e-01 -1.591677313544652972e-01 -1.524386849454542336e-01 -1.427981874149377994e-01 -1.275511358511702831e-01 -1.237636022135697872e-01 -9.574915751834195410e-02 -8.644269649162771019e-02 -8.160650558515819553e-02 -5.682346176041217639e-02 -3.858968437832580034e-02 -3.604870060367294793e-02 -2.740525360640806707e-02 -1.015952138957906294e-02 -2.840601886915954197e-03 2.840601886916365761e-03 1.015952138957900222e-02 2.740525360640838279e-02 3.604870060367264956e-02 3.858968437832623055e-02 5.682346176041232211e-02 8.160650558515822328e-02 8.644269649162686364e-02 9.574915751834187083e-02 1.237636022135703839e-01 1.275511358511711157e-01 1.427981874149384378e-01 1.524386849454540949e-01 1.591677313544645200e-01 1.767320097072108409e-01
-1.745227531725401793e-01 -1.577183639709063834e-01 -1.526528090131434034e-01 -1.429925496500713822e-01 -1.252636323617545566e-01 -1.225966375163118072e-01 -9.588987835710303942e-02 -8.563577321766001338e-02 -7.973745937280528329e-02 -5.720460875657566724e-02 -3.806997515302245477e-02 -3.461035632478576263e-02 -2.744718039991334360e-02 -9.945904735928138077e-03 -1.448252469004357402e-03 1.448252469004172437e-03 9.945904735928021850e-03 2.744718039991333666e-02 3.461035632478591528e-02 3.806997515302226048e-02 5.720460875657573663e-02 7.973745937280467266e-02 8.563577321765990236e-02 9.588987835710258145e-02 1.225966375163113492e-01 1.252636323617544456e-01 1.429925496500710769e-01 1.526528090131430981e-01 1.577183639709066332e-01 1.745227531725387637e-01
-1.725575779696834067e-01 -1.564422065923297689e-01 -1.527764004928079677e-01 -1.430431690726488569e-01 -1.231322707464932859e-01 -1.212778382642454994e-01 -9.602906084866080771e-02 -8.500683665844756265e-02 -7.780155890098743032e-02 -5.754515518603331437e-02 -3.767594619892929847e-02 -3.317079494104262227e-02 -2.733017804592563840e-02 -9.724809336494838127e-03 -1.693478395364427826e-04 1.693478395368771682e-04 9.724809336494822515e-03 2.733017804592552044e-02 3.317079494104242798e-02 3.767594619892918745e-02 5.754515518603332130e-02 7.780155890098856830e-02 8.500683665844757653e-02 9.602906084866000280e-02 1.212778382642449027e-01 1.231322707464928001e-01 1.430431690726487182e-01 1.527764004928086894e-01 1.564422065923296024e-01 1.725575779696836842e-01
-1.708827113151123456e-01 -1.554230353424047861e-01 -1.527465347289316544e-01 -1.428794271251803694e-01 -1.212987358210467076e-01 -1.196631240317933831e-01 -9.615731456469972516e-02 -8.455452378399740121e-02 -7.581735272799619563e-02 -5.782647435010847964e-02 -3.742976865731369174e-02 -3.177933320067227035e-02 -2.699918302350992963e-02 -9.491798925787763366e-03 -9.914536233674650645e-04 9.914536233675697984e-04 9.491798925787746019e-03 2.699918302350974575e-02 3.177933320067204137e-02 3.742976865731378194e-02 5.782647435010802861e-02 7.581735272799541847e-02 8.455452378399715141e-02 9.615731456470016925e-02 1.196631240317937855e-01 1.212987358210468186e-01 1.428794271251801751e-01 1.527465347289323205e-01 1.554230353424047029e-01 1.708827113151129007e-01
-1.695169767722420895e-01 -1.547924712318366758e-01 -1.524756827519228308e-01 -1.424203408773020707e-01 -1.197856087101098754e-01 -1.177343168670520468e-01 -9.626527089188403885e-02 -8.427343784244538394e-02 -7.380517194734191599e-02 -5.802872009061117026e-02 -3.734544473348840044e-02 -3.049655773950207469e-02 -2.639982281538942252e-02 -9.244004993213544505e-03 -2.030832644886015458e-03 2.030832644886200206e-03 9.244004993213383176e-03 2.639982281538921088e-02 3.049655773950194979e-02 3.734544473348905963e-02 5.802872009061094127e-02 7.380517194734165232e-02 8.427343784244561986e-02 9.626527089188448294e-02 1.177343168670528378e-01 1.197856087101101252e-01 1.424203408773024870e-01 1.524756827519224145e-01 1.547924712318361484e-01 1.695169767722430887e-01
-1.684381688521295883e-01 -1.545790721168351922e-01 -1.519874776051583776e-01 -1.416013211150246032e-01 -1.184217959815239557e-01 -1.156729006893032347e-01 -9.634289401518444929e-02 -8.415622688302119847e-02 -7.178580301906468952e-02 -5.813144587326798951e-02 -3.742170628101807589e-02 -2.937060184774131777e-02 -2.550845548501640137e-02 -8.981370184172434920e-03 -2.945259347787749539e-03 2.945259347787710074e-03 8.981370184172457471e-03 2.550845548501624871e-02 2.937060184774141491e-02 3.742170628101833957e-02 5.813144587326789237e-02 7.178580301906542505e-02 8.415622688302160093e-02 9.634289401518478235e-02 1.156729006893041228e-01 1.184217959815246496e-01 1.416013211150259909e-01 1.519874776051582388e-01 1.545790721168348592e-01 1.684381688521293940e-01
-1.675759893317751437e-01 -1.546514077774433782e-01 -1.514398270264608604e-01 -1.404109916882636810e-01 -1.171117089649704318e-01 -1.135894968926063897e-01 -9.637813998097936874e-02 -8.419469739185635182e-02 -6.978029302438062964e-02 -5.811456489729018710e-02 -3.764202130525688694e-02 -2.839866672780001072e-02 -2.436943492289549498e-02 -8.710203938774269822e-03 -3.727998896475716740e-03 3.727998896476181212e-03 8.710203938774113697e-03 2.436943492289548804e-02 2.839866672779988929e-02 3.764202130525697021e-02 5.811456489729011077e-02 6.978029302438094883e-02 8.419469739185715673e-02 9.637813998098042345e-02 1.135894968926061538e-01 1.171117089649706261e-01 1.404109916882639586e-01 1.514398270264604440e-01 1.546514077774442941e-01 1.675759893317751992e-01
-1.668127128082555199e-01 -1.549097132670204102e-01 -1.509132285950484653e-01 -1.389042450566132791e-01 -1.158337612716562742e-01 -1.115243601229077702e-01 -9.635463270549628201e-02 -8.438037578298146490e-02 -6.781043200688163797e-02 -5.795963702875037149e-02 -3.797980056933477483e-02 -2.753627711879168272e-02 -2.307888038830603963e-02 -8.450683286883602444e-03 -4.362792284538587022e-03 4.362792284538108238e-03 8.450683286883633669e-03 2.307888038830609861e-02 2.753627711879178680e-02 3.797980056933484422e-02 5.795963702875057966e-02 6.781043200688220696e-02 8.438037578298085428e-02 9.635463270549700365e-02 1.115243601229072568e-01 1.158337612716563436e-01 1.389042450566132236e-01 1.509132285950492702e-01 1.549097132670200772e-01 1.668127128082557697e-01
-1.659916276139696001e-01 -1.553124989682125590e-01 -1.503969877414792211e-01 -1.371782637539827321e-01 -1.145893182888016865e-01 -1.094986162136281638e-01 -9.624816467159225120e-02 -8.470477475450319260e-02 -6.589966262951020559e-02 -5.765138918546300340e-02 -3.840383052759931137e-02 -2.674424498068387474e-02 -2.172987047453795242e-02 -8.248914841759720507e-03 -4.813353544510456071e-03 4.813353544510312956e-03 8.248914841759777752e-03 2.172987047453811896e-02 2.674424498068366657e-02 3.840383052759905463e-02 5.765138918546258706e-02 6.589966262950960885e-02 8.470477475450295668e-02 9.624816467159214017e-02 1.094986162136278862e-01 1.145893182888012701e-01 1.371782637539824268e-01 1.503969877414789713e-01 1.553124989682125034e-01 1.659916276139702107e-01
-1.649477927357946849e-01 -1.558346825359061272e-01 -1.498546183423173361e-01 -1.353397865128183331e-01 -1.133865074321403627e-01 -1.075321163180534695e-01 -9.602246058798336037e-02 -8.515950568302295409e-02 -6.407432842550385421e-02 -5.717929324565085986e-02 -3.888081129092907373e-02 -2.600762127953138922e-02 -2.038808276719521889e-02 -8.180161315093498198e-03 -5.021476332730579611e-03 5.021476332730321138e-03 8.180161315093395849e-03 2.038808276719517032e-02 2.600762127953121228e-02 3.888081129092908067e-02 5.717929324565056842e-02 6.407432842550415952e-02 8.515950568302314838e-02 9.602246058798294404e-02 1.075321163180534556e-01 1.133865074321405708e-01 1.353397865128181943e-01 1.498546183423175027e-01 1.558346825359052390e-01 1.649477927357949347e-01
-1.635778228831749337e-01 -1.564506022186429313e-01 -1.492527814804010811e-01 -1.334867262746489980e-01 -1.122387643837783056e-01 -1.056464923236594966e-01 -9.562647719660739842e-02 -8.573632347004112031e-02 -6.236526028630628299e-02 -5.653893291831519480e-02 -3.937491337329682844e-02 -2.532956300035012556e-02 -1.909576215033218297e-02 -8.303016334520133684e-03 -4.952693041466168372e-03 4.952693041466375672e-03 8.303016334520237768e-03 1.909576215033196439e-02 2.532956300034991740e-02 3.937491337329671048e-02 5.653893291831534051e-02 6.236526028630638013e-02 8.573632347004131460e-02 9.562647719660750945e-02 1.056464923236593023e-01 1.122387643837783749e-01 1.334867262746490812e-01 1.492527814804007480e-01 1.564506022186423484e-01 1.635778228831747394e-01
-1.619032460703952458e-01 -1.571237546981827937e-01 -1.485663119502158847e-01 -1.317025390908437565e-01 -1.111692521674751410e-01 -1.038570748204767774e-01 -9.499906125416203440e-02 -8.642715830563722779e-02 -6.080977503060146921e-02 -5.573268696153217683e-02 -3.984562920068099312e-02 -2.472291223988462572e-02 -1.788149970873460781e-02 -8.595256271076412088e-03 -4.656731106221022320e-03 4.656731106221097781e-03 8.595256271076096369e-03 1.788149970873433720e-02 2.472291223988417816e-02 3.984562920068088904e-02 5.573268696153213519e-02 6.080977503060160105e-02 8.642715830563632573e-02 9.499906125416200664e-02 1.038570748204755562e-01 1.111692521674749329e-01 1.317025390908439231e-01 1.485663119502149687e-01 1.571237546981825439e-01 1.619032460703944409e-01
-1.601104117167869156e-01 -1.577362747861094927e-01 -1.477767447582879201e-01 -1.300550147916881838e-01 -1.102150594030039121e-01 -1.021525922450246537e-01 -9.408833852348216786e-02 -8.722416000144439518e-02 -5.945407211210011061e-02 -5.476888693062179764e-02 -4.024559223893327264e-02 -2.420569814582499910e-02 -1.677060650926668478e-02 -8.980301362545333593e-03 -4.231421590160265242e-03 4.231421590160427439e-03 8.980301362545364818e-03 1.677060650926640029e-02 2.420569814582562360e-02 4.024559223893316856e-02 5.476888693062202662e-02 5.945407211209993020e-02 8.722416000144467274e-02 9.408833852348302829e-02 1.021525922450245982e-01 1.102150594030035374e-01 1.300550147916893218e-01 1.477767447582870874e-01 1.577362747861086600e-01 1.601104117167864160e-01
-1.592933702519266081e-01 -1.572774380602710853e-01 -1.468706297355732437e-01 -1.285952238802379188e-01 -1.094227391845740277e-01 -1.004753453323228435e-01 -9.288093878591843766e-02 -8.811975507695726795e-02 -5.835462008306456505e-02 -5.365895353193884942e-02 -4.052079422254008939e-02 -2.379985837014365196e-02 -1.579827828025102965e-02 -9.371156401003838052e-03 -3.761394589044304588e-03 3.761394589044157570e-03 9.371156401003553557e-03 1.579827828025078679e-02 2.379985837014382891e-02 4.052079422254033225e-02 5.365895353193862738e-02 5.835462008306450260e-02 8.811975507695696264e-02 9.288093878591791031e-02 1.004753453323229268e-01 1.094227391845734726e-01 1.285952238802373082e-01 1.468706297355734658e-01 1.572774380602707800e-01 1.592933702519264139e-01
-1.599168116226930836e-01 -1.553467648316700922e-01 -1.458386661927637551e-01 -1.273563553024052719e-01 -1.088298772981194790e-01 -9.873253636493400931e-02 -9.141411246424747949e-02 -8.910670028694898936e-02 -5.757328426069687616e-02 -5.241467504878097317e-02 -4.061664529681582175e-02 -2.353172881988452314e-02 -1.502546868299971770e-02 -9.661526743749964535e-03 -3.304555147402600361e-03 3.304555147402756920e-03 9.661526743750007903e-03 1.502546868299974372e-02 2.353172881988402007e-02 4.061664529681517644e-02 5.241467504878078582e-02 5.757328426069695249e-02 8.910670028694936406e-02 9.141411246424753501e-02 9.873253636493325991e-02 1.088298772981188822e-01 1.273563553024052442e-01 1.458386661927645878e-01 1.553467648316700367e-01 1.599168116226925840e-01
-1.607636379768154489e-01 -1.532041677378999378e-01 -1.446754283272721209e-01 -1.263537185948830077e-01 -1.084432758478624803e-01 -9.684188783611073770e-02 -9.017813611526212525e-02 -8.975517762466841964e-02 -5.716089102373962672e-02 -5.104922019971904618e-02 -4.049187060172115132e-02 -2.343250536563817529e-02 -1.453697597390054413e-02 -9.718671666761441105e-03 -2.896305942041223300e-03 2.896305942041302230e-03 9.718671666762395203e-03 1.453697597390033944e-02 2.343250536563809897e-02 4.049187060172109581e-02 5.104922019971916414e-02 5.716089102374026509e-02 8.975517762466797556e-02 9.017813611526202811e-02 9.684188783611061280e-02 1.084432758478633546e-01 1.263537185948836461e-01 1.446754283272724262e-01 1.532041677378999378e-01 1.607636379768156987e-01
-1.616629803389250386e-01 -1.510484638522880119e-01 -1.433794285620683395e-01 -1.255866232311871056e-01 -1.082341343132076777e-01 -9.476732308422813889e-02 -9.132739813511840665e-02 -8.797152676783677461e-02 -5.713656234725235372e-02 -4.957998969930465377e-02 -4.013502388537307231e-02 -2.353585606830260399e-02 -1.436973973850873450e-02 -9.452594599303476564e-03 -2.553678425577698714e-03 2.553678425577789787e-03 9.452594599303358602e-03 1.436973973850900164e-02 2.353585606830262827e-02 4.013502388537310700e-02 4.957998969930490357e-02 5.713656234725263128e-02 8.797152676783756564e-02 9.132739813511815685e-02 9.476732308422816664e-02 1.082341343132074557e-01 1.255866232311870223e-01 1.433794285620670073e-01 1.510484638522874568e-01 1.616629803389259268e-01
-1.625830679715449256e-01 -1.489303736023350477e-01 -1.419533698264687505e-01 -1.250414359131491460e-01 -1.081526817739233426e-01 -9.257985364065209055e-02 -9.248793243116272544e-02 -8.611393391980903811e-02 -5.748006655646152596e-02 -4.802872913984602976e-02 -3.957110789812557511e-02 -2.386956376238111299e-02 -1.443065897072336873e-02 -8.906205224749880536e-03 -2.278689913198845510e-03 2.278689913198695891e-03 8.906205224749743493e-03 1.443065897072319179e-02 2.386956376238140443e-02 3.957110789812536694e-02 4.802872913984601588e-02 5.748006655646209495e-02 8.611393391980912138e-02 9.248793243116229523e-02 9.257985364065232647e-02 1.081526817739236757e-01 1.250414359131487574e-01 1.419533698264698329e-01 1.489303736023350755e-01 1.625830679715447036e-01
-1.635095866080617244e-01 -1.468781833479766152e-01 -1.404043904625707773e-01 -1.246943564158040502e-01 -1.081463634764918552e-01 -9.383756709819396358e-02 -9.013756116026692966e-02 -8.421241285139972887e-02 -5.814268728445132900e-02 -4.641973580895791818e-02 -3.885209854527873347e-02 -2.444184361046459336e-02 -1.456919332307187939e-02 -8.198162266546090912e-03 -2.061513996289635921e-03 2.061513996289450305e-03 8.198162266546382346e-03 1.456919332307198695e-02 2.444184361046482235e-02 3.885209854527912898e-02 4.641973580895793206e-02 5.814268728445258494e-02 8.421241285139959010e-02 9.013756116026595822e-02 9.383756709819418562e-02 1.081463634764915221e-01 1.246943564158043277e-01 1.404043904625711936e-01 1.468781833479764765e-01 1.635095866080619187e-01
-1.644328809839316896e-01 -1.449137293717990826e-01 -1.387439590898749131e-01 -1.245128506340958396e-01 -1.081708687660257462e-01 -9.518558597976681246e-02 -8.768837929509899765e-02 -8.227430446844316569e-02 -5.906518743752613848e-02 -4.477896132430720516e-02 -3.804018803688637151e-02 -2.523035415362745448e-02 -1.468396748049650979e-02 -7.429133914938166119e-03 -1.882990974908210768e-03 1.882990974908044669e-03 7.429133914938023005e-03 1.468396748049669021e-02 2.523035415362741285e-02 3.804018803688674621e-02 4.477896132430824599e-02 5.906518743752699890e-02 8.227430446844349876e-02 8.768837929509895601e-02 9.518558597976660429e-02 1.081708687660251633e-01 1.245128506340962560e-01 1.387439590898750519e-01 1.449137293717993880e-01 1.644328809839314121e-01
-1.653453039291379323e-01 -1.430584876677191974e-01 -1.369871438764684313e-01 -1.244555476065079408e-01 -1.081940143569371238e-01 -9.658905342225267143e-02 -8.525450467284281797e-02 -8.027957351646050621e-02 -6.019034848571304386e-02 -4.313490938993519430e-02 -3.719581313411116780e-02 -2.618208205925907570e-02 -1.473735410525922433e-02 -6.667704425221041530e-03 -1.716032857034018987e-03 1.716032857034016385e-03 6.667704425221100510e-03 1.473735410525942556e-02 2.618208205925851018e-02 3.719581313411165352e-02 4.313490938993484736e-02 6.019034848571263446e-02 8.027957351645986783e-02 8.525450467284351186e-02 9.658905342225285184e-02 1.081940143569365687e-01 1.244555476065075800e-01 1.369871438764681537e-01 1.430584876677191974e-01 1.653453039291379600e-01
-1.662404416233022875e-01 -1.413382967556574554e-01 -1.351516449444525869e-01 -1.244709062803215915e-01 -1.081956242010859576e-01 -9.804253937490645110e-02 -8.294727104540872142e-02 -7.817704907704768613e-02 -6.146679507614161153e-02 -4.152176791237080500e-02 -3.637440279531610476e-02 -2.722019399368635906e-02 -1.472955866158005139e-02 -5.965871228291796252e-03 -1.526634878447408151e-03 1.526634878447677901e-03 5.965871228291843090e-03 1.472955866158037232e-02 2.722019399368643192e-02 3.637440279531582721e-02 4.152176791237066622e-02 6.146679507614132704e-02 7.817704907704790818e-02 8.294727104540892959e-02 9.804253937490681192e-02 1.081956242010857216e-01 1.244709062803223132e-01 1.351516449444521428e-01 1.413382967556575109e-01 1.662404416233027038e-01
-1.671128263719608154e-01 -1.397870031910712629e-01 -1.332582233483278478e-01 -1.244948426316950379e-01 -1.081656223136400891e-01 -9.954062809323960259e-02 -8.089045707338742008e-02 -7.590226803859655147e-02 -6.284642084966343689e-02 -3.998689974481753340e-02 -3.562964293063580756e-02 -2.824492263805941997e-02 -1.467530160255929583e-02 -5.368360270025840202e-03 -1.277610277836121501e-03 1.277610277835998986e-03 5.368360270026043164e-03 1.467530160255963584e-02 2.824492263805961773e-02 3.562964293063586307e-02 3.998689974481737380e-02 6.284642084966336750e-02 7.590226803859639881e-02 8.089045707338697599e-02 9.954062809324111527e-02 1.081656223136399642e-01 1.244948426316952322e-01 1.332582233483278200e-01 1.397870031910712629e-01 1.671128263719612039e-01
-1.679577795337062474e-01 -1.384469705714597154e-01 -1.313357279984372072e-01 -1.244468056718052579e-01 -1.081015211447247382e-01 -1.010776221762027249e-01 -7.917587215343699358e-02 -7.342889606590417839e-02 -6.427713862890889474e-02 -3.860979758993831473e-02 -3.501583903393497288e-02 -2.912000297544619157e-02 -1.459135683153878378e-02 -4.908784310075321559e-03 -9.399600012853405332e-04 9.399600012852301614e-04 4.908784310075392683e-03 1.459135683153850449e-02 2.912000297544605973e-02 3.501583903393477165e-02 3.860979758993873107e-02 6.427713862890845065e-02 7.342889606590383145e-02 7.917587215343689644e-02 1.010776221762029886e-01 1.081015211447249741e-01 1.244468056718055077e-01 1.313357279984361803e-01 1.384469705714602150e-01 1.679577795337074686e-01
-1.687712563297760759e-01 -1.373634050446215782e-01 -1.294366794444510305e-01 -1.242214849067332788e-01 -1.080059920106220955e-01 -1.026471753553501731e-01 -7.784762961493327249e-02 -7.079875645672341344e-02 -6.568794903577158950e-02 -3.754959169892938681e-02 -3.455430543804859783e-02 -2.966166178715499632e-02 -1.449203781644234877e-02 -4.597587794559267541e-03 -5.096985332236065973e-04 5.096985332235405694e-04 4.597587794560108881e-03 1.449203781644268357e-02 2.966166178715479509e-02 3.455430543804878518e-02 3.754959169892923415e-02 6.568794903577164501e-02 7.079875645672385753e-02 7.784762961493336964e-02 1.026471753553494098e-01 1.080059920106220539e-01 1.242214849067331400e-01 1.294366794444513080e-01 1.373634050446221055e-01 1.687712563297760482e-01
-1.695496320691261549e-01 -1.365705253591044388e-01 -1.276717275895721260e-01 -1.236698246015702635e-01 -1.078850127626407862e-01 -1.042415359509416273e-01 -7.695198576863429563e-02 -6.816659470839725454e-02 -6.689385880765226500e-02 -3.708409009149899599e-02 -3.412325457508113419e-02 -2.970957589428928347e-02 -1.438873820076666706e-02 -4.419926703527462218e-03 -1.386365806655324472e-05 1.386365806659392432e-05 4.419926703527581914e-03 1.438873820076717880e-02 2.970957589428974838e-02 3.412325457508072479e-02 3.708409009149965518e-02 6.689385880765200132e-02 6.816659470839740720e-02 7.695198576863469808e-02 1.042415359509412248e-01 1.078850127626417854e-01 1.236698246015700969e-01 1.276717275895716264e-01 1.365705253591047164e-01 1.695496320691255721e-01
-1.702893959006262503e-01 -1.360738051148508432e-01 -1.262216752612853043e-01 -1.226066963332164556e-01 -1.077479292620251855e-01 -1.058488868179492115e-01 -7.658321308610395450e-02 -6.816716216737167544e-02 -6.518272506732963878e-02 -3.733028235434318609e-02 -3.359315116522299666e-02 -2.926945937811787496e-02 -1.429111517086731863e-02 -4.351476247532346138e-03 -5.014340130662735782e-04 5.014340130663543513e-04 4.351476247532325321e-03 1.429111517086746434e-02 2.926945937811778822e-02 3.359315116522290645e-02 3.733028235434329017e-02 6.518272506732933347e-02 6.816716216737170320e-02 7.658321308610407940e-02 1.058488868179492948e-01 1.077479292620256573e-01 1.226066963332164833e-01 1.262216752612857762e-01 1.360738051148507322e-01 1.702893959006260283e-01
-1.709867318707312123e-01 -1.358412839489763768e-01 -1.251581367150291224e-01 -1.210021013370096432e-01 -1.076836417377612515e-01 -1.073736975983930753e-01 -7.684681904810908293e-02 -6.882598004305671979e-02 -6.244139124614950936e-02 -3.801722015061109738e-02 -3.308208337819818629e-02 -2.848257996087346852e-02 -1.420866700072918355e-02 -4.375840504947670247e-03 -9.853075623055926498e-04 9.853075623054814106e-04 4.375840504947393558e-03 1.420866700072927029e-02 2.848257996087331587e-02 3.308208337819800587e-02 3.801722015061092391e-02 6.244139124614949549e-02 6.882598004305677530e-02 7.684681904810837516e-02 1.073736975983929920e-01 1.076836417377614596e-01 1.210021013370102400e-01 1.251581367150297608e-01 1.358412839489756829e-01 1.709867318707309070e-01
-1.716369750865469612e-01 -1.358131621945928291e-01 -1.243463945627839989e-01 -1.190762626091311227e-01 -1.090839833455424374e-01 -1.074059837572305665e-01 -7.772704089378754122e-02 -6.911205480684103064e-02 -5.973599179867946501e-02 -3.887289272125362544e-02 -3.269394478564738304e-02 -2.749803873273021226e-02 -1.415196945613677280e-02 -4.489902777378790288e-03 -1.389628099155429484e-03 1.389628099155363347e-03 4.489902777378809370e-03 1.415196945613655076e-02 2.749803873272995899e-02 3.269394478564728590e-02 3.887289272125353523e-02 5.973599179867903480e-02 6.911205480684080860e-02 7.772704089378719428e-02 1.074059837572308718e-01 1.090839833455425484e-01 1.190762626091311643e-01 1.243463945627836381e-01 1.358131621945922740e-01 1.716369750865474053e-01
-1.722339344520821269e-01 -1.359214576216764558e-01 -1.236817263846704817e-01 -1.170700908453373573e-01 -1.105939588600974161e-01 -1.072454674100939698e-01 -7.905429357904414367e-02 -6.915184995711366744e-02 -5.713163144622571132e-02 -3.975180613972680022e-02 -3.243656757995467405e-02 -2.642384577520597716e-02 -1.413306631269820555e-02 -4.695681572807887220e-03 -1.676979073414501141e-03 1.676979073414226837e-03 4.695681572807810893e-03 1.413306631269834780e-02 2.642384577520591124e-02 3.243656757995438955e-02 3.975180613972693899e-02 5.713163144622563500e-02 6.915184995711397276e-02 7.905429357904368570e-02 1.072454674100943722e-01 1.105939588600974577e-01 1.170700908453368577e-01 1.236817263846712450e-01 1.359214576216760950e-01 1.722339344520815441e-01
-1.727690715713801894e-01 -1.361052711369763746e-01 -1.231505248092866905e-01 -1.153212138488187155e-01 -1.117900276994968634e-01 -1.070727766982383922e-01 -8.063564546356606633e-02 -6.910487523593543402e-02 -5.468836116010288018e-02 -4.057308399961653128e-02 -3.228158997691702586e-02 -2.532464926360395580e-02 -1.416478003483943177e-02 -4.984773177117125288e-03 -1.832466202209820112e-03 1.832466202209825316e-03 4.984773177117144370e-03 1.416478003483965208e-02 2.532464926360437213e-02 3.228158997691715076e-02 4.057308399961685047e-02 5.468836116010300508e-02 6.910487523593474013e-02 8.063564546356583040e-02 1.070727766982387807e-01 1.117900276994964748e-01 1.153212138488185629e-01 1.231505248092869126e-01 1.361052711369762636e-01 1.727690715713811886e-01
-1.732305146582399091e-01 -1.363170017908038878e-01 -1.227844178386426066e-01 -1.149494991223693335e-01 -1.116149738768093119e-01 -1.068723667689860657e-01 -8.232695880698621960e-02 -6.907292927960453910e-02 -5.248321728801108588e-02 -4.127581042308730436e-02 -3.219162218267292846e-02 -2.423283300320789799e-02 -1.425911946462620275e-02 -5.331374280979092259e-03 -1.866894041061221282e-03 1.866894041061318860e-03 5.331374280979293487e-03 1.425911946462641265e-02 2.423283300320761349e-02 3.219162218267343500e-02 4.127581042308724191e-02 5.248321728801115527e-02 6.907292927960419215e-02 8.232695880698667756e-02 1.068723667689866208e-01 1.116149738768097976e-01 1.149494991223700135e-01 1.227844178386425095e-01 1.363170017908049148e-01 1.732305146582393540e-01
-1.736018607946888115e-01 -1.365228476589590012e-01 -1.226404184068411451e-01 -1.159305224692199210e-01 -1.101794257923436188e-01 -1.065834600622024703e-01 -8.401844334577142359e-02 -6.910501284635972574e-02 -5.062346746082087984e-02 -4.179237594353924640e-02 -3.212670023198219843e-02 -2.316026327777236452e-02 -1.442535786010719183e-02 -5.700043525800381657e-03 -1.805116138002066644e-03 1.805116138002132997e-03 5.700043525800266297e-03 1.442535786010733061e-02 2.316026327777247554e-02 3.212670023198222619e-02 4.179237594353976681e-02 5.062346746082101168e-02 6.910501284635965635e-02 8.401844334577221463e-02 1.065834600622020262e-01 1.101794257923433829e-01 1.159305224692192965e-01 1.226404184068404235e-01 1.365228476589590290e-01 1.736018607946891168e-01
-1.738606738730293921e-01 -1.367015429108128788e-01 -1.227964266555331002e-01 -1.170421205593393660e-01 -1.088782844402023942e-01 -1.060537881292760026e-01 -8.560303443226169318e-02 -6.921676711822699612e-02 -4.925015573102786703e-02 -4.203591741352823152e-02 -3.204811566878609103e-02 -2.210788031098210107e-02 -1.466841473900004113e-02 -6.053592560805394311e-03 -1.673305566429573749e-03 1.673305566429521274e-03 6.053592560805239921e-03 1.466841473899980000e-02 2.210788031098217046e-02 3.204811566878586204e-02 4.203591741352842581e-02 4.925015573102776295e-02 6.921676711822592754e-02 8.560303443226131848e-02 1.060537881292757251e-01 1.088782844402019778e-01 1.170421205593392688e-01 1.227964266555331557e-01 1.367015429108124902e-01 1.738606738730291978e-01
-1.739765352002477228e-01 -1.368434659700378253e-01 -1.233220881050624551e-01 -1.179594078400433288e-01 -1.081778920202879912e-01 -1.052020816211142878e-01 -8.694974755990042548e-02 -6.940193418283750748e-02 -4.848631703178352820e-02 -4.194008691900584507e-02 -3.192621490321077837e-02 -2.107540830889560388e-02 -1.498764118970166356e-02 -6.352084105651940350e-03 -1.493728614980277579e-03 1.493728614980453437e-03 6.352084105651880502e-03 1.498764118970153519e-02 2.107540830889572531e-02 3.192621490321077143e-02 4.194008691900558833e-02 4.848631703178341024e-02 6.940193418283728544e-02 8.694974755990055038e-02 1.052020816211138715e-01 1.081778920202884076e-01 1.179594078400436064e-01 1.233220881050623441e-01 1.368434659700383527e-01 1.739765352002484722e-01
-1.739085956297061475e-01 -1.369510616735704900e-01 -1.242034502182731148e-01 -1.186297310376864811e-01 -1.079447830367706446e-01 -1.043948234656531943e-01 -8.789373956360541085e-02 -6.963662286162118631e-02 -4.831604544619445135e-02 -4.156240951504490411e-02 -3.175252743883386075e-02 -2.007462868733165748e-02 -1.537482948778650868e-02 -6.546414493211239610e-03 -1.283991946305804936e-03 1.283991946305794093e-03 6.546414493211081750e-03 1.537482948778643062e-02 2.007462868733149094e-02 3.175252743883368728e-02 4.156240951504508452e-02 4.831604544619467340e-02 6.963662286162036752e-02 8.789373956360493900e-02 1.043948234656532775e-01 1.079447830367702976e-01 1.186297310376860092e-01 1.242034502182735589e-01 1.369510616735695185e-01 1.739085956297062863e-01
-1.736034817796465179e-01 -1.370411622723641532e-01 -1.253182524039931911e-01 -1.191290728498063112e-01 -1.079451358234952835e-01 -1.040697004530884984e-01 -8.827990751219659538e-02 -6.987892766746992002e-02 -4.858272291121715908e-02 -4.106876089937563923e-02 -3.154932674605380460e-02 -1.915017908845107614e-02 -1.580704642609322141e-02 -6.571829743510699574e-03 -1.057250116844055078e-03 1.057250116844034478e-03 6.571829743510906006e-03 1.580704642609331509e-02 1.915017908845104838e-02 3.154932674605379073e-02 4.106876089937613883e-02 4.858272291121745745e-02 6.987892766746973960e-02 8.827990751219748355e-02 1.040697004530890535e-01 1.079451358234957414e-01 1.191290728498062418e-01 1.253182524039939405e-01 1.370411622723647915e-01 1.736034817796469898e-01
-1.729979566837054061e-01 -1.371495750550023041e-01 -1.265093653420478748e-01 -1.195591015151326181e-01 -1.080859756101821695e-01 -1.044060483101303394e-01 -8.807990647070493284e-02 -7.006548791033255508e-02 -4.913290374140279193e-02 -4.058473494476246002e-02 -3.136567167111833920e-02 -1.841813815345343455e-02 -1.621780698023716702e-02 -6.347387298212169709e-03 -8.223564644637450238e-04 8.223564644637835130e-04 6.347387298212457674e-03 1.621780698023711498e-02 1.841813815345367741e-02 3.136567167111849186e-02 4.058473494476328575e-02 4.913290374140305561e-02 7.006548791033249957e-02 8.807990647070523815e-02 1.044060483101300896e-01 1.080859756101814201e-01 1.195591015151318826e-01 1.265093653420474584e-01 1.371495750550029424e-01 1.729979566837047678e-01
-1.720369056676730735e-01 -1.373366990225362849e-01 -1.276327403197434762e-01 -1.199881737238277513e-01 -1.083496427310673832e-01 -1.053277460836332668e-01 -8.746466897776840332e-02 -7.010741548951220092e-02 -4.987755806049230106e-02 -4.014690613787131462e-02 -3.125859982153778027e-02 -1.812903983735751623e-02 -1.642672972484124708e-02 -5.791282950192609517e-03 -5.837650031437583440e-04 5.837650031438155898e-04 5.791282950192512373e-03 1.642672972484157667e-02 1.812903983735750582e-02 3.125859982153780803e-02 4.014690613787146034e-02 4.987755806049241902e-02 7.010741548951165969e-02 8.746466897776791760e-02 1.053277460836335028e-01 1.083496427310675220e-01 1.199881737238282786e-01 1.276327403197426713e-01 1.373366990225352580e-01 1.720369056676740172e-01
-1.707090561658832772e-01 -1.376868833848551299e-01 -1.285565749383705270e-01 -1.204518029276867158e-01 -1.087778144120921942e-01 -1.066025346323389855e-01 -8.672041883460836209e-02 -6.989234148850566319e-02 -5.077164638293781007e-02 -3.974258357006629078e-02 -3.127265518783350906e-02 -1.842632694033730784e-02 -1.634903435038545863e-02 -4.857763486593548626e-03 -3.404916259979778501e-04 3.404916259980057683e-04 4.857763486593637096e-03 1.634903435038513597e-02 1.842632694033732518e-02 3.127265518783328008e-02 3.974258357006622139e-02 5.077164638293751170e-02 6.989234148850551054e-02 8.672041883460777922e-02 1.066025346323392631e-01 1.087778144120923607e-01 1.204518029276866048e-01 1.285565749383704715e-01 1.376868833848554352e-01 1.707090561658829164e-01
-1.690651142386901673e-01 -1.382853919614458749e-01 -1.291704038444084490e-01 -1.209673988859219229e-01 -1.095582934723628027e-01 -1.078632379850673617e-01 -8.611962764878083876e-02 -6.930505177019975760e-02 -5.178897145223662624e-02 -3.934855396426876345e-02 -3.142979929220732910e-02 -1.904107164237112473e-02 -1.626699212970203479e-02 -3.578599892344885066e-03 -8.119673811390348025e-05 8.119673811385737456e-05 3.578599892345189076e-03 1.626699212970185784e-02 1.904107164237128433e-02 3.142979929220719032e-02 3.934855396426886753e-02 5.178897145223662624e-02 6.930505177019889718e-02 8.611962764878058896e-02 1.078632379850682083e-01 1.095582934723629970e-01 1.209673988859219507e-01 1.291704038444085600e-01 1.382853919614453753e-01 1.690651142386897232e-01
-1.671898468144708549e-01 -1.391711373971964427e-01 -1.294226736553391599e-01 -1.215462777572348524e-01 -1.109286589563019815e-01 -1.087357073436191063e-01 -8.584397734089906085e-02 -6.827113601284329203e-02 -5.290867821400966481e-02 -3.894941928838827755e-02 -3.172957861995787804e-02 -1.978616558626398667e-02 -1.633652126157666973e-02 -2.113465168862962377e-03 -2.354396524061116850e-04 2.354396524061510415e-04 2.113465168863038271e-03 1.633652126157671830e-02 1.978616558626370217e-02 3.172957861995820417e-02 3.894941928838855510e-02 5.290867821401018523e-02 6.827113601284363897e-02 8.584397734089953269e-02 1.087357073436194671e-01 1.109286589563018288e-01 1.215462777572350606e-01 1.294226736553395762e-01 1.391711373971962207e-01 1.671898468144706329e-01
-1.651660554246077717e-01 -1.403110097692110425e-01 -1.293410950732674924e-01 -1.222032749838986437e-01 -1.126264019504128189e-01 -1.093739340811703542e-01 -8.595765132013043208e-02 -6.679541577287707865e-02 -5.410829195037859113e-02 -3.854374808451610512e-02 -3.215296713146131163e-02 -2.060047364077108312e-02 -1.657226716145100004e-02 -1.344857425700755112e-03 -4.322948718372348438e-04 4.322948718372993538e-04 1.344857425700819948e-03 1.657226716145128800e-02 2.060047364077154455e-02 3.215296713146160307e-02 3.854374808451598716e-02 5.410829195037908379e-02 6.679541577287763376e-02 8.595765132013109822e-02 1.093739340811715477e-01 1.126264019504124442e-01 1.222032749838983384e-01 1.293410950732679365e-01 1.403110097692116531e-01 1.651660554246076051e-01
-1.630631911967253544e-01 -1.416265453248028994e-01 -1.290028379280186155e-01 -1.229662941859167996e-01 -1.143506112282292181e-01 -1.099742651750319350e-01 -8.643150131330154529e-02 -6.496034193721106353e-02 -5.535548056147161083e-02 -3.814726777887008508e-02 -3.266406069645515220e-02 -2.145943946929583512e-02 -1.696172670584997905e-02 -2.723520129397242161e-03 -3.061099745628994081e-05 3.061099745629246836e-05 2.723520129397232186e-03 1.696172670584989925e-02 2.145943946929580043e-02 3.266406069645546445e-02 3.814726777887048753e-02 5.535548056147186757e-02 6.496034193721067496e-02 8.643150131330164243e-02 1.099742651750326844e-01 1.143506112282289544e-01 1.229662941859168274e-01 1.290028379280177828e-01 1.416265453248035378e-01 1.630631911967251879e-01
-1.609435588395008165e-01 -1.430291759711124211e-01 -1.284962339019812272e-01 -1.238840834514500361e-01 -1.159256606597267869e-01 -1.105911907959609142e-01 -8.719487163463950086e-02 -6.291584042139868049e-02 -5.657745055685787366e-02 -3.779985707338532480e-02 -3.320536254101620621e-02 -2.234895046485768297e-02 -1.750052489129221359e-02 -4.653142283906065192e-03 -3.165289241448250666e-04 3.165289241448498406e-04 4.653142283906098152e-03 1.750052489129216848e-02 2.234895046485740194e-02 3.320536254101671969e-02 3.779985707338569256e-02 5.657745055685785285e-02 6.291584042139919397e-02 8.719487163463995882e-02 1.105911907959608448e-01 1.159256606597270367e-01 1.238840834514495504e-01 1.284962339019813937e-01 1.430291759711123933e-01 1.609435588395009553e-01
-1.588770476568259482e-01 -1.444254095411834082e-01 -1.279102997554686649e-01 -1.250178365000492453e-01 -1.171995847545721642e-01 -1.112348448997388661e-01 -8.817480612215962410e-02 -6.105327482407250234e-02 -5.745477960389951122e-02 -3.757984903409226918e-02 -3.368464350234397220e-02 -2.325767994753185491e-02 -1.820021722216179708e-02 -6.664240357356052830e-03 -5.267552213135942487e-04 5.267552213136068254e-04 6.664240357355805632e-03 1.820021722216209198e-02 2.325767994753194165e-02 3.368464350234379873e-02 3.757984903409233163e-02 5.745477960390009409e-02 6.105327482407301581e-02 8.817480612215944369e-02 1.112348448997383388e-01 1.171995847545716507e-01 1.250178365000495784e-01 1.279102997554693588e-01 1.444254095411832417e-01 1.588770476568257817e-01
-1.569688597556360143e-01 -1.456887440130228140e-01 -1.273854333234678005e-01 -1.263568293910028451e-01 -1.180451301617743420e-01 -1.119002727111238216e-01 -8.931126459855494304e-02 -6.073074925885825481e-02 -5.668529540582974841e-02 -3.760534586097556697e-02 -3.397445862544473671e-02 -2.417356851817453398e-02 -1.908787218229354363e-02 -8.611523205059028185e-03 -7.054300262694924951e-04 7.054300262694421881e-04 8.611523205058960531e-03 1.908787218229364077e-02 2.417356851817455479e-02 3.397445862544451467e-02 3.760534586097580984e-02 5.668529540582968596e-02 6.073074925885809522e-02 8.931126459855560917e-02 1.119002727111232665e-01 1.180451301617739257e-01 1.263568293910029561e-01 1.273854333234674951e-01 1.456887440130236744e-01 1.569688597556364029e-01
-1.554116266469328100e-01 -1.465933723157550328e-01 -1.282380590740579140e-01 -1.266497760644597348e-01 -1.184014641748766111e-01 -1.125721910487282318e-01 -9.055842873230345036e-02 -6.180547003070619577e-02 -5.445367648186909271e-02 -3.795345586040199670e-02 -3.399380383463386501e-02 -2.508095147122153118e-02 -2.019883501239022605e-02 -1.040127362417206554e-02 -8.660615211441963744e-04 8.660615211441318644e-04 1.040127362417194411e-02 2.019883501239010462e-02 2.508095147122164220e-02 3.399380383463346256e-02 3.795345586040172609e-02 5.445367648186933557e-02 6.180547003070600148e-02 9.055842873230392220e-02 1.125721910487281485e-01 1.184014641748768193e-01 1.266497760644596515e-01 1.282380590740583304e-01 1.465933723157552826e-01 1.554116266469333096e-01
-1.544768747794363351e-01 -1.467652997858487074e-01 -1.300823160879898688e-01 -1.262730756480280325e-01 -1.182920026239568101e-01 -1.132198602680788563e-01 -9.188162862641391371e-02 -6.318656937914712834e-02 -5.188547348560088729e-02 -3.856578108729674659e-02 -3.380358542371130620e-02 -2.595691219956119955e-02 -2.155892374425291344e-02 -1.196633658665761241e-02 -1.014182298703155067e-03 1.014182298703140105e-03 1.196633658665780149e-02 2.155892374425310773e-02 2.595691219956141466e-02 3.380358542371127845e-02 3.856578108729696863e-02 5.188547348560108158e-02 6.318656937914697569e-02 9.188162862641439943e-02 1.132198602680781763e-01 1.182920026239569350e-01 1.262730756480281158e-01 1.300823160879905072e-01 1.467652997858490127e-01 1.544768747794362240e-01
-1.538799129734599036e-01 -1.459715570478503366e-01 -1.320914405872950781e-01 -1.259872453606731280e-01 -1.178300737863060554e-01 -1.137751070377691354e-01 -9.325394667050454500e-02 -6.464499906556288311e-02 -4.924838828348385850e-02 -3.931945638121049635e-02 -3.353478151425486053e-02 -2.676588703742144304e-02 -2.316094329858889300e-02 -1.327705330062162875e-02 -1.152729077275857494e-03 1.152729077275861614e-03 1.327705330062155416e-02 2.316094329858872994e-02 2.676588703742147080e-02 3.353478151425465931e-02 3.931945638121028125e-02 4.924838828348278991e-02 6.464499906556245290e-02 9.325394667050428132e-02 1.137751070377692741e-01 1.178300737863064857e-01 1.259872453606733222e-01 1.320914405872952724e-01 1.459715570478509195e-01 1.538799129734602089e-01
-1.522705873143732902e-01 -1.444655066659699116e-01 -1.341831759018378700e-01 -1.257765690438973349e-01 -1.172642515755045051e-01 -1.140618528135916021e-01 -9.465350192422719577e-02 -6.612388154788445549e-02 -4.667051431262846106e-02 -4.009204774476028688e-02 -3.330775419828073403e-02 -2.745347239550145410e-02 -2.495344308284420942e-02 -1.434404088130412924e-02 -1.283678681795601866e-03 1.283678681795557630e-03 1.434404088130405118e-02 2.495344308284424412e-02 2.745347239550123900e-02 3.330775419828041484e-02 4.009204774476015504e-02 4.667051431262856515e-02 6.612388154788428896e-02 9.465350192422664066e-02 1.140618528135925042e-01 1.172642515755040471e-01 1.257765690438980011e-01 1.341831759018376480e-01 1.444655066659692177e-01 1.522705873143727073e-01
-1.500611955161309241e-01 -1.425945333316338548e-01 -1.363118899733171130e-01 -1.255830463610282943e-01 -1.170089813077576230e-01 -1.137358289225828128e-01 -9.606135312320832065e-02 -6.759706669433997173e-02 -4.441683677179553147e-02 -4.064283016278839172e-02 -3.322711719069080388e-02 -2.795310570787027174e-02 -2.684045866349636655e-02 -1.519997555218758657e-02 -1.408680720013641635e-03 1.408680720013771089e-03 1.519997555218783637e-02 2.684045866349641513e-02 2.795310570787044868e-02 3.322711719069114389e-02 4.064283016278854438e-02 4.441683677179564943e-02 6.759706669434005499e-02 9.606135312320904229e-02 1.137358289225830349e-01 1.170089813077574425e-01 1.255830463610282943e-01 1.363118899733168632e-01 1.425945333316341324e-01 1.500611955161312017e-01
-1.478461120854093480e-01 -1.405822333302675364e-01 -1.384141909109553870e-01 -1.253440997230365894e-01 -1.171991630573279153e-01 -1.127129854487984723e-01 -9.745962378111618085e-02 -6.904608602309142418e-02 -4.342404090043489734e-02 -4.011705896909578684e-02 -3.337226724952576523e-02 -2.877304883148229173e-02 -2.811059744777076597e-02 -1.587662191212078217e-02 -1.529371884815168472e-03 1.529371884815155678e-03 1.587662191212079951e-02 2.811059744777040861e-02 2.877304883148238540e-02 3.337226724952588319e-02 4.011705896909614072e-02 4.342404090043499448e-02 6.904608602309147969e-02 9.745962378111637514e-02 1.127129854487980282e-01 1.171991630573288867e-01 1.253440997230363951e-01 1.384141909109549984e-01 1.405822333302669536e-01 1.478461120854091815e-01
-1.457912960934837909e-01 -1.407186165576788106e-01 -1.382934972515861005e-01 -1.249900344161695293e-01 -1.175678680158384892e-01 -1.112927711832491784e-01 -9.882909968520124655e-02 -7.045407589788674207e-02 -4.386569834498845605e-02 -3.856097305729259961e-02 -3.381439103934914814e-02 -3.025637824189179870e-02 -2.809818094263753785e-02 -1.639222448708506016e-02 -1.647587350311975011e-03 1.647587350312000815e-03 1.639222448708504976e-02 2.809818094263739560e-02 3.025637824189160441e-02 3.381439103934900936e-02 3.856097305729248859e-02 4.386569834498842135e-02 7.045407589788740821e-02 9.882909968520144084e-02 1.112927711832496225e-01 1.175678680158377815e-01 1.249900344161689464e-01 1.382934972515853789e-01 1.407186165576788384e-01 1.457912960934833191e-01
-1.439632633250349236e-01 -1.428051319278337283e-01 -1.362566027964350335e-01 -1.244238410887669455e-01 -1.179271564913012549e-01 -1.096897149230384449e-01 -1.001442575873277008e-01 -7.180320525636292583e-02 -4.469406823505732429e-02 -3.749099124996466137e-02 -3.478167593566934557e-02 -3.064530703060145203e-02 -2.784818148908525803e-02 -1.674813185482685804e-02 -1.765556464575533798e-03 1.765556464575531630e-03 1.674813185482715294e-02 2.784818148908532742e-02 3.064530703060150407e-02 3.478167593566924148e-02 3.749099124996497362e-02 4.469406823505742143e-02 7.180320525636257889e-02 1.001442575873268820e-01 1.096897149230386392e-01 1.179271564913018933e-01 1.244238410887667790e-01 1.362566027964348669e-01 1.428051319278330067e-01 1.439632633250341465e-01
-1.449225251209649845e-01 -1.423521197788457093e-01 -1.344201893963857530e-01 -1.235035196654060835e-01 -1.181921220583512788e-01 -1.080351685654557942e-01 -1.013575773267904878e-01 -7.307288130748366972e-02 -4.561646382782232056e-02 -3.760502180888868756e-02 -3.614209414125203051e-02 -2.961832976120673533e-02 -2.741049387943738161e-02 -1.692804456443649033e-02 -1.886133116724914797e-03 1.886133116724725495e-03 1.692804456443625094e-02 2.741049387943732957e-02 2.961832976120650635e-02 3.614209414125168357e-02 3.760502180888884022e-02 4.561646382782214015e-02 7.307288130748298971e-02 1.013575773267909041e-01 1.080351685654558358e-01 1.181921220583506404e-01 1.235035196654057366e-01 1.344201893963852257e-01 1.423521197788452930e-01 1.449225251209637633e-01
-1.469940134756606565e-01 -1.409939314044223457e-01 -1.330047201669236900e-01 -1.220780162823752180e-01 -1.183208371555997812e-01 -1.065162898295503729e-01 -1.023295173205599901e-01 -7.423794130547752002e-02 -4.657299457182176305e-02 -3.891653916123645474e-02 -3.716206994533666208e-02 -2.818194176236571077e-02 -2.658144039425083469e-02 -1.689522318437873538e-02 -2.013105003264599804e-03 2.013105003264658351e-03 1.689522318437895743e-02 2.658144039425086244e-02 2.818194176236608894e-02 3.716206994533644697e-02 3.891653916123671147e-02 4.657299457182170754e-02 7.423794130547743675e-02 1.023295173205607672e-01 1.065162898295495680e-01 1.183208371555996286e-01 1.220780162823749820e-01 1.330047201669239121e-01 1.409939314044225400e-01 1.469940134756605177e-01
-1.490244509091626923e-01 -1.398698260801982673e-01 -1.320857146198054777e-01 -1.201181476484820682e-01 -1.182766954636268186e-01 -1.056879929331875079e-01 -1.025430982112700284e-01 -7.526656467680613305e-02 -4.754742657886588952e-02 -4.072079882676619272e-02 -3.797848093426681171e-02 -2.733958249277100919e-02 -2.499326380291884767e-02 -1.658602820868155039e-02 -2.151632175802858059e-03 2.151632175802867166e-03 1.658602820868164754e-02 2.499326380291900726e-02 2.733958249277137348e-02 3.797848093426683252e-02 4.072079882676605395e-02 4.754742657886632667e-02 7.526656467680631346e-02 1.025430982112696954e-01 1.056879929331873275e-01 1.182766954636268741e-01 1.201181476484820126e-01 1.320857146198056442e-01 1.398698260801986004e-01 1.490244509091631919e-01
-1.510006072686295442e-01 -1.389928166116509434e-01 -1.315569218564261733e-01 -1.184251650834638320e-01 -1.173640404802572951e-01 -1.060333506784469498e-01 -1.015532872125096686e-01 -7.611802060936047332e-02 -4.853609563357319523e-02 -4.258371359168677123e-02 -3.878703332535383269e-02 -2.685833423072710863e-02 -2.320433435895643756e-02 -1.590832810991425067e-02 -2.308870353993605455e-03 2.308870353993565556e-03 1.590832810991411536e-02 2.320433435895638552e-02 2.685833423072692475e-02 3.878703332535457515e-02 4.258371359168659082e-02 4.853609563357273726e-02 7.611802060936004310e-02 1.015532872125097519e-01 1.060333506784469221e-01 1.173640404802571424e-01 1.184251650834637348e-01 1.315569218564251464e-01 1.389928166116504993e-01 1.510006072686295997e-01
-1.529069674617335173e-01 -1.383897429089703535e-01 -1.312262400105335125e-01 -1.180734209000512819e-01 -1.146892224419504280e-01 -1.068279660831376737e-01 -1.001254711384956669e-01 -7.674108240158108996e-02 -4.954042326991819206e-02 -4.439885698505183220e-02 -3.958481584888647042e-02 -2.647881014203202696e-02 -2.165904730077443732e-02 -1.478196123919478522e-02 -2.494800017095820128e-03 2.494800017095769387e-03 1.478196123919494481e-02 2.165904730077462120e-02 2.647881014203214145e-02 3.958481584888649124e-02 4.439885698505193629e-02 4.954042326991851819e-02 7.674108240158097893e-02 1.001254711384957086e-01 1.068279660831381594e-01 1.146892224419500395e-01 1.180734209000511292e-01 1.312262400105327353e-01 1.383897429089704922e-01 1.529069674617329622e-01
-1.547165210228755861e-01 -1.380893737823053746e-01 -1.309204010379026450e-01 -1.177655662186352231e-01 -1.117204746294041262e-01 -1.076497622110595270e-01 -9.871852135041589427e-02 -7.707528944597645537e-02 -5.056430200454613277e-02 -4.612376724523600813e-02 -4.035060870995655496e-02 -2.614123306840780356e-02 -2.045153884553753756e-02 -1.323887512868010194e-02 -2.723055926789914611e-03 2.723055926789967954e-03 1.323887512868018174e-02 2.045153884553775614e-02 2.614123306840801866e-02 4.035060870995656884e-02 4.612376724523608446e-02 5.056430200454663931e-02 7.707528944597662190e-02 9.871852135041594978e-02 1.076497622110588748e-01 1.117204746294040152e-01 1.177655662186355701e-01 1.309204010379020622e-01 1.380893737823064293e-01 1.547165210228751975e-01
-1.563612353264189070e-01 -1.380952941979725068e-01 -1.305330782295562320e-01 -1.174333151791873558e-01 -1.088864410321182113e-01 -1.081609820683405859e-01 -9.747491533797375540e-02 -7.705866486973894647e-02 -5.161255518652525798e-02 -4.773153584293371443e-02 -4.106600565419039894e-02 -2.582166397706298425e-02 -1.949752377497121145e-02 -1.145113450779609507e-02 -3.010511306598663561e-03 3.010511306598695220e-03 1.145113450779616446e-02 1.949752377497099634e-02 2.582166397706291833e-02 4.106600565419031568e-02 4.773153584293357565e-02 5.161255518652574370e-02 7.705866486973930729e-02 9.747491533797365826e-02 1.081609820683405027e-01 1.088864410321187942e-01 1.174333151791866758e-01 1.305330782295566483e-01 1.380952941979731174e-01 1.563612353264194066e-01
-1.575684956928978531e-01 -1.383694647761305740e-01 -1.300328619000545860e-01 -1.170910659791355168e-01 -1.091296577143197888e-01 -1.054859813541658836e-01 -9.642749641511656755e-02 -7.664408015445350886e-02 -5.268914203312381750e-02 -4.920143943162113426e-02 -4.171584533053046551e-02 -2.550409736062230273e-02 -1.867735132576554130e-02 -9.642048872823272276e-03 -3.369827261069842546e-03 3.369827261069951400e-03 9.642048872823332992e-03 1.867735132576575988e-02 2.550409736062193497e-02 4.171584533053009775e-02 4.920143943162066241e-02 5.268914203312405342e-02 7.664408015445324518e-02 9.642749641511635939e-02 1.054859813541652036e-01 1.091296577143199970e-01 1.170910659791355724e-01 1.300328619000543917e-01 1.383694647761300744e-01 1.575684956928969371e-01
-1.571213055762566979e-01 -1.388465919014958971e-01 -1.294378556107520228e-01 -1.167511891172078042e-01 -1.096222404362281189e-01 -1.025897361343133390e-01 -9.548085238758928506e-02 -7.581862721141577333e-02 -5.379469220238514149e-02 -5.051776310555953359e-02 -4.228736546527681744e-02 -2.517726816906019557e-02 -1.791038894034740342e-02 -8.064019404807167349e-03 -3.768858597051898737e-03 3.768858597051696641e-03 8.064019404806940100e-03 1.791038894034716056e-02 2.517726816906003945e-02 4.228736546527612356e-02 5.051776310555924909e-02 5.379469220238454474e-02 7.581862721141520434e-02 9.548085238758889648e-02 1.025897361343132835e-01 1.096222404362285074e-01 1.167511891172075128e-01 1.294378556107526612e-01 1.388465919014964522e-01 1.571213055762570587e-01
-1.546058494891328627e-01 -1.394595235962500235e-01 -1.287819947852452129e-01 -1.164177811248293254e-01 -1.099688829945947716e-01 -1.001952488683326842e-01 -9.429605267878947428e-02 -7.461193756410097744e-02 -5.492455529425753491e-02 -5.167029955502010219e-02 -4.276965691527109120e-02 -2.483542775915384068e-02 -1.715441705224914071e-02 -7.142218224354579710e-03 -3.973891159554432395e-03 3.973891159554502651e-03 7.142218224354439197e-03 1.715441705224916152e-02 2.483542775915383027e-02 4.276965691527146590e-02 5.167029955502019239e-02 5.492455529425737532e-02 7.461193756410083866e-02 9.429605267878911345e-02 1.001952488683319348e-01 1.099688829945947993e-01 1.164177811248289646e-01 1.287819947852451852e-01 1.394595235962498014e-01 1.546058494891322244e-01
-1.515860624770852816e-01 -1.401519685052439734e-01 -1.280961305906943015e-01 -1.160870720252085708e-01 -1.101458998890329360e-01 -9.879505640193690652e-02 -9.235502095634223751e-02 -7.308564269475981146e-02 -5.606974406203526357e-02 -5.265279923260096639e-02 -4.315338204119716081e-02 -2.447980313832099492e-02 -1.638947049059825273e-02 -7.387036063268253086e-03 -3.603062003393880421e-03 3.603062003394057796e-03 7.387036063268313801e-03 1.638947049059815905e-02 2.447980313832088736e-02 4.315338204119718857e-02 5.265279923260014067e-02 5.606974406203495825e-02 7.308564269475995023e-02 9.235502095634265385e-02 9.879505640193717020e-02 1.101458998890327834e-01 1.160870720252079047e-01 1.280961305906938852e-01 1.401519685052434738e-01 1.515860624770858089e-01
-1.485625445581909843e-01 -1.408771581870413570e-01 -1.274029824569380687e-01 -1.157520380185994846e-01 -1.101340746697986456e-01 -9.834507623429104839e-02 -8.965293557065197316e-02 -7.131328436999488651e-02 -5.722075415135798038e-02 -5.345886398335902845e-02 -4.343063823388153971e-02 -2.412067151374828328e-02 -1.560751367090845894e-02 -8.501486532354121661e-03 -2.965141307524737577e-03 2.965141307524696811e-03 8.501486532354092171e-03 1.560751367090862200e-02 2.412067151374830409e-02 4.343063823388163686e-02 5.345886398335929213e-02 5.722075415135843834e-02 7.131328436999476161e-02 8.965293557065164010e-02 9.834507623429181167e-02 1.101340746697987844e-01 1.157520380185995540e-01 1.274029824569380687e-01 1.408771581870415790e-01 1.485625445581912618e-01
-1.456876516623833162e-01 -1.415790572170888550e-01 -1.267177838071723572e-01 -1.154104783674668178e-01 -1.099059541016304681e-01 -9.841188316925413015e-02 -8.657470283524029697e-02 -6.936483583111324736e-02 -5.837066196975169291e-02 -5.407849144585714918e-02 -4.359489767998075277e-02 -2.378111027326164015e-02 -1.480995735045848895e-02 -1.000935888278119482e-02 -2.421445079693263207e-03 2.421445079693329127e-03 1.000935888278133533e-02 1.480995735045872660e-02 2.378111027326133484e-02 4.359489767998054460e-02 5.407849144585725326e-02 5.837066196975126270e-02 6.936483583111308082e-02 8.657470283524043575e-02 9.841188316925372770e-02 1.099059541016305791e-01 1.154104783674675949e-01 1.267177838071723295e-01 1.415790572170889938e-01 1.456876516623832607e-01
-1.433343265046315151e-01 -1.419213107394833306e-01 -1.260502282235729243e-01 -1.150723470450476932e-01 -1.094209284432193230e-01 -9.872605752272355095e-02 -8.334996899210689314e-02 -6.730100327877781841e-02 -5.951483039115647994e-02 -5.449732578609169792e-02 -4.364099108260974247e-02 -2.350449313913640162e-02 -1.402767771247576817e-02 -1.163367062157872993e-02 -2.037021477468185186e-03 2.037021477468161767e-03 1.163367062157902483e-02 1.402767771247575256e-02 2.350449313913635305e-02 4.364099108260959675e-02 5.449732578609191302e-02 5.951483039115647994e-02 6.730100327877787392e-02 8.334996899210675436e-02 9.872605752272430035e-02 1.094209284432194063e-01 1.150723470450477626e-01 1.260502282235730631e-01 1.419213107394824147e-01 1.433343265046312098e-01
-1.433065398668461887e-01 -1.401184685293009879e-01 -1.254062948318799831e-01 -1.147587962822670254e-01 -1.086321659753855529e-01 -9.915782348781256028e-02 -8.007765802770568098e-02 -6.517649484261407722e-02 -6.064651368131375453e-02 -5.469707714884318450e-02 -4.356511753917571839e-02 -2.336841532290645854e-02 -1.378454750908000501e-02 -1.266842219128116662e-02 -1.790058553737524771e-03 1.790058553737354768e-03 1.266842219128140254e-02 1.378454750908010909e-02 2.336841532290630241e-02 4.356511753917553798e-02 5.469707714884307348e-02 6.064651368131351861e-02 6.517649484261342496e-02 8.007765802770525077e-02 9.915782348781289335e-02 1.086321659753856639e-01 1.147587962822665814e-01 1.254062948318796222e-01 1.401184685293008214e-01 1.433065398668461055e-01
-1.438954553393507751e-01 -1.378833190877619408e-01 -1.247892493955353177e-01 -1.144902676700042254e-01 -1.075094222395807514e-01 -9.962910508396470577e-02 -7.680871997511139193e-02 -6.308416400227483123e-02 -6.171489939422627330e-02 -5.465448896115317895e-02 -4.336486357735007402e-02 -2.350134021179200311e-02 -1.497136320981700200e-02 -1.203381475647523693e-02 -1.648973829606926750e-03 1.648973829607039074e-03 1.203381475647511203e-02 1.497136320981688751e-02 2.350134021179211066e-02 4.336486357734974789e-02 5.465448896115385202e-02 6.171489939422566268e-02 6.308416400227509491e-02 7.680871997511161398e-02 9.962910508396465026e-02 1.075094222395805293e-01 1.144902676700044614e-01 1.247892493955354565e-01 1.378833190877618853e-01 1.438954553393509972e-01
-1.444684877523720323e-01 -1.358351483018636618e-01 -1.241991710272013077e-01 -1.142742093658178498e-01 -1.060736221159457593e-01 -1.000636018076739853e-01 -7.358058025786891332e-02 -6.297860934251106602e-02 -6.080533878748099058e-02 -5.433744775697833124e-02 -4.303921024230456666e-02 -2.406403044845267791e-02 -1.597958742139258745e-02 -1.114349579215855555e-02 -1.588665768822130047e-03 1.588665768821946383e-03 1.114349579215868566e-02 1.597958742139253541e-02 2.406403044845274383e-02 4.303921024230415032e-02 5.433744775697826879e-02 6.080533878748093507e-02 6.297860934251060805e-02 7.358058025786884393e-02 1.000636018076745681e-01 1.060736221159454956e-01 1.142742093658184049e-01 1.241991710272010024e-01 1.358351483018629957e-01 1.444684877523718658e-01
-1.449700229825424680e-01 -1.339986197071701135e-01 -1.236308521831753632e-01 -1.141039092224558210e-01 -1.044697633897979511e-01 -1.003053322766732647e-01 -7.043671630893713620e-02 -6.403497453733099365e-02 -5.877937017827315758e-02 -5.370012956648678032e-02 -4.258850390794333834e-02 -2.513532883747647204e-02 -1.650652689070668255e-02 -1.020431015804610167e-02 -1.591691283285183401e-03 1.591691283285370751e-03 1.020431015804612249e-02 1.650652689070671378e-02 2.513532883747652408e-02 4.258850390794312324e-02 5.370012956648664154e-02 5.877937017827356003e-02 6.403497453733109079e-02 7.043671630893680313e-02 1.003053322766730426e-01 1.044697633897981870e-01 1.141039092224552659e-01 1.236308521831749607e-01 1.339986197071693363e-01 1.449700229825413300e-01
-1.453727079737099637e-01 -1.323570238676810562e-01 -1.230708001563884518e-01 -1.139650626194557564e-01 -1.032185055045366368e-01 -9.985306826966802718e-02 -6.749359060024287538e-02 -6.500596523679313954e-02 -5.684936483902047061e-02 -5.269053992214518117e-02 -4.201436692826663460e-02 -2.662124823465658596e-02 -1.661674647618143624e-02 -9.240150565721350767e-03 -1.646526274980431373e-03 1.646526274980452190e-03 9.240150565721314338e-03 1.661674647618139808e-02 2.662124823465684964e-02 4.201436692826682889e-02 5.269053992214504240e-02 5.684936483902042204e-02 6.500596523679232075e-02 6.749359060024201495e-02 9.985306826966837412e-02 1.032185055045360678e-01 1.139650626194560340e-01 1.230708001563885351e-01 1.323570238676805844e-01 1.453727079737095196e-01
-1.456497755441790998e-01 -1.308876179034406950e-01 -1.224946140677194012e-01 -1.138412764423341189e-01 -1.029233467849105105e-01 -9.813865934174755001e-02 -6.646634532301999576e-02 -6.420584764280727608e-02 -5.502517117187849527e-02 -5.129745709158786693e-02 -4.131952998245393832e-02 -2.835249904292423684e-02 -1.646922404142692892e-02 -8.263762307835462867e-03 -1.745817900969382419e-03 1.745817900969449206e-03 8.263762307835355314e-03 1.646922404142719606e-02 2.835249904292424725e-02 4.131952998245388975e-02 5.129745709158749223e-02 5.502517117187847445e-02 6.420584764280747037e-02 6.646634532302020393e-02 9.813865934174734185e-02 1.029233467849109684e-01 1.138412764423347157e-01 1.224946140677191653e-01 1.308876179034411946e-01 1.456497755441784614e-01
-1.457678017455198982e-01 -1.295747184993400747e-01 -1.218662688441240899e-01 -1.137156321490365996e-01 -1.031219402504240656e-01 -9.566479945841950550e-02 -6.737242713233448921e-02 -6.167821389591218034e-02 -5.319215897152592548e-02 -4.960323096754149647e-02 -4.050758354224950897e-02 -3.019360119139735329e-02 -1.619441745247830397e-02 -7.288085000000540069e-03 -1.885114165780966879e-03 1.885114165780989214e-03 7.288085000000747368e-03 1.619441745247832132e-02 3.019360119139746432e-02 4.050758354224964081e-02 4.960323096754154504e-02 5.319215897152597405e-02 6.167821389591192360e-02 6.737242713233419777e-02 9.566479945841954713e-02 1.031219402504245791e-01 1.137156321490377792e-01 1.218662688441238262e-01 1.295747184993403800e-01 1.457678017455199537e-01
-1.456797016352862351e-01 -1.284145176307847358e-01 -1.211417691288714654e-01 -1.135693403841646076e-01 -1.034237280201443371e-01 -9.286099541724866790e-02 -6.834304004654123688e-02 -5.935031819492552624e-02 -5.118942257160023074e-02 -4.774205430140990997e-02 -3.958269132734738849e-02 -3.205546629766323902e-02 -1.587695813416413818e-02 -6.328353404147301665e-03 -2.061998132023893770e-03 2.061998132023618816e-03 6.328353404147567078e-03 1.587695813416435328e-02 3.205546629766326677e-02 3.958269132734760359e-02 4.774205430140962547e-02 5.118942257160019604e-02 5.935031819492600502e-02 6.834304004654147280e-02 9.286099541724855688e-02 1.034237280201447812e-01 1.135693403841648713e-01 1.211417691288727838e-01 1.284145176307844582e-01 1.456797016352863183e-01
-1.453142693952640951e-01 -1.274095515524925060e-01 -1.202806376565491026e-01 -1.133785289413841574e-01 -1.037131080473005507e-01 -8.987806222427674463e-02 -6.928123648280037905e-02 -5.733223543452731913e-02 -4.892974015597711251e-02 -4.582646678048310496e-02 -3.854950409574403603e-02 -3.387301211025439684e-02 -1.557269305522509910e-02 -5.402530483713764362e-03 -2.275465918926909345e-03 2.275465918926806563e-03 5.402530483713812066e-03 1.557269305522528818e-02 3.387301211025418174e-02 3.854950409574402215e-02 4.582646678048318128e-02 4.892974015597722354e-02 5.733223543452708321e-02 6.928123648279999047e-02 8.987806222427661973e-02 1.037131080473014111e-01 1.133785289413854203e-01 1.202806376565489638e-01 1.274095515524922562e-01 1.453142693952639009e-01
-1.445626103228327963e-01 -1.265541552534559522e-01 -1.192652661691363664e-01 -1.131092035059308581e-01 -1.039472302019870953e-01 -8.679145768812382422e-02 -7.016267699145260772e-02 -5.559649376816100386e-02 -4.643856830426685428e-02 -4.393749227570491189e-02 -3.741573971061067094e-02 -3.557637142103730471e-02 -1.532264066471595784e-02 -4.530992097162882953e-03 -2.525369917747925796e-03 2.525369917747963527e-03 4.530992097162929791e-03 1.532264066471599427e-02 3.557637142103748512e-02 3.741573971061054604e-02 4.393749227570459270e-02 4.643856830426656979e-02 5.559649376816085120e-02 7.016267699145296854e-02 8.679145768812419892e-02 1.039472302019879141e-01 1.131092035059313855e-01 1.192652661691371435e-01 1.265541552534561465e-01 1.445626103228331294e-01
-1.432776797431183635e-01 -1.258214674630357965e-01 -1.181190037562904888e-01 -1.127099732171085722e-01 -1.041029437541716035e-01 -8.366002971705026325e-02 -7.096165690078663768e-02 -5.408609117644341824e-02 -4.382082063151546136e-02 -4.216249168898775906e-02 -3.708495189726482288e-02 -3.614560929208278373e-02 -1.516002844258759578e-02 -3.736073373583190770e-03 -2.811260654176421254e-03 2.811260654176490643e-03 3.736073373582827779e-03 1.516002844258781436e-02 3.614560929208261719e-02 3.708495189726528085e-02 4.216249168898775213e-02 4.382082063151557239e-02 5.408609117644340436e-02 7.096165690078637400e-02 8.366002971704976365e-02 1.041029437541725056e-01 1.127099732171084334e-01 1.181190037562901418e-01 1.258214674630354357e-01 1.432776797431188076e-01
-1.413391559445895951e-01 -1.251622896203269664e-01 -1.169104608232781756e-01 -1.121051974229472226e-01 -1.041626603808932794e-01 -8.055934520907329088e-02 -7.162582778106213466e-02 -5.277280715922948867e-02 -4.139754507562941332e-02 -4.065983175187929538e-02 -3.788673225806843403e-02 -3.482252930133834801e-02 -1.511248293371982888e-02 -3.169061101841588908e-03 -3.003019968305750253e-03 3.003019968305796223e-03 3.169061101841713374e-03 1.511248293371994858e-02 3.482252930133826474e-02 3.788673225806864914e-02 4.065983175187890680e-02 4.139754507562938557e-02 5.277280715922948867e-02 7.162582778106230119e-02 8.055934520907284679e-02 1.041626603808933349e-01 1.121051974229471532e-01 1.169104608232778564e-01 1.251622896203277158e-01 1.413391559445896228e-01
-1.387927092761877257e-01 -1.245108861088156244e-01 -1.157316861591151519e-01 -1.112055528905982749e-01 -1.041077333930264803e-01 -7.767250473792285115e-02 -7.198954902305657044e-02 -5.168727321071075326e-02 -4.101969970182898356e-02 -3.867712864515984034e-02 -3.692659447113501997e-02 -3.339748693054023221e-02 -1.520101539697116255e-02 -3.513090373064204058e-03 -2.435175363393609835e-03 2.435175363393595523e-03 3.513090373064297299e-03 1.520101539697080867e-02 3.339748693054069711e-02 3.692659447113516569e-02 3.867712864515941706e-02 4.101969970182870601e-02 5.168727321071087816e-02 7.198954902305655656e-02 7.767250473792280951e-02 1.041077333930261473e-01 1.112055528905984692e-01 1.157316861591143609e-01 1.245108861088159019e-01 1.387927092761867542e-01
-1.358827525344163956e-01 -1.237848972484254656e-01 -1.146341792216551136e-01 -1.099644277420211563e-01 -1.039111901016118028e-01 -7.564467262132912317e-02 -7.142211892458658062e-02 -5.092752557660770729e-02 -4.149640992268250478e-02 -3.689753747480527257e-02 -3.462443311351494357e-02 -3.188662847073152340e-02 -1.543716006397737907e-02 -3.922664284775900963e-03 -1.964879362695521291e-03 1.964879362695570730e-03 3.922664284776035404e-03 1.543716006397733570e-02 3.188662847073159973e-02 3.462443311351487418e-02 3.689753747480538359e-02 4.149640992268287254e-02 5.092752557660738116e-02 7.142211892458616429e-02 7.564467262132927583e-02 1.039111901016124134e-01 1.099644277420202126e-01 1.146341792216554328e-01 1.237848972484257987e-01 1.358827525344166731e-01
-1.329295594329453212e-01 -1.228745985941532698e-01 -1.135684978323732858e-01 -1.084423176490028201e-01 -1.035237449256838499e-01 -7.515116046073062883e-02 -6.926247014420625070e-02 -5.061800181193362724e-02 -4.164069153214601526e-02 -3.538850851850738194e-02 -3.201716629656941454e-02 -3.027451065846254938e-02 -1.581979500774925718e-02 -4.381565935019349732e-03 -1.612373509286810268e-03 1.612373509286878139e-03 4.381565935019079115e-03 1.581979500774929187e-02 3.027451065846265346e-02 3.201716629656906066e-02 3.538850851850709051e-02 4.164069153214608465e-02 5.061800181193364806e-02 6.926247014420687520e-02 7.515116046073082312e-02 1.035237449256830727e-01 1.084423176490031532e-01 1.135684978323738548e-01 1.228745985941537000e-01 1.329295594329438501e-01
-1.302481274411397827e-01 -1.216388724994539594e-01 -1.124115164277712381e-01 -1.068007934058201464e-01 -1.028451485194522008e-01 -7.533904302313342016e-02 -6.638205070518417295e-02 -5.078091385839453298e-02 -4.124281687459042944e-02 -3.402836950447539477e-02 -2.958669566837588555e-02 -2.841279117480412578e-02 -1.633264610244475681e-02 -4.894819389009339404e-03 -1.368421861988022934e-03 1.368421861988069121e-03 4.894819389009313383e-03 1.633264610244466661e-02 2.841279117480394190e-02 2.958669566837549003e-02 3.402836950447534620e-02 4.124281687459066537e-02 5.078091385839403338e-02 6.638205070518411743e-02 7.533904302313332302e-02 1.028451485194525200e-01 1.068007934058199798e-01 1.124115164277714601e-01 1.216388724994543619e-01 1.302481274411385614e-01
-1.280828379536167183e-01 -1.199737896769107193e-01 -1.110296448271398950e-01 -1.052547832241559067e-01 -1.017055123934071242e-01 -7.564800087128675798e-02 -6.337480088478783524e-02 -5.126039131249535835e-02 -4.038431705783105535e-02 -3.279547466559563917e-02 -2.768661831078989694e-02 -2.606160944459678247e-02 -1.694042827675841870e-02 -5.467696449019368750e-03 -1.215737084664891571e-03 1.215737084664841481e-03 5.467696449019445078e-03 1.694042827675832155e-02 2.606160944459663328e-02 2.768661831078993510e-02 3.279547466559572244e-02 4.038431705783113862e-02 5.126039131249537917e-02 6.337480088478758544e-02 7.564800087128627226e-02 1.017055123934066108e-01 1.052547832241556847e-01 1.110296448271400893e-01 1.199737896769100254e-01 1.280828379536170791e-01
-1.264675338502411484e-01 -1.179592733640018043e-01 -1.093303948737916337e-01 -1.038996994437557941e-01 -1.000019764204168327e-01 -7.593549471123361982e-02 -6.046659909899086693e-02 -5.179751372877989396e-02 -3.922751136258333798e-02 -3.169031956875554418e-02 -2.607978101967221851e-02 -2.355455387044758098e-02 -1.756897597860829566e-02 -6.103392316226813850e-03 -1.132872218061141455e-03 1.132872218061313626e-03 6.103392316227340339e-03 1.756897597860830953e-02 2.355455387044748036e-02 2.607978101967176401e-02 3.169031956875539152e-02 3.922751136258312982e-02 5.179751372878042132e-02 6.046659909899108898e-02 7.593549471123345329e-02 1.000019764204170963e-01 1.038996994437560439e-01 1.093303948737923970e-01 1.179592733640014296e-01 1.264675338502407598e-01
-1.252304580820372271e-01 -1.158171880907862827e-01 -1.073530719331938360e-01 -1.025126090371824145e-01 -9.785961453118122155e-02 -7.615453438441986689e-02 -5.796567579354488381e-02 -5.199837371841346811e-02 -3.790113372939079434e-02 -3.072119058939378616e-02 -2.458597779354459306e-02 -2.132883949945872659e-02 -1.796398144419128831e-02 -6.801471508827590211e-03 -1.098147752711293524e-03 1.098147752711068877e-03 6.801471508827829603e-03 1.796398144419097606e-02 2.132883949945842128e-02 2.458597779354465898e-02 3.072119058939387637e-02 3.790113372939069025e-02 5.199837371841335015e-02 5.796567579354498789e-02 7.615453438442025547e-02 9.785961453118165176e-02 1.025126090371820120e-01 1.073530719331942246e-01 1.158171880907871432e-01 1.252304580820373936e-01
-1.241756911101883215e-01 -1.136807648939849591e-01 -1.053680055924395842e-01 -1.006896546560723804e-01 -9.545251372288533764e-02 -7.628230153040406469e-02 -5.655185470618114690e-02 -5.112322723573434896e-02 -3.648939633748892603e-02 -2.990020763851907251e-02 -2.317955953000100378e-02 -2.041541065150480685e-02 -1.711473332597492417e-02 -7.556713257901418596e-03 -1.092877634968197073e-03 1.092877634968242176e-03 7.556713257901007466e-03 1.711473332597467437e-02 2.041541065150488318e-02 2.317955953000102806e-02 2.990020763851920088e-02 3.648939633748867623e-02 5.112322723573418937e-02 5.655185470618118160e-02 7.628230153040389816e-02 9.545251372288517111e-02 1.006896546560723388e-01 1.053680055924397785e-01 1.136807648939850701e-01 1.241756911101877803e-01
-1.231664315752291211e-01 -1.115315580305698689e-01 -1.036824435869190819e-01 -9.814596294153898892e-02 -9.288124479951141710e-02 -7.630344474008741995e-02 -5.638971650430269628e-02 -4.897069298821593586e-02 -3.505240376188466928e-02 -2.923889274876343217e-02 -2.187263686078966263e-02 -2.079780810249789308e-02 -1.501974901637214560e-02 -8.356469952553239461e-03 -1.103374197739981789e-03 1.103374197740240046e-03 8.356469952553185684e-03 1.501974901637215254e-02 2.079780810249814288e-02 2.187263686078941630e-02 2.923889274876359523e-02 3.505240376188484969e-02 4.897069298821562361e-02 5.638971650430244648e-02 7.630344474008755873e-02 9.288124479951144485e-02 9.814596294153837830e-02 1.036824435869183603e-01 1.115315580305696608e-01 1.231664315752290517e-01
-1.220966469780535579e-01 -1.092900864064051125e-01 -1.022618028987406641e-01 -9.500045804109349956e-02 -9.019510992983424680e-02 -7.620468845037701999e-02 -5.671646959318839276e-02 -4.628022916174902301e-02 -3.364798332849729817e-02 -2.873799192138956626e-02 -2.149199788285495114e-02 -2.061330278321387224e-02 -1.273002491014311142e-02 -9.163615158912508107e-03 -1.121653668185064586e-03 1.121653668185120965e-03 9.163615158912410963e-03 1.273002491014316347e-02 2.061330278321361203e-02 2.149199788285478460e-02 2.873799192138947953e-02 3.364798332849719409e-02 4.628022916174901608e-02 5.671646959318817766e-02 7.620468845037729755e-02 9.019510992983482967e-02 9.500045804109398528e-02 1.022618028987403310e-01 1.092900864064054456e-01 1.220966469780538494e-01
-1.207357578137305404e-01 -1.068934467467031191e-01 -1.009093665592127875e-01 -9.152668782952280702e-02 -8.741639232899749146e-02 -7.597208757476267560e-02 -5.711344076948569881e-02 -4.345456196993219278e-02 -3.236086953341192618e-02 -2.836068393183841657e-02 -2.212094450791300682e-02 -1.953035887100856849e-02 -1.086551950547284644e-02 -9.587421906653169693e-03 -1.144702136565514151e-03 1.144702136565453002e-03 9.587421906653129794e-03 1.086551950547262960e-02 1.953035887100838808e-02 2.212094450791268416e-02 2.836068393183827085e-02 3.236086953341177352e-02 4.345456196993172093e-02 5.711344076948559473e-02 7.597208757476335561e-02 8.741639232899696410e-02 9.152668782952305682e-02 1.009093665592125655e-01 1.068934467467031468e-01 1.207357578137303322e-01
-1.184812724311146703e-01 -1.043309239806122640e-01 -9.947496990132237427e-02 -8.792788066593640317e-02 -8.454471138895346127e-02 -7.558815484031770893e-02 -5.743638796074840985e-02 -4.062665457697307858e-02 -3.135452344192166119e-02 -2.797475951820474829e-02 -2.268762601427316491e-02 -1.857498603137220511e-02 -1.120108049098412877e-02 -7.894988838555810212e-03 -1.171099843274308987e-03 1.171099843274486796e-03 7.894988838555926439e-03 1.120108049098400040e-02 1.857498603137222593e-02 2.268762601427302961e-02 2.797475951820487666e-02 3.135452344192173751e-02 4.062665457697332144e-02 5.743638796074822944e-02 7.558815484031776444e-02 8.454471138895365556e-02 8.792788066593619500e-02 9.947496990132199957e-02 1.043309239806117228e-01 1.184812724311149201e-01
-1.157903726216735069e-01 -1.016737964277763112e-01 -9.781866117215867740e-02 -8.437153036743764989e-02 -8.154521445134722824e-02 -7.502607252529409909e-02 -5.761884012889036816e-02 -3.785719400937329060e-02 -3.086484389786912225e-02 -2.735030461143818370e-02 -2.316680376472953634e-02 -1.778991337945557902e-02 -1.201018097190382702e-02 -5.824971696789631170e-03 -1.189084465465841192e-03 1.189084465465867430e-03 5.824971696789480249e-03 1.201018097190385131e-02 1.778991337945551310e-02 2.316680376472947736e-02 2.735030461143791655e-02 3.086484389786875795e-02 3.785719400937322815e-02 5.761884012889023632e-02 7.502607252529408521e-02 8.154521445134732538e-02 8.437153036743756662e-02 9.781866117215851086e-02 1.016737964277764916e-01 1.157903726216735901e-01
-1.130376756905609181e-01 -9.911242080722111603e-02 -9.573376004546384210e-02 -8.104719169104020182e-02 -7.834982729360649711e-02 -7.423176176195049603e-02 -5.761576884293093809e-02 -3.520259773755834293e-02 -3.091743887945800490e-02 -2.643978157183594566e-02 -2.356690640246836971e-02 -1.722551235383040086e-02 -1.276779719551302851e-02 -3.952232365128856804e-03 -1.121263339150713103e-03 1.121263339150741509e-03 3.952232365128568840e-03 1.276779719551313953e-02 1.722551235383064372e-02 2.356690640246822399e-02 2.643978157183581729e-02 3.091743887945804653e-02 3.520259773755828742e-02 5.761576884293106993e-02 7.423176176195042664e-02 7.834982729360644160e-02 8.104719169104038223e-02 9.573376004546370333e-02 9.911242080722001968e-02 1.130376756905609320e-01
-1.102413768655122611e-01 -9.684190503810438666e-02 -9.303481751106910946e-02 -7.811726839187461968e-02 -7.502613612380430730e-02 -7.302613894875457923e-02 -5.738651624409562418e-02 -3.286290045127174264e-02 -3.115924709693091571e-02 -2.547530388383412170e-02 -2.386236946851870780e-02 -1.695048504222288616e-02 -1.334248227250124826e-02 -2.744040859253748556e-03 -5.814170496041053083e-04 5.814170496043734315e-04 2.744040859253842665e-03 1.334248227250108172e-02 1.695048504222293126e-02 2.386236946851871821e-02 2.547530388383423619e-02 3.115924709693063122e-02 3.286290045127179121e-02 5.738651624409492336e-02 7.302613894875459311e-02 7.502613612380457098e-02 7.811726839187468907e-02 9.303481751106917885e-02 9.684190503810451156e-02 1.102413768655117476e-01
-1.073709487816963265e-01 -9.478813629343808833e-02 -8.981530203602682005e-02 -7.564971255173090492e-02 -7.240518347463852089e-02 -7.055496414679666983e-02 -5.688865990714477711e-02 -3.238422105480089769e-02 -2.995616477775557562e-02 -2.496383284422135085e-02 -2.371405359752526074e-02 -1.699087718931121052e-02 -1.363646852171863239e-02 -2.610256622638974268e-03 -7.007769923205226957e-04 7.007769923204235996e-04 2.610256622638869751e-03 1.363646852171876422e-02 1.699087718931103705e-02 2.371405359752521910e-02 2.496383284422151391e-02 2.995616477775558256e-02 3.238422105480090463e-02 5.688865990714458282e-02 7.055496414679701678e-02 7.240518347463803517e-02 7.564971255173121023e-02 8.981530203602719475e-02 9.478813629343786629e-02 1.073709487816955771e-01
-1.043797403591753131e-01 -9.276795017375359664e-02 -8.627807336465646848e-02 -7.363549997930385338e-02 -7.040494954911877268e-02 -6.695099847300574336e-02 -5.607739720082435819e-02 -3.307103194152628128e-02 -2.810182475381947653e-02 -2.516185621027828417e-02 -2.288709859869974411e-02 -1.720370073175192874e-02 -1.367991247512262767e-02 -3.241963117417541885e-03 -1.873334452009870876e-03 1.873334452009876513e-03 3.241963117417537982e-03 1.367991247512268319e-02 1.720370073175225140e-02 2.288709859869991065e-02 2.516185621027845418e-02 2.810182475381941061e-02 3.307103194152632292e-02 5.607739720082428186e-02 6.695099847300585438e-02 7.040494954911906411e-02 7.363549997930368685e-02 8.627807336465698196e-02 9.276795017375355501e-02 1.043797403591754797e-01
-1.011154364854331966e-01 -9.067405190209215649e-02 -8.254540588217035291e-02 -7.189375161827957217e-02 -6.830107788995570806e-02 -6.315391918152894746e-02 -5.491116399591398911e-02 -3.392289392321992669e-02 -2.709772319450641509e-02 -2.530424265902831218e-02 -2.179255423707387312e-02 -1.733133068101143023e-02 -1.358756935145861988e-02 -4.537087857596671173e-03 -2.479878548398541886e-03 2.479878548398378822e-03 4.537087857596483823e-03 1.358756935145844121e-02 1.733133068101129493e-02 2.179255423707379680e-02 2.530424265902818035e-02 2.709772319450631795e-02 3.392289392322007241e-02 5.491116399591369768e-02 6.315391918152894746e-02 6.830107788995545826e-02 7.189375161827911420e-02 8.254540588216965902e-02 9.067405190209258670e-02 1.011154364854327525e-01
-9.684842507877405859e-02 -8.845012240045471708e-02 -7.868038831042230286e-02 -7.019412566784782870e-02 -6.617555541402775354e-02 -5.932740661048996333e-02 -5.336416369336654392e-02 -3.485511124530656785e-02 -2.752855212154186465e-02 -2.500433081252115969e-02 -2.043030230496116831e-02 -1.718821828777752914e-02 -1.343405861067696778e-02 -5.973661322917790499e-03 -2.891851546954874591e-03 2.891851546954853341e-03 5.973661322917837337e-03 1.343405861067700595e-02 1.718821828777767138e-02 2.043030230496107810e-02 2.500433081252138173e-02 2.752855212154160097e-02 3.485511124530635968e-02 5.336416369336598881e-02 5.932740661049027558e-02 6.617555541402743435e-02 7.019412566784717644e-02 7.868038831042273307e-02 8.845012240045430074e-02 9.684842507877421125e-02
-9.188275569099929596e-02 -8.605275677782088517e-02 -7.472049429302517198e-02 -6.840153367296764042e-02 -6.410119354569387973e-02 -5.551677750658432636e-02 -5.143968700707188257e-02 -3.585123690226815069e-02 -2.871828937268715298e-02 -2.483322759939659077e-02 -1.899819670153867976e-02 -1.667726899727695056e-02 -1.324079470547680736e-02 -7.341661438254807638e-03 -3.242469943905487619e-03 3.242469943905362719e-03 7.341661438254599471e-03 1.324079470547679001e-02 1.667726899727700260e-02 1.899819670153880466e-02 2.483322759939644853e-02 2.871828937268737156e-02 3.585123690226796334e-02 5.143968700707204911e-02 5.551677750658481209e-02 6.410119354569382422e-02 6.840153367296773756e-02 7.472049429302460299e-02 8.605275677782074639e-02 9.188275569100007312e-02
-8.681056755641144984e-02 -8.342728534443755173e-02 -7.069391083617153348e-02 -6.644825260329706440e-02 -6.206520717578167118e-02 -5.175287989821653056e-02 -4.916980522436387169e-02 -3.691148446183158821e-02 -3.034617855161482122e-02 -2.480940054447993218e-02 -1.793755804092135933e-02 -1.566546614380597696e-02 -1.299738489433644763e-02 -8.587110837271377459e-03 -3.525089266885235179e-03 3.525089266885320614e-03 8.587110837271297661e-03 1.299738489433648232e-02 1.566546614380601513e-02 1.793755804092124484e-02 2.480940054447993218e-02 3.034617855161459224e-02 3.691148446183169229e-02 4.916980522436370515e-02 5.175287989821678036e-02 6.206520717578122015e-02 6.644825260329709216e-02 7.069391083617145022e-02 8.342728534443792643e-02 8.681056755641071432e-02
-8.175613031309771073e-02 -8.046521317483275315e-02 -6.663489224828671176e-02 -6.428663074510000686e-02 -6.000488005143780890e-02 -4.808887444038143638e-02 -4.658509325332028245e-02 -3.804865172244812493e-02 -3.231229328066494849e-02 -2.478783648987163690e-02 -1.733712367697414977e-02 -1.435645531011478342e-02 -1.262272152574272707e-02 -9.683533215539266367e-03 -3.713681078536000980e-03 3.713681078535928121e-03 9.683533215539160549e-03 1.262272152574271840e-02 1.435645531011502628e-02 1.733712367697403528e-02 2.478783648987167854e-02 3.231229328066496931e-02 3.804865172244810412e-02 4.658509325332026163e-02 4.808887444038174863e-02 6.000488005143782277e-02 6.428663074509952113e-02 6.663489224828636481e-02 8.046521317483293356e-02 8.175613031309789114e-02
-7.743117009250526095e-02 -7.639779543694145969e-02 -6.268221266771359379e-02 -6.178174028959197012e-02 -5.783329530211787917e-02 -4.469781710315691436e-02 -4.362533708407754368e-02 -3.930044620647723391e-02 -3.448404509398715623e-02 -2.468183785468229530e-02 -1.694867739035898005e-02 -1.343056938163005899e-02 -1.180269775537175735e-02 -1.059632370031883195e-02 -3.790302527948002324e-03 3.790302527947989313e-03 1.059632370031866368e-02 1.180269775537190306e-02 1.343056938163018736e-02 1.694867739035913964e-02 2.468183785468238203e-02 3.448404509398719786e-02 3.930044620647713677e-02 4.362533708407728000e-02 4.469781710315690049e-02 5.783329530211774733e-02 6.178174028959168562e-02 6.268221266771326072e-02 7.639779543694129316e-02 7.743117009250564953e-02
-7.366181836448454368e-02 -7.135805105935652537e-02 -5.956950737749448777e-02 -5.823843544580042941e-02 -5.543394484493942981e-02 -4.210008745719182738e-02 -4.051932266289642870e-02 -4.026387957944788099e-02 -3.650391000460401214e-02 -2.444268760740890903e-02 -1.662800672722706749e-02 -1.308412147320247264e-02 -1.142980655620364633e-02 -1.039419494469404071e-02 -3.756647979711396756e-03 3.756647979711372470e-03 1.039419494469401295e-02 1.142980655620372960e-02 1.308412147320250907e-02 1.662800672722706055e-02 2.444268760740894372e-02 3.650391000460390806e-02 4.026387957944769364e-02 4.051932266289633849e-02 4.210008745719204248e-02 5.543394484493921470e-02 5.823843544580056125e-02 5.956950737749444613e-02 7.135805105935626169e-02 7.366181836448458531e-02
-6.953159712830990491e-02 -6.628067507022580851e-02 -5.670034624747602447e-02 -5.441391234878605043e-02 -5.257991144556072721e-02 -4.352852035599467234e-02 -3.942834746207045382e-02 -3.729908504146575016e-02 -3.653850536181420250e-02 -2.403831168819076450e-02 -1.630313185082781988e-02 -1.296077202920090793e-02 -1.193103403902154823e-02 -9.046191630640153247e-03 -3.636241787354202795e-03 3.636241787354213204e-03 9.046191630640109879e-03 1.193103403902156905e-02 1.296077202920081425e-02 1.630313185082779559e-02 2.403831168819067776e-02 3.653850536181391800e-02 3.729908504146561832e-02 3.942834746207048158e-02 4.352852035599460989e-02 5.257991144556103252e-02 5.441391234878591165e-02 5.670034624747569141e-02 6.628067507022576688e-02 6.953159712831007144e-02
-6.503336281543134478e-02 -6.124245854938513423e-02 -5.364583371997467404e-02 -5.098205667987663198e-02 -4.902407648766802378e-02 -4.656015424245106560e-02 -3.958124847415898928e-02 -3.477556187889657008e-02 -3.317372920586419277e-02 -2.344386411625233937e-02 -1.592553988412990368e-02 -1.294075653041864421e-02 -1.218592697356261391e-02 -7.781523418283618071e-03 -3.467486820951478331e-03 3.467486820951450142e-03 7.781523418283707409e-03 1.218592697356277177e-02 1.294075653041876391e-02 1.592553988413002858e-02 2.344386411625251285e-02 3.317372920586418583e-02 3.477556187889664641e-02 3.958124847415909336e-02 4.656015424245139173e-02 4.902407648766824583e-02 5.098205667987674300e-02 5.364583371997449363e-02 6.124245854938534933e-02 6.503336281543140029e-02
-6.021692706775067655e-02 -5.630218651434531346e-02 -5.101165098340284393e-02 -4.960988655717502721e-02 -4.761964110147585277e-02 -4.483753059797498941e-02 -3.941609329192586469e-02 -3.174645967428609689e-02 -2.974799328725846390e-02 -2.263740106586472137e-02 -1.545730899329722866e-02 -1.294502389872929059e-02 -1.216703426195855399e-02 -6.671341679179230988e-03 -3.291696856719643783e-03 3.291696856719733121e-03 6.671341679179155527e-03 1.216703426195863379e-02 1.294502389872931140e-02 1.545730899329731019e-02 2.263740106586457218e-02 2.974799328725852982e-02 3.174645967428619403e-02 3.941609329192559408e-02 4.483753059797494084e-02 4.761964110147581114e-02 4.960988655717502027e-02 5.101165098340292720e-02 5.630218651434534122e-02 6.021692706775047532e-02
-5.517631824383947142e-02 -5.428275422142544299e-02 -5.115694079995169313e-02 -4.656996139895023396e-02 -4.398759678980088822e-02 -4.072201865415663036e-02 -3.835401147260799476e-02 -2.861319816352261500e-02 -2.639403143642708033e-02 -2.159632184642584080e-02 -1.486683404976279869e-02 -1.283930284751117791e-02 -1.193894088904617033e-02 -5.736177989327109240e-03 -3.140975810736808694e-03 3.140975810736993442e-03 5.736177989327176895e-03 1.193894088904605237e-02 1.283930284751115015e-02 1.486683404976268594e-02 2.159632184642562222e-02 2.639403143642712890e-02 2.861319816352241724e-02 3.835401147260798782e-02 4.072201865415631811e-02 4.398759678980068699e-02 4.656996139895036579e-02 5.115694079995138782e-02 5.428275422142527645e-02 5.517631824383998490e-02
-5.290328100467528438e-02 -4.977013226585968314e-02 -4.642684380462169802e-02 -4.272406885498480217e-02 -3.996223554278753587e-02 -3.721795060653576570e-02 -3.571373016676428896e-02 -2.543825519916067396e-02 -2.314358867454209198e-02 -2.028921720686865937e-02 -1.412661715714311032e-02 -1.253620740095671808e-02 -1.152946735859378125e-02 -4.974231359516141648e-03 -3.028453828981239083e-03 3.028453828981311075e-03 4.974231359516134710e-03 1.152946735859380206e-02 1.253620740095673022e-02 1.412661715714324216e-02 2.028921720686885019e-02 2.314358867454198096e-02 2.543825519916081621e-02 3.571373016676399753e-02 3.721795060653596693e-02 3.996223554278749424e-02 4.272406885498482992e-02 4.642684380462157312e-02 4.977013226585965538e-02 5.290328100467524275e-02
-4.660477677792874279e-02 -4.421274868114365153e-02 -4.161848460450447845e-02 -3.855224754043651975e-02 -3.556923423952687568e-02 -3.429201224527640701e-02 -3.159752945664168200e-02 -2.224707996399439072e-02 -2.007112410525506777e-02 -1.863504017061621762e-02 -1.321181938566893393e-02 -1.199370766653549102e-02 -1.092762343514776593e-02 -4.363379779470719436e-03 -2.942767168803606288e-03 2.942767168803522154e-03 4.363379779470621424e-03 1.092762343514774165e-02 1.199370766653534703e-02 1.321181938566883853e-02 1.863504017061634946e-02 2.007112410525509899e-02 2.224707996399424154e-02 3.159752945664163343e-02 3.429201224527630293e-02 3.556923423952695895e-02 3.855224754043646423e-02 4.161848460450434661e-02 4.421274868114334622e-02 4.660477677792867340e-02
-4.023920553163001096e-02 -3.844612037721001352e-02 -3.671501579788480352e-02 -3.404429551704640788e-02 -3.103232770600677926e-02 -3.067888516316616410e-02 -2.723648036456749119e-02 -1.906128628986088550e-02 -1.744328920005059833e-02 -1.635551956944116675e-02 -1.209916610060902606e-02 -1.118392056201255279e-02 -1.011264907127445295e-02 -3.864488663323686034e-03 -2.849202054375613285e-03 2.849202054375605479e-03 3.864488663323684299e-03 1.011264907127450152e-02 1.118392056201254932e-02 1.209916610060912494e-02 1.635551956944130900e-02 1.744328920005062955e-02 1.906128628986092366e-02 2.723648036456735935e-02 3.067888516316631675e-02 3.103232770600696314e-02 3.404429551704643564e-02 3.671501579788487291e-02 3.844612037721014536e-02 4.023920553163014280e-02
-3.381414012178272921e-02 -3.248298107870929707e-02 -3.160549431468726023e-02 -2.919010071426994535e-02 -2.686768454848111054e-02 -2.589013749171674775e-02 -2.280809356212083056e-02 -1.592588874943000332e-02 -1.510277328647308993e-02 -1.357189457838021106e-02 -1.076590328904141608e-02 -1.008123842296730632e-02 -9.063433897342218840e-03 -3.428527719905746785e-03 -2.698244177647868454e-03 2.698244177647904449e-03 3.428527719905796658e-03 9.063433897342203227e-03 1.008123842296734796e-02 1.076590328904145945e-02 1.357189457838020585e-02 1.510277328647306044e-02 1.592588874943006230e-02 2.280809356212086178e-02 2.589013749171685877e-02 2.686768454848107932e-02 2.919010071426980310e-02 3.160549431468721165e-02 3.248298107870927626e-02 3.381414012178276390e-02
-2.732225060680681245e-02 -2.634912479907862426e-02 -2.616554118243545959e-02 -2.399070936162246356e-02 -2.229666713398361158e-02 -2.084770158552688712e-02 -1.833634872864135790e-02 -1.300144549991678715e-02 -1.240763782386720103e-02 -1.077761108387509034e-02 -9.188518132334082614e-03 -8.657660562288029688e-03 -7.760257188577076269e-03 -3.000291198460572611e-03 -2.441003266637088893e-03 2.441003266637117083e-03 3.000291198460595596e-03 7.760257188577031166e-03 8.657660562287981115e-03 9.188518132334106900e-03 1.077761108387509902e-02 1.240763782386721317e-02 1.300144549991675766e-02 1.833634872864130932e-02 2.084770158552699121e-02 2.229666713398357342e-02 2.399070936162264744e-02 2.616554118243547000e-02 2.634912479907871447e-02 2.732225060680684367e-02
-2.075325335727663117e-02 -2.037026682933321120e-02 -1.998015830533189999e-02 -1.845452284560626655e-02 -1.727941101207885674e-02 -1.570727851674685871e-02 -1.382508493135477419e-02 -1.017750250942485099e-02 -9.349365506831566405e-03 -8.104980484970988192e-03 -7.342146839364240354e-03 -6.884775703725918780e-03 -6.184320335069820943e-03 -2.513092741535171998e-03 -2.048154657193482307e-03 2.048154657193463225e-03 2.513092741535158121e-03 6.184320335069871249e-03 6.884775703725921382e-03 7.342146839364224742e-03 8.104980484970943089e-03 9.349365506831618447e-03 1.017750250942487701e-02 1.382508493135478113e-02 1.570727851674689340e-02 1.727941101207878041e-02 1.845452284560634634e-02 1.998015830533203183e-02 2.037026682933331528e-02 2.075325335727667628e-02
-1.416904107836248691e-02 -1.395089538212602835e-02 -1.348569499127275952e-02 -1.259524586169928108e-02 -1.186347682717072902e-02 -1.050618172947771246e-02 -9.271323781557608279e-03 -7.116126118391774211e-03 -6.234239060383908737e-03 -5.542516178974588557e-03 -5.205452461801787951e-03 -4.782621302610643929e-03 -4.320753817056384449e-03 -1.891994535960738388e-03 -1.512373064890871772e-03 1.512373064890874808e-03 1.891994535960749664e-03 4.320753817056403531e-03 4.782621302610620510e-03 5.205452461801787084e-03 5.542516178974597231e-03 6.234239060383939095e-03 7.116126118391765537e-03 9.271323781557611748e-03 1.050618172947773848e-02 1.186347682717063708e-02 1.259524586169929496e-02 1.348569499127277860e-02 1.395089538212602315e-02 1.416904107836248691e-02
-7.317369952839536222e-03 -7.092464578665083445e-03 -6.828742289244094446e-03 -6.433563285486838812e-03 -6.091189234942439960e-03 -5.265851834121314766e-03 -4.667296864651864462e-03 -3.732624554082985581e-03 -3.124992770230056432e-03 -2.903722236402112369e-03 -2.763505256453184945e-03 -2.478054873755111166e-03 -2.205372700002040855e-03 -1.071250372338548168e-03 -8.312479828765939344e-04 8.312479828765798398e-04 1.071250372338530170e-03 2.205372700002044759e-03 2.478054873755086446e-03 2.763505256453200123e-03 2.903722236402119308e-03 3.124992770230052962e-03 3.732624554082946983e-03 4.667296864651876605e-03 5.265851834121313899e-03 6.091189234942452971e-03 6.433563285486794577e-03 6.828742289244086640e-03 7.092464578665101660e-03 7.317369952839522344e-03
-6.384871208109431799e-08 -6.158413556347542411e-08 -5.913672813139468369e-08 -5.600008535425446626e-08 -5.328499133438090443e-08 -4.505469146933715721e-08 -4.018292385297109340e-08 -3.341850614259999285e-08 -2.715758102383096046e-08 -2.600301874054694009e-08 -2.496583495824948500e-08 -2.208653252548661196e-08 -1.871105966444640954e-08 -1.034070367854933193e-08 -7.753208750175745651e-09 7.753208750175700983e-09 1.034070367854928891e-08 1.871105966444617793e-08 2.208653252548642006e-08 2.496583495824978610e-08 2.600301874054689376e-08 2.715758102383064613e-08 3.341850614259980756e-08 4.018292385297082209e-08 4.505469146933691236e-08 5.328499133438101031e-08 5.600008535425441994e-08 5.913672813139484913e-08 6.158413556347537117e-08 6.384871208109442387e-08
