-3.401395531696974617e-01 -3.047202330343656285e-01 -2.904128185256185657e-01 -2.587887583097782662e-01 -2.570544723372130136e-01 -2.168469774318037280e-01 -2.050099532296134064e-01 -1.938415416015638049e-01 -1.753176819709214018e-01 -1.654621968996688730e-01 -1.572083190371672545e-01 -1.316225375081734317e-01 -1.087022225364031591e-01 -9.014097028547660151e-02 -7.719196450194663883e-02 7.719196450194608372e-02 9.014097028547586599e-02 1.087022225364022987e-01 1.316225375081729043e-01 1.572083190371682260e-01 1.654621968996680403e-01 1.753176819709214573e-01 1.938415416015652759e-01 2.050099532296140725e-01 2.168469774318042831e-01 2.570544723372130691e-01 2.587887583097792099e-01 2.904128185256201200e-01 3.047202330343657395e-01 3.401395531696982388e-01
-3.389655940361404607e-01 -3.047396730922774521e-01 -2.900363953901075598e-01 -2.590270250037082778e-01 -2.564038484970920795e-01 -2.152828544462319638e-01 -2.048823943276393555e-01 -1.938314823668203513e-01 -1.748769712488240369e-01 -1.646221374326600762e-01 -1.568298278409763491e-01 -1.307785470126241745e-01 -1.077648199417162028e-01 -8.876332767272961111e-02 -7.535320205722764730e-02 7.535320205722813303e-02 8.876332767272973601e-02 1.077648199417155506e-01 1.307785470126249239e-01 1.568298278409771818e-01 1.646221374326599374e-01 1.748769712488259520e-01 1.938314823668198517e-01 2.048823943276394943e-01 2.152828544462320748e-01 2.564038484970934118e-01 2.590270250037076116e-01 2.900363953901089475e-01 3.047396730922803387e-01 3.389655940361406272e-01
-3.377966748813561182e-01 -3.047027222872080165e-01 -2.896223882671963290e-01 -2.593966692403327778e-01 -2.555860884643325615e-01 -2.138377029419444575e-01 -2.046799495942562552e-01 -1.937435909188491290e-01 -1.744042734308604847e-01 -1.637775447393366168e-01 -1.564459848290407629e-01 -1.298975959472369324e-01 -1.068133516832626695e-01 -8.738878017374918095e-02 -7.352420579683691115e-02 7.352420579683673074e-02 8.738878017374833440e-02 1.068133516832619756e-01 1.298975959472363217e-01 1.564459848290402078e-01 1.637775447393364225e-01 1.744042734308596798e-01 1.937435909188478245e-01 2.046799495942582259e-01 2.138377029419440967e-01 2.555860884643336717e-01 2.593966692403325003e-01 2.896223882671976058e-01 3.047027222872091268e-01 3.377966748813546749e-01
-3.366241407941121255e-01 -3.046106519995353534e-01 -2.891757401973487629e-01 -2.597715493542344101e-01 -2.547231490047430214e-01 -2.125796956766017598e-01 -2.043326731351625958e-01 -1.935849233532861147e-01 -1.738967295850012695e-01 -1.629356014944181585e-01 -1.560492255820351559e-01 -1.289863128175463280e-01 -1.058474896234096324e-01 -8.601846108119667877e-02 -7.170681754064149593e-02 7.170681754064152369e-02 8.601846108119709511e-02 1.058474896234101598e-01 1.289863128175464946e-01 1.560492255820337681e-01 1.629356014944177422e-01 1.738967295850014916e-01 1.935849233532863367e-01 2.043326731351614300e-01 2.125796956766011214e-01 2.547231490047427993e-01 2.597715493542342435e-01 2.891757401973473751e-01 3.046106519995380735e-01 3.366241407941138464e-01
-3.354391873062028129e-01 -3.044649716081173629e-01 -2.887016818020586295e-01 -2.601159557312837656e-01 -2.538469709880702974e-01 -2.115873594531007262e-01 -2.037592968330869392e-01 -1.933637524585047618e-01 -1.733518619713829145e-01 -1.621037382122909321e-01 -1.556313756178764884e-01 -1.280510856345276061e-01 -1.048666670818300534e-01 -8.465343772544438317e-02 -6.990279995856542306e-02 6.990279995856626960e-02 8.465343772544438317e-02 1.048666670818301921e-01 1.280510856345285498e-01 1.556313756178762109e-01 1.621037382122904047e-01 1.733518619713818598e-01 1.933637524585049283e-01 2.037592968330877718e-01 2.115873594531017532e-01 2.538469709880704639e-01 2.601159557312809345e-01 2.887016818020562980e-01 3.044649716081164748e-01 3.354391873062005369e-01
-3.342333213029952121e-01 -3.042673788400389046e-01 -2.882056808881456877e-01 -2.604153854332107998e-01 -2.529686209043809919e-01 -2.109135098557733956e-01 -2.029041622365995168e-01 -1.930887151577527217e-01 -1.727676289239601926e-01 -1.612895664189488432e-01 -1.551837330676769933e-01 -1.270980219454571625e-01 -1.038700961650064064e-01 -8.329471620388333164e-02 -6.811383808229105885e-02 6.811383808229114212e-02 8.329471620388280428e-02 1.038700961650052546e-01 1.270980219454573845e-01 1.551837330676776594e-01 1.612895664189499811e-01 1.727676289239600260e-01 1.930887151577536098e-01 2.029041622365992947e-01 2.109135098557730070e-01 2.529686209043821576e-01 2.604153854332115214e-01 2.882056808881449661e-01 3.042673788400373502e-01 3.342333213029952121e-01
-3.329988825680865738e-01 -3.040197140223787620e-01 -2.876933723220654326e-01 -2.606616784270411324e-01 -2.520931156053773936e-01 -2.105471837665820467e-01 -2.017760634936865971e-01 -1.927680197928646755e-01 -1.721424872162179154e-01 -1.605005530258241941e-01 -1.546973796974484283e-01 -1.261329275287614293e-01 -1.028567900395413737e-01 -8.194324618397660909e-02 -6.634154039508702305e-02 6.634154039508735612e-02 8.194324618397640092e-02 1.028567900395418733e-01 1.261329275287609575e-01 1.546973796974478454e-01 1.605005530258237778e-01 1.721424872162181097e-01 1.927680197928656747e-01 2.017760634936840991e-01 2.105471837665828516e-01 2.520931156053783373e-01 2.606616784270424092e-01 2.876933723220646555e-01 3.040197140223788175e-01 3.329988825680860742e-01
-3.317295507441749836e-01 -3.037239201434858149e-01 -2.871704643052078731e-01 -2.608491601100369484e-01 -2.512232824151525712e-01 -2.104248218081308242e-01 -2.004378029678140771e-01 -1.924086696547782083e-01 -1.714754674629401510e-01 -1.597433123562789214e-01 -1.541638426610473789e-01 -1.251612966865290610e-01 -1.018255907536835397e-01 -8.059992588168164718e-02 -6.458743953470716392e-02 6.458743953470751087e-02 8.059992588168243821e-02 1.018255907536835259e-01 1.251612966865300602e-01 1.541638426610474066e-01 1.597433123562795321e-01 1.714754674629400955e-01 1.924086696547773478e-01 2.004378029678144657e-01 2.104248218081319621e-01 2.512232824151499067e-01 2.608491601100382251e-01 2.871704643052087058e-01 3.037239201434859259e-01 3.317295507441753721e-01
-3.304207462896094905e-01 -3.033820098672024290e-01 -2.866426180847778116e-01 -2.609734167247659276e-01 -2.503610261262551040e-01 -2.104735515955641345e-01 -1.989638291982588902e-01 -1.920154911289066457e-01 -1.707662649425594203e-01 -1.590225087893051836e-01 -1.535761140397563784e-01 -1.241883082828774271e-01 -1.007752030023765233e-01 -7.926560730616956374e-02 -6.285299263951042714e-02 6.285299263951044102e-02 7.926560730616991068e-02 1.007752030023769257e-01 1.241883082828778295e-01 1.535761140397559898e-01 1.590225087893047395e-01 1.707662649425592538e-01 1.920154911289070621e-01 1.989638291982604723e-01 2.104735515955633851e-01 2.503610261262563808e-01 2.609734167247669268e-01 2.866426180847793104e-01 3.033820098672021515e-01 3.304207462896086023e-01
-3.290698495487854869e-01 -3.029960397643459147e-01 -2.861153002234750886e-01 -2.610308782719398257e-01 -2.495078257780330988e-01 -2.106363734989067649e-01 -1.974166808729233280e-01 -1.915894493626391359e-01 -1.700153455353115850e-01 -1.583396140133452035e-01 -1.529297847525138976e-01 -1.232188231847636678e-01 -9.970423391095183108e-02 -7.794110184821612108e-02 -6.113958136322029252e-02 6.113958136322027170e-02 7.794110184821503862e-02 9.970423391095177557e-02 1.232188231847632376e-01 1.529297847525145637e-01 1.583396140133442875e-01 1.700153455353100862e-01 1.915894493626416062e-01 1.974166808729243272e-01 2.106363734989081249e-01 2.495078257780339870e-01 2.610308782719380494e-01 2.861153002234757547e-01 3.029960397643451930e-01 3.290698495487850983e-01
-3.276762078823369229e-01 -3.025680911319103550e-01 -2.855936100313331005e-01 -2.610187058173516483e-01 -2.486649593599710162e-01 -2.108746755099701053e-01 -1.958481004725956265e-01 -1.911239690573046379e-01 -1.692240636875040338e-01 -1.576920046916769069e-01 -1.522238085869175861e-01 -1.222573803076042881e-01 -9.861123849002793873e-02 -7.662718627270513616e-02 -5.944851157821964133e-02 5.944851157821953030e-02 7.662718627270539984e-02 9.861123849002803587e-02 1.222573803076035248e-01 1.522238085869174473e-01 1.576920046916756857e-01 1.692240636875053383e-01 1.911239690573049155e-01 1.958481004725955155e-01 2.108746755099698833e-01 2.486649593599724595e-01 2.610187058173519259e-01 2.855936100313332116e-01 3.025680911319099664e-01 3.276762078823362012e-01
-3.262409569910755813e-01 -3.021002559447800717e-01 -2.850820894826416874e-01 -2.609348108493447227e-01 -2.478336198091756759e-01 -2.111632384531501871e-01 -1.943129220557434922e-01 -1.905960019536412642e-01 -1.683947855580199826e-01 -1.570728379208940761e-01 -1.514604631328093087e-01 -1.213081899022231958e-01 -9.749476991945868476e-02 -7.532460915476113517e-02 -5.778101278043945577e-02 5.778101278044007333e-02 7.532460915476137109e-02 9.749476991945757454e-02 1.213081899022230153e-01 1.514604631328080875e-01 1.570728379208937153e-01 1.683947855580194830e-01 1.905960019536407646e-01 1.943129220557435477e-01 2.111632384531501039e-01 2.478336198091752873e-01 2.609348108493458884e-01 2.850820894826432972e-01 3.021002559447808489e-01 3.262409569910731943e-01
-3.247667234192032071e-01 -3.015946257811239484e-01 -2.845845281992984699e-01 -2.607779312438335273e-01 -2.470149840165203337e-01 -2.114853839411620917e-01 -1.928937519954433688e-01 -1.899461760484442152e-01 -1.675310044069932003e-01 -1.564717296104312094e-01 -1.506444925102611021e-01 -1.203751239530742034e-01 -9.635343330637662074e-02 -7.403409777311109607e-02 -5.613823720035568399e-02 5.613823720035538561e-02 7.403409777311090179e-02 9.635343330637685666e-02 1.203751239530734818e-01 1.506444925102621013e-01 1.564717296104314870e-01 1.675310044069940330e-01 1.899461760484449369e-01 1.928937519954451452e-01 2.114853839411618419e-01 2.470149840165204447e-01 2.607779312438333608e-01 2.845845281992974152e-01 3.015946257811252251e-01 3.247667234192029850e-01
-3.232572864107619570e-01 -3.010532810021487315e-01 -2.841037805877815736e-01 -2.605477199072955274e-01 -2.462102609071829540e-01 -2.118296961466394623e-01 -1.917184272188559579e-01 -1.890646154802048395e-01 -1.666374249251908746e-01 -1.558758334034258952e-01 -1.497818554607391883e-01 -1.194617045272801936e-01 -9.518594110642419892e-02 -7.275636544217171930e-02 -5.452125861397714296e-02 5.452125861397705969e-02 7.275636544217113644e-02 9.518594110642368544e-02 1.194617045272796385e-01 1.497818554607388553e-01 1.558758334034257564e-01 1.666374249251908746e-01 1.890646154802048395e-01 1.917184272188552918e-01 2.118296961466386852e-01 2.462102609071837034e-01 2.605477199072961381e-01 2.841037805877824618e-01 3.010532810021493977e-01 3.232572864107627897e-01
-3.217172620853673837e-01 -3.004782770432241623e-01 -2.836416143484816743e-01 -2.602448143692150384e-01 -2.454207305999731303e-01 -2.121879985622646680e-01 -1.908680434380739810e-01 -1.878849594548878121e-01 -1.657199766406032282e-01 -1.552708526910030196e-01 -1.488785859649826571e-01 -1.185710915669815624e-01 -9.399116808347597607e-02 -7.149211922455572799e-02 -5.293107083493688025e-02 5.293107083493719944e-02 7.149211922455586676e-02 9.399116808347598995e-02 1.185710915669814652e-01 1.488785859649828514e-01 1.552708526910032694e-01 1.657199766406044217e-01 1.878849594548876178e-01 1.908680434380748137e-01 2.121879985622654174e-01 2.454207305999736022e-01 2.602448143692138727e-01 2.836416143484812302e-01 3.004782770432223860e-01 3.217172620853668286e-01
-3.201518447177736926e-01 -2.998716243664479308e-01 -2.831986079709012394e-01 -2.598708635549646928e-01 -2.446477804747151374e-01 -2.125541182386800065e-01 -1.902658190944363781e-01 -1.864967804692442277e-01 -1.647856938221403666e-01 -1.546417783096650511e-01 -1.479400395071098495e-01 -1.177060719138877942e-01 -9.276820358975300385e-02 -7.024206791638752667e-02 -5.136858585368898888e-02 5.136858585368889174e-02 7.024206791638708258e-02 9.276820358975358671e-02 1.177060719138888212e-01 1.479400395071098495e-01 1.546417783096653842e-01 1.647856938221397283e-01 1.864967804692446440e-01 1.902658190944371552e-01 2.125541182386799233e-01 2.446477804747153872e-01 2.598708635549638046e-01 2.831986079708992965e-01 2.998716243664476533e-01 3.201518447177743587e-01
-3.185666108037842337e-01 -2.992352584187027431e-01 -2.827741091051122480e-01 -2.594284968233407929e-01 -2.438929409099834800e-01 -2.129231156032738159e-01 -1.898015317095130827e-01 -1.850219805845711163e-01 -1.638423769346145920e-01 -1.539734364394624022e-01 -1.469705334241937222e-01 -1.168690512800541620e-01 -9.151639912580407377e-02 -6.900693013683235899e-02 -4.983463157265417831e-02 4.983463157265428239e-02 6.900693013683266430e-02 9.151639912580399050e-02 1.168690512800547865e-01 1.469705334241932504e-01 1.539734364394614030e-01 1.638423769346140924e-01 1.850219805845715881e-01 1.898015317095141929e-01 2.129231156032745931e-01 2.438929409099843681e-01 2.594284968233400712e-01 2.827741091051133582e-01 2.992352584187032982e-01 3.185666108037852329e-01
-3.169673650968349299e-01 -2.985709958462756664e-01 -2.823662568868924305e-01 -2.589212308659230022e-01 -2.431579216362172724e-01 -2.132907890032376408e-01 -1.894153938300774109e-01 -1.835314762347144690e-01 -1.628979480434558091e-01 -1.532510688879582528e-01 -1.459732617140731548e-01 -1.160620504566340777e-01 -9.023540959466661016e-02 -6.778744227796114352e-02 -4.832994906717381911e-02 4.832994906717388156e-02 6.778744227796090760e-02 9.023540959466576361e-02 1.160620504566345079e-01 1.459732617140731548e-01 1.532510688879589189e-01 1.628979480434561977e-01 1.835314762347144135e-01 1.894153938300779660e-01 2.132907890032376963e-01 2.431579216362163565e-01 2.589212308659235018e-01 2.823662568868915423e-01 2.985709958462753333e-01 3.169673650968369283e-01
-3.153599751918302330e-01 -2.978804732985273485e-01 -2.819720615961401333e-01 -2.583533207205415683e-01 -2.424446482727454499e-01 -2.136533452811074374e-01 -1.890809709628767099e-01 -1.820626556922047279e-01 -1.619594635365494972e-01 -1.524611341822580679e-01 -1.449503569305005679e-01 -1.152867063513375867e-01 -8.892522735125003852e-02 -6.658436597827432912e-02 -4.685518928197878602e-02 4.685518928197895949e-02 6.658436597827400993e-02 8.892522735125044098e-02 1.152867063513373230e-01 1.449503569305011508e-01 1.524611341822586785e-01 1.619594635365493585e-01 1.820626556922039507e-01 1.890809709628779312e-01 2.136533452811077149e-01 2.424446482727446728e-01 2.583533207205427895e-01 2.819720615961390231e-01 2.978804732985280701e-01 3.153599751918284566e-01
-3.137500694922259470e-01 -2.971650655205906877e-01 -2.815875269173158113e-01 -2.577295696645246492e-01 -2.417552972831334412e-01 -2.140071750913852544e-01 -1.887860959366329805e-01 -1.806386827720448673e-01 -1.610318820748738444e-01 -1.515923550395630315e-01 -1.439030119813536068e-01 -1.145442775711570660e-01 -8.758620897715035936e-02 -6.539849466919721299e-02 -4.541090905254916571e-02 4.541090905254895754e-02 6.539849466919726850e-02 8.758620897715062303e-02 1.145442775711567052e-01 1.439030119813536346e-01 1.515923550395620323e-01 1.610318820748726787e-01 1.806386827720450339e-01 1.887860959366325364e-01 2.140071750913849213e-01 2.417552972831328306e-01 2.577295696645231504e-01 2.815875269173159223e-01 2.971650655205901326e-01 3.137500694922232825e-01
-3.121422415909430592e-01 -2.964257801712406049e-01 -2.812077951415625221e-01 -2.570551173956975299e-01 -2.410923260725360007e-01 -2.143486988647522740e-01 -1.885244882904311969e-01 -1.792769275996076717e-01 -1.601168815808449164e-01 -1.506368128366936676e-01 -1.428316162060288830e-01 -1.138356533417031052e-01 -8.621909556931908747e-02 -6.423065860403993910e-02 -4.399756632159141506e-02 4.399756632159106812e-02 6.423065860403986971e-02 8.621909556931871277e-02 1.138356533417030358e-01 1.428316162060292438e-01 1.506368128366939452e-01 1.601168815808439172e-01 1.792769275996068667e-01 1.885244882904286712e-01 2.143486988647520242e-01 2.410923260725369444e-01 2.570551173956973634e-01 2.812077951415646315e-01 2.964257801712414375e-01 3.121422415909433368e-01
-3.105374420722995521e-01 -2.956631276169877642e-01 -2.808272938282181941e-01 -2.563352262794452163e-01 -2.404584931517913526e-01 -2.146742654437727715e-01 -1.882923650121964276e-01 -1.779922048498808196e-01 -1.592121619406472732e-01 -1.495907264326625519e-01 -1.417358885516734612e-01 -1.131613636890777680e-01 -8.482502810875446053e-02 -6.308172760804747758e-02 -4.261551440478014707e-02 4.261551440477995278e-02 6.308172760804720003e-02 8.482502810875512667e-02 1.131613636890774488e-01 1.417358885516734890e-01 1.495907264326614139e-01 1.592121619406463018e-01 1.779922048498817910e-01 1.882923650121968995e-01 2.146742654437732989e-01 2.404584931517910473e-01 2.563352262794448833e-01 2.808272938282180831e-01 2.956631276169884859e-01 3.105374420723017725e-01
-3.089218286232436883e-01 -2.948769630168320832e-01 -2.804398618023815071e-01 -2.555750824616617733e-01 -2.398568611989701505e-01 -2.149800954841578071e-01 -1.880869953426596575e-01 -1.767978311204432551e-01 -1.583116092513136841e-01 -1.484545914397737698e-01 -1.406150068247409568e-01 -1.125215880770971677e-01 -8.340556009182495401e-02 -6.195261058052945607e-02 -4.126499514949592828e-02 4.126499514949572012e-02 6.195261058052953934e-02 8.340556009182481523e-02 1.125215880770966681e-01 1.406150068247412344e-01 1.484545914397734367e-01 1.583116092513134343e-01 1.767978311204431163e-01 1.880869953426587415e-01 2.149800954841590284e-01 2.398568611989700949e-01 2.555750824616612737e-01 2.804398618023813960e-01 2.948769630168322498e-01 3.089218286232441879e-01
-3.071950080597046218e-01 -2.940662881459539246e-01 -2.800388292624358400e-01 -2.547796239795867002e-01 -2.392907735994761476e-01 -2.152622683002139714e-01 -1.879060375995053322e-01 -1.757056552205213673e-01 -1.574064028094649126e-01 -1.472326103925351293e-01 -1.394677402232141761e-01 -1.119161591095395175e-01 -8.196267002566247351e-02 -6.084425052931054928e-02 -3.994613082855072439e-02 3.994613082855051622e-02 6.084425052930999417e-02 8.196267002566234861e-02 1.119161591095399200e-01 1.394677402232136765e-01 1.472326103925359342e-01 1.574064028094659951e-01 1.757056552205193689e-01 1.879060375995051935e-01 2.152622683002127779e-01 2.392907735994746210e-01 2.547796239795870332e-01 2.800388292624346742e-01 2.940662881459539801e-01 3.071950080597047883e-01
-3.048182081296898494e-01 -2.932289558614342706e-01 -2.796170154865690316e-01 -2.539534033141360170e-01 -2.387637929837740369e-01 -2.155167550041491853e-01 -1.877472134064254172e-01 -1.747255599900231771e-01 -1.564867826082979307e-01 -1.459316390913727723e-01 -1.382925961500888201e-01 -1.113445574306258928e-01 -8.049877661964754960e-02 -5.975761361896169549e-02 -3.865891462187492217e-02 3.865891462187532462e-02 5.975761361896188978e-02 8.049877661964806308e-02 1.113445574306258234e-01 1.382925961500886813e-01 1.459316390913724115e-01 1.564867826082975422e-01 1.747255599900230938e-01 1.877472134064256393e-01 2.155167550041477420e-01 2.387637929837745365e-01 2.539534033141361280e-01 2.796170154865679214e-01 2.932289558614353808e-01 3.048182081296901824e-01
-3.016919838199042525e-01 -2.923610432786241109e-01 -2.791665781014391889e-01 -2.531004883251105619e-01 -2.382795889859363470e-01 -2.157395026567294483e-01 -1.876081384878552083e-01 -1.738647544889697638e-01 -1.555439778134010964e-01 -1.445600052777435696e-01 -1.370879935545430972e-01 -1.108058934913020571e-01 -7.901675959075382671e-02 -5.869367036503148755e-02 -3.740319956729622197e-02 3.740319956729637463e-02 5.869367036503191082e-02 7.901675959075390998e-02 1.108058934913025845e-01 1.370879935545430972e-01 1.445600052777428757e-01 1.555439778134021234e-01 1.738647544889704855e-01 1.876081384878556801e-01 2.157395026567298923e-01 2.382795889859377070e-01 2.531004883251111726e-01 2.791665781014405767e-01 2.923610432786249991e-01 3.016919838199053627e-01
-2.984028023808322216e-01 -2.914549106078431762e-01 -2.786785784979922687e-01 -2.522244038433986701e-01 -2.378417626481708069e-01 -2.159265731994143012e-01 -1.874862316926557138e-01 -1.731271387702718878e-01 -1.545718034204125457e-01 -1.431264836827523534e-01 -1.358524743772095700e-01 -1.102988712585124126e-01 -7.751998899883878746e-02 -5.765336671219573050e-02 -3.617868591213899143e-02 3.617868591213925511e-02 5.765336671219663256e-02 7.751998899883927319e-02 1.102988712585129955e-01 1.358524743772099863e-01 1.431264836827529641e-01 1.545718034204120461e-01 1.731271387702725539e-01 1.874862316926550476e-01 2.159265731994140514e-01 2.378417626481706404e-01 2.522244038433983926e-01 2.786785784979924352e-01 2.914549106078427321e-01 2.984028023808323327e-01
-2.951117783764002356e-01 -2.904909799519244662e-01 -2.781419648994808980e-01 -2.513281166658880017e-01 -2.374535971564231684e-01 -2.160743364367223029e-01 -1.873786667477693457e-01 -1.725129772902632974e-01 -1.535675993025789332e-01 -1.416395511033173293e-01 -1.345849620209814967e-01 -1.098217280730626466e-01 -7.601236598485464069e-02 -5.663758231602773752e-02 -3.498490687611224836e-02 3.498490687611184591e-02 5.663758231602757792e-02 7.601236598485405782e-02 1.098217280730625217e-01 1.345849620209809139e-01 1.416395511033169963e-01 1.535675993025790442e-01 1.725129772902635472e-01 1.873786667477687073e-01 2.160743364367216368e-01 2.374535971564219194e-01 2.513281166658877797e-01 2.781419648994822857e-01 2.904909799519259650e-01 2.951117783763992364e-01
-2.919416392159693840e-01 -2.893866107033121748e-01 -2.775412721514045056e-01 -2.504140696620827389e-01 -2.371177285906356791e-01 -2.161797079247455566e-01 -1.872823505265910626e-01 -1.720190037342007872e-01 -1.525324145421247946e-01 -1.401069166945307087e-01 -1.332850709400203726e-01 -1.093721435558398930e-01 -7.449837770697401163e-02 -5.564707295855900876e-02 -3.382121294864993272e-02 3.382121294864992578e-02 5.564707295855902264e-02 7.449837770697351202e-02 1.093721435558385469e-01 1.332850709400181799e-01 1.401069166945298206e-01 1.525324145421236288e-01 1.720190037342000933e-01 1.872823505265906741e-01 2.161797079247466391e-01 2.371177285906344301e-01 2.504140696620854589e-01 2.775412721514041725e-01 2.893866107033121193e-01 2.919416392159686624e-01
-2.894355818047122386e-01 -2.876330113361174612e-01 -2.768512912249272429e-01 -2.494842770982401980e-01 -2.368357337912519733e-01 -2.162404111230046000e-01 -1.871939209658390890e-01 -1.716389247211029256e-01 -1.514705499213851170e-01 -1.385352674476914847e-01 -1.319534647568635921e-01 -1.089471086170377967e-01 -7.298316908941415715e-02 -5.468239377857483235e-02 -3.268675499626687297e-02 3.268675499626665787e-02 5.468239377857487399e-02 7.298316908941397674e-02 1.089471086170391428e-01 1.319534647568641750e-01 1.385352674476925949e-01 1.514705499213841733e-01 1.716389247211028979e-01 1.871939209658402548e-01 2.162404111230057935e-01 2.368357337912511684e-01 2.494842770982393099e-01 2.768512912249275204e-01 2.876330113361201257e-01 2.894355818047135709e-01
-2.880432296083542676e-01 -2.848362410055645388e-01 -2.760242771447102283e-01 -2.485405054718569096e-01 -2.366076296001934365e-01 -2.162552312394498133e-01 -1.871097626464290065e-01 -1.713641647096943721e-01 -1.503887021076558417e-01 -1.369301683089417798e-01 -1.305922531206656356e-01 -1.085427432824561111e-01 -7.147263352643087875e-02 -5.374380010638476340e-02 -3.158046665253563812e-02 3.158046665253563812e-02 5.374380010638517280e-02 7.147263352643089263e-02 1.085427432824561528e-01 1.305922531206664960e-01 1.369301683089406696e-01 1.503887021076564523e-01 1.713641647096943166e-01 1.871097626464294228e-01 2.162552312394498688e-01 2.366076296001929091e-01 2.485405054718592688e-01 2.760242771447095622e-01 2.848362410055649829e-01 2.880432296083546562e-01
-2.869409294688470835e-01 -2.819297838301497161e-01 -2.749605582007853544e-01 -2.475845873941406317e-01 -2.364312582542349994e-01 -2.162242201807090536e-01 -1.870260407690931548e-01 -1.711846536917700778e-01 -1.492949776878043644e-01 -1.352960779762059085e-01 -1.292054120707517295e-01 -1.081540496442128935e-01 -6.997352353455617291e-02 -5.283112355851649067e-02 -3.050104670882863855e-02 3.050104670882900978e-02 5.283112355851674741e-02 6.997352353455636720e-02 1.081540496442136429e-01 1.292054120707513964e-01 1.352960779762066024e-01 1.492949776878046975e-01 1.711846536917690786e-01 1.870260407690933491e-01 2.162242201807093867e-01 2.364312582542358043e-01 2.475845873941403819e-01 2.749605582007842997e-01 2.819297838301502712e-01 2.869409294688460288e-01
-2.858891699442209777e-01 -2.793583570333469934e-01 -2.734682373078504147e-01 -2.466189613983398587e-01 -2.363014810903225627e-01 -2.161488124550239032e-01 -1.869387557771196862e-01 -1.710894997756900460e-01 -1.481979853543087811e-01 -1.336364625290789032e-01 -1.277992107221094797e-01 -1.077745851097367813e-01 -6.849357983630262325e-02 -5.194362335718702428e-02 -2.944694251985688349e-02 2.944694251985677941e-02 5.194362335718685081e-02 6.849357983630252611e-02 1.077745851097364066e-01 1.277992107221096740e-01 1.336364625290791253e-01 1.481979853543068937e-01 1.710894997756897407e-01 1.869387557771206299e-01 2.161488124550264289e-01 2.363014810903215079e-01 2.466189613983406081e-01 2.734682373078507478e-01 2.793583570333468824e-01 2.858891699442230871e-01
-2.848557984659208508e-01 -2.773726665118076418e-01 -2.713452153299372727e-01 -2.456476196329816231e-01 -2.362089919331621102e-01 -2.160318230421276742e-01 -1.868438215631146870e-01 -1.710674662002640012e-01 -1.471061213512218080e-01 -1.319540010929010354e-01 -1.263826266477514060e-01 -1.073960445864032553e-01 -6.704167239116631816e-02 -5.107981768633809705e-02 -2.841633578378419470e-02 2.841633578378421898e-02 5.107981768633865216e-02 6.704167239116656796e-02 1.073960445864036717e-01 1.263826266477512117e-01 1.319540010929005913e-01 1.471061213512220300e-01 1.710674662002660551e-01 1.868438215631158805e-01 2.160318230421275076e-01 2.362089919331613053e-01 2.456476196329819006e-01 2.713452153299390490e-01 2.773726665118080859e-01 2.848557984659214615e-01
-2.838385427058138233e-01 -2.759316021640498828e-01 -2.686541608087970601e-01 -2.446778140317694139e-01 -2.361383575635924992e-01 -2.158773181800855701e-01 -1.867371700790849409e-01 -1.711072422715269603e-01 -1.460270814982575216e-01 -1.302508835201782733e-01 -1.249677228551643593e-01 -1.070077555362766997e-01 -6.562793791739492122e-02 -5.023730882048201701e-02 -2.740713244832817044e-02 2.740713244832825371e-02 5.023730882048189905e-02 6.562793791739501836e-02 1.070077555362777821e-01 1.249677228551634156e-01 1.302508835201784954e-01 1.460270814982574661e-01 1.711072422715267383e-01 1.867371700790865230e-01 2.158773181800847096e-01 2.361383575635936372e-01 2.446778140317693584e-01 2.686541608087987254e-01 2.759316021640499939e-01 2.838385427058141564e-01
-2.828413232834642299e-01 -2.748009615904881686e-01 -2.656472546317422689e-01 -2.437231429643237357e-01 -2.360645778038065745e-01 -2.156903727936386461e-01 -1.866148840893347427e-01 -1.711975396265452143e-01 -1.449675817956382895e-01 -1.285292120366130220e-01 -1.235699160377682349e-01 -1.065961307316369705e-01 -6.426388376826965010e-02 -4.941263045647045771e-02 -2.641695892276188506e-02 2.641695892276150343e-02 4.941263045647046465e-02 6.426388376826935867e-02 1.065961307316362905e-01 1.235699160377679573e-01 1.285292120366122726e-01 1.449675817956374846e-01 1.711975396265452143e-01 1.866148840893344929e-01 2.156903727936387016e-01 2.360645778038056863e-01 2.437231429643239855e-01 2.656472546317434902e-01 2.748009615904894454e-01 2.828413232834633972e-01
-2.818688686788388131e-01 -2.738153386752694152e-01 -2.625098533018935809e-01 -2.428088162430585006e-01 -2.359472405950434337e-01 -2.154767468245751272e-01 -1.864733574777576730e-01 -1.713270604259327368e-01 -1.439332465671599171e-01 -1.267915623200145947e-01 -1.222079434687327326e-01 -1.061442110891093471e-01 -6.296240693968406521e-02 -4.860116683038864793e-02 -2.544316722405157508e-02 2.544316722405138079e-02 4.860116683038820384e-02 6.296240693968403745e-02 1.061442110891105961e-01 1.222079434687335792e-01 1.267915623200161768e-01 1.439332465671590289e-01 1.713270604259324037e-01 1.864733574777593106e-01 2.154767468245749884e-01 2.359472405950421015e-01 2.428088162430590835e-01 2.625098533018916380e-01 2.738153386752693041e-01 2.818688686788399789e-01
-2.809249371239349036e-01 -2.728985519143874994e-01 -2.593425789836563133e-01 -2.419786616904679166e-01 -2.357225627671918344e-01 -2.152425223556805878e-01 -1.863094785787290097e-01 -1.714843832592188588e-01 -1.429286180171901455e-01 -1.250418949866216045e-01 -1.209030562974821449e-01 -1.056315829053389166e-01 -6.173765254414668308e-02 -4.779721775016385066e-02 -2.448285212258715510e-02 2.448285212258729387e-02 4.779721775016361474e-02 6.173765254414669695e-02 1.056315829053391803e-01 1.209030562974817841e-01 1.250418949866213547e-01 1.429286180171888132e-01 1.714843832592182205e-01 1.863094785787277885e-01 2.152425223556810874e-01 2.357225627671911961e-01 2.419786616904677223e-01 2.593425789836557582e-01 2.728985519143869443e-01 2.809249371239357917e-01
-2.800117003124032444e-01 -2.720187684672179529e-01 -2.562081863273691917e-01 -2.412969022264211949e-01 -2.353001916400631888e-01 -2.149937436952313319e-01 -1.861208260447209106e-01 -1.716578062702169560e-01 -1.419572447319666364e-01 -1.232874291915749543e-01 -1.196763640465110939e-01 -1.050351422329661721e-01 -6.060461954607086060e-02 -4.699430036414848494e-02 -2.353288372540930304e-02 2.353288372540902895e-02 4.699430036414839473e-02 6.060461954607065937e-02 1.050351422329668105e-01 1.196763640465110939e-01 1.232874291915753706e-01 1.419572447319693287e-01 1.716578062702152352e-01 1.861208260447209939e-01 2.149937436952325254e-01 2.353001916400639104e-01 2.412969022264204733e-01 2.562081863273696913e-01 2.720187684672182304e-01 2.800117003124028003e-01
-2.791296549599663890e-01 -2.711634217260994739e-01 -2.531585444199883073e-01 -2.408271540610814609e-01 -2.345824500965461024e-01 -2.147360963664732558e-01 -1.859058584325552210e-01 -1.718351822474206148e-01 -1.410218136243270581e-01 -1.215435477684264493e-01 -1.185417345373901976e-01 -1.043312457463162479e-01 -5.957843565234452465e-02 -4.618576460012254609e-02 -2.258995915355057477e-02 2.258995915355067885e-02 4.618576460012222690e-02 5.957843565234428179e-02 1.043312457463155402e-01 1.185417345373907666e-01 1.215435477684261856e-01 1.410218136243263365e-01 1.718351822474212809e-01 1.859058584325538055e-01 2.147360963664738942e-01 2.345824500965456028e-01 2.408271540610820716e-01 2.531585444199891954e-01 2.711634217260990853e-01 2.791296549599653898e-01
-2.782778054245063637e-01 -2.703283593575024346e-01 -2.502467949089161592e-01 -2.405895479301894124e-01 -2.335058195506947154e-01 -2.144746518768278765e-01 -1.856640678247581944e-01 -1.720037807191692192e-01 -1.401242976367493009e-01 -1.198494000215519079e-01 -1.174864355127076543e-01 -1.034994098069879909e-01 -5.867329574704529399e-02 -4.536572704763882496e-02 -2.165067689882737775e-02 2.165067689882758939e-02 4.536572704763889435e-02 5.867329574704545359e-02 1.034994098069884488e-01 1.174864355127081122e-01 1.198494000215515609e-01 1.401242976367493287e-01 1.720037807191697188e-01 1.856640678247599430e-01 2.144746518768260723e-01 2.335058195506946599e-01 2.405895479301889683e-01 2.502467949089157706e-01 2.703283593575031563e-01 2.782778054245074739e-01
-2.774539712231238187e-01 -2.695129816469379325e-01 -2.475316855366964108e-01 -2.405463437555226125e-01 -2.320556312936833954e-01 -2.142136953464534588e-01 -1.853960548832345179e-01 -1.721502184066212582e-01 -1.392660991498613776e-01 -1.183177457901598562e-01 -1.164168399715748425e-01 -1.025267050219342002e-01 -5.790119567157754610e-02 -4.453019119487282296e-02 -2.071163689603543537e-02 2.071163689603563313e-02 4.453019119487277439e-02 5.790119567157765712e-02 1.025267050219337284e-01 1.164168399715747454e-01 1.183177457901602309e-01 1.392660991498607392e-01 1.721502184066225072e-01 1.853960548832336575e-01 2.142136953464524041e-01 2.320556312936842558e-01 2.405463437555224737e-01 2.475316855366975766e-01 2.695129816469362671e-01 2.774539712231237631e-01
-2.766551278739827757e-01 -2.687178597629520937e-01 -2.450788302850373246e-01 -2.406277654235483288e-01 -2.302410639226483979e-01 -2.139566418144935311e-01 -1.851034698747840990e-01 -1.722605100667124467e-01 -1.384481759479536944e-01 -1.171751700536978469e-01 -1.151149916371631138e-01 -1.014109309969351141e-01 -5.727074407330144667e-02 -4.367807190381072652e-02 -1.976956809576158741e-02 1.976956809576144863e-02 4.367807190381019222e-02 5.727074407330156464e-02 1.014109309969353501e-01 1.151149916371629889e-01 1.171751700536987489e-01 1.384481759479541663e-01 1.722605100667114197e-01 1.851034698747835994e-01 2.139566418144935589e-01 2.302410639226469269e-01 2.406277654235466912e-01 2.450788302850376854e-01 2.687178597629507060e-01 2.766551278739819986e-01
-2.758777296511206178e-01 -2.679434763001147246e-01 -2.429928436644772094e-01 -2.407164230351946099e-01 -2.280795378093561365e-01 -2.137060292557709240e-01 -1.847887569242966932e-01 -1.723203011672642948e-01 -1.376711423977920457e-01 -1.164835736554512557e-01 -1.135168625988259711e-01 -1.001608411181576924e-01 -5.678639142333024442e-02 -4.281178697564752555e-02 -1.882148316532918780e-02 1.882148316532940638e-02 4.281178697564783087e-02 5.678639142333027912e-02 1.001608411181585112e-01 1.135168625988257352e-01 1.164835736554518109e-01 1.376711423977923510e-01 1.723203011672627127e-01 1.847887569242980255e-01 2.137060292557718955e-01 2.280795378093564973e-01 2.407164230351949152e-01 2.429928436644777368e-01 2.679434763001155573e-01 2.758777296511198407e-01
-2.751179936029384265e-01 -2.671895341366541388e-01 -2.417872760293675316e-01 -2.402726326493623554e-01 -2.256018822917291722e-01 -2.134635360213165967e-01 -1.844546477902200277e-01 -1.723153405364858948e-01 -1.369353429924567156e-01 -1.160865218586591141e-01 -1.117687143873779126e-01 -9.879342928785490863e-02 -5.644829551469656564e-02 -4.193720023722771750e-02 -1.786485679009709032e-02 1.786485679009689603e-02 4.193720023722791873e-02 5.644829551469680851e-02 9.879342928785454780e-02 1.117687143873774547e-01 1.160865218586603770e-01 1.369353429924563548e-01 1.723153405364859503e-01 1.844546477902206383e-01 2.134635360213153199e-01 2.256018822917270905e-01 2.402726326493606068e-01 2.417872760293668655e-01 2.671895341366558041e-01 2.751179936029386486e-01
-2.743721445554946903e-01 -2.664545833936100561e-01 -2.417887500284261471e-01 -2.389271996873440218e-01 -2.228557217542640467e-01 -2.132298440301808873e-01 -1.841033918679901016e-01 -1.722322187052863496e-01 -1.362408985864184963e-01 -1.158795928276090959e-01 -1.099607353697349271e-01 -9.732996685158842864e-02 -5.625279455526915190e-02 -4.106295075825954627e-02 -1.689782004616663044e-02 1.689782004616636676e-02 4.106295075825956015e-02 5.625279455526927680e-02 9.732996685158895600e-02 1.099607353697344136e-01 1.158795928276086656e-01 1.362408985864186628e-01 1.722322187052870712e-01 1.841033918679911563e-01 2.132298440301805265e-01 2.228557217542634639e-01 2.389271996873444659e-01 2.417887500284254532e-01 2.664545833936108332e-01 2.743721445554960781e-01
-2.736366314269166322e-01 -2.657358405480573782e-01 -2.420649926507711935e-01 -2.375610531335615172e-01 -2.198988442001554855e-01 -2.130035984993137177e-01 -1.837357913917965491e-01 -1.720593235295297119e-01 -1.355877276630512995e-01 -1.158127693028951771e-01 -1.081281076410817582e-01 -9.579259588245490897e-02 -5.619324139388408995e-02 -4.019942194792350265e-02 -1.591935897081915227e-02 1.591935897081881574e-02 4.019942194792345408e-02 5.619324139388392342e-02 9.579259588245392365e-02 1.081281076410823411e-01 1.158127693028943445e-01 1.355877276630502726e-01 1.720593235295296286e-01 1.837357913917971874e-01 2.130035984993146891e-01 2.198988442001562071e-01 2.375610531335605735e-01 2.420649926507711658e-01 2.657358405480564900e-01 2.736366314269179645e-01
-2.729083287280223424e-01 -2.650291319950287550e-01 -2.423939688858140207e-01 -2.363465499518257185e-01 -2.167956271569392301e-01 -2.127743984136527544e-01 -1.833502220433429475e-01 -1.717878588931770478e-01 -1.349755460977571653e-01 -1.158566567090654059e-01 -1.062869205872093159e-01 -9.420228154793164332e-02 -5.626088943565756006e-02 -3.935766741353065312e-02 -1.492950162717928374e-02 1.492950162717915363e-02 3.935766741353088904e-02 5.626088943565767803e-02 9.420228154793228170e-02 1.062869205872095379e-01 1.158566567090652394e-01 1.349755460977571930e-01 1.717878588931775474e-01 1.833502220433436969e-01 2.127743984136541977e-01 2.167956271569404514e-01 2.363465499518269120e-01 2.423939688858127717e-01 2.650291319950275337e-01 2.729083287280211767e-01
-2.721847369609431411e-01 -2.643289268534533276e-01 -2.427328725090621975e-01 -2.352841920080203097e-01 -2.137267905315318461e-01 -2.124070602233180394e-01 -1.829419074645420029e-01 -1.714126833283647622e-01 -1.344038494034307529e-01 -1.159908717550926366e-01 -1.044467016509722790e-01 -9.257801375084225015e-02 -5.644560191882455613e-02 -3.854852687452115650e-02 -1.392947568650539092e-02 1.392947568650547766e-02 3.854852687452129528e-02 5.644560191882454919e-02 9.257801375084291629e-02 1.044467016509726537e-01 1.159908717550940244e-01 1.344038494034314746e-01 1.714126833283649842e-01 1.829419074645428911e-01 2.124070602233170679e-01 2.137267905315310690e-01 2.352841920080206151e-01 2.427328725090626138e-01 2.643289268534524949e-01 2.721847369609433076e-01
-2.714641944267354723e-01 -2.636284446520684166e-01 -2.430620707284621429e-01 -2.343592740770028271e-01 -2.126034494872082181e-01 -2.100265760772108969e-01 -1.825027073059534433e-01 -1.709327236380134285e-01 -1.338718816403611511e-01 -1.162001083464182100e-01 -1.026145112122487518e-01 -9.093681191690372589e-02 -5.673628518974065116e-02 -3.778203028398745972e-02 -1.292181870213444939e-02 1.292181870213467490e-02 3.778203028398736951e-02 5.673628518974052626e-02 9.093681191690279608e-02 1.026145112122481551e-01 1.162001083464183071e-01 1.338718816403615952e-01 1.709327236380139559e-01 1.825027073059521387e-01 2.100265760772094814e-01 2.126034494872081626e-01 2.343592740770028271e-01 2.430620707284638082e-01 2.636284446520699709e-01 2.714641944267363605e-01
-2.707461118138874689e-01 -2.629198370038685617e-01 -2.433670664345759238e-01 -2.335580215674657456e-01 -2.123998041115205959e-01 -2.066868388472656581e-01 -1.820215353657362867e-01 -1.703508374738377518e-01 -1.333785952614232884e-01 -1.164724038355227503e-01 -1.007964862782208260e-01 -8.929413688160398044e-02 -5.712104284355882383e-02 -3.706708171384934941e-02 -1.191042609825081373e-02 1.191042609825071485e-02 3.706708171384932859e-02 5.712104284355868505e-02 8.929413688160388329e-02 1.007964862782204235e-01 1.164724038355218066e-01 1.333785952614227610e-01 1.703508374738394171e-01 1.820215353657347601e-01 2.066868388472656581e-01 2.123998041115191526e-01 2.335580215674666060e-01 2.433670664345760903e-01 2.629198370038680621e-01 2.707461118138878020e-01
-2.700312384227477880e-01 -2.621944490083886192e-01 -2.436345499918638746e-01 -2.328691965833801225e-01 -2.122648772921952587e-01 -2.032607481332779908e-01 -1.814852972235400375e-01 -1.696731851253738266e-01 -1.329226063183566175e-01 -1.167981535565902201e-01 -9.899854051893050566e-02 -8.766447146827409387e-02 -5.758708770656837533e-02 -3.641136041046107163e-02 -1.090052687841889384e-02 1.090052687841872384e-02 3.641136041046089122e-02 5.758708770656842391e-02 8.766447146827406611e-02 9.899854051893082485e-02 1.167981535565907336e-01 1.329226063183570616e-01 1.696731851253743262e-01 1.814852972235388440e-01 2.032607481332780741e-01 2.122648772921951754e-01 2.328691965833801780e-01 2.436345499918630975e-01 2.621944490083890078e-01 2.700312384227473439e-01
-2.693219599041911105e-01 -2.614431655421511902e-01 -2.438510823028437191e-01 -2.322835408401442148e-01 -2.121658410341221157e-01 -1.997983940550223103e-01 -1.808800310461221028e-01 -1.689083153028372586e-01 -1.325021498155745658e-01 -1.171694581989407707e-01 -9.722676739857226413e-02 -8.606196190364227838e-02 -5.812044726302715431e-02 -3.582136189471393090e-02 -9.898582895837736845e-03 9.898582895837662252e-03 3.582136189471370191e-02 5.812044726302707104e-02 8.606196190364204246e-02 9.722676739857044614e-02 1.171694581989414785e-01 1.325021498155748156e-01 1.689083153028361761e-01 1.808800310461223804e-01 1.997983940550228377e-01 2.121658410341219769e-01 2.322835408401438262e-01 2.438510823028436636e-01 2.614431655421515233e-01 2.693219599041916656e-01
-2.686226033359249143e-01 -2.606568407576501101e-01 -2.440025828315008916e-01 -2.317931291036692265e-01 -2.120971779207368735e-01 -1.963190811128971980e-01 -1.801918121397164951e-01 -1.680661988605672563e-01 -1.321150406927747434e-01 -1.175796578490747452e-01 -9.548775355499605766e-02 -8.450108819356333401e-02 -5.870547882101112558e-02 -3.530250717043588449e-02 -8.912112756698632385e-03 8.912112756698621976e-03 3.530250717043583591e-02 5.870547882101115333e-02 8.450108819356301482e-02 9.548775355499621031e-02 1.175796578490747313e-01 1.321150406927735221e-01 1.680661988605685331e-01 1.801918121397167172e-01 1.963190811128967261e-01 2.120971779207360686e-01 2.317931291036692820e-01 2.440025828315012524e-01 2.606568407576505542e-01 2.686226033359231935e-01
-2.679396788093390547e-01 -2.598267996751049136e-01 -2.440742329303823843e-01 -2.313910133343766162e-01 -2.120551591266201796e-01 -1.928381688610109335e-01 -1.794068797672831450e-01 -1.671573708809487024e-01 -1.317586470930216802e-01 -1.180229837715244395e-01 -9.378890402037147467e-02 -8.299735932036350627e-02 -5.932419373742894853e-02 -3.485926006012041861e-02 -7.949445096614368711e-03 7.949445096614245546e-03 3.485926006012039086e-02 5.932419373742878199e-02 8.299735932036354791e-02 9.378890402037146079e-02 1.180229837715237179e-01 1.317586470930214304e-01 1.671573708809477032e-01 1.794068797672822568e-01 1.928381688610105449e-01 2.120551591266193747e-01 2.313910133343756170e-01 2.440742329303838831e-01 2.598267996751051911e-01 2.679396788093381665e-01
-2.672819232564194736e-01 -2.589453936761927366e-01 -2.440507266055193247e-01 -2.310711444548272930e-01 -2.120342318333465204e-01 -1.893731057803657580e-01 -1.785101275460217463e-01 -1.661922283850871263e-01 -1.314298844292234314e-01 -1.184942852561231136e-01 -9.213885376306289732e-02 -8.156800838865542469e-02 -5.995539650376505852e-02 -3.449520622678079601e-02 -7.019408137940902175e-03 7.019408137941209221e-03 3.449520622678102499e-02 5.995539650376499607e-02 8.156800838865670145e-02 9.213885376306331365e-02 1.184942852561239740e-01 1.314298844292247914e-01 1.661922283850874038e-01 1.785101275460214409e-01 1.893731057803671181e-01 2.120342318333457432e-01 2.310711444548289029e-01 2.440507266055179092e-01 2.589453936761932362e-01 2.672819232564207503e-01
-2.666599663719045887e-01 -2.580065878559370529e-01 -2.439168767569905028e-01 -2.308284598398588627e-01 -2.120259452340816919e-01 -1.859502718811689159e-01 -1.774799353120051215e-01 -1.651804270448544720e-01 -1.311252416037222424e-01 -1.189887996147738353e-01 -9.054804765019484891e-02 -8.023256739108161617e-02 -6.057371003556495659e-02 -3.421306173402757084e-02 -6.130964208266940184e-03 6.130964208266967939e-03 3.421306173402763329e-02 6.057371003556495659e-02 8.023256739108092228e-02 9.054804765019522361e-02 1.189887996147733912e-01 1.311252416037225754e-01 1.651804270448542777e-01 1.774799353120038725e-01 1.859502718811684718e-01 2.120259452340824136e-01 2.308284598398576137e-01 2.439168767569897811e-01 2.580065878559384962e-01 2.666599663719059210e-01
-2.660854717812590198e-01 -2.570065497774545182e-01 -2.436585595815027872e-01 -2.306590062982263878e-01 -2.120186603549530091e-01 -1.826205417248811247e-01 -1.762734852320380907e-01 -1.641302280836749727e-01 -1.308408550534626291e-01 -1.195019376422345875e-01 -8.902960079394971193e-02 -7.901296764627430136e-02 -6.114874884241953273e-02 -3.401459460595945838e-02 -5.292800927360025859e-03 5.292800927360007644e-03 3.401459460595952777e-02 6.114874884241992131e-02 7.901296764627384339e-02 8.902960079394926785e-02 1.195019376422337132e-01 1.308408550534621295e-01 1.641302280836752781e-01 1.762734852320388124e-01 1.826205417248810969e-01 2.120186603549534254e-01 2.306590062982263878e-01 2.436585595815023153e-01 2.570065497774557395e-01 2.660854717812589643e-01
-2.655697663344468995e-01 -2.559441867184974462e-01 -2.432638855188631599e-01 -2.305599732651824607e-01 -2.119977416400176951e-01 -1.794988812710305859e-01 -1.747879586152175091e-01 -1.630475168261506236e-01 -1.305726528958109367e-01 -1.200290564245007213e-01 -8.760059391776313376e-02 -7.793236081126508896e-02 -6.164510172102452557e-02 -3.390046008664413663e-02 -4.512896371018959227e-03 4.512896371019004330e-03 3.390046008664398397e-02 6.164510172102451169e-02 7.793236081126453385e-02 8.760059391776257864e-02 1.200290564245008046e-01 1.305726528958106869e-01 1.630475168261516505e-01 1.747879586152182863e-01 1.794988812710298642e-01 2.119977416400196935e-01 2.305599732651848199e-01 2.432638855188636318e-01 2.559441867184973907e-01 2.655697663344477322e-01
-2.651222199700140059e-01 -2.548215502965855972e-01 -2.427243617992181635e-01 -2.305295246049801627e-01 -2.119461444876180045e-01 -1.768133570914213193e-01 -1.728129996430512738e-01 -1.619339168755605518e-01 -1.303166016769259083e-01 -1.205651857164924123e-01 -8.628397525082519282e-02 -7.701125336625198881e-02 -6.202436510638962425e-02 -3.386996839772245249e-02 -3.798083740471745393e-03 3.798083740471733249e-03 3.386996839772230677e-02 6.202436510639015854e-02 7.701125336625212758e-02 8.628397525082535935e-02 1.205651857164930785e-01 1.303166016769255198e-01 1.619339168755599412e-01 1.728129996430509685e-01 1.768133570914211528e-01 2.119461444876180045e-01 2.305295246049799684e-01 2.427243617992195790e-01 2.548215502965837098e-01 2.651222199700121740e-01
-2.647488344182038489e-01 -2.536440272714886590e-01 -2.420357357195998815e-01 -2.305663410263847635e-01 -2.118453455434298471e-01 -1.747153523572176625e-01 -1.702241658728097518e-01 -1.607826041764127967e-01 -1.300691042070900028e-01 -1.211046611637349169e-01 -8.511108173376533137e-02 -7.625947734974174164e-02 -6.225069306032129240e-02 -3.392082053711927003e-02 -3.153650066549133421e-03 3.153650066549200642e-03 3.392082053711942963e-02 6.225069306032132016e-02 7.625947734974192205e-02 8.511108173376538688e-02 1.211046611637341675e-01 1.300691042070901415e-01 1.607826041764140179e-01 1.702241658728110563e-01 1.747153523572179123e-01 2.118453455434292920e-01 2.305663410263851243e-01 2.420357357196006587e-01 2.536440272714890476e-01 2.647488344182052367e-01
-2.644514833387082708e-01 -2.524202941844609915e-01 -2.411982589602618687e-01 -2.306688239984147071e-01 -2.116765463282030968e-01 -1.730024111911498963e-01 -1.672697920008775485e-01 -1.595680500864218587e-01 -1.298276215744831041e-01 -1.216405942013792374e-01 -8.412402440514094026e-02 -7.566473316806476834e-02 -6.229988159267357134e-02 -3.404885961872945038e-02 -2.583009708099699795e-03 2.583009708099629972e-03 3.404885961872935324e-02 6.229988159267362685e-02 7.566473316806486549e-02 8.412402440514078761e-02 1.216405942013791819e-01 1.298276215744837425e-01 1.595680500864213314e-01 1.672697920008780204e-01 1.730024111911498130e-01 2.116765463282032356e-01 2.306688239984156508e-01 2.411982589602607863e-01 2.524202941844609915e-01 2.644514833387091035e-01
-2.642279971460395616e-01 -2.511621202894513960e-01 -2.402163012857971014e-01 -2.308339633786038458e-01 -2.114220358548143663e-01 -1.714393425356519896e-01 -1.642755646884209719e-01 -1.582198089999976298e-01 -1.295916270970461637e-01 -1.221640724257917893e-01 -8.337507444623527830e-02 -7.518426083683105166e-02 -6.216829007601346740e-02 -3.424788885832485974e-02 -2.087492822687978759e-03 2.087492822688068964e-03 3.424788885832493607e-02 6.216829007601373802e-02 7.518426083683159289e-02 8.337507444623565300e-02 1.221640724257918170e-01 1.295916270970469686e-01 1.582198089999985735e-01 1.642755646884217213e-01 1.714393425356515455e-01 2.114220358548138667e-01 2.308339633786047340e-01 2.402163012857979063e-01 2.511621202894521732e-01 2.642279971460393950e-01
-2.640729559556129202e-01 -2.498842122576374059e-01 -2.390974730203008769e-01 -2.310559122091382922e-01 -2.110665421594705993e-01 -1.699232138950423632e-01 -1.615319384061223162e-01 -1.565696118862565933e-01 -1.293640333328319458e-01 -1.226629460950339756e-01 -8.291736502384070007e-02 -7.475152029528808750e-02 -6.187539686693427354e-02 -3.450960064983368825e-02 -1.666279063981656238e-03 1.666279063981797185e-03 3.450960064983388254e-02 6.187539686693425967e-02 7.475152029528814301e-02 8.291736502384046414e-02 1.226629460950337674e-01 1.293640333328305581e-01 1.565696118862575370e-01 1.615319384061228991e-01 1.699232138950410032e-01 2.110665421594709323e-01 2.310559122091386530e-01 2.390974730203019039e-01 2.498842122576359626e-01 2.640729559556135864e-01
-2.639788404776036157e-01 -2.486043739993899215e-01 -2.378515580299728482e-01 -2.313243028800064660e-01 -2.105983706051611504e-01 -1.684192166746457942e-01 -1.593373547274884450e-01 -1.543718333133831111e-01 -1.291531977851752000e-01 -1.231200827964964439e-01 -8.278416371997518453e-02 -7.430304145605017008e-02 -6.145756392376738181e-02 -3.482364554447882343e-02 -1.316488265802397226e-03 1.316488265802415441e-03 3.482364554447866384e-02 6.145756392376746507e-02 7.430304145604986477e-02 8.278416371997508738e-02 1.231200827964952088e-01 1.291531977851760049e-01 1.543718333133845821e-01 1.593373547274879731e-01 1.684192166746465713e-01 2.105983706051615945e-01 2.313243028800080758e-01 2.378515580299729038e-01 2.486043739993933632e-01 2.639788404776025055e-01
-2.639371751135149990e-01 -2.473443102032891749e-01 -2.364895494390797104e-01 -2.316222487429387411e-01 -2.100101520731471327e-01 -1.669184900630480972e-01 -1.577363449844187138e-01 -1.516071806973132430e-01 -1.289752618191911115e-01 -1.235113089729804464e-01 -8.296930191521481590e-02 -7.380830787492922984e-02 -6.095754803976765474e-02 -3.517784996165831957e-02 -1.033417201929658340e-03 1.033417201929478146e-03 3.517784996165799344e-02 6.095754803976766861e-02 7.380830787492936862e-02 8.296930191521478815e-02 1.235113089729792252e-01 1.289752618191920275e-01 1.516071806973132985e-01 1.577363449844209342e-01 1.669184900630479862e-01 2.100101520731472715e-01 2.316222487429390742e-01 2.364895494390793496e-01 2.473443102032889529e-01 2.639371751135141664e-01
-2.639394213183890447e-01 -2.461314227818879041e-01 -2.350229595203034427e-01 -2.319238425483912958e-01 -2.092991101336092730e-01 -1.654229416579876544e-01 -1.565039362554440094e-01 -1.485131817856962799e-01 -1.288553298954941417e-01 -1.238044818959203736e-01 -8.342897466353367542e-02 -7.327623064768824801e-02 -6.041597493394252477e-02 -3.555857319346932000e-02 -8.108909952301789591e-04 8.108909952301091364e-04 3.555857319346927142e-02 6.041597493394209456e-02 7.327623064768792882e-02 8.342897466353367542e-02 1.238044818959208870e-01 1.288553298954940585e-01 1.485131817856957248e-01 1.565039362554442037e-01 1.654229416579874601e-01 2.092991101336088844e-01 2.319238425483910460e-01 2.350229595203029154e-01 2.461314227818877376e-01 2.639394213183889892e-01
-2.639775336255392180e-01 -2.450017770780942294e-01 -2.334634324975428388e-01 -2.321910025246575748e-01 -2.084668673099260572e-01 -1.639399940163805414e-01 -1.554609884054241054e-01 -1.452739904645201363e-01 -1.288236321438792908e-01 -1.239634573444379634e-01 -8.410238987260430787e-02 -7.273831779723541335e-02 -5.986717898998431681e-02 -3.595118224312645466e-02 -6.416848177230107279e-04 6.416848177228689143e-04 3.595118224312664201e-02 5.986717898998451109e-02 7.273831779723517743e-02 8.410238987260421073e-02 1.239634573444380189e-01 1.288236321438784582e-01 1.452739904645215518e-01 1.554609884054229674e-01 1.639399940163803748e-01 2.084668673099260849e-01 2.321910025246579634e-01 2.334634324975440045e-01 2.450017770780943405e-01 2.639775336255372751e-01
-2.640442025239794765e-01 -2.440034940347908798e-01 -2.323703346608452236e-01 -2.318225915018977124e-01 -2.075188972536417542e-01 -1.624809003898360915e-01 -1.545191842741369948e-01 -1.419773437895310020e-01 -1.289029502925987669e-01 -1.239604626170902613e-01 -8.493077744280495833e-02 -7.223002997595774632e-02 -5.933839803594719020e-02 -3.634061796190618532e-02 -5.179684419293633822e-04 5.179684419292552872e-04 3.634061796190622001e-02 5.933839803594677387e-02 7.223002997595717734e-02 8.493077744280429220e-02 1.239604626170913021e-01 1.289029502925976844e-01 1.419773437895303636e-01 1.545191842741371890e-01 1.624809003898359805e-01 2.075188972536418097e-01 2.318225915018971850e-01 2.323703346608458897e-01 2.440034940347907688e-01 2.640442025239783108e-01
-2.641328602459341868e-01 -2.431971097921503955e-01 -2.323933351728349195e-01 -2.301120252847696501e-01 -2.064637639964536642e-01 -1.610604915808827031e-01 -1.536305466516244556e-01 -1.386666362981392453e-01 -1.290929543121289713e-01 -1.237905171599894688e-01 -8.586538177272980132e-02 -7.178146325955474250e-02 -5.885055916703773454e-02 -3.671202453529346516e-02 -4.317316780365395429e-04 4.317316780368477274e-04 3.671202453529343740e-02 5.885055916703793577e-02 7.178146325955486740e-02 8.586538177272930172e-02 1.237905171599890108e-01 1.290929543121287493e-01 1.386666362981390510e-01 1.536305466516237062e-01 1.610604915808838966e-01 2.064637639964578553e-01 2.301120252847680681e-01 2.323933351728344754e-01 2.431971097921502845e-01 2.641328602459344088e-01
-2.642375325730720870e-01 -2.426454921176788293e-01 -2.321872143575689773e-01 -2.283433220461739133e-01 -2.053122765198281408e-01 -1.596973819141652984e-01 -1.527601842200373983e-01 -1.353742885062466372e-01 -1.293625914773967600e-01 -1.234728464180569057e-01 -8.686790876915641280e-02 -7.141508512334883430e-02 -5.841947453970597337e-02 -3.705141141241941743e-02 -3.751592566002019333e-04 3.751592566000315509e-04 3.705141141241929253e-02 5.841947453970582071e-02 7.141508512334898695e-02 8.686790876915562176e-02 1.234728464180566282e-01 1.293625914773966490e-01 1.353742885062464429e-01 1.527601842200385363e-01 1.596973819141648265e-01 2.053122765198297506e-01 2.283433220461734969e-01 2.321872143575677283e-01 2.426454921176783019e-01 2.642375325730725311e-01
-2.643526036005690028e-01 -2.423892714307633034e-01 -2.317002445348138040e-01 -2.265281202667897287e-01 -2.040766500926536331e-01 -1.584136890590674140e-01 -1.518760691047587041e-01 -1.321902749431855262e-01 -1.296045670846114051e-01 -1.230385235756893403e-01 -8.790835284666426164e-02 -7.114616979265771246e-02 -5.805691394096303831e-02 -3.734630836388057318e-02 -3.409355332912256337e-04 3.409355332913122072e-04 3.734630836388046909e-02 5.805691394096251789e-02 7.114616979265776797e-02 8.790835284666394245e-02 1.230385235756892848e-01 1.296045670846109055e-01 1.321902749431859148e-01 1.518760691047596478e-01 1.584136890590669144e-01 2.040766500926543825e-01 2.265281202667903671e-01 2.317002445348116946e-01 2.423892714307636642e-01 2.643526036005690028e-01
-2.644725365724178712e-01 -2.424238536133835054e-01 -2.309254841542425496e-01 -2.246781478988789382e-01 -2.027697269832232640e-01 -1.572329276212784954e-01 -1.509471672000317899e-01 -1.305013615903378998e-01 -1.284125076209212957e-01 -1.225182150342421505e-01 -8.896261654924578210e-02 -7.098374551329757198e-02 -5.777139275138658270e-02 -3.758636078294487481e-02 -3.224698797045802098e-04 3.224698797045866066e-04 3.758636078294505523e-02 5.777139275138700597e-02 7.098374551329751647e-02 8.896261654924629558e-02 1.225182150342415260e-01 1.284125076209204075e-01 1.305013615903377888e-01 1.509471672000320952e-01 1.572329276212785787e-01 2.027697269832231530e-01 2.246781478988799374e-01 2.309254841542424108e-01 2.424238536133830335e-01 2.644725365724161503e-01
-2.645915701473949277e-01 -2.427034082786953817e-01 -2.298974167600933982e-01 -2.228052574179380796e-01 -2.014042796124451140e-01 -1.561749792567322659e-01 -1.499470563659691946e-01 -1.307397572776035632e-01 -1.253412761269988851e-01 -1.219348144836754494e-01 -9.001062187015697325e-02 -7.093143694776687935e-02 -5.756867791100529763e-02 -3.776379937138026055e-02 -3.140416862601144742e-04 3.140416862602500537e-04 3.776379937138012871e-02 5.756867791100492987e-02 7.093143694776629649e-02 9.001062187015684835e-02 1.219348144836756853e-01 1.253412761269978304e-01 1.307397572776023698e-01 1.499470563659696942e-01 1.561749792567318496e-01 2.014042796124458912e-01 2.228052574179378575e-01 2.298974167600933982e-01 2.427034082786933278e-01 2.645915701473929293e-01
-2.647033878808860430e-01 -2.431663800565737055e-01 -2.286669295959064541e-01 -2.209214575463755437e-01 -1.999924016179175090e-01 -1.552494157573089950e-01 -1.488602879399778811e-01 -1.311177641007811034e-01 -1.222208053595188332e-01 -1.212554778946449974e-01 -9.103496435152437505e-02 -7.098817678437883971e-02 -5.745207847600902751e-02 -3.787371571219825400e-02 -3.108695910464853761e-04 3.108695910462225655e-04 3.787371571219846217e-02 5.745207847600889567e-02 7.098817678437913115e-02 9.103496435152474975e-02 1.212554778946453166e-01 1.222208053595187499e-01 1.311177641007806594e-01 1.488602879399777978e-01 1.552494157573091615e-01 1.999924016179163988e-01 2.209214575463760710e-01 2.286669295959054271e-01 2.431663800565731226e-01 2.647033878808865981e-01
-2.648007381668662230e-01 -2.437563631158466138e-01 -2.272807867972476970e-01 -2.190389384632530911e-01 -1.985449853007630605e-01 -1.544517316066056911e-01 -1.476863561848655859e-01 -1.314969325041581705e-01 -1.207815892502482336e-01 -1.188969842868919657e-01 -9.202000159297112070e-02 -7.114888237176299202e-02 -5.742260850936124761e-02 -3.791409198959017762e-02 -3.091134215102266992e-04 3.091134215104334565e-04 3.791409198959064253e-02 5.742260850936158068e-02 7.114888237176339447e-02 9.202000159297063497e-02 1.188969842868924376e-01 1.207815892502483862e-01 1.314969325041580039e-01 1.476863561848650308e-01 1.544517316066061074e-01 1.985449853007632826e-01 2.190389384632540348e-01 2.272807867972485574e-01 2.437563631158473354e-01 2.648007381668657234e-01
-2.648749594612774261e-01 -2.444291323678283445e-01 -2.257748153894752474e-01 -2.171700782988777167e-01 -1.970712852339703836e-01 -1.537659216171169685e-01 -1.464376026802506059e-01 -1.318480546852081325e-01 -1.201388607576612810e-01 -1.157812897788618733e-01 -9.295126138427578510e-02 -7.140515944456768405e-02 -5.747910623910374578e-02 -3.788557126812316933e-02 -3.058199458691907859e-04 3.058199458690663737e-04 3.788557126812303749e-02 5.747910623910333638e-02 7.140515944456796160e-02 9.295126138427468876e-02 1.157812897788611795e-01 1.201388607576601986e-01 1.318480546852083546e-01 1.464376026802503283e-01 1.537659216171160526e-01 1.970712852339694676e-01 2.171700782988774114e-01 2.257748153894750254e-01 2.444291323678296213e-01 2.648749594612776481e-01
-2.649153377738415749e-01 -2.451516863211597452e-01 -2.241749685421856875e-01 -2.153274101221612502e-01 -1.955785749420840269e-01 -1.531711091488389687e-01 -1.451332682437413146e-01 -1.321531455080839912e-01 -1.195345770370650901e-01 -1.126910906870946943e-01 -9.381506971943814888e-02 -7.174603370933170521e-02 -5.761836915873347342e-02 -3.779100510667803697e-02 -2.988251795656391178e-04 2.988251795656238306e-04 3.779100510667810636e-02 5.761836915873303627e-02 7.174603370933098356e-02 9.381506971943837092e-02 1.126910906870949164e-01 1.195345770370659089e-01 1.321531455080852402e-01 1.451332682437412314e-01 1.531711091488383025e-01 1.955785749420830555e-01 2.153274101221615833e-01 2.241749685421823846e-01 2.451516863211592734e-01 2.649153377738414639e-01
-2.649081890342352419e-01 -2.458991997373050076e-01 -2.225003877536871066e-01 -2.135235220118917865e-01 -1.940719134754961550e-01 -1.526473908078874453e-01 -1.437945389844074717e-01 -1.323959569290660554e-01 -1.189662539603862507e-01 -1.096498547920772837e-01 -9.459826993225009528e-02 -7.215866807431697838e-02 -5.783532780413812996e-02 -3.763486009022835171e-02 -2.866267305760635702e-04 2.866267305760430788e-04 3.763486009022826845e-02 5.783532780413851160e-02 7.215866807431686736e-02 9.459826993225003977e-02 1.096498547920777972e-01 1.189662539603862507e-01 1.323959569290660276e-01 1.437945389844086652e-01 1.526473908078865294e-01 1.940719134754934627e-01 2.135235220118922306e-01 2.225003877536879393e-01 2.458991997373043692e-01 2.649081890342362411e-01
-2.648355309516011724e-01 -2.466522413476713305e-01 -2.207661229338087616e-01 -2.117708599483909548e-01 -1.925540472564743755e-01 -1.521787268172446750e-01 -1.424428480171371358e-01 -1.325591088159299713e-01 -1.184425533598494756e-01 -1.066685217964585819e-01 -9.528770636737678157e-02 -7.262900962460244747e-02 -5.812324462526547580e-02 -3.742258713272243048e-02 -2.682394281939361235e-04 2.682394281940956096e-04 3.742258713272270110e-02 5.812324462526541335e-02 7.262900962460196175e-02 9.528770636737675381e-02 1.066685217964578047e-01 1.184425533598495589e-01 1.325591088159300268e-01 1.424428480171377742e-01 1.521787268172446195e-01 1.925540472564736816e-01 2.117708599483916765e-01 2.207661229338074849e-01 2.466522413476697762e-01 2.648355309516015055e-01
-2.646732553470533822e-01 -2.473946982242800907e-01 -2.189850719365572240e-01 -2.100814069784344151e-01 -1.910254744858369824e-01 -1.517534684899604636e-01 -1.411009828573638603e-01 -1.326220794042674844e-01 -1.179711770704806317e-01 -1.037602031832401128e-01 -9.586817145459469724e-02 -7.314232035879153493e-02 -5.847390023856733482e-02 -3.716005072049811259e-02 -2.430462289855188503e-04 2.430462289852710559e-04 3.716005072049780728e-02 5.847390023856748054e-02 7.314232035879185412e-02 9.586817145459433642e-02 1.037602031832399463e-01 1.179711770704812285e-01 1.326220794042688722e-01 1.411009828573644431e-01 1.517534684899609354e-01 1.910254744858362053e-01 2.100814069784346927e-01 2.189850719365583342e-01 2.473946982242792025e-01 2.646732553470530491e-01
-2.643890728154514869e-01 -2.481122589546950474e-01 -2.171692726756218328e-01 -2.084662258531838341e-01 -1.894846892943631289e-01 -1.513637162286650684e-01 -1.397958125287929454e-01 -1.325591142667831013e-01 -1.175569367867573684e-01 -1.009537984490127133e-01 -9.631094723958497084e-02 -7.368356722400556946e-02 -5.887772047707094669e-02 -3.685308635002323280e-02 -2.106542301961578502e-04 2.106542301962186197e-04 3.685308635002331606e-02 5.887772047707078016e-02 7.368356722400581926e-02 9.631094723958509574e-02 1.009537984490134904e-01 1.175569367867583398e-01 1.325591142667831568e-01 1.397958125287935005e-01 1.513637162286646243e-01 1.894846892943669037e-01 2.084662258531844170e-01 2.171692726756229430e-01 2.481122589546942703e-01 2.643890728154506542e-01
-2.639417871499029067e-01 -2.487912048258292264e-01 -2.153307549012694611e-01 -2.069348780513571573e-01 -1.879285978764995702e-01 -1.510042803665426481e-01 -1.385609642247490891e-01 -1.323377129853025025e-01 -1.172007882489068814e-01 -9.841397318155695184e-02 -9.645494639256214919e-02 -7.423766915346076412e-02 -5.932379883444195701e-02 -3.650721727127467092e-02 -1.707628029064628351e-04 1.707628029065283480e-04 3.650721727127460847e-02 5.932379883444194313e-02 7.423766915346076412e-02 9.645494639256214919e-02 9.841397318155689633e-02 1.172007882489064928e-01 1.323377129853025580e-01 1.385609642247488948e-01 1.510042803665424538e-01 1.879285978764990706e-01 2.069348780513577679e-01 2.153307549012699607e-01 2.487912048258302256e-01 2.639417871499016854e-01
-2.632862848577717241e-01 -2.494172559921800092e-01 -2.134821107786828709e-01 -2.054947665264784951e-01 -1.863530626184648209e-01 -1.506715993005941501e-01 -1.374353913279572903e-01 -1.319213246239575033e-01 -1.168991842866991399e-01 -9.739811811660112340e-02 -9.505057118649599956e-02 -7.478961525791105736e-02 -5.979977203464271335e-02 -3.612752903958531964e-02 -1.230477618133657977e-04 1.230477618135952962e-04 3.612752903958561107e-02 5.979977203464273416e-02 7.478961525791162634e-02 9.505057118649647141e-02 9.739811811660183116e-02 1.168991842867002640e-01 1.319213246239579473e-01 1.374353913279577066e-01 1.506715993005941223e-01 1.863530626184655703e-01 2.054947665264797441e-01 2.134821107786839256e-01 2.494172559921821741e-01 2.632862848577706694e-01
-2.623902214869974214e-01 -2.499741840344767707e-01 -2.116368867665263109e-01 -2.041504812878018049e-01 -1.847534953692878401e-01 -1.503627656294506676e-01 -1.364508074454126862e-01 -1.312831096812121512e-01 -1.166437434236400200e-01 -9.740262530384494188e-02 -9.261401412765730978e-02 -7.532447718330666231e-02 -6.029150608690345831e-02 -3.571867883914995462e-02 -6.706254109746519036e-05 6.706254109755635821e-05 3.571867883915012115e-02 6.029150608690300728e-02 7.532447718330602393e-02 9.261401412765796204e-02 9.740262530384558026e-02 1.166437434236397563e-01 1.312831096812121234e-01 1.364508074454118536e-01 1.503627656294507786e-01 1.847534953692873960e-01 2.041504812878021935e-01 2.116368867665255893e-01 2.499741840344772148e-01 2.623902214869974214e-01
-2.612586183481017121e-01 -2.504417698016249139e-01 -2.098098580468458763e-01 -2.029032383564644826e-01 -1.831254067106420358e-01 -1.500747359956021709e-01 -1.356097034000260659e-01 -1.304289784713134337e-01 -1.164212637329397892e-01 -9.741763783484341799e-02 -9.017286786159467438e-02 -7.582734025947028556e-02 -6.078254696328682510e-02 -3.528500644886740228e-02 -2.154948578672645526e-06 2.154948578765528194e-06 3.528500644886758270e-02 6.078254696328697082e-02 7.582734025947045209e-02 9.017286786159484091e-02 9.741763783484412575e-02 1.164212637329398170e-01 1.304289784713130174e-01 1.356097034000252055e-01 1.500747359956027815e-01 1.831254067106418693e-01 2.029032383564652875e-01 2.098098580468474028e-01 2.504417698016231930e-01 2.612586183481026003e-01
-2.599445077422920525e-01 -2.507924043046490525e-01 -2.080172222139084204e-01 -2.017504789234365048e-01 -1.814648402512459013e-01 -1.498037631861630914e-01 -1.348781919271279661e-01 -1.294056183002691707e-01 -1.162140283731251250e-01 -9.735640343843328381e-02 -8.783703228770822768e-02 -7.628317145253624143e-02 -6.125329477820441737e-02 -3.483071205503619761e-02 -7.260345031203281629e-05 7.260345031211253226e-05 3.483071205503592699e-02 6.125329477820409124e-02 7.628317145253540876e-02 8.783703228770765870e-02 9.735640343843302014e-02 1.162140283731263601e-01 1.294056183002685323e-01 1.348781919271278829e-01 1.498037631861635632e-01 1.814648402512459846e-01 2.017504789234357554e-01 2.080172222139072824e-01 2.507924043046494411e-01 2.599445077422899986e-01
-2.585345294439237440e-01 -2.509853108562843937e-01 -2.062767371815573958e-01 -2.006856384416221828e-01 -1.797686794584918146e-01 -1.495450475402345936e-01 -1.342068021693467172e-01 -1.282803389668209226e-01 -1.160002854911029169e-01 -9.721039082039475976e-02 -8.564395936044125190e-02 -7.667661888477582399e-02 -6.167990406539716752e-02 -3.436006916082251506e-02 -1.584786861263691091e-04 1.584786861264623776e-04 3.436006916082234158e-02 6.167990406539687609e-02 7.667661888477493581e-02 8.564395936044122415e-02 9.721039082039489854e-02 1.160002854911026809e-01 1.282803389668207561e-01 1.342068021693478830e-01 1.495450475402344270e-01 1.797686794584918424e-01 2.006856384416207673e-01 2.062767371815556472e-01 2.509853108562851709e-01 2.585345294439240216e-01
-2.571295105900187616e-01 -2.509583866836166965e-01 -2.046078163990212306e-01 -1.996980358405108513e-01 -1.780348882344585659e-01 -1.492925543742686934e-01 -1.335540318238359614e-01 -1.271178112518588921e-01 -1.157548429010160224e-01 -9.698220214954181295e-02 -8.362636316563068495e-02 -7.699166546256773491e-02 -6.203306719527499485e-02 -3.387764564251921628e-02 -2.571290442630909520e-04 2.571290442631030408e-04 3.387764564251933425e-02 6.203306719527455770e-02 7.699166546256745736e-02 8.362636316563003269e-02 9.698220214954066110e-02 1.157548429010170493e-01 1.271178112518592529e-01 1.335540318238359336e-01 1.492925543742682770e-01 1.780348882344576500e-01 1.996980358405099354e-01 2.046078163990197596e-01 2.509583866836172517e-01 2.571295105900175959e-01
-2.558288596511509860e-01 -2.506265351976500466e-01 -2.030315341707406296e-01 -1.987728480518638763e-01 -1.762628030213246599e-01 -1.490388990818472537e-01 -1.328943715064159481e-01 -1.259716801554469356e-01 -1.154499590631146988e-01 -9.667678407967923715e-02 -8.182185708184504247e-02 -7.721082699405368288e-02 -6.227723367992139131e-02 -3.338851069780453956e-02 -3.706535723614967160e-04 3.706535723615497877e-04 3.338851069780454650e-02 6.227723367992159947e-02 7.721082699405334981e-02 8.182185708184495920e-02 9.667678407967957022e-02 1.154499590631152123e-01 1.259716801554471577e-01 1.328943715064155595e-01 1.490388990818465320e-01 1.762628030213238828e-01 1.987728480518644036e-01 2.030315341707411569e-01 2.506265351976506017e-01 2.558288596511505419e-01
-2.546831907207215417e-01 -2.499179250578892342e-01 -2.015702403437912016e-01 -1.978913899201209525e-01 -1.744536087386269196e-01 -1.487751768972550848e-01 -1.322164089846279145e-01 -1.248848525014697869e-01 -1.150570858754350057e-01 -9.629911390670298221e-02 -8.027621077525640136e-02 -7.731284432047062782e-02 -6.237156868866271936e-02 -3.289840906588385044e-02 -5.016318500770890112e-04 5.016318500771565570e-04 3.289840906588373248e-02 6.237156868866304549e-02 7.731284432047018373e-02 8.027621077525624871e-02 9.629911390670312099e-02 1.150570858754355885e-01 1.248848525014699812e-01 1.322164089846278034e-01 1.487751768972561672e-01 1.744536087386260037e-01 1.978913899201203141e-01 2.015702403437917289e-01 2.499179250578894007e-01 2.546831907207226520e-01
-2.536033392654865048e-01 -2.488510471203506658e-01 -2.002457817917082938e-01 -1.970326680303138012e-01 -1.726110990058364880e-01 -1.484906158838393553e-01 -1.315190095833496664e-01 -1.238897736484129292e-01 -1.145501884046634389e-01 -9.585332746354274791e-02 -7.904572705465975901e-02 -7.726634449443342545e-02 -6.227473535312991887e-02 -3.241388615312220528e-02 -6.531484912127911340e-04 6.531484912127869056e-04 3.241388615312226079e-02 6.227473535312998826e-02 7.726634449443400832e-02 7.904572705465946758e-02 9.585332746354231770e-02 1.145501884046622315e-01 1.238897736484120271e-01 1.315190095833491113e-01 1.484906158838391055e-01 1.726110990058360439e-01 1.970326680303144673e-01 2.002457817917073779e-01 2.488510471203488894e-01 2.536033392654848395e-01
-2.523560848850195382e-01 -2.475362301587084035e-01 -1.990744337323177848e-01 -1.961781400330878111e-01 -1.707427575112558660e-01 -1.481719575664151578e-01 -1.308083284708156380e-01 -1.230060445839177979e-01 -1.139106136334565450e-01 -9.534231224527095483e-02 -7.818871571695779066e-02 -7.702908217289310133e-02 -6.195483775689898664e-02 -3.194234874620164449e-02 -8.287916282822810734e-04 8.287916282823345245e-04 3.194234874620160286e-02 6.195483775689894501e-02 7.702908217289355930e-02 7.818871571695762412e-02 9.534231224527048298e-02 1.139106136334556013e-01 1.230060445839173955e-01 1.308083284708150829e-01 1.481719575664155186e-01 1.707427575112546447e-01 1.961781400330883662e-01 1.990744337323181457e-01 2.475362301587079594e-01 2.523560848850213145e-01
-2.507255354671173442e-01 -2.460881363953482115e-01 -1.980582345542980793e-01 -1.953200778112853808e-01 -1.688611188288351717e-01 -1.478025220799415174e-01 -1.300957530545905905e-01 -1.222373476390555824e-01 -1.131315369594058651e-01 -9.476746561284332682e-02 -7.766693457058389261e-02 -7.663509389628744839e-02 -6.140152158927748155e-02 -3.149204650909389475e-02 -1.032611012147474118e-03 1.032611012147334256e-03 3.149204650909399883e-02 6.140152158927698889e-02 7.663509389628739288e-02 7.766693457058378158e-02 9.476746561284332682e-02 1.131315369594052683e-01 1.222373476390554992e-01 1.300957530545907292e-01 1.478025220799425443e-01 1.688611188288346165e-01 1.953200778112865743e-01 1.980582345542981904e-01 2.460881363953480450e-01 2.507255354671159009e-01
-2.486802721943033034e-01 -2.445814623977969893e-01 -1.971791605180710782e-01 -1.944672092398371244e-01 -1.669852652802009119e-01 -1.473610187222135770e-01 -1.293962598462849445e-01 -1.215715091139179804e-01 -1.122187694269389108e-01 -9.412852551753345121e-02 -7.732048583961795285e-02 -7.621458957904216069e-02 -6.063189054350150847e-02 -3.107196064360506424e-02 -1.269019609904218845e-03 1.269019609904217978e-03 3.107196064360507118e-02 6.063189054350121704e-02 7.621458957904209131e-02 7.732048583961763366e-02 9.412852551753285446e-02 1.122187694269389108e-01 1.215715091139173004e-01 1.293962598462846669e-01 1.473610187222131607e-01 1.669852652802014947e-01 1.944672092398373187e-01 1.971791605180698570e-01 2.445814623977982660e-01 2.486802721943028593e-01
-2.463254952956729638e-01 -2.430572395670189678e-01 -1.964043380547293993e-01 -1.936395249619861647e-01 -1.651421310640672491e-01 -1.468203838469488154e-01 -1.287266896339311906e-01 -1.209853789714488426e-01 -1.111868286386630822e-01 -9.342349814533634778e-02 -7.711176663625113337e-02 -7.575677293103906529e-02 -5.968430309171334630e-02 -3.069158958762802092e-02 -1.542624251245288498e-03 1.542624251245365910e-03 3.069158958762804174e-02 5.968430309171417203e-02 7.575677293103887100e-02 7.711176663625124439e-02 9.342349814533672248e-02 1.111868286386632765e-01 1.209853789714487871e-01 1.287266896339311073e-01 1.468203838469491762e-01 1.651421310640671103e-01 1.936395249619862480e-01 1.964043380547291495e-01 2.430572395670191344e-01 2.463254952956728250e-01
-2.437679467492223362e-01 -2.415364385839946226e-01 -1.956978579348105929e-01 -1.928567116017946004e-01 -1.633669109763986049e-01 -1.461473603562850887e-01 -1.281036357495841660e-01 -1.204521874634256473e-01 -1.100529884999293662e-01 -9.264877120628146889e-02 -7.708439288810640944e-02 -7.516507063279323497e-02 -5.860446018631042253e-02 -3.036062910892399491e-02 -1.857977402166153267e-03 1.857977402166079758e-03 3.036062910892396022e-02 5.860446018631026294e-02 7.516507063279265211e-02 7.708439288810646495e-02 9.264877120628155216e-02 1.100529884999300045e-01 1.204521874634259110e-01 1.281036357495854705e-01 1.461473603562851720e-01 1.633669109763998262e-01 1.928567116017943228e-01 1.956978579348097880e-01 2.415364385839949002e-01 2.437679467492215590e-01
-2.410779371131905047e-01 -2.400271037983072453e-01 -1.950285404570361869e-01 -1.921308255483150373e-01 -1.617013048521109553e-01 -1.453041612488494005e-01 -1.275409441884187978e-01 -1.199477982742297860e-01 -1.088329320178425125e-01 -9.179949650434751640e-02 -7.721754233437057302e-02 -7.441482050158187977e-02 -5.743313209658736096e-02 -3.008855654216278583e-02 -2.219254142278222989e-03 2.219254142278184391e-03 3.008855654216281705e-02 5.743313209658759688e-02 7.441482050158161610e-02 7.721754233437155834e-02 9.179949650434759967e-02 1.088329320178409026e-01 1.199477982742297166e-01 1.275409441884196027e-01 1.453041612488488177e-01 1.617013048521101781e-01 1.921308255483146765e-01 1.950285404570353820e-01 2.400271037983085221e-01 2.410779371131903936e-01
-2.385747226641988239e-01 -2.382540329355678776e-01 -1.943715028041233805e-01 -1.914652776116323729e-01 -1.601880724485243990e-01 -1.442538683406726641e-01 -1.270471874772425014e-01 -1.194541026323423100e-01 -1.075394026635965866e-01 -9.087025438054668891e-02 -7.745220019335347095e-02 -7.353235529632280720e-02 -5.620005011964310238e-02 -2.988414533655575633e-02 -2.629874731009880159e-03 2.629874731009844598e-03 2.988414533655575633e-02 5.620005011964348401e-02 7.353235529632295986e-02 7.745220019335313788e-02 9.087025438054813220e-02 1.075394026635966560e-01 1.194541026323418381e-01 1.270471874772433618e-01 1.442538683406721645e-01 1.601880724485247320e-01 1.914652776116319566e-01 1.943715028041220760e-01 2.382540329355674613e-01 2.385747226641988239e-01
-2.370837732246492968e-01 -2.354162179861289117e-01 -1.937069182829802561e-01 -1.908566489871223182e-01 -1.588617129220930846e-01 -1.429699258573390586e-01 -1.266236754223925842e-01 -1.189596468331446250e-01 -1.061831356309363844e-01 -8.985592016960797235e-02 -7.773544487438581452e-02 -7.255050785516969913e-02 -5.492286602318022931e-02 -2.975495312899903780e-02 -3.092110230526022661e-03 3.092110230526000543e-03 2.975495312899913147e-02 5.492286602318040278e-02 7.255050785516965750e-02 7.773544487438549533e-02 8.985592016960747275e-02 1.061831356309362873e-01 1.189596468331453327e-01 1.266236754223925010e-01 1.429699258573401410e-01 1.588617129220927238e-01 1.908566489871230121e-01 1.937069182829806169e-01 2.354162179861280235e-01 2.370837732246483531e-01
-2.356284360820139201e-01 -2.325035179391027051e-01 -1.930184359901626068e-01 -1.902967942222461850e-01 -1.577386373936447983e-01 -1.414466104013098746e-01 -1.262633154072272945e-01 -1.184582892625162670e-01 -1.047747786037141610e-01 -8.875260299237136552e-02 -7.802476143344903858e-02 -7.150123640257172175e-02 -5.360863472709486571e-02 -2.970683864361687090e-02 -3.606721012176085026e-03 3.606721012176140537e-03 2.970683864361666968e-02 5.360863472709482408e-02 7.150123640257088908e-02 7.802476143344931614e-02 8.875260299237160144e-02 1.047747786037137585e-01 1.184582892625172662e-01 1.262633154072271557e-01 1.414466104013089864e-01 1.577386373936444097e-01 1.902967942222457964e-01 1.930184359901624680e-01 2.325035179391020945e-01 2.356284360820130874e-01
-2.341855763930362211e-01 -2.295453968381043208e-01 -1.922920385872931570e-01 -1.897744044052015744e-01 -1.568128108931481635e-01 -1.397049256469788947e-01 -1.259498974110646596e-01 -1.179468593764805978e-01 -1.033268341051794825e-01 -8.755856679047313573e-02 -7.828353019580210070e-02 -7.041601510983472312e-02 -5.225616486485653439e-02 -2.974356391747473918e-02 -4.172680046017683379e-03 4.172680046017759707e-03 2.974356391747493000e-02 5.225616486485656909e-02 7.041601510983490353e-02 7.828353019580283623e-02 8.755856679047344104e-02 1.033268341051789274e-01 1.179468593764806394e-01 1.259498974110651037e-01 1.397049256469793110e-01 1.568128108931496623e-01 1.897744044052008527e-01 1.922920385872923521e-01 2.295453968381050147e-01 2.341855763930378309e-01
-2.327482633528656641e-01 -2.265505902901230328e-01 -1.915154584734011511e-01 -1.892758883642154943e-01 -1.560597568636218346e-01 -1.377918628827023151e-01 -1.256564408761090823e-01 -1.174227806132591839e-01 -1.018551067994990095e-01 -8.627519477179775020e-02 -7.847685459064744629e-02 -6.932552414272424857e-02 -5.085858297710753317e-02 -2.986652517219846870e-02 -4.787021847848481337e-03 4.787021847848470929e-03 2.986652517219865258e-02 5.085858297710746379e-02 6.932552414272502572e-02 7.847685459064773772e-02 8.627519477179812490e-02 1.018551067994983572e-01 1.174227806132589341e-01 1.256564408761088325e-01 1.377918628827026482e-01 1.560597568636206689e-01 1.892758883642158829e-01 1.915154584734006238e-01 2.265505902901228941e-01 2.327482633528665246e-01
-2.313092008537072641e-01 -2.235249874094958344e-01 -1.906783107805628541e-01 -1.887854120935673896e-01 -1.554454384617310059e-01 -1.357782087801964743e-01 -1.253402695727953708e-01 -1.168823302909602624e-01 -1.003794151198952878e-01 -8.490837108516026410e-02 -7.856794412279347051e-02 -6.825842207198090650e-02 -4.940594577629896234e-02 -3.007462891257440749e-02 -5.444835881498208928e-03 5.444835881498267041e-03 3.007462891257451157e-02 4.940594577629887907e-02 6.825842207198117018e-02 7.856794412279359541e-02 8.490837108516041676e-02 1.003794151198963425e-01 1.168823302909609702e-01 1.253402695727953431e-01 1.357782087801971405e-01 1.554454384617310059e-01 1.887854120935674451e-01 1.906783107805626876e-01 2.235249874094946132e-01 2.313092008537052935e-01
-2.298602148201862871e-01 -2.204728685933377008e-01 -1.897738679627991587e-01 -1.882831821443259890e-01 -1.549343759637393514e-01 -1.337633941355827194e-01 -1.249315928858931446e-01 -1.163197264439644052e-01 -9.892336627740046240e-02 -8.347133542167228804e-02 -7.851396685237573003e-02 -6.723967974511370349e-02 -4.788782517295866320e-02 -3.036429351212322283e-02 -6.139396694568176500e-03 6.139396694568173898e-03 3.036429351212330263e-02 4.788782517295867014e-02 6.723967974511366186e-02 7.851396685237561901e-02 8.347133542167227416e-02 9.892336627740100363e-02 1.163197264439646272e-01 1.249315928858922842e-01 1.337633941355823863e-01 1.549343759637379914e-01 1.882831821443243514e-01 1.897738679627976321e-01 2.204728685933388665e-01 2.298602148201864537e-01
-2.283920244888787143e-01 -2.173974189496645781e-01 -1.888071739146061911e-01 -1.877372896035866823e-01 -1.544942748205711813e-01 -1.318901333397199949e-01 -1.243155559584444986e-01 -1.157268178049180585e-01 -9.751284145189498265e-02 -8.199162965404897807e-02 -7.825908166190753690e-02 -6.628890040375956527e-02 -4.629570943983205011e-02 -3.072951202795236661e-02 -6.862400363885391708e-03 6.862400363885506199e-03 3.072951202795246028e-02 4.629570943983184889e-02 6.628890040375938486e-02 7.825908166190706505e-02 8.199162965404985237e-02 9.751284145189544061e-02 1.157268178049181001e-01 1.243155559584440822e-01 1.318901333397194398e-01 1.544942748205701544e-01 1.877372896035852112e-01 1.888071739146067463e-01 2.173974189496631348e-01 2.283920244888772710e-01
-2.268935420352012344e-01 -2.143010755901188502e-01 -1.878322956719557790e-01 -1.870663291301482289e-01 -1.540975626705604062e-01 -1.303414432831145886e-01 -1.233350150400816941e-01 -1.150929362010877782e-01 -9.617268480827534383e-02 -8.052606401502432343e-02 -7.772130611489694307e-02 -6.541900469820065289e-02 -4.462502105235931910e-02 -3.116184464015379907e-02 -7.604264068184796686e-03 7.604264068184823575e-03 3.116184464015386152e-02 4.462502105235943706e-02 6.541900469820070840e-02 7.772130611489666552e-02 8.052606401502378219e-02 9.617268480827526056e-02 1.150929362010883195e-01 1.233350150400820133e-01 1.303414432831137004e-01 1.540975626705602952e-01 1.870663291301475073e-01 1.878322956719564174e-01 2.143010755901204323e-01 2.268935420352007626e-01
-2.253491625244997687e-01 -2.111858451036472406e-01 -1.869938274126759503e-01 -1.860976837558268038e-01 -1.537212207253161600e-01 -1.292465907758776344e-01 -1.218865355439940346e-01 -1.144043575390554235e-01 -9.492134181098775547e-02 -7.916584950265061205e-02 -7.679141942237442675e-02 -6.463553304678956724e-02 -4.287674716118956841e-02 -3.165004892200912190e-02 -8.354444472586031872e-03 8.354444472586061363e-03 3.165004892200902475e-02 4.287674716118970025e-02 6.463553304678902600e-02 7.679141942237449614e-02 7.916584950265032061e-02 9.492134181098806078e-02 1.144043575390565753e-01 1.218865355439938958e-01 1.292465907758776067e-01 1.537212207253156881e-01 1.860976837558276920e-01 1.869938274126764777e-01 2.111858451036474349e-01 2.253491625245006846e-01
-2.237224491157379092e-01 -2.080536695842789829e-01 -1.862646522739559163e-01 -1.848294625926847901e-01 -1.533459783821517486e-01 -1.285617210007691247e-01 -1.200434988534137964e-01 -1.136426018541940169e-01 -9.376425637409960268e-02 -7.794313351740164708e-02 -7.543196159541754042e-02 -6.393655887586269237e-02 -4.105942055635577320e-02 -3.217850778492054031e-02 -9.101738600013828395e-03 9.101738600013802374e-03 3.217850778492040847e-02 4.105942055635574545e-02 6.393655887586251196e-02 7.543196159541668000e-02 7.794313351740105034e-02 9.376425637409950553e-02 1.136426018541936422e-01 1.200434988534139213e-01 1.285617210007678479e-01 1.533459783821513878e-01 1.848294625926850121e-01 1.862646522739552224e-01 2.080536695842781225e-01 2.237224491157373818e-01
-2.216772944169477511e-01 -2.049069158659860279e-01 -1.855129379481907648e-01 -1.833630866945398785e-01 -1.529554161178804661e-01 -1.281390334909340845e-01 -1.179930920401531663e-01 -1.127803290945265796e-01 -9.268835769892909415e-02 -7.675039519563245372e-02 -7.376275210680779959e-02 -6.331287109801329860e-02 -3.919487777491252600e-02 -3.272116944133605237e-02 -9.834543337057657236e-03 9.834543337057709278e-03 3.272116944133623972e-02 3.919487777491254682e-02 6.331287109801359003e-02 7.376275210680821592e-02 7.675039519563271739e-02 9.268835769892999621e-02 1.127803290945261494e-01 1.179930920401522088e-01 1.281390334909351947e-01 1.529554161178812710e-01 1.833630866945403504e-01 1.855129379481914031e-01 2.049069158659863887e-01 2.216772944169487503e-01
-2.184898592222661862e-01 -2.017490812629645913e-01 -1.846798814804889166e-01 -1.817249431112049063e-01 -1.525351792506331738e-01 -1.278519386855603568e-01 -1.159204299530620097e-01 -1.117737988300682994e-01 -9.166039469041441234e-02 -7.548468393734759918e-02 -7.191871186494785961e-02 -6.274771958977752584e-02 -3.734629592796841202e-02 -3.321279404816179781e-02 -1.054106208871023048e-02 1.054106208871020099e-02 3.321279404816197128e-02 3.734629592796842590e-02 6.274771958977803932e-02 7.191871186494823431e-02 7.548468393734808490e-02 9.166039469041395438e-02 1.117737988300682717e-01 1.159204299530622595e-01 1.278519386855595519e-01 1.525351792506312587e-01 1.817249431112042957e-01 1.846798814804864464e-01 2.017490812629640640e-01 2.184898592222662139e-01
-2.150729269527068555e-01 -1.985858438211244581e-01 -1.837311148454697785e-01 -1.799140759404624645e-01 -1.520723426097782549e-01 -1.276211876160347203e-01 -1.139864068752789728e-01 -1.105598928597437136e-01 -9.063014173644642901e-02 -7.411735983046520426e-02 -6.997961616334551216e-02 -6.221486092162961667e-02 -3.580574096078128349e-02 -3.336058052931879098e-02 -1.120945597304398925e-02 1.120945597304393720e-02 3.336058052931874240e-02 3.580574096078126961e-02 6.221486092162985954e-02 6.997961616334519297e-02 7.411735983046534304e-02 9.063014173644647065e-02 1.105598928597430058e-01 1.139864068752792364e-01 1.276211876160354974e-01 1.520723426097788655e-01 1.799140759404628809e-01 1.837311148454695842e-01 1.985858438211255961e-01 2.150729269527050513e-01
-2.115801042639283425e-01 -1.954266126679187754e-01 -1.826339835652174559e-01 -1.779235231886588386e-01 -1.515549047403302596e-01 -1.273985946202506048e-01 -1.123013203767733031e-01 -1.090983280049282467e-01 -8.953719239531206242e-02 -7.266342483553292486e-02 -6.800211759367334741e-02 -6.167227104179387465e-02 -3.542743866249282308e-02 -3.231017668807115856e-02 -1.182793994211895836e-02 1.182793994211888376e-02 3.231017668807085325e-02 3.542743866249280227e-02 6.167227104179336117e-02 6.800211759367372211e-02 7.266342483553284159e-02 8.953719239531147955e-02 1.090983280049282050e-01 1.123013203767720958e-01 1.273985946202499664e-01 1.515549047403302596e-01 1.779235231886598656e-01 1.826339835652161514e-01 1.954266126679193027e-01 2.115801042639269547e-01
-2.079775306545565139e-01 -1.922866278529324624e-01 -1.813499698457170795e-01 -1.757459018746489465e-01 -1.509713729585254738e-01 -1.271524520124896751e-01 -1.108488534365952016e-01 -1.074593810956325918e-01 -8.831957951615596047e-02 -7.115629359697631107e-02 -6.605678190298881758e-02 -6.104563001747041057e-02 -3.582552325706195306e-02 -3.044742007842560910e-02 -1.238481844087476608e-02 1.238481844087475393e-02 3.044742007842559522e-02 3.582552325706202939e-02 6.104563001747045914e-02 6.605678190298915065e-02 7.115629359697586698e-02 8.831957951615562741e-02 1.074593810956331053e-01 1.108488534365952710e-01 1.271524520124895363e-01 1.509713729585248354e-01 1.757459018746496127e-01 1.813499698457179399e-01 1.922866278529324069e-01 2.079775306545564029e-01
-2.040924963420304161e-01 -1.891889290546791835e-01 -1.798303242500685073e-01 -1.733756861871210420e-01 -1.503103981498992159e-01 -1.268595125150184244e-01 -1.095202364742663692e-01 -1.057917937488798837e-01 -8.692336758872512559e-02 -6.963782465168906477e-02 -6.426727392408776440e-02 -6.019614879861200779e-02 -3.637599436198934999e-02 -2.839610776432221692e-02 -1.286843391479372892e-02 1.286843391479384688e-02 2.839610776432233141e-02 3.637599436198938468e-02 6.019614879861217432e-02 6.426727392408758399e-02 6.963782465168956437e-02 8.692336758872501457e-02 1.057917937488793286e-01 1.095202364742663692e-01 1.268595125150182579e-01 1.503103981498991881e-01 1.733756861871219301e-01 1.798303242500682020e-01 1.891889290546782953e-01 2.040924963420318872e-01
-1.996797878195569753e-01 -1.861629047295975392e-01 -1.780153199333663894e-01 -1.708106909822420527e-01 -1.495604174908686523e-01 -1.265008826286755927e-01 -1.082232590166113950e-01 -1.042099326267459658e-01 -8.531215941090923571e-02 -6.815683289489417318e-02 -6.280171357695668588e-02 -5.892956067905470025e-02 -3.694391154652160864e-02 -2.629078853285120657e-02 -1.326694540523720538e-02 1.326694540523722272e-02 2.629078853285113371e-02 3.694391154652156006e-02 5.892956067905501943e-02 6.280171357695678303e-02 6.815683289489436747e-02 8.531215941090840305e-02 1.042099326267464654e-01 1.082232590166123387e-01 1.265008826286752319e-01 1.495604174908682360e-01 1.708106909822420250e-01 1.780153199333669167e-01 1.861629047295995099e-01 1.996797878195577802e-01
-1.949239157876538342e-01 -1.832310289543855053e-01 -1.758442384835225691e-01 -1.680532378099017787e-01 -1.487092579670129533e-01 -1.260598355142536486e-01 -1.069082585147288905e-01 -1.027636446650343760e-01 -8.347365510487254892e-02 -6.677099063966761283e-02 -6.167581639096826607e-02 -5.719117789054885270e-02 -3.748692474843254296e-02 -2.417360118715385434e-02 -1.356770481328286627e-02 1.356770481328288709e-02 2.417360118715394107e-02 3.748692474843248051e-02 5.719117789054853351e-02 6.167581639096835627e-02 6.677099063966772385e-02 8.347365510487239626e-02 1.027636446650340846e-01 1.069082585147288211e-01 1.260598355142542315e-01 1.487092579670135917e-01 1.680532378099023338e-01 1.758442384835222083e-01 1.832310289543859494e-01 1.949239157876532513e-01
-1.900262149529947930e-01 -1.803761415189886752e-01 -1.732817523767620771e-01 -1.651110194128944386e-01 -1.477436390826088464e-01 -1.255205343505688409e-01 -1.055523182376084668e-01 -1.014545728111430900e-01 -8.141997379295355663e-02 -6.554377617076620477e-02 -6.068166472376921444e-02 -5.514101704841347512e-02 -3.797996088522298530e-02 -2.207082046064047509e-02 -1.375555792147659800e-02 1.375555792147651300e-02 2.207082046064054448e-02 3.797996088522300612e-02 5.514101704841324614e-02 6.068166472376929771e-02 6.554377617076637130e-02 8.141997379295419501e-02 1.014545728111422851e-01 1.055523182376079255e-01 1.255205343505688131e-01 1.477436390826085133e-01 1.651110194128947439e-01 1.732817523767616052e-01 1.803761415189882311e-01 1.900262149529954869e-01
-1.850459384648042716e-01 -1.775031124745201916e-01 -1.703420934955021393e-01 -1.619976166110612681e-01 -1.466484840849512639e-01 -1.248671803641060590e-01 -1.041468110476777703e-01 -1.002548303524740947e-01 -7.918164493702982420e-02 -6.452315314204831731e-02 -5.962650936705212595e-02 -5.293784437060433667e-02 -3.840051267761732806e-02 -2.001142624815656357e-02 -1.380792743079732598e-02 1.380792743079737456e-02 2.001142624815655663e-02 3.840051267761709908e-02 5.293784437060472525e-02 5.962650936705230637e-02 6.452315314204856711e-02 7.918164493703004625e-02 1.002548303524746637e-01 1.041468110476779924e-01 1.248671803641053096e-01 1.466484840849514582e-01 1.619976166110616567e-01 1.703420934955019173e-01 1.775031124745198863e-01 1.850459384648030503e-01
-1.800072328319516080e-01 -1.744196727125556234e-01 -1.670787835855114256e-01 -1.587327334142447366e-01 -1.454058992080631829e-01 -1.240833439646463199e-01 -1.026919886578455537e-01 -9.912102973061640010e-02 -7.679906928498467233e-02 -6.370854346510196331e-02 -5.843328159582704406e-02 -5.067452225429276702e-02 -3.872229817964332327e-02 -1.804660903257286966e-02 -1.367912250230155467e-02 1.367912250230153733e-02 1.804660903257301191e-02 3.872229817964336490e-02 5.067452225429314866e-02 5.843328159582705100e-02 6.370854346510211597e-02 7.679906928498445029e-02 9.912102973061638622e-02 1.026919886578453039e-01 1.240833439646463199e-01 1.454058992080622392e-01 1.587327334142437374e-01 1.670787835855113423e-01 1.744196727125540414e-01 1.800072328319516635e-01
-1.749165274950909843e-01 -1.708545702660157206e-01 -1.635514660321939762e-01 -1.553423844332857406e-01 -1.439936127872228355e-01 -1.231513531056624283e-01 -1.011956546903406279e-01 -9.800266191694424756e-02 -7.431570822008562449e-02 -6.304886860733187326e-02 -5.711021881020768992e-02 -4.841650324065485678e-02 -3.890753804105557406e-02 -1.630097049854417959e-02 -1.325068150883086833e-02 1.325068150883089955e-02 1.630097049854419694e-02 3.890753804105564345e-02 4.841650324065510658e-02 5.711021881020772462e-02 6.304886860733201204e-02 7.431570822008627675e-02 9.800266191694417817e-02 1.011956546903412663e-01 1.231513531056620259e-01 1.439936127872223359e-01 1.553423844332855186e-01 1.635514660321957525e-01 1.708545702660162202e-01 1.749165274950909288e-01
-1.697777347413436388e-01 -1.666470330841407499e-01 -1.598052736363222148e-01 -1.518593093132342142e-01 -1.423826451451999653e-01 -1.220516779844285499e-01 -9.967392635093370867e-02 -9.684518012084225580e-02 -7.177492861560094695e-02 -6.247628511372775584e-02 -5.569370963683292763e-02 -4.623991077758023149e-02 -3.889089467487904378e-02 -1.501914621094849189e-02 -1.228559657044051012e-02 1.228559657044042686e-02 1.501914621094838954e-02 3.889089467487844010e-02 4.623991077757995394e-02 5.569370963683255293e-02 6.247628511372776972e-02 7.177492861560058612e-02 9.684518012084149252e-02 9.967392635093327846e-02 1.220516779844285915e-01 1.423826451452001318e-01 1.518593093132341032e-01 1.598052736363232973e-01 1.666470330841416381e-01 1.697777347413435278e-01
-1.645955703972533379e-01 -1.619645515939527602e-01 -1.558679742347529040e-01 -1.483233724387523766e-01 -1.405343478194676643e-01 -1.207623101751216510e-01 -9.815110931237544523e-02 -9.559125498629035544e-02 -6.922058124762572873e-02 -6.193066633516436381e-02 -5.421232496844159005e-02 -4.427351091886352202e-02 -3.854681624888864344e-02 -1.422057743960014262e-02 -1.077411094794146137e-02 1.077411094794151342e-02 1.422057743960022935e-02 3.854681624888851854e-02 4.427351091886323059e-02 5.421232496844121534e-02 6.193066633516408626e-02 6.922058124762579812e-02 9.559125498629048034e-02 9.815110931237483460e-02 1.207623101751233302e-01 1.405343478194675533e-01 1.483233724387523766e-01 1.558679742347533759e-01 1.619645515939523994e-01 1.645955703972541984e-01
-1.593736846722827172e-01 -1.570746892837700526e-01 -1.517528704296430830e-01 -1.447793976672754335e-01 -1.383989499447451643e-01 -1.192582249276620820e-01 -9.665141607381547151e-02 -9.418862734823910121e-02 -6.670196537976098849e-02 -6.135999734862102734e-02 -5.267764458924739657e-02 -4.271654695021374903e-02 -3.767563942887815903e-02 -1.360207119273392461e-02 -9.031587790229250734e-03 9.031587790229353083e-03 1.360207119273389859e-02 3.767563942887813822e-02 4.271654695021312453e-02 5.267764458924698023e-02 6.135999734862134652e-02 6.670196537976041951e-02 9.418862734823875427e-02 9.665141607381505517e-02 1.192582249276624429e-01 1.383989499447451088e-01 1.447793976672754057e-01 1.517528704296426667e-01 1.570746892837699693e-01 1.593736846722830225e-01
-1.541150063867524622e-01 -1.521626770290546715e-01 -1.474601590997746681e-01 -1.412638053597972121e-01 -1.359236166893405540e-01 -1.175111779007754903e-01 -9.517855379009555750e-02 -9.260945382564954309e-02 -6.428975004732435938e-02 -6.070170553247069417e-02 -5.108596821717618225e-02 -4.166442402518319432e-02 -3.617984473244573868e-02 -1.299053375120676548e-02 -7.246142602010589504e-03 7.246142602010603381e-03 1.299053375120674814e-02 3.617984473244544724e-02 4.166442402518295146e-02 5.108596821717618919e-02 6.070170553247072887e-02 6.428975004732391529e-02 9.260945382564948758e-02 9.517855379009612649e-02 1.175111779007756846e-01 1.359236166893403874e-01 1.412638053597977394e-01 1.474601590997745015e-01 1.521626770290544217e-01 1.541150063867527398e-01
-1.488234925972577172e-01 -1.473642100158669144e-01 -1.429780686267133616e-01 -1.377684240419680406e-01 -1.330819695543639380e-01 -1.154903435456342276e-01 -9.370418071388994519e-02 -9.086065810139461185e-02 -6.213402906085244842e-02 -5.982065563362968380e-02 -4.942219142756383576e-02 -4.093112976790616586e-02 -3.424287634861135354e-02 -1.233378568208539500e-02 -5.488235660070328419e-03 5.488235660070258162e-03 1.233378568208540020e-02 3.424287634861154783e-02 4.093112976790598545e-02 4.942219142756333616e-02 5.982065563362973237e-02 6.213402906085230271e-02 9.086065810139473675e-02 9.370418071389000070e-02 1.154903435456348659e-01 1.330819695543641878e-01 1.377684240419677908e-01 1.429780686267131951e-01 1.473642100158664148e-01 1.488234925972575506e-01
-1.435188425216507579e-01 -1.427812415055759176e-01 -1.382958336630428220e-01 -1.342031089225891038e-01 -1.299085264244705662e-01 -1.131645632743900481e-01 -9.218355437713574019e-02 -8.896718563328794016e-02 -6.053284780320090236e-02 -5.843587561350240683e-02 -4.766473309062604219e-02 -4.028537887993625249e-02 -3.209401514577354259e-02 -1.162150070334116124e-02 -3.790386552177463231e-03 3.790386552177265039e-03 1.162150070334104501e-02 3.209401514577347320e-02 4.028537887993637046e-02 4.766473309062609770e-02 5.843587561350210152e-02 6.053284780320116604e-02 8.896718563328787077e-02 9.218355437713569855e-02 1.131645632743903951e-01 1.299085264244706495e-01 1.342031089225886875e-01 1.382958336630430995e-01 1.427812415055756123e-01 1.435188425216501473e-01
-1.386693419313429487e-01 -1.380184385759529453e-01 -1.334364604698138612e-01 -1.304268606861395396e-01 -1.264806089245768261e-01 -1.105068742789612896e-01 -9.057497849604115303e-02 -8.695162362036627790e-02 -5.943413664969816879e-02 -5.661190628775532308e-02 -4.579252410982409538e-02 -3.959860948599524394e-02 -2.986124855021520322e-02 -1.085956560994570490e-02 -2.174152872990883518e-03 2.174152872990737367e-03 1.085956560994561990e-02 2.986124855021527261e-02 3.959860948599508434e-02 4.579252410982407456e-02 5.661190628775535777e-02 5.943413664969816879e-02 8.695162362036587544e-02 9.057497849604068119e-02 1.105068742789622194e-01 1.264806089245761322e-01 1.304268606861390400e-01 1.334364604698136669e-01 1.380184385759526955e-01 1.386693419313423103e-01
-1.346712496217806754e-01 -1.326552255544131143e-01 -1.284838279475742362e-01 -1.263391638796607375e-01 -1.228499113298442275e-01 -1.075009274183780089e-01 -8.884560722355958062e-02 -8.482763240925250692e-02 -5.845779142847127435e-02 -5.472854546510914214e-02 -4.379378983287225691e-02 -3.881038262739976846e-02 -2.760631014249326914e-02 -1.006343530367663497e-02 -6.598147239831025218e-04 6.598147239828862235e-04 1.006343530367651874e-02 2.760631014249342527e-02 3.881038262739996275e-02 4.379378983287195853e-02 5.472854546510881601e-02 5.845779142847146864e-02 8.482763240925239590e-02 8.884560722355895612e-02 1.075009274183782171e-01 1.228499113298441026e-01 1.263391638796603211e-01 1.284838279475745415e-01 1.326552255544136139e-01 1.346712496217810362e-01
-1.308897283287863145e-01 -1.272122702486185586e-01 -1.236047420020460891e-01 -1.219018732717331160e-01 -1.189882835741512268e-01 -1.041468716638869613e-01 -8.696973741709862482e-02 -8.260104217286698414e-02 -5.744162910927195359e-02 -5.292877557764574109e-02 -4.167395611975416303e-02 -3.789024539680118514e-02 -2.536197463703446925e-02 -9.258766004702979197e-03 -7.269584407935986582e-04 7.269584407935997424e-04 9.258766004702939298e-03 2.536197463703464966e-02 3.789024539680115738e-02 4.167395611975389935e-02 5.292877557764589375e-02 5.744162910927150256e-02 8.260104217286683148e-02 8.696973741709719541e-02 1.041468716638869058e-01 1.189882835741510742e-01 1.219018732717330605e-01 1.236047420020461585e-01 1.272122702486183088e-01 1.308897283287864810e-01
-1.271493419816680792e-01 -1.217216777068413219e-01 -1.190349655070171708e-01 -1.170896026862392608e-01 -1.147897573827408035e-01 -1.004631158607460217e-01 -8.492616235857260165e-02 -8.027202388099026475e-02 -5.633134975774708314e-02 -5.122874197889358550e-02 -3.946149538398395495e-02 -3.681619163727201105e-02 -2.314867484539771814e-02 -8.489219779102727750e-03 -1.944560679372361661e-03 1.944560679372302247e-03 8.489219779102654892e-03 2.314867484539780487e-02 3.681619163727185146e-02 3.946149538398412843e-02 5.122874197889339121e-02 5.633134975774728437e-02 8.027202388098987618e-02 8.492616235857282370e-02 1.004631158607466879e-01 1.147897573827409839e-01 1.170896026862392053e-01 1.190349655070169210e-01 1.217216777068405448e-01 1.271493419816677461e-01
-1.233233964736896310e-01 -1.161859698850071926e-01 -1.148257082204815621e-01 -1.119904194963251415e-01 -1.101787775672648934e-01 -9.648237465427701720e-02 -8.269632279723210244e-02 -7.783658529810051629e-02 -5.510056375413043689e-02 -4.960370083255731533e-02 -3.722462356786697402e-02 -3.554584961285506273e-02 -2.098147535513779360e-02 -7.838084187107885112e-03 -2.912254277231469089e-03 2.912254277231362837e-03 7.838084187107840009e-03 2.098147535513768952e-02 3.554584961285523620e-02 3.722462356786666871e-02 4.960370083255738471e-02 5.510056375413024260e-02 7.783658529810034976e-02 8.269632279723226898e-02 9.648237465427808579e-02 1.101787775672655179e-01 1.119904194963245309e-01 1.148257082204812290e-01 1.161859698850068595e-01 1.233233964736896310e-01
-1.193165295328257325e-01 -1.108223007824675338e-01 -1.105906891713303031e-01 -1.067337380119181556e-01 -1.052149005948667115e-01 -9.224428665728316712e-02 -8.026323567483235888e-02 -7.528740346190204713e-02 -5.373141661436128119e-02 -4.801532031262441963e-02 -3.514537021805980155e-02 -3.393205830814313706e-02 -1.887344325886616825e-02 -7.459940218494979895e-03 -3.477257537431759776e-03 3.477257537431782328e-03 7.459940218494888822e-03 1.887344325886620294e-02 3.393205830814313012e-02 3.514537021805985706e-02 4.801532031262474576e-02 5.373141661436150324e-02 7.528740346190207489e-02 8.026323567483174826e-02 9.224428665728301446e-02 1.052149005948675026e-01 1.067337380119184193e-01 1.105906891713302059e-01 1.108223007824674089e-01 1.193165295328263847e-01
-1.150541818527900245e-01 -1.068135669950054517e-01 -1.049699947887137996e-01 -1.013670389887069978e-01 -1.000172083650797267e-01 -8.778854445792858008e-02 -7.761095604431143824e-02 -7.261423359956874213e-02 -5.220932000411063895e-02 -4.642303272067022091e-02 -3.340140039791366505e-02 -3.183399998960650262e-02 -1.683804664981999877e-02 -7.499721548657843108e-03 -3.494132947474774039e-03 3.494132947474743248e-03 7.499721548657807546e-03 1.683804664982004387e-02 3.183399998960665528e-02 3.340140039791367199e-02 4.642303272067032499e-02 5.220932000411070834e-02 7.261423359956843682e-02 7.761095604431150763e-02 8.778854445792887151e-02 1.000172083650798655e-01 1.013670389887068035e-01 1.049699947887139523e-01 1.068135669950052297e-01 1.150541818527897470e-01
-1.104730516503992371e-01 -1.027064935471541374e-01 -9.929235958270694884e-02 -9.589802998663066180e-02 -9.467442111719179265e-02 -8.315084791477278525e-02 -7.472441398200453666e-02 -6.980404665880203530e-02 -5.052124276546271497e-02 -4.478892681013962179e-02 -3.177489628662348575e-02 -2.950480067441218698e-02 -1.489263813116091691e-02 -7.848578342787593601e-03 -3.065744695448496121e-03 3.065744695448494820e-03 7.848578342787557172e-03 1.489263813116089262e-02 2.950480067441200657e-02 3.177489628662337473e-02 4.478892681013967730e-02 5.052124276546286069e-02 6.980404665880207693e-02 7.472441398200518892e-02 8.315084791477210524e-02 9.467442111719159836e-02 9.589802998662973199e-02 9.929235958270667128e-02 1.027064935471537210e-01 1.104730516503989596e-01
-1.055171379824280664e-01 -9.840603938041617149e-02 -9.356483430123600786e-02 -9.032797750673206283e-02 -8.923352915438213795e-02 -7.836172037456072548e-02 -7.158955686371326621e-02 -6.684094338508980715e-02 -4.865512128922687418e-02 -4.307936508851121366e-02 -3.011332624361601207e-02 -2.712971643814890768e-02 -1.306816551796057164e-02 -8.252774663815813996e-03 -2.424689962260073977e-03 2.424689962260058798e-03 8.252774663815704709e-03 1.306816551796054389e-02 2.712971643814875156e-02 3.011332624361596697e-02 4.307936508851063773e-02 4.865512128922679785e-02 6.684094338508950184e-02 7.158955686371305804e-02 7.836172037456105854e-02 8.923352915438208244e-02 9.032797750673174364e-02 9.356483430123518907e-02 9.840603938041649068e-02 1.055171379824280387e-01
-1.001397335929771759e-01 -9.384220522870916070e-02 -8.778508808084263537e-02 -8.466128509479393938e-02 -8.371168834794182056e-02 -7.344725143406122259e-02 -6.819376805685707643e-02 -6.370580061915892545e-02 -4.659970368075596475e-02 -4.126505784343175581e-02 -2.838462789241805520e-02 -2.477123198277040445e-02 -1.144907137597386826e-02 -8.490785863234843675e-03 -1.716169388453445436e-03 1.716169388453391660e-03 8.490785863234826328e-03 1.144907137597391857e-02 2.477123198277030383e-02 2.838462789241807949e-02 4.126505784343174887e-02 4.659970368075590230e-02 6.370580061915825931e-02 6.819376805685740950e-02 7.344725143406148626e-02 8.371168834794204261e-02 8.466128509479455000e-02 8.778508808084306558e-02 9.384220522870898029e-02 1.001397335929778420e-01
-9.430003811587810147e-02 -8.894869721773976390e-02 -8.194819274676594378e-02 -7.891063738725472010e-02 -7.810251699365833300e-02 -6.843100702636044363e-02 -6.452650091043019009e-02 -6.037550657724331110e-02 -4.434459914878818160e-02 -3.932054638089527848e-02 -2.658634655081053635e-02 -2.246078795017809535e-02 -1.031770144299106427e-02 -8.216319848896182221e-03 -1.010274919342269003e-03 1.010274919342214360e-03 8.216319848896159669e-03 1.031770144299104693e-02 2.246078795017828617e-02 2.658634655081050166e-02 3.932054638089511889e-02 4.434459914878798731e-02 6.037550657724317232e-02 6.452650091043073133e-02 6.843100702636061017e-02 7.810251699365855504e-02 7.891063738725481724e-02 8.194819274676576337e-02 8.894869721773911164e-02 9.430003811587807372e-02
-8.798347396525417474e-02 -8.365515868251638398e-02 -7.604560955474280737e-02 -7.310357757145888313e-02 -7.237481317698563066e-02 -6.333694139412171520e-02 -6.057989677168738873e-02 -5.682154573504171607e-02 -4.188044323384815942e-02 -3.722356224430052596e-02 -2.472349832727715330e-02 -2.022196750776780738e-02 -9.884877122860779089e-03 -7.184831148026789641e-03 -3.445014151750140381e-04 3.445014151750672724e-04 7.184831148026773161e-03 9.884877122860801640e-03 2.022196750776789759e-02 2.472349832727722616e-02 3.722356224430053290e-02 4.188044323384820800e-02 5.682154573504183404e-02 6.057989677168717363e-02 6.333694139412217317e-02 7.237481317698557515e-02 7.310357757145875823e-02 7.604560955474251593e-02 8.365515868251634235e-02 8.798347396525368902e-02
-8.130608389837611083e-02 -7.789301516211510901e-02 -7.006423394503388802e-02 -6.727187521330774134e-02 -6.648541424231697861e-02 -5.819360927566711444e-02 -5.634873943912985239e-02 -5.300783020874447887e-02 -3.919913513195067561e-02 -3.495446405687942237e-02 -2.280322280244282199e-02 -1.807671943489247424e-02 -9.646876441753268056e-03 -5.877124685797771933e-03 -2.571479162659293365e-04 2.571479162659512374e-04 5.877124685797810964e-03 9.646876441753259382e-03 1.807671943489257832e-02 2.280322280244288097e-02 3.495446405688006769e-02 3.919913513195078664e-02 5.300783020874474255e-02 5.634873943913041444e-02 5.819360927566758629e-02 6.648541424231714514e-02 6.727187521330775521e-02 7.006423394503399904e-02 7.789301516211541432e-02 8.130608389837615246e-02
-7.434146623500866025e-02 -7.162938419015942026e-02 -6.398579445868207705e-02 -6.140707781372562596e-02 -6.042453803527617767e-02 -5.303850329221977689e-02 -5.182896374884681662e-02 -4.888928357332879282e-02 -3.629411608386454852e-02 -3.249582541026054677e-02 -2.083292756810382201e-02 -1.604699555696316102e-02 -9.289698233257665666e-03 -4.588376664381548821e-03 -7.767471804200830028e-04 7.767471804200126381e-04 4.588376664381478565e-03 9.289698233257655258e-03 1.604699555696325122e-02 2.083292756810383242e-02 3.249582541026042881e-02 3.629411608386428484e-02 4.888928357332869568e-02 5.182896374884665008e-02 5.303850329221931892e-02 6.042453803527605971e-02 6.140707781372559820e-02 6.398579445868227134e-02 7.162938419015922598e-02 7.434146623500931250e-02
-6.711021829504872083e-02 -6.490150079097571634e-02 -5.778668164614551156e-02 -5.546213360455082286e-02 -5.421484180353230292e-02 -4.790845657927855078e-02 -4.702034551304991317e-02 -4.441914243780843707e-02 -3.316065680069615884e-02 -2.983219125009707595e-02 -1.881913406179929610e-02 -1.415191771694359300e-02 -8.718722373896632336e-03 -3.399932581445201055e-03 -1.199236643004196337e-03 1.199236643004200674e-03 3.399932581445213198e-03 8.718722373896694786e-03 1.415191771694352188e-02 1.881913406179927528e-02 2.983219125009714534e-02 3.316065680069601312e-02 4.441914243780805543e-02 4.702034551305009358e-02 4.790845657927868956e-02 5.421484180353228211e-02 5.546213360455101021e-02 5.778668164614576136e-02 6.490150079097516123e-02 6.711021829504899838e-02
-5.963072248719457347e-02 -5.778848846871994377e-02 -5.143828985422116418e-02 -4.938839428476683030e-02 -4.787549312090300102e-02 -4.278697120377984026e-02 -4.194784777138517440e-02 -3.957935233575547024e-02 -2.979611495572374869e-02 -2.694999831488172418e-02 -1.676612524103468158e-02 -1.239648141805840646e-02 -7.905091511881108188e-03 -2.346553749507749621e-03 -1.508940999216702500e-03 1.508940999216699030e-03 2.346553749507758729e-03 7.905091511881142882e-03 1.239648141805846024e-02 1.676612524103466076e-02 2.694999831488181438e-02 2.979611495572375562e-02 3.957935233575557432e-02 4.194784777138514664e-02 4.278697120377972229e-02 4.787549312090289000e-02 4.938839428476669152e-02 5.143828985422133765e-02 5.778848846872006173e-02 5.963072248719466367e-02
-5.191460708827221743e-02 -5.035754088107538551e-02 -4.490802930455914388e-02 -4.314355368534678742e-02 -4.141564766186812963e-02 -3.758294557675565667e-02 -3.664726853457774686e-02 -3.441407980120805843e-02 -2.620011574764021661e-02 -2.383764723283613579e-02 -1.467385125750886310e-02 -1.075281600104118808e-02 -6.868874588676846492e-03 -1.733672271679806377e-03 -1.408784847373954372e-03 1.408784847373966732e-03 1.733672271679812232e-03 6.868874588676869911e-03 1.075281600104115685e-02 1.467385125750884402e-02 2.383764723283621559e-02 2.620011574763985926e-02 3.441407980120810700e-02 3.664726853457814237e-02 3.758294557675571912e-02 4.141564766186841412e-02 4.314355368534664170e-02 4.490802930455920633e-02 5.035754088107557286e-02 5.191460708827205089e-02
-4.396282192617807782e-02 -4.264669376904078879e-02 -3.816107541210160548e-02 -3.668875836836894833e-02 -3.483861910106168108e-02 -3.219257909888702252e-02 -3.112402677009274560e-02 -2.900629869055927623e-02 -2.237460373512425299e-02 -2.048570969576315320e-02 -1.253473657565570658e-02 -9.154957857113135700e-03 -5.678272318534611715e-03 -1.782061245824872108e-03 -6.841833104615127181e-04 6.841833104615004666e-04 1.782061245824854328e-03 5.678272318534622991e-03 9.154957857113151312e-03 1.253473657565565801e-02 2.048570969576327463e-02 2.237460373512423217e-02 2.900629869055951562e-02 3.112402677009263458e-02 3.219257909888706415e-02 3.483861910106181292e-02 3.668875836836898996e-02 3.816107541210150139e-02 4.264669376904058756e-02 4.396282192617859824e-02
-3.576568823006639336e-02 -3.467125437445058023e-02 -3.116255028271630589e-02 -2.998663893548658005e-02 -2.814476583944579627e-02 -2.652709201308850809e-02 -2.537352708189115347e-02 -2.342698167399350634e-02 -1.832371620217059308e-02 -1.688724885310101051e-02 -1.032969192407037252e-02 -7.525683230115427606e-03 -4.423458644701012965e-03 -1.706300999845454481e-03 -1.274389836130483059e-04 1.274389836130198727e-04 1.706300999845459035e-03 4.423458644701012098e-03 7.525683230115400718e-03 1.032969192407040028e-02 1.688724885310093765e-02 1.832371620217066940e-02 2.342698167399350287e-02 2.537352708189126796e-02 2.652709201308835196e-02 2.814476583944571300e-02 2.998663893548661821e-02 3.116255028271623650e-02 3.467125437445024022e-02 3.576568823006620601e-02
-2.730363183457451201e-02 -2.643193450323951671e-02 -2.387932235335161330e-02 -2.300047661251426040e-02 -2.133392046972240608e-02 -2.051378753035938696e-02 -1.939286482081564733e-02 -1.771935231664766366e-02 -1.405343901752615331e-02 -1.303822310542393677e-02 -8.025056163523463029e-03 -5.809843849199210382e-03 -3.184240558669986215e-03 -1.487882774432106600e-03 -2.337895414443593258e-04 2.337895414443186683e-04 1.487882774432097276e-03 3.184240558669962796e-03 5.809843849199205178e-03 8.025056163523442213e-03 1.303822310542382054e-02 1.405343901752597810e-02 1.771935231664775040e-02 1.939286482081562998e-02 2.051378753035924471e-02 2.133392046972247200e-02 2.300047661251427428e-02 2.387932235335145717e-02 2.643193450323966937e-02 2.730363183457453283e-02
-1.854786418315750030e-02 -1.791957820733060258e-02 -1.628021524995753797e-02 -1.569452250986640152e-02 -1.441233280927648429e-02 -1.408534874556866857e-02 -1.317699511534631447e-02 -1.190625162988611166e-02 -9.571024497242723583e-03 -8.937933456903629850e-03 -5.573191260997790129e-03 -3.983949523351616902e-03 -2.017336305351280501e-03 -1.123930329000045504e-03 -3.836090775776476269e-04 3.836090775776453501e-04 1.123930329000044854e-03 2.017336305351277032e-03 3.983949523351638586e-03 5.573191260997771915e-03 8.937933456903635054e-03 9.571024497242723583e-03 1.190625162988602319e-02 1.317699511534622080e-02 1.408534874556866857e-02 1.441233280927649296e-02 1.569452250986640846e-02 1.628021524995754143e-02 1.791957820733075871e-02 1.854786418315750030e-02
-9.461298399194619999e-03 -9.117165135223943145e-03 -8.333339254956549300e-03 -8.036159383004910089e-03 -7.369871806017303309e-03 -7.196656546151400206e-03 -6.716764911183799487e-03 -5.998559190648448947e-03 -4.884176042111869169e-03 -4.589463190257604165e-03 -2.917644912770204959e-03 -2.045905433529350646e-03 -9.558311445793416395e-04 -6.199886846608432386e-04 -3.079027099595434461e-04 3.079027099595362362e-04 6.199886846608464912e-04 9.558311445793450005e-04 2.045905433529358886e-03 2.917644912770209296e-03 4.589463190257546052e-03 4.884176042111843148e-03 5.998559190648408181e-03 6.716764911183818569e-03 7.196656546151381124e-03 7.369871806017311115e-03 8.036159383004970805e-03 8.333339254956564912e-03 9.117165135223963962e-03 9.461298399194668571e-03
-8.254274337847350563e-08 -7.929939157840042161e-08 -7.296061265111641963e-08 -7.029744720125692513e-08 -6.493667211943877493e-08 -6.234373828116198054e-08 -5.849750654362886250e-08 -5.162036282703633034e-08 -4.254002612061531201e-08 -4.019691655221417548e-08 -2.619949143171680098e-08 -1.792907973701226785e-08 -7.835470025908302257e-09 -5.659736315083628750e-09 -3.583492789423655517e-09 3.583492789423623257e-09 5.659736315083593181e-09 7.835470025908260898e-09 1.792907973701225130e-08 2.619949143171679436e-08 4.019691655221422180e-08 4.254002612061562303e-08 5.162036282703645607e-08 5.849750654362857795e-08 6.234373828116215259e-08 6.493667211943878817e-08 7.029744720125717659e-08 7.296061265111656521e-08 7.929939157840024955e-08 8.254274337847338651e-08
