-3.040326566882444181e-01 -2.963179076587101890e-01 -2.678862132635401183e-01 -2.531531624057999363e-01 -2.249044237582236982e-01 -2.186110002359048510e-01 -1.809238743892967183e-01 -1.757125363019072795e-01 -1.355986805954532692e-01 -1.295272157082130726e-01 -1.180911312212560293e-01 -8.966699202946518121e-02 -8.065042724874249558e-02 -6.585609905471566383e-02 -4.074688531641125488e-02 4.074688531641123407e-02 6.585609905471631609e-02 8.065042724874153801e-02 8.966699202946609715e-02 1.180911312212548775e-01 1.295272157082124620e-01 1.355986805954545182e-01 1.757125363019086950e-01 1.809238743892963575e-01 2.186110002359068494e-01 2.249044237582239203e-01 2.531531624057994367e-01 2.678862132635407844e-01 2.963179076587079130e-01 3.040326566882440851e-01
-3.042517448723440765e-01 -2.966744057448775784e-01 -2.680421210457460401e-01 -2.533634085294577676e-01 -2.237326421509181762e-01 -2.201387563520562085e-01 -1.810531534532610343e-01 -1.749259873323053827e-01 -1.348579049284126530e-01 -1.290320063481136537e-01 -1.170023268819653517e-01 -8.829618526759720754e-02 -7.925154730855264729e-02 -6.326521664641480969e-02 -3.776133861685388587e-02 3.776133861685342791e-02 6.326521664641436560e-02 7.925154730855232810e-02 8.829618526759795694e-02 1.170023268819654488e-01 1.290320063481137092e-01 1.348579049284121256e-01 1.749259873323035508e-01 1.810531534532608122e-01 2.201387563520557644e-01 2.237326421509196750e-01 2.533634085294569349e-01 2.680421210457459291e-01 2.966744057448763017e-01 3.042517448723449647e-01
-3.044813065636005622e-01 -2.968718650901040479e-01 -2.681919639583648651e-01 -2.535759874837063554e-01 -2.224703867375354416e-01 -2.215848638619039579e-01 -1.811343103403585120e-01 -1.741359740260034483e-01 -1.340613007756080999e-01 -1.285126428484536232e-01 -1.159309086469014066e-01 -8.694077841429967424e-02 -7.788260061392002220e-02 -6.068953798985526893e-02 -3.478973406697719040e-02 3.478973406697708631e-02 6.068953798985580322e-02 7.788260061391953648e-02 8.694077841429995179e-02 1.159309086469010180e-01 1.285126428484538452e-01 1.340613007756083497e-01 1.741359740260010058e-01 1.811343103403586507e-01 2.215848638619028754e-01 2.224703867375355804e-01 2.535759874837044126e-01 2.681919639583650317e-01 2.968718650901048250e-01 3.044813065636001181e-01
-3.046733536637482032e-01 -2.969090870855962683e-01 -2.683333230198581276e-01 -2.537803220520508662e-01 -2.229515461611396854e-01 -2.211218273009319946e-01 -1.811515772629643528e-01 -1.733633009322037843e-01 -1.332118452786583418e-01 -1.279729111829548960e-01 -1.148790142500667605e-01 -8.560141878577143260e-02 -7.654656048176507188e-02 -5.813060839090507248e-02 -3.183452601219888267e-02 3.183452601219890349e-02 5.813060839090485044e-02 7.654656048176525229e-02 8.560141878577218200e-02 1.148790142500672046e-01 1.279729111829554788e-01 1.332118452786588414e-01 1.733633009322031182e-01 1.811515772629652410e-01 2.211218273009331325e-01 2.229515461611415450e-01 2.537803220520523095e-01 2.683333230198573505e-01 2.969090870855965458e-01 3.046733536637467044e-01
-3.047517181312162649e-01 -2.968011703415638358e-01 -2.684615398438318090e-01 -2.539683512268093302e-01 -2.242186604138447226e-01 -2.197124492302857113e-01 -1.810975218298343237e-01 -1.726203637581718020e-01 -1.323127376717838644e-01 -1.274166131915178690e-01 -1.138482707324686566e-01 -8.427860739902232057e-02 -7.524649886104382845e-02 -5.558997070124069989e-02 -2.889836016500526780e-02 2.889836016500573618e-02 5.558997070124092194e-02 7.524649886104398111e-02 8.427860739902284792e-02 1.138482707324691839e-01 1.274166131915185907e-01 1.323127376717838088e-01 1.726203637581728012e-01 1.810975218298342404e-01 2.197124492302875154e-01 2.242186604138462491e-01 2.539683512268099963e-01 2.684615398438324751e-01 2.968011703415646685e-01 3.047517181312159318e-01
-3.046252491304820009e-01 -2.965715336440826189e-01 -2.685696302633936994e-01 -2.541345664084211919e-01 -2.253866055824905179e-01 -2.182462456652502214e-01 -1.809687340613042039e-01 -1.719154530226096322e-01 -1.313673940790154315e-01 -1.268475341164169712e-01 -1.128398495036401911e-01 -8.297269309850459351e-02 -7.398561133889046404e-02 -5.306916828264059138e-02 -2.598411249363890424e-02 2.598411249363877240e-02 5.306916828264022362e-02 7.398561133888956198e-02 8.297269309850445473e-02 1.128398495036395249e-01 1.268475341164173320e-01 1.313673940790150430e-01 1.719154530226112976e-01 1.809687340613038986e-01 2.182462456652503602e-01 2.253866055824899628e-01 2.541345664084205813e-01 2.685696302633938659e-01 2.965715336440826189e-01 3.046252491304808352e-01
-3.042104356127884324e-01 -2.962442064867298885e-01 -2.686484039859474149e-01 -2.542757929637997627e-01 -2.264492973682341315e-01 -2.167329785451550250e-01 -1.807639031533432306e-01 -1.712546544855671760e-01 -1.303794439654538673e-01 -1.262694113012663433e-01 -1.118545151840333041e-01 -8.168386746967573608e-02 -7.276724755618803331e-02 -5.056974829263650301e-02 -2.309493363839208377e-02 2.309493363839221908e-02 5.056974829263683607e-02 7.276724755618822760e-02 8.168386746967586098e-02 1.118545151840337343e-01 1.262694113012665931e-01 1.303794439654529791e-01 1.712546544855667596e-01 1.807639031533422314e-01 2.167329785451538871e-01 2.264492973682359911e-01 2.542757929638007064e-01 2.686484039859471928e-01 2.962442064867286673e-01 3.042104356127888765e-01
-3.034554013912068582e-01 -2.958385127713372142e-01 -2.686867747198894985e-01 -2.543908125001909104e-01 -2.274019401970994170e-01 -2.151807042394095759e-01 -1.804828903485131975e-01 -1.706427432661682675e-01 -1.293527301468257729e-01 -1.256859005223234238e-01 -1.108926703829406502e-01 -8.041216093535162590e-02 -7.159494772739732893e-02 -4.809326564976684759e-02 -2.023429990230313225e-02 2.023429990230297959e-02 4.809326564976636187e-02 7.159494772739691260e-02 8.041216093535168141e-02 1.108926703829395399e-01 1.256859005223229242e-01 1.293527301468253565e-01 1.706427432661691279e-01 1.804828903485112823e-01 2.151807042394098257e-01 2.274019401970997778e-01 2.543908125001894116e-01 2.686867747198906642e-01 2.958385127713361595e-01 3.034554013912064141e-01
-3.023531661381980151e-01 -2.953647554483280757e-01 -2.686722403161505013e-01 -2.544799031302300563e-01 -2.282406896685536812e-01 -2.135964235172299330e-01 -1.801262437113014814e-01 -1.700836289167444726e-01 -1.282913170433045702e-01 -1.251005337247117211e-01 -1.099543980586364794e-01 -7.915744054134106478e-02 -7.047248586142483562e-02 -4.564128820072971965e-02 -1.740607196670507575e-02 1.740607196670525617e-02 4.564128820072996251e-02 7.047248586142497440e-02 7.915744054134134233e-02 1.099543980586366321e-01 1.251005337247120541e-01 1.282913170433054306e-01 1.700836289167437232e-01 1.801262437113014259e-01 2.135964235172281844e-01 2.282406896685527653e-01 2.544799031302296122e-01 2.686722403161508343e-01 2.953647554483277982e-01 3.023531661381979596e-01
-3.009445675480481586e-01 -2.948173430134201634e-01 -2.685915050969709394e-01 -2.545443593956714379e-01 -2.289627081860657887e-01 -2.119863240699860207e-01 -1.796949234224252123e-01 -1.695805857764079161e-01 -1.271995202918018986e-01 -1.245166535819171028e-01 -1.090395026710933718e-01 -7.791941008456503004e-02 -6.940392003422450606e-02 -4.321540389805134802e-02 -1.461456258714625110e-02 1.461456258714630314e-02 4.321540389805123006e-02 6.940392003422472811e-02 7.791941008456450268e-02 1.090395026710929138e-01 1.245166535819173526e-01 1.271995202918017875e-01 1.695805857764079994e-01 1.796949234224246850e-01 2.119863240699862428e-01 2.289627081860665103e-01 2.545443593956726036e-01 2.685915050969704398e-01 2.948173430134194417e-01 3.009445675480477145e-01
-2.993244610553853491e-01 -2.941586112096127303e-01 -2.684312040679621147e-01 -2.545860384002420762e-01 -2.295662445527576201e-01 -2.103559658627776052e-01 -1.791901350949495209e-01 -1.691363739489266105e-01 -1.260820007178711233e-01 -1.239372805325602428e-01 -1.081475509263229162e-01 -7.669761344226010136e-02 -6.839364957111503107e-02 -4.081723130126615334e-02 -1.186461465307319697e-02 1.186461465307353177e-02 4.081723130126616722e-02 6.839364957111548904e-02 7.669761344226010136e-02 1.081475509263230828e-01 1.239372805325601873e-01 1.260820007178717617e-01 1.691363739489255003e-01 1.791901350949506033e-01 2.103559658627764117e-01 2.295662445527593687e-01 2.545860384002422427e-01 2.684312040679610600e-01 2.941586112096135075e-01 2.993244610553837393e-01
-2.976644043125987182e-01 -2.932832529674637700e-01 -2.681786687249048118e-01 -2.546069638568698723e-01 -2.300506987106831491e-01 -2.087104346409711930e-01 -1.786132234506636329e-01 -1.687533013379080293e-01 -1.249440997252561775e-01 -1.233647340940232373e-01 -1.072779125034262482e-01 -7.549144227272477914e-02 -6.744647809793163917e-02 -3.844843563041546591e-02 -9.161691228807283469e-03 9.161691228807148160e-03 3.844843563041572265e-02 6.744647809793143101e-02 7.549144227272461261e-02 1.072779125034254849e-01 1.233647340940234316e-01 1.249440997252565660e-01 1.687533013379078906e-01 1.786132234506645211e-01 2.087104346409716094e-01 2.300506987106839540e-01 2.546069638568708715e-01 2.681786687249045897e-01 2.932832529674628264e-01 2.976644043125996619e-01
-2.962227181134891030e-01 -2.919955931401403970e-01 -2.678226492371402756e-01 -2.546090059960893215e-01 -2.304166563811482771e-01 -2.070544687637040360e-01 -1.779656038343479518e-01 -1.684332519529917194e-01 -1.237934719706811626e-01 -1.227989517319224566e-01 -1.064298007473197388e-01 -7.430014977811473520e-02 -6.656767985367831320e-02 -3.611075433661286443e-02 -6.511979786641966181e-03 6.511979786641972252e-03 3.611075433661298240e-02 6.656767985367892382e-02 7.430014977811466581e-02 1.064298007473202384e-01 1.227989517319226370e-01 1.237934719706816206e-01 1.684332519529930239e-01 1.779656038343484792e-01 2.070544687637023151e-01 2.304166563811496093e-01 2.546090059960899321e-01 2.678226492371404421e-01 2.919955931401399529e-01 2.962227181134887699e-01
-2.951778587221588479e-01 -2.901684572821703334e-01 -2.673538878449416289e-01 -2.545936431985226234e-01 -2.306658841636606838e-01 -2.053925620592232937e-01 -1.772487218507849405e-01 -1.681776927912546626e-01 -1.226560832480431684e-01 -1.222214368706952686e-01 -1.056023129171252267e-01 -7.312287318139677750e-02 -6.576306397940230586e-02 -3.380603962095640042e-02 -3.922514500165090109e-03 3.922514500164687654e-03 3.380603962095672654e-02 6.576306397940213933e-02 7.312287318139741588e-02 1.056023129171254765e-01 1.222214368706946164e-01 1.226560832480436264e-01 1.681776927912539132e-01 1.772487218507855788e-01 2.053925620592238488e-01 2.306658841636610169e-01 2.545936431985230675e-01 2.673538878449427392e-01 2.901684572821706110e-01 2.951778587221589589e-01
-2.944533251809889340e-01 -2.879162510284642984e-01 -2.667654370651287854e-01 -2.545618006552916590e-01 -2.308012804957447761e-01 -2.037290447642773616e-01 -1.764640395324863775e-01 -1.679876633272202602e-01 -1.218054521931033057e-01 -1.213659573489307697e-01 -1.047944692319066617e-01 -7.195866953689139534e-02 -6.503902689009523341e-02 -3.153633269888820451e-02 -1.401325108753299475e-03 1.401325108753238109e-03 3.153633269888833635e-02 6.503902689009528892e-02 7.195866953689158962e-02 1.047944692319054127e-01 1.213659573489301452e-01 1.218054521931034584e-01 1.679876633272190944e-01 1.764640395324851840e-01 2.037290447642765567e-01 2.308012804957443320e-01 2.545618006552933243e-01 2.667654370651273421e-01 2.879162510284637433e-01 2.944533251809896002e-01
-2.939024587081344175e-01 -2.854116794788128519e-01 -2.660526420540417769e-01 -2.545137516050037796e-01 -2.308267834511663619e-01 -2.020681441602225348e-01 -1.756130546826840111e-01 -1.678637431797784796e-01 -1.212629383688905993e-01 -1.202181920793671394e-01 -1.040052496932064169e-01 -7.080657394028848362e-02 -6.440257457240436412e-02 -2.930400145704079376e-02 -1.042366167171331981e-03 1.042366167171311165e-03 2.930400145704058212e-02 6.440257457240444738e-02 7.080657394028833096e-02 1.040052496932062503e-01 1.202181920793667508e-01 1.212629383688917928e-01 1.678637431797778412e-01 1.756130546826838446e-01 2.020681441602222295e-01 2.308267834511642247e-01 2.545137516050047233e-01 2.660526420540441639e-01 2.854116794788106315e-01 2.939024587081341955e-01
-2.934350240096765816e-01 -2.827621566231343642e-01 -2.652127537768126930e-01 -2.544490565427420803e-01 -2.307472419963373378e-01 -2.004140261606476014e-01 -1.746973751408751330e-01 -1.678059780612616847e-01 -1.207669709051798074e-01 -1.190464324208016650e-01 -1.032336275305839740e-01 -6.966570034698865710e-02 -6.386128036923829909e-02 -2.711201530116843367e-02 -3.397841203549151461e-03 3.397841203549398226e-03 2.711201530116809019e-02 6.386128036923834073e-02 6.966570034698914282e-02 1.032336275305837103e-01 1.190464324208013319e-01 1.207669709051791829e-01 1.678059780612603247e-01 1.746973751408749664e-01 2.004140261606462692e-01 2.307472419963382815e-01 2.544490565427443562e-01 2.652127537768126375e-01 2.827621566231341421e-01 2.934350240096772477e-01
-2.930024425016134471e-01 -2.800280521468274664e-01 -2.642441909214229834e-01 -2.543665026950223673e-01 -2.305682618148736929e-01 -1.987708189529356351e-01 -1.737189110059769448e-01 -1.678137022672103740e-01 -1.202974858005657760e-01 -1.178770711147880401e-01 -1.024785981460624440e-01 -6.853543663148024823e-02 -6.342310610888424183e-02 -2.496454882106523623e-02 -5.652306037654671218e-03 5.652306037654348560e-03 2.496454882106493786e-02 6.342310610888463041e-02 6.853543663148004006e-02 1.024785981460617501e-01 1.178770711147884148e-01 1.202974858005656233e-01 1.678137022672096246e-01 1.737189110059750019e-01 1.987708189529346636e-01 2.305682618148744145e-01 2.543665026950225339e-01 2.642441909214235940e-01 2.800280521468272443e-01 2.930024425016147238e-01
-2.925757338582491984e-01 -2.772484024252117596e-01 -2.631455101446838474e-01 -2.542639829407469798e-01 -2.302960391207801161e-01 -1.971426199722901285e-01 -1.726803931003166037e-01 -1.678850498839850880e-01 -1.198523726156736635e-01 -1.167180792103492404e-01 -1.017392026362024249e-01 -6.741588825398435458e-02 -6.309590513872155582e-02 -2.286848564433199837e-02 -7.789491189723636924e-03 7.789491189723558862e-03 2.286848564433179715e-02 6.309590513872184725e-02 6.741588825398446561e-02 1.017392026362022583e-01 1.167180792103488657e-01 1.198523726156729002e-01 1.678850498839856153e-01 1.726803931003156600e-01 1.971426199722887407e-01 2.302960391207807267e-01 2.542639829407459251e-01 2.631455101446851796e-01 2.772484024252129253e-01 2.925757338582484768e-01
-2.921361130523297822e-01 -2.744540145453698288e-01 -2.619141973017823921e-01 -2.541381985958786616e-01 -2.299371956228054292e-01 -1.955334880843760670e-01 -1.715870891628313299e-01 -1.680152825098025771e-01 -1.194312653697373050e-01 -1.155751374404248161e-01 -1.010145453213527056e-01 -6.630913495693145643e-02 -6.288601090691628426e-02 -2.083787325739709997e-02 -9.785414375422534297e-03 9.785414375422437153e-03 2.083787325739703405e-02 6.288601090691622875e-02 6.630913495693144255e-02 1.010145453213532885e-01 1.155751374404245385e-01 1.194312653697380128e-01 1.680152825098033542e-01 1.715870891628305528e-01 1.955334880843767609e-01 2.299371956228045688e-01 2.541381985958766632e-01 2.619141973017809488e-01 2.744540145453683300e-01 2.921361130523304483e-01
-2.916717418574852894e-01 -2.716742698478245566e-01 -2.605455770036438357e-01 -2.539839099593874661e-01 -2.294986253287422673e-01 -1.939474239197342131e-01 -1.704550388062518740e-01 -1.681886101787141152e-01 -1.190338720892514107e-01 -1.144532289992236801e-01 -1.003038051436648814e-01 -6.522405182484274089e-02 -6.279312814098314544e-02 -1.891086925610159161e-02 -1.159179761456475416e-02 1.159179761456470732e-02 1.891086925610175121e-02 6.279312814098310380e-02 6.522405182484286579e-02 1.003038051436646733e-01 1.144532289992241797e-01 1.190338720892511887e-01 1.681886101787130328e-01 1.704550388062528177e-01 1.939474239197333250e-01 2.294986253287442657e-01 2.539839099593847460e-01 2.605455770036426699e-01 2.716742698478238349e-01 2.916717418574859000e-01
-2.911765198540396393e-01 -2.689413187512232906e-01 -2.590328899282127728e-01 -2.537918869008397582e-01 -2.289873600509943763e-01 -1.923883428302694820e-01 -1.693880524847894142e-01 -1.683012560273310643e-01 -1.186596250676064251e-01 -1.133569132749615849e-01 -9.960624120515571001e-02 -6.420558806344053848e-02 -6.278061186607293565e-02 -1.724161542546014461e-02 -1.304472443492102167e-02 1.304472443492101126e-02 1.724161542545993644e-02 6.278061186607264421e-02 6.420558806344069114e-02 9.960624120515544633e-02 1.133569132749625008e-01 1.186596250676063002e-01 1.683012560273304536e-01 1.693880524847893587e-01 1.923883428302700371e-01 2.289873600509913232e-01 2.537918869008380374e-01 2.590328899282114961e-01 2.689413187512244563e-01 2.911765198540395283e-01
-2.906491890398038569e-01 -2.662925087696202398e-01 -2.573727625195398883e-01 -2.535420925959911420e-01 -2.284104562717342579e-01 -1.908600468793723581e-01 -1.690762712840583881e-01 -1.676629613981087397e-01 -1.183075875132820060e-01 -1.122903468919507902e-01 -9.892119298214681333e-02 -6.357470478820266557e-02 -6.253493609541638243e-02 -1.657086115535176193e-02 -1.339471308552725448e-02 1.339471308552734469e-02 1.657086115535188336e-02 6.253493609541665998e-02 6.357470478820263782e-02 9.892119298214652190e-02 1.122903468919503739e-01 1.183075875132818811e-01 1.676629613981091838e-01 1.690762712840586379e-01 1.908600468793722471e-01 2.284104562717320930e-01 2.535420925959918637e-01 2.573727625195406099e-01 2.662925087696202398e-01 2.906491890398039679e-01
-2.900922064107372411e-01 -2.637700334006512493e-01 -2.555982290405254265e-01 -2.531715987827475312e-01 -2.277749021919478756e-01 -1.893662046436292157e-01 -1.693740993149177310e-01 -1.664191104531249077e-01 -1.179764384082023221e-01 -1.112572329813397709e-01 -9.824807576425352573e-02 -6.373019019292780474e-02 -6.166317649837518150e-02 -1.734869242761694075e-02 -1.218480727036582410e-02 1.218480727036572349e-02 1.734869242761679503e-02 6.166317649837484149e-02 6.373019019292744392e-02 9.824807576425376165e-02 1.112572329813392019e-01 1.179764384082023776e-01 1.664191104531239085e-01 1.693740993149188967e-01 1.893662046436295210e-01 2.277749021919478756e-01 2.531715987827480308e-01 2.555982290405257595e-01 2.637700334006507497e-01 2.900922064107381848e-01
-2.895104177040906945e-01 -2.614167175245438735e-01 -2.539853261967084941e-01 -2.523725682339387211e-01 -2.270875406430701293e-01 -1.879103507205422685e-01 -1.697998304619392496e-01 -1.650511400439339804e-01 -1.176644921782547953e-01 -1.102607458505881766e-01 -9.758637157040651877e-02 -6.422401911871525315e-02 -6.061693003263907142e-02 -1.846201643476621385e-02 -1.052394469892555667e-02 1.052394469892568504e-02 1.846201643476628670e-02 6.061693003263875917e-02 6.422401911871533642e-02 9.758637157040664367e-02 1.102607458505883292e-01 1.176644921782541847e-01 1.650511400439347298e-01 1.697998304619379173e-01 1.879103507205421020e-01 2.270875406430725996e-01 2.523725682339375553e-01 2.539853261967092712e-01 2.614167175245438179e-01 2.895104177040886961e-01
-2.889097558347274997e-01 -2.592717266869273285e-01 -2.530826317001604320e-01 -2.505672656446413793e-01 -2.263550009380632388e-01 -1.864959219329908047e-01 -1.702956772670270180e-01 -1.636165092381927366e-01 -1.173697398327074176e-01 -1.093034494573736914e-01 -9.693561523204301256e-02 -6.491228068197119061e-02 -5.954077585427092201e-02 -1.952106011407457598e-02 -8.801217578702622349e-03 8.801217578702285813e-03 1.952106011407460026e-02 5.954077585427122038e-02 6.491228068197149592e-02 9.693561523204365094e-02 1.093034494573736914e-01 1.173697398327073205e-01 1.636165092381924591e-01 1.702956772670281005e-01 1.864959219329915818e-01 2.263550009380627392e-01 2.505672656446416569e-01 2.530826317001609871e-01 2.592717266869264958e-01 2.889097558347263339e-01
-2.882961089194955306e-01 -2.573774160454374016e-01 -2.524207080430189709e-01 -2.481919774086063790e-01 -2.255836300705247877e-01 -1.851263578638363272e-01 -1.708482286666030692e-01 -1.621281731147745375e-01 -1.170899069335371440e-01 -1.083872207692561235e-01 -9.629537466440395155e-02 -6.576835937353871231e-02 -5.845872654283091469e-02 -2.045131946939408862e-02 -7.094454166887804829e-03 7.094454166888013863e-03 2.045131946939458129e-02 5.845872654283117142e-02 6.576835937353887884e-02 9.629537466440446503e-02 1.083872207692566092e-01 1.170899069335378101e-01 1.621281731147745098e-01 1.708482286666025141e-01 1.851263578638369656e-01 2.255836300705252873e-01 2.481919774086073227e-01 2.524207080430188599e-01 2.573774160454364579e-01 2.882961089194949200e-01
-2.876742273036203001e-01 -2.557972862057059094e-01 -2.516087210318940226e-01 -2.455826373180108047e-01 -2.247794097458864770e-01 -1.838053193236205696e-01 -1.714501653602597819e-01 -1.605926772015585924e-01 -1.168225270543069988e-01 -1.075131870060955508e-01 -9.566522384145212388e-02 -6.677838846457381794e-02 -5.737874581494888104e-02 -2.123576790542331880e-02 -5.428218547625976095e-03 5.428218547625460882e-03 2.123576790542320084e-02 5.737874581494879084e-02 6.677838846457373467e-02 9.566522384145190183e-02 1.075131870060955924e-01 1.168225270543062216e-01 1.605926772015587034e-01 1.714501653602596432e-01 1.838053193236198202e-01 2.247794097458857276e-01 2.455826373180131639e-01 2.516087210318940781e-01 2.557972862057060204e-01 2.876742273036191344e-01
-2.870455913909397139e-01 -2.545909845507410840e-01 -2.504979501370335204e-01 -2.428365324212009013e-01 -2.239478382954360747e-01 -1.825371477585398250e-01 -1.720947843885546336e-01 -1.590151965124317612e-01 -1.165650312093540614e-01 -1.066816847153495146e-01 -9.504470698078294755e-02 -6.792862906410641888e-02 -5.630569541287499397e-02 -2.187423200629969727e-02 -3.814304107708748736e-03 3.814304107708818125e-03 2.187423200629952727e-02 5.630569541287502866e-02 6.792862906410623847e-02 9.504470698078218427e-02 1.066816847153480019e-01 1.165650312093534785e-01 1.590151965124310396e-01 1.720947843885551887e-01 1.825371477585400193e-01 2.239478382954371294e-01 2.428365324212004295e-01 2.504979501370326322e-01 2.545909845507405289e-01 2.870455913909397694e-01
-2.863949985120811115e-01 -2.537172809057082756e-01 -2.490866953632312197e-01 -2.400046968436567452e-01 -2.230937408780003239e-01 -1.813278910819510203e-01 -1.727738436553430124e-01 -1.574006812890507423e-01 -1.163148552400074670e-01 -1.058922472637393725e-01 -9.443329324923896428e-02 -6.920343016210671327e-02 -5.524398184939231099e-02 -2.237404375622227201e-02 -2.260684075465689037e-03 2.260684075465833453e-03 2.237404375622225466e-02 5.524398184939179751e-02 6.920343016210665776e-02 9.443329324923827039e-02 1.058922472637395112e-01 1.163148552400067592e-01 1.574006812890504092e-01 1.727738436553425405e-01 1.813278910819505485e-01 2.230937408779996578e-01 2.400046968436562456e-01 2.490866953632324687e-01 2.537172809057092193e-01 2.863949985120824993e-01
-2.853763880544727405e-01 -2.530466652213648748e-01 -2.474778343910983003e-01 -2.371221672455842144e-01 -2.222209365721966035e-01 -1.801878845076738955e-01 -1.734746521733648295e-01 -1.557541932056084599e-01 -1.160695687331554649e-01 -1.051436252224628998e-01 -9.383032315921441269e-02 -7.058519158202963828e-02 -5.419834139728600675e-02 -2.274673555851074863e-02 -7.742869152773274597e-04 7.742869152774394578e-04 2.274673555851078333e-02 5.419834139728518796e-02 7.058519158202947175e-02 9.383032315921423228e-02 1.051436252224638157e-01 1.160695687331547571e-01 1.557541932056077383e-01 1.734746521733643854e-01 1.801878845076733127e-01 2.222209365721974639e-01 2.371221672455842699e-01 2.474778343910979672e-01 2.530466652213656520e-01 2.853763880544732956e-01
-2.834246280989621281e-01 -2.524702193807892847e-01 -2.457629273578472995e-01 -2.342157077126519327e-01 -2.213316090881533305e-01 -1.791393870526230003e-01 -1.741723269160686816e-01 -1.540810084239206956e-01 -1.158270308606905719e-01 -1.044338413168890423e-01 -9.323495094028405594e-02 -7.205480269467547105e-02 -5.317413044449987441e-02 -2.300639097303055006e-02 -6.378703944642406939e-04 6.378703944644500533e-04 2.300639097303061251e-02 5.317413044450047810e-02 7.205480269467585963e-02 9.323495094028423635e-02 1.044338413168887925e-01 1.158270308606911408e-01 1.540810084239203070e-01 1.741723269160705412e-01 1.791393870526223620e-01 2.213316090881540799e-01 2.342157077126507669e-01 2.457629273578476325e-01 2.524702193807895623e-01 2.834246280989615174e-01
-2.813601273887066934e-01 -2.519264813969477323e-01 -2.439920124379016397e-01 -2.313085070445688729e-01 -2.204250215402289714e-01 -1.782434865936618207e-01 -1.748028493828193697e-01 -1.523866393371867689e-01 -1.155855805710515466e-01 -1.037602784028292535e-01 -9.264609194651912683e-02 -7.359210085957322567e-02 -5.217743873028148766e-02 -2.316865842914004117e-02 -1.968091069882050605e-03 1.968091069882080095e-03 2.316865842914020424e-02 5.217743873028149459e-02 7.359210085957258729e-02 9.264609194651850232e-02 1.037602784028295033e-01 1.155855805710517409e-01 1.523866393371865191e-01 1.748028493828206187e-01 1.782434865936624035e-01 2.204250215402300539e-01 2.313085070445686786e-01 2.439920124378996691e-01 2.519264813969467331e-01 2.813601273887070819e-01
-2.792805790928032383e-01 -2.513829904163683571e-01 -2.421900052828340755e-01 -2.284251736364770469e-01 -2.194946544393277799e-01 -1.776898094897430835e-01 -1.751733332569345158e-01 -1.506768254622589398e-01 -1.153442706670917833e-01 -1.031197956895814338e-01 -9.206239187827749970e-02 -7.517616100972718263e-02 -5.121511719710438587e-02 -2.325014492084520601e-02 -3.207632410211598388e-03 3.207632410211558056e-03 2.325014492084528234e-02 5.121511719710424015e-02 7.517616100972758508e-02 9.206239187827834625e-02 1.031197956895818363e-01 1.153442706670931572e-01 1.506768254622596337e-01 1.751733332569340440e-01 1.776898094897430835e-01 2.194946544393276411e-01 2.284251736364774910e-01 2.421900052828370453e-01 2.513829904163695783e-01 2.792805790928029608e-01
-2.771983819837692820e-01 -2.508214075326005155e-01 -2.403702953767166417e-01 -2.256000951319503955e-01 -2.185212183922426443e-01 -1.777787642506729882e-01 -1.749797524624333855e-01 -1.489575127719078296e-01 -1.151031569626873446e-01 -1.025088654112969039e-01 -9.148224910599914161e-02 -7.678532597201996601e-02 -5.029474956635703042e-02 -2.326805356109823072e-02 -4.346486978829264269e-03 4.346486978829115951e-03 2.326805356109833134e-02 5.029474956635748145e-02 7.678532597202049337e-02 9.148224910599908610e-02 1.025088654112965847e-01 1.151031569626871365e-01 1.489575127719087455e-01 1.749797524624343015e-01 1.777787642506730992e-01 2.185212183922414786e-01 2.256000951319490633e-01 2.403702953767173078e-01 2.508214075326022363e-01 2.771983819837693930e-01
-2.751193238643747652e-01 -2.502302326561694490e-01 -2.385412747271869194e-01 -2.228964961976928061e-01 -2.174544597452771622e-01 -1.783601534634857155e-01 -1.743682867120857627e-01 -1.472348287854600701e-01 -1.148636537448159967e-01 -1.019237193666929220e-01 -9.090395386500611796e-02 -7.839691357832843932e-02 -4.942457537032284021e-02 -2.323993331550648286e-02 -5.373338285722236742e-03 5.373338285722580217e-03 2.323993331550626429e-02 4.942457537032272918e-02 7.839691357832856422e-02 9.090395386500571551e-02 1.019237193666933244e-01 1.148636537448161354e-01 1.472348287854602922e-01 1.743682867120851798e-01 1.783601534634858543e-01 2.174544597452769124e-01 2.228964961976929449e-01 2.385412747271869194e-01 2.502302326561673396e-01 2.751193238643758754e-01
-2.730476772233090821e-01 -2.496015194168264562e-01 -2.367092417023249351e-01 -2.204486376693098049e-01 -2.161714781844469024e-01 -1.791292181284968033e-01 -1.736392182300462994e-01 -1.455150551997504704e-01 -1.146289627298413133e-01 -1.013604919633902673e-01 -9.032609275132150173e-02 -7.998648503081041972e-02 -4.861336303960115540e-02 -2.318337806364250200e-02 -6.275786343822307642e-03 6.275786343822059576e-03 2.318337806364244649e-02 4.861336303960112765e-02 7.998648503081101646e-02 9.032609275132216786e-02 1.013604919633902812e-01 1.146289627298411190e-01 1.455150551997507480e-01 1.736392182300471876e-01 1.791292181284993013e-01 2.161714781844468192e-01 2.204486376693097216e-01 2.367092417023238804e-01 2.496015194168265117e-01 2.730476772233076943e-01
-2.709870857353692819e-01 -2.489294169829107672e-01 -2.348797559486362763e-01 -2.184762184907478033e-01 -2.144625956816449686e-01 -1.799677989601156380e-01 -1.729056972460972508e-01 -1.438045971300493109e-01 -1.144045699668059246e-01 -1.008153432705178321e-01 -8.974862090231811029e-02 -8.152632848210569771e-02 -4.787022660401118318e-02 -2.311548837035422993e-02 -7.040981540954260529e-03 7.040981540953923125e-03 2.311548837035428197e-02 4.787022660401162033e-02 8.152632848210654426e-02 8.974862090231906786e-02 1.008153432705177349e-01 1.144045699668073263e-01 1.438045971300497550e-01 1.729056972460972785e-01 1.799677989601168315e-01 2.144625956816454126e-01 2.184762184907483584e-01 2.348797559486376363e-01 2.489294169829117109e-01 2.709870857353682272e-01
-2.689407759353693583e-01 -2.482095745804289988e-01 -2.330583559930423654e-01 -2.170538721541337424e-01 -2.122619401927129112e-01 -1.808341369415081001e-01 -1.722038593573607945e-01 -1.421099471609391651e-01 -1.141987759115169060e-01 -1.002845419982616171e-01 -8.917589460668270962e-02 -8.298195106000726129e-02 -4.720437644238131836e-02 -2.305193797210152579e-02 -7.656791583974946989e-03 7.656791583974960867e-03 2.305193797210146334e-02 4.720437644238120733e-02 8.298195106000712251e-02 8.917589460668262635e-02 1.002845419982605485e-01 1.141987759115165174e-01 1.421099471609377773e-01 1.722038593573612386e-01 1.808341369415079336e-01 2.122619401927132998e-01 2.170538721541350191e-01 2.330583559930406723e-01 2.482095745804288878e-01 2.689407759353688032e-01
-2.669115933762701287e-01 -2.474389906348673229e-01 -2.312510328766180789e-01 -2.159889395101024512e-01 -2.097695842915262288e-01 -1.817082878854769934e-01 -1.715473276343717490e-01 -1.404376433369856070e-01 -1.140231672850650912e-01 -9.976448514521943367e-02 -8.862669964217723129e-02 -8.430168121982629936e-02 -4.662479364441646235e-02 -2.300562474194589591e-02 -8.113500095881626475e-03 8.113500095881527596e-03 2.300562474194593754e-02 4.662479364441614316e-02 8.430168121982697937e-02 8.862669964217670393e-02 9.976448514521780997e-02 1.140231672850653688e-01 1.404376433369841914e-01 1.715473276343717490e-01 1.817082878854769656e-01 2.097695842915245912e-01 2.159889395101012577e-01 2.312510328766179402e-01 2.474389906348661294e-01 2.669115933762711834e-01
-2.649019791869024476e-01 -2.466161136685157129e-01 -2.294646441874153842e-01 -2.151045789505527106e-01 -2.071681767133261298e-01 -1.825774525211885657e-01 -1.709418061363625063e-01 -1.387942233794352553e-01 -1.138928458680579514e-01 -9.925163156943402065e-02 -8.817415188610588928e-02 -8.537672394207877768e-02 -4.613982090978446110e-02 -2.298515412201388580e-02 -8.405772828850367404e-03 8.405772828850362199e-03 2.298515412201375743e-02 4.613982090978477335e-02 8.537672394207883320e-02 8.817415188610615295e-02 9.925163156943402065e-02 1.138928458680582845e-01 1.387942233794360603e-01 1.709418061363618124e-01 1.825774525211882882e-01 2.071681767133260743e-01 2.151045789505531547e-01 2.294646441874143572e-01 2.466161136685132704e-01 2.649019791869028917e-01
-2.629139289360137299e-01 -2.457410919265940186e-01 -2.277073689399251311e-01 -2.143163569381960620e-01 -2.045459104206906187e-01 -1.834315430784546064e-01 -1.703894489274256907e-01 -1.371861835757366421e-01 -1.138261064442828568e-01 -9.874233923502682975e-02 -8.806627128197901111e-02 -8.592118453767419450e-02 -4.575667344458650421e-02 -2.299369638976969665e-02 -8.534330294794013547e-03 8.534330294794049976e-03 2.299369638976957175e-02 4.575667344458628910e-02 8.592118453767481900e-02 8.806627128197928867e-02 9.874233923502795385e-02 1.138261064442823295e-01 1.371861835757363646e-01 1.703894489274257740e-01 1.834315430784552725e-01 2.045459104206912293e-01 2.143163569381961731e-01 2.277073689399271295e-01 2.457410919265947680e-01 2.629139289360138965e-01
-2.609489602434510447e-01 -2.448161007632908559e-01 -2.259892638001763376e-01 -2.135839256233021399e-01 -2.019442149299116862e-01 -1.842616013402861574e-01 -1.698903827213920914e-01 -1.356199611278625650e-01 -1.138431592273663195e-01 -9.823263605153367828e-02 -8.848014882442920004e-02 -8.571950012739464053e-02 -4.548089318283945331e-02 -2.302883012785111524e-02 -8.506679271503387110e-03 8.506679271503340273e-03 2.302883012785097994e-02 4.548089318283956434e-02 8.571950012739397440e-02 8.848014882442938045e-02 9.823263605153406686e-02 1.138431592273665555e-01 1.356199611278637585e-01 1.698903827213925632e-01 1.842616013402864628e-01 2.019442149299126577e-01 2.135839256233015016e-01 2.259892638001756715e-01 2.448161007632898845e-01 2.609489602434511002e-01
-2.590081147801734374e-01 -2.438456833349976483e-01 -2.243229377280151482e-01 -2.128819626587713787e-01 -1.993860529722353836e-01 -1.850591022558227550e-01 -1.694433059425595467e-01 -1.341019751370561008e-01 -1.139635541254193224e-01 -9.771803941693227302e-02 -8.902894108255139660e-02 -8.512223692197810887e-02 -4.531579715774300410e-02 -2.308364896066842156e-02 -8.336566059760731201e-03 8.336566059761067737e-03 2.308364896066862279e-02 4.531579715774358003e-02 8.512223692197821989e-02 8.902894108255253458e-02 9.771803941693350815e-02 1.139635541254193501e-01 1.341019751370551572e-01 1.694433059425599353e-01 1.850591022558224774e-01 1.993860529722348007e-01 2.128819626587726832e-01 2.243229377280162029e-01 2.438456833349970931e-01 2.590081147801745476e-01
-2.570920234732323451e-01 -2.428370351167958852e-01 -2.227242609881044111e-01 -2.121882462933716851e-01 -1.968872169789467608e-01 -1.858153887923126857e-01 -1.690457577252028332e-01 -1.326387873475587120e-01 -1.142023477645950635e-01 -9.719365541352185944e-02 -8.944685892697741558e-02 -8.436475322854646020e-02 -4.526199744299127387e-02 -2.314882382636201594e-02 -8.042373682910436763e-03 8.042373682910518295e-03 2.314882382636208880e-02 4.526199744299119060e-02 8.436475322854704306e-02 8.944685892697695762e-02 9.719365541352081861e-02 1.142023477645935231e-01 1.326387873475584900e-01 1.690457577252025556e-01 1.858153887923138514e-01 1.968872169789469551e-01 2.121882462933733227e-01 2.227242609881051327e-01 2.428370351167961350e-01 2.570920234732328447e-01
-2.552010681936435765e-01 -2.418001512739620940e-01 -2.212127836221344512e-01 -2.114786161287036392e-01 -1.944618662015129007e-01 -1.865203849759935195e-01 -1.686942718789931905e-01 -1.312374866659262174e-01 -1.145657367309642349e-01 -9.665482043490311592e-02 -8.965075620325077543e-02 -8.350903248840299553e-02 -4.531708105780259122e-02 -2.321490194133583873e-02 -7.645085432907669162e-03 7.645085432907979678e-03 2.321490194133577281e-02 4.531708105780268836e-02 8.350903248840275961e-02 8.965075620325051176e-02 9.665482043490290776e-02 1.145657367309642349e-01 1.312374866659269390e-01 1.686942718789929685e-01 1.865203849759949628e-01 1.944618662015122346e-01 2.114786161287029176e-01 2.212127836221364496e-01 2.418001512739616221e-01 2.552010681936434655e-01
-2.533356806008388307e-01 -2.407477364177165180e-01 -2.198110918748293618e-01 -2.107254901746185849e-01 -1.921298742292628370e-01 -1.871570716704775428e-01 -1.683845050906724317e-01 -1.299064771791703099e-01 -1.150474018342598770e-01 -9.609827647595999001e-02 -8.961437855197658398e-02 -8.257121246093422628e-02 -4.547551984221989696e-02 -2.327414718589367396e-02 -7.166431455036681962e-03 7.166431455036696707e-03 2.327414718589370518e-02 4.547551984222012594e-02 8.257121246093454547e-02 8.961437855197654234e-02 9.609827647595968469e-02 1.150474018342597521e-01 1.299064771791707262e-01 1.683845050906715712e-01 1.871570716704773762e-01 1.921298742292619766e-01 2.107254901746203613e-01 2.198110918748287235e-01 2.407477364177172674e-01 2.533356806008394413e-01
-2.514968357273599242e-01 -2.396947409388321126e-01 -2.185418832924225785e-01 -2.098997937182956186e-01 -1.899616165806003176e-01 -1.876574863478466804e-01 -1.681113798515076752e-01 -1.286569886339014035e-01 -1.156264713988750387e-01 -9.552325732886700338e-02 -8.933401935799338556e-02 -8.155546389364980164e-02 -4.572883092566034507e-02 -2.332156344825105435e-02 -6.627546957503623049e-03 6.627546957503632589e-03 2.332156344825105435e-02 4.572883092566026181e-02 8.155546389364962123e-02 8.933401935799373250e-02 9.552325732886715604e-02 1.156264713988746362e-01 1.286569886339019864e-01 1.681113798515063706e-01 1.876574863478469302e-01 1.899616165806005952e-01 2.098997937182953410e-01 2.185418832924225785e-01 2.396947409388300310e-01 2.514968357273592581e-01
-2.496868371718466983e-01 -2.386573247127487252e-01 -2.174220315565742190e-01 -2.089766279057136134e-01 -1.887564891522972021e-01 -1.872244403704838578e-01 -1.678692596148955163e-01 -1.275058713246634001e-01 -1.162666803914024632e-01 -9.493148230836578882e-02 -8.881810700007800041e-02 -8.046256645845960287e-02 -4.606594425982676877e-02 -2.335510588908883828e-02 -6.048171013055537309e-03 6.048171013055432359e-03 2.335510588908876542e-02 4.606594425982674795e-02 8.046256645845885347e-02 8.881810700007766735e-02 9.493148230836545576e-02 1.162666803914021024e-01 1.275058713246631226e-01 1.678692596148971539e-01 1.872244403704842741e-01 1.887564891522973132e-01 2.089766279057124754e-01 2.174220315565736084e-01 2.386573247127479758e-01 2.496868371718468094e-01
-2.479105722663729749e-01 -2.376509461926713807e-01 -2.164555273965179105e-01 -2.079427416818948604e-01 -1.890071064589078365e-01 -1.853671825789265371e-01 -1.676521596224731236e-01 -1.264805264587214595e-01 -1.169148579771075863e-01 -9.432570597125854162e-02 -8.808271876239205656e-02 -7.929256462585239362e-02 -4.647368136804473637e-02 -2.337529959604464289e-02 -5.446253263119774958e-03 5.446253263119758478e-03 2.337529959604445207e-02 4.647368136804458372e-02 7.929256462585194953e-02 8.808271876239230636e-02 9.432570597125859713e-02 1.169148579771069341e-01 1.264805264587214595e-01 1.676521596224721244e-01 1.853671825789269811e-01 1.890071064589069760e-01 2.079427416818954710e-01 2.164555273965165505e-01 2.376509461926705480e-01 2.479105722663737521e-01
-2.461775614645550225e-01 -2.366871340975867377e-01 -2.156303214576999749e-01 -2.068008307003188773e-01 -1.893724258565893659e-01 -1.834278543311641529e-01 -1.674539856713306574e-01 -1.256263654810661212e-01 -1.174969856944907548e-01 -9.370778351210531931e-02 -8.714924543290852865e-02 -7.804569681544185067e-02 -4.693722930668079579e-02 -2.338453763571982091e-02 -4.837805437456835222e-03 4.837805437456550728e-03 2.338453763572008806e-02 4.693722930668040721e-02 7.804569681544168414e-02 8.714924543290804293e-02 9.370778351210459767e-02 1.174969856944896723e-01 1.256263654810662322e-01 1.674539856713311570e-01 1.834278543311646525e-01 1.893724258565893659e-01 2.068008307003182389e-01 2.156303214576986427e-01 2.366871340975887361e-01 2.461775614645558830e-01
-2.445053242744446576e-01 -2.357683709632140134e-01 -2.149226999917351055e-01 -2.055670135814177957e-01 -1.896880010363193314e-01 -1.815706360177862244e-01 -1.672687828700735457e-01 -1.250122699859778086e-01 -1.179154534838474794e-01 -9.307762426303109460e-02 -8.604264474619707781e-02 -7.672270307276814194e-02 -4.744050813613806539e-02 -2.338628445750053422e-02 -4.236870328565775501e-03 4.236870328565727796e-03 2.338628445750032259e-02 4.744050813613824580e-02 7.672270307276821133e-02 8.604264474619707781e-02 9.307762426303044234e-02 1.179154534838470075e-01 1.250122699859774755e-01 1.672687828700728518e-01 1.815706360177856138e-01 1.896880010363203029e-01 2.055670135814174904e-01 2.149226999917357994e-01 2.357683709632140134e-01 2.445053242744451294e-01
-2.429246073152831198e-01 -2.348806625229380995e-01 -2.143068220173161009e-01 -2.042636142432442681e-01 -1.899275098023437136e-01 -1.798196087290190592e-01 -1.670909671050179734e-01 -1.247142188689173842e-01 -1.180671147075183225e-01 -9.243345091711482886e-02 -8.478975256914660086e-02 -7.532487256144355936e-02 -4.796636551188686315e-02 -2.338433129322046652e-02 -3.655531241072759903e-03 3.655531241072680973e-03 2.338433129322037979e-02 4.796636551188659253e-02 7.532487256144400345e-02 8.478975256914679515e-02 9.243345091711481498e-02 1.180671147075175037e-01 1.247142188689174119e-01 1.670909671050176126e-01 1.798196087290191703e-01 1.899275098023426311e-01 2.042636142432455448e-01 2.143068220173165450e-01 2.348806625229393208e-01 2.429246073152821761e-01
-2.414858167184145421e-01 -2.339848139717752573e-01 -2.137638507608423388e-01 -2.029122450308563641e-01 -1.900770436315086520e-01 -1.781841031329347569e-01 -1.669155045806077486e-01 -1.247575720282427386e-01 -1.179018409978913190e-01 -9.177277516930099077e-02 -8.341792101583121732e-02 -7.385397526467080143e-02 -4.849657106567399623e-02 -2.338217823274792162e-02 -3.103926962647012358e-03 3.103926962646982000e-03 2.338217823274805693e-02 4.849657106567424603e-02 7.385397526467077367e-02 8.341792101583121732e-02 9.177277516930137935e-02 1.179018409978908055e-01 1.247575720282437656e-01 1.669155045806075821e-01 1.781841031329350067e-01 1.900770436315085410e-01 2.029122450308565029e-01 2.137638507608430882e-01 2.339848139717749798e-01 2.414858167184143201e-01
-2.402609577580323008e-01 -2.330126745178596748e-01 -2.132872372926943594e-01 -2.015297828862024354e-01 -1.901245230930020402e-01 -1.766695068421265946e-01 -1.667380010934547685e-01 -1.250761101098089856e-01 -1.174637879729331369e-01 -9.109338610355302568e-02 -8.195431699570662754e-02 -7.231214654968491640e-02 -4.901161578874588254e-02 -2.338256901957582595e-02 -2.590265900894199967e-03 2.590265900894261984e-03 2.338256901957570452e-02 4.901161578874596580e-02 7.231214654968509681e-02 8.195431699570704387e-02 9.109338610355384447e-02 1.174637879729336504e-01 1.250761101098091244e-01 1.667380010934543244e-01 1.766695068421283987e-01 1.901245230930033170e-01 2.015297828862005758e-01 2.132872372926954418e-01 2.330126745178587866e-01 2.402609577580319955e-01
-2.393272778133888057e-01 -2.318827056971847766e-01 -2.128836448207456211e-01 -2.001269226446450722e-01 -1.900587799343802786e-01 -1.752793083647541938e-01 -1.665546644769682338e-01 -1.255576343598827915e-01 -1.168458310614731155e-01 -9.039404388510927091e-02 -8.042588302366422692e-02 -7.070176192236846124e-02 -4.949034840824657194e-02 -2.338717906862606416e-02 -2.120849767196037773e-03 2.120849767195828305e-03 2.338717906862605722e-02 4.949034840824659970e-02 7.070176192236847512e-02 8.042588302366468489e-02 9.039404388510922927e-02 1.168458310614724494e-01 1.255576343598835687e-01 1.665546644769682894e-01 1.752793083647539996e-01 1.900587799343793627e-01 2.001269226446448779e-01 2.128836448207447885e-01 2.318827056971846934e-01 2.393272778133881951e-01
-2.387287286196538572e-01 -2.305390108629889190e-01 -2.125702484988294672e-01 -1.987082502503408066e-01 -1.898710979186185865e-01 -1.740156834678941722e-01 -1.663621125830830050e-01 -1.261046961262313471e-01 -1.161287729772252919e-01 -8.967488340238927158e-02 -7.885972592110211676e-02 -6.902532490586828218e-02 -4.990951240680922829e-02 -2.339644717322064346e-02 -1.700124584133868352e-03 1.700124584133746487e-03 2.339644717322088632e-02 4.990951240680911727e-02 6.902532490586824054e-02 7.885972592110178370e-02 8.967488340238960465e-02 1.161287729772261801e-01 1.261046961262301536e-01 1.663621125830825609e-01 1.740156834678929509e-01 1.898710979186183923e-01 1.987082502503418335e-01 2.125702484988297170e-01 2.305390108629891410e-01 2.387287286196528024e-01
-2.384510574866136878e-01 -2.289778293441097623e-01 -2.123695609666968742e-01 -1.972732673609006726e-01 -1.895576858937646769e-01 -1.728797616956839200e-01 -1.661570170044029959e-01 -1.266503802868953477e-01 -1.153654895775840933e-01 -8.893762751108871822e-02 -7.728362970454077940e-02 -6.728538487653536182e-02 -5.024330152867410165e-02 -2.340953834734159356e-02 -1.330776822765035667e-03 1.330776822765210657e-03 2.340953834734172193e-02 5.024330152867417104e-02 6.728538487653529243e-02 7.728362970454087655e-02 8.893762751108871822e-02 1.153654895775838574e-01 1.266503802868961248e-01 1.661570170044041062e-01 1.728797616956831151e-01 1.895576858937642328e-01 1.972732673609005893e-01 2.123695609666949036e-01 2.289778293441095680e-01 2.384510574866135491e-01
-2.384399241817764803e-01 -2.272315934196391662e-01 -2.123033491309330445e-01 -1.958182504499909882e-01 -1.891218466237530871e-01 -1.718718378799136970e-01 -1.659356024793159079e-01 -1.271510214273368633e-01 -1.145881712410189435e-01 -8.818569340684975777e-02 -7.572635609371185239e-02 -6.548450053344774535e-02 -5.046314748233367981e-02 -2.342442326217900050e-02 -1.013886884351584451e-03 1.013886884351790016e-03 2.342442326217884785e-02 5.046314748233386022e-02 6.548450053344771760e-02 7.572635609371194954e-02 8.818569340684984104e-02 1.145881712410178888e-01 1.271510214273373351e-01 1.659356024793176010e-01 1.718718378799128088e-01 1.891218466237532536e-01 1.958182504499920706e-01 2.123033491309343768e-01 2.272315934196385279e-01 2.384399241817754811e-01
-2.386325383527662103e-01 -2.253395072962312562e-01 -2.123874503515051082e-01 -1.943387988933853450e-01 -1.885745925808809675e-01 -1.709915819523069036e-01 -1.656930690517057769e-01 -1.275775145427376911e-01 -1.138169997301623076e-01 -8.742423721250788815e-02 -7.421731677346894707e-02 -6.362526606123189432e-02 -5.053809457394556337e-02 -2.343805625275759141e-02 -7.491430224097668251e-04 7.491430224097897017e-04 2.343805625275757060e-02 5.053809457394577154e-02 6.362526606123156125e-02 7.421731677346871114e-02 8.742423721250815183e-02 1.138169997301620995e-01 1.275775145427381352e-01 1.656930690517068594e-01 1.709915819523064595e-01 1.885745925808821055e-01 1.943387988933865385e-01 2.123874503515050249e-01 2.253395072962316170e-01 2.386325383527657940e-01
-2.389734309159807779e-01 -2.233336769076007811e-01 -2.126288772245205905e-01 -1.928326024760391166e-01 -1.879330471207591446e-01 -1.702381976251867435e-01 -1.654230727067658446e-01 -1.279098218301481793e-01 -1.130656406934662517e-01 -8.666014986236429685e-02 -7.278511417647411108e-02 -6.171041782060614905e-02 -5.043624662017304194e-02 -2.344662917381803297e-02 -5.351087053420037305e-04 5.351087053419513635e-04 2.344662917381803643e-02 5.043624662017236193e-02 6.171041782060586456e-02 7.278511417647431925e-02 8.666014986236426909e-02 1.130656406934666403e-01 1.279098218301473466e-01 1.654230727067659279e-01 1.702381976251878537e-01 1.879330471207573128e-01 1.928326024760393387e-01 2.126288772245203129e-01 2.233336769076002815e-01 2.389734309159804171e-01
-2.394167262320190670e-01 -2.212383620725872635e-01 -2.130254699166954646e-01 -1.913018529720587335e-01 -1.872169153970352495e-01 -1.696104037271982945e-01 -1.651174716247890140e-01 -1.281339635336894434e-01 -1.123442351622589153e-01 -8.590199176468206466e-02 -7.145453921562443245e-02 -5.974303547342355719e-02 -5.012771439687059571e-02 -2.344587417664545023e-02 -3.695278715657647375e-04 3.695278715659736091e-04 2.344587417664529064e-02 5.012771439687076919e-02 5.974303547342414006e-02 7.145453921562489041e-02 8.590199176468270303e-02 1.123442351622598451e-01 1.281339635336892213e-01 1.651174716247882646e-01 1.696104037271987941e-01 1.872169153970341671e-01 1.913018529720592331e-01 2.130254699166950205e-01 2.212383620725885680e-01 2.394167262320166245e-01
-2.399239623591698789e-01 -2.190737975627563561e-01 -2.135668811175231441e-01 -1.897552566811761821e-01 -1.864437016580690332e-01 -1.691061161207432773e-01 -1.647665379951856190e-01 -1.282404152571169353e-01 -1.116609359927344947e-01 -8.515982944291898560e-02 -7.024217509166627571e-02 -5.772683956620534157e-02 -4.958896845145185223e-02 -2.343138643806044058e-02 -2.496472856439290594e-04 2.496472856439911842e-04 2.343138643806065222e-02 4.958896845145163018e-02 5.772683956620581341e-02 7.024217509166602591e-02 8.515982944291830559e-02 1.116609359927338285e-01 1.282404152571175182e-01 1.647665379951858688e-01 1.691061161207430552e-01 1.864437016580687834e-01 1.897552566811752384e-01 2.135668811175239212e-01 2.190737975627559397e-01 2.399239623591702397e-01
-2.404615139985096794e-01 -2.168654718536014159e-01 -2.142308579123217704e-01 -1.882109648224567777e-01 -1.856223759895773429e-01 -1.687219024623184127e-01 -1.643596302333598103e-01 -1.282232306050765935e-01 -1.110226423807865043e-01 -8.444491420345906496e-02 -6.915185407483141755e-02 -5.566656881454480621e-02 -4.880744492474001911e-02 -2.339893869413868510e-02 -1.725337414558828799e-04 1.725337414559221551e-04 2.339893869413859143e-02 4.880744492474026197e-02 5.566656881454546540e-02 6.915185407483143143e-02 8.444491420346024457e-02 1.110226423807859769e-01 1.282232306050761217e-01 1.643596302333593107e-01 1.687219024623173302e-01 1.856223759895771208e-01 1.882109648224568887e-01 2.142308579123211598e-01 2.168654718536009163e-01 2.404615139985089578e-01
-2.409985194914921747e-01 -2.151909413368088275e-01 -2.144410013366941092e-01 -1.867045204250011858e-01 -1.847421869686574070e-01 -1.684525941393228976e-01 -1.638859848715725764e-01 -1.280795153058942037e-01 -1.104352878164656521e-01 -8.376913002027859545e-02 -6.817217055972132900e-02 -5.356840154036025120e-02 -4.778432436594333421e-02 -2.334476258576437951e-02 -1.353653815855342232e-04 1.353653815855949114e-04 2.334476258576442115e-02 4.778432436594316768e-02 5.356840154036018181e-02 6.817217055972087103e-02 8.376913002027799870e-02 1.104352878164647639e-01 1.280795153058941482e-01 1.638859848715736034e-01 1.684525941393237858e-01 1.847421869686559359e-01 1.867045204250004087e-01 2.144410013366938872e-01 2.151909413368083279e-01 2.409985194914925355e-01
-2.415052878082621646e-01 -2.159832080809272192e-01 -2.122666403962614468e-01 -1.853074346838667064e-01 -1.837513598605664267e-01 -1.682914582216044341e-01 -1.633352312863418088e-01 -1.278090548622937972e-01 -1.099038750390157193e-01 -8.314415494591771705e-02 -6.727785643832118190e-02 -5.144037318218717958e-02 -4.653379259287696718e-02 -2.326577589449902242e-02 -1.356793256665146023e-04 1.356793256664169157e-04 2.326577589449917854e-02 4.653379259287691860e-02 5.144037318218753346e-02 6.727785643832127904e-02 8.314415494591764766e-02 1.099038750390149977e-01 1.278090548622942413e-01 1.633352312863409483e-01 1.682914582216039068e-01 1.837513598605665655e-01 1.853074346838667619e-01 2.122666403962610027e-01 2.159832080809257759e-01 2.415052878082638299e-01
-2.419520193337442726e-01 -2.169599579223122909e-01 -2.099956701569857254e-01 -1.841170507356402197e-01 -1.825650809613245384e-01 -1.682308557118714631e-01 -1.626976602657428939e-01 -1.274139954771112693e-01 -1.094323701010956329e-01 -8.258035016445761101e-02 -6.643486046509490539e-02 -4.929272650417872159e-02 -4.507899944429358263e-02 -2.315973796223726525e-02 -1.715603977839917442e-04 1.715603977842279377e-04 2.315973796223746300e-02 4.507899944429376998e-02 4.929272650417879098e-02 6.643486046509623766e-02 8.258035016445806897e-02 1.094323701010962019e-01 1.274139954771115746e-01 1.626976602657427273e-01 1.682308557118717129e-01 1.825650809613249548e-01 1.841170507356412189e-01 2.099956701569844764e-01 2.169599579223135399e-01 2.419520193337429681e-01
-2.423077074817082122e-01 -2.180143302514813142e-01 -2.077448809256603746e-01 -1.831306228947846559e-01 -1.811898645051686907e-01 -1.682628869200304134e-01 -1.619646487270845758e-01 -1.268985342312827225e-01 -1.090235265846968699e-01 -8.208551635560053239e-02 -6.560703580517776579e-02 -4.713808221091434630e-02 -4.344679138676130203e-02 -2.302531615854832431e-02 -2.417566520204213047e-04 2.417566520203170044e-04 2.302531615854822369e-02 4.344679138676108693e-02 4.713808221091447120e-02 6.560703580517783517e-02 8.208551635560092097e-02 1.090235265846975221e-01 1.268985342312834719e-01 1.619646487270859081e-01 1.682628869200304966e-01 1.811898645051683299e-01 1.831306228947847392e-01 2.077448809256583206e-01 2.180143302514824521e-01 2.423077074817085175e-01
-2.425391573234945142e-01 -2.191274873089313624e-01 -2.055475416893800533e-01 -1.822500539735059655e-01 -1.797180578940591467e-01 -1.683796360690462401e-01 -1.611294730004710074e-01 -1.262686075328061930e-01 -1.086786887057362427e-01 -8.166379241230480035e-02 -6.476200851695926297e-02 -4.499122035638124933e-02 -4.166359156604004105e-02 -2.286204227854937363e-02 -3.457058466057727074e-04 3.457058466058111966e-04 2.286204227854936322e-02 4.166359156603995084e-02 4.499122035638127015e-02 6.476200851695897154e-02 8.166379241230398156e-02 1.086786887057368117e-01 1.262686075328066648e-01 1.611294730004709241e-01 1.683796360690457128e-01 1.797180578940592577e-01 1.822500539735067149e-01 2.055475416893808582e-01 2.191274873089306963e-01 2.425391573234947362e-01
-2.426101862855380153e-01 -2.202850004440372045e-01 -2.034359976816109972e-01 -1.814079326324735675e-01 -1.782023365312409569e-01 -1.685729472490342939e-01 -1.601883403532806671e-01 -1.255315853849904018e-01 -1.083976073914093424e-01 -8.131502287382263994e-02 -6.387484429629262939e-02 -4.286823176734852470e-02 -3.975374948526976676e-02 -2.267012641651472080e-02 -4.834528364274944239e-04 4.834528364276310876e-04 2.267012641651479019e-02 3.975374948526980146e-02 4.286823176734840674e-02 6.387484429629294858e-02 8.131502287382259830e-02 1.083976073914091065e-01 1.255315853849908181e-01 1.601883403532823325e-01 1.685729472490344882e-01 1.782023365312409846e-01 1.814079326324734842e-01 2.034359976816102200e-01 2.202850004440378151e-01 2.426101862855391533e-01
-2.424813484582507839e-01 -2.214736360107176227e-01 -2.014422924402415882e-01 -1.805768674284478625e-01 -1.766490326202465322e-01 -1.688336514147906753e-01 -1.591412817632292809e-01 -1.246959880306417190e-01 -1.081782907164070273e-01 -8.103481175841588391e-02 -6.292935476097795411e-02 -4.078513777541649399e-02 -3.774025783457322231e-02 -2.245007138760550178e-02 -6.554313797475989738e-04 6.554313797476412577e-04 2.245007138760551912e-02 3.774025783457313904e-02 4.078513777541659113e-02 6.292935476097824554e-02 8.103481175841567574e-02 1.081782907164065555e-01 1.246959880306403867e-01 1.591412817632288368e-01 1.688336514147909528e-01 1.766490326202465044e-01 1.805768674284482234e-01 2.014422924402408666e-01 2.214736360107160962e-01 2.424813484582514500e-01
-2.421110030382733203e-01 -2.226804120532377418e-01 -1.995946629142670847e-01 -1.797534762053179247e-01 -1.750404064040803898e-01 -1.691493028746269833e-01 -1.579926123963957540e-01 -1.237712451487176790e-01 -1.080168964356418154e-01 -8.081524270224309248e-02 -6.191761138586098639e-02 -3.875683910141033972e-02 -3.564654396717020085e-02 -2.220197896356110312e-02 -8.620759225657824648e-04 8.620759225654725999e-04 2.220197896356109965e-02 3.564654396717006901e-02 3.875683910141047156e-02 6.191761138586088925e-02 8.081524270224335615e-02 1.080168964356420375e-01 1.237712451487167076e-01 1.579926123963956708e-01 1.691493028746271221e-01 1.750404064040801955e-01 1.797534762053193402e-01 1.995946629142686390e-01 2.226804120532369091e-01 2.421110030382733203e-01
-2.414590062291144257e-01 -2.238917084679999392e-01 -1.979124902648506934e-01 -1.789514307942653981e-01 -1.733572258863517734e-01 -1.694942852901670238e-01 -1.567508307251070099e-01 -1.227675202564974671e-01 -1.079076581968031606e-01 -8.064601708754860765e-02 -6.083845831081376859e-02 -3.679753317778124144e-02 -3.349790236112890757e-02 -2.192432190195151703e-02 -1.103221054278632736e-03 1.103221054278555107e-03 2.192432190195157948e-02 3.349790236112888675e-02 3.679753317778136634e-02 6.083845831081389349e-02 8.064601708754917664e-02 1.079076581968031190e-01 1.227675202564975782e-01 1.567508307251055666e-01 1.694942852901678287e-01 1.733572258863509130e-01 1.789514307942658422e-01 1.979124902648507767e-01 2.238917084679997171e-01 2.414590062291147310e-01
-2.404940329453597592e-01 -2.250917922234614010e-01 -1.964015844766538732e-01 -1.781951640983340523e-01 -1.716732257502771308e-01 -1.697474547309750226e-01 -1.554280006523846847e-01 -1.216956289226245602e-01 -1.078428169944595921e-01 -8.051567380517284100e-02 -5.969572512098996614e-02 -3.492269025392349957e-02 -3.132267235449535947e-02 -2.161166369594084632e-02 -1.377241394575022581e-03 1.377241394575115171e-03 2.161166369594101633e-02 3.132267235449545661e-02 3.492269025392358978e-02 5.969572512099075717e-02 8.051567380517311856e-02 1.078428169944602721e-01 1.216956289226239635e-01 1.554280006523829916e-01 1.697474547309737458e-01 1.716732257502761316e-01 1.781951640983350793e-01 1.964015844766532626e-01 2.250917922234594859e-01 2.404940329453592873e-01
-2.392041650501535721e-01 -2.262596055834093789e-01 -1.950520156204998690e-01 -1.775111340099169988e-01 -1.709090436324414986e-01 -1.689504980686298563e-01 -1.540387959935307083e-01 -1.205670942904068926e-01 -1.078125029780069716e-01 -8.041262294009587919e-02 -5.849660642117807119e-02 -3.315143994390971904e-02 -2.915547787581405925e-02 -2.125001713420249239e-02 -1.679888717221005934e-03 1.679888717220880817e-03 2.125001713420248198e-02 2.915547787581399333e-02 3.315143994390958027e-02 5.849660642117773812e-02 8.041262294009551836e-02 1.078125029780068883e-01 1.205670942904065596e-01 1.540387959935294593e-01 1.689504980686299396e-01 1.709090436324431639e-01 1.775111340099175816e-01 1.950520156204993971e-01 2.262596055834090458e-01 2.392041650501521843e-01
-2.376106728955932612e-01 -2.273600824580824797e-01 -1.938397000586770669e-01 -1.769199448894856752e-01 -1.712347766668640692e-01 -1.669131426283513020e-01 -1.525994427281488763e-01 -1.193944147596574523e-01 -1.078044742397799849e-01 -8.032586879491213083e-02 -5.725042723054003108e-02 -3.150817745878253806e-02 -2.704715779606019915e-02 -2.080636871999771639e-02 -2.002809794743532629e-03 2.002809794743693524e-03 2.080636871999760884e-02 2.704715779606018874e-02 3.150817745878255888e-02 5.725042723053953148e-02 8.032586879491300513e-02 1.078044742397801375e-01 1.193944147596564948e-01 1.525994427281492372e-01 1.669131426283515518e-01 1.712347766668656235e-01 1.769199448894854532e-01 1.938397000586757901e-01 2.273600824580824242e-01 2.376106728955948155e-01
-2.357970836126052072e-01 -2.283146766354763324e-01 -1.927309644617255235e-01 -1.764329826206992025e-01 -1.717396002522054987e-01 -1.645437046488105182e-01 -1.511267602192785109e-01 -1.181916774982341573e-01 -1.078035583153371113e-01 -8.024542448656662996e-02 -5.596783221221704463e-02 -3.002265275018434904e-02 -2.508972538118814377e-02 -2.020473612116940529e-02 -2.331808087221697197e-03 2.331808087221509413e-03 2.020473612116931508e-02 2.508972538118817153e-02 3.002265275018414434e-02 5.596783221221723892e-02 8.024542448656653282e-02 1.078035583153366395e-01 1.181916774982342544e-01 1.511267602192785386e-01 1.645437046488114619e-01 1.717396002522061371e-01 1.764329826206997021e-01 1.927309644617262729e-01 2.283146766354762491e-01 2.357970836126054848e-01
-2.340253330139182297e-01 -2.288797216060614037e-01 -1.916880217508477313e-01 -1.760533968435090413e-01 -1.722963731201110349e-01 -1.619791744661912281e-01 -1.496374115978782726e-01 -1.169757492943945820e-01 -1.077905467657630928e-01 -8.016248958467357688e-02 -5.466034290139747814e-02 -2.872769592724001494e-02 -2.345202791032123535e-02 -1.929376026489663942e-02 -2.645104129126082775e-03 2.645104129126010784e-03 1.929376026489672616e-02 2.345202791032124576e-02 2.872769592723998719e-02 5.466034290139757529e-02 8.016248958467350749e-02 1.077905467657631761e-01 1.169757492943937216e-01 1.496374115978786890e-01 1.619791744661909505e-01 1.722963731201103688e-01 1.760533968435095131e-01 1.916880217508475370e-01 2.288797216060615147e-01 2.340253330139196453e-01
-2.330297289383542747e-01 -2.283449717751933061e-01 -1.906735596358484497e-01 -1.757789450995506930e-01 -1.728783878743361258e-01 -1.592619400934387197e-01 -1.481473772088548468e-01 -1.157683938142232971e-01 -1.077401813338993014e-01 -8.006947864612827537e-02 -5.334020025701080581e-02 -2.765356559310566675e-02 -2.230975557936076825e-02 -1.792265830330596124e-02 -2.912234720659848727e-03 2.912234720659809262e-03 1.792265830330590573e-02 2.230975557936073356e-02 2.765356559310562512e-02 5.334020025701043111e-02 8.006947864612809496e-02 1.077401813338987324e-01 1.157683938142237690e-01 1.481473772088539587e-01 1.592619400934381924e-01 1.728783878743370139e-01 1.757789450995516645e-01 1.906735596358463680e-01 2.283449717751927510e-01 2.330297289383541637e-01
-2.331802722179300291e-01 -2.263634029793148150e-01 -1.896537359491132779e-01 -1.756049101822932945e-01 -1.734718403687512955e-01 -1.564221058540781750e-01 -1.466715959270514236e-01 -1.145995947368507878e-01 -1.076179468510583548e-01 -7.995997447630005805e-02 -5.202041896323355424e-02 -2.681950699461886634e-02 -2.163371845734826313e-02 -1.615990934387363104e-02 -3.094811146625648952e-03 3.094811146625572190e-03 1.615990934387358247e-02 2.163371845734812782e-02 2.681950699461869980e-02 5.202041896323367914e-02 7.995997447630007193e-02 1.076179468510575221e-01 1.145995947368513707e-01 1.466715959270513958e-01 1.564221058540791465e-01 1.734718403687507959e-01 1.756049101822932113e-01 1.896537359491142494e-01 2.263634029793152869e-01 2.331802722179295573e-01
-2.337748762024953464e-01 -2.236535862527408991e-01 -1.885997585802918208e-01 -1.755271403913263584e-01 -1.740640668620092868e-01 -1.534852007206122249e-01 -1.452236752913918516e-01 -1.135111849914117454e-01 -1.073765719962380544e-01 -7.982865544200987151e-02 -5.071500055032547583e-02 -2.622708049835916280e-02 -2.128626848091918697e-02 -1.419870627844936790e-02 -3.150736935268900855e-03 3.150736935268998000e-03 1.419870627844938525e-02 2.128626848091939167e-02 2.622708049835913852e-02 5.071500055032545501e-02 7.982865544201037111e-02 1.073765719962389564e-01 1.135111849914121757e-01 1.452236752913925177e-01 1.534852007206127800e-01 1.740640668620097309e-01 1.755271403913263861e-01 1.885997585802906273e-01 2.236535862527408713e-01 2.337748762024964844e-01
-2.344151020830542442e-01 -2.206196160108442605e-01 -1.874885694786844748e-01 -1.755485140144785738e-01 -1.746355542673538874e-01 -1.504735816647309321e-01 -1.438155065768379759e-01 -1.125554240526190353e-01 -1.069576019221186725e-01 -7.967122264487476457e-02 -4.943927005448672807e-02 -2.586153982862209044e-02 -2.120121644640265979e-02 -1.216691227235646745e-02 -3.042549595931776010e-03 3.042549595931741749e-03 1.216691227235656807e-02 2.120121644640259040e-02 2.586153982862197942e-02 4.943927005448647133e-02 7.967122264487487560e-02 1.069576019221184088e-01 1.125554240526186883e-01 1.438155065768385588e-01 1.504735816647317370e-01 1.746355542673543038e-01 1.755485140144794898e-01 1.874885694786843360e-01 2.206196160108450932e-01 2.344151020830534116e-01
-2.349560842345493894e-01 -2.173969674530046026e-01 -1.863031654630839251e-01 -1.757036544238988751e-01 -1.751345679401860034e-01 -1.474077449547290808e-01 -1.424563372643030124e-01 -1.117772683257112626e-01 -1.063093051134834793e-01 -7.948433487743455927e-02 -4.821030696140341659e-02 -2.570214504615218193e-02 -2.136176622595422486e-02 -1.012865963865007372e-02 -2.747341704769307082e-03 2.747341704769392517e-03 1.012865963865014311e-02 2.136176622595430813e-02 2.570214504615231030e-02 4.821030696140343741e-02 7.948433487743354620e-02 1.063093051134831879e-01 1.117772683257106103e-01 1.424563372643042336e-01 1.474077449547299967e-01 1.751345679401850042e-01 1.757036544238995968e-01 1.863031654630841749e-01 2.173969674530061291e-01 2.349560842345500833e-01
-2.353072051099754369e-01 -2.140465587529997715e-01 -1.850330941268617801e-01 -1.760665715079736959e-01 -1.754685404497536849e-01 -1.443105230933186545e-01 -1.411489430595306294e-01 -1.111827132489311698e-01 -1.054185408792803064e-01 -7.926554798305347760e-02 -4.704742768926825636e-02 -2.573635656898458010e-02 -2.174475034371231921e-02 -8.120428464766134280e-03 -2.262206798027904288e-03 2.262206798027963268e-03 8.120428464766255711e-03 2.174475034371230880e-02 2.573635656898468071e-02 4.704742768926823554e-02 7.926554798305385230e-02 1.054185408792798345e-01 1.111827132489316278e-01 1.411489430595299910e-01 1.443105230933184324e-01 1.754685404497538515e-01 1.760665715079751115e-01 1.850330941268636675e-01 2.140465587530004099e-01 2.353072051099748263e-01
-2.353748427517698416e-01 -2.106046963121634141e-01 -1.836760206734255607e-01 -1.765552422861750848e-01 -1.756973038879432181e-01 -1.412424352204795230e-01 -1.398546317065642031e-01 -1.107301659498996227e-01 -1.043196277571957487e-01 -7.901324999482846334e-02 -4.597263334016581104e-02 -2.597400542194278072e-02 -2.229086349214770904e-02 -6.171145838034903033e-03 -1.600056182738122902e-03 1.600056182738191423e-03 6.171145838034874410e-03 2.229086349214776455e-02 2.597400542194259337e-02 4.597263334016569308e-02 7.901324999482813027e-02 1.043196277571963315e-01 1.107301659498998170e-01 1.398546317065636757e-01 1.412424352204792177e-01 1.756973038879434124e-01 1.765552422861757231e-01 1.836760206734250611e-01 2.106046963121628035e-01 2.353748427517706465e-01
-2.350408103224228828e-01 -2.070969362805809566e-01 -1.822429270176962879e-01 -1.770562303597806031e-01 -1.759025477415796512e-01 -1.389959825025989804e-01 -1.377992510411918670e-01 -1.103587637340854299e-01 -1.030662884114192379e-01 -7.872658325136151769e-02 -4.501085138576499389e-02 -2.645629805287509628e-02 -2.289710762448476586e-02 -4.315779848978681249e-03 -7.763365917195917025e-04 7.763365917195819447e-04 4.315779848978638748e-03 2.289710762448477627e-02 2.645629805287507200e-02 4.501085138576483430e-02 7.872658325136074053e-02 1.030662884114206534e-01 1.103587637340840699e-01 1.377992510411925609e-01 1.389959825025986750e-01 1.759025477415792349e-01 1.770562303597799925e-01 1.822429270176957328e-01 2.070969362805811786e-01 2.350408103224211065e-01
-2.330327057356098297e-01 -2.035430899927398452e-01 -1.807768426850507870e-01 -1.775294114826152791e-01 -1.760635565895475596e-01 -1.378320579824286185e-01 -1.347370285657912281e-01 -1.100155367948369156e-01 -1.017047549919407601e-01 -7.840534841866482474e-02 -4.418967496374436033e-02 -2.723729816063734377e-02 -2.344235642221718929e-02 -2.614075502054738487e-03 -2.035316372448234918e-04 2.035316372447758683e-04 2.614075502054859484e-03 2.344235642221715460e-02 2.723729816063735071e-02 4.418967496374438808e-02 7.840534841866440841e-02 1.017047549919406491e-01 1.100155367948371099e-01 1.347370285657908118e-01 1.378320579824273417e-01 1.760635565895477261e-01 1.775294114826148073e-01 1.807768426850500931e-01 2.035430899927396509e-01 2.330327057356089138e-01
-2.287089229303229942e-01 -1.999595384430924994e-01 -1.794280967795053305e-01 -1.779480986060821557e-01 -1.760409412919822225e-01 -1.368293226354475589e-01 -1.316014100674235132e-01 -1.096625956260569579e-01 -1.002668306931154135e-01 -7.804989164113114442e-02 -4.353818984472269255e-02 -2.832781423486881514e-02 -2.385004397293064363e-02 -1.578248266476130852e-03 -9.224449484464546404e-04 9.224449484465225115e-04 1.578248266476057560e-03 2.385004397293078240e-02 2.832781423486887065e-02 4.353818984472238030e-02 7.804989164113140809e-02 1.002668306931150666e-01 1.096625956260571660e-01 1.316014100674231246e-01 1.368293226354462266e-01 1.760409412919825556e-01 1.779480986060825165e-01 1.794280967795048587e-01 1.999595384430918887e-01 2.287089229303225224e-01
-2.243722646240224883e-01 -1.963605517367835729e-01 -1.786692339151687847e-01 -1.782170257672498481e-01 -1.754427268541782770e-01 -1.359194242682554565e-01 -1.284700447595892581e-01 -1.092742950522566647e-01 -9.877293049686157456e-02 -7.766098334370000189e-02 -4.308452689701366967e-02 -2.967587166839677840e-02 -2.411268107497033936e-02 -2.840421338333733951e-03 -2.139526036997742536e-04 2.139526036996164751e-04 2.840421338333649383e-03 2.411268107496989180e-02 2.967587166839668819e-02 4.308452689701339211e-02 7.766098334369971046e-02 9.877293049686192150e-02 1.092742950522571088e-01 1.284700447595887030e-01 1.359194242682535136e-01 1.754427268541787766e-01 1.782170257672500702e-01 1.786692339151691455e-01 1.963605517367836006e-01 2.243722646240209617e-01
-2.200465595159724619e-01 -1.927592007805444263e-01 -1.787762220149665682e-01 -1.782669919206879561e-01 -1.740472727393711783e-01 -1.350902088077861052e-01 -1.253617826165669136e-01 -1.088331850242421489e-01 -9.723627102541713974e-02 -7.723970381579094158e-02 -4.285221183524288296e-02 -3.120963296841320830e-02 -2.425317402318060908e-02 -4.341689164997811559e-03 -1.262800236180715513e-03 1.262800236180615116e-03 4.341689164997918245e-03 2.425317402318044949e-02 3.120963296841323606e-02 4.285221183524345889e-02 7.723970381578994238e-02 9.723627102541736178e-02 1.088331850242421489e-01 1.253617826165681626e-01 1.350902088077861052e-01 1.740472727393701513e-01 1.782669919206875397e-01 1.787762220149655967e-01 1.927592007805442320e-01 2.200465595159722121e-01
-2.157492760284326627e-01 -1.891681993983078403e-01 -1.789931529454164283e-01 -1.784855239316340270e-01 -1.722062062107283797e-01 -1.343330348590834888e-01 -1.222895702307084942e-01 -1.083271261482278008e-01 -9.566582393084048508e-02 -7.678735492174516841e-02 -4.285625374522573222e-02 -3.286830741584266524e-02 -2.429768038429706151e-02 -5.883485181885494443e-03 -2.186827438248841859e-03 2.186827438248739076e-03 5.883485181885419850e-03 2.429768038429721763e-02 3.286830741584279708e-02 4.285625374522558650e-02 7.678735492174530719e-02 9.566582393084102631e-02 1.083271261482282449e-01 1.222895702307085219e-01 1.343330348590832113e-01 1.722062062107282410e-01 1.784855239316333331e-01 1.789931529454164283e-01 1.891681993983083954e-01 2.157492760284303035e-01
-2.114988059801128362e-01 -1.856014612645442985e-01 -1.791352807457120833e-01 -1.788056363048410591e-01 -1.701494855898167680e-01 -1.336380118482649038e-01 -1.192653987688349904e-01 -1.077475352260685165e-01 -9.406807945810030658e-02 -7.630541746908842127e-02 -4.310070754858073144e-02 -3.460480762926340659e-02 -2.427527490651350955e-02 -7.395347752534240683e-03 -3.027099919839898370e-03 3.027099919839573543e-03 7.395347752534185172e-03 2.427527490651312098e-02 3.460480762926321230e-02 4.310070754858064818e-02 7.630541746908760248e-02 9.406807945809950167e-02 1.077475352260682112e-01 1.192653987688354206e-01 1.336380118482639323e-01 1.701494855898184888e-01 1.788056363048400044e-01 1.791352807457113616e-01 1.856014612645448814e-01 2.114988059801130305e-01
-2.073190760357161155e-01 -1.820843992253793620e-01 -1.792187267345459467e-01 -1.790932242156327847e-01 -1.679552294067344076e-01 -1.329929931125744258e-01 -1.163014207949163853e-01 -1.070883586535073262e-01 -9.244806124176897788e-02 -7.579556827907732441e-02 -4.357924848230599474e-02 -3.638010799993635080e-02 -2.422315430402532943e-02 -8.831267615947364577e-03 -3.808882922050063017e-03 3.808882922050134574e-03 8.831267615947392333e-03 2.422315430402524616e-02 3.638010799993603855e-02 4.357924848230575188e-02 7.579556827907733829e-02 9.244806124176858930e-02 1.070883586535081172e-01 1.163014207949157885e-01 1.329929931125740095e-01 1.679552294067343798e-01 1.790932242156322574e-01 1.792187267345457802e-01 1.820843992253786681e-01 2.073190760357155049e-01
-2.032452558407987497e-01 -1.796986381463528681e-01 -1.790133433866445412e-01 -1.784379729545339521e-01 -1.656563677524941491e-01 -1.323831813745238450e-01 -1.134103009718276378e-01 -1.063454694185594074e-01 -9.080997100268457800e-02 -7.525975795565888193e-02 -4.427883622437465277e-02 -3.815784802424262295e-02 -2.418838618389347953e-02 -1.015282042329140530e-02 -4.549326878580320713e-03 4.549326878580289488e-03 1.015282042329150765e-02 2.418838618389329218e-02 3.815784802424285888e-02 4.427883622437477767e-02 7.525975795565847948e-02 9.080997100268442535e-02 1.063454694185592131e-01 1.134103009718284011e-01 1.323831813745245112e-01 1.656563677524944267e-01 1.784379729545339521e-01 1.790133433866444856e-01 1.796986381463528681e-01 2.032452558407991661e-01
-1.993324645773322801e-01 -1.800041110695372037e-01 -1.786500034068480569e-01 -1.750833954966934114e-01 -1.632729202846099348e-01 -1.317908066013316892e-01 -1.106052421545788284e-01 -1.055163050927748342e-01 -8.915776500003726179e-02 -7.470032745004105690e-02 -4.518466453205248479e-02 -3.990057132069598639e-02 -2.422540219484896687e-02 -1.132209599135309587e-02 -5.262383016388129386e-03 5.262383016388152805e-03 1.132209599135305250e-02 2.422540219484897381e-02 3.990057132069568108e-02 4.518466453205265826e-02 7.470032745004141772e-02 8.915776500003756710e-02 1.055163050927746538e-01 1.106052421545792308e-01 1.317908066013320223e-01 1.632729202846099625e-01 1.750833954966930506e-01 1.786500034068472798e-01 1.800041110695371205e-01 1.993324645773325021e-01
-1.956682137781483588e-01 -1.803523694770817476e-01 -1.779878579998335209e-01 -1.717242380441462990e-01 -1.608216384275661381e-01 -1.311947266061433970e-01 -1.078997355902582000e-01 -1.045996395685515890e-01 -8.749593843364705803e-02 -7.412010658728306056e-02 -4.628306597124687283e-02 -4.156878541530968640e-02 -2.438921495475338333e-02 -1.230226405486576496e-02 -5.960410163444230559e-03 5.960410163444273927e-03 1.230226405486576843e-02 2.438921495475333129e-02 4.156878541530979743e-02 4.628306597124673405e-02 7.412010658728314383e-02 8.749593843364709966e-02 1.045996395685517416e-01 1.078997355902582417e-01 1.311947266061428974e-01 1.608216384275662492e-01 1.717242380441463545e-01 1.779878579998340205e-01 1.803523694770825803e-01 1.956682137781501352e-01
-1.923823229765952714e-01 -1.806638140932180780e-01 -1.768885258901665147e-01 -1.684408539870727306e-01 -1.583197973354168453e-01 -1.305699199835240742e-01 -1.053070366454559037e-01 -1.035953866887941999e-01 -8.583080204922738377e-02 -7.352239139927094214e-02 -4.755853587628158102e-02 -4.312525703448653880e-02 -2.472400717273241094e-02 -1.306513557525291677e-02 -6.654249777822835756e-03 6.654249777822679630e-03 1.306513557525307984e-02 2.472400717273254625e-02 4.312525703448639308e-02 4.755853587628167817e-02 7.352239139927163603e-02 8.583080204922804990e-02 1.035953866887945607e-01 1.053070366454563200e-01 1.305699199835231306e-01 1.583197973354164845e-01 1.684408539870713706e-01 1.768885258901663482e-01 1.806638140932174952e-01 1.923823229765934673e-01
-1.896277518297581344e-01 -1.809050490097919850e-01 -1.752024196693855174e-01 -1.652511507253088818e-01 -1.557870523580211775e-01 -1.298869482079020587e-01 -1.028407779944001121e-01 -1.025029551542312178e-01 -8.417253783063129158e-02 -7.291065227008490524e-02 -4.898489851113323190e-02 -4.454407460611770064e-02 -2.525000271442552624e-02 -1.360217284648108059e-02 -7.352723910562714016e-03 7.352723910562680189e-03 1.360217284648105457e-02 2.525000271442548114e-02 4.454407460611774228e-02 4.898489851113328047e-02 7.291065227008457217e-02 8.417253783063129158e-02 1.025029551542318978e-01 1.028407779944003342e-01 1.298869482079022808e-01 1.557870523580214273e-01 1.652511507253095480e-01 1.752024196693863223e-01 1.809050490097913466e-01 1.896277518297575515e-01
-1.875024498399699424e-01 -1.810261891868392148e-01 -1.728449241692109062e-01 -1.621703787667279628e-01 -1.532460305681255242e-01 -1.291116379275271120e-01 -1.013326283758356344e-01 -1.005022690978461947e-01 -8.253825254891482277e-02 -7.228783601433541595e-02 -5.051940280923752219e-02 -4.581575110649088040e-02 -2.595693081683842288e-02 -1.393008003630077582e-02 -8.062006882902195831e-03 8.062006882902209709e-03 1.393008003630107766e-02 2.595693081683835349e-02 4.581575110649113713e-02 5.051940280923758464e-02 7.228783601433459716e-02 8.253825254891403174e-02 1.005022690978467359e-01 1.013326283758350654e-01 1.291116379275270010e-01 1.532460305681253854e-01 1.621703787667266861e-01 1.728449241692116833e-01 1.810261891868393536e-01 1.875024498399702755e-01
-1.859810426630154612e-01 -1.809364428306139971e-01 -1.698766756932839628e-01 -1.592149933297968001e-01 -1.507212352382642506e-01 -1.282055123784817674e-01 -1.000774708371478250e-01 -9.830714591414795034e-02 -8.095597150785492635e-02 -7.165537024186995063e-02 -5.210712249925833484e-02 -4.694107133877716692e-02 -2.681007245602039929e-02 -1.408455318045886973e-02 -8.785088946603515983e-03 8.785088946603625271e-03 1.408455318045891830e-02 2.681007245602046174e-02 4.694107133877704896e-02 5.210712249925814749e-02 7.165537024187042248e-02 8.095597150785546758e-02 9.830714591414844994e-02 1.000774708371474087e-01 1.282055123784817952e-01 1.507212352382640008e-01 1.592149933297968556e-01 1.698766756932828248e-01 1.809364428306133865e-01 1.859810426630145175e-01
-1.849676032596219433e-01 -1.804779335244807159e-01 -1.664592115297053032e-01 -1.564049407105397305e-01 -1.482354733528171986e-01 -1.271278199645684559e-01 -9.874710467935049474e-02 -9.625033596365985267e-02 -7.946869366851459782e-02 -7.101293182096010681e-02 -5.368821485730373988e-02 -4.792087156418910199e-02 -2.776388501632011396e-02 -1.410691463494502702e-02 -9.521429829880303022e-03 9.521429829880393228e-03 1.410691463494512243e-02 2.776388501632005845e-02 4.792087156418928934e-02 5.368821485730352477e-02 7.101293182096038437e-02 7.946869366851566641e-02 9.625033596365985267e-02 9.874710467935007840e-02 1.271278199645685947e-01 1.482354733528164492e-01 1.564049407105403688e-01 1.664592115297062469e-01 1.804779335244809380e-01 1.849676032596209163e-01
-1.843512118672446243e-01 -1.794514650626195806e-01 -1.627522208031571271e-01 -1.537657576770368739e-01 -1.458035153108346305e-01 -1.258400509391308653e-01 -9.734740607155438485e-02 -9.432564760363458534e-02 -7.813565285980157704e-02 -7.036252227983615104e-02 -5.519743583337182596e-02 -4.875144258751339804e-02 -2.877347822214710790e-02 -1.403320045846698574e-02 -1.026681837416784301e-02 1.026681837416790199e-02 1.403320045846698748e-02 2.877347822214698994e-02 4.875144258751320375e-02 5.519743583337203413e-02 7.036252227983606777e-02 7.813565285980200725e-02 9.432564760363372491e-02 9.734740607155427383e-02 1.258400509391310318e-01 1.458035153108346305e-01 1.537657576770374013e-01 1.627522208031578765e-01 1.794514650626194974e-01 1.843512118672440137e-01
-1.839557123447281284e-01 -1.777207183902886622e-01 -1.588690671296304757e-01 -1.513289478225145757e-01 -1.434247362475532250e-01 -1.243129871880725434e-01 -9.588629448388152898e-02 -9.252005445273354944e-02 -7.702506237948272827e-02 -6.972398690037723279e-02 -5.655392950105588012e-02 -4.942593538182950275e-02 -2.979989248793119688e-02 -1.388968226496998734e-02 -1.101337419363985701e-02 1.101337419363976160e-02 1.388968226496976530e-02 2.979989248793115178e-02 4.942593538182934315e-02 5.655392950105606054e-02 6.972398690037748259e-02 7.702506237948249235e-02 9.252005445273346618e-02 9.588629448388151510e-02 1.243129871880727239e-01 1.434247362475532250e-01 1.513289478225157692e-01 1.588690671296310586e-01 1.777207183902888843e-01 1.839557123447278508e-01
-1.834911482011182260e-01 -1.753019970799363225e-01 -1.548814932300766889e-01 -1.491274681395781676e-01 -1.410797964859875353e-01 -1.225343303534747602e-01 -9.437391710829953761e-02 -9.081437706569196744e-02 -7.619402478222242481e-02 -6.916606683381787413e-02 -5.764525240186784555e-02 -4.993803463589176206e-02 -3.081080346965952774e-02 -1.369332117743155344e-02 -1.174944055951196095e-02 1.174944055951191585e-02 1.369332117743161242e-02 3.081080346965977060e-02 4.993803463589163716e-02 5.764525240186841454e-02 6.916606683381823495e-02 7.619402478222250807e-02 9.081437706569232826e-02 9.437391710829955149e-02 1.225343303534745243e-01 1.410797964859878406e-01 1.491274681395791946e-01 1.548814932300752456e-01 1.753019970799371829e-01 1.834911482011184758e-01
-1.825817539697169589e-01 -1.723698850587895293e-01 -1.508354831652537476e-01 -1.471835306360279871e-01 -1.387371294003072464e-01 -1.205131675083933179e-01 -9.282320516967577928e-02 -8.918417106441134390e-02 -7.566470889531619337e-02 -6.882942686133489141e-02 -5.832302986755156377e-02 -5.028513681850849126e-02 -3.177931993603554800e-02 -1.345613706873763013e-02 -1.245760660491595020e-02 1.245760660491590684e-02 1.345613706873758156e-02 3.177931993603533983e-02 5.028513681850779737e-02 5.832302986755182744e-02 6.882942686133509957e-02 7.566470889531624888e-02 8.918417106441087205e-02 9.282320516967552948e-02 1.205131675083937343e-01 1.387371294003071909e-01 1.471835306360277928e-01 1.508354831652548578e-01 1.723698850587900011e-01 1.825817539697184300e-01
-1.814025573323609086e-01 -1.691312167091212348e-01 -1.467773093481578028e-01 -1.454800476780387375e-01 -1.363678132608303895e-01 -1.182784943701389729e-01 -9.125047913901267183e-02 -8.760087994318090099e-02 -7.541738323929832177e-02 -6.887578869818521132e-02 -5.845726921427648465e-02 -5.046948766447881263e-02 -3.268247940610996549e-02 -1.327076578544938990e-02 -1.303191398132984812e-02 1.303191398132964689e-02 1.327076578544939510e-02 3.268247940610981284e-02 5.046948766447930529e-02 5.845726921427610995e-02 6.887578869818543337e-02 7.541738323929829402e-02 8.760087994318099813e-02 9.125047913901265795e-02 1.182784943701395697e-01 1.363678132608295013e-01 1.454800476780369334e-01 1.467773093481576085e-01 1.691312167091214569e-01 1.814025573323605200e-01
-1.801552072429001561e-01 -1.657331052267284333e-01 -1.441119731129086035e-01 -1.426027074807384165e-01 -1.339577102696884459e-01 -1.158727495283168735e-01 -8.967572888545558008e-02 -8.603353449738615488e-02 -7.540405328469883262e-02 -6.935760201713690731e-02 -5.805193364002331213e-02 -5.049649395206053798e-02 -3.350007532000049554e-02 -1.377990318129426392e-02 -1.281091151137993267e-02 1.281091151137998818e-02 1.377990318129424137e-02 3.350007532000072452e-02 5.049649395206055186e-02 5.805193364002272927e-02 6.935760201713686568e-02 7.540405328469812485e-02 8.603353449738591896e-02 8.967572888545573273e-02 1.158727495283164988e-01 1.339577102696899724e-01 1.426027074807381667e-01 1.441119731129083537e-01 1.657331052267280447e-01 1.801552072429011553e-01
-1.788215126103188668e-01 -1.622666900916147070e-01 -1.428281922043606045e-01 -1.385245641475152112e-01 -1.315083549302451249e-01 -1.133441308075687493e-01 -8.812199023938457887e-02 -8.445189837863568971e-02 -7.556528579764301701e-02 -7.017813885746740366e-02 -5.726870354133915819e-02 -5.037037697073745018e-02 -3.421398192364753094e-02 -1.431120938643105391e-02 -1.244488128174163662e-02 1.244488128174158804e-02 1.431120938643104176e-02 3.421398192364776686e-02 5.037037697073757508e-02 5.726870354133926228e-02 7.017813885746752856e-02 7.556528579764328069e-02 8.445189837863557869e-02 8.812199023938516174e-02 1.133441308075675280e-01 1.315083549302447918e-01 1.385245641475146283e-01 1.428281922043600494e-01 1.622666900916133192e-01 1.788215126103182284e-01
-1.773401028181232630e-01 -1.587941130275606627e-01 -1.416787477967684783e-01 -1.344386903049649140e-01 -1.290297868403058046e-01 -1.107409068237158734e-01 -8.661382568599686194e-02 -8.283221830696577137e-02 -7.583810522243142338e-02 -7.119110595365872596e-02 -5.631877769611230711e-02 -5.008904961134404837e-02 -3.480797621912099654e-02 -1.474733442272626455e-02 -1.202768593577654629e-02 1.202768593577660181e-02 1.474733442272624893e-02 3.480797621912130185e-02 5.008904961134453410e-02 5.631877769611254303e-02 7.119110595365911454e-02 7.583810522243107644e-02 8.283221830696566035e-02 8.661382568599683418e-02 1.107409068237156374e-01 1.290297868403059711e-01 1.344386903049645532e-01 1.416787477967690612e-01 1.587941130275611623e-01 1.773401028181226247e-01
-1.756350332970304240e-01 -1.553693114730297642e-01 -1.405748495949220023e-01 -1.303728128863142210e-01 -1.265317265090036558e-01 -1.081086332994366933e-01 -8.517754080911203729e-02 -8.116630934371418804e-02 -7.615437469379378321e-02 -7.227320179530859201e-02 -5.538127466211527350e-02 -4.964337090493057408e-02 -3.526799566652445012e-02 -1.506326222745760397e-02 -1.156121424953784026e-02 1.156121424953758872e-02 1.506326222745753805e-02 3.526799566652431828e-02 4.964337090493057408e-02 5.538127466211521799e-02 7.227320179530878630e-02 7.615437469379435220e-02 8.116630934371411865e-02 8.517754080911209280e-02 1.081086332994370958e-01 1.265317265090032672e-01 1.303728128863138325e-01 1.405748495949210308e-01 1.553693114730295977e-01 1.756350332970309791e-01
-1.736193341230407861e-01 -1.520538593909321334e-01 -1.394299441180655574e-01 -1.263540269947170391e-01 -1.240094937924601098e-01 -1.054895629026250253e-01 -8.384974371274665772e-02 -7.947834210953576284e-02 -7.643049591048815816e-02 -7.331797722799812678e-02 -5.458030136631685653e-02 -4.902855293573493700e-02 -3.558272580827925163e-02 -1.523808195094759899e-02 -1.104547355824001854e-02 1.104547355824006191e-02 1.523808195094755041e-02 3.558272580827896020e-02 4.902855293573491618e-02 5.458030136631638468e-02 7.331797722799746064e-02 7.643049591048788061e-02 7.947834210953579059e-02 8.384974371274611649e-02 1.054895629026252196e-01 1.240094937924599711e-01 1.263540269947170946e-01 1.394299441180657240e-01 1.520538593909317449e-01 1.736193341230411746e-01
-1.712128677068892324e-01 -1.489313723588812921e-01 -1.381384431972429716e-01 -1.225105753668404712e-01 -1.213535483594461867e-01 -1.029231512928680536e-01 -8.270056102740053205e-02 -7.789047712939457802e-02 -7.655135226388375125e-02 -7.414938250037833578e-02 -5.397485546168576814e-02 -4.826494463197539969e-02 -3.574436931139794715e-02 -1.525427582608716512e-02 -1.048131260215423924e-02 1.048131260215422710e-02 1.525427582608719114e-02 3.574436931139776674e-02 4.826494463197531642e-02 5.397485546168576120e-02 7.414938250037894640e-02 7.655135226388405656e-02 7.789047712939468904e-02 8.270056102740080961e-02 1.029231512928679981e-01 1.213535483594466308e-01 1.225105753668396524e-01 1.381384431972430271e-01 1.489313723588810146e-01 1.712128677068887050e-01
-1.683778475410144804e-01 -1.461136454047398114e-01 -1.365697476961495738e-01 -1.194531321874452989e-01 -1.179697390546818464e-01 -1.004468183983708296e-01 -8.185379434378395325e-02 -7.694545458037591046e-02 -7.637405344825994036e-02 -7.416287443478807029e-02 -5.356317503866993984e-02 -4.740307604186708157e-02 -3.574942267828454950e-02 -1.509929487532959969e-02 -9.870925195678817779e-03 9.870925195678897576e-03 1.509929487532951121e-02 3.574942267828450093e-02 4.740307604186712320e-02 5.356317503866991209e-02 7.416287443478830621e-02 7.637405344826013465e-02 7.694545458037568841e-02 8.185379434378393937e-02 1.004468183983711904e-01 1.179697390546812774e-01 1.194531321874451740e-01 1.365697476961485468e-01 1.461136454047409494e-01 1.683778475410155906e-01
-1.651413129409744773e-01 -1.437088513127927625e-01 -1.345993240714776218e-01 -1.169447808176009296e-01 -1.141105367882687127e-01 -9.809651418471458661e-02 -8.141669733903435235e-02 -7.723146723828216986e-02 -7.562957848009421724e-02 -7.286103512324647313e-02 -5.331057522743191252e-02 -4.650130016013078599e-02 -3.559926764093820917e-02 -1.476735239262845154e-02 -9.217941996105391209e-03 9.217941996105412025e-03 1.476735239262849490e-02 3.559926764093875734e-02 4.650130016013073048e-02 5.331057522743275212e-02 7.286103512324625109e-02 7.562957848009417561e-02 7.723146723828201721e-02 8.141669733903451889e-02 9.809651418471401763e-02 1.141105367882681021e-01 1.169447808176017622e-01 1.345993240714781214e-01 1.437088513127924294e-01 1.651413129409748659e-01
-1.615779479748000735e-01 -1.417379520777165280e-01 -1.321908318768222901e-01 -1.145547289376214611e-01 -1.102227820287355331e-01 -9.590699011425075915e-02 -8.133666595097070739e-02 -7.783719794914438495e-02 -7.441504385509579989e-02 -7.104421914516416414e-02 -5.317740904819198700e-02 -4.560137628077196026e-02 -3.530032838413455637e-02 -1.426080678183418507e-02 -8.527347006368391283e-03 8.527347006368502305e-03 1.426080678183424232e-02 3.530032838413413310e-02 4.560137628077216149e-02 5.317740904819173026e-02 7.104421914516455272e-02 7.441504385509571662e-02 7.783719794914399637e-02 8.133666595097023555e-02 9.590699011425003750e-02 1.102227820287356580e-01 1.145547289376204619e-01 1.321908318768222901e-01 1.417379520777168056e-01 1.615779479748011005e-01
-1.577761427291965168e-01 -1.400972347491312997e-01 -1.294312421341623776e-01 -1.122294171532119966e-01 -1.063787667390720532e-01 -9.391187060953903876e-02 -8.145475412240002488e-02 -7.835742225790576221e-02 -7.285802880501315859e-02 -6.908267899197746698e-02 -5.313081660339787765e-02 -4.472024239434391202e-02 -3.486350003114510598e-02 -1.359070743364822198e-02 -7.805291656703104014e-03 7.805291656703102279e-03 1.359070743364823759e-02 3.486350003114559865e-02 4.472024239434431447e-02 5.313081660339796786e-02 6.908267899197731432e-02 7.285802880501295042e-02 7.835742225790598425e-02 8.145475412240056612e-02 9.391187060953888610e-02 1.063787667390722058e-01 1.122294171532120660e-01 1.294312421341619890e-01 1.400972347491316050e-01 1.577761427291949348e-01
-1.538197490292550484e-01 -1.386294097510611389e-01 -1.264556116505314853e-01 -1.099613838556033618e-01 -1.026113179819663629e-01 -9.214325181379925955e-02 -8.163660325719362953e-02 -7.866611177391866216e-02 -7.106231034420247561e-02 -6.706190330678148126e-02 -5.314556784852923765e-02 -4.385363354749995113e-02 -3.430271801811989041e-02 -1.277635645361317046e-02 -7.058848904809516753e-03 7.058848904809297310e-03 1.277635645361297097e-02 3.430271801811948795e-02 4.385363354749972908e-02 5.314556784852883520e-02 6.706190330678239719e-02 7.106231034420226744e-02 7.866611177391873155e-02 8.163660325719374056e-02 9.214325181379930119e-02 1.026113179819669874e-01 1.099613838556040002e-01 1.264556116505301531e-01 1.386294097510610279e-01 1.538197490292553538e-01
-1.497908968268703012e-01 -1.371875737902135683e-01 -1.233748337295817593e-01 -1.077499319198431393e-01 -9.896119760613376892e-02 -9.062907440026420069e-02 -8.177919664532611044e-02 -7.868840752462741284e-02 -6.909382408023773126e-02 -6.501176130844137091e-02 -5.320155953395518805e-02 -4.298376237602963279e-02 -3.363297703442234832e-02 -1.184410707828107909e-02 -6.295744750791909365e-03 6.295744750792092378e-03 1.184410707828115715e-02 3.363297703442248709e-02 4.298376237602991728e-02 5.320155953395543091e-02 6.501176130844139867e-02 6.909382408023791167e-02 7.868840752462764876e-02 8.177919664532561084e-02 9.062907440026420069e-02 9.896119760613318606e-02 1.077499319198438610e-01 1.233748337295813846e-01 1.371875737902129022e-01 1.497908968268704122e-01
-1.457899464749647933e-01 -1.356306756776253786e-01 -1.202621712026329392e-01 -1.055954697946105414e-01 -9.550019498760445313e-02 -8.938494383565709356e-02 -8.176589625718655441e-02 -7.837807039376405716e-02 -6.699752715597119546e-02 -6.294793391186073728e-02 -5.328076725184065221e-02 -4.208706831936142451e-02 -3.286847050194677267e-02 -1.082590455384638967e-02 -5.524115181419752933e-03 5.524115181419766811e-03 1.082590455384653712e-02 3.286847050194709879e-02 4.208706831936136206e-02 5.328076725184071466e-02 6.294793391186026543e-02 6.699752715597115382e-02 7.837807039376397389e-02 8.176589625718723442e-02 8.938494383565774581e-02 9.550019498760370373e-02 1.055954697946107634e-01 1.202621712026331613e-01 1.356306756776254341e-01 1.457899464749648488e-01
-1.419744492864273566e-01 -1.337773383622710144e-01 -1.171636081639811783e-01 -1.034981652595568374e-01 -9.236708527600144547e-02 -8.840055260955645422e-02 -8.141921564435443404e-02 -7.772171042916704853e-02 -6.481014765404941036e-02 -6.088268929589771283e-02 -5.336353502114637992e-02 -4.114038097209974515e-02 -3.202142200406821876e-02 -9.758146512181696888e-03 -4.752377369064206616e-03 4.752377369064377487e-03 9.758146512181768012e-03 3.202142200406828121e-02 4.114038097209991862e-02 5.336353502114609543e-02 6.088268929589788631e-02 6.481014765404963240e-02 7.772171042916671546e-02 8.141921564435447567e-02 8.840055260955606564e-02 9.236708527600132057e-02 1.034981652595567403e-01 1.171636081639805954e-01 1.337773383622714030e-01 1.419744492864269958e-01
-1.385887075047002592e-01 -1.313683819778120598e-01 -1.141080395289644500e-01 -1.014574570215962951e-01 -8.980031517739678337e-02 -8.763145353301105001e-02 -8.046854471507725037e-02 -7.673962146886519065e-02 -6.256537205382765865e-02 -5.883330098298912569e-02 -5.342122654721813413e-02 -4.012497490096918890e-02 -3.110173843102522276e-02 -8.681301750469766834e-03 -3.989412042559602883e-03 3.989412042559745131e-03 8.681301750469685302e-03 3.110173843102536154e-02 4.012497490096950115e-02 5.342122654721827985e-02 5.883330098298880650e-02 6.256537205382825539e-02 7.673962146886478819e-02 8.046854471507759732e-02 8.763145353301141083e-02 8.980031517739714420e-02 1.014574570215956983e-01 1.141080395289634786e-01 1.313683819778128092e-01 1.385887075046996486e-01
-1.358214978474308332e-01 -1.282043622105330793e-01 -1.111131832382891149e-01 -9.947172015187659422e-02 -8.801932217522652480e-02 -8.700679568417078735e-02 -7.867125373534498978e-02 -7.547418984283497945e-02 -6.029580833538171480e-02 -5.684841580002986117e-02 -5.338932426528165964e-02 -3.902866111354037770e-02 -3.011724859093805814e-02 -7.640454122202208070e-03 -3.245487744267342226e-03 3.245487744267343093e-03 7.640454122202257510e-03 3.011724859093785345e-02 3.902866111354067608e-02 5.338932426528179148e-02 5.684841580002995137e-02 6.029580833538177725e-02 7.547418984283463250e-02 7.867125373534468447e-02 8.700679568417067633e-02 8.801932217522587254e-02 9.947172015187714933e-02 1.111131832382890039e-01 1.282043622105341063e-01 1.358214978474305279e-01
-1.335534909174530271e-01 -1.243956653266383577e-01 -1.081884025383615250e-01 -9.753787321177948000e-02 -8.693775619391545806e-02 -8.644106622247414717e-02 -7.610671881717312459e-02 -7.397155591329615532e-02 -5.803567093024535745e-02 -5.515165506714432564e-02 -5.302124810278128347e-02 -3.784638414125975070e-02 -2.907419851663739854e-02 -6.686551416538465825e-03 -2.534715836608470319e-03 2.534715836608499376e-03 6.686551416538578582e-03 2.907419851663726670e-02 3.784638414125976458e-02 5.302124810278106837e-02 5.515165506714417992e-02 5.803567093024569745e-02 7.397155591329564184e-02 7.610671881717288867e-02 8.644106622247413330e-02 8.693775619391552745e-02 9.753787321177886938e-02 1.081884025383613585e-01 1.243956653266370116e-01 1.335534909174527773e-01
-1.315141363580259182e-01 -1.202043331439539842e-01 -1.053358203233199231e-01 -9.565087077710500429e-02 -8.625093809065273454e-02 -8.585099389412347015e-02 -7.308486976662197099e-02 -7.227005260786925622e-02 -5.584240562194518059e-02 -5.428504734883024541e-02 -5.172321698508865195e-02 -3.657985473212373856e-02 -2.797776479743080413e-02 -5.877503606769566950e-03 -1.879845460036446000e-03 1.879845460036646361e-03 5.877503606769550470e-03 2.797776479743083536e-02 3.657985473212400918e-02 5.172321698508939442e-02 5.428504734883036337e-02 5.584240562194524998e-02 7.227005260786899254e-02 7.308486976662174894e-02 8.585099389412351178e-02 8.625093809065220718e-02 9.565087077710467123e-02 1.053358203233188684e-01 1.202043331439544976e-01 1.315141363580251133e-01
-1.295133871804159675e-01 -1.158116501732854575e-01 -1.025505779591087963e-01 -9.380312757709959037e-02 -8.568599609654950489e-02 -8.520708437282439873e-02 -7.040057955074380258e-02 -6.984565790245364503e-02 -5.431718555657550490e-02 -5.335384607655314915e-02 -4.978878629291957209e-02 -3.523667166264758677e-02 -2.683247109730392543e-02 -5.276759615700740182e-03 -1.317988721226269651e-03 1.317988721226449195e-03 5.276759615700776611e-03 2.683247109730394278e-02 3.523667166264749656e-02 4.978878629291931535e-02 5.335384607655278832e-02 5.431718555657481101e-02 6.984565790245406136e-02 7.040057955074383034e-02 8.520708437282427383e-02 8.568599609654918570e-02 9.380312757710025651e-02 1.025505779591081995e-01 1.158116501732855408e-01 1.295133871804153569e-01
-1.274461484926078525e-01 -1.113133674169067971e-01 -9.982058542832511483e-02 -9.198399811896038059e-02 -8.508902305737693628e-02 -8.448832283355633965e-02 -6.838660068939804437e-02 -6.651873611940717357e-02 -5.399369274427394394e-02 -5.135533420073221805e-02 -4.768072267202976694e-02 -3.382926442863203043e-02 -2.564247781858300726e-02 -4.942911335455768551e-03 -8.983798723672191920e-04 8.983798723672459718e-04 4.942911335455752939e-03 2.564247781858330216e-02 3.382926442863220390e-02 4.768072267202965592e-02 5.135533420073256500e-02 5.399369274427408272e-02 6.651873611940700703e-02 6.838660068939830805e-02 8.448832283355700579e-02 8.508902305737739424e-02 9.198399811896021405e-02 9.982058542832458747e-02 1.113133674169069637e-01 1.274461484926084631e-01
-1.252479601444587975e-01 -1.067641577838827766e-01 -9.712550823020184299e-02 -9.017945756095431531e-02 -8.438942869780524658e-02 -8.366327508027811277e-02 -6.625640574915012126e-02 -6.316758051520131312e-02 -5.371766126485372911e-02 -4.932118196130833021e-02 -4.550752860498035596e-02 -3.237386392985280859e-02 -2.441175522995621752e-02 -4.901399405737283908e-03 -6.574496352361622288e-04 6.574496352359728187e-04 4.901399405737228397e-03 2.441175522995600242e-02 3.237386392985254491e-02 4.550752860498036984e-02 4.932118196130812898e-02 5.371766126485358339e-02 6.316758051520114658e-02 6.625640574915056535e-02 8.366327508027789073e-02 8.438942869780514944e-02 9.017945756095391285e-02 9.712550823020159318e-02 1.067641577838825129e-01 1.252479601444588253e-01
-1.228681829826936828e-01 -1.022059156012293940e-01 -9.443359271641069141e-02 -8.837206989572048144e-02 -8.354645433609594884e-02 -8.270635520249676464e-02 -6.404346558711072890e-02 -5.982973846686186203e-02 -5.333218050398656068e-02 -4.735007172937474862e-02 -4.330148621700628114e-02 -3.088959122420241801e-02 -2.314416541191371621e-02 -5.113412145036196066e-03 -5.833460696569808075e-04 5.833460696570248261e-04 5.113412145036220352e-03 2.314416541191356702e-02 3.088959122420232781e-02 4.330148621700641298e-02 4.735007172937472086e-02 5.333218050398667864e-02 5.982973846686173020e-02 6.404346558711072890e-02 8.270635520249682016e-02 8.354645433609608762e-02 8.837206989572064797e-02 9.443359271641080244e-02 1.022059156012291303e-01 1.228681829826944599e-01
-1.202544594457931465e-01 -9.768965868787427009e-02 -9.169196870970408586e-02 -8.654118368757153512e-02 -8.253101217160617453e-02 -8.159774459303319183e-02 -6.179442254781292165e-02 -5.653729737791518550e-02 -5.276351608252938946e-02 -4.544887800248186005e-02 -4.107992687649021646e-02 -2.939764167764703784e-02 -2.184348780275749760e-02 -5.487331038710682035e-03 -6.191020600679128386e-04 6.191020600679315953e-04 5.487331038710667290e-03 2.184348780275743862e-02 2.939764167764723213e-02 4.107992687649000135e-02 4.544887800248155474e-02 5.276351608252933395e-02 5.653729737791542143e-02 6.179442254781275512e-02 8.159774459303359428e-02 8.253101217160646597e-02 8.654118368757132695e-02 9.169196870970384994e-02 9.768965868787386764e-02 1.202544594457928967e-01
-1.173407302197878171e-01 -9.331028959593853922e-02 -8.879897670027017687e-02 -8.466297832619223973e-02 -8.131941974020788499e-02 -8.032038541817229649e-02 -5.957641888084524301e-02 -5.338787763714553103e-02 -5.185868383218181915e-02 -4.361348210951695309e-02 -3.885546948861885730e-02 -2.792042898832467271e-02 -2.051343977707437150e-02 -5.924656717623323111e-03 -7.018236471646629700e-04 7.018236471646786909e-04 5.924656717623285815e-03 2.051343977707447905e-02 2.792042898832453740e-02 3.885546948861858668e-02 4.361348210951689064e-02 5.185868383218203426e-02 5.338787763714582940e-02 5.957641888084516668e-02 8.032038541817204669e-02 8.131941974020785724e-02 8.466297832619212871e-02 8.879897670027017687e-02 9.331028959593862249e-02 1.173407302197876922e-01
-1.140411503289113782e-01 -8.925982814017410782e-02 -8.555875487269808122e-02 -8.270854056893603423e-02 -7.989092457043234230e-02 -7.885609632790478718e-02 -5.747990777823615977e-02 -5.119992113196383116e-02 -4.972114769504999005e-02 -4.183568234508062283e-02 -3.663796630766217449e-02 -2.648044916398659826e-02 -1.915776866557330690e-02 -6.348225775508560022e-03 -7.873952892557865109e-04 7.873952892557101830e-04 6.348225775508477622e-03 1.915776866557345609e-02 2.648044916398643867e-02 3.663796630766220919e-02 4.183568234508062977e-02 4.972114769504994841e-02 5.119992113196366462e-02 5.747990777823595160e-02 7.885609632790471779e-02 7.989092457043232842e-02 8.270854056893592321e-02 8.555875487269838653e-02 8.925982814017467681e-02 1.140411503289110728e-01
-1.102724175578676802e-01 -8.572495725905276975e-02 -8.182092577924300614e-02 -8.061756282797651052e-02 -7.822737921722243415e-02 -7.717512401862595961e-02 -5.559159610087503756e-02 -4.958647147182475290e-02 -4.666301282982387999e-02 -4.010454434907159693e-02 -3.443511540261903758e-02 -2.509857134674501819e-02 -1.778050654857414939e-02 -6.705112589019962197e-03 -8.518449486712685332e-04 8.518449486712685332e-04 6.705112589019977809e-03 1.778050654857425694e-02 2.509857134674514309e-02 3.443511540261911391e-02 4.010454434907145815e-02 4.666301282982379672e-02 4.958647147182487086e-02 5.559159610087491959e-02 7.717512401862579308e-02 7.822737921722246190e-02 8.061756282797660766e-02 8.182092577924295063e-02 8.572495725905279751e-02 1.102724175578676802e-01
-1.060208584723226072e-01 -8.257416451744763186e-02 -7.863085251958279454e-02 -7.752140549664313096e-02 -7.631474100920887516e-02 -7.517447940323761235e-02 -5.392429808405672237e-02 -4.765715666852922416e-02 -4.357298001426389289e-02 -3.840637163667739301e-02 -3.225294173761983352e-02 -2.379155340896464688e-02 -1.638644551094037630e-02 -6.961812399653531137e-03 -8.853911797258115111e-04 8.853911797258021870e-04 6.961812399653519862e-03 1.638644551094020282e-02 2.379155340896463994e-02 3.225294173761956290e-02 3.840637163667751791e-02 4.357298001426392065e-02 4.765715666852922416e-02 5.392429808405678482e-02 7.517447940323732092e-02 7.631474100920876413e-02 7.752140549664295055e-02 7.863085251958241984e-02 8.257416451744742369e-02 1.060208584723226904e-01
-1.013716943352044875e-01 -7.955292117664769513e-02 -7.625647167195415133e-02 -7.415164202383214831e-02 -7.398998856564144300e-02 -7.220072439743341342e-02 -5.239094759880650459e-02 -4.542826854009055643e-02 -4.053264130538018067e-02 -3.672396597457356499e-02 -3.009623944919898042e-02 -2.256892079905922777e-02 -1.498178129818587140e-02 -7.100549842133829087e-03 -8.872717274124004112e-04 8.872717274123907618e-04 7.100549842133826485e-03 1.498178129818592864e-02 2.256892079905916532e-02 3.009623944919916083e-02 3.672396597457362744e-02 4.053264130537981985e-02 4.542826854009082010e-02 5.239094759880629643e-02 7.220072439743364934e-02 7.398998856564144300e-02 7.415164202383227321e-02 7.625647167195387377e-02 7.955292117664822249e-02 1.013716943352038768e-01
-9.643942166210998923e-02 -7.651569967900781477e-02 -7.374330270542936439e-02 -7.174047398824641431e-02 -7.136952019246729784e-02 -6.793434109712688518e-02 -5.087307309455724180e-02 -4.301072907649817340e-02 -3.756208963513354981e-02 -3.503432857355907176e-02 -2.796891681139164476e-02 -2.142991315786652029e-02 -1.357473430977414880e-02 -7.117548548246811248e-03 -8.623827919077658955e-04 8.623827919077858449e-04 7.117548548246785227e-03 1.357473430977421298e-02 2.142991315786636070e-02 2.796891681139170027e-02 3.503432857355921054e-02 3.756208963513337634e-02 4.301072907649830523e-02 5.087307309455691567e-02 6.793434109712701008e-02 7.136952019246720069e-02 7.174047398824601185e-02 7.374330270542932275e-02 7.651569967900785640e-02 9.643942166211047495e-02
-9.130629257462176407e-02 -7.338777240699237425e-02 -7.102243550081759060e-02 -6.912644516592601762e-02 -6.868812765197639114e-02 -6.337547432065787634e-02 -4.927742826280782223e-02 -4.049711532711072759e-02 -3.468806718981671394e-02 -3.329673150347141342e-02 -2.587421725004940623e-02 -2.036167886285025763e-02 -1.217592597587658330e-02 -7.021683081396855319e-03 -8.190350494700551895e-04 8.190350494700058583e-04 7.021683081396928178e-03 1.217592597587643238e-02 2.036167886285032355e-02 2.587421725004935072e-02 3.329673150347133015e-02 3.468806718981669313e-02 4.049711532711095657e-02 4.927742826280776672e-02 6.337547432065793185e-02 6.868812765197625236e-02 6.912644516592572619e-02 7.102243550081757673e-02 7.338777240699204119e-02 9.130629257462159754e-02
-8.601621725703886834e-02 -7.012014066980561122e-02 -6.806379021579388178e-02 -6.632618777742577132e-02 -6.570890931442670280e-02 -5.875439482146994213e-02 -4.754133054809968340e-02 -3.794937330772141931e-02 -3.205870256207170310e-02 -3.134480924251561301e-02 -2.381483034408039129e-02 -1.933977929027942688e-02 -1.079848692061183627e-02 -6.831787499764905430e-03 -7.671448317025678044e-04 7.671448317025455783e-04 6.831787499764920175e-03 1.079848692061184147e-02 1.933977929027941300e-02 2.381483034408067578e-02 3.134480924251547423e-02 3.205870256207152963e-02 3.794937330772152340e-02 4.754133054809972503e-02 5.875439482146969927e-02 6.570890931442650851e-02 6.632618777742584071e-02 6.806379021579377075e-02 7.012014066980558347e-02 8.601621725703890997e-02
-8.058665292020099347e-02 -6.667238600718770891e-02 -6.484734005519864064e-02 -6.330011820636329001e-02 -6.241774551831304196e-02 -5.411777430834549540e-02 -4.562157837986551001e-02 -3.540674169163758600e-02 -2.998937151960517911e-02 -2.884351298275174627e-02 -2.179293759360278332e-02 -1.833117832152032431e-02 -9.458351794681966324e-03 -6.571552376884413037e-03 -7.164317502493044261e-04 7.164317502493327237e-04 6.571552376884471150e-03 9.458351794682131122e-03 1.833117832152037288e-02 2.179293759360277291e-02 2.884351298275175668e-02 2.998937151960519645e-02 3.540674169163769702e-02 4.562157837986561409e-02 5.411777430834490560e-02 6.241774551831301421e-02 6.330011820636334552e-02 6.484734005519877942e-02 6.667238600718770891e-02 8.058665292020107673e-02
-7.501787316773829428e-02 -6.300741355572987701e-02 -6.136126666151920511e-02 -6.000090873964365051e-02 -5.882690675625982385e-02 -4.948467640713929971e-02 -4.348500422807684285e-02 -3.289109111151851395e-02 -2.805880430852996169e-02 -2.619609695196625787e-02 -1.981028896317922963e-02 -1.729878327725335729e-02 -8.176532591255664464e-03 -6.260980738000554956e-03 -6.744532371744858769e-04 6.744532371745283776e-04 6.260980738000562762e-03 8.176532591255574259e-03 1.729878327725321852e-02 1.981028896317911861e-02 2.619609695196633767e-02 2.805880430853002067e-02 3.289109111151820863e-02 4.348500422807687060e-02 4.948467640713940380e-02 5.882690675625996957e-02 6.000090873964362276e-02 6.136126666151925368e-02 6.300741355572964109e-02 7.501787316773793346e-02
-6.929791986630347289e-02 -5.909051451586254389e-02 -5.760088981711720263e-02 -5.638795787023122286e-02 -5.494259435742927106e-02 -4.486904626649684813e-02 -4.110134849856739159e-02 -3.040724297103561749e-02 -2.606780423746219919e-02 -2.358916151023456725e-02 -1.786859755817066242e-02 -1.620598916031519565e-02 -6.993138348520341364e-03 -5.896193220041470381e-03 -6.446161053699174179e-04 6.446161053698681951e-04 5.896193220041421809e-03 6.993138348520280649e-03 1.620598916031500136e-02 1.786859755817072140e-02 2.358916151023433480e-02 2.606780423746222000e-02 3.040724297103547524e-02 4.110134849856761363e-02 4.486904626649688282e-02 5.494259435742911146e-02 5.638795787023118122e-02 5.760088981711698058e-02 5.909051451586249532e-02 6.929791986630370881e-02
-6.340548406518349556e-02 -5.488952947345734218e-02 -5.356436553544619700e-02 -5.242428018828546726e-02 -5.076763719652413465e-02 -4.029701983621005595e-02 -3.842815974469335205e-02 -2.794142465741022638e-02 -2.398887869024553601e-02 -2.104553908497227427e-02 -1.597160428635973142e-02 -1.501898737808071357e-02 -6.053340983631114863e-03 -5.358902483965977993e-03 -6.246354202837928063e-04 6.246354202838301029e-04 5.358902483966035239e-03 6.053340983631203334e-03 1.501898737808073266e-02 1.597160428635986326e-02 2.104553908497241305e-02 2.398887869024550132e-02 2.794142465741022638e-02 3.842815974469326878e-02 4.029701983621000738e-02 5.076763719652391954e-02 5.242428018828534930e-02 5.356436553544615536e-02 5.488952947345752953e-02 6.340548406518324576e-02
-5.731312066923666126e-02 -5.037472822626903185e-02 -4.924184915548514979e-02 -4.808317604062472411e-02 -4.630407439988809548e-02 -3.598574206697841005e-02 -3.523229260477633851e-02 -2.546236453652284473e-02 -2.182135968980256427e-02 -1.856714258961141353e-02 -1.413920894741941756e-02 -1.369608963981776457e-02 -5.522781774658056496e-03 -4.498997841394932265e-03 -6.060493478326627352e-04 6.060493478327141264e-04 4.498997841394995582e-03 5.522781774658079915e-03 1.369608963981785825e-02 1.413920894741944878e-02 1.856714258961144823e-02 2.182135968980250529e-02 2.546236453652267126e-02 3.523229260477633851e-02 3.598574206697854883e-02 4.630407439988821344e-02 4.808317604062448125e-02 4.924184915548510122e-02 5.037472822626894164e-02 5.731312066923648779e-02
-5.099312507780187631e-02 -4.551816801780874527e-02 -4.460587805042014881e-02 -4.335629410502606085e-02 -4.155398369751429899e-02 -3.247226334051719898e-02 -3.096110484536512136e-02 -2.292700254984567088e-02 -1.956917676093493721e-02 -1.614982320210859093e-02 -1.247147525247038063e-02 -1.212595830884936020e-02 -5.130501704192117797e-03 -3.592207163363300357e-03 -5.751535672023818649e-04 5.751535672024568916e-04 3.592207163363329847e-03 5.130501704192168104e-03 1.212595830884932377e-02 1.247147525247043094e-02 1.614982320210878869e-02 1.956917676093506905e-02 2.292700254984561536e-02 3.096110484536512136e-02 3.247226334051719898e-02 4.155398369751426429e-02 4.335629410502630371e-02 4.460587805042005166e-02 4.551816801780881466e-02 5.099312507780191794e-02
-4.442699940744020831e-02 -4.029293425941096740e-02 -3.961570215451649946e-02 -3.824860035153740401e-02 -3.651914267439042294e-02 -2.888932529446625735e-02 -2.646686075967677465e-02 -2.028806128281296361e-02 -1.722975002681743570e-02 -1.378595986971489253e-02 -1.090505248423202268e-02 -1.037151442691413260e-02 -4.731782765087957747e-03 -2.779291282866018075e-03 -5.154487319562085909e-04 5.154487319561817027e-04 2.779291282865962564e-03 4.731782765087949073e-03 1.037151442691415515e-02 1.090505248423192554e-02 1.378595986971481446e-02 1.722975002681756407e-02 2.028806128281289076e-02 2.646686075967712853e-02 2.888932529446620878e-02 3.651914267439048539e-02 3.824860035153732768e-02 3.961570215451644394e-02 4.029293425941084944e-02 4.442699940743990994e-02
-3.761444542335759533e-02 -3.467329536714846422e-02 -3.422639110391201278e-02 -3.276799754892076311e-02 -3.119977725323914292e-02 -2.499366212699348153e-02 -2.197877727545581236e-02 -1.749950739098463451e-02 -1.478860794322849233e-02 -1.146543827125086346e-02 -9.276694115757428208e-03 -8.604083606346540902e-03 -4.277031997754683276e-03 -2.097533484755367307e-03 -4.126606549677641297e-04 4.126606549677219542e-04 2.097533484755281438e-03 4.277031997754610418e-03 8.604083606346573862e-03 9.276694115757466372e-03 1.146543827125087733e-02 1.478860794322832579e-02 1.749950739098454777e-02 2.197877727545588869e-02 2.499366212699344683e-02 3.119977725323905965e-02 3.276799754892080474e-02 3.422639110391202666e-02 3.467329536714865157e-02 3.761444542335752594e-02
-3.057319487042101103e-02 -2.864063297068832059e-02 -2.838653406023941561e-02 -2.692120834338695631e-02 -2.559267536148402897e-02 -2.074929723983165095e-02 -1.752020206227154764e-02 -1.451871547809225997e-02 -1.221989544649042074e-02 -9.176244413334392822e-03 -7.569377777247987722e-03 -6.852408217207729170e-03 -3.729985290764703879e-03 -1.555579769108377105e-03 -2.659976816774198283e-04 2.659976816774223761e-04 1.555579769108367564e-03 3.729985290764672220e-03 6.852408217207763864e-03 7.569377777248038029e-03 9.176244413334450067e-03 1.221989544649058727e-02 1.451871547809218538e-02 1.752020206227166560e-02 2.074929723983181748e-02 2.559267536148406713e-02 2.692120834338705346e-02 2.838653406023943990e-02 2.864063297068842120e-02 3.057319487042105960e-02
-2.332546005200534026e-02 -2.221119714136412029e-02 -2.201283506005121543e-02 -2.071418468675462199e-02 -1.968907799075562265e-02 -1.613809444517150249e-02 -1.309847160479341542e-02 -1.130653595490475373e-02 -9.490547003059882428e-03 -6.904466676864653464e-03 -5.789027019685623332e-03 -5.119983518712434810e-03 -3.057188845035922926e-03 -1.130041862597358157e-03 -1.038520558769046194e-04 1.038520558768768774e-04 1.130041862597335389e-03 3.057188845035959356e-03 5.119983518712391442e-03 5.789027019685561749e-03 6.904466676864588412e-03 9.490547003059722833e-03 1.130653595490474853e-02 1.309847160479340501e-02 1.613809444517152678e-02 1.968907799075552897e-02 2.071418468675457342e-02 2.201283506005124666e-02 2.221119714136422091e-02 2.332546005200537148e-02
-1.586916058229395979e-02 -1.536131883857491665e-02 -1.508048553822043808e-02 -1.415324765910676644e-02 -1.347289864869978537e-02 -1.114776920109759352e-02 -8.716434356203665856e-03 -7.827169854265188242e-03 -6.565292326740671328e-03 -4.633345060829512953e-03 -3.938270978883870455e-03 -3.406023311445265621e-03 -2.227442382842806986e-03 -7.679983126597911660e-04 -2.012649402922324799e-05 2.012649402922261780e-05 7.679983126597845523e-04 2.227442382842799613e-03 3.406023311445256514e-03 3.938270978883869587e-03 4.633345060829534637e-03 6.565292326740695614e-03 7.827169854265184773e-03 8.716434356203684938e-03 1.114776920109760046e-02 1.347289864869976976e-02 1.415324765910674909e-02 1.508048553822045022e-02 1.536131883857482644e-02 1.586916058229403959e-02
-8.135308614251679851e-03 -7.980022636469179254e-03 -7.705776713227134589e-03 -7.245770530045037711e-03 -6.920036541067849448e-03 -5.770134379482269940e-03 -4.368235183400927084e-03 -4.052670314676581204e-03 -3.410912770167422777e-03 -2.341381244285146383e-03 -2.012357092131152308e-03 -1.705149158776611638e-03 -1.213858550121282897e-03 -4.100684338099703998e-04 -5.935001268014222737e-05 5.935001268013820227e-05 4.100684338099608588e-04 1.213858550121280945e-03 1.705149158776613372e-03 2.012357092131164451e-03 2.341381244285163296e-03 3.410912770167405430e-03 4.052670314676585540e-03 4.368235183400914941e-03 5.770134379482269940e-03 6.920036541067849448e-03 7.245770530045042047e-03 7.705776713227160610e-03 7.980022636469125477e-03 8.135308614251667708e-03
-7.152242814610609041e-08 -7.086611743151515960e-08 -6.701205093833863965e-08 -6.330633292176058723e-08 -6.076148478430087260e-08 -5.096858197746213122e-08 -3.783120282077644917e-08 -3.548256023343428592e-08 -3.028433183703891605e-08 -2.030807552185928482e-08 -1.759841288407643647e-08 -1.468294797886413062e-08 -1.122397890128865641e-08 -3.891095818373309131e-09 -8.858061619496078566e-10 8.858061619495659806e-10 3.891095818373259500e-09 1.122397890128848271e-08 1.468294797886412235e-08 1.759841288407643316e-08 2.030807552185911277e-08 3.028433183703876385e-08 3.548256023343408740e-08 3.783120282077662123e-08 5.096858197746213783e-08 6.076148478430101819e-08 6.330633292176082546e-08 6.701205093833852053e-08 7.086611743151481549e-08 7.152242814610618306e-08
