-1.300219995293691588e-01 -1.268047506014336190e-01 -1.212209948402487858e-01 -1.165421536976298661e-01 -1.128897233320474286e-01 -1.093159294169674667e-01 -1.066323290514828853e-01 -9.887125103138914850e-02 -9.719248611099393087e-02 -8.583192587009626229e-02 -8.566791621901999332e-02 -7.551862380307450273e-02 -7.315534360062056485e-02 -1.890612378694497484e-02 -1.469986614178083774e-02 1.469986614178079784e-02 1.890612378694471810e-02 7.315534360062056485e-02 7.551862380307454437e-02 8.566791621902031251e-02 8.583192587009627617e-02 9.719248611099384760e-02 9.887125103138931503e-02 1.066323290514827049e-01 1.093159294169664258e-01 1.128897233320476368e-01 1.165421536976299771e-01 1.212209948402484250e-01 1.268047506014334525e-01 1.300219995293691311e-01
-1.280663866262446160e-01 -1.250233102311387734e-01 -1.204790792600229088e-01 -1.158341035033082361e-01 -1.098311315348108191e-01 -1.083931352256468639e-01 -1.058082583250130604e-01 -9.818373642707013682e-02 -9.434986289098894197e-02 -8.461898596260206129e-02 -8.315986076527354109e-02 -7.379894675473613885e-02 -7.097646116889923251e-02 -1.893086909906394402e-02 -1.458401298033298529e-02 1.458401298033290723e-02 1.893086909906389198e-02 7.097646116889896883e-02 7.379894675473568089e-02 8.315986076527448478e-02 8.461898596260192251e-02 9.434986289098903911e-02 9.818373642707040050e-02 1.058082583250129632e-01 1.083931352256458369e-01 1.098311315348103057e-01 1.158341035033085969e-01 1.204790792600228810e-01 1.250233102311391897e-01 1.280663866262445327e-01
-1.272931927981557909e-01 -1.222124059914521943e-01 -1.197959480981014013e-01 -1.150915999380255628e-01 -1.078050444403086672e-01 -1.064571476618467460e-01 -1.049970862056872900e-01 -9.753747094812566243e-02 -9.159026338530941447e-02 -8.344007982608729612e-02 -8.071515242135125778e-02 -7.212781912320778699e-02 -6.884120139630785229e-02 -1.895282085063342697e-02 -1.446557773439696021e-02 1.446557773439692378e-02 1.895282085063339575e-02 6.884120139630785229e-02 7.212781912320796740e-02 8.071515242135172963e-02 8.344007982608722673e-02 9.159026338530970590e-02 9.753747094812502405e-02 1.049970862056868598e-01 1.064571476618464685e-01 1.078050444403082508e-01 1.150915999380248411e-01 1.197959480981004854e-01 1.222124059914518474e-01 1.272931927981565126e-01
-1.268889651375206817e-01 -1.193851249793288632e-01 -1.191528705526089388e-01 -1.141152760141304207e-01 -1.068986022743303871e-01 -1.041933925393682542e-01 -1.035379086329887288e-01 -9.683394214979630654e-02 -8.901623265675083496e-02 -8.221139116776260414e-02 -7.836914799464411718e-02 -7.049220917266883768e-02 -6.675924947861884562e-02 -1.897195799002051458e-02 -1.434434171234794976e-02 1.434434171234792027e-02 1.897195799002056663e-02 6.675924947861862357e-02 7.049220917266865727e-02 7.836914799464457515e-02 8.221139116776192413e-02 8.901623265675008556e-02 9.683394214979704206e-02 1.035379086329877574e-01 1.041933925393674354e-01 1.068986022743299985e-01 1.141152760141300182e-01 1.191528705526088694e-01 1.193851249793284330e-01 1.268889651375203487e-01
-1.266185135328450617e-01 -1.185250961085932003e-01 -1.172249201677170727e-01 -1.124596560535497530e-01 -1.060773500054707358e-01 -1.033864205102089373e-01 -1.009408544927582613e-01 -9.581320272276803995e-02 -8.680003399999780545e-02 -8.077716910296577069e-02 -7.616422289322948014e-02 -6.887043508719212226e-02 -6.473970245717597383e-02 -1.898826761540597236e-02 -1.422000752119116466e-02 1.422000752119126528e-02 1.898826761540587174e-02 6.473970245717637628e-02 6.887043508719223328e-02 7.616422289323007688e-02 8.077716910296614539e-02 8.680003399999906832e-02 9.581320272276763750e-02 1.009408544927588997e-01 1.033864205102091455e-01 1.060773500054709995e-01 1.124596560535499612e-01 1.172249201677165731e-01 1.185250961085937832e-01 1.266185135328453115e-01
-1.259976174324697329e-01 -1.178526943352981582e-01 -1.160075260534008390e-01 -1.099176563806181228e-01 -1.053001011214630689e-01 -1.025483723991548329e-01 -9.918112291774629219e-02 -9.400886227681019836e-02 -8.513542088020527310e-02 -7.895883085441202098e-02 -7.414936048512468791e-02 -6.723295667896132810e-02 -6.279069616535877529e-02 -1.900174018097957121e-02 -1.409216990700493284e-02 1.409216990700508897e-02 1.900174018097951570e-02 6.279069616535887244e-02 6.723295667896136973e-02 7.414936048512522915e-02 7.895883085441225691e-02 8.513542088020607801e-02 9.400886227681036489e-02 9.918112291774668077e-02 1.025483723991547635e-01 1.053001011214628607e-01 1.099176563806182477e-01 1.160075260534006031e-01 1.178526943352976031e-01 1.259976174324697329e-01
-1.231047220486078675e-01 -1.169637405761446702e-01 -1.153169315093532238e-01 -1.069913128451247530e-01 -1.045802280108766441e-01 -1.015965424568950198e-01 -9.828897507240419440e-02 -9.138219377743619920e-02 -8.405504828551671470e-02 -7.673786223956076402e-02 -7.237294996089947696e-02 -6.554960223456446355e-02 -6.091888789141439858e-02 -1.901236245350604315e-02 -1.396028964580599795e-02 1.396028964580598407e-02 1.901236245350597723e-02 6.091888789141438471e-02 6.554960223456364476e-02 7.237294996090015697e-02 7.673786223956047259e-02 8.405504828551610408e-02 9.138219377743470040e-02 9.828897507240405562e-02 1.015965424568944370e-01 1.045802280108769911e-01 1.069913128451249335e-01 1.153169315093535985e-01 1.169637405761441012e-01 1.231047220486076038e-01
-1.208266485776918336e-01 -1.154401442769859149e-01 -1.148153838524511028e-01 -1.042767514856666328e-01 -1.039426086776020081e-01 -1.002664672950608210e-01 -9.781126186464769723e-02 -8.836158907516773742e-02 -8.341734361630029349e-02 -7.426860451594115287e-02 -7.086823800962475939e-02 -6.380374523585022328e-02 -5.912871602865871906e-02 -1.902010878095607496e-02 -1.382367996321242146e-02 1.382367996321223931e-02 1.902010878095613047e-02 5.912871602865898274e-02 6.380374523585022328e-02 7.086823800962445408e-02 7.426860451594191614e-02 8.341734361630058492e-02 8.836158907516787619e-02 9.781126186464889072e-02 1.002664672950608210e-01 1.039426086776015917e-01 1.042767514856667022e-01 1.148153838524507697e-01 1.154401442769860953e-01 1.208266485776917643e-01
-1.195694437278868871e-01 -1.143651751204259881e-01 -1.129693923181868953e-01 -1.034084030338151688e-01 -1.023924067641033969e-01 -9.807356152393806314e-02 -9.745623961135911617e-02 -8.520380674569374979e-02 -8.307583752755644257e-02 -7.170707314531962751e-02 -6.964100915658451296e-02 -6.200362209560669746e-02 -5.742134229610057483e-02 -1.902493207317724686e-02 -1.368151817363890202e-02 1.368151817363875283e-02 1.902493207317716359e-02 5.742134229610142138e-02 6.200362209560678073e-02 6.964100915658452684e-02 7.170707314531966914e-02 8.307583752755666462e-02 8.520380674569394408e-02 9.745623961135888025e-02 9.807356152393795212e-02 1.023924067641031471e-01 1.034084030338149607e-01 1.129693923181875753e-01 1.143651751204260852e-01 1.195694437278870814e-01
-1.190166623206912327e-01 -1.139065896182773346e-01 -1.099789252727813443e-01 -1.029454271460624321e-01 -1.012855744911016626e-01 -9.708506727366346400e-02 -9.514167817793457715e-02 -8.292717730494017503e-02 -8.201548401249036946e-02 -6.915640895632717278e-02 -6.867026363098144293e-02 -6.017933253322012288e-02 -5.579319051372218230e-02 -1.902675688134508949e-02 -1.353289651298261904e-02 1.353289651298270405e-02 1.902675688134519705e-02 5.579319051372173127e-02 6.017933253322051840e-02 6.867026363098155395e-02 6.915640895632738094e-02 8.201548401249059150e-02 8.292717730494070238e-02 9.514167817793404980e-02 9.708506727366354727e-02 1.012855744911017181e-01 1.029454271460627096e-01 1.099789252727809835e-01 1.139065896182772653e-01 1.190166623206916352e-01
-1.187066878864246611e-01 -1.134109244796910609e-01 -1.071592874174127630e-01 -1.022761172322276396e-01 -1.005056185465816598e-01 -9.663108485651308865e-02 -9.200405203434559864e-02 -8.286589888405516968e-02 -7.885859453614943448e-02 -6.791559435605401540e-02 -6.668834511077643967e-02 -5.836975936392498066e-02 -5.423410094789183483e-02 -1.902547786634640331e-02 -1.337692335197489604e-02 1.337692335197494115e-02 1.902547786634628535e-02 5.423410094789206382e-02 5.836975936392425207e-02 6.668834511077631477e-02 6.791559435605372397e-02 7.885859453614972592e-02 8.286589888405507254e-02 9.200405203434461332e-02 9.663108485651308865e-02 1.005056185465820207e-01 1.022761172322281670e-01 1.071592874174130267e-01 1.134109244796911581e-01 1.187066878864245639e-01
-1.149372007133898782e-01 -1.128397459784969692e-01 -1.055456533685846243e-01 -1.005265754090840791e-01 -9.985380385257681957e-02 -9.607697475902833573e-02 -8.906530048397172383e-02 -8.266848715367057510e-02 -7.580157068753021199e-02 -6.731202006928053982e-02 -6.436394385606898638e-02 -5.661173451010818175e-02 -5.272549255376311056e-02 -1.902096738441017357e-02 -1.321287682454180303e-02 1.321287682454168333e-02 1.902096738441023602e-02 5.272549255376308974e-02 5.661173451010852870e-02 6.436394385606973578e-02 6.731202006928065085e-02 7.580157068753054506e-02 8.266848715367104694e-02 8.906530048397169608e-02 9.607697475902782225e-02 9.985380385257727753e-02 1.005265754090839125e-01 1.055456533685848741e-01 1.128397459784970386e-01 1.149372007133903917e-01
-1.125224783860201277e-01 -1.108500703616629862e-01 -1.053331199222834746e-01 -9.925978906956516024e-02 -9.755002684258201606e-02 -9.542595684285128110e-02 -8.700623127360306019e-02 -8.170745830536114973e-02 -7.298188246226110232e-02 -6.672293702647194569e-02 -6.224351290143888965e-02 -5.493568981209140389e-02 -5.123981975273967510e-02 -1.901309539550416830e-02 -1.304039588124216234e-02 1.304039588124218142e-02 1.901309539550423422e-02 5.123981975273968203e-02 5.493568981209145941e-02 6.224351290143890353e-02 6.672293702647201508e-02 7.298188246226174070e-02 8.170745830536123300e-02 8.700623127360265774e-02 9.542595684285073987e-02 9.755002684258194667e-02 9.925978906956503534e-02 1.053331199222835302e-01 1.108500703616634442e-01 1.125224783860202665e-01
-1.119179680637043955e-01 -1.070428181986130961e-01 -1.057205697501671926e-01 -9.869117079187623987e-02 -9.491951885063405758e-02 -9.391639093828639540e-02 -8.641772691285007357e-02 -7.940497471965579646e-02 -7.075226769891444778e-02 -6.579794071823459600e-02 -6.038722796810833127e-02 -5.336527174020459785e-02 -4.974389262974081988e-02 -1.900176291965707809e-02 -1.285966962444596608e-02 1.285966962444600944e-02 1.900176291965713707e-02 4.974389262974145826e-02 5.336527174020500724e-02 6.038722796810822718e-02 6.579794071823424906e-02 7.075226769891421186e-02 7.940497471965556053e-02 8.641772691284982377e-02 9.391639093828639540e-02 9.491951885063408534e-02 9.869117079187600394e-02 1.057205697501674285e-01 1.070428181986131932e-01 1.119179680637045898e-01
-1.114158115201613619e-01 -1.063153473560277812e-01 -1.031816766081749548e-01 -9.812758114593586600e-02 -9.414854066641591135e-02 -9.038986269832662013e-02 -8.669335117365727095e-02 -7.636108605312230679e-02 -6.961569661924413288e-02 -6.403782785469307182e-02 -5.884661251040045754e-02 -5.191814660705432877e-02 -4.820847773624472449e-02 -1.898694652373987199e-02 -1.267155912192100692e-02 1.267155912192092192e-02 1.898694652373976097e-02 4.820847773624497429e-02 5.191814660705438428e-02 5.884661251040074204e-02 6.403782785469247507e-02 6.961569661924449370e-02 7.636108605312150188e-02 8.669335117365657706e-02 9.038986269832574583e-02 9.414854066641567543e-02 9.812758114593486680e-02 1.031816766081745523e-01 1.063153473560277396e-01 1.114158115201607652e-01
-1.109804305162508664e-01 -1.067474956303810646e-01 -9.940590028039396342e-02 -9.751625940170433049e-02 -9.346363340461463776e-02 -8.728019294324051991e-02 -8.674688788664125516e-02 -7.309959212937228168e-02 -6.941876325278045767e-02 -6.159920047061263199e-02 -5.764998410145813490e-02 -5.060670217157556272e-02 -4.662177082057297750e-02 -1.896874593621572860e-02 -1.247756625927216520e-02 1.247756625927224673e-02 1.896874593621583269e-02 4.662177082057372690e-02 5.060670217157556272e-02 5.764998410145752428e-02 6.159920047061263199e-02 6.941876325278066584e-02 7.309959212937253148e-02 8.674688788664158823e-02 8.728019294324057542e-02 9.346363340461431857e-02 9.751625940170476070e-02 9.940590028039446302e-02 1.067474956303817446e-01 1.109804305162512827e-01
-1.096731387219504333e-01 -1.055114623263368745e-01 -9.729138701742028050e-02 -9.538718038440159586e-02 -9.281556020197687107e-02 -8.790259733134511699e-02 -8.310892131350221257e-02 -6.980722596083741016e-02 -6.970300095214243541e-02 -5.893754147901816842e-02 -5.679017437152258235e-02 -4.943812406475243254e-02 -4.499739145659720219e-02 -1.894742060089502772e-02 -1.227956537796189886e-02 1.227956537796213998e-02 1.894742060089522201e-02 4.499739145659659156e-02 4.943812406475227295e-02 5.679017437152240888e-02 5.893754147901785617e-02 6.970300095214204683e-02 6.980722596083678566e-02 8.310892131350318401e-02 8.790259733134503373e-02 9.281556020197712087e-02 9.538718038440126279e-02 9.729138701741979478e-02 1.055114623263368606e-01 1.096731387219503362e-01
-1.098761380094434303e-01 -1.021626193614932898e-01 -9.684773259385902333e-02 -9.220922454286281655e-02 -9.215647121147568788e-02 -8.807254921374037260e-02 -7.954941063700440851e-02 -7.021700196601662891e-02 -6.658376968010569497e-02 -5.627403974546021925e-02 -5.621657723676991292e-02 -4.841317949306369467e-02 -4.336994988417355867e-02 -1.892339524654182772e-02 -1.207925041011374129e-02 1.207925041011389915e-02 1.892339524654183119e-02 4.336994988417329500e-02 4.841317949306313262e-02 5.621657723677004476e-02 5.627403974546014986e-02 6.658376968010563945e-02 7.021700196601693422e-02 7.954941063700406156e-02 8.807254921374012280e-02 9.215647121147550747e-02 9.220922454286267778e-02 9.684773259385878741e-02 1.021626193614935257e-01 1.098761380094434997e-01
-1.071886249902397059e-01 -9.838082898001923593e-02 -9.672064285590428745e-02 -9.163621236529223557e-02 -9.070311706641513705e-02 -8.623721034273280905e-02 -7.628629676604152532e-02 -7.067981149904310756e-02 -6.355688786946495084e-02 -5.580806300553205201e-02 -5.371425905737177431e-02 -4.752158958823242407e-02 -4.178286297839227392e-02 -1.889721153035695683e-02 -1.187733348599995069e-02 1.187733348600002702e-02 1.889721153035707132e-02 4.178286297839260005e-02 4.752158958823220897e-02 5.371425905737159390e-02 5.580806300553223936e-02 6.355688786946493696e-02 7.067981149904301041e-02 7.628629676604153920e-02 8.623721034273336417e-02 9.070311706641481786e-02 9.163621236529141678e-02 9.672064285590428745e-02 9.838082898002005472e-02 1.071886249902401500e-01
-1.033727762999084865e-01 -9.700380031696775873e-02 -9.463356177539565539e-02 -9.100835739416893166e-02 -9.050129105738552449e-02 -8.279911648118050416e-02 -7.436146381973607333e-02 -7.002229285508551615e-02 -6.103043486676831136e-02 -5.525540949719814909e-02 -5.134930902166674055e-02 -4.672657747080839058e-02 -4.027749762439292863e-02 -1.886940536780177743e-02 -1.167265914168762707e-02 1.167265914168771901e-02 1.886940536780173580e-02 4.027749762439324088e-02 4.672657747080787016e-02 5.134930902166649075e-02 5.525540949719815603e-02 6.103043486676815177e-02 7.002229285508528023e-02 7.436146381973553210e-02 8.279911648118022660e-02 9.050129105738581592e-02 9.100835739416877901e-02 9.463356177539523906e-02 9.700380031696809180e-02 1.033727762999082922e-01
-9.972174327327590349e-02 -9.746420249148436687e-02 -9.184183027323314374e-02 -9.019791159031199934e-02 -8.948939829340189778e-02 -7.905748815756971637e-02 -7.466548475904702387e-02 -6.733497799855076016e-02 -5.962576370549331484e-02 -5.393135406197223369e-02 -4.933107949361571071e-02 -4.591629443103153324e-02 -3.888706034239582804e-02 -1.884030118157718411e-02 -1.146154860519275377e-02 1.146154860519257856e-02 1.884030118157718064e-02 3.888706034239578641e-02 4.591629443103148467e-02 4.933107949361643235e-02 5.393135406197215737e-02 5.962576370549374505e-02 6.733497799855051036e-02 7.466548475904685733e-02 7.905748815757003556e-02 8.948939829340218921e-02 9.019791159031199934e-02 9.184183027323321313e-02 9.746420249148413095e-02 9.972174327327569532e-02
-9.948713335598527441e-02 -9.488350305938289542e-02 -9.103749549735977442e-02 -8.964374481748324519e-02 -8.609881353237605617e-02 -7.578194400206121617e-02 -7.527069507026025452e-02 -6.400401078232606511e-02 -5.948652801242485660e-02 -5.168794738790943172e-02 -4.794062617235782947e-02 -4.484284171860618978e-02 -3.763349589597717731e-02 -1.880973852759998052e-02 -1.123780599696594384e-02 1.123780599696581894e-02 1.880973852760002910e-02 3.763349589597723976e-02 4.484284171860604407e-02 4.794062617235796131e-02 5.168794738791030602e-02 5.948652801242439170e-02 6.400401078232624552e-02 7.527069507025996309e-02 7.578194400206131331e-02 8.609881353237662516e-02 8.964374481748335621e-02 9.103749549736006585e-02 9.488350305938254847e-02 9.948713335598467766e-02
-9.857912821391998093e-02 -9.090728172846251898e-02 -9.073440451863340472e-02 -8.892365387558570644e-02 -8.245855039084830362e-02 -7.702939287167609450e-02 -7.152205691537695531e-02 -6.058170430324038430e-02 -6.003652313152087888e-02 -4.909088673719948226e-02 -4.730439513410376884e-02 -4.340552569094291435e-02 -3.652452360560692196e-02 -1.877678486248989323e-02 -1.099380742501496373e-02 1.099380742501486138e-02 1.877678486248976486e-02 3.652452360560667910e-02 4.340552569094309476e-02 4.730439513410338026e-02 4.909088673719892021e-02 6.003652313152108011e-02 6.058170430324034267e-02 7.152205691537719123e-02 7.702939287167641369e-02 8.245855039084801219e-02 8.892365387558581746e-02 9.073440451863311329e-02 9.090728172846219979e-02 9.857912821392035563e-02
-9.450358302084337081e-02 -9.054586963642143049e-02 -8.812841850454451731e-02 -8.684317783675056523e-02 -8.026556884825437888e-02 -7.694186168736120990e-02 -6.793837651131008626e-02 -6.083947837692409155e-02 -5.720385722822102226e-02 -4.717059178576161332e-02 -4.650592674884905520e-02 -4.186608532001303423e-02 -3.554818839562404187e-02 -1.873953569768233712e-02 -1.072283755279926365e-02 1.072283755279919600e-02 1.873953569768244815e-02 3.554818839562370186e-02 4.186608532001323546e-02 4.650592674884879846e-02 4.717059178576180761e-02 5.720385722822091817e-02 6.083947837692395971e-02 6.793837651131044708e-02 7.694186168736077969e-02 8.026556884825430949e-02 8.684317783675055136e-02 8.812841850454423975e-02 9.054586963642148600e-02 9.450358302084331530e-02
-9.121673889151039882e-02 -8.971053389917153786e-02 -8.730604140324411955e-02 -8.277520086394082877e-02 -8.129385804031551144e-02 -7.372553703590950525e-02 -6.518000042944989414e-02 -6.112145507883975232e-02 -5.397485346550589397e-02 -4.730016759740773846e-02 -4.412172067089574490e-02 -4.042522263615681150e-02 -3.466265941238887843e-02 -1.869514352539956500e-02 -1.042227528062741014e-02 1.042227528062739106e-02 1.869514352539985297e-02 3.466265941238853843e-02 4.042522263615671435e-02 4.412172067089529387e-02 4.730016759740777316e-02 5.397485346550519314e-02 6.112145507883921108e-02 6.518000042945033823e-02 7.372553703590910279e-02 8.129385804031506735e-02 8.277520086394028753e-02 8.730604140324407791e-02 8.971053389917162113e-02 9.121673889151019066e-02
-9.090090864692119965e-02 -8.650186057905509540e-02 -8.618566793874644916e-02 -8.282316768584552236e-02 -7.871949532629519963e-02 -6.992582921653459072e-02 -6.509382526107929112e-02 -5.898411175207086271e-02 -5.120827904132738834e-02 -4.734739543752470442e-02 -4.209960545269773868e-02 -3.915499635248941707e-02 -3.378344503039789476e-02 -1.864022009650662115e-02 -1.009649273521402886e-02 1.009649273521412600e-02 1.864022009650665584e-02 3.378344503039742985e-02 3.915499635248976401e-02 4.209960545269754439e-02 4.734739543752537055e-02 5.120827904132688874e-02 5.898411175207099455e-02 6.509382526107918010e-02 6.992582921653460459e-02 7.871949532629458901e-02 8.282316768584555011e-02 8.618566793874617160e-02 8.650186057905519255e-02 9.090090864692154660e-02
-8.696723149602075820e-02 -8.571570019387241002e-02 -8.522547830578545980e-02 -8.148073227231451832e-02 -7.471474364502019017e-02 -6.643767848253617769e-02 -6.606524691262966043e-02 -5.562149780093064710e-02 -5.011539408652269934e-02 -4.610936792398197259e-02 -4.060819129050757814e-02 -3.807070400136391974e-02 -3.279164215163052343e-02 -1.857168842598510769e-02 -9.757815459943886341e-03 9.757815459944153488e-03 1.857168842598516320e-02 3.279164215163056506e-02 3.807070400136367688e-02 4.060819129050758508e-02 4.610936792398237505e-02 5.011539408652280342e-02 5.562149780093046669e-02 6.606524691262948001e-02 6.643767848253637198e-02 7.471474364502000975e-02 8.148073227231464322e-02 8.522547830578551531e-02 8.571570019387257655e-02 8.696723149602082759e-02
-8.576307149678785713e-02 -8.511479459264333081e-02 -8.270661089398402555e-02 -7.753060826438969155e-02 -7.104018340979414980e-02 -6.786436194229120145e-02 -6.222802465906354663e-02 -5.210646456709396718e-02 -5.069622665201536232e-02 -4.360545444984256780e-02 -3.975606610232801374e-02 -3.715919481206491487e-02 -3.160851463125217281e-02 -1.848799977471670200e-02 -9.424067782172515506e-03 9.424067782172459995e-03 1.848799977471664649e-02 3.160851463125252669e-02 3.715919481206508140e-02 3.975606610232834681e-02 4.360545444984312985e-02 5.069622665201543865e-02 5.210646456709399493e-02 6.222802465906344949e-02 6.786436194229075736e-02 7.104018340979430246e-02 7.753060826438941400e-02 8.270661089398380350e-02 8.511479459264317815e-02 8.576307149678777386e-02
-8.451251400095936839e-02 -8.166115977414399596e-02 -7.855356277415838362e-02 -7.344921541851195945e-02 -7.081790185149755557e-02 -6.606168739627267528e-02 -5.850055598960575420e-02 -5.177742747348898500e-02 -4.865990172958881838e-02 -4.100495632530500034e-02 -3.948998983647016014e-02 -3.638132368263628097e-02 -3.028184464397042433e-02 -1.839038303361030524e-02 -9.112264123386396714e-03 9.112264123385992523e-03 1.839038303361046484e-02 3.028184464397007045e-02 3.638132368263644056e-02 3.948998983647056260e-02 4.100495632530434115e-02 4.865990172958861715e-02 5.177742747348897112e-02 5.850055598960607339e-02 6.606168739627289732e-02 7.081790185149744454e-02 7.344921541851197333e-02 7.855356277415835586e-02 8.166115977414319105e-02 8.451251400095990962e-02
-8.402519242052543247e-02 -7.746342631607917861e-02 -7.453194577434830992e-02 -7.267808180728109468e-02 -6.935806384864005858e-02 -6.222449574202661843e-02 -5.547855906075931098e-02 -5.250765984400301845e-02 -4.548561152178778183e-02 -3.955343120541775920e-02 -3.869931959161817397e-02 -3.563965693200314699e-02 -2.894300386766790814e-02 -1.828349875279551562e-02 -8.829670501154135084e-03 8.829670501154223555e-03 1.828349875279552256e-02 2.894300386766832101e-02 3.563965693200329965e-02 3.869931959161806989e-02 3.955343120541784940e-02 4.548561152178847572e-02 5.250765984400373315e-02 5.547855906075938037e-02 6.222449574202654904e-02 6.935806384864036389e-02 7.267808180728152490e-02 7.453194577434843482e-02 7.746342631607937290e-02 8.402519242052516879e-02
-8.365425979349373764e-02 -7.522923139350763677e-02 -7.326729531873277246e-02 -7.010227805270745349e-02 -6.528752478734420328e-02 -5.827420957461530021e-02 -5.581640919535198891e-02 -5.016730216936417242e-02 -4.331945730454651866e-02 -3.913476790937425731e-02 -3.704741536782999584e-02 -3.468081068646541865e-02 -2.770999509715862952e-02 -1.817463291169353623e-02 -8.565480031957738855e-03 8.565480031957749263e-03 1.817463291169325521e-02 2.770999509715904238e-02 3.468081068646546722e-02 3.704741536783005829e-02 3.913476790937431976e-02 4.331945730454701826e-02 5.016730216936414466e-02 5.581640919535209300e-02 5.827420957461518225e-02 6.528752478734430043e-02 7.010227805270753676e-02 7.326729531873300838e-02 7.522923139350774779e-02 8.365425979349402907e-02
-8.340667684838749818e-02 -7.762515409060735672e-02 -6.907852787804448502e-02 -6.597822724347096601e-02 -6.132967025495483088e-02 -5.750226532573822491e-02 -5.434451222298332385e-02 -4.666976659157887758e-02 -4.327511911940241929e-02 -3.706813535363182033e-02 -3.627175801955789120e-02 -3.335996623045531934e-02 -2.665346302335660361e-02 -1.807064348183554450e-02 -8.288459178856915147e-03 8.288459178856946372e-03 1.807064348183558614e-02 2.665346302335641626e-02 3.335996623045517362e-02 3.627175801955828671e-02 3.706813535363186890e-02 4.327511911940196826e-02 4.666976659157878043e-02 5.434451222298330303e-02 5.750226532573823879e-02 6.132967025495448393e-02 6.597822724347077172e-02 6.907852787804454053e-02 7.762515409060663507e-02 8.340667684838755369e-02
-8.329221748200807407e-02 -8.014557518186733731e-02 -6.490425095970921154e-02 -6.184031123786475764e-02 -6.010207341583730795e-02 -5.678981510069322503e-02 -5.053037399552938458e-02 -4.432455305059794515e-02 -4.315425846701167328e-02 -3.604091387471931862e-02 -3.431415249189426198e-02 -3.206695677224963986e-02 -2.580129616170041829e-02 -1.797264618377490686e-02 -7.956654849993563886e-03 7.956654849993650622e-03 1.797264618377485829e-02 2.580129616170043216e-02 3.206695677224921659e-02 3.431415249189411626e-02 3.604091387471860392e-02 4.315425846701183982e-02 4.432455305059806311e-02 5.053037399552982867e-02 5.678981510069325972e-02 6.010207341583702345e-02 6.184031123786459805e-02 6.490425095970932257e-02 8.014557518186729568e-02 8.329221748200803244e-02
-8.342382755490709845e-02 -8.263442296814915711e-02 -6.233988015340518468e-02 -6.066080006458270113e-02 -5.771499815577741527e-02 -5.290819918232143176e-02 -4.766980092436537420e-02 -4.492889709349704580e-02 -3.979947494593154278e-02 -3.613073931782832121e-02 -3.163982168942043594e-02 -3.102735493536530956e-02 -2.513823531465980005e-02 -1.787005468119855570e-02 -7.540658430785949877e-03 7.540658430785936867e-03 1.787005468119834753e-02 2.513823531465931085e-02 3.102735493536517425e-02 3.163982168942026246e-02 3.613073931782835591e-02 3.979947494593166074e-02 4.492889709349686539e-02 4.766980092436531868e-02 5.290819918232136237e-02 5.771499815577758874e-02 6.066080006458301338e-02 6.233988015340549693e-02 8.263442296814900445e-02 8.342382755490730661e-02
-8.505651681840764589e-02 -8.330909048789042481e-02 -6.475376609114510962e-02 -5.653601779360793722e-02 -5.363311042067100964e-02 -4.892318965697719374e-02 -4.856424604828965541e-02 -4.209731333177854640e-02 -3.699734989451435724e-02 -3.630529442279133157e-02 -3.014761946264572431e-02 -2.938165299860026267e-02 -2.456525993497481186e-02 -1.773766905823879331e-02 -7.049689890949497814e-03 7.049689890949398935e-03 1.773766905823889045e-02 2.456525993497490207e-02 2.938165299860034940e-02 3.014761946264538778e-02 3.630529442279149116e-02 3.699734989451439887e-02 4.209731333177837292e-02 4.856424604828959296e-02 4.892318965697722843e-02 5.363311042067126638e-02 5.653601779360784702e-02 6.475376609114477655e-02 8.330909048789017501e-02 8.505651681840768752e-02
-8.396064873478427393e-02 -8.354882586752231111e-02 -6.734167893940988525e-02 -5.238555471874293407e-02 -5.099980960195219654e-02 -4.915978806757306807e-02 -4.496634302204090272e-02 -3.843564774157616493e-02 -3.738733829184926610e-02 -3.431420718003615200e-02 -2.904283507989083996e-02 -2.794446649635314375e-02 -2.381876065956003291e-02 -1.754097798846791442e-02 -6.539488765971785550e-03 6.539488765971537484e-03 1.754097798846826484e-02 2.381876065956021679e-02 2.794446649635320967e-02 2.904283507989059362e-02 3.431420718003589526e-02 3.738733829184900936e-02 3.843564774157611635e-02 4.496634302204099987e-02 4.915978806757301950e-02 5.099980960195215490e-02 5.238555471874317693e-02 6.734167893940977423e-02 8.354882586752221396e-02 8.396064873478420454e-02
-8.385783388293670260e-02 -8.286689532418563264e-02 -7.002282260727370200e-02 -5.314464518408807542e-02 -4.824476415007648150e-02 -4.528185937188590471e-02 -4.110241160785825520e-02 -3.852151204653690014e-02 -3.480410389921788361e-02 -3.297089426261688716e-02 -2.758038358116267352e-02 -2.729953509146689980e-02 -2.273308316345554886e-02 -1.725420187852859388e-02 -6.088117063963370719e-03 6.088117063963516436e-03 1.725420187852898593e-02 2.273308316345547600e-02 2.729953509146675408e-02 2.758038358116281577e-02 3.297089426261711614e-02 3.480410389921800157e-02 3.852151204653675443e-02 4.110241160785863684e-02 4.528185937188616145e-02 4.824476415007660640e-02 5.314464518408871380e-02 7.002282260727303587e-02 8.286689532418532733e-02 8.385783388293659157e-02
-8.422296767962168806e-02 -8.185385579838651282e-02 -7.273814900255681781e-02 -5.566897291231306943e-02 -4.412096302824958932e-02 -4.123384071105432036e-02 -4.018194243460310178e-02 -3.731129221527317713e-02 -3.227624350456848729e-02 -3.150789117841303055e-02 -2.783320954470451872e-02 -2.518511159169491143e-02 -2.161937610357225412e-02 -1.689035165306264352e-02 -5.744975892030200829e-03 5.744975892030108021e-03 1.689035165306288291e-02 2.161937610357235473e-02 2.518511159169492183e-02 2.783320954470427933e-02 3.150789117841301668e-02 3.227624350456893831e-02 3.731129221527286488e-02 4.018194243460317117e-02 4.123384071105408444e-02 4.412096302824960320e-02 5.566897291231302086e-02 7.273814900255684557e-02 8.185385579838640180e-02 8.422296767962195174e-02
-8.460712637734181529e-02 -8.108631071091164377e-02 -7.534166986820003964e-02 -5.835316224607434155e-02 -4.214588909358487484e-02 -3.998950976612054148e-02 -3.721025248983318018e-02 -3.435363279931151481e-02 -3.125433838350898108e-02 -3.028984878464299757e-02 -2.672326250692816721e-02 -2.326191299392509418e-02 -2.073085437436573281e-02 -1.652037071425628209e-02 -5.475044189994966032e-03 5.475044189994847203e-03 1.652037071425613290e-02 2.073085437436596526e-02 2.326191299392520867e-02 2.672326250692827823e-02 3.028984878464333411e-02 3.125433838350879373e-02 3.435363279931136216e-02 3.721025248983309691e-02 3.998950976612039576e-02 4.214588909358490953e-02 5.835316224607404317e-02 7.534166986819930412e-02 8.108631071091144948e-02 8.460712637734155162e-02
-8.495540417374809750e-02 -8.117202197991538193e-02 -7.724176171161617477e-02 -6.115759177937787894e-02 -4.441449320818667557e-02 -3.594372661859946555e-02 -3.338855150786412124e-02 -3.321830557842113396e-02 -3.134169433679210443e-02 -2.860483648515249611e-02 -2.386411487172578061e-02 -2.191676806733178912e-02 -2.007446355969397245e-02 -1.623095039603036915e-02 -5.145030748217592140e-03 5.145030748217378769e-03 1.623095039603045589e-02 2.007446355969374693e-02 2.191676806733155666e-02 2.386411487172567306e-02 2.860483648515244406e-02 3.134169433679196565e-02 3.321830557842122417e-02 3.338855150786401021e-02 3.594372661859918799e-02 4.441449320818634944e-02 6.115759177937813568e-02 7.724176171161620252e-02 8.117202197991500723e-02 8.495540417374811137e-02
-8.519463119252010386e-02 -8.301212633928152507e-02 -7.755074417051482927e-02 -6.405574071769674915e-02 -4.695295358584606477e-02 -3.364284692062619042e-02 -3.326376552973395878e-02 -3.162119637491244556e-02 -2.901802293139547559e-02 -2.542059538629411544e-02 -2.125978177469895619e-02 -2.123160016583853019e-02 -1.951778697936523699e-02 -1.600559524524224411e-02 -4.619111405992477014e-03 4.619111405992320021e-03 1.600559524524211574e-02 1.951778697936496984e-02 2.123160016583862733e-02 2.125978177469886946e-02 2.542059538629414320e-02 2.901802293139560743e-02 3.162119637491265373e-02 3.326376552973377837e-02 3.364284692062635695e-02 4.695295358584605783e-02 6.405574071769735978e-02 7.755074417051532887e-02 8.301212633928195528e-02 8.519463119252071448e-02
-8.575582491037779531e-02 -8.524073211997375277e-02 -7.713011465453732673e-02 -6.702337280426953758e-02 -4.969712414656100863e-02 -3.585967857541461079e-02 -3.316718661972156007e-02 -2.768823537293959094e-02 -2.516258074186024374e-02 -2.350284119982498643e-02 -2.024375413715917213e-02 -1.983845161526746198e-02 -1.875292390003362869e-02 -1.550002824455946372e-02 -3.932034463525168819e-03 3.932034463525359638e-03 1.550002824455979158e-02 1.875292390003342399e-02 1.983845161526717402e-02 2.024375413715923458e-02 2.350284119982492051e-02 2.516258074186031313e-02 2.768823537293964993e-02 3.316718661972135190e-02 3.585967857541442344e-02 4.969712414656073107e-02 6.702337280426870492e-02 7.713011465453750715e-02 8.524073211997421073e-02 8.575582491037792021e-02
-8.874731708660307805e-02 -8.502472055970587694e-02 -7.664308704128482141e-02 -7.003226178854357609e-02 -5.260209289097524110e-02 -3.839078695206140507e-02 -3.326763452386748143e-02 -2.457418493806948212e-02 -2.329503532539915420e-02 -2.146574268320732004e-02 -1.954432953211052496e-02 -1.840286318777078697e-02 -1.761543903739722430e-02 -1.435717714231119456e-02 -3.318507512871794133e-03 3.318507512871726479e-03 1.435717714231094823e-02 1.761543903739722430e-02 1.840286318777122065e-02 1.954432953211076435e-02 2.146574268320732351e-02 2.329503532539937277e-02 2.457418493806963825e-02 3.326763452386661407e-02 3.839078695206111363e-02 5.260209289097467905e-02 7.003226178854410344e-02 7.664308704128454386e-02 8.502472055970583531e-02 8.874731708660281437e-02
-9.182958719001108050e-02 -8.454001248313308681e-02 -7.624960416912414385e-02 -7.303670180397316136e-02 -5.563291437546721147e-02 -4.114239233161042647e-02 -3.351038304024234193e-02 -2.602348898082543563e-02 -2.003200160235428171e-02 -1.953097422362947214e-02 -1.936674504132275543e-02 -1.692475805553142823e-02 -1.498487434107013960e-02 -1.329760729826349151e-02 -2.970238189791766115e-03 2.970238189791745299e-03 1.329760729826331977e-02 1.498487434107003378e-02 1.692475805553147333e-02 1.936674504132240501e-02 1.953097422362943397e-02 2.003200160235458702e-02 2.602348898082569584e-02 3.351038304024216152e-02 4.114239233161020443e-02 5.563291437546741963e-02 7.303670180397323075e-02 7.624960416912374139e-02 8.454001248313262884e-02 9.182958719001126091e-02
-9.494788898739067728e-02 -8.391188409278829696e-02 -7.600052167397301772e-02 -7.592394476257526004e-02 -5.876215972819651828e-02 -4.406433732843474671e-02 -3.403477811686182047e-02 -2.792839753315989881e-02 -2.142003267803839830e-02 -1.912429667966770303e-02 -1.562033591811555489e-02 -1.360190828348620089e-02 -1.325940594389590603e-02 -1.281987540217528580e-02 -2.663539419963281956e-03 2.663539419963193485e-03 1.281987540217528060e-02 1.325940594389584011e-02 1.360190828348615578e-02 1.562033591811553060e-02 1.912429667966727975e-02 2.142003267803862035e-02 2.792839753315962820e-02 3.403477811686209109e-02 4.406433732843485079e-02 5.876215972819637950e-02 7.592394476257526004e-02 7.600052167397298997e-02 8.391188409278810267e-02 9.494788898739071892e-02
-9.806513494989109458e-02 -8.361333253426835033e-02 -7.828298381615694801e-02 -7.591736740526734695e-02 -6.196794302371634588e-02 -4.711939503744803914e-02 -3.516917076460296387e-02 -2.954068342084808022e-02 -2.340170000946741394e-02 -1.906449088202136211e-02 -1.345684791998343760e-02 -1.291739357152317004e-02 -1.148426452582406929e-02 -1.048590433336045805e-02 -1.921533931677713285e-03 1.921533931677657774e-03 1.048590433336034876e-02 1.148426452582412133e-02 1.291739357152342331e-02 1.345684791998334739e-02 1.906449088202180273e-02 2.340170000946713291e-02 2.954068342084831961e-02 3.516917076460315122e-02 4.711939503744814323e-02 6.196794302371638752e-02 7.591736740526805471e-02 7.828298381615736434e-02 8.361333253426822543e-02 9.806513494989056723e-02
-1.011329624092614232e-01 -8.479130497910014608e-02 -7.904557939734797867e-02 -7.600924438347972378e-02 -6.523214918232835002e-02 -5.027816287743395313e-02 -3.718040683408777025e-02 -3.047389175119060573e-02 -2.583082527627415803e-02 -1.905841848993539839e-02 -1.487989577825770370e-02 -1.339406519278413081e-02 -8.446750926277703242e-03 -7.900189576052511417e-03 -1.169214324377816725e-03 1.169214324377897823e-03 7.900189576052528764e-03 8.446750926278027635e-03 1.339406519278425051e-02 1.487989577825774186e-02 1.905841848993443041e-02 2.583082527627395680e-02 3.047389175119030735e-02 3.718040683408752045e-02 5.027816287743339801e-02 6.523214918232859982e-02 7.600924438347984868e-02 7.904557939734808969e-02 8.479130497910002118e-02 1.011329624092610485e-01
-1.040495075043065681e-01 -8.737621447759900961e-02 -7.835413949111084964e-02 -7.627828828815448603e-02 -6.853829657955129440e-02 -5.351677340484514017e-02 -3.986432855611467263e-02 -3.086863581500386838e-02 -2.860088960606635769e-02 -1.908837215673311882e-02 -1.731898164634344470e-02 -1.422401806168335954e-02 -8.376252909698955751e-03 -5.438933684156189129e-03 -8.452385863530543272e-04 8.452385863531384613e-04 5.438933684156137954e-03 8.376252909699160448e-03 1.422401806168357465e-02 1.731898164634343082e-02 1.908837215673251861e-02 2.860088960606632300e-02 3.086863581500408696e-02 3.986432855611443671e-02 5.351677340484524426e-02 6.853829657955180787e-02 7.627828828815430562e-02 7.835413949111053045e-02 8.737621447759950921e-02 1.040495075043069567e-01
-1.062342569110848317e-01 -9.042346173667004106e-02 -7.721333301318988873e-02 -7.672540423964226142e-02 -7.186623298888952793e-02 -5.681506150105492675e-02 -4.291033804290581705e-02 -3.162136034763793346e-02 -3.100819196850988085e-02 -2.024191177957207488e-02 -1.915013737055340504e-02 -1.555595478526026511e-02 -9.665917069224573555e-03 -6.632753890598803818e-03 -1.575827688387627630e-03 1.575827688387873527e-03 6.632753890598916575e-03 9.665917069224819885e-03 1.555595478526001357e-02 1.915013737055352300e-02 2.024191177957190488e-02 3.100819196851042903e-02 3.162136034763836367e-02 4.291033804290612236e-02 5.681506150105482961e-02 7.186623298888944467e-02 7.672540423964205325e-02 7.721333301318986098e-02 9.042346173667030473e-02 1.062342569110846791e-01
-1.077640249399803990e-01 -9.361883036844009798e-02 -7.738613698395961638e-02 -7.598674158097021292e-02 -7.515568466030013439e-02 -6.015427462187115243e-02 -4.615017514769106932e-02 -3.482119981772061057e-02 -3.107844282151927401e-02 -2.337062974975317314e-02 -1.928615697809555468e-02 -1.756487089261469375e-02 -1.104929392314860440e-02 -9.674654685392884354e-03 -5.138619326282873635e-03 5.138619326282761746e-03 9.674654685392867007e-03 1.104929392314956370e-02 1.756487089261494355e-02 1.928615697809541590e-02 2.337062974975290253e-02 3.107844282151893053e-02 3.482119981772032608e-02 4.615017514769104851e-02 6.015427462187065977e-02 7.515568466030006500e-02 7.598674158097039333e-02 7.738613698395983842e-02 9.361883036844008410e-02 1.077640249399804684e-01
-1.072054860152361344e-01 -9.687388858422793514e-02 -7.901279656971194054e-02 -7.762271777889319380e-02 -7.480830505638920436e-02 -6.351209869195857671e-02 -4.950332906203661759e-02 -3.814806367340038695e-02 -3.130936247788319859e-02 -2.642360192440944278e-02 -2.066079548774970784e-02 -1.902999994787744203e-02 -1.318507196318663074e-02 -1.217689097154036303e-02 -8.776946216114784802e-03 8.776946216114550614e-03 1.217689097154054691e-02 1.318507196318654574e-02 1.902999994787720958e-02 2.066079548774940253e-02 2.642360192440938380e-02 3.130936247788268512e-02 3.814806367340030369e-02 4.950332906203670780e-02 6.351209869195831303e-02 7.480830505638888517e-02 7.762271777889309665e-02 7.901279656971187115e-02 9.687388858422738003e-02 1.072054860152363565e-01
-1.056835634967924209e-01 -1.001526210156868102e-01 -8.220802128604209891e-02 -7.862337967276594730e-02 -7.377693014096343982e-02 -6.684264073005938278e-02 -5.292690037847844198e-02 -4.156438727988195914e-02 -3.243530098276232315e-02 -2.863960304568471602e-02 -2.377570218690888693e-02 -1.917470209088115163e-02 -1.685889461340996445e-02 -1.388836385150885554e-02 -1.157280359334498208e-02 1.157280359334499249e-02 1.388836385150885033e-02 1.685889461340995057e-02 1.917470209088109265e-02 2.377570218690864406e-02 2.863960304568465703e-02 3.243530098276165702e-02 4.156438727988144566e-02 5.292690037847833096e-02 6.684264073005871665e-02 7.377693014096343982e-02 7.862337967276521178e-02 8.220802128604165482e-02 1.001526210156867547e-01 1.056835634967922266e-01
-1.038985442931036340e-01 -1.034323480825777575e-01 -8.556735673974971701e-02 -7.950557853625957183e-02 -7.316051355395379596e-02 -6.991094677452829032e-02 -5.639480002038467499e-02 -4.504327093498579349e-02 -3.513005306408081840e-02 -2.933693138145305676e-02 -2.720591401366748499e-02 -2.059219533839546853e-02 -1.921673866421292481e-02 -1.723271077046232419e-02 -1.255594453391872811e-02 1.255594453391870383e-02 1.723271077046219929e-02 1.921673866421314339e-02 2.059219533839536445e-02 2.720591401366760989e-02 2.933693138145263002e-02 3.513005306408092943e-02 4.504327093498566859e-02 5.639480002038449458e-02 6.991094677452852624e-02 7.316051355395322697e-02 7.950557853625951632e-02 8.556735673975078560e-02 1.034323480825771885e-01 1.038985442931039255e-01
-1.066896529665396914e-01 -1.021524341127250934e-01 -8.892551687635581736e-02 -8.035117919380838081e-02 -7.457017953017786027e-02 -7.112914193043713695e-02 -5.988900944205270693e-02 -4.856523059860053809e-02 -3.848793972894974658e-02 -3.077088963294217702e-02 -2.944466982828607832e-02 -2.431408444428878601e-02 -2.104635186103931410e-02 -1.915310868456222837e-02 -1.301069742324018237e-02 1.301069742324011992e-02 1.915310868456199592e-02 2.104635186103905389e-02 2.431408444428869581e-02 2.944466982828652241e-02 3.077088963294198967e-02 3.848793972894970494e-02 4.856523059860021890e-02 5.988900944205272775e-02 7.112914193043659572e-02 7.457017953017830436e-02 8.035117919380865836e-02 8.892551687635602553e-02 1.021524341127252045e-01 1.066896529665388865e-01
-1.098858283036169836e-01 -1.006625728081127769e-01 -9.221568008513340853e-02 -8.108642214665395809e-02 -7.771244950907395255e-02 -7.080733467348589161e-02 -6.339506239452209757e-02 -5.211588452928064830e-02 -4.202833306275841757e-02 -3.440620518144141271e-02 -2.973161489184762696e-02 -2.771415505269191754e-02 -2.486784807623689322e-02 -1.909163522497346957e-02 -1.331911122451383094e-02 1.331911122451380838e-02 1.909163522497358059e-02 2.486784807623748997e-02 2.771415505269162610e-02 2.973161489184771369e-02 3.440620518144169027e-02 4.202833306275877145e-02 5.211588452928118259e-02 6.339506239452274983e-02 7.080733467348544752e-02 7.771244950907361948e-02 8.108642214665433279e-02 9.221568008513400527e-02 1.006625728081132071e-01 1.098858283036173167e-01
-1.129282982395409668e-01 -9.979579474978084175e-02 -9.522038676458050022e-02 -8.159642050030008198e-02 -8.109150165015172051e-02 -7.045201679097240488e-02 -6.689827361084003943e-02 -5.568436043182771467e-02 -4.563515224194000103e-02 -3.807893555648281247e-02 -3.234106185894509988e-02 -2.875452150458716882e-02 -2.870977576659718838e-02 -1.896174031105144972e-02 -1.355053431485651015e-02 1.355053431485658821e-02 1.896174031105144972e-02 2.870977576659705308e-02 2.875452150458741515e-02 3.234106185894519009e-02 3.807893555648252104e-02 4.563515224193962633e-02 5.568436043182734690e-02 6.689827361083974799e-02 7.045201679097229386e-02 8.109150165015076295e-02 8.159642050029977667e-02 9.522038676458037532e-02 9.979579474978025888e-02 1.129282982395403701e-01
-1.155332352662637591e-01 -1.006722774547158111e-01 -9.697120289561919626e-02 -8.451552230991345172e-02 -8.175630566848078595e-02 -7.037677522269585040e-02 -7.025948156310206361e-02 -5.926218253315472528e-02 -4.926951226051948934e-02 -4.177006710271351925e-02 -3.600973489099396074e-02 -3.254683164248345362e-02 -2.873232281021277992e-02 -1.877185717215830094e-02 -1.372915425908655639e-02 1.372915425908623720e-02 1.877185717215822114e-02 2.873232281021284931e-02 3.254683164248330790e-02 3.600973489099350971e-02 4.177006710271284617e-02 4.926951226051929505e-02 5.926218253315457957e-02 7.025948156310192483e-02 7.037677522269523978e-02 8.175630566848091085e-02 8.451552230991267456e-02 9.697120289561916850e-02 1.006722774547156585e-01 1.155332352662638840e-01
-1.169710320573934259e-01 -1.034285116650377478e-01 -9.743815765587275635e-02 -8.794683229561901794e-02 -8.151430511257889977e-02 -7.377548207475080611e-02 -7.026517987427227663e-02 -6.284238701317737541e-02 -5.291323998913360221e-02 -4.546765651191793378e-02 -3.975929882161024359e-02 -3.637134584051242292e-02 -2.864166317539544246e-02 -1.852627689434652516e-02 -1.386655997816258097e-02 1.386655997816253413e-02 1.852627689434705252e-02 2.864166317539549450e-02 3.637134584051260333e-02 3.975929882161032686e-02 4.546765651191869012e-02 5.291323998913369936e-02 6.284238701317722275e-02 7.026517987427256806e-02 7.377548207475091713e-02 8.151430511257905243e-02 8.794683229561879589e-02 9.743815765587245104e-02 1.034285116650375674e-01 1.169710320573934259e-01
-1.167568896525071898e-01 -1.066484321998441842e-01 -9.803813557468639417e-02 -9.136835735130330316e-02 -8.113228819107172474e-02 -7.682994738987207473e-02 -7.047696724671626001e-02 -6.641816498131368485e-02 -5.655540416924107611e-02 -4.916366837973865783e-02 -4.351589732822845613e-02 -4.017943080251129562e-02 -2.856563711732369726e-02 -1.823361405978239994e-02 -1.396913049955805612e-02 1.396913049955799194e-02 1.823361405978227157e-02 2.856563711732340582e-02 4.017943080251171889e-02 4.351589732822850470e-02 4.916366837973833170e-02 5.655540416924105529e-02 6.641816498131408730e-02 7.047696724671628776e-02 7.682994738987262984e-02 8.113228819107179413e-02 9.136835735130355296e-02 9.803813557468628315e-02 1.066484321998437818e-01 1.167568896525072453e-01
-1.153925632055598088e-01 -1.099626966809301304e-01 -9.904179438142794722e-02 -9.476414245756843713e-02 -8.220773497101371841e-02 -7.804043267832476427e-02 -7.090916478970844816e-02 -6.996526874276366714e-02 -6.018750377056501094e-02 -5.285235756984260624e-02 -4.726375535658828425e-02 -4.396863346954735241e-02 -2.852580578223480601e-02 -1.790713879908277517e-02 -1.404055471312893634e-02 1.404055471312892767e-02 1.790713879908285497e-02 2.852580578223494479e-02 4.396863346954765772e-02 4.726375535658821486e-02 5.285235756984326544e-02 6.018750377056514972e-02 6.996526874276383368e-02 7.090916478970883674e-02 7.804043267832484754e-02 8.220773497101345473e-02 9.476414245756910326e-02 9.904179438142809988e-02 1.099626966809296585e-01 1.153925632055596978e-01
-1.134469259070360753e-01 -1.132975294866036542e-01 -1.003909435732978500e-01 -9.810656156693796370e-02 -8.517075443061258855e-02 -7.711142818307552271e-02 -7.357235504989333152e-02 -7.145600071713993640e-02 -6.379974886683650870e-02 -5.652936779871129552e-02 -5.099650586293508897e-02 -4.773716204652166117e-02 -2.853165236889896109e-02 -1.756393412228385992e-02 -1.408304621749485036e-02 1.408304621749507934e-02 1.756393412228365175e-02 2.853165236889929068e-02 4.773716204652139056e-02 5.099650586293524163e-02 5.652936779871062245e-02 6.379974886683617563e-02 7.145600071713990864e-02 7.357235504989335928e-02 7.711142818307549496e-02 8.517075443061221385e-02 9.810656156693753349e-02 1.003909435732980859e-01 1.132975294866036542e-01 1.134469259070361863e-01
-1.166283881292616148e-01 -1.113086154247552167e-01 -1.019949836743777871e-01 -1.013163404877114870e-01 -8.851444362822566414e-02 -7.711028944523341810e-02 -7.568106875337636541e-02 -7.222343175146370142e-02 -6.737058997927675152e-02 -6.019117158872535484e-02 -5.471040972972383148e-02 -5.148356270324686013e-02 -2.858731173917153714e-02 -1.722331545236749362e-02 -1.409830413482194254e-02 1.409830413482189744e-02 1.722331545236744157e-02 2.858731173917164817e-02 5.148356270324667278e-02 5.471040972972322780e-02 6.019117158872513973e-02 6.737058997927625192e-02 7.222343175146370142e-02 7.568106875337665684e-02 7.711028944523305728e-02 8.851444362822477596e-02 1.013163404877116813e-01 1.019949836743782312e-01 1.113086154247560772e-01 1.166283881292611707e-01
-1.199423401125563476e-01 -1.095321750825167112e-01 -1.040063318775980988e-01 -1.037802763631309744e-01 -9.192768029513620487e-02 -8.063469678126822249e-02 -7.427123534962976059e-02 -7.312644966416398384e-02 -7.077143230819606112e-02 -6.383462919536760094e-02 -5.840246220337649147e-02 -5.520656218850676644e-02 -2.869292954895649034e-02 -1.690458789520035698e-02 -1.408870370516237397e-02 1.408870370516228029e-02 1.690458789520032923e-02 2.869292954895670197e-02 5.520656218850666930e-02 5.840246220337639432e-02 6.383462919536796176e-02 7.077143230819621378e-02 7.312644966416398384e-02 7.427123534963020468e-02 8.063469678126837514e-02 9.192768029513630201e-02 1.037802763631313213e-01 1.040063318775983486e-01 1.095321750825166002e-01 1.199423401125560423e-01
-1.232285010909595219e-01 -1.099934186811677012e-01 -1.056927745979220623e-01 -1.044027018617990910e-01 -9.535101481886597286e-02 -8.413506745231671968e-02 -7.506702721811107926e-02 -7.413829627295984159e-02 -7.193743018016510171e-02 -6.745637120597990088e-02 -6.206890081774640161e-02 -5.890497954002150288e-02 -2.884478947066398263e-02 -1.662430406043104505e-02 -1.405886197307792615e-02 1.405886197307782554e-02 1.662430406043070505e-02 2.884478947066498183e-02 5.890497954002169023e-02 6.206890081774637385e-02 6.745637120597952618e-02 7.193743018016525437e-02 7.413829627295991098e-02 7.506702721811087109e-02 8.413506745231691397e-02 9.535101481886590347e-02 1.044027018617988134e-01 1.056927745979215905e-01 1.099934186811678122e-01 1.232285010909598411e-01
-1.264723430911462720e-01 -1.126688186513167822e-01 -1.076920121209754416e-01 -1.026099965212600856e-01 -9.876425009570616309e-02 -8.760009441853930379e-02 -7.838632659787585222e-02 -7.522086376435757615e-02 -7.105075498509362542e-02 -7.062458758731329778e-02 -6.569841818217110607e-02 -6.257766387441504596e-02 -2.903510817222191426e-02 -1.639367477257027209e-02 -1.401711547068329976e-02 1.401711547068297016e-02 1.639367477257041433e-02 2.903510817222201487e-02 6.257766387441453249e-02 6.569841818217080076e-02 7.062458758731311737e-02 7.105075498509355603e-02 7.522086376435747901e-02 7.838632659787604651e-02 8.760009441853935930e-02 9.876425009570605207e-02 1.026099965212595444e-01 1.076920121209759551e-01 1.126688186513171153e-01 1.264723430911462165e-01
-1.296450348478969117e-01 -1.158064209811054124e-01 -1.097449904864726405e-01 -1.021563244364088463e-01 -1.004786829913019708e-01 -9.099993942841706762e-02 -8.187221464777939828e-02 -7.634059167735057772e-02 -7.459145273685950650e-02 -6.970124659133088152e-02 -6.882364025254374129e-02 -6.622342335646973221e-02 -2.925184754640148752e-02 -1.621740922394135018e-02 -1.397574491929009198e-02 1.397574491928949524e-02 1.621740922394184284e-02 2.925184754640156037e-02 6.622342335646917710e-02 6.882364025254363027e-02 6.970124659133047906e-02 7.459145273685957589e-02 7.634059167735085527e-02 8.187221464777984237e-02 9.099993942841716477e-02 1.004786829913014573e-01 1.021563244364085826e-01 1.097449904864723352e-01 1.158064209811051487e-01 1.296450348478973835e-01
-1.326639090464431237e-01 -1.190357728755956634e-01 -1.118209952701796073e-01 -1.055172703970340409e-01 -9.862626955222549008e-02 -9.417432757021654277e-02 -8.536388030205482869e-02 -7.832463768609188026e-02 -7.716510208589495712e-02 -7.299120261472871740e-02 -6.984085907677461957e-02 -6.781728759070759782e-02 -2.947878375775677545e-02 -1.609501503402850295e-02 -1.394897200697420986e-02 1.394897200697494018e-02 1.609501503402853070e-02 2.947878375775639034e-02 6.781728759070834722e-02 6.984085907677468896e-02 7.299120261472810678e-02 7.716510208589485997e-02 7.832463768609167210e-02 8.536388030205444011e-02 9.417432757021650114e-02 9.862626955222536518e-02 1.055172703970346376e-01 1.118209952701797738e-01 1.190357728755961769e-01 1.326639090464426241e-01
-1.351674189427585493e-01 -1.222811576222599256e-01 -1.138870491374812388e-01 -1.088322150134333616e-01 -9.885105391876466974e-02 -9.552502335947656020e-02 -8.883889198428883416e-02 -8.177468517223415723e-02 -7.804327509537647978e-02 -7.654263688318957426e-02 -7.342758398210452730e-02 -6.668468941661771787e-02 -2.969605075404780151e-02 -1.602409982674616803e-02 -1.394920008644405345e-02 1.394920008644335956e-02 1.602409982674682029e-02 2.969605075404770783e-02 6.668468941661752358e-02 7.342758398210474935e-02 7.654263688318931058e-02 7.804327509537647978e-02 8.177468517223407396e-02 8.883889198428898681e-02 9.552502335947693490e-02 9.885105391876561343e-02 1.088322150134331534e-01 1.138870491374811417e-01 1.222811576222593011e-01 1.351674189427596318e-01
-1.356572239578979489e-01 -1.255175709286966146e-01 -1.159068785017390579e-01 -1.120666517538036894e-01 -1.017793604361777321e-01 -9.462240079158383554e-02 -9.228957250129987688e-02 -8.525867518146192092e-02 -8.007601549455736767e-02 -7.849466680167639654e-02 -7.696885750723241049e-02 -6.574045419165588933e-02 -2.988134313207120585e-02 -1.600403472330606466e-02 -1.398311912834636003e-02 1.398311912834598533e-02 1.600403472330593629e-02 2.988134313207158749e-02 6.574045419165554238e-02 7.696885750723259090e-02 7.849466680167632715e-02 8.007601549455781176e-02 8.525867518146154622e-02 9.228957250130036261e-02 9.462240079158326655e-02 1.017793604361780652e-01 1.120666517538037865e-01 1.159068785017388498e-01 1.255175709286968366e-01 1.356572239578977268e-01
-1.340426205974884211e-01 -1.287332391299892687e-01 -1.178741572035921781e-01 -1.151017627430830914e-01 -1.050485150160824360e-01 -9.571141294926605037e-02 -9.402275787683551933e-02 -8.871498571152044987e-02 -8.358177761104849945e-02 -8.054565128728283230e-02 -7.831126605475462188e-02 -6.502159415497379968e-02 -3.001186043113238805e-02 -1.603859525726584676e-02 -1.404901540640952212e-02 1.404901540641018479e-02 1.603859525726523960e-02 3.001186043113227356e-02 6.502159415497350825e-02 7.831126605475426106e-02 8.054565128728302659e-02 8.358177761104902681e-02 8.871498571152063028e-02 9.402275787683500585e-02 9.571141294926570342e-02 1.050485150160823389e-01 1.151017627430825224e-01 1.178741572035924001e-01 1.287332391299897683e-01 1.340426205974885043e-01
-1.322794581565255034e-01 -1.319205707066689326e-01 -1.200319855913446893e-01 -1.174552551765936648e-01 -1.083494890937016369e-01 -9.910029689550012288e-02 -9.414387553090360072e-02 -9.211020839584910247e-02 -8.705688365170512200e-02 -8.403053412231370478e-02 -7.754607400311103182e-02 -6.455168013444118058e-02 -3.006686327441929207e-02 -1.613668070552002481e-02 -1.413612559470941304e-02 1.413612559470904355e-02 1.613668070551943501e-02 3.006686327441964249e-02 6.455168013444087527e-02 7.754607400311050447e-02 8.403053412231377417e-02 8.705688365170528853e-02 9.211020839584914410e-02 9.414387553090389216e-02 9.910029689550024778e-02 1.083494890937012900e-01 1.174552551765935676e-01 1.200319855913442035e-01 1.319205707066691546e-01 1.322794581565254757e-01
-1.350727900406249182e-01 -1.312337345728696869e-01 -1.227720183444454133e-01 -1.183438900145716566e-01 -1.116388349979475503e-01 -1.024505618602212648e-01 -9.573770995251931759e-02 -9.464419462314781206e-02 -9.049934319839166019e-02 -8.749212618230531313e-02 -7.622225252122236117e-02 -6.434492755235290962e-02 -3.003041555426631815e-02 -1.630989060974988303e-02 -1.422719339591364471e-02 1.422719339591290225e-02 1.630989060975050059e-02 3.003041555426630080e-02 6.434492755235263206e-02 7.622225252122059869e-02 8.749212618230625682e-02 9.049934319839067487e-02 9.464419462314686837e-02 9.573770995251902616e-02 1.024505618602215284e-01 1.116388349979474809e-01 1.183438900145714623e-01 1.227720183444452468e-01 1.312337345728695204e-01 1.350727900406259174e-01
-1.381814153216490981e-01 -1.313134081069661230e-01 -1.258121992234254860e-01 -1.177522810731331526e-01 -1.149033697931708398e-01 -1.057502336332418191e-01 -9.901280302524131938e-02 -9.594100987368661682e-02 -9.390728884771472329e-02 -9.092111346477459166e-02 -7.453045461929358462e-02 -6.440555159398078655e-02 -2.989364061105024423e-02 -1.656640940444696619e-02 -1.430472302856241988e-02 1.430472302856242856e-02 1.656640940444665394e-02 2.989364061105027545e-02 6.440555159398120288e-02 7.453045461929343196e-02 9.092111346477441125e-02 9.390728884771526452e-02 9.594100987368651967e-02 9.901280302524056998e-02 1.057502336332409448e-01 1.149033697931701181e-01 1.177522810731332220e-01 1.258121992234257913e-01 1.313134081069655956e-01 1.381814153216494867e-01
-1.412316245990942742e-01 -1.323718632877806667e-01 -1.289201278583183841e-01 -1.181367332020619582e-01 -1.161336002241337567e-01 -1.089558013571200606e-01 -1.023374857369359764e-01 -9.747369244978282277e-02 -9.727845321074977958e-02 -9.431526905260977089e-02 -7.263994208455261392e-02 -6.472736580630865377e-02 -2.965582481394627920e-02 -1.690444542110670911e-02 -1.435764777502522745e-02 1.435764777502511642e-02 1.690444542110702830e-02 2.965582481394607103e-02 6.472736580630911174e-02 7.263994208455290535e-02 9.431526905261017335e-02 9.727845321075008489e-02 9.747369244978286440e-02 1.023374857369359903e-01 1.089558013571203382e-01 1.161336002241332988e-01 1.181367332020614308e-01 1.289201278583184118e-01 1.323718632877806944e-01 1.412316245990941355e-01
-1.441869875966566850e-01 -1.340070066837650009e-01 -1.320297018805383360e-01 -1.213344915254561118e-01 -1.144013075447050803e-01 -1.116364041473129481e-01 -1.056362682146064214e-01 -1.006089206074515796e-01 -9.920517136536491365e-02 -9.767306374615561393e-02 -7.067279335107763683e-02 -6.529448415601911415e-02 -2.932405364443422743e-02 -1.731044153231418858e-02 -1.438318913450233744e-02 1.438318913450201478e-02 1.731044153231457369e-02 2.932405364443396029e-02 6.529448415601946110e-02 7.067279335107744254e-02 9.767306374615590536e-02 9.920517136536555203e-02 1.006089206074519127e-01 1.056362682146054222e-01 1.116364041473129481e-01 1.144013075447054689e-01 1.213344915254553208e-01 1.320297018805386136e-01 1.340070066837652785e-01 1.441869875966559078e-01
-1.469104534138568896e-01 -1.359372149694816623e-01 -1.351187742169461248e-01 -1.244923438497842899e-01 -1.159956121426923004e-01 -1.106732837358369304e-01 -1.089005546790905582e-01 -1.038858705169140723e-01 -1.010715471045812441e-01 -1.009914308758883272e-01 -6.871367484352679245e-02 -6.608299715710826139e-02 -2.891160048386945056e-02 -1.776214439163715381e-02 -1.438384936048901601e-02 1.438384936048885294e-02 1.776214439163716075e-02 2.891160048386958586e-02 6.608299715710821975e-02 6.871367484352688959e-02 1.009914308758879664e-01 1.010715471045809249e-01 1.038858705169141555e-01 1.089005546790910023e-01 1.106732837358372912e-01 1.159956121426921338e-01 1.244923438497839846e-01 1.351187742169463746e-01 1.359372149694821619e-01 1.469104534138570284e-01
-1.485316225451531191e-01 -1.381779445896122172e-01 -1.380171293064769711e-01 -1.276045315436661054e-01 -1.190169307363964368e-01 -1.121268790873729132e-01 -1.083525863216995011e-01 -1.068810303151176144e-01 -1.042745491814222464e-01 -1.030205753995772355e-01 -6.706296789075327780e-02 -6.682465149583377562e-02 -2.843568399614000361e-02 -1.823237906739762909e-02 -1.436376703076569852e-02 1.436376703076559617e-02 1.823237906739758399e-02 2.843568399614010075e-02 6.682465149583378949e-02 6.706296789075291698e-02 1.030205753995767498e-01 1.042745491814216774e-01 1.068810303151173369e-01 1.083525863216993762e-01 1.121268790873726912e-01 1.190169307363965617e-01 1.276045315436659111e-01 1.380171293064762494e-01 1.381779445896119396e-01 1.485316225451533689e-01
-1.470142641041819465e-01 -1.412004836107817185e-01 -1.401742206695016091e-01 -1.306601521137311372e-01 -1.221152325988885678e-01 -1.153127003150947322e-01 -1.104970313915927815e-01 -1.075152113229214251e-01 -1.052054890252346192e-01 -1.050236838227586872e-01 -6.819993436068391701e-02 -6.505542694806679127e-02 -2.791526506346185543e-02 -1.869134092051087312e-02 -1.432675714555501148e-02 1.432675714555520056e-02 1.869134092051032842e-02 2.791526506346220932e-02 6.505542694806665249e-02 6.819993436068381987e-02 1.050236838227593533e-01 1.052054890252346886e-01 1.075152113229217860e-01 1.104970313915924762e-01 1.153127003150946905e-01 1.221152325988887344e-01 1.306601521137312483e-01 1.401742206695021642e-01 1.412004836107817185e-01 1.470142641041817244e-01
-1.441833862723440884e-01 -1.441734741478021553e-01 -1.423667497423800055e-01 -1.336277432158913259e-01 -1.251988577394871349e-01 -1.184554041614429704e-01 -1.136402402756525043e-01 -1.107141061673367344e-01 -1.070501909393191120e-01 -1.024696749626113901e-01 -6.945515969966310765e-02 -6.344900901932547244e-02 -2.736933155584911695e-02 -1.910788376385290713e-02 -1.427574977286779484e-02 1.427574977286787637e-02 1.910788376385278917e-02 2.736933155584907185e-02 6.344900901932544468e-02 6.945515969966301051e-02 1.024696749626111125e-01 1.070501909393189871e-01 1.107141061673365401e-01 1.136402402756528929e-01 1.184554041614423459e-01 1.251988577394877455e-01 1.336277432158911871e-01 1.423667497423805051e-01 1.441734741478024329e-01 1.441833862723437554e-01
-1.471231433896510732e-01 -1.445693435318863851e-01 -1.413157509285047353e-01 -1.363310128591740666e-01 -1.282492611473619593e-01 -1.215514282733697465e-01 -1.167665229368338581e-01 -1.138697285802882375e-01 -1.090716858624728725e-01 -9.975048589111015773e-02 -7.078384510876155333e-02 -6.204412487727116454e-02 -2.681582249689585737e-02 -1.945082951254070713e-02 -1.421283097737629543e-02 1.421283097737634400e-02 1.945082951254085979e-02 2.681582249689597880e-02 6.204412487727140740e-02 7.078384510876148394e-02 9.975048589110924180e-02 1.090716858624736496e-01 1.138697285802877796e-01 1.167665229368348018e-01 1.215514282733701212e-01 1.282492611473615429e-01 1.363310128591735393e-01 1.413157509285044300e-01 1.445693435318861075e-01 1.471231433896509067e-01
-1.500166120877099163e-01 -1.467631818664134336e-01 -1.406245105452422761e-01 -1.368012047038367207e-01 -1.312593099114917894e-01 -1.245937086806000876e-01 -1.198540896196591682e-01 -1.169804856053113934e-01 -1.110527498535374136e-01 -9.712388612640213137e-02 -7.213010681736729823e-02 -6.087532390874046684e-02 -2.627112717443176246e-02 -1.969093536680734113e-02 -1.413943581769946251e-02 1.413943581769963077e-02 1.969093536680786155e-02 2.627112717443170348e-02 6.087532390874020316e-02 7.213010681736765906e-02 9.712388612640308894e-02 1.110527498535370527e-01 1.169804856053116432e-01 1.198540896196588212e-01 1.245937086805998378e-01 1.312593099114912343e-01 1.368012047038368595e-01 1.406245105452427480e-01 1.467631818664127952e-01 1.500166120877096942e-01
-1.528603323072109388e-01 -1.489313401354404875e-01 -1.430336104209726511e-01 -1.342265480766067220e-01 -1.342248914036568430e-01 -1.275564943584235333e-01 -1.228976999964343231e-01 -1.200445385426832934e-01 -1.129377854762653871e-01 -9.466532848548472878e-02 -7.341654875805483926e-02 -5.997142148619206276e-02 -2.574999822632587088e-02 -1.980367235956051811e-02 -1.405653274705800579e-02 1.405653274705809253e-02 1.980367235956088934e-02 2.574999822632567659e-02 5.997142148619254848e-02 7.341654875805443681e-02 9.466532848548471490e-02 1.129377854762641936e-01 1.200445385426837513e-01 1.228976999964344202e-01 1.275564943584233946e-01 1.342248914036569818e-01 1.342265480766066665e-01 1.430336104209733450e-01 1.489313401354399324e-01 1.528603323072108000e-01
-1.556498024076661268e-01 -1.510544529984248763e-01 -1.457914175760473552e-01 -1.371428439976089542e-01 -1.318674104461934338e-01 -1.300507610839949924e-01 -1.258945583209078733e-01 -1.230591509386532723e-01 -1.146202540457707114e-01 -9.248656076318872987e-02 -7.452561000450941275e-02 -5.935300246611589781e-02 -2.526570674160237562e-02 -1.977247904743115875e-02 -1.396476350231162095e-02 1.396476350231176319e-02 1.977247904743143284e-02 2.526570674160215357e-02 5.935300246611559943e-02 7.452561000450891315e-02 9.248656076318760577e-02 1.146202540457708224e-01 1.230591509386532167e-01 1.258945583209076513e-01 1.300507610839941319e-01 1.318674104461930174e-01 1.371428439976093427e-01 1.457914175760476050e-01 1.510544529984238493e-01 1.556498024076663766e-01
-1.583777306406704000e-01 -1.531039693452444506e-01 -1.485641919060180227e-01 -1.400101680290760098e-01 -1.336955201828323447e-01 -1.288424795105479470e-01 -1.286828781658874710e-01 -1.260132291790206915e-01 -1.158682538468633477e-01 -9.076227984695245388e-02 -7.527635543457640577e-02 -5.902994931148030505e-02 -2.483029456340768784e-02 -1.959169975312181552e-02 -1.386454153367564293e-02 1.386454153367603498e-02 1.959169975312183287e-02 2.483029456340778846e-02 5.902994931148079077e-02 7.527635543457610046e-02 9.076227984695234285e-02 1.158682538468640555e-01 1.260132291790207193e-01 1.286828781658874710e-01 1.288424795105480303e-01 1.336955201828327611e-01 1.400101680290756767e-01 1.485641919060185223e-01 1.531039693452450334e-01 1.583777306406703445e-01
-1.610281834458791306e-01 -1.550265057794714407e-01 -1.513061259807732262e-01 -1.428234419171065805e-01 -1.364894995244775033e-01 -1.317394341739651642e-01 -1.289820016144584136e-01 -1.271068232300535950e-01 -1.162175544752313133e-01 -8.972022495605831705e-02 -7.543551580018850733e-02 -5.900004292380812282e-02 -2.445481222987672815e-02 -1.926822948001725988e-02 -1.375611986194927479e-02 1.375611986194934244e-02 1.926822948001722519e-02 2.445481222987682876e-02 5.900004292380842813e-02 7.543551580018846570e-02 8.972022495605876113e-02 1.162175544752307305e-01 1.271068232300525680e-01 1.289820016144595793e-01 1.317394341739656916e-01 1.364894995244773646e-01 1.428234419171066916e-01 1.513061259807736425e-01 1.550265057794714407e-01 1.610281834458802963e-01
-1.635478367919430687e-01 -1.566985168218489599e-01 -1.540033053670400442e-01 -1.455778031209890300e-01 -1.392801827500799727e-01 -1.345833678093893149e-01 -1.318273152357819500e-01 -1.268953814746607567e-01 -1.152128611708748834e-01 -8.951701269048026322e-02 -7.484209691601773073e-02 -5.924931960470206788e-02 -2.414945664253182259e-02 -1.882119533244881737e-02 -1.363963815321228394e-02 1.363963815321212261e-02 1.882119533244885207e-02 2.414945664253240545e-02 5.924931960470264380e-02 7.484209691601773073e-02 8.951701269048065179e-02 1.152128611708750916e-01 1.268953814746594799e-01 1.318273152357818945e-01 1.345833678093883712e-01 1.392801827500801393e-01 1.455778031209888912e-01 1.540033053670409324e-01 1.566985168218490709e-01 1.635478367919426523e-01
-1.655942752322924483e-01 -1.577888760364449527e-01 -1.566490679217235893e-01 -1.482637534755364417e-01 -1.420277630119378964e-01 -1.373720532221067159e-01 -1.346342165102557276e-01 -1.277844075010571290e-01 -1.130754002908517519e-01 -9.008413636892240173e-02 -7.356156892034805550e-02 -5.975412514167206812e-02 -2.392353917722360446e-02 -1.827971177955960147e-02 -1.351515587067861866e-02 1.351515587067877652e-02 1.827971177955976106e-02 2.392353917722371201e-02 5.975412514167149913e-02 7.356156892034770856e-02 9.008413636892176335e-02 1.130754002908524458e-01 1.277844075010578506e-01 1.346342165102557276e-01 1.373720532221073543e-01 1.420277630119366752e-01 1.482637534755364417e-01 1.566490679217237003e-01 1.577888760364445642e-01 1.655942752322921152e-01
-1.659934340378333151e-01 -1.592390201963355678e-01 -1.575885730446068000e-01 -1.508510255092056218e-01 -1.447230490193781305e-01 -1.401028070444007290e-01 -1.373869094263068524e-01 -1.292532374841741660e-01 -1.103508167560688369e-01 -9.119658655254772595e-02 -7.181734089933235199e-02 -6.048411807099968868e-02 -2.378522762373707147e-02 -1.767941330225824073e-02 -1.338267513293570424e-02 1.338267513293580138e-02 1.767941330225847318e-02 2.378522762373675228e-02 6.048411807100019522e-02 7.181734089933328180e-02 9.119658655254780921e-02 1.103508167560688369e-01 1.292532374841731946e-01 1.373869094263071022e-01 1.401028070444007845e-01 1.447230490193777697e-01 1.508510255092071206e-01 1.575885730446070498e-01 1.592390201963350682e-01 1.659934340378329265e-01
-1.665823635654566925e-01 -1.617695178643983045e-01 -1.559982297225472325e-01 -1.530962367355503118e-01 -1.473616488718366702e-01 -1.427715265871413175e-01 -1.400820455755001082e-01 -1.309791110287197580e-01 -1.073692182479640683e-01 -9.264379410352160948e-02 -6.981989167137139796e-02 -6.140523112911944192e-02 -2.374102195787721609e-02 -1.705869663164447450e-02 -1.324215289096362068e-02 1.324215289096360333e-02 1.705869663164435307e-02 2.374102195787735486e-02 6.140523112911922682e-02 6.981989167137148122e-02 9.264379410352056865e-02 1.073692182479638602e-01 1.309791110287201743e-01 1.400820455755003857e-01 1.427715265871399852e-01 1.473616488718360318e-01 1.530962367355499509e-01 1.559982297225468162e-01 1.617695178643985543e-01 1.665823635654566648e-01
-1.678930975373152390e-01 -1.642369796929248615e-01 -1.564945060968384039e-01 -1.522523833706242447e-01 -1.499404270120726912e-01 -1.453670710122035026e-01 -1.427172413989191979e-01 -1.328162633460018560e-01 -1.042822314299441944e-01 -9.428676039747307946e-02 -6.770972567980750034e-02 -6.248180506542490992e-02 -2.379495220393861715e-02 -1.645538784709577387e-02 -1.309349614209237393e-02 1.309349614209260292e-02 1.645538784709558652e-02 2.379495220393938737e-02 6.248180506542524298e-02 6.770972567980759749e-02 9.428676039747296844e-02 1.042822314299446385e-01 1.328162633460008013e-01 1.427172413989191424e-01 1.453670710122024201e-01 1.499404270120712757e-01 1.522523833706247998e-01 1.564945060968392920e-01 1.642369796929260273e-01 1.678930975373160162e-01
-1.694957249172257818e-01 -1.666373015764989474e-01 -1.587757091409715826e-01 -1.524566205797810992e-01 -1.493479761949950968e-01 -1.477352609548524265e-01 -1.452902662725906735e-01 -1.346964544897723548e-01 -1.011652826286882634e-01 -9.604165390147471892e-02 -6.557388473783513916e-02 -6.367745617120842971e-02 -2.394753013646093789e-02 -1.590417209848061023e-02 -1.293652695990058638e-02 1.293652695990069393e-02 1.590417209848039165e-02 2.394753013646118769e-02 6.367745617120873503e-02 6.557388473783580529e-02 9.604165390147455239e-02 1.011652826286883605e-01 1.346964544897717997e-01 1.452902662725908400e-01 1.477352609548527040e-01 1.493479761949962070e-01 1.524566205797813490e-01 1.587757091409712773e-01 1.666373015764990029e-01 1.694957249172256708e-01
-1.711958070790502717e-01 -1.689647988700887782e-01 -1.611315152763423963e-01 -1.549075104629278332e-01 -1.505219594741760702e-01 -1.477988795016021151e-01 -1.456686573583444166e-01 -1.365836143103489608e-01 -9.806505540886706340e-02 -9.785663163803370868e-02 -6.495441393418903420e-02 -6.346924009253833432e-02 -2.419454069658775672e-02 -1.543483691119017231e-02 -1.277090628559579034e-02 1.277090628559542779e-02 1.543483691119006997e-02 2.419454069658766304e-02 6.346924009253861187e-02 6.495441393418921461e-02 9.785663163803400011e-02 9.806505540886717442e-02 1.365836143103494604e-01 1.456686573583434730e-01 1.477988795016008106e-01 1.505219594741750988e-01 1.549075104629276112e-01 1.611315152763423963e-01 1.689647988700893333e-01 1.711958070790507158e-01
-1.729154373122813726e-01 -1.712090657090461765e-01 -1.634476108458149946e-01 -1.572902080561707772e-01 -1.529069147791475847e-01 -1.502407764068377782e-01 -1.422344055277728336e-01 -1.384558038346762054e-01 -9.969693043955099587e-02 -9.502058400455283549e-02 -6.627087846324039577e-02 -6.143745191346900586e-02 -2.452581049595318682e-02 -1.507122891628064065e-02 -1.259604355320872657e-02 1.259604355320841779e-02 1.507122891628049494e-02 2.452581049595329091e-02 6.143745191346895729e-02 6.627087846323985454e-02 9.502058400455259957e-02 9.969693043955030198e-02 1.384558038346751507e-01 1.422344055277720842e-01 1.502407764068370011e-01 1.529069147791468630e-01 1.572902080561701110e-01 1.634476108458152444e-01 1.712090657090466483e-01 1.729154373122811506e-01
-1.746184044561702176e-01 -1.733409184746244613e-01 -1.657033351252675535e-01 -1.596013512285590630e-01 -1.552486658625138460e-01 -1.526135579913407425e-01 -1.402974640273833284e-01 -1.387467516867075257e-01 -1.015362188376670305e-01 -9.207657166568068707e-02 -6.757523061682656207e-02 -5.951342287737872855e-02 -2.492412625950828423e-02 -1.483073502865660774e-02 -1.241110024933714251e-02 1.241110024933708006e-02 1.483073502865672050e-02 2.492412625950853750e-02 5.951342287737906855e-02 6.757523061682722820e-02 9.207657166568125606e-02 1.015362188376671831e-01 1.387467516867075257e-01 1.402974640273829399e-01 1.526135579913421025e-01 1.552486658625143179e-01 1.596013512285587022e-01 1.657033351252676923e-01 1.733409184746241005e-01 1.746184044561709670e-01
-1.762847509837366933e-01 -1.751890693306445146e-01 -1.678906241247273556e-01 -1.618363051894080029e-01 -1.575242383503272781e-01 -1.549146960827880448e-01 -1.420954512838329686e-01 -1.352604844746957691e-01 -1.033509077467457127e-01 -8.929822650946843410e-02 -6.879441570010581819e-02 -5.773009622559337889e-02 -2.536449975676544066e-02 -1.472410534136179595e-02 -1.221519668256822871e-02 1.221519668256810555e-02 1.472410534136192953e-02 2.536449975676538862e-02 5.773009622559299725e-02 6.879441570010533247e-02 8.929822650946911411e-02 1.033509077467458653e-01 1.352604844746963797e-01 1.420954512838325523e-01 1.549146960827895159e-01 1.575242383503268895e-01 1.618363051894084192e-01 1.678906241247275222e-01 1.751890693306441538e-01 1.762847509837368876e-01
-1.779014854127823619e-01 -1.746415814954114520e-01 -1.700045449763607219e-01 -1.639859249968094457e-01 -1.597275512479837123e-01 -1.571414561829834189e-01 -1.438361675358978409e-01 -1.318080923683403460e-01 -1.051147729519704144e-01 -8.679474093726083361e-02 -6.981187942810695990e-02 -5.612113978358192895e-02 -2.581402375772979055e-02 -1.475564419404287904e-02 -1.200769995639169689e-02 1.200769995639158760e-02 1.475564419404278710e-02 2.581402375773005770e-02 5.612113978358141547e-02 6.981187942810687663e-02 8.679474093726056994e-02 1.051147729519690405e-01 1.318080923683410399e-01 1.438361675358996172e-01 1.571414561829828915e-01 1.597275512479823523e-01 1.639859249968088906e-01 1.700045449763604999e-01 1.746415814954110635e-01 1.779014854127822787e-01
-1.794586392568469080e-01 -1.720411542768525981e-01 -1.711947906450273782e-01 -1.660119549906828584e-01 -1.618548299032722126e-01 -1.592906174819529175e-01 -1.455019631871001251e-01 -1.284276820202186475e-01 -1.067906205492478861e-01 -8.475225451429592438e-02 -7.043523453022916547e-02 -5.472199069232915741e-02 -2.623268740432757595e-02 -1.492392902807301511e-02 -1.178829452427115378e-02 1.178829452427080683e-02 1.492392902807304980e-02 2.623268740432772167e-02 5.472199069232926150e-02 7.043523453023002590e-02 8.475225451429652113e-02 1.067906205492481497e-01 1.284276820202191471e-01 1.455019631870993757e-01 1.592906174819540277e-01 1.618548299032726012e-01 1.660119549906831915e-01 1.711947906450277668e-01 1.720411542768528756e-01 1.794586392568461031e-01
-1.809471741024985258e-01 -1.739967973111582467e-01 -1.686209273145322096e-01 -1.668143426198540891e-01 -1.639028253784238220e-01 -1.613565888279797078e-01 -1.470637567550987512e-01 -1.251851474165999178e-01 -1.083116782389624000e-01 -8.343205552297924821e-02 -7.039834898291871812e-02 -5.356903315383608477e-02 -2.657570850027141107e-02 -1.522292531348799771e-02 -1.155679565271397480e-02 1.155679565271408582e-02 1.522292531348762648e-02 2.657570850027180312e-02 5.356903315383604314e-02 7.039834898291821852e-02 8.343205552297901229e-02 1.083116782389624139e-01 1.251851474165995848e-01 1.470637567550995561e-01 1.613565888279792082e-01 1.639028253784228228e-01 1.668143426198528123e-01 1.686209273145310994e-01 1.739967973111573862e-01 1.809471741024986924e-01
-1.823573209755133817e-01 -1.758677780764607568e-01 -1.701722643050022354e-01 -1.658683910298465458e-01 -1.636564741338737694e-01 -1.631399041165479402e-01 -1.484604343834907414e-01 -1.222249054858109835e-01 -1.095319960241349783e-01 -8.301452517877704051e-02 -6.951756156512885199e-02 -5.269639833140048191e-02 -2.679798455033190543e-02 -1.564309046977286830e-02 -1.131294361663084426e-02 1.131294361663088242e-02 1.564309046977275727e-02 2.679798455033200605e-02 5.269639833140046109e-02 6.951756156512851892e-02 8.301452517877679071e-02 1.095319960241340068e-01 1.222249054858098177e-01 1.484604343834908524e-01 1.631399041165487174e-01 1.636564741338742690e-01 1.658683910298476283e-01 1.701722643050035955e-01 1.758677780764605902e-01 1.823573209755122715e-01
-1.836762818649862461e-01 -1.776500824286218472e-01 -1.719719370811342574e-01 -1.677483352105573200e-01 -1.652737017946636633e-01 -1.599769740484365821e-01 -1.495276230610547985e-01 -1.198911178482736928e-01 -1.101056774792549126e-01 -8.339479971676443115e-02 -6.789615620024033738e-02 -5.213035354518882197e-02 -2.686070304035433759e-02 -1.617219180102364220e-02 -1.105632018649317129e-02 1.105632018649316782e-02 1.617219180102313913e-02 2.686070304035453882e-02 5.213035354518875258e-02 6.789615620024022635e-02 8.339479971676418135e-02 1.101056774792552873e-01 1.198911178482730960e-01 1.495276230610549373e-01 1.599769740484364433e-01 1.652737017946630804e-01 1.677483352105577918e-01 1.719719370811344794e-01 1.776500824286210145e-01 1.836762818649854689e-01
-1.848832563848417099e-01 -1.793389154839494515e-01 -1.737091477661915906e-01 -1.695393449257025509e-01 -1.670835108965552651e-01 -1.572790652027558078e-01 -1.497511318135776037e-01 -1.187611800410386803e-01 -1.094536004901844051e-01 -8.429606544356969822e-02 -6.581124107544959745e-02 -5.188270501326805451e-02 -2.673868692014890955e-02 -1.679578813207202939e-02 -1.078635529645538202e-02 1.078635529645533518e-02 1.679578813207186286e-02 2.673868692014930507e-02 5.188270501326838757e-02 6.581124107544991664e-02 8.429606544356958719e-02 1.094536004901845300e-01 1.187611800410393326e-01 1.497511318135772984e-01 1.572790652027553637e-01 1.670835108965544047e-01 1.695393449257008300e-01 1.737091477661921735e-01 1.793389154839492017e-01 1.848832563848408495e-01
-1.859350957343350319e-01 -1.809274525461137817e-01 -1.753611551961148651e-01 -1.712379149309149196e-01 -1.688056769298119653e-01 -1.562713849202124472e-01 -1.482054624156475542e-01 -1.189351530427841530e-01 -1.074741039096733242e-01 -8.548751636680541888e-02 -6.349604450542287171e-02 -5.194621681215031567e-02 -2.642549042857147978e-02 -1.749740333432343864e-02 -1.050235891318363965e-02 1.050235891318364832e-02 1.749740333432346293e-02 2.642549042857125080e-02 5.194621681215023934e-02 6.349604450542273293e-02 8.548751636680576582e-02 1.074741039096734352e-01 1.189351530427851106e-01 1.482054624156472489e-01 1.562713849202118643e-01 1.688056769298110216e-01 1.712379149309140314e-01 1.753611551961152815e-01 1.809274525461138650e-01 1.859350957343345323e-01
-1.867136463718281347e-01 -1.824019411959600656e-01 -1.769200181893416934e-01 -1.728402239802280249e-01 -1.704337729450825234e-01 -1.566745833860487547e-01 -1.451783548235848209e-01 -1.198262118470692222e-01 -1.047526302195728592e-01 -8.683002492722291521e-02 -6.109461014108621274e-02 -5.229480463390360351e-02 -2.593351967822604687e-02 -1.825841515185567740e-02 -1.020354699909479038e-02 1.020354699909481987e-02 1.825841515185575026e-02 2.593351967822599483e-02 5.229480463390367290e-02 6.109461014108651805e-02 8.683002492722317889e-02 1.047526302195734005e-01 1.198262118470696108e-01 1.451783548235840715e-01 1.566745833860495041e-01 1.704337729450848549e-01 1.728402239802276086e-01 1.769200181893405832e-01 1.824019411959599268e-01 1.867136463718288564e-01
-1.868125461428419565e-01 -1.837084832051596173e-01 -1.783805112287134009e-01 -1.743417923100329947e-01 -1.719636318069335812e-01 -1.575684840094068451e-01 -1.415920909467008881e-01 -1.209940985472584690e-01 -1.017283738359035378e-01 -8.824458439214696859e-02 -5.869385799971137130e-02 -5.288855481480652515e-02 -2.528916282054360920e-02 -1.905767102498677132e-02 -9.889056036283306456e-03 9.889056036283335946e-03 1.905767102498681295e-02 2.528916282054357798e-02 5.288855481480652515e-02 5.869385799971124640e-02 8.824458439214780126e-02 1.017283738359037321e-01 1.209940985472593572e-01 1.415920909467007216e-01 1.575684840094058736e-01 1.719636318069324987e-01 1.743417923100326339e-01 1.783805112287133177e-01 1.837084832051597283e-01 1.868125461428423173e-01
-1.858972280973706093e-01 -1.840926861479814380e-01 -1.797381045609084405e-01 -1.757360525084129821e-01 -1.733913204160157095e-01 -1.585828647328141883e-01 -1.378174029558421887e-01 -1.222505126418111654e-01 -9.858903508756623746e-02 -8.968411047302210504e-02 -5.635242657213242190e-02 -5.368080753645664699e-02 -2.452571396662651601e-02 -1.987084599348461905e-02 -9.557949069477232606e-03 9.557949069477222198e-03 1.987084599348442823e-02 2.452571396662652295e-02 5.368080753645654291e-02 5.635242657213227618e-02 8.968411047302145278e-02 9.858903508756620970e-02 1.222505126418098470e-01 1.378174029558414115e-01 1.585828647328124397e-01 1.733913204160142663e-01 1.757360525084128156e-01 1.797381045609074413e-01 1.840926861479824928e-01 1.858972280973709146e-01
-1.865681160106651693e-01 -1.811655914845831661e-01 -1.809884112194089789e-01 -1.770025106041490104e-01 -1.747128435957471249e-01 -1.595982741328010046e-01 -1.339739455211571284e-01 -1.235150324209689371e-01 -9.541512987619074626e-02 -9.111783857538169329e-02 -5.462415916677629962e-02 -5.411699757531990285e-02 -2.367723192546474648e-02 -2.066959431014533249e-02 -9.209216982764239015e-03 9.209216982764315343e-03 2.066959431014527698e-02 2.367723192546478464e-02 5.411699757531975713e-02 5.462415916677616085e-02 9.111783857538217901e-02 9.541512987619023278e-02 1.235150324209676187e-01 1.339739455211558239e-01 1.595982741328020316e-01 1.747128435957477632e-01 1.770025106041489826e-01 1.809884112194087014e-01 1.811655914845828330e-01 1.865681160106651693e-01
-1.875711009481228764e-01 -1.821269762592149788e-01 -1.784180588375322563e-01 -1.769756545178252649e-01 -1.759240615766113069e-01 -1.605672465700828389e-01 -1.301098573574375195e-01 -1.247480342472666037e-01 -9.252315725472388952e-02 -9.224746280424489520e-02 -5.567383403097310446e-02 -5.203103473982732124e-02 -2.277483234762341449e-02 -2.142065959460902683e-02 -8.841777624935782259e-03 8.841777624935778790e-03 2.142065959460901989e-02 2.277483234762349082e-02 5.203103473982736982e-02 5.567383403097300038e-02 9.224746280424483968e-02 9.252315725472358421e-02 1.247480342472671311e-01 1.301098573574374084e-01 1.605672465700846985e-01 1.759240615766107796e-01 1.769756545178247653e-01 1.784180588375335885e-01 1.821269762592150343e-01 1.875711009481234870e-01
-1.885049660579568853e-01 -1.831491595756283564e-01 -1.793461757236228249e-01 -1.770206535297080830e-01 -1.729324284008702250e-01 -1.614659645566278445e-01 -1.262510205847356959e-01 -1.259265482279032788e-01 -9.388085590388005330e-02 -8.911196724849562711e-02 -5.678843096891764142e-02 -5.013935515722806047e-02 -2.208537264437829273e-02 -2.184527160727368564e-02 -8.454474311612834511e-03 8.454474311612869206e-03 2.184527160727384523e-02 2.208537264437833436e-02 5.013935515722808128e-02 5.678843096891752346e-02 8.911196724849558548e-02 9.388085590387969248e-02 1.259265482279029735e-01 1.262510205847356681e-01 1.614659645566278168e-01 1.729324284008695589e-01 1.770206535297078609e-01 1.793461757236229637e-01 1.831491595756284396e-01 1.885049660579563580e-01
-1.893303305129946934e-01 -1.840500230755907074e-01 -1.802804414650080733e-01 -1.779980930021005658e-01 -1.686808538871611696e-01 -1.622797200568141252e-01 -1.270349453014287255e-01 -1.224172342741922381e-01 -9.517140339089520673e-02 -8.603030604293544770e-02 -5.792855166268334050e-02 -4.848956852016229196e-02 -2.262044460158480971e-02 -2.091100971480943510e-02 -8.046074387373584880e-03 8.046074387373629982e-03 2.091100971480918530e-02 2.262044460158499359e-02 4.848956852016259034e-02 5.792855166268340295e-02 8.603030604293517014e-02 9.517140339089540102e-02 1.224172342741923630e-01 1.270349453014286423e-01 1.622797200568152909e-01 1.686808538871592544e-01 1.779980930020998442e-01 1.802804414650081288e-01 1.840500230755900135e-01 1.893303305129939440e-01
-1.900342980638141388e-01 -1.848241364874732007e-01 -1.811000837479115333e-01 -1.788516240920207945e-01 -1.643856706598159356e-01 -1.629976567183490654e-01 -1.280608040979404616e-01 -1.186310114144989852e-01 -9.637017708591093246e-02 -8.302650155584835601e-02 -5.905340404848932051e-02 -4.712983839789380847e-02 -2.298151884275203768e-02 -1.999098766984054587e-02 -7.615267693795095376e-03 7.615267693795113590e-03 1.999098766984041750e-02 2.298151884275224932e-02 4.712983839789395418e-02 5.905340404848959113e-02 8.302650155584898051e-02 9.637017708591091858e-02 1.186310114144988326e-01 1.280608040979410167e-01 1.629976567183492320e-01 1.643856706598154083e-01 1.788516240920208222e-01 1.811000837479108949e-01 1.848241364874724790e-01 1.900342980638149992e-01
-1.906089139310952196e-01 -1.854650652046170023e-01 -1.817931041032717077e-01 -1.795762292621481959e-01 -1.636104749076335574e-01 -1.600773034888342272e-01 -1.289926141473003163e-01 -1.149286775803144978e-01 -9.743782490302471677e-02 -8.013430131921341071e-02 -6.011438101456222788e-02 -4.610202642159568626e-02 -2.313085299779894105e-02 -1.910162603261173625e-02 -7.160663611558735347e-03 7.160663611558697184e-03 1.910162603261162870e-02 2.313085299779886125e-02 4.610202642159581810e-02 6.011438101456230421e-02 8.013430131921289723e-02 9.743782490302485555e-02 1.149286775803137206e-01 1.289926141472984844e-01 1.600773034888347268e-01 1.636104749076331411e-01 1.795762292621486123e-01 1.817931041032724016e-01 1.854650652046188619e-01 1.906089139310933878e-01
-1.910475190798135159e-01 -1.859634081942442008e-01 -1.823526189352376869e-01 -1.801665660067547636e-01 -1.641091295783026482e-01 -1.557732010233362219e-01 -1.298178428613752933e-01 -1.113866334648440093e-01 -9.829457944467639985e-02 -7.740969520833365647e-02 -6.104261801198631460e-02 -4.543109705144873778e-02 -2.304845358570716332e-02 -1.825778224857647902e-02 -6.680783450056324707e-03 6.680783450056302156e-03 1.825778224857654147e-02 2.304845358570717720e-02 4.543109705144850879e-02 6.104261801198596071e-02 7.740969520833385076e-02 9.829457944467694108e-02 1.113866334648450224e-01 1.298178428613752100e-01 1.557732010233367492e-01 1.641091295783029813e-01 1.801665660067545971e-01 1.823526189352384919e-01 1.859634081942448669e-01 1.910475190798139600e-01
-1.913437561592873648e-01 -1.862935314926276453e-01 -1.827725316633374286e-01 -1.806167680362910644e-01 -1.644836698226019578e-01 -1.514899412321611960e-01 -1.305200950082065214e-01 -1.081994146295059273e-01 -9.874244224263246938e-02 -7.495480816310461092e-02 -6.172487276191068045e-02 -4.511553292689281930e-02 -2.274199312332648992e-02 -1.747353480543682377e-02 -6.174042063894509720e-03 6.174042063894495842e-03 1.747353480543670581e-02 2.274199312332653503e-02 4.511553292689277767e-02 6.172487276191079147e-02 7.495480816310483296e-02 9.874244224263295511e-02 1.081994146295055526e-01 1.305200950082065492e-01 1.514899412321594474e-01 1.644836698226028182e-01 1.806167680362915362e-01 1.827725316633379560e-01 1.862935314926289776e-01 1.913437561592867819e-01
-1.872118163688657466e-01 -1.859244661942777155e-01 -1.830467819571906796e-01 -1.809192507214232581e-01 -1.647214353314360724e-01 -1.472522671303955755e-01 -1.310726671882284922e-01 -1.058520074158344343e-01 -9.829298156294669075e-02 -7.295259891180191913e-02 -6.196852432586667792e-02 -4.512535217589065673e-02 -2.224892617172429324e-02 -1.676271291950864190e-02 -5.638708853448312977e-03 5.638708853448319916e-03 1.676271291950862802e-02 2.224892617172439038e-02 4.512535217589075387e-02 6.196852432586617138e-02 7.295259891180178036e-02 9.829298156294648259e-02 1.058520074158333379e-01 1.310726671882278260e-01 1.472522671303951591e-01 1.647214353314363500e-01 1.809192507214230361e-01 1.830467819571907351e-01 1.859244661942782983e-01 1.872118163688663572e-01
-1.867485689196098086e-01 -1.831691269627398755e-01 -1.816186909066988542e-01 -1.810012977268661283e-01 -1.648028192754055488e-01 -1.431134682316063389e-01 -1.314191505898135992e-01 -1.048659423990232764e-01 -9.642130554958147637e-02 -7.164869726422755380e-02 -6.151944732589579440e-02 -4.540976703702639256e-02 -2.162872213177067029e-02 -1.613909502812387736e-02 -5.072835112261009013e-03 5.072835112260994268e-03 1.613909502812371430e-02 2.162872213177054886e-02 4.540976703702648970e-02 6.151944732589557929e-02 7.164869726422762319e-02 9.642130554958101840e-02 1.048659423990237483e-01 1.314191505898130163e-01 1.431134682316057560e-01 1.648028192754051879e-01 1.810012977268663503e-01 1.816186909066990207e-01 1.831691269627402086e-01 1.867485689196098919e-01
-1.866197612013891227e-01 -1.831330482315166319e-01 -1.810895497880912752e-01 -1.766797408835920069e-01 -1.646879767661193483e-01 -1.392289997384275335e-01 -1.314002425538185470e-01 -1.048498054881360914e-01 -9.351561112690945365e-02 -7.114510543313636026e-02 -6.026806733676105116e-02 -4.590944421650150487e-02 -2.095017493247505747e-02 -1.561618935589597149e-02 -4.474135457273209493e-03 4.474135457273173931e-03 1.561618935589609639e-02 2.095017493247505747e-02 4.590944421650187957e-02 6.026806733676123157e-02 7.114510543313604107e-02 9.351561112690860711e-02 1.048498054881367991e-01 1.314002425538184637e-01 1.392289997384283662e-01 1.646879767661192651e-01 1.766797408835920902e-01 1.810895497880912197e-01 1.831330482315170760e-01 1.866197612013882345e-01
-1.863500291943228360e-01 -1.829316944889802787e-01 -1.809174539113290459e-01 -1.719580236003981077e-01 -1.642608993260910311e-01 -1.361219993334235601e-01 -1.304884338068686145e-01 -1.051855298137248651e-01 -9.019097320515240268e-02 -7.124401842404141927e-02 -5.840535211523328191e-02 -4.656669235916913174e-02 -2.028036926347250371e-02 -1.520651701223772745e-02 -3.839821232869677740e-03 3.839821232869639576e-03 1.520651701223770143e-02 2.028036926347249677e-02 4.656669235916916644e-02 5.840535211523352477e-02 7.124401842404179397e-02 9.019097320515274963e-02 1.051855298137243516e-01 1.304884338068687810e-01 1.361219993334235601e-01 1.642608993260906147e-01 1.719580236003980245e-01 1.809174539113291569e-01 1.829316944889806118e-01 1.863500291943237519e-01
-1.859130723267022334e-01 -1.825578310563068241e-01 -1.805773698473818190e-01 -1.678588406591826898e-01 -1.630348523132609528e-01 -1.345611905804781905e-01 -1.279102060889612535e-01 -1.055983270028263282e-01 -8.671954635680320655e-02 -7.166365359965461146e-02 -5.620685172905896115e-02 -4.733072433841172683e-02 -1.967808399771120431e-02 -1.492037558581620071e-02 -3.166407176061097114e-03 3.166407176061091476e-03 1.492037558581624755e-02 1.967808399771120084e-02 4.733072433841212234e-02 5.620685172905898891e-02 7.166365359965441717e-02 8.671954635680337309e-02 1.055983270028262866e-01 1.279102060889611980e-01 1.345611905804788566e-01 1.630348523132606475e-01 1.678588406591828286e-01 1.805773698473823186e-01 1.825578310563056861e-01 1.859130723267028440e-01
-1.852973109438835198e-01 -1.820037769825568197e-01 -1.800591157269717524e-01 -1.655398440371745883e-01 -1.598550822547723516e-01 -1.339697374479690006e-01 -1.242372294940409377e-01 -1.059832663080815668e-01 -8.320422023774862175e-02 -7.221467237448019050e-02 -5.385620808780238605e-02 -4.815879223209035970e-02 -1.919084191094033720e-02 -1.476418966894287900e-02 -2.449543361247242396e-03 2.449543361247239360e-03 1.476418966894273155e-02 1.919084191094023312e-02 4.815879223209049848e-02 5.385620808780225421e-02 7.221467237447994070e-02 8.320422023774823317e-02 1.059832663080818166e-01 1.242372294940408822e-01 1.339697374479695280e-01 1.598550822547720740e-01 1.655398440371741164e-01 1.800591157269716136e-01 1.820037769825554042e-01 1.852973109438826038e-01
-1.844933617346362631e-01 -1.812612946358990174e-01 -1.793542742666532630e-01 -1.643973187688832771e-01 -1.553220280595831171e-01 -1.335944786248323135e-01 -1.202171579562374970e-01 -1.062931903334936590e-01 -7.969113695389294649e-02 -7.279310408300883328e-02 -5.145223086042272076e-02 -4.901499587134566099e-02 -1.885392898084845698e-02 -1.473873167642142205e-02 -1.683940261430811550e-03 1.683940261430794637e-03 1.473873167642131971e-02 1.885392898084839799e-02 4.901499587134543895e-02 5.145223086042276239e-02 7.279310408300830593e-02 7.969113695389282159e-02 1.062931903334932010e-01 1.202171579562381909e-01 1.335944786248329519e-01 1.553220280595838942e-01 1.643973187688829996e-01 1.793542742666520140e-01 1.812612946358987398e-01 1.844933617346367904e-01
-1.834921377835831147e-01 -1.803213054407252769e-01 -1.784543108374660736e-01 -1.634330691339120900e-01 -1.504286877238805720e-01 -1.331914324566011443e-01 -1.160881493502211870e-01 -1.065021152300199281e-01 -7.620713203806310510e-02 -7.334092628667664149e-02 -4.986796432994648060e-02 -4.904839780034084273e-02 -1.869036408643518637e-02 -1.483763324365461843e-02 -8.634278825523534085e-04 8.634278825523566611e-04 1.483763324365458720e-02 1.869036408643530087e-02 4.904839780034061375e-02 4.986796432994634876e-02 7.334092628667683578e-02 7.620713203806313285e-02 1.065021152300192342e-01 1.160881493502218531e-01 1.331914324566003949e-01 1.504286877238793507e-01 1.634330691339127561e-01 1.784543108374672116e-01 1.803213054407269700e-01 1.834921377835835865e-01
-1.822843383967064634e-01 -1.791727276200109076e-01 -1.773502956201511715e-01 -1.623943645108056333e-01 -1.454216704124185744e-01 -1.326810931024903495e-01 -1.119236058452086624e-01 -1.065927668495712521e-01 -7.382252773472877672e-02 -7.277394117148452968e-02 -5.068761695929925593e-02 -4.667657113293573190e-02 -1.871155932126412208e-02 -1.504658353053540606e-02 -1.888016418757877072e-05 1.888016418757851661e-05 1.504658353053540606e-02 1.871155932126417065e-02 4.667657113293571108e-02 5.068761695929943634e-02 7.277394117148479336e-02 7.382252773472890162e-02 1.065927668495708081e-01 1.119236058452087734e-01 1.326810931024908213e-01 1.454216704124186299e-01 1.623943645108059941e-01 1.773502956201511160e-01 1.791727276200106300e-01 1.822843383967066577e-01
-1.806077083232256464e-01 -1.777920493732490226e-01 -1.760328079965858827e-01 -1.612106240092862075e-01 -1.403649429007800542e-01 -1.320281548061439103e-01 -1.077525204970650047e-01 -1.065517004525882577e-01 -7.421328908310685646e-02 -6.941699671073317535e-02 -5.143996814761592901e-02 -4.435871550839841360e-02 -1.891870661255086461e-02 -1.534337509502334621e-02 -9.704133830108454184e-04 9.704133830108674277e-04 1.534337509502354049e-02 1.891870661255092706e-02 4.435871550839837196e-02 5.143996814761581104e-02 6.941699671073281452e-02 7.421328908310688421e-02 1.065517004525884798e-01 1.077525204970644079e-01 1.320281548061437715e-01 1.403649429007803873e-01 1.612106240092879839e-01 1.760328079965857995e-01 1.777920493732486895e-01 1.806077083232253966e-01
-1.763443364308770744e-01 -1.749958739966387122e-01 -1.744918772096784032e-01 -1.598513954972354267e-01 -1.352821919362031666e-01 -1.312116353579305117e-01 -1.063670357362851704e-01 -1.035895007082032887e-01 -7.449396846206191025e-02 -6.617737041948343335e-02 -5.207638560760734919e-02 -4.211294139605334386e-02 -1.930480740557712072e-02 -1.569861301718128085e-02 -1.999062859854737126e-03 1.999062859854747534e-03 1.569861301718134330e-02 1.930480740557714847e-02 4.211294139605366998e-02 5.207638560760735613e-02 6.617737041948357213e-02 7.449396846206210454e-02 1.035895007082035524e-01 1.063670357362847818e-01 1.312116353579306782e-01 1.352821919362018899e-01 1.598513954972348161e-01 1.744918772096777371e-01 1.749958739966385179e-01 1.763443364308747985e-01
-1.744574091807144789e-01 -1.727169307013957655e-01 -1.693075337491254384e-01 -1.582980034635653177e-01 -1.302159168752732854e-01 -1.301856631490936334e-01 -1.060270651775391954e-01 -9.944403778714622222e-02 -7.464760334307708745e-02 -6.313929938334776615e-02 -5.250646266652881505e-02 -3.995712348321418111e-02 -1.985701992167156552e-02 -1.607665566298953005e-02 -3.113228345356451772e-03 3.113228345356457410e-03 1.607665566298949189e-02 1.985701992167149960e-02 3.995712348321415336e-02 5.250646266652913424e-02 6.313929938334822412e-02 7.464760334307722622e-02 9.944403778714674957e-02 1.060270651775387235e-01 1.301856631490935223e-01 1.302159168752727580e-01 1.582980034635660116e-01 1.693075337491250776e-01 1.727169307013951827e-01 1.744574091807137017e-01
-1.723843136353461203e-01 -1.706967418624697197e-01 -1.634438433919220557e-01 -1.565359252202862539e-01 -1.290274698503559858e-01 -1.250847756655637522e-01 -1.055188199299462032e-01 -9.532445848543309730e-02 -7.465729323269948425e-02 -6.050031002780556499e-02 -5.252805177369098549e-02 -3.791152130816838328e-02 -2.055888727528678434e-02 -1.643637736546755060e-02 -4.321941179138168859e-03 4.321941179138201819e-03 1.643637736546761305e-02 2.055888727528670454e-02 3.791152130816837634e-02 5.252805177369147122e-02 6.050031002780576622e-02 7.465729323269930384e-02 9.532445848543344424e-02 1.055188199299457730e-01 1.250847756655643350e-01 1.290274698503554585e-01 1.565359252202870866e-01 1.634438433919222500e-01 1.706967418624696919e-01 1.723843136353467309e-01
-1.700586633737213860e-01 -1.684193733340216825e-01 -1.575039315347222801e-01 -1.545521887375875814e-01 -1.276334204714583143e-01 -1.199912063471655632e-01 -1.048253833350685921e-01 -9.124091232916665961e-02 -7.450369721127882150e-02 -5.865146493496096319e-02 -5.174715156718521364e-02 -3.600085291388324671e-02 -2.139209108255644282e-02 -1.673171909619629305e-02 -5.634922617817283118e-03 5.634922617817331690e-03 1.673171909619629305e-02 2.139209108255649833e-02 3.600085291388312875e-02 5.174715156718635856e-02 5.865146493496075503e-02 7.450369721127918232e-02 9.124091232916661798e-02 1.048253833350679121e-01 1.199912063471651053e-01 1.276334204714588971e-01 1.545521887375870818e-01 1.575039315347217805e-01 1.684193733340219601e-01 1.700586633737206088e-01
-1.674635634992563959e-01 -1.658721117073024554e-01 -1.523343099417136248e-01 -1.515082531794557652e-01 -1.260207797624323944e-01 -1.149275015813434470e-01 -1.039182841299183119e-01 -8.721003658361477229e-02 -7.416046335852945204e-02 -5.782907069918793302e-02 -4.992640733504393608e-02 -3.425543983919546176e-02 -2.233755011850134531e-02 -1.691284111871970905e-02 -7.062284078065756386e-03 7.062284078065699140e-03 1.691284111871960150e-02 2.233755011850129327e-02 3.425543983919560748e-02 4.992640733504396383e-02 5.782907069918810650e-02 7.416046335852954918e-02 8.721003658361474453e-02 1.039182841299174376e-01 1.149275015813435163e-01 1.260207797624314785e-01 1.515082531794555709e-01 1.523343099417129032e-01 1.658721117073026774e-01 1.674635634992576727e-01
-1.645844123959134542e-01 -1.630413834349866142e-01 -1.498697769892219922e-01 -1.454652008252019790e-01 -1.241758737593088718e-01 -1.099570527367423195e-01 -1.027280875342448940e-01 -8.326644124940366098e-02 -7.358271006947633697e-02 -5.766845799405755091e-02 -4.743167546489225617e-02 -3.270996948171182167e-02 -2.337582754682964933e-02 -1.693033710454358576e-02 -8.613032554568703092e-03 8.613032554568807175e-03 1.693033710454365862e-02 2.337582754682968056e-02 3.270996948171202290e-02 4.743167546489247127e-02 5.766845799405759948e-02 7.358271006947651738e-02 8.326644124940386915e-02 1.027280875342448385e-01 1.099570527367417366e-01 1.241758737593077200e-01 1.454652008252026174e-01 1.498697769892213538e-01 1.630413834349873914e-01 1.645844123959139815e-01
-1.614063572801317237e-01 -1.599126103588260628e-01 -1.471457125770069541e-01 -1.393794641423055369e-01 -1.220836806869610158e-01 -1.053361157215300936e-01 -1.009928473942591221e-01 -7.949753341991644406e-02 -7.267212991494088892e-02 -5.776637690941413550e-02 -4.467017230997130661e-02 -3.139752854864554660e-02 -2.448685789655452236e-02 -1.674843131390892428e-02 -1.028900739802291256e-02 1.028900739802300623e-02 1.674843131390882714e-02 2.448685789655450501e-02 3.139752854864553966e-02 4.467017230997132743e-02 5.776637690941457265e-02 7.267212991494113872e-02 7.949753341991649958e-02 1.009928473942598159e-01 1.053361157215316896e-01 1.220836806869616542e-01 1.393794641423044267e-01 1.471457125770062324e-01 1.599126103588253967e-01 1.614063572801313906e-01
-1.579137745071567123e-01 -1.564697196597519546e-01 -1.441484627258186324e-01 -1.332554149233446394e-01 -1.197266317440559974e-01 -1.019269323000845107e-01 -9.784553950818096479e-02 -7.614113064784640283e-02 -7.117930375452433123e-02 -5.794023484999676066e-02 -4.183208600108264535e-02 -3.033805753193214577e-02 -2.564893407455921814e-02 -1.638792364028374485e-02 -1.205453297087726722e-02 1.205453297087728456e-02 1.638792364028383852e-02 2.564893407455890589e-02 3.033805753193219087e-02 4.183208600108256209e-02 5.794023484999696189e-02 7.117930375452473368e-02 7.614113064784669427e-02 9.784553950818071499e-02 1.019269323000846078e-01 1.197266317440566635e-01 1.332554149233449170e-01 1.441484627258185214e-01 1.564697196597509832e-01 1.579137745071561572e-01
-1.538398474763421342e-01 -1.526873948656129742e-01 -1.408626181526993204e-01 -1.271008598284179003e-01 -1.170816066439840236e-01 -9.971958448789253193e-02 -9.329299941788329886e-02 -7.357947633421009492e-02 -6.870963649909150872e-02 -5.812141092985456670e-02 -3.899870924858094695e-02 -2.952669387509122834e-02 -2.683661005222680654e-02 -1.616967554830165202e-02 -1.360570045683084754e-02 1.360570045683090999e-02 1.616967554830165202e-02 2.683661005222654286e-02 2.952669387509113466e-02 3.899870924858082899e-02 5.812141092985452506e-02 6.870963649909160587e-02 7.357947633421040023e-02 9.329299941788346540e-02 9.971958448789194907e-02 1.170816066439844816e-01 1.271008598284180946e-01 1.408626181527000698e-01 1.526873948656132518e-01 1.538398474763418844e-01
-1.485930210690631081e-01 -1.464206807903317420e-01 -1.372675839563785027e-01 -1.209371959758544918e-01 -1.141100190333574488e-01 -9.773077495130401415e-02 -8.831837611012302580e-02 -7.168206004606519910e-02 -6.538054199002867051e-02 -5.828748152225263907e-02 -3.621362445354748411e-02 -2.893415494518682823e-02 -2.801592568454457435e-02 -1.734518899488116800e-02 -1.374071834626100323e-02 1.374071834626105354e-02 1.734518899488110902e-02 2.801592568454409904e-02 2.893415494518676925e-02 3.621362445354731063e-02 5.828748152225299989e-02 6.538054199002829581e-02 7.168206004606494930e-02 8.831837611012295641e-02 9.773077495130462478e-02 1.141100190333578096e-01 1.209371959758547277e-01 1.372675839563775035e-01 1.464206807903317142e-01 1.485930210690633302e-01
-1.441045369941079124e-01 -1.389526620523310052e-01 -1.333210164855954116e-01 -1.148438415140315555e-01 -1.107134150652777788e-01 -9.566113552899382921e-02 -8.322582233675954178e-02 -6.995129583166556642e-02 -6.167588132509360666e-02 -5.843727502707378452e-02 -3.352422485203183228e-02 -2.912522692494336207e-02 -2.853049480993711043e-02 -1.962519234730366810e-02 -1.280919289220399868e-02 1.280919289220400388e-02 1.962519234730383810e-02 2.853049480993722145e-02 2.912522692494343493e-02 3.352422485203180452e-02 5.843727502707347227e-02 6.167588132509313481e-02 6.995129583166487253e-02 8.322582233675952790e-02 9.566113552899385697e-02 1.107134150652782367e-01 1.148438415140324298e-01 1.333210164855949953e-01 1.389526620523314770e-01 1.441045369941077459e-01
-1.392335113592253204e-01 -1.316134360710744244e-01 -1.288286039564562058e-01 -1.091800547570698499e-01 -1.065115924770962258e-01 -9.345218081154045564e-02 -7.808682858209588240e-02 -6.813251154716125357e-02 -5.857988859627253492e-02 -5.783633705137778552e-02 -3.128043519787310905e-02 -2.978253717650181445e-02 -2.835996964649957833e-02 -2.223552357499207141e-02 -1.158336187123913848e-02 1.158336187123892511e-02 2.223552357499175222e-02 2.835996964649948812e-02 2.978253717650202262e-02 3.128043519787306742e-02 5.783633705137791736e-02 5.857988859627333983e-02 6.813251154716094826e-02 7.808682858209592403e-02 9.345218081154012257e-02 1.065115924770961703e-01 1.091800547570691282e-01 1.288286039564565666e-01 1.316134360710744244e-01 1.392335113592254037e-01
-1.339553788162172465e-01 -1.254933004338833480e-01 -1.227041569385972919e-01 -1.044650534998912278e-01 -1.009624058707774830e-01 -9.110711359354101146e-02 -7.292476631488249705e-02 -6.612846169505505467e-02 -5.872464805102727697e-02 -5.394590217057019382e-02 -3.144429713467272042e-02 -2.886730732938507307e-02 -2.797686711019389816e-02 -2.460566142540849405e-02 -1.024547139123915644e-02 1.024547139123916858e-02 2.460566142540856344e-02 2.797686711019402653e-02 2.886730732938499328e-02 3.144429713467282450e-02 5.394590217057072118e-02 5.872464805102704799e-02 6.612846169505465221e-02 7.292476631488276073e-02 9.110711359354102534e-02 1.009624058707776079e-01 1.044650534998919772e-01 1.227041569385982217e-01 1.254933004338820435e-01 1.339553788162173575e-01
-1.282464373253911771e-01 -1.204188292949568972e-01 -1.151307104960470895e-01 -1.000224562501491610e-01 -9.471733862119217917e-02 -8.866401949767206692e-02 -6.774981743199866291e-02 -6.389525310802687819e-02 -5.886347454238264471e-02 -5.003908220790800887e-02 -3.210679929783718384e-02 -3.123498818009234901e-02 -2.555219759978219138e-02 -2.554752636579438879e-02 -8.872873464155522916e-03 8.872873464155398016e-03 2.554752636579431593e-02 2.555219759978205260e-02 3.123498818009227962e-02 3.210679929783737119e-02 5.003908220790788397e-02 5.886347454238250593e-02 6.389525310802704472e-02 6.774981743199851025e-02 8.866401949767320489e-02 9.471733862119137426e-02 1.000224562501493414e-01 1.151307104960475197e-01 1.204188292949568834e-01 1.282464373253913159e-01
-1.220815023446380765e-01 -1.153088671115564401e-01 -1.072199995203761413e-01 -9.535882389088604083e-02 -8.824329849922006586e-02 -8.619570905901868807e-02 -6.256937333857598427e-02 -6.141243468331378935e-02 -5.893638201563253243e-02 -4.614513896406795962e-02 -3.518739107614709399e-02 -3.252768746432721514e-02 -2.536387806261189773e-02 -2.317205758118044689e-02 -7.516925885312472459e-03 7.516925885312530572e-03 2.317205758118039138e-02 2.536387806261198793e-02 3.252768746432704861e-02 3.518739107614693440e-02 4.614513896406795962e-02 5.893638201563254631e-02 6.141243468331399058e-02 6.256937333857626182e-02 8.619570905901841051e-02 8.824329849922057933e-02 9.535882389088617961e-02 1.072199995203748785e-01 1.153088671115560793e-01 1.220815023446374381e-01
-1.154335238016836462e-01 -1.100669704070743188e-01 -9.914263769089831646e-02 -9.035128538632106188e-02 -8.380042114736677150e-02 -8.163639430964632349e-02 -5.881740273558384857e-02 -5.868935159955344233e-02 -5.735593218651430236e-02 -4.253228837525301759e-02 -3.982031130002653546e-02 -3.258347527094308110e-02 -2.476089357247783854e-02 -2.088140188837429856e-02 -6.217706509821156573e-03 6.217706509820993509e-03 2.088140188837435407e-02 2.476089357247784548e-02 3.258347527094299784e-02 3.982031130002672975e-02 4.253228837525289963e-02 5.735593218651422603e-02 5.868935159955351866e-02 5.881740273558381388e-02 8.163639430964632349e-02 8.380042114736646619e-02 9.035128538632060391e-02 9.914263769089746992e-02 1.100669704070747351e-01 1.154335238016831466e-01
-1.082734103074588228e-01 -1.048202021040609416e-01 -9.092478693419493718e-02 -8.495750430484098892e-02 -8.152174846400894737e-02 -7.491760288632069720e-02 -5.815253778338489582e-02 -5.588602028515539388e-02 -5.217534554846713774e-02 -4.606560689269620368e-02 -3.807284599051700968e-02 -3.219517386000402687e-02 -2.389986435592775932e-02 -1.869200363535477791e-02 -5.008552402356699490e-03 5.008552402356725511e-03 1.869200363535473627e-02 2.389986435592780442e-02 3.219517386000410319e-02 3.807284599051705826e-02 4.606560689269621062e-02 5.217534554846681855e-02 5.588602028515512327e-02 5.815253778338513868e-02 7.491760288632084985e-02 8.152174846400940533e-02 8.495750430484080851e-02 9.092478693419570046e-02 1.048202021040602755e-01 1.082734103074588505e-01
-1.005715062349025746e-01 -9.978648774236413554e-02 -8.257135927302090839e-02 -7.917724939629444680e-02 -7.909995527893567968e-02 -6.810382840304590735e-02 -5.662749169893217804e-02 -5.559681738411138135e-02 -5.001531029836833037e-02 -4.698166410724608638e-02 -3.421184817072427803e-02 -3.131220934943066553e-02 -2.280340698008589961e-02 -1.660818079471034978e-02 -3.917462473826696656e-03 3.917462473826650686e-03 1.660818079471028386e-02 2.280340698008583716e-02 3.131220934943070022e-02 3.421184817072415313e-02 4.698166410724627373e-02 5.001531029836804587e-02 5.559681738411171442e-02 5.662749169893274703e-02 6.810382840304614327e-02 7.909995527893509681e-02 7.917724939629415537e-02 8.257135927302140799e-02 9.978648774236414942e-02 1.005715062349023942e-01
-9.301329008179884394e-02 -9.228545967256508720e-02 -7.576154185521362383e-02 -7.406156865525649613e-02 -7.325489825791681175e-02 -6.328805815595014983e-02 -6.067075433235980669e-02 -5.398559773183483207e-02 -4.737474944939278759e-02 -4.178658790459191530e-02 -3.031463016732862184e-02 -2.991001319146481541e-02 -2.146221295650376643e-02 -1.462945010569619356e-02 -2.966828072795423682e-03 2.966828072795492637e-03 1.462945010569623866e-02 2.146221295650372132e-02 2.991001319146498888e-02 3.031463016732883348e-02 4.178658790459170713e-02 4.737474944939278759e-02 5.398559773183476962e-02 6.067075433235991078e-02 6.328805815594991391e-02 7.325489825791670073e-02 7.406156865525620470e-02 7.576154185521270790e-02 9.228545967256585048e-02 9.301329008179887170e-02
-8.360333027734327682e-02 -8.338867207713830665e-02 -7.484437141204076938e-02 -7.068612335164463356e-02 -6.542375960423953141e-02 -6.493679786262003539e-02 -5.390365998904918243e-02 -5.021081530134820226e-02 -4.331906412657570565e-02 -3.659262823271322573e-02 -2.798200184566114468e-02 -2.642843454264282022e-02 -1.985613761789207718e-02 -1.274981986328287652e-02 -2.172024557355367851e-03 2.172024557355416857e-03 1.274981986328287652e-02 1.985613761789215351e-02 2.642843454264306655e-02 2.798200184566108917e-02 3.659262823271334369e-02 4.331906412657576116e-02 5.021081530134852838e-02 5.390365998904894651e-02 6.493679786262013254e-02 6.542375960424011427e-02 7.068612335164450866e-02 7.484437141204056121e-02 8.338867207713905605e-02 8.360333027734367928e-02
-7.442347921964828639e-02 -7.383615622078550100e-02 -7.280837253553643085e-02 -6.387974215773398190e-02 -5.803014517010087608e-02 -5.662655853990548188e-02 -4.667104103638793772e-02 -4.542676921246518312e-02 -3.871156472264845189e-02 -3.140278146674199689e-02 -2.552892597343935782e-02 -2.257491112024585106e-02 -1.795816162450244308e-02 -1.095601000301459765e-02 -1.539276317489210281e-03 1.539276317489231749e-03 1.095601000301460633e-02 1.795816162450250900e-02 2.257491112024581983e-02 2.552892597343923292e-02 3.140278146674194137e-02 3.871156472264850740e-02 4.542676921246510680e-02 4.667104103638812507e-02 5.662655853990572474e-02 5.803014517010071649e-02 6.387974215773419007e-02 7.280837253553718025e-02 7.383615622078554264e-02 7.442347921964856394e-02
-6.408271771490241242e-02 -6.358439909014500235e-02 -6.164815887321049848e-02 -5.570959550163915447e-02 -5.014517411483089548e-02 -4.766573549748982092e-02 -3.976382525376663535e-02 -3.926997219628868691e-02 -3.361214100352664241e-02 -2.622281709685932161e-02 -2.254907494649768460e-02 -1.878050848404999931e-02 -1.573251375147779324e-02 -9.225359039206494638e-03 -1.063360220032516035e-03 1.063360220032526877e-03 9.225359039206517189e-03 1.573251375147783487e-02 1.878050848405005482e-02 2.254907494649755970e-02 2.622281709685934589e-02 3.361214100352639261e-02 3.926997219628890201e-02 3.976382525376666310e-02 4.766573549749014010e-02 5.014517411483116610e-02 5.570959550163918222e-02 6.164815887321042215e-02 6.358439909014466929e-02 6.408271771490277324e-02
-5.299257201189110783e-02 -5.258567245842021148e-02 -5.009880699859885905e-02 -4.644918814024778103e-02 -4.157635312498418612e-02 -3.853171554244707447e-02 -3.330770194282702684e-02 -3.170906647366818903e-02 -2.801020612613221508e-02 -2.106742951058912169e-02 -1.902764411583921303e-02 -1.508331115328776992e-02 -1.313127051850764698e-02 -7.524212508273924425e-03 -7.259832438522882203e-04 7.259832438523102296e-04 7.524212508273963457e-03 1.313127051850766953e-02 1.508331115328782543e-02 1.902764411583934487e-02 2.106742951058913904e-02 2.801020612613214916e-02 3.170906647366831393e-02 3.330770194282729052e-02 3.853171554244712999e-02 4.157635312498415142e-02 4.644918814024801695e-02 5.009880699859864395e-02 5.258567245841976046e-02 5.299257201189092742e-02
-4.109974499978136936e-02 -4.078780364996881930e-02 -3.815584692894875840e-02 -3.622664444290341068e-02 -3.231981865545330290e-02 -2.921341139273124846e-02 -2.610031678792059523e-02 -2.399480830857085925e-02 -2.187808873802424975e-02 -1.597741180279851209e-02 -1.491768825934412269e-02 -1.150474457327422401e-02 -1.012272993724228250e-02 -5.807727067762863404e-03 -4.958061487004552723e-04 4.958061487004370577e-04 5.807727067762853863e-03 1.012272993724220270e-02 1.150474457327419972e-02 1.491768825934415565e-02 1.597741180279853290e-02 2.187808873802433995e-02 2.399480830857097374e-02 2.610031678792063339e-02 2.921341139273126580e-02 3.231981865545349025e-02 3.622664444290358415e-02 3.815584692894876534e-02 4.078780364996865970e-02 4.109974499978135548e-02
-2.834650566674802238e-02 -2.813368497887309277e-02 -2.581670321494974191e-02 -2.508402670886584335e-02 -2.233835838934099607e-02 -1.969811345477091857e-02 -1.815253414640877194e-02 -1.613973582415197117e-02 -1.518000598951255338e-02 -1.095827373293446587e-02 -1.020111850171096131e-02 -7.932695334136612500e-03 -6.807270900469397645e-03 -4.021715146240272855e-03 -3.307315286815428411e-04 3.307315286815494548e-04 4.021715146240291937e-03 6.807270900469408054e-03 7.932695334136617704e-03 1.020111850171097692e-02 1.095827373293444679e-02 1.518000598951266787e-02 1.613973582415192259e-02 1.815253414640875806e-02 1.969811345477101225e-02 2.233835838934115567e-02 2.508402670886607580e-02 2.581670321494968293e-02 2.813368497887314829e-02 2.834650566674789054e-02
-1.466973845426946914e-02 -1.456069537418315345e-02 -1.309121438414787876e-02 -1.301796851002768284e-02 -1.158356651780887737e-02 -9.970095410115830184e-03 -9.455940880520465053e-03 -8.161293681379478901e-03 -7.875682493866057593e-03 -5.721081965490160300e-03 -5.148123258337248404e-03 -4.148192675308816010e-03 -3.389131500313749285e-03 -2.106272808889633405e-03 -1.821603867347997875e-04 1.821603867348042599e-04 2.106272808889642946e-03 3.389131500313764898e-03 4.148192675308810806e-03 5.148123258337243199e-03 5.721081965490162902e-03 7.875682493866076675e-03 8.161293681379487575e-03 9.455940880520449440e-03 9.970095410115840592e-03 1.158356651780877676e-02 1.301796851002776957e-02 1.309121438414781978e-02 1.456069537418325233e-02 1.466973845426948475e-02
-1.297433389787720686e-07 -1.287857397647226319e-07 -1.153635157153982841e-07 -1.133026246961602110e-07 -1.026416291954136155e-07 -8.639764719123905601e-08 -8.393104592657540596e-08 -7.139916159439460217e-08 -6.886992377370527115e-08 -5.125361197793275914e-08 -4.413137721210799291e-08 -3.724256894723742068e-08 -2.862990556847733001e-08 -1.897567162139280823e-08 -1.837174712410970373e-09 1.837174712410965617e-09 1.897567162139280161e-08 2.862990556847733994e-08 3.724256894723745377e-08 4.413137721210799953e-08 5.125361197793244812e-08 6.886992377370545644e-08 7.139916159439413895e-08 8.393104592657545889e-08 8.639764719123955893e-08 1.026416291954140920e-07 1.133026246961598802e-07 1.153635157153985753e-07 1.287857397647230289e-07 1.297433389787725451e-07
